index,uid,roi,class,fold,border,dice,iou,area_relative_error,centroid_error,occupancy,quality_confidence,presence_confidence,gt_area,gt_major,gt_minor,gt_eccentricity,gt_perimeter,gt_circularity,gt_cx,gt_cy,pred_area,pred_major,pred_minor,pred_eccentricity,pred_perimeter,pred_circularity,pred_cx,pred_cy
0,training_set_metastatic_roi_001:187,training_set_metastatic_roi_001,apoptosis,2,False,0.819672131147541,0.6944444444444444,0.3964285714285714,2.199171398681757,0.042426215277777776,0.888687014579773,0.9998677968978882,280.0,20.602122361844284,17.36685510472209,0.5379693953307584,60.526911934581186,0.9604413766337341,47.68928571428572,48.35357142857143,391.0,24.62725434596488,20.283400402299762,0.5671478691546049,71.94112549695429,0.9493627022721474,47.65217391304348,50.552429667519185
1,training_set_metastatic_roi_002:710,training_set_metastatic_roi_002,plasma_cell,3,False,0.9443882709807887,0.8946360153256705,0.07773109243697479,0.9050458516534818,0.0556640625,0.8507058620452881,0.9991806149482727,476.0,29.237446023286232,21.39893840377115,0.6814101581459217,83.25483399593904,0.8629743716238297,48.12394957983193,48.38235294117647,513.0,30.29649873505717,21.972679104969316,0.6884806257750808,85.25483399593904,0.8869297099610571,47.73879142300195,47.56335282651072
2,training_set_metastatic_roi_003:139,training_set_metastatic_roi_003,tumor,2,False,0.9731833910034602,0.9477674810446504,0.039016115351993216,0.31485009930831964,0.12293836805555555,0.9301491975784302,0.9993399977684021,1179.0,42.94524920161288,35.24857924253832,0.5712451730384023,128.22539674441617,0.901105345749258,48.36895674300254,47.776081424936386,1133.0,42.006483811820864,34.695223017526246,0.5637445052289651,125.39696961966999,0.9054525397031228,48.21270962047661,48.04942630185349
3,training_set_metastatic_roi_004:432,training_set_metastatic_roi_004,tumor,2,False,0.9296567248171075,0.868559411146162,0.13144058885383805,0.5255042155696403,0.0896267361111111,0.8740798234939575,0.9992750287055969,951.0,47.97212266102611,25.590551005751703,0.8458339390068795,125.39696961966999,0.7600047354436625,48.40694006309148,47.824395373291274,826.0,45.19841872607889,23.62674000690882,0.852495983186258,117.9827560572969,0.745680587865286,48.62227602905569,47.34503631961259
4,training_set_metastatic_roi_005:138,training_set_metastatic_roi_005,endothelium,2,False,0.8427672955974843,0.7282608695652174,0.16326530612244897,1.5238370689360452,0.0556640625,0.8032271265983582,0.9933125376701355,441.0,48.402986576004835,11.923649058130318,0.9691831719032558,103.7401153701776,0.5149380691398203,48.25850340136054,48.17233560090703,513.0,53.75382457612793,12.621550912659465,0.9720430156220882,114.22539674441617,0.49408523832396317,48.23001949317739,49.69590643274854
5,training_set_metastatic_roi_005:223,training_set_metastatic_roi_005,stroma,2,False,0.896414342629482,0.8122743682310469,0.21145374449339208,0.4845871926638868,0.029839409722222224,0.8164190649986267,0.9820516705513,227.0,24.466136561855038,12.26190635177484,0.865343814560599,59.941125496954285,0.7939368038008211,47.863436123348016,47.85022026431718,275.0,24.96451608887224,14.54310040900118,0.8127942490090386,64.52691193458118,0.8299669423164774,47.63272727272727,48.276363636363634
6,training_set_metastatic_roi_006:235,training_set_metastatic_roi_006,stroma,2,False,0.8504398826979472,0.7397959183673469,0.11801242236024845,1.7019513903549672,0.01953125,0.6637385487556458,0.7718484401702881,161.0,19.9972474210967,10.30955204900055,0.8568603652437581,48.14213562373095,0.8729412899438532,47.66459627329193,47.732919254658384,180.0,21.549646835461644,10.846396922718135,0.8640993218363188,52.97056274847714,0.8061450571977069,48.93888888888889,48.861111111111114
7,training_set_metastatic_roi_007:98,training_set_metastatic_roi_007,endothelium,3,False,0.813607370659107,0.6857825567502986,0.42439862542955326,1.6554692844670513,0.08995225694444445,0.833457350730896,0.9851968288421631,582.0,44.4836030553181,17.117336367045223,0.9229995480484697,104.32590180780451,0.6719679408864512,48.17697594501718,47.88831615120275,829.0,46.26056233347875,22.846149739757525,0.8695425553814099,115.39696961966999,0.7823040636890682,47.822677925211096,49.50542822677925
8,training_set_metastatic_roi_007:176,training_set_metastatic_roi_007,lymphocyte,3,False,0.868421052631579,0.7674418604651163,0.26865671641791045,1.3832500279397786,0.03689236111111111,0.8277593851089478,0.999702513217926,268.0,22.565777424654065,15.386199048684071,0.7315034340767586,60.87005768508881,0.9089442181272489,47.593283582089555,48.007462686567166,340.0,25.877158637210908,17.099754039174396,0.7505576877109521,69.11269837220809,0.894485041163223,48.1764705882353,49.26176470588236
9,training_set_metastatic_roi_008:120,training_set_metastatic_roi_008,apoptosis,0,False,0.8398791540785498,0.7239583333333334,0.018292682926829267,1.4389426640912393,0.018120659722222224,0.5993185043334961,0.4942719638347626,164.0,18.508320973014317,11.318652487871471,0.7912104310429778,47.21320343559643,0.9245422768648575,48.1219512195122,47.91463414634146,167.0,19.827270505429233,10.74902511251555,0.840292450116169,49.21320343559643,0.8664890208190252,49.32335329341317,48.706586826347305
10,training_set_metastatic_roi_010:117,training_set_metastatic_roi_010,stroma,2,False,0.9285714285714286,0.8666666666666667,0.0856610800744879,0.93513131480716,0.0632595486111111,0.7873465418815613,0.985373854637146,537.0,43.59205608406635,15.931097227081244,0.930827546047692,101.84062043356595,0.6506419738259064,48.191806331471135,48.340782122905026,583.0,45.965193783726754,16.64799400748451,0.9321054676231821,108.9116882454314,0.6176315015392874,47.92967409948542,49.23842195540309
11,training_set_metastatic_roi_010:129,training_set_metastatic_roi_010,apoptosis,2,False,0.9072681704260651,0.8302752293577982,0.07272727272727272,1.1928153308016884,0.04481336805555555,0.8485154509544373,0.997866690158844,385.0,24.181544826893806,20.56559335913575,0.5260292415184713,72.2842712474619,0.9259402855622509,48.35324675324675,47.8,413.0,25.517765909214706,21.587947002297547,0.5331880536839968,81.59797974644667,0.7794730477770448,49.05084745762712,48.767554479418884
12,training_set_metastatic_roi_011:217,training_set_metastatic_roi_011,melanophage,3,False,0.898876404494382,0.8163265306122449,0.008605851979345954,2.2222783876927554,0.0625,0.8295267224311829,0.997115969657898,581.0,29.276722201942512,25.499225680000176,0.4913314176861598,87.84062043356595,0.9462267188761352,48.091222030981065,48.10154905335628,576.0,29.878888785077752,24.746881793840974,0.5603739861243638,88.42640687119285,0.9256960083700825,48.19965277777778,50.32118055555556
13,training_set_metastatic_roi_011:265,training_set_metastatic_roi_011,tumor,3,False,0.8411552346570397,0.7258566978193146,0.3776824034334764,1.112375560843791,0.034830729166666664,0.8209782242774963,0.9957744479179382,233.0,27.624838304892148,11.719205832946706,0.9055558201096834,67.84062043356595,0.6361890105253218,48.40343347639485,47.85407725321888,321.0,33.20953051103798,13.852346335306212,0.9088516011740206,80.91168824543142,0.6161583957494722,48.626168224299064,48.94392523364486
14,training_set_metastatic_roi_012:305,training_set_metastatic_roi_012,tumor,3,False,0.8713450292397661,0.772020725388601,0.2953020134228188,0.6970894404007038,0.1047092013888889,0.8943017721176147,0.998445451259613,745.0,35.09192079851203,27.236917687117483,0.6305369723753559,100.76955262170047,0.9219502275475048,47.58657718120806,48.26979865771812,965.0,40.40235288059334,30.690079460827288,0.6503774564631624,117.01219330881976,0.8856761246045551,47.75958549222798,48.94507772020725
15,training_set_metastatic_roi_014:372,training_set_metastatic_roi_014,apoptosis,3,False,0.9064143007360673,0.8288461538461539,0.17115384615384616,0.616355510764896,0.04676649305555555,0.8521029949188232,0.9996541738510132,520.0,29.0038207862787,22.89754595074892,0.6137936031259229,83.94112549695427,0.927392611653532,47.590384615384615,48.12692307692308,431.0,26.208641225019136,20.95474256225495,0.6006186568301483,75.35533905932738,0.9538038643105574,47.245939675174014,48.638051044083525
16,training_set_metastatic_roi_015:113,training_set_metastatic_roi_015,tumor,4,False,0.9282533399307273,0.866112650046168,0.13388734995383195,1.0453199734695469,0.1017795138888889,0.8782322406768799,0.9994310736656189,1083.0,40.16925832951672,34.571746663617645,0.5091938588018528,121.84062043356596,0.9167567513884747,48.43582640812558,48.19298245614035,938.0,37.46770757682196,31.998147977594254,0.5202412109806266,113.49747468305833,0.9150404762049886,49.078891257995735,47.368869936034116
17,training_set_metastatic_roi_016:40,training_set_metastatic_roi_016,tumor,3,False,0.934322033898305,0.8767395626242545,0.038876889848812095,1.6984373056057374,0.10438368055555555,0.8906335830688477,0.9992498755455017,926.0,45.871778428929154,25.96367190147667,0.8244015686065119,118.46803743153546,0.8291220458322234,48.25701943844492,47.96976241900648,962.0,46.2088252321701,26.817940752593827,0.8143571542107816,121.63961030678928,0.8170241537113716,49.608108108108105,48.9989604989605
18,training_set_metastatic_roi_016:199,training_set_metastatic_roi_016,stroma,3,False,0.9470468431771895,0.8994197292069632,0.04158004158004158,1.1964956468738375,0.054361979166666664,0.8506779074668884,0.9995381832122803,481.0,35.256906503035836,21.243993482849447,0.7980823237998109,100.66904755831214,0.5964348628827999,47.985446985446984,48.05197505197505,501.0,37.94311544615377,20.99832557738459,0.832905023173674,106.32590180780451,0.5568900265680574,48.4750499001996,49.1437125748503
19,training_set_metastatic_roi_016:289,training_set_metastatic_roi_016,apoptosis,3,False,0.9484808454425363,0.9020100502512562,0.04896907216494845,0.5471947688239521,0.0400390625,0.8667428493499756,0.9997841715812683,388.0,25.26498833040466,19.665654555234486,0.6277986718797894,71.4558441227157,0.9549180040418862,47.91237113402062,47.853092783505154,369.0,26.05235944124115,18.285454436786445,0.7123018515358407,71.45584412271572,0.9081565553903503,48.45528455284553,47.921409214092144
20,training_set_metastatic_roi_016:370,training_set_metastatic_roi_016,plasma_cell,3,True,0.7988748241912799,0.6651053864168618,0.27007299270072993,2.933145481507087,0.032552083333333336,0.8518341779708862,0.9966919422149658,411.0,26.484536184994944,20.24344469353737,0.6448020516737509,74.62741699796952,0.9273738930825457,48.07542579075426,48.0,300.0,21.737062311855663,17.659345333450496,0.5830905469175853,62.627416997969526,0.961174230447395,48.57666666666667,45.11
21,training_set_metastatic_roi_017:598,training_set_metastatic_roi_017,plasma_cell,2,True,0.45651173492867003,0.29576624925462136,0.7042337507453786,7.15576996319541,0.05381944444444445,0.7853903770446777,0.992314875125885,1677.0,53.47475912441059,40.70250786431087,0.6485716055520662,154.95331880577405,0.8776900232838649,47.81514609421586,48.35122242098986,496.0,28.810446206236318,21.957071209022942,0.6474335885034086,82.18376618407356,0.9228252339570755,44.45564516129032,54.66935483870968
22,training_set_metastatic_roi_017:599,training_set_metastatic_roi_017,plasma_cell,2,True,0.6621803499327052,0.4949698189134809,0.5050301810865191,5.382892453807925,0.053385416666666664,0.8233310580253601,0.9983236193656921,994.0,51.83527048202001,24.656731567625492,0.879621220243506,127.49747468305833,0.7684101319768966,47.55835010060362,48.40442655935614,492.0,29.281025180174804,21.45979374449209,0.6803462989683654,81.59797974644665,0.9285732191435986,52.9390243902439,48.5589430894309
23,training_set_metastatic_roi_017:608,training_set_metastatic_roi_017,apoptosis,2,True,0.19501133786848074,0.10804020100502512,0.8919597989949749,5.563847343568252,0.004665798611111111,0.4007244110107422,0.15914057195186615,398.0,30.984541644383157,16.92520786571117,0.8376242553725156,78.2842712474619,0.8161009999318684,47.70603015075377,47.7713567839196,43.0,12.580541174978896,4.402586629926345,0.9367676005030108,26.035533905932738,0.7971597153304812,49.13953488372093,42.395348837209305
24,training_set_metastatic_roi_018:120,training_set_metastatic_roi_018,neutrophil,2,False,0.8760563380281691,0.7794486215538847,0.2829581993569132,1.07029420498608,0.043294270833333336,0.8335177898406982,0.9993637204170227,311.0,22.832259460815155,17.438379927215404,0.6454996228843262,65.35533905932738,0.9149726423489761,48.09967845659164,48.30546623794212,399.0,26.318799307158013,19.445403701690964,0.6738799729832424,74.18376618407356,0.9110978122792579,48.35087719298246,49.34586466165413
25,training_set_metastatic_roi_020:84,training_set_metastatic_roi_020,tumor,2,False,0.9622641509433962,0.9272727272727272,0.0,0.527012413798702,0.07476128472222222,0.8919742107391357,0.9999136924743652,689.0,37.22257739167158,25.15278525434238,0.737140029488414,107.84062043356595,0.7444993627000066,48.29317851959362,48.05079825834543,689.0,35.41932814651815,26.216255343050413,0.6724219251078651,102.91168824543142,0.8175224362954062,48.619738751814225,47.63715529753266
26,training_set_metastatic_roi_021:223,training_set_metastatic_roi_021,tumor,4,False,0.9272399278412508,0.8643497757847534,0.07098381070983811,1.3093133234000978,0.09331597222222222,0.818397581577301,0.9995121955871582,803.0,41.18565543881721,25.74048434674749,0.7806354473811358,111.25483399593904,0.8152440337991749,47.82565379825654,48.292652552926526,860.0,42.74546302870502,26.48496442710443,0.7849200266728487,115.49747468305833,0.8101460857520828,47.694186046511625,49.5953488372093
27,training_set_metastatic_roi_022:385,training_set_metastatic_roi_022,tumor,2,False,0.8323699421965318,0.7128712871287128,0.3698630136986301,1.538627674901922,0.021701388888888888,0.8170867562294006,0.9910424947738647,146.0,15.826165085539651,11.788836756700206,0.6671813245239622,43.21320343559643,0.9824937480221231,47.68493150684932,47.92465753424658,200.0,17.98775605121553,14.164922599222308,0.6163455713415357,51.21320343559643,0.958243705693595,48.3,49.335
28,training_set_metastatic_roi_022:506,training_set_metastatic_roi_022,tumor,2,True,0.884272997032641,0.7925531914893617,0.1464968152866242,0.9531220950300389,0.01953125,0.818662166595459,0.9921539425849915,157.0,18.471689049457172,11.356514547832628,0.7886779849511653,48.62741699796952,0.8343477785478053,47.82802547770701,48.27388535031847,180.0,18.017430817800562,12.93393809429306,0.6961906251452036,48.87005768508881,0.9471018082904711,46.96111111111111,47.87777777777778
29,training_set_metastatic_roi_022:565,training_set_metastatic_roi_022,endothelium,2,False,0.7394094993581515,0.5865580448065173,0.7048611111111112,5.6286648279718925,0.053276909722222224,0.6652162075042725,0.8804314136505127,288.0,41.36282906737849,9.016684103474036,0.9759509974437839,86.14213562373095,0.48772058126970463,48.00347222222222,47.701388888888886,491.0,53.14625755250568,13.719278778654678,0.9661069979687626,114.18376618407356,0.4732412896438801,49.4745417515275,53.134419551934826
30,training_set_metastatic_roi_023:403,training_set_metastatic_roi_023,apoptosis,3,False,0.8689342403628117,0.7682437850842021,0.041666666666666664,4.028680367493722,0.1220703125,0.8369271755218506,0.9913071990013123,1080.0,40.057055214048745,34.86456820800115,0.49239346428082414,123.39696961967,0.891301486108203,47.955555555555556,48.474074074074075,1125.0,45.391201712766154,32.61236464082353,0.6955545813127005,139.88225099390857,0.7224988525475787,51.12533333333333,45.98755555555555
31,training_set_metastatic_roi_024:193,training_set_metastatic_roi_024,neutrophil,2,True,0.8148148148148148,0.6875,0.036637931034482756,2.521941233813311,0.052191840277777776,0.8125669956207275,0.9998348951339722,464.0,28.290329832666906,21.957718656297583,0.6305405197704833,84.18376618407356,0.8227561594281856,47.644396551724135,48.383620689655174,481.0,32.152078850905646,21.63681396197744,0.7396859216210281,102.91168824543142,0.5707232102439629,46.66320166320166,50.70686070686071
32,training_set_metastatic_roi_025:6,training_set_metastatic_roi_025,tumor,3,True,0.8772597526165556,0.7813559322033898,0.156140350877193,2.4535138153591585,0.052191840277777776,0.49067866802215576,0.8162793517112732,570.0,28.60984724395703,26.66104653126937,0.3627575162350619,93.35533905932738,0.82187618902528,48.18421052631579,47.62982456140351,481.0,27.77939854364403,22.407117226128968,0.5910851619878461,83.01219330881975,0.8771445371251411,49.13929313929314,49.88981288981289
33,training_set_metastatic_roi_025:287,training_set_metastatic_roi_025,tumor,3,False,0.9546313799621928,0.9132007233273056,0.0867992766726944,0.20321659738669387,0.05479600694444445,0.8133479952812195,0.994453489780426,553.0,32.13944394466681,22.11191993480329,0.7257112023370339,88.91168824543142,0.8790574967256336,47.500904159132006,47.67269439421338,505.0,30.4075571819907,21.253009119250525,0.7151818819633121,83.84062043356595,0.902801506570127,47.689108910891086,47.5960396039604
34,training_set_metastatic_roi_025:544,training_set_metastatic_roi_025,plasma_cell,3,True,0.9275675675675675,0.8649193548387096,0.1350806451612903,0.5626833771895222,0.046549479166666664,0.7796847820281982,0.9924226403236389,496.0,27.782937800460157,22.83219513330951,0.5697668802455744,83.59797974644665,0.8918667557887776,47.88709677419355,47.59475806451613,429.0,26.39166721277009,20.828246673182583,0.614139051380819,75.59797974644667,0.9432933586518021,47.94405594405595,47.03496503496503
35,training_set_metastatic_roi_025:614,training_set_metastatic_roi_025,stroma,3,False,0.6662983425414365,0.4995857497928749,0.1717171717171717,8.203379502254268,0.08897569444444445,0.7212016582489014,0.9964661598205566,990.0,55.16438423591819,24.17966883070367,0.8988188496083721,136.71067811865476,0.665641182723269,47.85656565656566,48.025252525252526,820.0,37.5758790372276,32.07933374718868,0.5207299630524977,126.36143571373725,0.6453489577664948,47.19268292682927,39.84878048780488
36,training_set_metastatic_roi_026:12,training_set_metastatic_roi_026,tumor,0,False,0.9573679332715477,0.9182222222222223,0.0055762081784386614,0.8090863863482061,0.1174045138888889,0.8357881307601929,0.9994988441467285,1076.0,49.55030123971079,28.02727837409132,0.8246571851011745,129.05382386916236,0.811858572665936,47.75650557620818,48.438661710037174,1082.0,48.41698518515877,28.828874073758836,0.8034079783639049,129.0538238691624,0.816385665078571,47.746765249537894,49.24768946395564
37,training_set_metastatic_roi_026:115,training_set_metastatic_roi_026,tumor,0,True,0.9131652661064426,0.8402061855670103,0.03125,1.1834500992042338,0.057183159722222224,0.8747496008872986,0.9996941089630127,544.0,38.67206526751945,17.947657974461336,0.8857834557462102,93.15432893255071,0.7877758818117667,47.911764705882355,47.85294117647059,527.0,37.980315232643875,17.677224500161962,0.8850840515654005,93.1543289325507,0.7631578855051492,48.30360531309298,48.9696394686907
38,training_set_metastatic_roi_026:403,training_set_metastatic_roi_026,histiocyte,0,False,0.7618283881315157,0.6152849740932642,0.14629948364888123,7.272718585150363,0.072265625,0.6780266165733337,0.8965296149253845,581.0,42.15153062384808,18.087075948408145,0.9032586336809005,106.49747468305833,0.6437353773082407,47.540447504302925,47.9104991394148,666.0,44.243943730443185,19.90606171746112,0.8930708377000376,112.5685424949238,0.6604653028995593,45.43693693693694,54.872372372372375
39,training_set_metastatic_roi_026:414,training_set_metastatic_roi_026,lymphocyte,0,False,0.8198529411764706,0.6947040498442367,0.354978354978355,1.3903739109443325,0.03396267361111111,0.875291645526886,0.9996020197868347,231.0,22.631318646709527,13.515493531129856,0.802090059642407,61.698484809834994,0.7625579381147961,48.086580086580085,48.311688311688314,313.0,22.821273011661912,17.548986515530395,0.6392789511039046,64.8700576850888,0.9346857752558373,47.412140575079874,47.09584664536741
40,training_set_metastatic_roi_026:503,training_set_metastatic_roi_026,neutrophil,0,True,0.7939110070257611,0.658252427184466,0.17857142857142858,2.8626924645798706,0.050130208333333336,0.7926966547966003,0.9853218793869019,392.0,23.387870763833515,21.4588368408051,0.3976898708662523,71.94112549695427,0.9517907398738668,48.079081632653065,47.78316326530612,462.0,26.82892918383563,22.112978241044683,0.5662676422848081,79.35533905932738,0.9219333733356686,47.65800865800866,50.61471861471861
41,training_set_metastatic_roi_026:508,training_set_metastatic_roi_026,plasma_cell,0,False,0.9124877089478859,0.8390596745027125,0.04216867469879518,1.4656375190142528,0.056315104166666664,0.8400853872299194,0.9996993541717529,498.0,32.204736631809425,20.42886308158882,0.7730513653267371,88.08326112068522,0.8065892626258716,48.166666666666664,47.81325301204819,519.0,32.476347575973726,20.462040453108866,0.7765466321553604,86.91168824543142,0.8634175056509997,47.225433526011564,46.689788053949904
42,training_set_metastatic_roi_027:97,training_set_metastatic_roi_027,stroma,0,False,0.8760683760683761,0.779467680608365,0.22053231939163498,0.971580932613711,0.06673177083333333,0.7448932528495789,0.9931156039237976,789.0,54.26101938217226,19.830733013388503,0.9308234211567684,127.63961030678928,0.6085775507750144,48.244613434727505,47.77059569074778,615.0,50.72054172295568,16.996165768581957,0.9421845850706205,115.98275605729688,0.5745107120624218,48.990243902439026,48.39349593495935
43,training_set_metastatic_roi_027:106,training_set_metastatic_roi_027,neutrophil,0,True,0.8175519630484989,0.69140625,0.30859375,0.37671929933257764,0.019205729166666668,0.717911422252655,0.9626128673553467,256.0,26.20282382268754,12.683368411588194,0.8750426302080246,65.11269837220809,0.758784484992085,47.84765625,48.3046875,177.0,21.31855578158251,10.603137160126792,0.8675404809050092,50.970562748477136,0.8561389848033456,47.59887005649718,48.58757062146893
44,training_set_metastatic_roi_027:150,training_set_metastatic_roi_027,tumor,0,False,0.8823529411764706,0.7894736842105263,0.21052631578947367,0.503380321287962,0.0537109375,0.8393561840057373,0.993174135684967,627.0,30.021989779602936,26.72620186105302,0.4555291457165404,92.66904755831214,0.9175040839117528,47.51196172248804,47.792663476874004,495.0,27.222218028529024,23.235122444005007,0.5210351151437351,80.76955262170047,0.9534978283444902,47.47878787878788,48.29494949494949
45,training_set_metastatic_roi_027:154,training_set_metastatic_roi_027,neutrophil,0,False,0.8141592920353983,0.6865671641791045,0.11666666666666667,0.546500037877602,0.017252604166666668,0.5948230028152466,0.8652918934822083,180.0,23.326300208798703,12.26110038970925,0.8507107158250535,64.90559159102155,0.5369305855743203,47.81111111111111,48.00555555555555,159.0,19.725998398005448,10.551231317566442,0.8449219608265659,48.62741699796952,0.8449764126694335,48.34591194968554,47.893081761006286
46,training_set_metastatic_roi_027:174,training_set_metastatic_roi_027,apoptosis,0,False,0.8875968992248062,0.7979094076655052,0.20209059233449478,0.5346967581417164,0.024848090277777776,0.7924134135246277,0.9510687589645386,287.0,23.575717299359056,15.623839420106439,0.7488770365886116,63.941125496954285,0.882127188248034,47.724738675958186,48.174216027874564,229.0,21.745302531040387,13.455426188255524,0.7855691123402427,57.11269837220809,0.8822262734985384,48.109170305676855,48.54585152838428
47,training_set_metastatic_roi_027:237,training_set_metastatic_roi_027,neutrophil,0,False,0.8391608391608392,0.7228915662650602,0.13071895424836602,1.1147777160808185,0.014431423611111112,0.47137677669525146,0.6848491430282593,153.0,14.82790252758468,13.292447525504507,0.443148400000108,43.55634918610404,1.013440726837446,47.5359477124183,47.62091503267974,133.0,14.629847331728529,11.66451222121478,0.6035710410147977,41.21320343559643,0.9839856372615985,47.36842105263158,46.5187969924812
48,training_set_metastatic_roi_027:241,training_set_metastatic_roi_027,neutrophil,0,False,0.8540145985401459,0.7452229299363057,0.20915032679738563,0.7859600187546891,0.013129340277777778,0.7163563370704651,0.9785650372505188,153.0,16.05871451749034,12.166221991952606,0.6527090027984405,43.798989873223334,1.0022431707906607,47.88235294117647,48.431372549019606,121.0,13.922150449161233,11.061833076948663,0.6071998165815989,37.798989873223334,1.0642284046328023,48.66115702479339,48.53719008264463
49,training_set_metastatic_roi_027:268,training_set_metastatic_roi_027,neutrophil,0,False,0.7639257294429708,0.6180257510729614,0.38197424892703863,0.2918927410436747,0.015625,0.7272447347640991,0.944005012512207,233.0,19.34462408944454,15.524941789669697,0.5965908614103343,55.45584412271571,0.9520749627872072,47.871244635193136,48.21459227467811,144.0,15.739547817234687,11.769964596707517,0.663929018259299,43.798989873223334,0.9432876901559158,48.15277777777778,48.291666666666664
50,training_set_metastatic_roi_027:348,training_set_metastatic_roi_027,histiocyte,0,True,0.8148148148148148,0.6875,0.3125,0.8343402254647146,0.009548611111111112,0.6884815096855164,0.7711451649665833,128.0,19.68482503621195,8.937273118447436,0.890992298653468,47.55634918610404,0.7112181304779018,47.921875,47.953125,88.0,16.407955797011525,7.279404533680539,0.896199681626779,38.520815280171306,0.7452493324296415,47.39772727272727,48.60227272727273
51,training_set_metastatic_roi_027:386,training_set_metastatic_roi_027,neutrophil,0,False,0.5927835051546392,0.42124542124542125,0.5549348230912476,5.5776579107921815,0.025933159722222224,0.39349010586738586,0.9744491577148438,537.0,29.42040422698447,25.280343203344216,0.5115067463534319,129.22539674441617,0.4040995821021432,47.86778398510242,48.44134078212291,239.0,25.662100414109414,15.552781671940727,0.7954186613410352,76.76955262170047,0.5096003827141399,43.05439330543933,51.25941422594142
52,training_set_metastatic_roi_027:387,training_set_metastatic_roi_027,neutrophil,0,True,0.7081174438687392,0.5481283422459893,0.45187165775401067,4.278201408373384,0.022243923611111112,0.6218525171279907,0.9941437840461731,374.0,33.210340421222355,15.690360695797322,0.8813552893783976,85.59797974644665,0.641437633680387,47.719251336898395,47.780748663101605,205.0,18.88833790301914,13.9372963103186,0.6749336897666379,52.04163056034261,0.9511783012366306,43.917073170731705,45.81951219512195
53,training_set_metastatic_roi_027:392,training_set_metastatic_roi_027,neutrophil,0,False,0.8429423459244533,0.7285223367697594,0.1906474820143885,1.1243935021569673,0.0244140625,0.6051915884017944,0.9591098427772522,278.0,23.058436577362837,18.668038367267158,0.5869862757533655,75.35533905932738,0.6152145574903363,47.78417266187051,48.568345323741006,225.0,18.903735001241003,17.051979590098252,0.4316464294784975,60.2842712474619,0.7780085175096991,48.76888888888889,49.111111111111114
54,training_set_metastatic_roi_027:426,training_set_metastatic_roi_027,neutrophil,0,False,0.7450331125827815,0.5936675461741425,0.34065934065934067,0.272406922767402,0.026041666666666668,0.5088343024253845,0.8457842469215393,364.0,29.614938101017653,20.2671953889482,0.7291469374933225,102.08326112068522,0.4389369855946036,48.26923076923077,47.88186813186813,240.0,24.070642341199004,14.547671045140973,0.7967007188661964,65.698484809835,0.6987316223377156,48.5375,47.92916666666667
55,training_set_metastatic_roi_028:632,training_set_metastatic_roi_028,plasma_cell,1,False,0.6472868217054264,0.4785100286532951,0.4597014925373134,7.85477313490593,0.03927951388888889,0.8187350034713745,0.996647298336029,670.0,36.0178204536977,24.614233129245967,0.7300531117137559,100.76955262170047,0.8291364462507761,47.74328358208955,47.58805970149254,362.0,22.990159674420404,20.333366218969395,0.46665809739486097,70.52691193458118,0.9145526189659732,40.13812154696133,49.552486187845304
56,training_set_metastatic_roi_029:28,training_set_metastatic_roi_029,tumor,2,False,0.9375796178343949,0.882494004796163,0.044270833333333336,0.9586501750882361,0.043511284722222224,0.849885106086731,0.9992771744728088,384.0,23.04228364239019,21.301492362508927,0.38129768528066504,70.76955262170047,0.963492166499022,47.888020833333336,48.34375,401.0,23.958551372830392,21.418964496309187,0.44806532959686834,73.59797974644667,0.9302987775509481,48.17206982543641,49.25935162094763
57,training_set_metastatic_roi_029:93,training_set_metastatic_roi_029,tumor,2,False,0.8465346534653465,0.7339055793991416,0.3173996175908222,4.387637690920138,0.07476128472222222,0.840929388999939,0.9995900988578796,523.0,34.27165126208544,20.312907560457372,0.8054211668982624,91.25483399593904,0.7892231106027592,48.525812619502865,48.27342256214149,689.0,46.87140321752621,20.355661346579986,0.9007743481249854,116.12489168102783,0.6420641804593173,49.944847605224965,52.425253991291726
58,training_set_metastatic_roi_029:334,training_set_metastatic_roi_029,tumor,2,True,0.9386437029063509,0.8843813387423936,0.13073394495412843,0.4098962872514508,0.05349392361111111,0.8636643886566162,0.9998513460159302,436.0,29.46397579134452,19.210070570350386,0.7582318549606905,79.01219330881975,0.8776232460564468,47.61467889908257,47.90596330275229,493.0,31.363069094770577,20.282127552462722,0.7627544406952517,85.49747468305833,0.8475204940417425,47.54766734279919,48.310344827586206
59,training_set_metastatic_roi_029:362,training_set_metastatic_roi_029,apoptosis,2,False,0.9021956087824351,0.8218181818181818,0.1782608695652174,0.610549796943185,0.029405381944444444,0.8229129314422607,0.9992954730987549,230.0,20.201995908711325,14.578552113302946,0.6922693614379541,56.2842712474619,0.9123544724738657,47.84347826086957,47.86086956521739,271.0,23.127041113526197,15.228846435409334,0.7525924601209084,63.112698372208094,0.8549597263696063,47.254612546125465,48.02214022140221
60,training_set_metastatic_roi_029:427,training_set_metastatic_roi_029,tumor,2,False,0.8725868725868726,0.773972602739726,0.03937007874015748,1.0522548740525401,0.014322916666666666,0.7419899702072144,0.892570436000824,127.0,14.637910713835943,11.145781216563734,0.648244182520242,39.55634918610404,1.0199553985328214,48.00787401574803,48.22047244094488,132.0,15.429659595750172,10.982412836885567,0.7024097132127486,41.55634918610404,0.9605257709589821,48.00757575757576,49.27272727272727
61,training_set_metastatic_roi_030:199,training_set_metastatic_roi_030,lymphocyte,3,False,0.9613259668508287,0.925531914893617,0.07446808510638298,0.2552908972922496,0.0283203125,0.8406041860580444,0.9963592886924744,282.0,24.098017953363044,15.035975563642593,0.7814636930892764,63.112698372208094,0.8896628886945718,48.42553191489362,48.02482269503546,261.0,22.68746564388995,14.739429304936174,0.7602139530174506,60.526911934581186,0.8952685689335879,48.547892720306514,47.8007662835249
62,training_set_metastatic_roi_030:277,training_set_metastatic_roi_030,tumor,3,False,0.9385665529010239,0.8842443729903537,0.09120521172638436,0.42487788176223007,0.0302734375,0.7514757513999939,0.99811851978302,307.0,25.955224731556065,15.209252953221291,0.8103252258114739,67.2842712474619,0.8521599781059334,48.31270358306189,48.47882736156352,279.0,24.55655149939073,14.552680902827872,0.8054828543555385,63.698484809834994,0.8640838008904365,48.12544802867384,48.86021505376344
63,training_set_metastatic_roi_030:375,training_set_metastatic_roi_030,apoptosis,3,False,0.9053658536585366,0.8270944741532977,0.17290552584670232,0.20184490683402792,0.050347222222222224,0.8237007260322571,0.9990280866622925,561.0,29.885739088471425,24.204071688798987,0.5865859195059783,90.18376618407356,0.8667941852152949,48.33511586452763,48.32085561497326,464.0,28.446037652508448,21.15440571677634,0.668549191490819,80.52691193458118,0.8991781698782068,48.161637931034484,48.2176724137931
64,training_set_metastatic_roi_030:727,training_set_metastatic_roi_030,plasma_cell,3,False,0.8238851095993953,0.7005141388174807,0.2994858611825193,3.0142879792329937,0.059136284722222224,0.853983461856842,0.999841570854187,778.0,36.0594737416159,28.07917218164313,0.6274081568917408,109.49747468305833,0.8154198032681141,47.94215938303342,47.88046272493573,545.0,28.164478757308018,25.313097228827992,0.4384416510979531,87.49747468305833,0.8945720578306833,49.477064220183486,45.28623853211009
65,training_set_metastatic_roi_031:126,training_set_metastatic_roi_031,apoptosis,3,False,0.888,0.7985611510791367,0.25225225225225223,1.009748262090989,0.06032986111111111,0.8911336064338684,0.9999769926071167,444.0,26.304364784737906,21.80010514859242,0.5595985832115439,79.01219330881975,0.8937264248831707,48.164414414414416,47.9481981981982,556.0,29.438034953720802,24.48383237053645,0.5552141499453632,89.25483399593904,0.877043556940039,48.40827338129496,48.92805755395683
66,training_set_metastatic_roi_032:288,training_set_metastatic_roi_032,plasma_cell,0,False,0.9194499017681729,0.850909090909091,0.14909090909090908,0.44766043481482615,0.076171875,0.8984832763671875,0.9990655779838562,825.0,40.76540665520639,25.908017536451514,0.7720685286402383,109.7401153701776,0.860860909787908,48.20121212121212,47.73939393939394,702.0,38.17127151145111,23.45570871508687,0.7889277912628196,100.66904755831214,0.8704725025857079,47.75356125356125,47.736467236467234
67,training_set_metastatic_roi_034:365,training_set_metastatic_roi_034,tumor,3,False,0.128680479825518,0.06876456876456877,0.9312354312354313,12.025585426755267,0.006401909722222222,0.2957911789417267,0.3583014905452728,858.0,61.761074929032404,19.197382772700692,0.9504645286645108,145.53910524340094,0.5090234037311021,47.87995337995338,47.917249417249415,59.0,11.575147146694881,6.623315620865608,0.8201131240586671,28.48528137423857,0.913736236349126,54.186440677966104,37.67796610169491
68,training_set_metastatic_roi_035:17,training_set_metastatic_roi_035,tumor,3,False,0.9574780058651027,0.9184247538677919,0.02373887240356083,0.886792494414384,0.07486979166666667,0.8397102355957031,0.9962722063064575,674.0,31.51313868781668,27.335214106447083,0.49757183912178815,95.59797974644667,0.9267707778599085,48.21661721068249,47.70771513353116,690.0,31.941582768888086,27.54360617019662,0.5063775547461297,95.59797974644667,0.9487712711028738,48.16086956521739,48.59275362318841
69,training_set_metastatic_roi_035:98,training_set_metastatic_roi_035,tumor,3,False,0.9032846715328468,0.8236272878535774,0.21414141414141413,1.5196629707432139,0.0652126736111111,0.8867420554161072,0.9999464750289917,495.0,28.590746597909348,22.211964246636473,0.6296320679870934,81.59797974644665,0.9342352509676449,48.117171717171715,48.494949494949495,601.0,31.405252076642885,24.431799899188103,0.6283228737055402,90.08326112068522,0.930670903826438,47.40099833610649,49.83527454242928
70,training_set_metastatic_roi_035:273,training_set_metastatic_roi_035,tumor,3,False,0.0,0.0,1.0,nan,0.0,0.33168458938598633,0.10697861015796661,125.0,15.65853191529689,10.353125627443564,0.750226319247273,41.79898987322333,0.8990592296257839,48.392,48.472,0.0,0.0,0.0,0.0,0.0,0.0,nan,nan
71,training_set_metastatic_roi_036:238,training_set_metastatic_roi_036,tumor,3,False,0.8041462084015275,0.6724452554744526,0.32755474452554745,1.21033610295309,0.07996961805555555,0.6485465168952942,0.7989119291305542,1096.0,46.422178374148345,31.360175212753294,0.7373206398519855,135.88225099390854,0.7459246390519283,47.706204379562045,48.0228102189781,737.0,40.65338642480582,23.680052747495658,0.8128403062024796,107.74011537017762,0.7978522596262004,47.8236092265943,46.81818181818182
72,training_set_metastatic_roi_037:276,training_set_metastatic_roi_037,tumor,0,False,0.8909853249475891,0.8034026465028355,0.23943661971830985,0.9903403048949663,0.057291666666666664,0.8772833347320557,0.9806997179985046,426.0,27.736359320906494,19.605074454014023,0.7073768398950369,77.35533905932738,0.8946205604519498,48.39906103286385,47.93427230046948,528.0,29.79967740097406,22.60289837909733,0.6516791685486871,84.76955262170047,0.9233450053013957,48.42613636363637,48.92424242424242
73,training_set_metastatic_roi_037:432,training_set_metastatic_roi_037,neutrophil,0,False,0.9026548672566371,0.8225806451612904,0.19722222222222222,0.5246103966189989,0.04676649305555555,0.8141704797744751,0.9976195693016052,360.0,24.427330448456793,18.961991775659207,0.6304112651438978,70.5269119345812,0.9094998420656084,47.580555555555556,47.94722222222222,431.0,26.164909484286287,21.53631897171273,0.5678974591015037,79.01219330881975,0.8675587592897446,47.44779582366589,48.45475638051044
74,training_set_metastatic_roi_039:255,training_set_metastatic_roi_039,apoptosis,2,False,0.9741060419235512,0.9495192307692307,0.05048076923076923,0.16849281253456524,0.04286024305555555,0.8903817534446716,0.9999022483825684,416.0,27.21690296991914,19.735894718992167,0.688608056153932,76.76955262170047,0.8870031766070385,48.02163461538461,48.28125,395.0,26.089431149927293,19.47887756523101,0.6652513430416398,74.76955262170047,0.8878863829260044,47.85316455696203,48.278481012658226
75,training_set_metastatic_roi_040:47,training_set_metastatic_roi_040,tumor,2,False,0.9208117787504975,0.8532448377581121,0.17199654278305965,1.1512179503775273,0.14713541666666666,0.9094200730323792,0.9999277591705322,1157.0,44.29627284721808,33.361268878351254,0.6578609475797526,125.74011537017762,0.9195926977500523,47.91529818496111,48.34917891097666,1356.0,47.541480120525065,36.471843749245785,0.6414577587283078,137.39696961967,0.9026413926582533,47.76401179941003,49.490412979351035
76,training_set_metastatic_roi_041:79,training_set_metastatic_roi_041,tumor,3,True,0.8896925858951176,0.8013029315960912,0.17792421746293247,0.9731644757835531,0.054144965277777776,0.7744032144546509,0.9975541234016418,607.0,36.59991492422644,22.20845036214656,0.7948624373337465,102.66904755831213,0.7236348743158532,47.940691927512354,47.927512355848435,499.0,39.5115697209868,16.141365824559703,0.9127482429090757,94.5685424949238,0.7011598158523379,47.104208416833664,48.4248496993988
77,training_set_metastatic_roi_041:99,training_set_metastatic_roi_041,melanophage,3,False,0.7904191616766467,0.6534653465346535,0.07883817427385892,2.563191066821835,0.028211805555555556,0.5723526477813721,0.9598864316940308,241.0,19.008161116172666,16.75389752490923,0.4723604192702942,61.941125496954285,0.7893483796096381,47.6804979253112,47.66390041493776,260.0,26.02348535997936,13.406391975979759,0.8570909510869232,65.94112549695427,0.7513988066494822,46.45,45.41538461538462
78,training_set_metastatic_roi_041:226,training_set_metastatic_roi_041,plasma_cell,3,False,0.9632352941176471,0.9290780141843972,0.05017921146953405,0.4799174161369306,0.028754340277777776,0.757225751876831,0.9995322227478027,279.0,28.31311569132784,12.775759792272815,0.8924071089100594,69.35533905932738,0.7288770381719127,48.297491039426525,47.702508960573475,265.0,27.421756773202546,12.413682614851968,0.8916656059701632,65.698484809835,0.7715161663312277,48.29056603773585,47.22264150943396
79,training_set_metastatic_roi_041:360,training_set_metastatic_roi_041,tumor,3,False,0.9123376623376623,0.8388059701492537,0.13897280966767372,0.6493380777649554,0.030924479166666668,0.7363907098770142,0.9957274198532104,331.0,25.16021893708421,16.79781868844773,0.7444896136291647,67.94112549695427,0.9010987427963075,48.202416918429,47.842900302114806,285.0,23.04761862287722,15.797031710778564,0.7281588473471418,62.52691193458118,0.9160533416162278,48.83157894736842,48.00350877192982
80,training_set_metastatic_roi_041:518,training_set_metastatic_roi_041,tumor,3,False,0.7489177489177489,0.5986159169550173,0.1792452830188679,3.0554463963010785,0.027126736111111112,0.6255679726600647,0.985883891582489,212.0,20.156226854110574,14.219178779786368,0.7087612427699392,55.55634918610404,0.8631342042347727,47.660377358490564,47.54716981132076,250.0,19.58465120195297,16.321602779685644,0.5526891861169172,57.21320343559643,0.9597482799836016,44.624,47.888
81,training_set_metastatic_roi_042:125,training_set_metastatic_roi_042,tumor,2,False,0.9003880983182406,0.8188235294117647,0.22126436781609196,1.2786210801578641,0.13834635416666666,0.7272769808769226,0.9831090569496155,1044.0,66.27575503312795,20.36424616250939,0.9516238626603692,148.8528137423857,0.5921016424140906,48.39655172413793,48.39080459770115,1275.0,71.66255890875969,27.939863942594105,0.9208652850245149,184.61626970967632,0.47008901824738747,49.67294117647059,48.315294117647056
82,training_set_metastatic_roi_042:395,training_set_metastatic_roi_042,melanophage,2,False,0.7324792765636775,0.5778834720570749,0.4221165279429251,3.1520882484568142,0.052734375,0.5990450978279114,0.757361888885498,841.0,39.47588389356496,27.44561154078821,0.718767919801818,110.22539674441617,0.8698462958810683,47.5576694411415,47.90487514863258,486.0,29.6502726659931,20.953135788636278,0.7075373101279048,82.18376618407356,0.9042198864982636,45.635802469135804,50.40329218106996
83,training_set_metastatic_roi_043:38,training_set_metastatic_roi_043,stroma,0,False,0.2913907284768212,0.17054263565891473,0.8294573643410853,1.3691314984153249,0.002387152777777778,0.46764862537384033,0.11294541507959366,129.0,14.81388905758397,11.082698153018981,0.6635534542098778,39.798989873223334,1.0234237126011188,47.75968992248062,47.91472868217054,22.0,6.9982743325480214,4.099912234834021,0.8104222736721002,16.071067811865476,1.070392549811525,46.77272727272727,48.86363636363637
84,training_set_metastatic_roi_043:57,training_set_metastatic_roi_043,histiocyte,0,True,0.9584245076586433,0.9201680672268907,0.07983193277310924,0.5824825146969435,0.047526041666666664,0.8364606499671936,0.9973606467247009,476.0,35.32077187122915,17.42232324989714,0.8698819411189819,87.49747468305833,0.7813143110594591,48.43487394957983,48.455882352941174,438.0,34.53573441929511,16.313034639863464,0.8814098228596389,83.49747468305833,0.789473020456351,48.86986301369863,48.06849315068493
85,training_set_metastatic_roi_043:132,training_set_metastatic_roi_043,tumor,0,False,0.9640831758034026,0.9306569343065694,0.05514705882352941,0.2130248617734319,0.027886284722222224,0.7942005395889282,0.9570496082305908,272.0,25.068084188789992,14.041534265011853,0.828400722564863,64.18376618407356,0.8297139154209231,47.955882352941174,47.5514705882353,257.0,23.786066661118713,13.866309530915487,0.8125013337042938,60.526911934581186,0.8815479778388202,48.14785992217899,47.459143968871594
86,training_set_metastatic_roi_043:187,training_set_metastatic_roi_043,tumor,0,False,0.9377791009228937,0.882847533632287,0.11715246636771301,0.9545483606694715,0.1708984375,0.8458435535430908,0.9979575872421265,1784.0,61.4297755856465,37.34754046249355,0.7939590036926074,167.6812408671319,0.7973256869906469,47.96636771300449,47.99159192825112,1575.0,59.70981519932729,34.37863604449236,0.8176174204012787,159.19595949289334,0.7809555946447491,48.382222222222225,48.85079365079365
87,training_set_metastatic_roi_043:229,training_set_metastatic_roi_043,plasma_cell,0,True,0.8830022075055187,0.7905138339920948,0.20948616600790515,2.055768923321268,0.06510416666666667,0.8880123496055603,0.9993755221366882,759.0,34.00327051636102,28.773586785218665,0.5328645237643667,103.7401153701776,0.8862539557304392,47.93807641633729,47.59683794466403,600.0,33.02457267692523,23.436593408974666,0.7045328669602123,92.91168824543142,0.8734145279221445,49.36333333333334,49.07833333333333
88,training_set_metastatic_roi_045:284,training_set_metastatic_roi_045,apoptosis,2,False,0.8298507462686567,0.7091836734693877,0.39285714285714285,0.6578207195955483,0.021158854166666668,0.8107597827911377,0.9995837807655334,140.0,17.05291225012159,10.500875576411978,0.7879166128245015,44.21320343559643,0.8999822303598023,48.41428571428571,48.392857142857146,195.0,21.249376725453253,11.84580216300102,0.8301998615348666,54.04163056034261,0.8390495077896403,49.00512820512821,48.68205128205128
89,training_set_metastatic_roi_046:335,training_set_metastatic_roi_046,neutrophil,0,False,0.9193776520509194,0.8507853403141361,0.14435695538057744,0.37144455399599746,0.03537326388888889,0.8033012747764587,0.9992032647132874,381.0,28.64035411504846,17.343356052889003,0.7958022236427681,75.59797974644667,0.8377500457956564,48.23097112860892,47.93963254593176,326.0,25.952687967428066,16.26533707754721,0.779236212546529,69.01219330881975,0.8601531889808948,48.60122699386503,47.969325153374236
90,training_set_metastatic_roi_046:426,training_set_metastatic_roi_046,apoptosis,0,True,0.6924493554327809,0.5295774647887324,0.4704225352112676,1.664809876648956,0.020399305555555556,0.545043408870697,0.5459751486778259,355.0,25.586356723778056,17.97187193884487,0.7117818610712001,71.11269837220809,0.8821529698491015,48.140845070422536,47.76056338028169,188.0,19.359269783289022,12.368311297043949,0.7693037880168084,49.798989873223334,0.9526352469523407,46.590425531914896,48.36702127659574
91,training_set_metastatic_roi_047:404,training_set_metastatic_roi_047,stroma,3,False,0.7748878923766817,0.6325036603221084,0.29510703363914376,3.766922996898702,0.05002170138888889,0.5224815011024475,0.9120029807090759,654.0,74.87975479629544,20.173198154362726,0.9630261567853312,168.8528137423857,0.2882511231873952,48.264525993883794,48.711009174311926,461.0,60.41547023773598,15.692829980145099,0.9656762903542169,132.22539674441617,0.3313454656616074,49.89804772234273,45.31670281995662
92,training_set_metastatic_roi_047:417,training_set_metastatic_roi_047,apoptosis,3,True,0.6905187835420393,0.5273224043715847,0.4726775956284153,0.8704200114760724,0.020941840277777776,0.7338021993637085,0.9798851013183594,366.0,23.57647222291129,19.886015424607,0.5371783877130315,68.87005768508881,0.9696836119583674,47.950819672131146,48.01092896174863,193.0,18.300331309553375,13.546176761756023,0.6723704296951151,50.62741699796952,0.9462276452885946,48.803108808290155,47.83419689119171
93,training_set_metastatic_roi_047:454,training_set_metastatic_roi_047,plasma_cell,3,False,0.7038883349950149,0.5430769230769231,0.5652173913043478,7.689994931601253,0.06640625,0.7720060348510742,0.9964330196380615,391.0,26.208336101963052,19.466814293412963,0.6695446055047486,74.42640687119285,0.8870181692870094,48.329923273657286,47.64194373401534,612.0,42.61263972415319,19.357164649333733,0.8908697906604764,104.5685424949238,0.7033300556641546,45.91339869281046,40.341503267973856
94,training_set_metastatic_roi_048:108,training_set_metastatic_roi_048,tumor,3,False,0.9127272727272727,0.8394648829431438,0.08333333333333333,1.4583269553409828,0.09309895833333333,0.745079517364502,0.9962917566299438,792.0,41.382255510862414,24.738035226108504,0.8016502768343923,107.49747468305833,0.8612684167321272,47.986111111111114,48.50252525252525,858.0,42.869261387367914,25.704651938968752,0.8002956002066537,113.74011537017762,0.8334313314533487,47.46969696969697,47.13869463869464
95,training_set_metastatic_roi_048:172,training_set_metastatic_roi_048,melanophage,3,False,0.7657657657657657,0.6204379562043796,0.32663316582914576,1.3449392856157556,0.029079861111111112,0.744890034198761,0.9865390658378601,398.0,28.870019915262976,17.612559757047645,0.7923521432858194,75.94112549695427,0.8672391544613949,48.120603015075375,47.85678391959799,268.0,19.863669477349223,17.224521289992587,0.4980698259671893,58.62741699796952,0.979812864078453,46.776119402985074,47.89179104477612
96,training_set_metastatic_roi_049:32,training_set_metastatic_roi_049,tumor,2,False,0.9001074113856069,0.818359375,0.22195704057279236,0.9133813057081394,0.05555555555555555,0.9118518233299255,0.999821126461029,419.0,30.602089937597842,17.57669541878101,0.8186010159786509,78.8700576850888,0.8464466101285296,47.58472553699284,48.085918854415276,512.0,33.08979727373364,19.92784399491208,0.7983186351234988,86.76955262170047,0.8545650134063156,48.001953125,48.8984375
97,training_set_metastatic_roi_049:229,training_set_metastatic_roi_049,tumor,2,False,0.8873483535528596,0.7975077881619937,0.09818181818181818,1.2470516534684453,0.032769097222222224,0.7833080887794495,0.9889578819274902,275.0,27.910274075659917,13.200705441833097,0.8810788565512505,67.4558441227157,0.7594573600026375,47.86909090909091,47.96,302.0,25.768834066879243,15.07143337415156,0.8111266142442565,66.2842712474619,0.8637654632705466,48.897350993377486,48.66556291390729
98,training_set_metastatic_roi_051:726,training_set_metastatic_roi_051,tumor,4,False,0.699724517906336,0.538135593220339,0.8582677165354331,0.7581401327734737,0.025607638888888888,0.8631525635719299,0.9978037476539612,127.0,13.607906632366417,12.158373866893303,0.4491056954362698,42.384776310850235,0.8883698157066459,47.68503937007874,47.71653543307087,236.0,20.058917426396615,15.17519307757102,0.6539578194275277,55.79898987322333,0.9525092305223654,48.13559322033898,48.32627118644068
99,training_set_metastatic_roi_052:7,training_set_metastatic_roi_052,tumor,2,False,0.9666487358795051,0.9354502863092139,0.06383569247849015,0.6857358287438523,0.4159071180555556,0.7470473647117615,0.9441280364990234,3603.0,73.5463146979298,62.61547597736533,0.5245579273387745,223.48023074035524,0.906558645510716,47.924784901471,48.19900083263947,3833.0,75.75561302551903,64.6887596248473,0.5204145530725464,232.5512985522207,0.8906583533070098,48.070701800156534,48.86903208974694
100,training_set_metastatic_roi_052:258,training_set_metastatic_roi_052,lymphocyte,2,False,0.877742946708464,0.7821229050279329,0.2785714285714286,0.8827356067101327,0.03884548611111111,0.8596651554107666,0.9990676045417786,280.0,21.93875830542445,16.435901046180682,0.66237563188424,60.87005768508881,0.9496432129687675,48.01428571428571,48.04642857142857,358.0,24.662135360839798,18.696685265055134,0.6521232161584647,69.11269837220809,0.9418401315777466,47.95810055865922,48.927374301675975
101,training_set_metastatic_roi_052:325,training_set_metastatic_roi_052,endothelium,2,False,0.917741935483871,0.8479880774962743,0.17926186291739896,1.0354801047799143,0.07280815972222222,0.8992553353309631,0.999450147151947,569.0,36.208412304450356,20.08000538894118,0.832138803975355,92.42640687119285,0.837008735525028,47.708260105448154,48.46748681898067,671.0,39.2611528966163,21.967549411526605,0.8288142847745887,100.91168824543142,0.8280364224063917,46.87481371087929,49.08196721311475
102,training_set_metastatic_roi_052:455,training_set_metastatic_roi_052,apoptosis,2,False,0.8864864864864865,0.7961165048543689,0.08290155440414508,1.1513508851778875,0.019205729166666668,0.8449915647506714,0.9472900032997131,193.0,15.675465136763439,15.675465136763439,0.0,48.970562748477136,1.0113395317359362,48.0,48.0,177.0,16.315834429586754,13.877456722811756,0.5258918343532927,48.04163056034261,0.9637128548335132,49.056497175141246,48.45762711864407
103,training_set_metastatic_roi_053:487,training_set_metastatic_roi_053,apoptosis,2,False,0.7538556446637877,0.6049504950495049,0.39345887016848363,3.8462657549853905,0.06640625,0.8822757601737976,0.9992654919624329,1009.0,36.58806170380444,35.20439904835962,0.2724050325598862,120.32590180780451,0.8757553108897456,48.19226957383548,47.83250743310208,612.0,34.61333171642765,22.819213176834047,0.7519143446099367,94.42640687119285,0.8625302948800196,50.423202614379086,44.69934640522876
104,training_set_metastatic_roi_054:268,training_set_metastatic_roi_054,tumor,2,False,0.8770571151984511,0.7810344827586206,0.2803532008830022,0.5216736193963918,0.06293402777777778,0.8932954668998718,0.9992995262145996,453.0,33.80017971178553,17.52047400843175,0.8551658614246155,85.01219330881975,0.7876723923366445,48.24282560706402,47.94039735099338,580.0,38.23504271026606,20.317362789100862,0.8471331528464967,98.91168824543142,0.7449765946268369,48.241379310344826,48.46206896551724
105,training_set_metastatic_roi_055:394,training_set_metastatic_roi_055,lymphocyte,3,False,0.9253731343283582,0.8611111111111112,0.15261044176706828,0.7151174806731828,0.031141493055555556,0.8495880365371704,0.9988619089126587,249.0,20.752405279832637,15.898945196050153,0.6426910937108646,59.941125496954285,0.8708822209092707,48.4136546184739,47.88353413654618,287.0,24.401511701696727,15.631777151958321,0.7678689858534995,67.59797974644667,0.7892676950913762,49.00696864111498,47.48432055749129
106,training_set_metastatic_roi_055:665,training_set_metastatic_roi_055,plasma_cell,3,False,0.8888888888888888,0.8,0.2,0.9938025432136675,0.024305555555555556,0.8393208384513855,0.9963260293006897,280.0,24.60766871147289,14.6848313997628,0.8024210179396603,64.76955262170047,0.8387375772488195,48.410714285714285,48.267857142857146,224.0,22.939206914338545,12.932543999709727,0.8259286361742226,61.698484809834994,0.7394501218082872,47.892857142857146,49.11607142857143
107,training_set_metastatic_roi_055:721,training_set_metastatic_roi_055,lymphocyte,3,False,0.9788434414668548,0.9585635359116023,0.04143646408839779,0.00856014021998072,0.037651909722222224,0.882743775844574,0.9995624423027039,362.0,27.93998372527715,16.708651911342116,0.8014816367245284,71.698484809835,0.8849087282170444,47.629834254143645,48.26243093922652,347.0,27.05366137805577,16.527647961037008,0.7916916177698119,70.2842712474619,0.8827201624079586,47.63112391930836,48.27089337175793
108,training_set_metastatic_roi_055:786,training_set_metastatic_roi_055,tumor,3,False,0.969558599695586,0.9409158050221565,0.05621301775147929,0.2225762984653243,0.06922743055555555,0.9160983562469482,0.999861478805542,676.0,35.80541854993154,24.25539952446758,0.7355940651729354,97.49747468305833,0.8936548689709384,48.46301775147929,47.90828402366864,638.0,34.74737914076493,23.57834515471246,0.7345406306399083,94.91168824543142,0.89000233437449,48.606583072100314,48.078369905956116
109,training_set_metastatic_roi_055:885,training_set_metastatic_roi_055,lymphocyte,3,False,0.9681528662420382,0.9382716049382716,0.06172839506172839,0.029502698404983818,0.04123263888888889,0.8934333920478821,0.9997926354408264,405.0,24.680213970493227,21.130449083881466,0.5166948856684251,73.94112549695427,0.9308780148496167,48.22469135802469,47.88395061728395,380.0,24.200368645588,20.1961817808633,0.5509469716079513,71.35533905932738,0.9378653964662559,48.23157894736842,47.85526315789474
110,training_set_metastatic_roi_056:177,training_set_metastatic_roi_056,endothelium,3,False,0.8775677896466721,0.7818448023426061,0.27902621722846443,1.1336360438180033,0.07411024305555555,0.8713713884353638,0.9967374205589294,534.0,41.37358198952685,16.600296317268086,0.9159776149442819,97.59797974644667,0.7044812928156405,48.07303370786517,48.27902621722846,683.0,45.32897524971839,19.450041565423685,0.9032635055964601,110.42640687119284,0.7038574076509917,48.42313323572474,49.357247437774525
111,training_set_metastatic_roi_056:261,training_set_metastatic_roi_056,tumor,3,False,0.0,0.0,1.0,nan,0.0,0.44332823157310486,0.16358432173728943,187.0,15.944198962924292,14.997105654558835,0.3395181451842025,48.62741699796952,0.9937772903722268,47.62032085561497,47.62566844919786,0.0,0.0,0.0,0.0,0.0,0.0,nan,nan
112,training_set_metastatic_roi_056:306,training_set_metastatic_roi_056,neutrophil,3,False,0.9446254071661238,0.8950617283950617,0.006493506493506494,0.9429100282572404,0.0166015625,0.7813481688499451,0.9082973003387451,154.0,21.819109901811803,9.360239320174703,0.9033079461516673,50.14213562373095,0.7697061035538363,48.214285714285715,48.14935064935065,153.0,21.518256693109702,9.512184410350782,0.896989516957735,50.384776310850235,0.7573604553813059,48.43790849673203,49.06535947712418
113,training_set_metastatic_roi_056:321,training_set_metastatic_roi_056,apoptosis,3,True,0.8031496062992126,0.6710526315789473,0.145985401459854,1.8078488950385172,0.0126953125,0.6844939589500427,0.7848341464996338,137.0,13.191459302902995,13.191459302902995,0.0,40.970562748477136,1.0256202162501762,48.0,48.0,117.0,13.052034164839624,11.457131056146531,0.4790195187467222,37.798989873223334,1.0290473003474205,46.23931623931624,47.58974358974359
114,training_set_metastatic_roi_057:348,training_set_metastatic_roi_057,plasma_cell,3,False,0.9533678756476683,0.9108910891089109,0.058666666666666666,0.6486544801921071,0.04307725694444445,0.8305225372314453,0.999600350856781,375.0,27.832284532974118,17.37911077855675,0.7810865945870793,72.2842712474619,0.9018898885346599,47.78666666666667,47.858666666666664,397.0,28.837801432978832,17.94285917247148,0.7828589023375977,76.52691193458118,0.8518673896050621,47.387909319899244,48.37027707808564
115,training_set_metastatic_roi_057:476,training_set_metastatic_roi_057,lymphocyte,3,False,0.9037037037037037,0.8243243243243243,0.21311475409836064,0.5067922317330215,0.024088541666666668,0.8220909833908081,0.9863232374191284,183.0,22.82158380807879,11.668433902068587,0.8594086042210315,57.798989873223334,0.6883676568970045,47.78142076502732,47.80327868852459,222.0,24.863825787833044,12.440096377755637,0.8658352958537562,62.04163056034262,0.7247636973884628,48.270270270270274,47.93693693693694
116,training_set_metastatic_roi_057:497,training_set_metastatic_roi_057,plasma_cell,3,False,0.7241379310344828,0.5675675675675675,0.2132701421800948,7.154545144070859,0.03602430555555555,0.8202070593833923,0.9987849593162537,422.0,39.3946696125816,14.388974897468723,0.9309087526189853,91.698484809835,0.6306639342899835,48.127962085308056,47.88151658767772,332.0,26.675719851191037,15.894688670063097,0.8030968309697548,68.87005768508881,0.8796037135797214,47.68072289156626,40.74096385542169
117,training_set_metastatic_roi_058:325,training_set_metastatic_roi_058,tumor,2,False,0.9813829787234043,0.9634464751958225,0.029689608636977057,0.35280475967712016,0.0827907986111111,0.9165816903114319,0.999907374382019,741.0,41.399435668473025,22.861367727419555,0.8337020877271425,108.32590180780451,0.7935301742508581,48.34952766531714,48.0,763.0,42.12036033028013,23.10437484168339,0.8361294167009634,108.08326112068522,0.8207625313378148,48.411533420707734,48.34731323722149
118,training_set_metastatic_roi_058:408,training_set_metastatic_roi_058,tumor,2,False,0.9674418604651163,0.9369369369369369,0.0673076923076923,0.26030789813190086,0.060221354166666664,0.9001149535179138,0.9998679161071777,520.0,40.94507838223333,16.281843448923503,0.9175368308324574,96.66904755831214,0.699259424274949,47.75,47.761538461538464,555.0,41.56353001919073,17.13737097662921,0.9110402161622306,98.91168824543142,0.7128655345136111,47.94234234234234,47.93693693693694
119,training_set_metastatic_roi_059:121,training_set_metastatic_roi_059,tumor,2,False,0.934,0.8761726078799249,0.14132762312633834,0.2222450178591298,0.05783420138888889,0.9398865699768066,0.9998620748519897,467.0,27.40498703947002,21.870593208698523,0.6025891432350661,80.76955262170047,0.8995625976502563,48.38758029978587,48.113490364025694,533.0,28.55493373926131,23.933913437650812,0.5454077423770359,84.76955262170047,0.9320888027000831,48.530956848030016,48.28330206378987
120,training_set_metastatic_roi_059:744,training_set_metastatic_roi_059,endothelium,2,True,0.6623376623376623,0.49514563106796117,0.5048543689320388,1.323128775247504,0.005533854166666667,0.6601765155792236,0.18461869657039642,103.0,18.396157954551843,7.381021466802656,0.9159789825496891,41.071067811865476,0.7673174947411977,47.349514563106794,48.22330097087379,51.0,13.913205300704604,5.020583935252005,0.9326237613628566,29.071067811865476,0.7583297110095257,48.450980392156865,47.490196078431374
121,training_set_metastatic_roi_060:335,training_set_metastatic_roi_060,apoptosis,2,False,0.8583333333333333,0.7518248175182481,0.11023622047244094,2.3645042070067,0.024522569444444444,0.7272771596908569,0.9207650423049927,254.0,29.42202774231767,12.783645711803729,0.9006755273573969,75.45584412271572,0.5606060971306076,47.826771653543304,48.42913385826772,226.0,27.692901207624402,11.537254215953142,0.9090834166870873,68.2842712474619,0.6090836554314913,47.56194690265487,50.7787610619469
122,training_set_metastatic_roi_061:196,training_set_metastatic_roi_061,tumor,2,False,0.8875305623471883,0.7978021978021979,0.2410958904109589,2.12647227483932,0.09830729166666667,0.8629934787750244,0.9973161816596985,730.0,34.82754991342246,26.847178474159556,0.6370041361914611,100.08326112068522,0.9158193770107894,47.62876712328767,48.0,906.0,39.05590624763978,29.741998453485493,0.6481370578224968,111.39696961966999,0.9174688084765177,47.428256070640174,50.11699779249448
123,training_set_metastatic_roi_061:215,training_set_metastatic_roi_061,neutrophil,2,False,0.8527131782945736,0.7432432432432432,0.34545454545454546,0.7937115402062873,0.048177083333333336,0.8813088536262512,0.9987637996673584,330.0,23.19123175057398,18.376031730471762,0.6100410605055183,66.87005768508881,0.9273857283818495,47.56969696969697,47.733333333333334,444.0,27.142678043254893,21.392254938928954,0.6154948480321991,78.76955262170047,0.8992409513544677,47.46621621621622,48.520270270270274
124,training_set_metastatic_roi_062:384,training_set_metastatic_roi_062,neutrophil,0,False,0.5699873896595208,0.3985890652557319,0.5889679715302492,2.024840398381146,0.025065104166666668,0.6778390407562256,0.9983964562416077,562.0,41.31996141920532,20.618851166318407,0.8665993311873068,120.91168824543144,0.4830694905187212,47.79893238434164,48.2153024911032,231.0,23.47325112871315,13.319700440713037,0.8234136078085793,64.52691193458118,0.6971722315458411,49.81818181818182,48.064935064935064
125,training_set_metastatic_roi_063:187,training_set_metastatic_roi_063,tumor,2,True,0.9597989949748744,0.9227053140096618,0.0657439446366782,0.7594919245212417,0.06684027777777778,0.8666927218437195,0.9983208775520325,578.0,35.43924342512468,21.682048936985893,0.7910055106971275,93.35533905932738,0.8334112934326523,47.622837370242216,48.410034602076124,616.0,35.80747305885767,22.786762300763467,0.7713848721830178,96.5269119345812,0.8307947645230873,47.050324675324674,48.90909090909091
126,training_set_metastatic_roi_063:487,training_set_metastatic_roi_063,tumor,2,False,0.9256038647342996,0.8615107913669064,0.14730290456431536,1.105148666002522,0.060004340277777776,0.8872560262680054,0.9981397390365601,482.0,32.78967388579595,18.747306038600165,0.8204319372627912,83.94112549695427,0.8596216131096203,47.684647302904565,47.55601659751037,553.0,34.422510387985014,20.489514740046562,0.8035509915770767,89.35533905932738,0.870350095174591,47.63291139240506,46.45207956600362
127,training_set_metastatic_roi_064:53,training_set_metastatic_roi_064,tumor,0,False,0.9355608591885441,0.8789237668161435,0.11616161616161616,1.119964539237487,0.0959201388888889,0.9305610060691833,0.9998937845230103,792.0,39.75812728014041,25.51873406321546,0.766830633871768,106.8111831820431,0.8723717508064273,47.72222222222222,47.85732323232323,884.0,40.69896192428849,27.81119523554169,0.7301010657254348,111.63961030678928,0.8913032812159322,47.990950226244344,48.94457013574661
128,training_set_metastatic_roi_064:160,training_set_metastatic_roi_064,lymphocyte,0,True,0.8611713665943601,0.7561904761904762,0.25980392156862747,1.80442747686918,0.05577256944444445,0.9035418629646301,0.9996370077133179,408.0,25.522689651607795,20.44880288425406,0.5983954021007937,73.01219330881975,0.9617877408371832,48.46568627450981,48.291666666666664,514.0,28.290277574584536,23.19944738750257,0.572291614838056,82.66904755831213,0.945120351080183,49.3443579766537,49.86770428015564
129,training_set_metastatic_roi_064:345,training_set_metastatic_roi_064,plasma_cell,0,False,0.8711276332094176,0.7716794731064764,0.09610389610389611,2.0064046142260517,0.0915798611111111,0.8727814555168152,0.9996699094772339,770.0,39.7592517825346,25.231679708074534,0.7728312899413664,107.63961030678928,0.8351343664184586,47.923376623376626,47.88961038961039,844.0,42.155010661884155,26.908713465678876,0.7697646865881986,136.12489168102786,0.5723704659653238,46.20142180094787,48.91943127962085
130,training_set_metastatic_roi_064:437,training_set_metastatic_roi_064,histiocyte,0,True,0.8957836117740652,0.8112391930835735,0.06018518518518518,2.094149551964192,0.06608072916666667,0.7830212712287903,0.9974466562271118,648.0,35.71604862656384,23.833406410888845,0.7447868507171461,98.52691193458118,0.8388322661817015,48.26543209876543,47.714506172839506,609.0,37.52409781202796,21.391906665274917,0.8215860630673864,100.2842712474619,0.760959443286179,49.33661740558292,49.51395730706076
131,training_set_metastatic_roi_064:626,training_set_metastatic_roi_064,endothelium,0,True,0.8373101952277657,0.7201492537313433,0.24269377382465057,2.3235422649314827,0.0646701388888889,0.7048407196998596,0.9548784494400024,787.0,37.61139014889522,30.091782303735627,0.5999053296082016,119.39696961966999,0.6937419998424467,48.321473951715376,48.16010165184244,596.0,29.7453326778743,27.97962211984852,0.33940850997625904,102.08326112068522,0.7186990203691861,50.25,46.86409395973154
132,training_set_metastatic_roi_065:145,training_set_metastatic_roi_065,tumor,0,False,0.8634984833164813,0.7597864768683275,0.3161592505854801,1.4059592321758985,0.060980902777777776,0.9095465540885925,0.9998694658279419,427.0,23.525800762759943,23.168509928999665,0.17361950229404796,75.01219330881975,0.953617057503816,47.9367681498829,47.57142857142857,562.0,27.093063186879466,26.435899782836458,0.21891372468375353,85.84062043356595,0.9584301865385033,48.245551601423486,48.94306049822064
133,training_set_metastatic_roi_065:328,training_set_metastatic_roi_065,neutrophil,0,True,0.9148936170212766,0.8431372549019608,0.16771488469601678,1.2361297017033157,0.06043836805555555,0.9004312753677368,0.9992874264717102,477.0,26.36326759605053,23.079448055201986,0.4833275620527732,79.59797974644667,0.9460719203696388,47.58909853249476,48.314465408805034,557.0,28.61595029162731,25.036436435906037,0.4842820524625289,87.01219330881975,0.9244955544909653,48.69479353680431,48.867145421903054
134,training_set_metastatic_roi_065:532,training_set_metastatic_roi_065,plasma_cell,0,False,0.6010362694300518,0.42962962962962964,0.41478439425051333,7.663667648886517,0.030924479166666668,0.6807745099067688,0.8979184031486511,487.0,32.590485847447574,19.180506948837053,0.8084747469936302,86.76955262170048,0.812838206111085,47.75154004106776,47.61190965092403,285.0,19.803604241582505,18.62218577960738,0.340227207431546,61.45584412271571,0.9482620004259535,40.1719298245614,48.743859649122804
135,training_set_metastatic_roi_066:83,training_set_metastatic_roi_066,tumor,2,True,0.9610894941634242,0.9250936329588015,0.07258064516129033,0.7206537692859225,0.05772569444444445,0.8810116648674011,0.9997232556343079,496.0,33.236894014066316,19.2079173003146,0.8161008469875007,86.42640687119285,0.8344467448955019,47.79032258064516,47.622983870967744,532.0,35.12254948312794,19.551279339154615,0.830741164506609,91.49747468305833,0.7985521453665846,47.98872180451128,48.31578947368421
136,training_set_metastatic_roi_066:786,training_set_metastatic_roi_066,apoptosis,2,False,0.8126649076517151,0.6844444444444444,0.31555555555555553,1.5333000496943143,0.016710069444444444,0.7192515730857849,0.9007990956306458,225.0,17.585712378409497,16.41964869763454,0.3580757117352178,53.941125496954285,0.9717451334833964,47.946666666666665,47.577777777777776,154.0,15.701294445173584,12.56439505152402,0.599714610034611,43.798989873223334,1.0087937797500768,47.357142857142854,46.16233766233766
137,training_set_metastatic_roi_067:694,training_set_metastatic_roi_067,lymphocyte,3,False,0.8881987577639752,0.7988826815642458,0.07761194029850746,1.9219818608234949,0.033528645833333336,0.8058414459228516,0.9990342855453491,335.0,22.72753087796326,19.18899784389888,0.5358608462136769,69.21320343559643,0.8787731321854743,47.549253731343285,48.113432835820895,309.0,21.58433532810671,18.477452917255356,0.5168790077070943,64.2842712474619,0.9396343690106855,46.56957928802589,49.76699029126213
138,training_set_metastatic_roi_068:102,training_set_metastatic_roi_068,tumor,2,False,0.9485232067510548,0.9020866773675762,0.025,1.3967424404999635,0.1904296875,0.8743771910667419,0.9768359661102295,1800.0,56.9829562151787,40.28229988090395,0.7072951184086758,159.6812408671319,0.887104069421108,47.81388888888889,47.818888888888885,1755.0,57.7996278785592,38.741008823244606,0.7421227610731723,159.4386001800126,0.8675610372831684,48.826780626780625,48.78062678062678
139,training_set_metastatic_roi_069:128,training_set_metastatic_roi_069,tumor,2,False,0.985373364126251,0.9711684370257967,0.004629629629629629,0.21808228106779046,0.07063802083333333,0.9074735045433044,0.9996417760848999,648.0,34.66559729358731,24.147378727528,0.7174786559965816,97.35533905932738,0.8591427362318625,47.598765432098766,48.29475308641975,651.0,34.902690779191325,23.987693121305142,0.7263987806799385,96.18376618407356,0.8842748960393313,47.51152073732719,48.494623655913976
140,training_set_metastatic_roi_069:556,training_set_metastatic_roi_069,endothelium,2,False,0.2875816993464052,0.16793893129770993,0.8077922077922078,14.529059915765044,0.016059027777777776,0.17397937178611755,0.24761061370372772,770.0,51.863828550835485,19.400943769158296,0.9273985942029138,124.12489168102783,0.628033520345485,48.36493506493507,47.63246753246753,148.0,19.225347386763964,12.891111610132025,0.7418852636053349,43.798989873223334,0.9694901259935803,52.28378378378378,33.641891891891895
141,training_set_metastatic_roi_070:24,training_set_metastatic_roi_070,tumor,2,False,0.9150943396226415,0.8434782608695652,0.1780821917808219,0.9374126199304561,0.07465277777777778,0.9192527532577515,0.9991158843040466,584.0,34.150829706294445,22.00890872461397,0.7646364199480953,91.01219330881975,0.8859792486026501,48.16095890410959,48.4041095890411,688.0,36.180901698159694,24.37300459214945,0.7390570703403413,99.25483399593904,0.8775966718520296,48.38662790697674,49.31395348837209
142,training_set_metastatic_roi_070:108,training_set_metastatic_roi_070,tumor,2,True,0.9140845070422535,0.8417639429312581,0.18461538461538463,0.4479777360672314,0.08355034722222222,0.9106658101081848,0.9999130964279175,650.0,37.650683387780134,22.12172425965296,0.8091866048502987,99.1543289325507,0.8308064536256637,47.62769230769231,47.65076923076923,770.0,39.188094679925975,25.295999857209576,0.7637584423786047,107.7401153701776,0.8335769876691649,48.02597402597402,47.85584415584415
143,training_set_metastatic_roi_070:132,training_set_metastatic_roi_070,tumor,2,False,0.9065606361829026,0.8290909090909091,0.12834978843441466,1.9168026851530562,0.08680555555555555,0.8856128454208374,0.9998319149017334,709.0,46.27524388112966,20.09725624002733,0.9007691449498527,112.5685424949238,0.7031079575912725,47.92947813822285,47.60084626234133,800.0,48.28538717457422,21.641712857384086,0.8939312075777399,117.63961030678928,0.7264282024127475,48.30125,49.48125
144,training_set_metastatic_roi_071:61,training_set_metastatic_roi_071,lymphocyte,0,False,0.9701492537313433,0.9420289855072463,0.02359882005899705,0.26891998665690586,0.03591579861111111,0.8832595348358154,0.9997918009757996,339.0,26.412871755838545,16.576833943089124,0.7785324302947783,71.11269837220809,0.842393962757311,48.0,47.56342182890855,331.0,25.7275379272151,16.572077883275295,0.7649095270505024,68.76955262170047,0.8795194735647247,47.73111782477341,47.55891238670695
145,training_set_metastatic_roi_071:399,training_set_metastatic_roi_071,plasma_cell,0,True,0.7007601935038009,0.5393617021276595,0.35381114903299204,6.684260753537248,0.06163194444444445,0.6396028399467468,0.9632734656333923,879.0,37.99573036168012,29.616920430508625,0.6264268350649985,111.49747468305833,0.8885230052682028,48.3481228668942,47.907849829351534,568.0,34.00231453065988,25.324312142501075,0.6673078437886564,114.63961030678928,0.5431112483470263,48.353873239436616,41.223591549295776
146,training_set_metastatic_roi_072:111,training_set_metastatic_roi_072,neutrophil,0,False,0.8992248062015504,0.8169014084507042,0.1544885177453027,1.621665938970196,0.060004340277777776,0.8088894486427307,0.9984789490699768,479.0,28.19046424314992,21.69613643034336,0.6384940157430241,80.76955262170047,0.9226776965192137,48.052192066805844,47.643006263048015,553.0,29.394573505426113,23.990983191267798,0.5778111683297917,87.01219330881975,0.9178564481750517,47.7631103074141,49.23869801084991
147,training_set_metastatic_roi_072:374,training_set_metastatic_roi_072,plasma_cell,0,False,0.7980049875311721,0.6639004149377593,0.2719546742209632,3.151940976765277,0.04871961805555555,0.8425316214561462,0.9985926747322083,353.0,28.48243630647349,15.923396374999047,0.8291270705833874,73.11269837220809,0.8298487496616309,48.11331444759207,48.22096317280453,449.0,32.941600457757986,17.636075998970735,0.8446151154650706,85.14823227814082,0.7782245600226809,45.97995545657015,50.54120267260579
148,training_set_metastatic_roi_072:524,training_set_metastatic_roi_072,lymphocyte,0,False,0.5803108808290155,0.40875912408759124,1.4464285714285714,2.8049938873714524,0.044596354166666664,0.8435341715812683,0.9981920123100281,168.0,15.992274211853678,13.35949813713788,0.549685016163681,45.798989873223334,1.0064850926985833,48.0,47.773809523809526,411.0,23.80712168839931,22.119615940116436,0.3697843584880444,74.18376618407356,0.938499250242544,49.75912408759124,49.95863746958638
149,training_set_metastatic_roi_072:529,training_set_metastatic_roi_072,endothelium,0,False,0.7940647482014388,0.6584638329604773,0.01073345259391771,6.314335117835373,0.12000868055555555,0.7727079391479492,0.9838426113128662,1118.0,51.130966636467434,27.98634895798781,0.8369061786034571,134.5685424949238,0.7758264295785289,48.33542039355993,48.42307692307692,1106.0,58.00319065966243,24.657446736902106,0.9051440402108232,141.1543289325507,0.6975519990526843,42.48372513562387,46.050632911392405
150,training_set_metastatic_roi_073:260,training_set_metastatic_roi_073,tumor,2,False,0.9042553191489362,0.8252427184466019,0.21176470588235294,0.5887529735589098,0.1005859375,0.9392333626747131,0.9999096393585205,765.0,38.314195498109626,25.575082077371455,0.7446014540284991,103.84062043356595,0.8915316192127988,47.76993464052288,48.266666666666666,927.0,42.05441702368695,28.10751170661087,0.7438374994528769,115.74011537017759,0.8696044956787999,47.341963322545844,48.670981661272926
151,training_set_metastatic_roi_073:745,training_set_metastatic_roi_073,plasma_cell,2,False,0.7065972222222222,0.5463087248322148,0.45369127516778524,2.0465557148334383,0.04416232638888889,0.9016944766044617,0.9993590712547302,745.0,31.756017243780878,30.154033119829332,0.31360548753866024,100.32590180780451,0.9301221618766453,47.691275167785236,48.39731543624161,407.0,23.23942730842897,22.371506721838173,0.27073790023135924,72.18376618407356,0.9815788633901301,49.14742014742015,49.83538083538083
152,training_set_metastatic_roi_075:310,training_set_metastatic_roi_075,lymphocyte,2,False,0.9131578947368421,0.8401937046004843,0.19020172910662825,0.7141439966362684,0.04481336805555555,0.9086032509803772,0.9997585415840149,347.0,26.012973693588396,17.106742806813557,0.7533467542876731,69.01219330881976,0.9155618299888663,48.34293948126801,48.10951008645533,413.0,27.3512049338133,19.440219991246938,0.7034317242837305,75.25483399593904,0.9164127260474249,48.186440677966104,48.80629539951574
153,training_set_metastatic_roi_075:367,training_set_metastatic_roi_075,apoptosis,2,False,0.8051948051948052,0.6739130434782609,0.3103448275862069,2.2813346682662288,0.023871527777777776,0.8432286381721497,0.9595968723297119,319.0,23.350761713413398,17.43362788186607,0.6652756491360917,66.2842712474619,0.9123880224612727,47.76802507836991,47.73667711598746,220.0,19.5142926248659,14.358583226653117,0.6772007606280968,53.45584412271571,0.9674803678480023,45.61818181818182,48.5
154,training_set_metastatic_roi_076:125,training_set_metastatic_roi_076,tumor,2,False,0.8714285714285714,0.7721518987341772,0.29508196721311475,0.5561063778389221,0.025716145833333332,0.8773251175880432,0.9984496831893921,183.0,25.72535849340957,9.781650335679497,0.9248904105598265,59.35533905932738,0.6527417228176782,48.4207650273224,47.85245901639344,237.0,28.61347781284178,11.253793526745635,0.9194085118809932,66.76955262170047,0.6680381695639368,48.18143459915612,48.35443037974684
155,training_set_metastatic_roi_076:415,training_set_metastatic_roi_076,stroma,2,False,0.802547770700637,0.6702127659574468,0.49206349206349204,0.3887225944140603,0.010199652777777778,0.726458728313446,0.7747740745544434,63.0,14.042572563841134,5.870733840804625,0.9084162718898156,31.899494936611667,0.7780057371875331,48.507936507936506,48.15873015873016,94.0,16.541188101392258,7.301857155795939,0.8972932959358048,38.970562748477136,0.77779359631696,48.287234042553195,48.47872340425532
156,training_set_metastatic_roi_078:17,training_set_metastatic_roi_078,tumor,2,True,0.9322493224932249,0.8730964467005076,0.12680115273775217,1.7450893558281617,0.12727864583333334,0.8920559883117676,0.9986010193824768,1041.0,55.92022326547841,24.437326418504696,0.8994598647808278,135.9827560572969,0.7074453810195726,48.248799231508166,47.558117195004805,1173.0,58.92968852469378,25.877254385288378,0.8984280087979476,143.63961030678928,0.7144295998517692,48.630861040068204,49.26086956521739
157,training_set_metastatic_roi_078:121,training_set_metastatic_roi_078,tumor,2,False,0.9095890410958904,0.8341708542713567,0.12209302325581395,0.8119172629404912,0.06282552083333333,0.851811945438385,0.9980883002281189,516.0,38.050707539564335,18.45020123994392,0.874578153586542,95.35533905932738,0.7131313619590154,48.354651162790695,48.06976744186046,579.0,40.17150109512128,18.9900647829675,0.8812101136264279,98.76955262170047,0.7458341322820286,47.571675302245254,47.854922279792746
158,training_set_metastatic_roi_079:65,training_set_metastatic_roi_079,tumor,2,False,0.95565988523735,0.9150849150849151,0.02857142857142857,0.8763290486193743,0.10546875,0.9134848117828369,0.9999045133590698,945.0,37.85371729186436,31.96170028328313,0.5357955861496052,113.74011537017762,0.9179401028244923,48.388359788359786,47.98306878306878,972.0,38.99868547863982,31.83650254605728,0.5775602046229732,114.8111831820431,0.9266329599260033,47.93930041152263,48.73559670781893
159,training_set_metastatic_roi_079:168,training_set_metastatic_roi_079,tumor,2,False,0.9184782608695652,0.8492462311557789,0.01092896174863388,1.5473172177811805,0.060221354166666664,0.8306556940078735,0.9984277486801147,549.0,35.54997034830156,20.160518064691125,0.8236464327850331,91.84062043356595,0.817923319838584,47.54280510018215,47.71402550091074,555.0,34.63607573545094,20.94307518151973,0.7964831383152179,92.42640687119285,0.8164144959866266,48.24684684684685,49.09189189189189
160,training_set_metastatic_roi_079:198,training_set_metastatic_roi_079,plasma_cell,2,True,0.9619989588755856,0.9267803410230692,0.009414225941422594,1.0538925512973099,0.1047092013888889,0.8489729166030884,0.995498538017273,956.0,38.6034358690031,31.852787001850768,0.5649454009942945,114.46803743153546,0.9168520969271844,48.14748953974895,48.06380753138075,965.0,37.48729409035067,32.97709215359022,0.47555279335704137,114.22539674441619,0.9294196003559928,47.097409326424874,48.15336787564767
161,training_set_metastatic_roi_080:11,training_set_metastatic_roi_080,lymphocyte,0,True,0.9698996655518395,0.9415584415584416,0.0457516339869281,0.49391149474596374,0.031684027777777776,0.8112353682518005,0.9988709092140198,306.0,24.413399687039018,16.19418229035986,0.7483254876696921,65.79898987322333,0.8881633283650754,48.40196078431372,48.130718954248366,292.0,23.568549717677847,15.974303468927088,0.7352642997868831,63.55634918610404,0.9083951997265738,48.43835616438356,48.62328767123287
162,training_set_metastatic_roi_080:96,training_set_metastatic_roi_080,tumor,0,False,0.9476135040745053,0.9004424778761062,0.09955752212389381,0.2715272316478988,0.08832465277777778,0.9108878970146179,0.9997542500495911,904.0,40.40017900272526,28.820855511981282,0.7007729778988906,116.5685424949238,0.8360178722598544,47.51659292035398,48.47345132743363,814.0,38.46618864440127,27.229370245287328,0.7063346796649966,107.49747468305833,0.8851925394191307,47.42014742014742,48.72727272727273
163,training_set_metastatic_roi_080:218,training_set_metastatic_roi_080,lymphocyte,0,False,0.9136690647482014,0.8410596026490066,0.055944055944055944,0.9795932174305988,0.0146484375,0.7381320595741272,0.9954837560653687,143.0,16.700029905058564,11.098441795383255,0.7472205321351196,44.52691193458119,0.9063600364304657,47.51048951048951,47.87412587412587,135.0,14.911722172631892,11.569020823149115,0.6309371039164487,41.21320343559643,0.9987824137617729,46.7037037037037,47.318518518518516
164,training_set_metastatic_roi_080:283,training_set_metastatic_roi_080,melanophage,0,True,0.958139534883721,0.9196428571428571,0.0,0.3693210703461497,0.023328993055555556,0.7256010174751282,0.8775485754013062,215.0,22.76587405951612,12.692574895748498,0.8301592365009605,60.17766952966369,0.7460665931445603,48.41860465116279,48.25581395348837,215.0,22.25342476547147,12.929672574407244,0.8138896737213478,57.55634918610404,0.8155711346544174,48.78604651162791,48.21860465116279
165,training_set_metastatic_roi_080:306,training_set_metastatic_roi_080,plasma_cell,0,False,0.6411764705882353,0.47186147186147187,0.5281385281385281,8.993425888104891,0.047309027777777776,0.8072248697280884,0.9929290413856506,924.0,47.82358066351687,25.140091278857387,0.8506799221306289,120.66904755831214,0.7974254011249607,48.02597402597402,48.2034632034632,436.0,29.68365256183014,18.820595988912856,0.7733009991659148,78.5269119345812,0.8885038518765751,46.06422018348624,39.42660550458716
166,training_set_metastatic_roi_080:310,training_set_metastatic_roi_080,melanophage,0,False,0.6261398176291794,0.4557522123893805,0.5420974889217134,3.3015351475079586,0.033637152777777776,0.34335243701934814,0.5329146385192871,677.0,33.95850711918268,25.478793172696978,0.6611066854492207,94.66904755831213,0.9492541775354221,48.18316100443131,48.267355982274744,310.0,31.132144449422857,13.191621764962902,0.9057885714497707,76.18376618407356,0.6711918602011456,49.725806451612904,45.348387096774196
167,training_set_metastatic_roi_081:22,training_set_metastatic_roi_081,tumor,2,False,0.9304274937133278,0.8699059561128527,0.14954954954954955,0.3544572654451098,0.06922743055555555,0.8887448906898499,0.9994674324989319,555.0,35.38930557165457,20.018153086394506,0.8246416963089798,90.42640687119285,0.8529278562328554,48.142342342342346,48.126126126126124,638.0,36.941810883677626,22.039680439010194,0.802534801211129,96.42640687119285,0.8622606651259508,48.04545454545455,48.46708463949843
168,training_set_metastatic_roi_083:210,training_set_metastatic_roi_083,tumor,2,False,0.9678842853640598,0.9377672209026128,0.0344139650872818,1.0629286222535033,0.2250434027777778,0.6739785671234131,0.9844949841499329,2005.0,75.49277783913678,39.07931483100593,0.8555886377059937,212.58073580374355,0.5575405114028462,47.99152119700748,47.58304239401496,2074.0,76.30233530164854,39.84207773522937,0.852847140756354,207.23759005323595,0.6068502700332074,48.85631629701061,48.201060752169724
169,training_set_metastatic_roi_084:244,training_set_metastatic_roi_084,lymphocyte,3,False,0.9408450704225352,0.8882978723404256,0.0943952802359882,0.7511552772292632,0.04025607638888889,0.8625392317771912,0.9993942975997925,339.0,23.54429978587766,18.60639768608274,0.6127563793642264,68.52691193458118,0.907166991418704,48.147492625368734,48.15929203539823,371.0,24.18076738762154,19.72111744302218,0.578657903278923,71.11269837220809,0.9219119769408921,48.02425876010782,48.900269541778975
170,training_set_metastatic_roi_085:318,training_set_metastatic_roi_085,melanophage,3,True,0.8876033057851239,0.7979197622585439,0.1265377855887522,4.5553687534321785,0.0695529513888889,0.575177788734436,0.9554484486579895,569.0,49.38292394636946,15.048538028582488,0.9524382628470882,111.66295090390226,0.5734610545225457,48.0597539543058,47.72759226713533,641.0,52.85467375207776,15.942667471475731,0.953424387237188,116.62741699796952,0.5921975129102829,48.1996879875195,52.280811232449295
171,training_set_metastatic_roi_085:390,training_set_metastatic_roi_085,histiocyte,3,True,0.8465266558966075,0.7338935574229691,0.36259541984732824,1.0555869683159735,0.038736979166666664,0.8486928343772888,0.9988366961479187,262.0,24.987887392160257,13.967183114270153,0.8291958726780368,65.35533905932738,0.7708129655801664,47.66412213740458,47.85496183206107,357.0,28.20813232180322,16.75862414273319,0.8043866695254831,75.35533905932738,0.7900417159138491,47.19047619047619,48.79831932773109
172,training_set_metastatic_roi_086:32,training_set_metastatic_roi_086,melanophage,0,False,0.9165526675786594,0.8459595959595959,0.030555555555555555,0.40422263217762466,0.04025607638888889,0.8142060041427612,0.9932912588119507,360.0,25.63257163345591,17.92497842962901,0.7148236867198645,69.698484809835,0.9312487243067027,47.81388888888889,47.50833333333333,371.0,23.327394091406358,20.296073309334947,0.4929578800531083,69.94112549695429,0.9530562641605393,47.41239892183288,47.55525606469003
173,training_set_metastatic_roi_086:455,training_set_metastatic_roi_086,neutrophil,0,False,0.7117437722419929,0.5524861878453039,0.4034090909090909,2.0131713808894993,0.022786458333333332,0.515909731388092,0.7997035384178162,352.0,31.762439313752765,14.39804945026944,0.8913558416310754,77.01219330881976,0.7458191716700825,48.36647727272727,48.34659090909091,210.0,22.22519635909378,12.28253237114605,0.8334200847101254,55.698484809834994,0.8506333323623343,50.27619047619048,47.70952380952381
174,training_set_metastatic_roi_087:218,training_set_metastatic_roi_087,tumor,2,False,0.9390374331550803,0.8850806451612904,0.09641255605381166,0.993664773020524,0.053059895833333336,0.8682485818862915,0.9996026158332825,446.0,27.28481084272712,20.882386761717996,0.6436161915248327,78.18376618407356,0.9168779928507077,48.011210762331835,47.625560538116595,489.0,29.489467177796456,21.2269845799815,0.694165114135144,83.01219330881975,0.8917332196552888,47.280163599182,48.29856850715746
175,training_set_metastatic_roi_087:448,training_set_metastatic_roi_087,endothelium,2,True,0.9116809116809117,0.837696335078534,0.10431654676258993,1.3761843930671158,0.09993489583333333,0.7551200985908508,0.8870444297790527,834.0,36.869508879075525,29.44926199740277,0.6016723574522589,110.8111831820431,0.8535102293816963,47.62589928057554,47.87170263788969,921.0,36.50031176622053,32.71890734944561,0.44324448163320695,116.5685424949238,0.8517394472912897,46.36264929424539,47.3257328990228
176,training_set_metastatic_roi_088:128,training_set_metastatic_roi_088,lymphocyte,2,False,0.9215358931552587,0.8544891640866873,0.1624548736462094,0.5089924175741817,0.03493923611111111,0.8659989833831787,0.9997122883796692,277.0,22.71523554299097,15.748048362156956,0.7206670650273107,61.698484809834994,0.9144093024147122,47.768953068592054,47.494584837545126,322.0,24.31517968079779,17.027771012820008,0.7138546847495246,67.11269837220809,0.898372262283968,47.82919254658385,48.0
177,training_set_metastatic_roi_089:342,training_set_metastatic_roi_089,tumor,2,True,0.9512727272727273,0.9070735090152566,0.06064880112834979,0.4803406387657686,0.072265625,0.8643970489501953,0.9992362260818481,709.0,36.019875570156515,25.398297039042458,0.7090890343274587,101.35533905932738,0.8672870018115681,48.385049365303246,48.27503526093089,666.0,33.57573939325489,25.451459589407268,0.6522182373292179,97.84062043356593,0.8742702436809896,48.86036036036036,48.205705705705704
178,training_set_metastatic_roi_090:277,training_set_metastatic_roi_090,tumor,3,False,0.924198250728863,0.8590785907859079,0.1640378548895899,0.610673088549346,0.0400390625,0.8963831663131714,0.9994514584541321,317.0,25.55977337353693,15.910355324207769,0.7826385822633065,67.94112549695427,0.8629858050345302,47.58044164037855,48.20504731861199,369.0,27.386218672453236,17.27540160592528,0.7759402711236021,72.76955262170047,0.8756626385863714,47.24932249322493,48.71815718157182
179,training_set_metastatic_roi_090:393,training_set_metastatic_roi_090,apoptosis,3,False,0.8231884057971014,0.6995073891625616,0.26973684210526316,1.8000687578012753,0.020941840277777776,0.8364681005477905,0.9942947030067444,152.0,15.42675953668081,12.68202072834666,0.5693729119887218,43.798989873223334,0.9956925618312445,47.63815789473684,48.453947368421055,193.0,20.963026161893776,13.531639483886554,0.7637600241937358,61.66295090390226,0.6378500069571961,48.8860103626943,49.751295336787564
180,training_set_metastatic_roi_091:39,training_set_metastatic_roi_091,histiocyte,2,True,0.9381771829190567,0.8835534213685474,0.12890094979647218,0.7913646039275825,0.09027777777777778,0.8800439238548279,0.9996949434280396,737.0,40.83238349759638,23.08309154536667,0.8248762423253652,105.39696961966999,0.8337216963321875,47.865671641791046,47.995929443690635,832.0,43.09092904063899,24.68049964607687,0.8197273432723441,111.63961030678928,0.8388736764385244,47.49879807692308,48.69711538461539
181,training_set_metastatic_roi_091:235,training_set_metastatic_roi_091,stroma,2,False,0.0,0.0,1.0,nan,0.0,0.4425104260444641,0.17499467730522156,200.0,25.711534550357083,10.196361658248192,0.9180055202768321,60.62741699796952,0.6837569098906429,47.985,47.815,0.0,0.0,0.0,0.0,0.0,0.0,nan,nan
182,training_set_metastatic_roi_092:143,training_set_metastatic_roi_092,endothelium,3,False,0.8542780748663101,0.7456242707117853,0.3375,1.759025197339081,0.09288194444444445,0.8461233973503113,0.9975380897521973,640.0,41.94164169333308,19.49579834234968,0.8853991357470898,103.1543289325507,0.7558139819824423,47.7890625,47.68125,856.0,49.504241162247084,22.188841641168274,0.8939227674109209,121.29646455628165,0.7311177764027844,49.5303738317757,47.4322429906542
183,training_set_metastatic_roi_092:166,training_set_metastatic_roi_092,melanophage,3,False,0.9030732860520094,0.8232758620689655,0.1636828644501279,1.2940397253742992,0.049370659722222224,0.845611572265625,0.9977097511291504,391.0,30.797123274610566,16.277679683328756,0.8489049987299959,77.25483399593904,0.8232567383632229,48.30690537084399,48.28644501278772,455.0,31.67814761641866,18.417776735542123,0.8136155766099162,83.25483399593904,0.8249019728757196,48.927472527472524,49.42197802197802
184,training_set_metastatic_roi_093:163,training_set_metastatic_roi_093,lymphocyte,3,False,0.9380863039399625,0.8833922261484098,0.003745318352059925,0.025104249521309102,0.028862847222222224,0.866753339767456,0.9994938373565674,267.0,20.06251716427119,17.079884445874747,0.5246255750897623,59.11269837220809,0.9601952572403373,47.88014981273408,48.164794007490634,266.0,18.695238303845862,18.227498373699483,0.22228909584591294,58.526911934581186,0.9758437405339927,47.902255639097746,48.17669172932331
185,training_set_metastatic_roi_094:167,training_set_metastatic_roi_094,apoptosis,3,False,0.9142857142857143,0.8421052631578947,0.11338289962825279,1.2420078748258607,0.0517578125,0.6561605334281921,0.9452717304229736,538.0,32.67607863920211,21.21711333849266,0.7605183948931444,88.42640687119285,0.8646257855956673,48.17657992565056,47.91263940520446,477.0,30.951982972394003,20.07033601091348,0.7612703844939861,87.01219330881975,0.7917134281726939,48.100628930817614,46.672955974842765
186,training_set_metastatic_roi_094:598,training_set_metastatic_roi_094,plasma_cell,3,False,0.7258320126782885,0.5696517412935324,0.39847715736040606,5.581884661430984,0.051432291666666664,0.7974147796630859,0.9931500554084778,788.0,32.1385787171751,31.657576493534616,0.1723630332601309,105.84062043356595,0.8839573830357669,47.963197969543145,47.53045685279188,474.0,27.353742349605817,22.29298101289612,0.5794773585604982,81.35533905932738,0.8999452455333742,42.38396624472574,47.70253164556962
187,training_set_metastatic_roi_095:283,training_set_metastatic_roi_095,neutrophil,2,False,0.9303482587064676,0.8697674418604651,0.009900990099009901,0.7353544865972682,0.021701388888888888,0.8007519841194153,0.9955276846885681,202.0,19.262918680386697,13.475318715209655,0.7145865016443165,52.62741699796952,0.9165098219743014,48.4009900990099,48.257425742574256,200.0,20.48973072244166,12.533783743220972,0.7910816931230816,52.62741699796952,0.9074354673012885,47.91,47.71
188,training_set_metastatic_roi_097:286,training_set_metastatic_roi_097,tumor,4,True,0.9568627450980393,0.9172932330827067,0.09016393442622951,0.4741956661956197,0.028862847222222224,0.852873682975769,0.97046959400177,244.0,19.40339290558116,16.453509194735563,0.5300430601360712,56.97056274847714,0.9447103460558761,47.75819672131148,48.26229508196721,266.0,21.035451044002713,16.664142415428334,0.6102703073651915,62.17766952966368,0.8646147099826609,47.30075187969925,48.38721804511278
189,training_set_metastatic_roi_097:326,training_set_metastatic_roi_097,lymphocyte,4,False,0.9135483870967742,0.8408551068883611,0.17696629213483145,0.9295155284380697,0.045464409722222224,0.900173008441925,0.9997287392616272,356.0,23.183665799430415,19.560714228343468,0.5367705348175198,67.698484809835,0.976117198235609,48.39887640449438,48.424157303370784,419.0,25.582164210656835,20.963930969093965,0.5731156604676005,75.11269837220809,0.933248195808509,48.369928400954656,49.353221957040574
190,training_set_metastatic_roi_098:138,training_set_metastatic_roi_098,plasma_cell,2,False,0.913961038961039,0.8415545590433483,0.1882770870337478,0.885897629333452,0.07259114583333333,0.8880574107170105,0.9998459815979004,563.0,30.329397888887268,23.81337694612896,0.6192951830044195,87.59797974644665,0.921998211037814,47.52220248667851,48.15452930728242,669.0,31.96347273294258,26.794358289727164,0.5452391018615099,95.25483399593904,0.9265352203523677,47.511210762331835,49.04035874439462
191,training_set_metastatic_roi_098:183,training_set_metastatic_roi_098,tumor,2,True,0.875,0.7777777777777778,0.2857142857142857,0.26951192913173655,0.033203125,0.8950690031051636,0.9987323880195618,238.0,20.350632355564972,14.926798793546396,0.6797101338699607,56.04163056034261,0.9522813861453483,47.70168067226891,47.63865546218487,306.0,22.65681426376485,17.25143208385973,0.6482547095093795,63.941125496954285,0.9405258522783917,47.84640522875817,47.86601307189542
192,training_set_metastatic_roi_098:512,training_set_metastatic_roi_098,lymphocyte,2,False,0.7878787878787878,0.65,0.5384615384615384,1.1920682655635393,0.028211805555555556,0.7564728260040283,0.9912087917327881,169.0,19.644142262658335,11.443929707515759,0.8127863072411528,50.2842712474619,0.839909024814074,48.38461538461539,47.89940828402367,260.0,24.414604490643576,14.558349807031979,0.802764075974754,63.698484809834994,0.8052393843423421,49.38846153846154,48.542307692307695
193,training_set_metastatic_roi_099:378,training_set_metastatic_roi_099,lymphocyte,2,False,0.5611940298507463,0.3900414937759336,1.1904761904761905,10.662246904719336,0.07486979166666667,0.7726491093635559,0.9987818598747253,315.0,22.508879217469584,18.01985107081167,0.5992441355289185,65.11269837220809,0.9336605967676046,48.18412698412698,48.40952380952381,690.0,41.69577334063003,21.712469901208973,0.8537180600066944,105.63961030678928,0.7769720099256681,53.094202898550726,57.87391304347826
194,training_set_metastatic_roi_100:72,training_set_metastatic_roi_100,neutrophil,2,True,0.9566854990583804,0.9169675090252708,0.06614785992217899,0.37038354356436837,0.029730902777777776,0.7826822400093079,0.9941020607948303,257.0,24.511768239864022,14.585555160772945,0.8036938933306533,66.76955262170047,0.7244126986410623,48.08949416342413,48.10894941634241,274.0,25.030816406096097,15.141229610751838,0.7962987502674772,66.76955262170047,0.772331048356619,48.45985401459854,48.113138686131386
195,training_set_metastatic_roi_101:127,training_set_metastatic_roi_101,apoptosis,2,False,0.9568181818181818,0.9172113289760349,0.07860262008733625,0.15021671635181252,0.04578993055555555,0.8483209609985352,0.9996570348739624,458.0,36.20827276564902,16.2393068799491,0.8937842653175093,86.5269119345812,0.768728412713937,48.07423580786026,48.0174672489083,422.0,35.1941448283645,15.383963909939428,0.8994045844163822,84.52691193458118,0.7422194126282144,48.04739336492891,47.8696682464455
196,training_set_metastatic_roi_101:207,training_set_metastatic_roi_101,apoptosis,2,False,0.9363957597173145,0.8803986710963455,0.06825938566552901,1.1921689662827004,0.029622395833333332,0.8303025364875793,0.9993829727172852,293.0,28.684560152565133,13.520940414856721,0.8819374313465234,69.698484809835,0.7579329895051774,47.77815699658703,48.02389078498293,273.0,27.626591049999305,13.101554183041706,0.8803971724185136,66.52691193458118,0.7751357753836136,48.16849816849817,46.8974358974359
197,training_set_metastatic_roi_101:343,training_set_metastatic_roi_101,neutrophil,2,False,0.5587892898719441,0.3877221324717286,0.6122778675282714,3.2867520216413486,0.026041666666666668,0.8158380389213562,0.9994280934333801,619.0,29.875744855150643,26.78306493285601,0.4430803287156414,92.5269119345812,0.908582519828009,47.731825525040385,48.05331179321486,240.0,22.31155621906302,13.783646234869595,0.7863505260481503,58.04163056034262,0.8952449845580298,47.75833333333333,44.766666666666666
198,training_set_metastatic_roi_102:20,training_set_metastatic_roi_102,apoptosis,4,False,0.9647630619684082,0.931924882629108,0.04513064133016627,0.6289927507241782,0.043619791666666664,0.8696161508560181,0.9998362064361572,421.0,23.793429937005314,22.740797120971237,0.29414918719904115,75.35533905932738,0.9316738442569481,48.287410926365794,47.681710213776725,402.0,23.193958902597544,22.245732760675192,0.283008035527677,72.52691193458118,0.9603676985086148,47.68905472636816,47.875621890547265
199,training_set_primary_roi_001:528,training_set_primary_roi_001,stroma,3,True,0.43010752688172044,0.273972602739726,2.292307692307692,12.292182970182886,0.023220486111111112,0.5380460619926453,0.6316657066345215,65.0,12.510482109773838,6.661806939603948,0.8464312493114391,29.899494936611667,0.9136829403192551,48.16923076923077,47.98461538461538,214.0,34.80804614576861,16.177661133204268,0.88543256993611,83.87615433949868,0.38224922806061806,42.771028037383175,59.02803738317757
200,training_set_primary_roi_002:159,training_set_primary_roi_002,stroma,0,False,0.9605609114811569,0.924114671163575,0.04114490161001789,0.2965512740177644,0.06315104166666667,0.7924321889877319,0.9938545227050781,559.0,36.675757216425076,21.2254697712747,0.8155171080514722,100.5685424949238,0.6945401551347151,48.33273703041145,48.105545617173526,582.0,36.889801906517064,21.28326021401538,0.8167854218046544,97.74011537017762,0.7655739617014641,48.328178694158076,48.402061855670105
201,training_set_primary_roi_004:206,training_set_primary_roi_004,epithelium,2,False,0.9741267787839586,0.9495586380832283,0.05044136191677175,0.11115838550739443,0.08170572916666667,0.9087097644805908,0.9998811483383179,793.0,36.12633267833921,28.173912826571534,0.625939111419975,104.5685424949238,0.9113410688589455,48.10088272383354,48.39722572509458,753.0,35.041812645133085,27.611651805333597,0.6157225927063478,102.5685424949238,0.8994488519614263,48.19787516600265,48.451527224435594
202,training_set_primary_roi_004:320,training_set_primary_roi_004,endothelium,2,False,0.2918918918918919,0.17088607594936708,0.7908496732026143,5.8744383149961665,0.003472222222222222,0.5477620959281921,0.2673153281211853,153.0,16.64594255004924,11.734567376911487,0.7092563962191798,45.21320343559643,0.9405258522783918,48.1764705882353,47.52287581699346,32.0,8.868160393337828,4.599196260003945,0.8550054724907739,20.485281374238568,0.9582437056935953,46.3125,53.09375
203,training_set_primary_roi_005:174,training_set_primary_roi_005,lymphocyte,3,False,0.9773371104815864,0.9556786703601108,0.005681818181818182,0.1635674977597465,0.038411458333333336,0.89930659532547,0.9998730421066284,352.0,23.449483838339827,19.175154030557472,0.575613642102422,68.5269119345812,0.9419551061338751,47.91193181818182,48.21875,354.0,23.256925024346884,19.485189807958523,0.5459417518022004,68.5269119345812,0.9473071237823633,48.06497175141243,48.16101694915254
204,training_set_primary_roi_005:370,training_set_primary_roi_005,melanophage,3,False,0.8890756302521008,0.800302571860817,0.04819277108433735,1.4632847053931495,0.06608072916666667,0.6663632988929749,0.9385895133018494,581.0,32.10461380285536,23.92827608940505,0.6667046304654413,96.18376618407356,0.7891915738845645,47.963855421686745,48.37693631669535,609.0,34.551835589163076,22.653799105021147,0.7550677613594665,95.01219330881975,0.84775130951082,48.32512315270936,46.95894909688013
205,training_set_primary_roi_006:104,training_set_primary_roi_006,stroma,2,False,0.9283489096573209,0.8662790697674418,0.044585987261146494,0.7220374686403639,0.035590277777777776,0.8783189058303833,0.9992755055427551,314.0,28.881425337827114,13.956092442611125,0.8754987686661271,72.698484809835,0.7466013887485395,48.0828025477707,48.503184713375795,328.0,30.82597750674798,13.751443927787912,0.8949835211327518,74.2842712474619,0.7469473201081691,48.58536585365854,47.984756097560975
206,training_set_primary_roi_006:122,training_set_primary_roi_006,endothelium,2,False,0.8995633187772926,0.8174603174603174,0.20192307692307693,0.7337604408902058,0.013563368055555556,0.7707107663154602,0.877427339553833,104.0,15.61764478455529,8.853114306384754,0.8238099041420943,39.79898987322333,0.8250857838024526,48.27884615384615,47.51923076923077,125.0,16.18675538754736,10.048399177167793,0.7839855414932689,41.79898987322333,0.8990592296257839,48.84,47.992
207,training_set_primary_roi_006:131,training_set_primary_roi_006,histiocyte,2,False,0.9589322381930184,0.9211045364891519,0.0811965811965812,0.3265033049257472,0.05490451388888889,0.8763582706451416,0.9986407160758972,468.0,35.46035314725708,17.514563536337295,0.8695075768028919,89.59797974644667,0.732587126145312,47.67307692307692,48.217948717948715,506.0,35.84044424010202,18.45283439701375,0.8572738837018646,90.18376618407356,0.781814363135364,47.56719367588933,47.90909090909091
208,training_set_primary_roi_006:188,training_set_primary_roi_006,melanophage,2,False,0.9447513812154696,0.8952879581151832,0.043243243243243246,0.6254483703945556,0.038411458333333336,0.8582616448402405,0.9993352293968201,370.0,28.38833317714721,16.673851940890284,0.8093339536774284,75.84062043356595,0.8083656183384652,48.28378378378378,47.52162162162162,354.0,26.03519698325263,17.339060830270007,0.7459647844289451,70.18376618407356,0.9031082030105189,47.69774011299435,47.740112994350284
209,training_set_primary_roi_007:73,training_set_primary_roi_007,epithelium,3,False,0.9155521589606419,0.8442565186751233,0.15574348132487667,1.3978243403414545,0.12999131944444445,0.8490781784057617,0.9980003237724304,1419.0,46.39830517650099,39.029791891062395,0.5407396114102934,141.88225099390854,0.8858009044986309,48.466525722339675,48.1014799154334,1198.0,41.608459314086666,36.75939527593607,0.4685072368391552,127.1543289325507,0.9311172696557847,47.23205342237062,47.4457429048414
210,training_set_primary_roi_007:189,training_set_primary_roi_007,melanophage,3,False,0.0,0.0,1.0,nan,0.0,0.14483895897865295,0.012282556854188442,183.0,28.069671997176066,8.652107219693432,0.9513096475698134,66.84062043356595,0.5147306255751319,48.63934426229508,47.814207650273225,0.0,0.0,0.0,0.0,0.0,0.0,nan,nan
211,training_set_primary_roi_007:214,training_set_primary_roi_007,histiocyte,3,False,0.9407407407407408,0.8881118881118881,0.05167173252279635,1.3374872286934214,0.07508680555555555,0.911871612071991,0.9998563528060913,658.0,34.784632637127324,24.554611673565148,0.7083075097125847,99.84062043356593,0.8295092157013126,47.88145896656535,47.98024316109422,692.0,35.31386669028125,25.25461673011783,0.6989737667358052,99.84062043356595,0.8723713940202252,49.20809248554913,48.15028901734104
212,training_set_primary_roi_007:231,training_set_primary_roi_007,stroma,3,False,0.9189907038512616,0.8501228501228502,0.09166666666666666,0.395949126924307,0.042643229166666664,0.8287593722343445,0.97453373670578,360.0,41.37121213438226,11.739343646388033,0.9588964181534478,93.11269837220809,0.5217885438940764,47.91388888888889,47.763888888888886,393.0,40.64966088192273,12.650226324000267,0.9503440250724202,89.4558441227157,0.6171418216254522,48.07124681933842,48.12722646310433
213,training_set_primary_roi_007:304,training_set_primary_roi_007,tumor,3,False,0.0,0.0,0.9851851851851852,14.617073960474471,0.00043402777777777775,0.3084459602832794,0.24762549996376038,270.0,28.2161350633165,12.408955536509207,0.8981044300199257,70.17766952966369,0.6889310268470542,48.166666666666664,47.992592592592594,4.0,2.8284271247461903,1.7320508075688772,0.7905694150420949,4.621320343559642,2.3536273758173025,62.75,47.0
214,training_set_primary_roi_009:114,training_set_primary_roi_009,lymphocyte,0,True,0.9633649932157394,0.9293193717277487,0.07068062827225131,0.09945927128037226,0.038519965277777776,0.8910450339317322,0.9990204572677612,382.0,23.887161281055278,20.522672027445356,0.5117226054460621,73.35533905932738,0.892092255834065,47.69371727748691,48.5,355.0,23.37545756664692,19.439384499599452,0.5553523683527446,68.52691193458118,0.9499831326066075,47.59718309859155,48.52394366197183
215,training_set_primary_roi_009:132,training_set_primary_roi_009,tumor,0,True,0.9811320754716981,0.9629629629629629,0.007518796992481203,0.2812371839713115,0.04296875,0.885929524898529,0.9953879714012146,399.0,25.99554458359058,21.252817890072706,0.5758488581499743,80.90559159102153,0.7659945576758201,47.989974937343355,47.68671679197995,396.0,25.6574440507801,21.13005102363811,0.5672514379536703,78.31980515339464,0.8112633438768005,47.946969696969695,47.964646464646464
216,training_set_primary_roi_010:3,training_set_primary_roi_010,melanophage,3,True,0.9528023598820059,0.9098591549295775,0.0639269406392694,1.0549348017370819,0.07584635416666667,0.7061514258384705,0.9734741449356079,657.0,32.824860486273735,26.05968460282954,0.6080472368365494,97.45584412271572,0.869279541344956,48.401826484018265,47.788432267884325,699.0,33.84113541378735,26.734862161901223,0.6130929373719032,98.52691193458118,0.9048514723163724,47.46638054363376,48.276108726752504
217,training_set_primary_roi_010:329,training_set_primary_roi_010,epithelium,3,False,0.9015151515151515,0.8206896551724138,0.16666666666666666,1.227252884994811,0.1171875,0.8158656358718872,0.9984419941902161,1296.0,50.634562927753976,34.338738236639436,0.7349069453241752,169.36143571373725,0.5677874805253657,48.00231481481482,48.16280864197531,1080.0,47.32773373560205,30.52033113505232,0.7642905737478556,138.3259018078045,0.7092945110075772,49.15185185185185,48.592592592592595
218,training_set_primary_roi_011:176,training_set_primary_roi_011,endothelium,3,False,0.9479166666666666,0.900990099009901,0.02959830866807611,0.4168881949871354,0.05284288194444445,0.8838368654251099,0.9964621663093567,473.0,42.697169441234955,15.428210737663136,0.9324339877512214,102.25483399593904,0.5684644477778237,48.37632135306554,48.46300211416491,487.0,41.15652720684414,16.096197559932797,0.9203494309414473,98.08326112068522,0.6361346193364186,48.62628336755647,48.12936344969199
219,training_set_primary_roi_011:396,training_set_primary_roi_011,stroma,3,True,0.9702251270878722,0.9421720733427362,0.04680851063829787,0.19669941311255434,0.07291666666666667,0.8748177289962769,0.9993571639060974,705.0,49.93235187754334,18.78507114749175,0.9265342512489164,119.29646455628166,0.6225064198119992,48.40283687943263,48.211347517730495,672.0,48.74538214555172,18.29426592212029,0.9269023684022092,114.71067811865476,0.6417582240719056,48.257440476190474,48.07886904761905
220,training_set_primary_roi_011:398,training_set_primary_roi_011,epithelium,3,True,0.8333333333333334,0.7142857142857143,0.17721518987341772,1.6193703056835183,0.03526475694444445,0.606673002243042,0.7474867701530457,395.0,24.257603200736977,21.826417563394077,0.4363513810212752,78.56244584051393,0.8042238870656004,48.10632911392405,48.164556962025316,325.0,28.309366723109587,19.648135723098527,0.7199261275615356,73.14823227814082,0.7632829378047471,47.215384615384615,46.81230769230769
221,training_set_primary_roi_012:10,training_set_primary_roi_012,epithelium,3,True,0.8096564531104921,0.6801872074882995,0.40939597315436244,3.2799353132581923,0.068359375,0.7976574897766113,0.9635996222496033,447.0,28.558769407690384,20.528172682654166,0.6952122371185946,82.59797974644667,0.8233387144158241,47.946308724832214,47.87695749440716,630.0,33.83520391778088,23.973534134664632,0.7056724690864066,94.5685424949238,0.8852318316372202,46.65873015873016,44.86031746031746
222,training_set_primary_roi_012:138,training_set_primary_roi_012,endothelium,3,False,0.9784083898827884,0.9577294685990339,0.011166253101736972,0.2109911268495088,0.08843315972222222,0.920561671257019,0.9999008178710938,806.0,44.402703075791635,23.887067747431587,0.842967641237434,116.71067811865476,0.7435731871753507,47.60545905707196,48.09057071960298,815.0,44.549142911825555,23.882841305248718,0.8441538295411374,115.05382386916237,0.773687104546097,47.71656441717791,48.26993865030675
223,training_set_primary_roi_013:22,training_set_primary_roi_013,epithelium,0,True,0.9397590361445783,0.8863636363636364,0.10646387832699619,0.3582418110751867,0.07649739583333333,0.8333803415298462,0.9976007342338562,789.0,39.34548154213783,25.851578339294235,0.7538552018323477,109.88225099390857,0.8211675367657761,47.740177439797215,47.57287705956907,705.0,35.934626339187226,25.356756328635377,0.7085747772789015,99.39696961966999,0.8967114041752318,48.09078014184397,47.49929078014184
224,training_set_primary_roi_013:104,training_set_primary_roi_013,histiocyte,0,False,0.9127906976744186,0.839572192513369,0.16042780748663102,0.13957466937556284,0.03407118055555555,0.8240672945976257,0.9757267832756042,374.0,24.10544340680517,19.88457008411532,0.5652792998833758,72.5269119345812,0.8934764160254274,47.74331550802139,47.62566844919786,314.0,21.115002850831882,18.963677248568324,0.4397629463971772,63.698484809834994,0.9724814103211363,47.882165605095544,47.611464968152866
225,training_set_primary_roi_013:443,training_set_primary_roi_013,neutrophil,0,False,0.5629949604031678,0.39178356713426854,0.6082164328657315,1.7998128600101797,0.042426215277777776,0.8507750630378723,0.998904824256897,998.0,37.54341487188418,34.1935561481642,0.41290580710817776,116.42640687119285,0.9252038178094883,48.03507014028056,48.450901803607216,391.0,23.09260562648163,21.724301915238467,0.33910895355233783,72.42640687119285,0.9366832223154891,48.35805626598466,46.68030690537084
226,training_set_primary_roi_014:140,training_set_primary_roi_014,tumor,0,False,0.9766606822262118,0.9543859649122807,0.0456140350877193,0.39615757754926684,0.08854166666666667,0.9069089889526367,0.999599039554596,855.0,39.9437506338587,27.360503439973215,0.7285657984932591,111.1543289325507,0.8696073796781466,48.02807017543859,48.449122807017545,816.0,39.087888729753146,26.667756296551588,0.7311179071598449,107.74011537017762,0.8833750934260237,47.71446078431372,48.69117647058823
227,training_set_primary_roi_014:230,training_set_primary_roi_014,plasma_cell,0,False,0.9585121602288984,0.9203296703296703,0.008620689655172414,0.3843247692511899,0.076171875,0.8844679594039917,0.9996236562728882,696.0,46.51692282221312,19.7016433907532,0.9058787503840051,112.8111831820431,0.6872500739284767,48.12643678160919,48.206896551724135,702.0,44.87884591764981,20.2229314473882,0.8927200726238922,110.5685424949238,0.7215788688130007,47.78347578347579,48.38034188034188
228,training_set_primary_roi_015:301,training_set_primary_roi_015,tumor,0,False,0.9613259668508287,0.925531914893617,0.07446808510638298,0.24561864650219117,0.0849609375,0.9151075482368469,0.9999768733978271,846.0,35.72239162308693,30.352320179410775,0.52731137908638,108.08326112068522,0.9100460046026099,48.1548463356974,48.438534278959814,783.0,33.8721947951201,29.62462841861734,0.4848448063208591,104.32590180780451,0.9040393431513596,48.38441890166028,48.35121328224776
229,training_set_primary_roi_015:452,training_set_primary_roi_015,endothelium,0,True,0.8431568431568431,0.7288428324697754,0.2711571675302245,3.494525944798411,0.04578993055555555,0.8588114380836487,0.9993832111358643,579.0,44.75023230868154,16.872331134812192,0.9261996727898391,104.18376618407356,0.6703294840309739,48.33678756476684,48.0846286701209,422.0,35.49308438731254,15.477416132817297,0.8999134745870216,87.84062043356595,0.6872765496828384,49.31516587677725,44.72985781990521
230,training_set_primary_roi_016:73,training_set_primary_roi_016,tumor,0,False,0.8964013086150491,0.8122529644268774,0.1437246963562753,1.703831297389262,0.0458984375,0.8126768469810486,0.9535731673240662,494.0,29.06281894930348,22.123674322875004,0.6484745283570539,82.76955262170047,0.906140616210136,48.26518218623482,47.85222672064777,423.0,25.812186715905742,21.061117056287994,0.578140885821287,77.01219330881975,0.8962542886830824,49.96217494089834,48.004728132387704
231,training_set_primary_roi_016:95,training_set_primary_roi_016,lymphocyte,0,False,0.9141475211608222,0.8418708240534521,0.15812917594654788,0.25477423354065143,0.041015625,0.8791986107826233,0.9989563226699829,449.0,27.43293659811809,21.338166819059452,0.6284744746742384,79.84062043356595,0.8851327270446167,47.783964365256125,48.487750556792875,378.0,24.095664526661885,20.214422596743805,0.5442491396256963,71.94112549695429,0.9177982134497997,47.544973544973544,48.3994708994709
232,training_set_primary_roi_016:498,training_set_primary_roi_016,histiocyte,0,False,0.9544757033248081,0.9129158512720157,0.01962809917355372,1.2738382334729441,0.10709635416666667,0.842425525188446,0.9989235997200012,968.0,37.746636263130355,34.9589461152971,0.3771619502170561,125.63961030678928,0.7706054212170377,48.31301652892562,47.84090909090909,987.0,38.67497412873717,33.97092218992566,0.47798202578844834,121.63961030678927,0.8382565901383825,49.05775075987842,48.87436676798379
233,training_set_primary_roi_016:542,training_set_primary_roi_016,melanophage,0,False,0.9093655589123867,0.8337950138504155,0.16620498614958448,1.1136266473305574,0.032660590277777776,0.6936071515083313,0.8266277313232422,361.0,25.591543021995538,18.165967757079247,0.7043603235949464,74.18376618407356,0.8243265920621857,48.19113573407202,48.06094182825485,301.0,23.15769460482999,16.58474778333049,0.6979302364243539,64.2842712474619,0.915307265605878,47.66445182724252,47.079734219269106
234,training_set_primary_roi_017:168,training_set_primary_roi_017,lymphocyte,0,False,0.9354005167958657,0.8786407766990292,0.025510204081632654,0.8357846487100188,0.020724826388888888,0.7943660020828247,0.9970281720161438,196.0,18.063610860463147,14.402540042749662,0.603552283698816,52.8700576850888,0.8811429420430221,47.91326530612245,47.80612244897959,191.0,18.406316366073007,13.99040606282988,0.6498210517920068,53.45584412271571,0.8399488648134928,48.58115183246073,47.303664921465966
235,training_set_primary_roi_018:27,training_set_primary_roi_018,plasma_cell,0,False,0.9788732394366197,0.9586206896551724,0.003527336860670194,0.17302534463182365,0.06174045138888889,0.88114333152771,0.9998558759689331,567.0,37.45840071939137,19.460482553584143,0.8544567609294248,96.18376618407356,0.7701749094536111,47.87830687830688,47.96825396825397,569.0,37.91638962071768,19.22016929699838,0.8619994166503894,95.01219330881975,0.7920697785084673,47.746924428822496,48.08084358523726
236,training_set_primary_roi_020:147,training_set_primary_roi_020,histiocyte,2,False,0.931986531986532,0.8726355611601513,0.05110497237569061,2.083170411999086,0.08257378472222222,0.7971433401107788,0.9984427094459534,724.0,48.21840589824892,19.26939516780461,0.9166776739770767,117.05382386916237,0.6640139738220026,47.64364640883978,48.26381215469613,761.0,51.58543026874531,20.013775082791962,0.9216705681613838,133.81727983645297,0.5340354975602826,49.32325886990802,47.03153745072273
237,training_set_primary_roi_020:489,training_set_primary_roi_020,endothelium,2,False,0.5576748410535877,0.3866498740554156,0.6466346153846154,11.46585224977315,0.07432725694444445,0.5706397294998169,0.8515045642852783,416.0,41.28333702627956,12.892964015492801,0.9499821150944543,91.74011537017762,0.6211330391476487,48.51442307692308,48.17548076923077,685.0,48.798209902064954,20.249768563910006,0.9098353243703106,133.9827560572969,0.47951546835801473,49.56934306569343,59.59270072992701
238,training_set_primary_roi_021:49,training_set_primary_roi_021,endothelium,2,False,0.807905138339921,0.6777188328912467,0.3644859813084112,3.6654869737971607,0.07921006944444445,0.8797942996025085,0.9993900060653687,535.0,53.09544457221905,13.615584723805934,0.9665612062108196,117.01219330881975,0.4910225146771369,48.10280373831776,48.20747663551402,730.0,46.957293213283045,26.084360378224677,0.8315224545605161,165.53910524340094,0.33475842602904826,44.445205479452056,47.967123287671235
239,training_set_primary_roi_021:99,training_set_primary_roi_021,tumor,2,False,0.9526570048309179,0.9095940959409594,0.06542056074766354,0.8973503444404003,0.054253472222222224,0.7872796654701233,0.9979802966117859,535.0,41.5093669695122,16.694218020482225,0.9155608223420574,96.81118318204308,0.7173194226062533,48.2803738317757,48.34392523364486,500.0,40.991742522878944,16.006480341973948,0.9206111549464302,94.22539674441617,0.7076914013484894,47.516,48.814
240,training_set_primary_roi_022:141,training_set_primary_roi_022,endothelium,2,False,0.9181208053691275,0.8486352357320099,0.14214463840399003,1.5085345022814929,0.03732638888888889,0.6937527060508728,0.9703001976013184,401.0,27.627720934622683,18.870303211692903,0.7303990869653917,77.49137802864846,0.8391652060807615,47.912718204488776,47.566084788029926,344.0,24.267864915121798,18.250592266423727,0.6591086708567426,69.698484809835,0.8898598921152936,48.9593023255814,46.479651162790695
241,training_set_primary_roi_022:329,training_set_primary_roi_022,epithelium,2,False,0.969047619047619,0.9399538106235565,0.06004618937644342,0.06129795611259612,0.04416232638888889,0.9011817574501038,0.9994475245475769,433.0,24.921916218766043,22.16669903028946,0.4570402487933253,76.76955262170048,0.9232509025741528,47.63279445727483,47.88683602771363,407.0,24.265400696017522,21.387254870434727,0.4723913672362906,73.35533905932738,0.9504752568703259,47.631449631449634,47.825552825552826
242,training_set_primary_roi_022:355,training_set_primary_roi_022,tumor,2,True,0.8666666666666667,0.7647058823529411,0.23529411764705882,0.3485646949354443,0.04796006944444445,0.8546220660209656,0.9959523677825928,578.0,29.703702850534224,24.996679076261145,0.5402039850214242,88.91168824543142,0.9187978898868286,47.78719723183391,48.28892733564014,442.0,26.385118235273417,21.582846672361306,0.5752279231089378,77.84062043356595,0.9166837984941204,47.93891402714932,47.97511312217195
243,training_set_primary_roi_023:168,training_set_primary_roi_023,tumor,2,False,0.97911227154047,0.959079283887468,0.032534246575342464,0.4982442806031306,0.12261284722222222,0.932783305644989,0.9999085664749146,1168.0,47.81279069612495,31.21183939070307,0.7575366179144892,130.22539674441617,0.8654885531940969,48.37328767123287,48.04708904109589,1130.0,47.57338825993386,30.361418453156592,0.7698691825010571,128.5685424949238,0.859050838982261,48.46106194690265,47.55663716814159
244,training_set_primary_roi_023:230,training_set_primary_roi_023,stroma,2,False,0.9900771775082691,0.980349344978166,0.015555555555555555,0.06019563828542919,0.04958767361111111,0.8834598660469055,0.9995653033256531,450.0,41.68547692035448,13.847024072015948,0.943216500287134,95.39696961966999,0.6213742036385215,47.806666666666665,48.135555555555555,457.0,42.07166042211016,13.912108878121256,0.9437441712814659,95.39696961966999,0.6310400245840095,47.83588621444201,48.18818380743983
245,training_set_primary_roi_023:415,training_set_primary_roi_023,tumor,2,True,0.9387040280210157,0.8844884488448845,0.09926470588235294,1.1813894685567483,0.03244357638888889,0.8611066341400146,0.9973287582397461,272.0,22.69521320884549,15.943203306145865,0.7116917445181531,64.14213562373095,0.8307912934724146,48.11029411764706,47.908088235294116,299.0,27.29334566243184,15.420156175173489,0.8251055589846061,75.21320343559643,0.6641908368328919,49.28428093645485,48.04013377926422
246,training_set_primary_roi_024:24,training_set_primary_roi_024,lymphocyte,2,False,0.9597615499254843,0.9226361031518625,0.07736389684813753,0.35796278017329025,0.03493923611111111,0.8996370434761047,0.9972988963127136,349.0,24.45826768266276,18.243656848764896,0.6660471885310718,68.52691193458118,0.9339270796611437,48.25501432664756,47.79942693409742,322.0,23.241060339042765,17.743980164404384,0.6458367911474636,65.11269837220809,0.9544086100291068,48.41925465838509,47.48136645962733
247,training_set_primary_roi_024:71,training_set_primary_roi_024,stroma,2,False,0.9804270462633452,0.9616055846422339,0.028070175438596492,0.13470771742692284,0.060112847222222224,0.9070935845375061,0.9996316432952881,570.0,47.85128154909658,15.369530731791752,0.947013516030845,109.88225099390856,0.5932389048878232,48.335087719298244,48.19824561403509,554.0,46.71031796034372,15.287222383164396,0.9449283729554344,106.8111831820431,0.6102196337711625,48.431407942238266,48.292418772563174
248,training_set_primary_roi_024:344,training_set_primary_roi_024,tumor,2,False,0.9709794437726723,0.9435957696827262,0.05411764705882353,0.5409537363912281,0.08723958333333333,0.8518996238708496,0.9996488094329834,850.0,57.246422483623505,19.539692794089298,0.9399449755343445,132.02438661763952,0.612802421641656,48.19529411764706,48.163529411764706,804.0,54.698028362461166,19.298521015293062,0.9356914712974207,126.61017305526642,0.6302730072709974,47.840796019900495,48.57213930348259
249,training_set_primary_roi_025:247,training_set_primary_roi_025,melanophage,0,True,0.7985246657445828,0.6646201074443592,0.3289676425269646,5.061602844151788,0.0945095486111111,0.8134379982948303,0.9933741688728333,1298.0,45.11051967818107,37.17507226456829,0.5664606907627905,142.05382386916236,0.8083113908418307,47.95993836671803,48.050077041602464,871.0,39.55240438541985,28.369674568081418,0.696797384583958,110.66904755831213,0.8936669035240263,49.23880597014925,43.15269804822044
250,training_set_primary_roi_025:265,training_set_primary_roi_025,apoptosis,0,True,0.9741379310344828,0.9495798319327731,0.04631578947368421,0.17706561435779067,0.049153645833333336,0.8605980277061462,0.9982300400733948,475.0,26.687228898520765,22.76665764104496,0.5217607542566516,79.94112549695427,0.9340345837147328,47.64631578947368,47.496842105263156,453.0,26.729387392416694,21.669792934892023,0.5854473601683371,77.698484809835,0.9429376277690664,47.57836644591612,47.333333333333336
251,training_set_primary_roi_025:283,training_set_primary_roi_025,neutrophil,0,False,0.7650158061116965,0.6194539249146758,0.37221269296740994,4.3654238373285565,0.039713541666666664,0.7384735345840454,0.9964759945869446,583.0,34.12242875321959,24.054400781509358,0.7092629858094165,109.1543289325507,0.6148886700341518,48.078902229845625,48.113207547169814,366.0,26.298815612064036,18.57151870279253,0.708039134219271,74.18376618407356,0.8357438578802215,43.90710382513661,49.39890710382514
252,training_set_primary_roi_026:39,training_set_primary_roi_026,endothelium,0,False,0.9696969696969697,0.9411764705882353,0.03345070422535211,0.6467586358623157,0.0636935763888889,0.9195619225502014,0.9957355260848999,568.0,39.9268129246516,18.391053086851052,0.8875979012450746,97.98275605729688,0.7434622085538545,47.565140845070424,48.41549295774648,587.0,40.302639613749335,18.742591507784905,0.885286384892937,97.9827560572969,0.7683315429949162,46.9557069846678,48.6320272572402
253,training_set_primary_roi_026:175,training_set_primary_roi_026,histiocyte,0,False,0.9079861111111112,0.8314785373608903,0.1568,1.63880961167888,0.057183159722222224,0.7946927547454834,0.9967930912971497,625.0,46.03776606075921,17.553302781380136,0.9244593961004258,108.42640687119285,0.6680665840997482,48.0256,47.9232,527.0,45.45963444527691,15.548767521929191,0.9396873617569584,107.25483399593904,0.5756874065734745,48.28842504743833,49.54079696394687
254,training_set_primary_roi_026:201,training_set_primary_roi_026,histiocyte,0,False,0.7730441518202944,0.6300505050505051,0.5463510848126233,8.399555021837847,0.08506944444444445,0.8820108771324158,0.9979528188705444,507.0,34.27666591434137,19.118726564959495,0.8299910370328494,90.59797974644667,0.7762127936013803,47.65680473372781,48.260355029585796,784.0,52.997046300659754,19.360979370404706,0.9308812710509782,124.56854249492379,0.6349056043159471,39.732142857142854,51.044642857142854
255,training_set_primary_roi_026:219,training_set_primary_roi_026,epithelium,0,False,0.9790794979079498,0.9590163934426229,0.040983606557377046,0.1261476737605848,0.0380859375,0.8707311153411865,0.995873749256134,366.0,40.70865360739208,11.747990970618142,0.9574536565350714,91.15432893255071,0.5535238687651591,48.450819672131146,47.84153005464481,351.0,40.5080139645918,11.309228767304715,0.9602373410229064,87.9827560572969,0.569799227687179,48.50712250712251,47.95441595441596
256,training_set_primary_roi_026:252,training_set_primary_roi_026,melanophage,0,False,0.706090026478376,0.5457025920873124,0.4542974079126876,2.933738246927289,0.043402777777777776,0.8448129296302795,0.9799413681030273,733.0,35.72503702107992,26.264813595086064,0.6778573416243936,103.7401153701776,0.8558947951915834,47.55388813096862,48.09276944065484,400.0,25.474793073940496,20.04998797605409,0.6168866014119044,72.18376618407356,0.9646966716364914,50.4875,48.12
257,training_set_primary_roi_027:74,training_set_primary_roi_027,lymphocyte,3,False,0.9687162891046386,0.9393305439330544,0.04842105263157895,0.37339711921886953,0.04904513888888889,0.8674638867378235,0.9980582594871521,475.0,27.638879110238005,22.089528141099073,0.601039403393186,81.01219330881975,0.909499978160955,47.58526315789474,47.823157894736845,452.0,27.349691542528667,21.159569887504173,0.6335917165814118,78.18376618407356,0.9292126743688786,47.21238938053097,47.8429203539823
258,training_set_primary_roi_028:150,training_set_primary_roi_028,neutrophil,2,False,0.9672830725462305,0.9366391184573003,0.014326647564469915,0.4212226522724964,0.038411458333333336,0.7712188959121704,0.9798269271850586,349.0,26.034438244021857,17.457917243767138,0.741846122544582,70.76955262170047,0.87567387007333,48.289398280802295,47.796561604584525,354.0,25.706844115781724,17.745619867776895,0.7235163815020179,69.35533905932738,0.9248117258525345,48.64124293785311,47.56497175141243
259,training_set_primary_roi_029:28,training_set_primary_roi_029,endothelium,3,False,0.972318339100346,0.9461279461279462,0.05387205387205387,0.23435462624381015,0.09147135416666667,0.9044280052185059,0.999823272228241,891.0,46.43625190708598,24.581189247975484,0.848401405931192,118.22539674441617,0.8010617735965735,47.819304152637486,47.80695847362514,843.0,45.17416659151101,23.926029101867556,0.848222763847748,114.22539674441617,0.8119178477721266,47.594306049822066,47.741399762752074
260,training_set_primary_roi_029:103,training_set_primary_roi_029,plasma_cell,3,False,0.975,0.9512195121951219,0.01904761904761905,0.1961115210551032,0.05588107638888889,0.8552011251449585,0.9996472597122192,525.0,35.096269348367976,21.35022187172608,0.7936818351016062,97.74011537017762,0.6905950685451351,48.40761904761905,47.80952380952381,515.0,35.013224722487834,21.09681936773455,0.7980897423343103,97.1543289325507,0.6856346861637177,48.26990291262136,47.66990291262136
261,training_set_primary_roi_029:113,training_set_primary_roi_029,stroma,3,False,0.9788617886178862,0.9585987261146497,0.022508038585209004,0.3942653191421528,0.03298611111111111,0.8284546732902527,0.9878891110420227,311.0,30.74529297026111,13.324196406953574,0.9012143896554264,74.42640687119285,0.7055310758267517,47.739549839228296,48.27974276527331,304.0,29.990781466339328,13.404383896609938,0.8945588715635977,72.18376618407356,0.7331694704437335,47.6546052631579,47.89473684210526
262,training_set_primary_roi_030:90,training_set_primary_roi_030,stroma,3,False,0.9424657534246575,0.8911917098445595,0.10880829015544041,0.3894908179306687,0.03732638888888889,0.8362336754798889,0.9863944053649902,386.0,41.959078443714354,12.728841382357885,0.9528749935421005,98.5685424949238,0.4992527883088711,48.10880829015544,48.00259067357513,344.0,39.85001013912153,11.844515115249466,0.95480671841602,90.32590180780451,0.5298387215579435,47.74418604651163,48.13953488372093
263,training_set_primary_roi_030:111,training_set_primary_roi_030,epithelium,3,False,0.979854264894985,0.9605042016806723,0.03288364249578415,0.3451781893001672,0.12445746527777778,0.9171603322029114,0.9998086094856262,1186.0,43.578231832572,34.91179956298137,0.5984912702547048,129.0538238691624,0.8948552668975833,47.5531197301855,47.58010118043845,1147.0,42.54639021489002,34.58323940254634,0.582492548993089,126.22539674441617,0.9046483451530799,47.59023539668701,47.9232781168265
264,training_set_primary_roi_031:60,training_set_primary_roi_031,lymphocyte,2,False,0.9845360824742269,0.9695431472081218,0.005141388174807198,0.21442973803656876,0.0419921875,0.9014869928359985,0.999362051486969,389.0,26.08373090547908,19.089035167450554,0.681479890764884,73.84062043356595,0.8965381840002143,48.48071979434447,47.84318766066838,387.0,25.671031204262693,19.260692965037457,0.6611099601650673,72.18376618407356,0.9333440298083056,48.377260981912144,48.031007751937985
265,training_set_primary_roi_031:297,training_set_primary_roi_031,melanophage,2,False,0.9785575048732943,0.9580152671755725,0.04198473282442748,0.08335872190321589,0.08170572916666667,0.8530553579330444,0.9998030066490173,786.0,46.80845771708486,22.012982337248772,0.8825183930410828,117.63961030678928,0.7137157088705244,48.36641221374046,48.04325699745547,753.0,46.3554934792856,21.442290941338065,0.8865869234736773,114.8111831820431,0.7178545461155149,48.34926958831341,48.124833997343956
266,training_set_primary_roi_032:60,training_set_primary_roi_032,melanophage,3,False,0.9567068843151171,0.9170068027210885,0.05655172413793103,0.6095495060476475,0.07421875,0.8950670957565308,0.9997527003288269,725.0,34.93103463795903,26.501925869071187,0.6514485203989364,100.08326112068522,0.9095466415518113,47.55310344827586,48.17655172413793,684.0,32.964524091380675,26.556038073588812,0.5924673507169356,96.08326112068524,0.9310446224662751,47.08040935672515,48.56140350877193
267,training_set_primary_roi_032:185,training_set_primary_roi_032,epithelium,3,False,0.9646153846153847,0.9316493313521546,0.04216867469879518,0.5639637334909877,0.06901041666666667,0.8897848129272461,0.9994854927062988,664.0,34.53760071705229,24.58771332113946,0.7022692438496828,97.01219330881975,0.8865950381402237,48.20180722891566,47.7289156626506,636.0,34.66600891317667,23.4726754549767,0.735882502402466,94.18376618407356,0.9009794261031967,47.7311320754717,47.418238993710695
268,training_set_primary_roi_032:212,training_set_primary_roi_032,lymphocyte,3,False,0.9798994974874372,0.9605911330049262,0.03940886699507389,0.20503032227020576,0.021158854166666668,0.8483395576477051,0.994857907295227,203.0,18.793035440076185,13.816496996016665,0.6778584821875404,52.2842712474619,0.9331764790838131,48.39408866995074,47.783251231527096,195.0,18.39637428622932,13.583113074217183,0.6744087982185973,50.87005768508881,0.9469346646704282,48.18974358974359,47.8
269,training_set_primary_roi_032:311,training_set_primary_roi_032,tumor,3,False,0.9769585253456221,0.954954954954955,0.04504504504504504,0.15566003109674142,0.08051215277777778,0.9300430417060852,0.9994723200798035,777.0,38.811202391113994,25.500697461406233,0.7538515591044921,104.91168824543142,0.8871215540613827,47.95366795366795,47.81467181467181,742.0,38.41931210104642,24.61125022408337,0.7678782537463995,102.91168824543142,0.8804087775488991,48.086253369272235,47.89622641509434
270,training_set_primary_roi_032:387,training_set_primary_roi_032,stroma,3,False,0.9580246913580247,0.919431279620853,0.08056872037914692,0.14734384160406871,0.04210069444444445,0.8616333603858948,0.999738872051239,422.0,40.29718430233068,14.483595773222723,0.9331760757839151,92.8111831820431,0.6156327237680523,47.56161137440758,48.15165876777251,388.0,39.029135426522615,13.816604172961355,0.9352426075897791,88.5685424949238,0.6215593356893155,47.577319587628864,48.00515463917526
271,training_set_primary_roi_033:46,training_set_primary_roi_033,epithelium,0,False,0.9783549783549783,0.9576271186440678,0.012048192771084338,0.34713475153775575,0.12456597222222222,0.90062415599823,0.9974187612533569,1162.0,56.59272310313733,26.56346242427204,0.8829965528482575,140.22539674441617,0.7426131531638624,47.68072289156626,48.229776247848534,1148.0,55.81860905604899,26.53818377579665,0.8797502379132759,137.9827560572969,0.7577084343144966,47.33449477351916,48.204703832752614
272,training_set_primary_roi_033:248,training_set_primary_roi_033,endothelium,0,False,0.9575070821529745,0.9184782608695652,0.0443213296398892,0.7691357882469907,0.07486979166666667,0.8610569834709167,0.9994432330131531,722.0,42.782700746712145,22.72427298880126,0.8472742656956248,114.18376618407356,0.695886377032345,47.73684210526316,47.61357340720222,690.0,41.646022937755035,21.8776541666119,0.8509023004865255,105.35533905932738,0.7811705400205166,47.74927536231884,48.38260869565217
273,training_set_primary_roi_033:307,training_set_primary_roi_033,plasma_cell,0,False,0.9825396825396825,0.9656786271450858,0.03125,0.37109595010712076,0.06727430555555555,0.8761254549026489,0.9998257756233215,640.0,36.63225522099426,22.771638629256316,0.7833125334496243,99.49747468305833,0.8123921563593377,48.31875,47.5171875,620.0,35.5352568367602,22.63844276323438,0.7708060286308276,95.25483399593904,0.8586724015223736,48.3758064516129,47.883870967741935
274,training_set_primary_roi_033:345,training_set_primary_roi_033,melanophage,0,True,0.08985507246376812,0.04704097116843703,0.952959028831563,4.355196100600851,0.003363715277777778,0.5101122856140137,0.36867421865463257,659.0,39.54730314382474,21.54602294159263,0.8385552997516176,102.66904755831214,0.7856266592654811,47.7556904400607,48.37025796661609,31.0,12.848928288852443,6.2123157526021995,0.8753504253010622,22.106601717798213,0.7971271183186821,50.064516129032256,44.67741935483871
275,training_set_primary_roi_033:364,training_set_primary_roi_033,stroma,0,True,0.963265306122449,0.9291338582677166,0.07086614173228346,0.29582089400023653,0.025607638888888888,0.7710491418838501,0.9916110634803772,254.0,23.744218930998933,14.45301368960352,0.7934034573381317,63.59188309203678,0.7892965590785407,48.12204724409449,47.59842519685039,236.0,22.996630395430557,13.883637586714809,0.7971927540296158,60.384776310850235,0.8133302838940357,48.28813559322034,47.84322033898305
276,training_set_primary_roi_034:138,training_set_primary_roi_034,tumor,3,True,0.9706439393939394,0.9429622815087396,0.05703771849126035,0.27562443177554014,0.11121961805555555,0.9310638904571533,0.9998749494552612,1087.0,46.881924769254084,29.713354538699974,0.7735041233235583,127.88225099390857,0.8352545763289312,48.17939282428703,47.710211591536336,1025.0,45.69993303757005,28.68641863522407,0.7784452667474475,122.46803743153546,0.8587924404400535,47.90439024390244,47.691707317073174
277,training_set_primary_roi_034:241,training_set_primary_roi_034,epithelium,3,False,0.9744279946164199,0.9501312335958005,0.04216073781291173,0.21123209178662994,0.0788845486111111,0.916653037071228,0.9994309544563293,759.0,34.424258114857274,28.398015612015985,0.5652174196012489,103.1543289325507,0.8963481442573028,48.32411067193676,47.83530961791831,727.0,33.79144125953142,27.68809332967729,0.5732481134639913,101.7401153701776,0.8825916682248739,48.47730398899587,47.98074277854195
278,training_set_primary_roi_036:160,training_set_primary_roi_036,tumor,3,False,0.7831978319783198,0.643652561247216,0.49324324324324326,4.260122418412712,0.04796006944444445,0.7217929363250732,0.953079342842102,296.0,20.416284841967553,18.986650068382612,0.3676208382312901,65.698484809835,0.8617690008831826,48.054054054054056,48.44932432432432,442.0,28.290906995377064,20.03604794766147,0.7059967075432871,78.76955262170047,0.8951903164384566,43.984162895927604,49.70814479638009
279,training_set_primary_roi_036:276,training_set_primary_roi_036,epithelium,3,False,0.935361216730038,0.8785714285714286,0.104,0.7687144192349641,0.08984375,0.8855792880058289,0.9984167814254761,750.0,40.8940798693128,23.50042372379318,0.8183882758603641,107.9827560572969,0.8082808914171961,47.63066666666667,48.236,828.0,43.9992846044861,24.50529009053983,0.8305477225915715,115.1543289325507,0.7846566562293034,47.58574879227053,47.468599033816425
280,training_set_primary_roi_036:441,training_set_primary_roi_036,stroma,3,False,0.8994899489948995,0.8173391494002181,0.10947249007373795,3.6162296349729823,0.1703559027777778,0.760879397392273,0.9802943468093872,1763.0,98.89170627971033,24.091503563884192,0.96987201687728,229.9655121145938,0.41892546138676934,48.49007373794668,47.65456608054453,1570.0,83.71179387068095,24.76266372545817,0.9552472487534749,198.8528137423857,0.4989373720878434,44.93630573248408,46.98535031847134
281,training_set_primary_roi_036:510,training_set_primary_roi_036,tumor,3,True,0.9569160997732427,0.9173913043478261,0.08260869565217391,0.538958548824066,0.022894965277777776,0.7736601233482361,0.9559507966041565,230.0,23.693192155712413,13.113368512791087,0.8328719890681465,60.97056274847714,0.7774944418423435,48.143478260869564,48.23478260869565,211.0,22.211357860518763,12.719861028239155,0.8197833893601416,57.55634918610404,0.8003977181957307,47.61611374407583,48.345971563981045
282,training_set_primary_roi_037:140,training_set_primary_roi_037,plasma_cell,0,False,0.9863945578231292,0.9731543624161074,0.027586206896551724,0.12533845901214777,0.016167534722222224,0.8548970222473145,0.959648072719574,145.0,15.662891511293525,11.81372922130215,0.6565878333359904,42.62741699796952,1.0027665336791678,47.63448275862069,47.66206896551724,149.0,15.725312662246816,12.10169575020418,0.6385649977147185,43.21320343559643,1.002681975721208,47.65771812080537,47.785234899328856
283,training_set_primary_roi_037:198,training_set_primary_roi_037,stroma,0,False,0.9788434414668548,0.9585635359116023,0.0028169014084507044,0.3895802992622503,0.038411458333333336,0.8773283362388611,0.998497486114502,355.0,43.40178637179331,10.797544862035592,0.9685597328938749,90.46803743153546,0.5450644768884917,47.55211267605634,47.690140845070424,354.0,42.95930857807184,10.966155222511635,0.9668702234668299,89.9827560572969,0.5494074500272708,47.83898305084746,47.42655367231639
284,training_set_primary_roi_037:245,training_set_primary_roi_037,melanophage,0,False,0.9567164179104478,0.9170243204577968,0.08297567954220315,0.530864102444082,0.0695529513888889,0.8799899220466614,0.9997923970222473,699.0,36.89509120031017,26.42414082113198,0.6978985274148422,111.98275605729688,0.7004622518241242,48.06723891273248,47.814020028612305,641.0,35.72491572340879,25.11441528241515,0.7111953949289019,102.91168824543142,0.7605687687450733,48.52418096723869,48.08424336973479
285,training_set_primary_roi_038:206,training_set_primary_roi_038,epithelium,2,False,0.8008474576271186,0.6678445229681979,0.3482587064676617,3.019639221375323,0.029405381944444444,0.6236578822135925,0.8939992785453796,201.0,25.857090889371587,10.590778746531889,0.9122701851968985,65.76955262170047,0.58392375847978,48.35820895522388,47.766169154228855,271.0,27.25801760788547,13.43791064982867,0.8700353805861691,69.84062043356595,0.6981728837596881,48.77121771217712,44.77490774907749
286,training_set_primary_roi_038:225,training_set_primary_roi_038,endothelium,2,False,0.7752126366950183,0.6329365079365079,0.5638629283489096,6.614643044535332,0.05447048611111111,0.86920166015625,0.9940926432609558,321.0,25.46072671184443,16.241203946079295,0.7701255041417341,69.04163056034261,0.8462385728473418,48.09657320872274,48.1183800623053,502.0,43.12938606484968,15.6123433787807,0.9321825458680967,101.59797974644665,0.6111438373761363,47.125498007968126,54.66135458167331
287,training_set_primary_roi_039:395,training_set_primary_roi_039,tumor,3,False,0.9833110814419226,0.9671700590938936,0.004013377926421404,0.11834287301883803,0.1628689236111111,0.8405645489692688,0.9982814788818359,1495.0,73.25358983054947,26.630477474288906,0.9315792957391509,176.2670273047588,0.6046567369572449,47.59665551839465,47.87959866220736,1501.0,73.59977370331909,26.7451859521294,0.9316383614339158,176.0243866176395,0.6087582739755909,47.502331778814124,47.80812791472352
288,training_set_primary_roi_040:3,training_set_primary_roi_040,epithelium,3,True,0.9654135338345865,0.9331395348837209,0.06686046511627906,0.2774536020836556,0.06966145833333333,0.8612858653068542,0.9972568154335022,688.0,42.603666568220014,21.049756406064198,0.8694146191353487,105.45584412271572,0.7774223063364643,47.72529069767442,47.5,642.0,40.44655996028271,20.626889085987013,0.8601869558451225,100.87005768508881,0.792903534342765,47.9797507788162,47.389408099688474
289,training_set_primary_roi_041:6,training_set_primary_roi_041,melanophage,0,True,0.9611992945326279,0.9252971137521222,0.05434782608695652,0.752602889355901,0.06315104166666667,0.8682758212089539,0.9936422109603882,552.0,32.1809843818447,22.375094440712434,0.7187299734690633,92.66904755831214,0.807754791577811,48.01268115942029,48.30072463768116,582.0,32.93448724705962,22.77911636766938,0.7222334736617191,92.08326112068522,0.8625245512995967,47.67353951890034,47.628865979381445
290,training_set_primary_roi_041:402,training_set_primary_roi_041,stroma,0,False,0.4720496894409938,0.3089430894308943,1.631578947368421,11.273810601226513,0.03797743055555555,0.5333045125007629,0.7876400947570801,133.0,30.36521195063478,6.96319598622318,0.9733522845956692,64.8700576850888,0.3971667990703718,48.03007518796993,48.390977443609025,350.0,34.262825721934774,24.45457258851809,0.7004159990729039,117.46194077712559,0.31877449314676737,58.097142857142856,53.465714285714284
291,training_set_primary_roi_042:5,training_set_primary_roi_042,tumor,2,True,0.9421965317919075,0.8907103825136612,0.10410958904109589,0.5849696476854528,0.035481770833333336,0.7939633131027222,0.9982494711875916,365.0,29.615669548739167,16.01143117905146,0.8412537197828259,74.2842712474619,0.8312066214618347,48.29041095890411,47.64383561643836,327.0,26.856277517050287,15.589803675119397,0.8142672928420475,68.2842712474619,0.8812847580800782,48.666666666666664,48.091743119266056
292,training_set_primary_roi_042:13,training_set_primary_roi_042,tumor,2,True,0.8071748878923767,0.6766917293233082,0.3978494623655914,3.9465500524821655,0.014105902777777778,0.6361932158470154,0.8086246848106384,93.0,13.088181521621562,9.341295437200314,0.7004312406227937,35.69238815542512,0.9173637989250778,47.526881720430104,48.215053763440864,130.0,24.83753190442888,11.52533471346599,0.8858200163159421,58.14213562373095,0.4832493256433252,47.26923076923077,44.276923076923076
293,training_set_primary_roi_042:56,training_set_primary_roi_042,tumor,2,False,0.9790874524714829,0.9590316573556797,0.03731343283582089,0.1488315236067984,0.055989583333333336,0.8583435416221619,0.9987459182739258,536.0,36.83188402672902,19.908083505367554,0.8413361617087782,97.49747468305833,0.7085784168171937,48.259328358208954,47.51679104477612,516.0,36.680903340969074,18.920907054280722,0.8566943033471868,92.08326112068522,0.7647124887810858,48.406976744186046,47.498062015503876
294,training_set_primary_roi_042:397,training_set_primary_roi_042,epithelium,2,False,0.9363905325443787,0.8803894297635605,0.09577464788732394,1.05764107527993,0.06966145833333333,0.7555131316184998,0.9942717552185059,710.0,37.719339295354224,24.506188931144095,0.7601921974501854,103.74011537017762,0.8290386147149031,48.238028169014086,48.443661971830984,642.0,37.35595008966149,22.554714229805462,0.7971522399534592,99.49747468305833,0.8149308818479606,47.97196261682243,49.467289719626166
295,training_set_primary_roi_043:597,training_set_primary_roi_043,melanophage,3,True,0.5263157894736842,0.35714285714285715,0.6428571428571429,3.8899130164044067,0.018446180555555556,0.5069131851196289,0.5283311009407043,476.0,26.658603075217208,23.189761469462784,0.49326500300195714,83.698484809835,0.8538500823514988,47.72899159663866,47.5609243697479,170.0,16.076007600990515,13.580717567474007,0.5351110379137408,47.21320343559643,0.9583669943111328,44.747058823529414,50.05882352941177
296,training_set_primary_roi_044:160,training_set_primary_roi_044,histiocyte,3,False,0.9681978798586572,0.9383561643835616,0.016355140186915886,0.5061139920233405,0.04568142361111111,0.8576498627662659,0.9926730990409851,428.0,27.340962253093593,20.077125386603136,0.6787991084724477,77.59797974644667,0.8932084106405441,47.65654205607477,47.83644859813084,421.0,27.12901311502672,19.871470854259062,0.680788100588836,75.84062043356595,0.9197889873526861,48.11401425178147,47.61995249406176
297,training_set_primary_roi_044:215,training_set_primary_roi_044,epithelium,3,True,0.9080459770114943,0.8315789473684211,0.16842105263157894,0.44632649473126235,0.04286024305555555,0.7955052852630615,0.9893608689308167,475.0,34.175354342936814,18.48556621542313,0.8410847072678503,89.49747468305833,0.7452155548386858,47.56,48.27789473684211,395.0,31.588152871418284,16.2398297026037,0.857723417932275,78.18376618407356,0.8120331999462546,47.8253164556962,47.91898734177215
298,training_set_primary_roi_044:272,training_set_primary_roi_044,melanophage,3,False,0.9053333333333333,0.8270401948842875,0.16401468788249693,1.4517285459107097,0.07411024305555555,0.7281086444854736,0.9537581205368042,817.0,40.9857079229073,26.32302398649174,0.7664961892924113,115.46803743153546,0.770031252642578,48.47001223990208,48.08567931456548,683.0,36.27972586790013,24.58794841434084,0.7353085692231006,101.39696961966999,0.8347964936080683,47.30600292825768,47.218155197657396
299,training_set_primary_roi_044:415,training_set_primary_roi_044,endothelium,3,False,0.671120246659815,0.5050270688321732,0.748587570621469,10.368978408096382,0.1343315972222222,0.8720383644104004,0.9981796741485596,708.0,44.79214912795241,20.44259697040083,0.8897808955434248,108.42640687119285,0.7567858264681947,47.82627118644068,47.98446327683616,1238.0,65.06334674698495,28.79694815966173,0.8967198293587819,201.33809511662426,0.38377669451606367,50.29967689822294,58.054119547657514
300,training_set_primary_roi_045:533,training_set_primary_roi_045,tumor,2,False,0.7194570135746606,0.5618374558303887,0.375,3.7604297362762455,0.03689236111111111,0.6021444201469421,0.6163479685783386,544.0,28.82418380543322,24.40405203660393,0.5321470094742281,85.45584412271572,0.9361064266928899,47.9797794117647,48.2922794117647,340.0,26.179701515696248,17.3685585805204,0.7482329624949401,75.59797974644665,0.7475984660643655,49.444117647058825,51.75588235294118
301,training_set_primary_roi_045:561,training_set_primary_roi_045,tumor,2,False,0.6733772995487678,0.5075876504447933,0.8638170974155069,8.420043939779008,0.20345052083333334,0.851264476776123,0.997575581073761,1006.0,53.72782055981982,24.227759973968553,0.8925567423549898,132.95331880577402,0.7151703143620551,47.586481113320076,47.807157057654074,1875.0,62.129010155639584,39.729172337106945,0.7688222859536914,184.79393923933998,0.6899787083588275,40.23146666666667,43.70826666666667
302,training_set_primary_roi_046:55,training_set_primary_roi_046,tumor,2,False,0.9163144547759933,0.8455538221528861,0.01877133105802048,2.0499417482261935,0.06477864583333333,0.8158079385757446,0.9930291771888733,586.0,30.149985904864483,25.08150800153803,0.5549387612703387,93.25483399593904,0.8467686551857624,47.87883959044368,48.10409556313993,597.0,30.554945213908375,24.971193202572024,0.5762756739373668,90.66904755831214,0.9125697903516655,48.70184254606365,49.981574539363486
303,training_set_primary_roi_046:235,training_set_primary_roi_046,histiocyte,2,True,0.9701986754966887,0.9421221864951769,0.05787781350482315,0.20149327225198035,0.031792534722222224,0.8429524898529053,0.9910888671875,311.0,22.246441436061687,18.289911136383683,0.5692709623019737,67.21320343559643,0.8650895454097711,47.9903536977492,47.549839228295816,293.0,21.824346190635232,17.548368337727872,0.5945305290848203,64.38477631085024,0.8882006813895621,48.18771331058021,47.59044368600683
304,training_set_primary_roi_046:257,training_set_primary_roi_046,stroma,2,False,0.9210526315789473,0.8536585365853658,0.15602836879432624,0.8460619337983186,0.017686631944444444,0.7843691110610962,0.7695327997207642,141.0,16.403041562418764,11.04892308876234,0.7391053034945493,43.79898987322333,0.9236358632776679,48.326241134751776,47.829787234042556,163.0,18.039437701477972,11.615830361860082,0.7650986288377984,47.45584412271571,0.9095321661632718,47.65644171779141,47.31288343558282
305,training_set_primary_roi_046:336,training_set_primary_roi_046,histiocyte,2,False,0.8985823336968375,0.8158415841584158,0.22572815533980584,1.3441316709646938,0.05479600694444445,0.8576420545578003,0.9924103021621704,412.0,31.359951966190398,16.83950049709165,0.8435983534248197,81.59797974644665,0.7775857038356964,47.72572815533981,47.61407766990291,505.0,34.94139220763058,18.586098389474955,0.8467932980338997,89.25483399593904,0.7965953170048915,48.2950495049505,48.83168316831683
306,training_set_primary_roi_046:421,training_set_primary_roi_046,lymphocyte,2,False,0.9654088050314465,0.9331306990881459,0.038461538461538464,0.2772626940048388,0.03515625,0.9110946655273438,0.9992918968200684,312.0,21.039689134421128,18.907995219768814,0.43860028424120695,64.5269119345812,0.9416352218281484,47.87179487179487,47.67307692307692,324.0,20.487645910684822,20.197247919087808,0.1677727171386161,64.76955262170047,0.9705391965307768,47.70987654320987,47.898148148148145
307,training_set_primary_roi_047:82,training_set_primary_roi_047,histiocyte,3,False,0.9656146961846443,0.9335154826958105,0.04151291512915129,0.5262664496659155,0.11273871527777778,0.8040282726287842,0.9985163807868958,1084.0,53.820399939962066,29.29243330380449,0.8389148774993159,148.8528137423857,0.6147875290966228,47.37084870848709,47.63653136531365,1039.0,53.736048280301254,27.873478980659968,0.8549496508024172,142.2670273047588,0.6450849320018349,47.888354186718,47.54090471607315
308,training_set_primary_roi_047:507,training_set_primary_roi_047,lymphocyte,3,False,0.9555822328931572,0.9149425287356322,0.021844660194174758,0.2584387448889956,0.04568142361111111,0.8968917727470398,0.9998564720153809,412.0,26.14429909733637,20.278318216780313,0.6311871219731295,76.42640687119285,0.8863805056649531,48.38592233009709,47.66504854368932,421.0,26.248417196281494,20.451980261442966,0.6268126112930024,74.76955262170047,0.9463295372451844,48.327790973871736,47.91686460807601
309,training_set_primary_roi_047:775,training_set_primary_roi_047,lymphocyte,3,False,0.9761634506242906,0.9534368070953437,0.020224719101123594,0.06375537836923036,0.047309027777777776,0.8943302035331726,0.9998712539672852,445.0,28.147865004335138,20.361546667847737,0.6904522067109815,80.42640687119285,0.8645150174749187,48.17078651685393,47.58876404494382,436.0,27.984667947451765,19.961506963604688,0.7008572620749789,77.01219330881975,0.9237987467277162,48.107798165137616,47.59862385321101
310,training_set_primary_roi_048:16,training_set_primary_roi_048,melanophage,0,True,0.9517241379310345,0.9078947368421053,0.04225352112676056,0.8985329267761462,0.03211805555555555,0.8416268229484558,0.99815434217453,284.0,31.308892324504974,11.826476259740868,0.9259135945770771,73.698484809835,0.6570691630338312,48.40492957746479,47.70070422535211,296.0,31.1992230888052,12.372417049093636,0.9180080694046557,72.8700576850888,0.7004922720578556,47.513513513513516,47.58783783783784
311,training_set_primary_roi_048:173,training_set_primary_roi_048,histiocyte,0,True,0.9737556561085973,0.9488536155202821,0.01615798922800718,0.26288898084233014,0.05946180555555555,0.9151312112808228,0.9993463158607483,557.0,31.618559913518638,22.68405882811564,0.6966320546332994,90.42640687119285,0.8560014701291899,47.80251346499102,48.25673249551167,548.0,30.819189589004605,22.821516027258326,0.6720597150158513,87.59797974644665,0.8974334274400037,48.0492700729927,48.166058394160586
312,training_set_primary_roi_048:432,training_set_primary_roi_048,endothelium,0,False,0.9666110183639399,0.9353796445880452,0.010067114093959731,0.5765462873562321,0.06532118055555555,0.9270945191383362,0.998512327671051,596.0,32.019700271880076,23.777886036413772,0.6697332409193407,92.08326112068524,0.8832725645610987,47.7751677852349,47.91610738255034,602.0,31.751608770254872,24.188112267276598,0.6478220388975268,90.08326112068524,0.9322194411040191,48.262458471760795,48.22425249169435
313,training_set_primary_roi_048:693,training_set_primary_roi_048,apoptosis,0,False,0.927536231884058,0.8648648648648649,0.09090909090909091,0.26178992491723946,0.01171875,0.7626871466636658,0.7780645489692688,99.0,11.936764288071515,10.809739159578548,0.42416761295335004,37.55634918610404,0.8820197745588774,47.43434343434343,47.56565656565657,108.0,12.40116734762701,11.116964772588334,0.44315495846071246,36.970562748477136,0.9929365491729245,47.68518518518518,47.49074074074074
314,training_set_primary_roi_048:796,training_set_primary_roi_048,neutrophil,0,False,0.711168164313222,0.5517928286852589,0.44510978043912175,3.0315206018234386,0.030164930555555556,0.8412395715713501,0.9951358437538147,501.0,30.882144179518804,21.032689962228343,0.7322246955280992,85.698484809835,0.8572377800988964,48.079840319361274,47.58083832335329,278.0,24.700603967937393,14.5349855928446,0.8085361083443008,64.04163056034261,0.8517848239216581,46.76618705035971,50.31294964028777
315,training_set_primary_roi_049:221,training_set_primary_roi_049,endothelium,0,False,0.8291814946619217,0.7082066869300911,0.39148936170212767,2.7508311238481014,0.035481770833333336,0.8643602728843689,0.9963288903236389,235.0,25.785472540942013,12.13404008157829,0.8823591448334945,64.2842712474619,0.7146086625162171,48.28936170212766,48.327659574468086,327.0,34.02167845346689,12.791696904480261,0.9266250801288526,80.52691193458118,0.633688063685719,48.87155963302752,45.63914373088685
316,training_set_primary_roi_049:364,training_set_primary_roi_049,plasma_cell,0,False,0.8960573476702509,0.8116883116883117,0.232,0.42180022433147496,0.03342013888888889,0.8774535655975342,0.992214024066925,250.0,23.02026926504981,14.278196068292484,0.7844085187047313,62.2842712474619,0.8098285769336058,47.688,48.276,308.0,24.330370765564815,16.209951380248,0.7457342679724585,64.87005768508881,0.9197546925840184,47.298701298701296,48.11363636363637
317,training_set_primary_roi_051:148,training_set_primary_roi_051,lymphocyte,3,False,0.9640449438202248,0.93058568329718,0.0045045045045045045,0.6661372952946392,0.048394097222222224,0.9228475689888,0.9996713399887085,444.0,32.087039017694245,17.8584546510998,0.8308054931088577,82.42640687119285,0.8212210957596799,47.65765765765766,47.49324324324324,446.0,32.239548289555245,17.806599846792054,0.8336311039942583,83.01219330881975,0.8133190510557441,48.15022421524664,47.94170403587444
318,training_set_primary_roi_052:127,training_set_primary_roi_052,histiocyte,0,True,0.9734265734265735,0.9482288828337875,0.022130013831258646,0.4421531016574893,0.07671440972222222,0.8850898146629333,0.9995332956314087,723.0,42.3225201056121,22.04178169552867,0.8536756481846633,112.26093065034891,0.7209263259276476,48.160442600276625,48.138312586445366,707.0,41.985177114467604,21.700462242652044,0.8560698872067362,107.39696961966999,0.7702739726183493,48.35643564356435,48.53465346534654
319,training_set_primary_roi_052:130,training_set_primary_roi_052,plasma_cell,0,True,0.9310924369747899,0.8710691823899371,0.13261648745519714,0.4104019206110844,0.03428819444444445,0.8956717252731323,0.9988462924957275,279.0,23.111461352526245,15.567510984528258,0.7391106626064469,65.94112549695427,0.8063087194430982,47.53405017921147,48.07168458781362,316.0,24.433694895208472,16.580945013855917,0.7344989637866386,67.35533905932738,0.8752918673582903,47.62658227848101,48.471518987341774
320,training_set_primary_roi_052:557,training_set_primary_roi_052,apoptosis,0,False,0.9429657794676806,0.8920863309352518,0.104,0.14619587612001167,0.014973958333333334,0.7822562456130981,0.9871455430984497,125.0,16.319335153908014,9.838591979263192,0.7978322854254115,42.55634918610404,0.8673435427261145,47.632,48.392,138.0,16.98462309002436,10.367769886714251,0.7920771773236887,43.21320343559643,0.9286584741578973,47.64492753623188,48.2463768115942
321,training_set_primary_roi_052:633,training_set_primary_roi_052,neutrophil,0,True,0.672645739910314,0.5067567567567568,0.48299319727891155,6.799216569138161,0.016493055555555556,0.7299864292144775,0.9915071725845337,294.0,35.8638267414772,10.819492526125197,0.9534084163529291,79.55634918610404,0.5837239382175913,48.074829931972786,47.976190476190474,152.0,19.495475508264846,10.272322888817813,0.8499222976154152,48.14213562373095,0.8241433296364328,47.98026315789474,41.17763157894737
322,training_set_primary_roi_053:103,training_set_primary_roi_053,histiocyte,3,False,0.9661921708185054,0.9345955249569707,0.025225225225225224,0.23339569922661954,0.06174045138888889,0.921938955783844,0.9998477697372437,555.0,29.609015963270746,24.259258197863172,0.5733365326967975,90.5685424949238,0.8502528368282737,47.729729729729726,48.016216216216215,569.0,30.49090321196116,24.06739543763182,0.6139687220502263,88.91168824543142,0.9044913483487984,47.73462214411248,48.249560632688926
323,training_set_primary_roi_053:189,training_set_primary_roi_053,stroma,3,False,0.969439728353141,0.9406919275123559,0.027538726333907058,0.11368576767989635,0.06477864583333333,0.8419821262359619,0.9937393665313721,581.0,48.305863895937705,15.541588734476342,0.9468304496300189,112.8111831820431,0.573695823207536,47.800344234079176,47.74010327022375,597.0,49.179398928734365,15.73111258052658,0.9474607670472817,112.22539674441617,0.5956647444603834,47.78391959798995,47.85259631490787
324,training_set_primary_roi_053:273,training_set_primary_roi_053,endothelium,3,False,0.9317269076305221,0.8721804511278195,0.11016949152542373,0.9286106994049274,0.042643229166666664,0.8590495586395264,0.987216055393219,354.0,32.544833259704966,14.001863736087303,0.902717840702597,79.66904755831213,0.7008641979659767,47.548022598870055,48.12994350282486,393.0,35.14323133826221,14.467422499740952,0.9113328771759215,85.15432893255071,0.6810656122213873,48.42493638676845,47.82442748091603
325,training_set_primary_roi_054:291,training_set_primary_roi_054,histiocyte,3,False,0.896,0.8115942028985508,0.13432835820895522,0.7615624990101989,0.006293402777777778,0.5777796506881714,0.2282213717699051,67.0,10.420822375943871,8.240260571752687,0.6121398158350826,28.727922061357855,1.0201786698650586,47.46268656716418,48.3134328358209,58.0,9.46054705399848,7.790116881057132,0.5674150101317987,25.899494936611667,1.0865638889524338,47.275862068965516,49.05172413793103
326,training_set_primary_roi_054:324,training_set_primary_roi_054,lymphocyte,3,False,0.9662921348314607,0.9347826086956522,0.0,0.3441785054014239,0.038628472222222224,0.9063875675201416,0.9997218251228333,356.0,23.927503393214334,19.139726883772823,0.6001267971860836,70.76955262170047,0.8932375293584683,48.06460674157304,48.0,356.0,24.286502843497153,18.78055231800849,0.6340503665281201,68.5269119345812,0.9526591414308512,47.73314606741573,47.907303370786515
327,training_set_primary_roi_055:502,training_set_primary_roi_055,histiocyte,2,True,0.93359375,0.8754578754578755,0.007782101167315175,0.8173375115366786,0.027669270833333332,0.7482842206954956,0.9708254933357239,257.0,23.01765078576751,14.348117444206801,0.7819407050965531,62.04163056034262,0.8390282442740312,47.90661478599222,47.70817120622568,255.0,23.856708776645757,13.649141968950515,0.8201628562300841,59.798989873223334,0.896112114543885,47.10980392156863,47.89019607843137
328,training_set_primary_roi_056:74,training_set_primary_roi_056,apoptosis,3,False,0.9116465863453815,0.8376383763837638,0.040983606557377046,0.8290202976261174,0.027560763888888888,0.7776491045951843,0.906431257724762,244.0,26.243049229977807,12.44972807383453,0.8803088761177876,66.11269837220809,0.7015036322900843,47.864754098360656,48.385245901639344,254.0,25.809747381604492,12.878979001461255,0.8666038798018542,64.18376618407356,0.7748063769004209,47.08267716535433,48.110236220472444
329,training_set_primary_roi_056:342,training_set_primary_roi_056,tumor,3,False,0.973384030418251,0.9481481481481482,0.011045029736618521,0.6119469334711691,0.1291232638888889,0.9198817014694214,0.9986916184425354,1177.0,49.78076334100795,30.24736364830284,0.7942343990315359,133.63961030678928,0.8281631948778899,48.3177570093458,47.615972812234496,1190.0,49.798242519396574,30.695344847187265,0.787437784697604,134.46803743153546,0.8270251041807672,48.82857142857143,47.95294117647059
330,training_set_primary_roi_056:392,training_set_primary_roi_056,tumor,3,False,0.9596330275229358,0.9223985890652557,0.04308797127468582,0.1867954679699306,0.05783420138888889,0.7501068115234375,0.8409010171890259,557.0,30.191493111686814,23.671997884914717,0.6206827034909647,90.42640687119285,0.8560014701291899,48.09874326750449,48.050269299820464,533.0,29.71139906153358,23.13323132348495,0.6275232215205534,86.18376618407356,0.9017499685540236,48.050656660412756,48.23076923076923
331,training_set_primary_roi_056:475,training_set_primary_roi_056,tumor,3,False,0.8241758241758241,0.7009345794392523,0.1935483870967742,3.2928011241972728,0.0705295138888889,0.8549045324325562,0.9994645714759827,806.0,37.149365574762825,27.77604853568012,0.6640528058678181,107.74011537017762,0.872549418261489,48.03970223325062,47.57196029776675,650.0,38.021209545452784,22.49319852156104,0.8062345057133985,102.91168824543142,0.7712475814107607,51.30615384615385,47.987692307692306
332,training_set_primary_roi_057:198,training_set_primary_roi_057,stroma,0,False,0.9366754617414248,0.8808933002481389,0.061381074168797956,0.6867704227358101,0.03982204861111111,0.7920173406600952,0.9931178092956543,391.0,34.24481442620416,14.866573847772358,0.9008520268277396,83.66904755831214,0.7018704705218582,48.30179028132992,47.63427109974425,367.0,32.75762900044579,14.373409756777162,0.8985942621870607,78.76955262170047,0.7432915070880398,48.956403269754766,47.84196185286103
333,training_set_primary_roi_057:203,training_set_primary_roi_057,neutrophil,0,True,0.8759342301943199,0.7792553191489362,0.22074468085106383,0.4503139103559962,0.031792534722222224,0.8240411877632141,0.995357096195221,376.0,28.005310465611444,17.664056876220247,0.7759946018297473,77.698484809835,0.7826590464484966,48.037234042553195,47.60372340425532,293.0,24.702613306031413,15.401442849493893,0.7818438990812594,65.698484809835,0.8530348556039611,47.89419795221843,48.03071672354949
334,training_set_primary_roi_057:233,training_set_primary_roi_057,lymphocyte,0,False,0.956140350877193,0.9159663865546218,0.011764705882352941,0.14771552700516463,0.03732638888888889,0.8756046891212463,0.9997256398200989,340.0,22.231609698844064,19.572393189923435,0.4742582281048656,69.11269837220809,0.894485041163223,47.694117647058825,48.01470588235294,344.0,22.234443587203266,19.85284532577597,0.4502808343302209,67.94112549695427,0.9364893278608151,47.56104651162791,47.950581395348834
335,training_set_primary_roi_057:440,training_set_primary_roi_057,lymphocyte,0,False,0.9497716894977168,0.9043478260869565,0.00909090909090909,0.040450375312762785,0.023654513888888888,0.8181470632553101,0.9978545308113098,220.0,21.1452989738853,13.354553526795518,0.7753259079471566,57.11269837220809,0.8475536251951025,47.527272727272724,48.14545454545455,218.0,20.65486197712213,13.501483912323389,0.7567788628451243,54.526911934581186,0.9213922443563038,47.559633027522935,48.169724770642205
336,training_set_primary_roi_057:659,training_set_primary_roi_057,histiocyte,0,True,0.8846761453396524,0.7932011331444759,0.11044776119402985,1.1965002036129488,0.03233506944444445,0.7252106070518494,0.990429162979126,335.0,25.697115967168777,16.921174811794653,0.7525935309412582,72.25483399593905,0.8063449230789781,47.96716417910448,48.13134328358209,298.0,24.822191545503017,15.765449768430415,0.7724009103611881,65.94112549695429,0.8612186322367139,47.79530201342282,49.31543624161074
337,training_set_primary_roi_057:679,training_set_primary_roi_057,apoptosis,0,False,0.8428571428571429,0.7283950617283951,0.19742489270386265,0.4733402624953021,0.020290798611111112,0.7074131369590759,0.8899444937705994,233.0,21.681415323467583,14.050035309007495,0.7616215703914271,58.2842712474619,0.8619122311351596,47.93133047210301,48.05150214592275,187.0,21.3985021124904,12.12579377165625,0.8239479139374786,56.2842712474619,0.7417838537070126,48.11764705882353,48.48663101604278
338,training_set_primary_roi_058:45,training_set_primary_roi_058,epithelium,2,False,0.9349736379613357,0.8778877887788779,0.12211221122112212,0.5519723149141376,0.028862847222222224,0.8682039380073547,0.9920215010643005,303.0,24.591501806008047,16.008345757573018,0.7591029055274692,67.11269837220809,0.8453627188572743,48.165016501650165,48.521452145214525,266.0,22.745580859980905,14.993124726367958,0.7519970324708555,60.04163056034261,0.9272280149494572,48.142857142857146,47.96992481203007
339,training_set_primary_roi_058:346,training_set_primary_roi_058,stroma,2,False,0.9744318181818182,0.9501385041551247,0.017191977077363897,0.40525567171172033,0.038519965277777776,0.9099301695823669,0.999853253364563,349.0,29.18581934403921,15.338676104127279,0.8507612600514153,74.42640687119285,0.7917374452203741,47.656160458452725,47.713467048710605,355.0,29.28306915925463,15.53372689240326,0.8477050516149859,73.01219330881975,0.8368496274441177,47.95211267605634,47.436619718309856
340,training_set_primary_roi_059:444,training_set_primary_roi_059,lymphocyte,2,True,0.9662921348314607,0.9347826086956522,0.06976744186046512,0.11179013244328972,0.014973958333333334,0.7757038474082947,0.9813209176063538,129.0,23.1184852250068,7.584401205915936,0.9446546207379121,52.520815280171306,0.5876742426145154,48.46511627906977,48.29457364341085,138.0,24.47847131298487,7.49965971665229,0.951910003872231,53.106601717798206,0.6148822080263006,48.41304347826087,48.19565217391305
341,training_set_primary_roi_059:463,training_set_primary_roi_059,plasma_cell,2,False,0.6200750469043153,0.4493541808293678,0.5506458191706323,1.4192196028924648,0.07172309027777778,0.8918483853340149,0.9988242983818054,1471.0,48.24845240444865,39.210759922138806,0.5827042331699596,144.46803743153546,0.8856843906115213,47.7443915703603,47.477906186267845,661.0,31.113005409818083,27.095890960984015,0.4914844939697432,92.66904755831214,0.967257096436473,46.680786686838125,48.41754916792738
342,training_set_primary_roi_059:469,training_set_primary_roi_059,neutrophil,2,False,0.9063291139240506,0.8287037037037037,0.13679245283018868,0.51622211201556,0.039713541666666664,0.7561533451080322,0.9974657297134399,424.0,24.398187670792137,22.742789854294454,0.3620703096138692,84.08326112068524,0.7536273067653155,48.007075471698116,47.82783018867924,366.0,24.755477237970286,19.244531424986835,0.6290253503272026,72.18376618407356,0.8826974545473897,48.4207650273224,48.13661202185792
343,training_set_primary_roi_060:80,training_set_primary_roi_060,tumor,0,False,0.9628055260361318,0.9282786885245902,0.014767932489451477,0.7117721887183212,0.05067274305555555,0.7957817316055298,0.9628539681434631,474.0,32.200219534370106,18.895294899316276,0.8097272683416739,85.94112549695429,0.8064661284672708,48.16877637130802,47.881856540084385,467.0,31.658123937636063,18.8391594812622,0.8036654613237454,81.94112549695427,0.8740230674978691,48.80085653104925,47.55460385438972
344,training_set_primary_roi_060:132,training_set_primary_roi_060,histiocyte,0,False,0.9622641509433962,0.9272727272727272,0.07334963325183375,0.44058343445756953,0.04763454861111111,0.9010058641433716,0.9952096343040466,409.0,24.222270545458326,21.755836030366744,0.43963826506673076,74.76955262170047,0.9193557737132553,47.738386308068456,48.12958435207824,439.0,24.99004517997068,22.604774967588423,0.4263650485999203,76.52691193458118,0.9419893804448923,47.29840546697039,48.15261958997722
345,training_set_primary_roi_060:314,training_set_primary_roi_060,neutrophil,0,False,0.8127090301003345,0.6845070422535211,0.3154929577464789,2.009241540211722,0.052734375,0.881051242351532,0.9993046522140503,710.0,31.102314313178315,29.216694151588086,0.3428952725377249,99.01219330881976,0.9101036384337204,48.29154929577465,48.05492957746479,486.0,26.75779971576543,23.42066892346967,0.483609604192363,81.35533905932738,0.922728669470928,47.00411522633745,46.51234567901235
346,training_set_primary_roi_061:322,training_set_primary_roi_061,epithelium,3,False,0.9521367521367521,0.9086460032626428,0.09135399673735727,0.22092698135692207,0.06043836805555555,0.9059950113296509,0.9998737573623657,613.0,38.01195638980571,20.664030052179562,0.8393319632521573,98.66904755831214,0.7912404230706056,48.117455138662315,48.32300163132137,557.0,37.138240082925385,19.21834946707619,0.8556944389871938,92.66904755831213,0.8150714110667406,48.31238779174147,48.21903052064632
347,training_set_primary_roi_062:304,training_set_primary_roi_062,histiocyte,3,False,0.9667673716012085,0.935672514619883,0.052941176470588235,0.6056259740722294,0.052408854166666664,0.8685584664344788,0.997994065284729,510.0,32.02888088663864,20.931868043709418,0.7568997101831133,86.76955262170047,0.8512268688226972,47.82156862745098,48.062745098039215,483.0,31.156910299920415,20.056521763380967,0.765255829584634,83.94112549695427,0.8614050604397231,47.41614906832298,47.612836438923395
348,training_set_primary_roi_063:236,training_set_primary_roi_063,histiocyte,2,False,0.9746444032158318,0.9505428226779252,0.04945717732207479,0.051554897078815026,0.08550347222222222,0.9220291972160339,0.9998975992202759,829.0,43.84954498497426,24.25813089413489,0.8330399535732981,113.25483399593904,0.8121773970715126,47.87937273823884,47.76357056694813,788.0,42.54438098169012,23.848740493955695,0.8281128213734389,110.66904755831213,0.8085069115693831,47.91370558375635,47.80203045685279
349,training_set_primary_roi_063:508,training_set_primary_roi_063,tumor,2,True,0.9705882352941176,0.9428571428571428,0.04,1.0278898143352717,0.022569444444444444,0.7921344637870789,0.9857038855552673,200.0,39.43619558491158,6.646869773705515,0.9856935430308166,78.48528137423857,0.40800306022090915,47.525,47.665,208.0,40.88025925523213,6.656321969370083,0.9866549899094731,80.48528137423857,0.4034969586993778,48.55288461538461,47.66826923076923
350,training_set_primary_roi_064:468,training_set_primary_roi_064,melanophage,3,True,0.9651162790697675,0.9325842696629213,0.01675041876046901,0.8751106665807021,0.06586371527777778,0.9165338277816772,0.9999148845672607,597.0,30.630922267608607,25.129142151172815,0.5718118811725666,91.49747468305833,0.896119606736562,47.54271356783919,48.27973199329983,607.0,31.800865747993512,24.629096965914528,0.6325998403670136,92.08326112068522,0.8995745749808509,47.097199341021415,49.0329489291598
351,training_set_primary_roi_065:57,training_set_primary_roi_065,stroma,2,False,0.9066305818673883,0.8292079207920792,0.19287833827893175,0.6591464511041506,0.043619791666666664,0.7809159159660339,0.9797347187995911,337.0,38.162204152286996,11.465909299736065,0.9537969467193146,86.42640687119285,0.5669527278826293,47.566765578635014,48.29970326409496,402.0,37.596470952231606,13.674664489176532,0.9315075360190636,87.84062043356595,0.6547042013566374,47.38308457711443,47.666666666666664
352,training_set_primary_roi_067:73,training_set_primary_roi_067,epithelium,2,False,0.9078014184397163,0.8311688311688312,0.16883116883116883,0.900531813899896,0.05555555555555555,0.8568976521492004,0.9961320161819458,616.0,29.29287581932682,26.936422025382303,0.39296039698899243,91.94112549695429,0.9157373846482825,48.128246753246756,48.20779220779221,512.0,27.518144123285335,23.716489997862045,0.5071646555074225,81.94112549695427,0.9582437056935953,47.9375,49.087890625
353,training_set_primary_roi_068:32,training_set_primary_roi_068,neutrophil,3,False,0.6814671814671814,0.5168374816983895,0.9348441926345609,8.188460501481144,0.07411024305555555,0.8442780375480652,0.9926163554191589,353.0,22.655682770189397,20.51244276484378,0.42456075220847395,71.11269837220809,0.8771830939626277,47.90934844192635,48.51558073654391,683.0,41.1482045442313,21.657938735498576,0.8502743026392426,108.8111831820431,0.7249090176212518,45.134699853587115,56.219619326500734
354,training_set_primary_roi_068:247,training_set_primary_roi_068,plasma_cell,3,False,0.8953068592057761,0.8104575163398693,0.1895424836601307,1.2032208377195777,0.040364583333333336,0.8574708104133606,0.9976221919059753,459.0,35.12483795483103,16.707057253279235,0.8796357344561053,86.52691193458118,0.7704068590299067,47.98039215686274,48.45751633986928,372.0,30.916318513065317,15.359663212201834,0.8678569823717848,76.2842712474619,0.8033093103462745,47.71774193548387,49.63172043010753
355,training_set_primary_roi_068:326,training_set_primary_roi_068,histiocyte,3,False,0.27309236947791166,0.15813953488372093,3.134020618556701,12.165104794485705,0.043511284722222224,0.6608688831329346,0.9135252237319946,97.0,12.20995631145062,10.815753466221945,0.46403996519606067,36.72792206135785,0.903626340388125,48.21649484536083,48.25773195876289,401.0,28.654486392988122,18.189834018166877,0.7726774643838409,78.5269119345812,0.8171790013818959,46.895261845386536,36.1645885286783
356,training_set_primary_roi_068:389,training_set_primary_roi_068,melanophage,3,False,0.9559748427672956,0.9156626506024096,0.06882591093117409,0.36225978270685616,0.024956597222222224,0.785380482673645,0.8842987418174744,247.0,20.51437181993436,15.466654224675395,0.6569405560740751,58.8700576850888,0.895607856265067,47.81376518218624,47.83400809716599,230.0,19.700378822577022,15.006116854670717,0.6479096766216358,55.698484809834994,0.9316460306825567,47.46086956521739,47.75217391304348
357,training_set_primary_roi_068:439,training_set_primary_roi_068,tumor,3,True,0.904639175257732,0.8258823529411765,0.1346153846153846,1.2943154608833813,0.0390625,0.8286312818527222,0.9955226182937622,416.0,34.234497714071125,16.714572681761812,0.8727106857159977,87.01219330881975,0.6904670568550119,48.45432692307692,48.38701923076923,360.0,31.973694561671874,15.768781215274249,0.869927385649507,81.01219330881975,0.6893052466061974,47.46944444444444,47.547222222222224
358,training_set_primary_roi_068:498,training_set_primary_roi_068,apoptosis,3,False,0.7453416149068323,0.594059405940594,0.40594059405940597,2.4380206599890135,0.013020833333333334,0.6194434762001038,0.6682389378547668,202.0,21.175872209067492,14.224881833006217,0.7407783693308827,62.2842712474619,0.6543414901623535,48.32178217821782,47.97029702970297,120.0,13.081968267678487,11.780393108848648,0.4348432386379719,38.384776310850235,1.023465203777352,48.25,45.53333333333333
359,training_set_primary_roi_069:7,training_set_primary_roi_069,lymphocyte,2,True,0.9739413680781759,0.9492063492063492,0.050793650793650794,0.47536203818081846,0.03244357638888889,0.8360923528671265,0.9996806383132935,315.0,31.866139389249124,13.692199456545517,0.9029818745367725,78.28427124746189,0.6459090828606497,48.304761904761904,47.647619047619045,299.0,30.30779487619587,13.60183858909142,0.8936371956118532,74.2842712474619,0.6809062460742151,47.82943143812709,47.642140468227424
360,training_set_primary_roi_070:56,training_set_primary_roi_070,tumor,0,False,0.8914525432616676,0.804162724692526,0.22780373831775702,1.5552708846594385,0.1140407986111111,0.9311212301254272,0.9996219873428345,856.0,45.29352145537481,24.204035366169247,0.8452431888824861,115.7401153701776,0.803000483604156,48.21144859813084,48.28621495327103,1051.0,47.9132324601605,28.19159909387619,0.8085783029270053,128.81118318204307,0.7959860217949627,48.17697431018078,49.84110371075167
361,training_set_primary_roi_070:134,training_set_primary_roi_070,melanophage,0,False,0.9148797920727745,0.8431137724550898,0.025,0.9015828832091967,0.08452690972222222,0.9109236001968384,0.9991024732589722,760.0,40.623242877330405,24.570704797610272,0.79634435313195,108.08326112068522,0.8175354178463162,47.71578947368421,48.185526315789474,779.0,39.00997030416933,25.926397297055743,0.7471908709152195,107.25483399593904,0.8509686711968438,46.95635430038511,47.69961489088575
362,training_set_primary_roi_070:206,training_set_primary_roi_070,endothelium,0,False,0.8598265895953757,0.7541191381495564,0.32605042016806723,0.3312158587597637,0.08561197916666667,0.9010782837867737,0.9990381002426147,595.0,43.00890572312145,18.117375930649995,0.906945917884732,104.42640687119285,0.6856558091004208,47.983193277310924,48.49579831932773,789.0,48.5024736107194,21.199782678905873,0.8994194121350797,118.91168824543142,0.7011933314125401,47.88339670468948,48.17997465145754
363,training_set_primary_roi_070:238,training_set_primary_roi_070,histiocyte,0,False,0.8844036697247707,0.7927631578947368,0.25206611570247933,0.9380320468897119,0.032877604166666664,0.8826977014541626,0.9990547299385071,242.0,21.744160771471712,14.24249274494452,0.7556261886795594,58.8700576850888,0.8774781425754908,47.929752066115704,48.078512396694215,303.0,23.77387365013866,16.313103150370992,0.7274339105589716,64.52691193458118,0.9144726673523368,47.92079207920792,49.01650165016502
364,training_set_primary_roi_070:325,training_set_primary_roi_070,lymphocyte,0,False,0.8288288288288288,0.7076923076923077,0.3701067615658363,1.6467819692257133,0.04177517361111111,0.8567068576812744,0.9991390705108643,281.0,23.120296104454077,15.85352180772296,0.7278869275033106,62.8700576850888,0.8933640382636637,48.33451957295374,47.55160142348755,385.0,27.827699915334616,18.230883273748972,0.7555123612469968,75.35533905932738,0.852005772063955,47.97402597402598,49.15844155844156
365,training_set_primary_roi_070:420,training_set_primary_roi_070,melanophage,0,False,0.9159561510353228,0.8449438202247191,0.17771883289124668,0.26690531129680123,0.09635416666666667,0.7672744989395142,0.9307624101638794,754.0,39.90199867056145,24.227608131484864,0.7945659872767422,106.32590180780451,0.8381139322002301,47.688328912466844,47.87135278514589,888.0,40.39149450358365,28.22206058428675,0.7154021267495974,113.1543289325507,0.8715262714006685,47.47072072072072,48.0259009009009
366,training_set_primary_roi_070:463,training_set_primary_roi_070,plasma_cell,0,False,0.9229671897289586,0.856953642384106,0.16692426584234932,0.5984973692248631,0.08192274305555555,0.8316406011581421,0.9996719360351562,647.0,33.69697949373933,25.27296965447829,0.6614299188514771,97.01219330881975,0.8638960687902479,48.34621329211747,48.22874806800618,755.0,36.40148805863104,27.114179111928784,0.6672156754401319,105.84062043356593,0.8469388631878224,48.00132450331126,48.71788079470198
367,training_set_primary_roi_070:487,training_set_primary_roi_070,apoptosis,0,False,0.7517241379310344,0.6022099447513812,0.6605504587155964,0.20322773663955407,0.019639756944444444,0.7701420187950134,0.9868691563606262,109.0,20.878175041617112,6.771248625003544,0.9459467898337591,46.04163056034261,0.6461524130010725,48.440366972477065,48.357798165137616,181.0,24.115560793002256,9.60441568989124,0.9172698278556667,56.2842712474619,0.7179833022511726,48.447513812154696,48.15469613259668
368,training_set_primary_roi_070:525,training_set_primary_roi_070,tumor,0,True,0.9101620029455081,0.8351351351351352,0.1762820512820513,1.1828354846287465,0.03982204861111111,0.7933433055877686,0.9679723381996155,312.0,25.204766449084882,16.506617864441314,0.7557149873251217,68.2842712474619,0.8408588517461296,47.28525641025641,48.256410256410255,367.0,26.365480528908872,18.27853723160596,0.720672821676133,73.79898987322333,0.8467887769505978,46.10354223433242,48.30790190735695
369,training_set_primary_roi_073:247,training_set_primary_roi_073,epithelium,3,False,0.8188405797101449,0.6932515337423313,0.4424778761061947,1.1149224170805248,0.03537326388888889,0.7247207164764404,0.9167543053627014,226.0,18.92320848137457,15.626095103001166,0.5640165081396794,54.87005768508881,0.9432948635736588,47.915929203539825,47.95575221238938,326.0,20.928041106407953,19.939133744937855,0.3037641610115138,65.11269837220809,0.9662646176071081,47.36196319018405,48.923312883435585
370,training_set_primary_roi_073:263,training_set_primary_roi_073,melanophage,3,False,0.8571428571428571,0.75,0.23404255319148937,2.336004253415309,0.06922743055555555,0.704186201095581,0.979243814945221,517.0,28.052281561993098,23.611537085820895,0.5399492651437118,83.11269837220809,0.9405148173973367,48.37330754352031,47.483558994197296,638.0,37.68775319336655,21.846848194310095,0.8148440011420802,97.59797974644667,0.8416836419782373,46.172413793103445,46.70062695924765
371,training_set_primary_roi_074:68,training_set_primary_roi_074,epithelium,0,False,0.9376114081996435,0.8825503355704698,0.10902255639097744,1.0053543719756108,0.06401909722222222,0.8232260942459106,0.9978225231170654,532.0,45.59131014384673,15.022912795739677,0.9441511650945604,103.11269837220809,0.6287777887385073,47.56015037593985,48.44548872180451,590.0,46.79736711465036,16.255631572608124,0.9377310774436475,106.76955262170047,0.6503797783894292,48.51186440677966,48.76949152542373
372,training_set_primary_roi_074:476,training_set_primary_roi_074,lymphocyte,0,False,0.0,0.0,1.7027027027027026,17.846716038944702,0.021701388888888888,0.5728053450584412,0.8487629890441895,74.0,10.40930229743338,9.018119766196461,0.49943390791352954,28.727922061357855,1.12676450104499,47.82432432432432,47.66216216216216,200.0,19.164033474378112,13.346453498698269,0.7176224188502415,51.79898987322333,0.9366930077176155,61.765,58.805
373,training_set_primary_roi_075:233,training_set_primary_roi_075,tumor,2,False,0.9723032069970845,0.9460992907801419,0.05697151424287856,0.5296252850361639,0.07649739583333333,0.9254251718521118,0.9992132186889648,667.0,35.3626883860231,24.18042726085345,0.7296848319171626,99.49747468305833,0.8466649504557472,48.29085457271364,48.164917541229386,705.0,36.76378293854285,24.53313707671379,0.7447728371259229,100.66904755831213,0.8741924705454762,47.829787234042556,48.42553191489362
374,training_set_primary_roi_076:394,training_set_primary_roi_076,lymphocyte,3,True,0.6666666666666666,0.5,1.0,1.8055555555555558,0.01171875,0.82542484998703,0.9587562680244446,54.0,13.128111441114866,5.398116193599424,0.9115507584986795,28.86396103067893,0.8145012681102105,47.74074074074074,47.68518518518518,108.0,15.822638231414276,9.282457091655111,0.8098357176223694,40.14213562373095,0.8422338105333187,49.18518518518518,48.76851851851852
375,training_set_primary_roi_076:419,training_set_primary_roi_076,endothelium,3,False,0.7530224525043178,0.6038781163434903,0.35511363636363635,5.172638520787415,0.024631076388888888,0.6109910607337952,0.7980068922042847,352.0,39.1148518507969,13.350617190213766,0.9399477513654352,89.25483399593904,0.5552505971994491,48.08806818181818,48.31818181818182,227.0,31.701839246428037,9.844929259292252,0.9505578385764338,69.59797974644665,0.5889012207362836,45.59471365638767,52.85022026431718
376,training_set_primary_roi_079:78,training_set_primary_roi_079,melanophage,2,False,0.9550475211918829,0.9139626352015733,0.047869542346133616,0.8143791377000704,0.21614583333333334,0.8409649729728699,0.9994844198226929,1901.0,59.88352972252668,41.03630034832587,0.7282904618615466,170.95331880577402,0.8174042813243544,47.79221462388217,47.645975802209364,1992.0,62.134842654112155,42.47729693388678,0.7298279420085468,185.92388155425118,0.7241505133184063,48.4894578313253,48.066767068273094
377,training_set_primary_roi_079:392,training_set_primary_roi_079,epithelium,2,True,0.9713261648745519,0.9442508710801394,0.03866432337434095,0.405661763818543,0.05935329861111111,0.9210284352302551,0.9999369382858276,569.0,35.33952739323826,20.782245786277574,0.8088073636296932,93.7401153701776,0.8137128288095051,47.53602811950791,48.428822495606326,547.0,34.875846377120446,20.252372874018125,0.8141182630501373,90.32590180780451,0.8425051764307997,47.36197440585009,48.79524680073126
378,training_set_primary_roi_079:479,training_set_primary_roi_079,stroma,2,True,0.4777777777777778,0.31386861313868614,0.6600496277915633,8.230202268253548,0.014865451388888888,0.5317591428756714,0.7375227808952332,403.0,38.52509222133702,13.792363943622478,0.9337177947527078,89.35533905932738,0.6342695991959497,48.02977667493796,47.287841191066995,137.0,16.279642623134098,11.492493079387545,0.708269058672883,50.07716446627535,0.6865164874281059,52.01459854014598,54.48905109489051
379,training_set_primary_roi_080:13,training_set_primary_roi_080,lymphocyte,0,True,0.9389920424403183,0.885,0.12994350282485875,0.4437028481251018,0.021701388888888888,0.8166866302490234,0.9803975820541382,177.0,18.87252587546947,12.978885559162935,0.725982455430877,53.00609665440987,0.7916468391649106,47.429378531073446,47.68361581920904,200.0,19.696891834184775,14.092680797932848,0.6986358863450498,55.21320343559643,0.8244303457112637,47.23,48.08
380,training_set_primary_roi_080:545,training_set_primary_roi_080,stroma,0,False,0.7688564476885644,0.6245059288537549,0.3418803418803419,2.244107931245298,0.051106770833333336,0.7979518175125122,0.9839909076690674,351.0,50.493565033593576,9.876587216409645,0.9806835801726054,105.11269837220809,0.39921477873393857,48.27920227920228,48.31054131054131,471.0,50.3393109587781,15.969852443844767,0.9483438947167657,125.21930009000629,0.37747502903510904,46.074309978768575,48.72823779193206
381,training_set_primary_roi_080:547,training_set_primary_roi_080,tumor,0,False,0.09696969696969697,0.050955414012738856,0.68,11.791027573964872,0.008680555555555556,0.3698543906211853,0.450686514377594,250.0,21.093488902835652,15.219327380208009,0.6923959031316989,58.2842712474619,0.9247985312609008,47.58,47.92,80.0,15.792532193284652,7.203015127296889,0.8899271939717053,38.384776310850235,0.6823101358515681,38.1625,40.825
382,training_set_primary_roi_081:20,training_set_primary_roi_081,tumor,2,True,0.8451106352605282,0.7317676143386898,0.26823238566131025,3.0274726002920507,0.0642361111111111,0.7234147191047668,0.59932541847229,809.0,35.44709341976318,29.880946641402552,0.5379556979167812,108.08326112068524,0.87024493820746,47.568603213844256,48.41903584672435,592.0,31.629849128439332,24.12206839300925,0.6468276469726262,91.01219330881975,0.8981159506383029,50.429054054054056,47.42736486486486
383,training_set_primary_roi_081:392,training_set_primary_roi_081,lymphocyte,2,False,0.9445544554455445,0.8949343339587242,0.044534412955465584,1.1911589197024486,0.055989583333333336,0.871199369430542,0.9993845224380493,494.0,28.77081080813577,21.94672177940797,0.6466202472888339,83.01219330881975,0.9008511462366313,47.57692307692308,47.97570850202429,516.0,30.141735994164627,21.896653449485495,0.6872126825160241,83.84062043356595,0.9224664898815556,46.73255813953488,48.815891472868216
384,training_set_primary_roi_082:65,training_set_primary_roi_082,endothelium,0,False,0.9547038327526133,0.9133333333333333,0.07369942196531792,0.6267547085153405,0.08062065972222222,0.9098166823387146,0.9996674060821533,692.0,34.61546790566974,25.829328144383634,0.6657456010229827,99.59797974644665,0.876627115546569,48.339595375722546,48.25867052023121,743.0,35.67762449213552,26.826826863696823,0.6592509266234863,103.25483399593904,0.8757454551985625,47.95693135935397,48.755047106325705
385,training_set_primary_roi_082:189,training_set_primary_roi_082,melanophage,0,True,0.9412577747062889,0.8890339425587467,0.06125356125356125,1.4515878912708031,0.0808376736111111,0.7152657508850098,0.9800103306770325,702.0,32.62813849651083,27.49738584668461,0.5383040909890398,98.66904755831213,0.9061187226681325,48.42877492877493,47.57692307692308,745.0,32.85659563188571,28.90968544296488,0.4752058582583059,99.7401153701776,0.9410796976928868,46.986577181208055,47.412080536912754
386,training_set_primary_roi_082:230,training_set_primary_roi_082,neutrophil,0,False,0.8331584470094439,0.7140287769784173,0.25137614678899084,1.7460511911629764,0.044270833333333336,0.7890241146087646,0.9972278475761414,545.0,35.49263953624757,19.69668243953032,0.8318829124790359,90.42640687119285,0.8375597867511823,48.420183486238535,48.335779816513764,408.0,34.214769175809145,16.055330513956502,0.8830645864651601,86.32590180780451,0.6879989560722793,49.450980392156865,46.9264705882353
387,training_set_primary_roi_082:249,training_set_primary_roi_082,apoptosis,0,True,0.834061135371179,0.7153558052434457,0.2846441947565543,0.8339613375632764,0.020724826388888888,0.7865966558456421,0.9920639395713806,267.0,21.294042030592056,16.780621615498816,0.6156201484037364,64.38477631085023,0.8093842386724001,47.00374531835206,48.50561797752809,191.0,17.223751014345353,14.458213658044347,0.5434606183128688,50.72792206135786,0.9327152668176261,47.38743455497382,49.246073298429316
388,training_set_primary_roi_083:18,training_set_primary_roi_083,lymphocyte,0,True,0.9830508474576272,0.9666666666666667,0.007792207792207792,0.38910675340981377,0.041449652777777776,0.9275262951850891,0.9999511241912842,385.0,31.060510156417408,15.912856583816987,0.8587958594362547,77.25483399593904,0.8106236426338641,47.86753246753247,48.27792207792208,382.0,31.08205664384199,15.758661208969405,0.8619449471054287,77.01219330881975,0.8093833056192377,47.55235602094241,48.04973821989529
389,training_set_primary_roi_083:86,training_set_primary_roi_083,histiocyte,0,False,0.9694323144104804,0.940677966101695,0.03151862464183381,0.24454573092559517,0.036675347222222224,0.8577960729598999,0.9980663657188416,349.0,30.857812986925655,14.945324939184667,0.8748861039944992,76.76955262170047,0.7441444919131164,48.2836676217765,48.20630372492837,338.0,30.438861502615033,14.625638744615106,0.8769989419694219,75.59797974644667,0.7432008280286926,48.38165680473373,47.98224852071006
390,training_set_primary_roi_083:450,training_set_primary_roi_083,histiocyte,0,False,0.9644444444444444,0.9313304721030042,0.06451612903225806,0.2522995909667746,0.047200520833333336,0.8566692471504211,0.9975194334983826,465.0,35.80807739166545,17.065448959501147,0.8791305706994649,88.32590180780451,0.7490083449693508,48.40860215053763,48.4752688172043,435.0,34.53121038628196,16.545275282562052,0.8777386321270304,85.49747468305833,0.7478122006250668,48.248275862068965,48.280459770114945
391,training_set_primary_roi_083:561,training_set_primary_roi_083,melanophage,0,False,0.9775862068965517,0.9561551433389545,0.04054054054054054,0.23002117426645405,0.06163194444444445,0.9131787419319153,0.9992871880531311,592.0,28.824965091744875,26.241392959967115,0.41379447035767386,90.42640687119285,0.9097897133150457,47.69425675675676,48.207770270270274,568.0,28.337599773856326,25.573254575637453,0.43079552398588894,86.42640687119285,0.9555761110900103,47.83802816901409,48.38732394366197
392,training_set_primary_roi_083:623,training_set_primary_roi_083,endothelium,0,False,0.8867595818815331,0.7965571205007824,0.20344287949921752,2.417705502956693,0.055230034722222224,0.7848436832427979,0.9862014651298523,639.0,37.16156973588302,22.158160460041127,0.802787332749628,99.49747468305833,0.8111227936150261,47.8075117370892,48.33489827856025,509.0,32.31474000475579,20.520732151400498,0.7724899475597835,88.9116882454314,0.8091144047619305,45.56385068762279,47.43418467583497
393,training_set_primary_roi_083:780,training_set_primary_roi_083,tumor,0,False,0.855945521215296,0.7481684981684982,0.24701561065197428,2.8249320695746096,0.08897569444444445,0.8656883835792542,0.998668909072876,1089.0,39.77409341237451,35.45551084483433,0.45317371600068973,123.7401153701776,0.893751349520747,47.95133149678604,47.51790633608815,820.0,36.12918774554374,28.989892326373408,0.5967928440771754,106.5685424949238,0.9073308221979779,50.63780487804878,48.391463414634146
394,training_set_primary_roi_084:131,training_set_primary_roi_084,histiocyte,2,False,0.968986905582357,0.9398395721925134,0.06016042780748663,0.6264163406038951,0.07628038194444445,0.8850616216659546,0.9997686743736267,748.0,37.998642814390806,25.25604694603281,0.7471490257988074,104.5685424949238,0.8596256235895224,47.855614973262036,48.46524064171123,703.0,35.86513980959231,25.079098489176896,0.7148663234750364,99.7401153701776,0.8880255402390596,48.31294452347084,48.89331436699858
395,training_set_primary_roi_084:237,training_set_primary_roi_084,endothelium,2,False,0.964527027027027,0.9314845024469821,0.020477815699658702,0.5857396797274927,0.06488715277777778,0.9059104919433594,0.9995119571685791,586.0,29.897784688284446,25.104926981252294,0.5430631174681423,90.18376618407356,0.9054213770698089,47.84982935153584,47.87372013651877,598.0,31.456236021096345,24.39518363814651,0.6313134911483621,91.01219330881975,0.9072184771650423,48.09364548494983,47.34113712374582
396,training_set_primary_roi_084:471,training_set_primary_roi_084,tumor,2,False,0.8347613219094248,0.7163865546218487,0.27637130801687765,4.30870191944955,0.0744357638888889,0.8291060328483582,0.9951196908950806,948.0,46.662925979193986,26.20915804688926,0.8273614649994037,121.49747468305833,0.8070188870960481,48.55590717299578,48.020042194092824,686.0,36.00181612187404,24.704784463418605,0.7274040597077482,100.08326112068522,0.860619304971783,52.78279883381924,48.85568513119534
397,training_set_primary_roi_086:235,training_set_primary_roi_086,melanophage,3,False,0.9075804776739356,0.8307984790874525,0.1591928251121076,1.2142702438126325,0.056098090277777776,0.8720616698265076,0.9993976354598999,446.0,28.556590372848714,20.029297491747705,0.7127780377658621,77.94112549695427,0.9225955956312877,48.46860986547085,48.044843049327355,517.0,29.57930458909718,22.349180403890553,0.6550700518960639,84.42640687119285,0.9114729705680937,48.110251450676984,49.20502901353965
398,training_set_primary_roi_086:484,training_set_primary_roi_086,tumor,3,False,0.8393782383419689,0.7232142857142857,0.26905829596412556,1.542884896594271,0.017686631944444444,0.5184392333030701,0.22125741839408875,223.0,19.029041672659826,15.304651528111242,0.5942523778558024,54.87005768508881,0.9307732503403802,47.511210762331835,47.511210762331835,163.0,15.790191467223753,13.684138588319861,0.4989639977941065,47.45584412271571,0.9095321661632718,48.29447852760736,48.84049079754601
399,training_set_primary_roi_086:598,training_set_primary_roi_086,apoptosis,3,False,0.39316239316239315,0.24468085106382978,0.7553191489361702,6.494474801471501,0.014973958333333334,0.4981921911239624,0.2082308530807495,564.0,28.327480946943897,25.592699078387238,0.42867588842420756,87.49747468305833,0.9257589736082666,48.25,48.413120567375884,138.0,14.72694374986499,12.090124401533727,0.5709961871209533,41.798989873223334,0.9925613895068652,52.05797101449275,43.15217391304348
400,training_set_primary_roi_087:101,training_set_primary_roi_087,tumor,2,False,0.945260347129506,0.8962025316455696,0.10379746835443038,0.37288592364901,0.115234375,0.8870875835418701,0.9998834133148193,1185.0,49.14458215810559,31.10671102009198,0.7741818987245997,134.3259018078045,0.8252939938890895,48.38481012658228,48.107172995780594,1062.0,47.04919436201061,29.027620151938358,0.7869920237773259,126.32590180780451,0.8362758709842386,48.57627118644068,47.78719397363465
401,training_set_primary_roi_087:236,training_set_primary_roi_087,lymphocyte,2,True,0.9169435215946844,0.8466257668711656,0.15337423312883436,0.7146219754526308,0.014973958333333334,0.6993765234947205,0.6417846083641052,163.0,26.86642723476695,8.086618666869036,0.9536262066787096,58.14213562373095,0.6059203083066308,47.94478527607362,47.60122699386503,138.0,25.018324221457,7.294381866563776,0.9565520641433367,52.48528137423857,0.6295263178019199,47.608695652173914,48.231884057971016
402,training_set_primary_roi_087:451,training_set_primary_roi_087,tumor,2,False,0.9545454545454546,0.9130434782608695,0.08695652173913043,0.06334254784799273,0.015950520833333332,0.8052341938018799,0.8280931115150452,161.0,15.472299363372972,13.307123624379047,0.5101909581008406,44.62741699796952,1.0158562062399012,47.93167701863354,47.77018633540373,147.0,14.697582504642307,12.8518632028338,0.48516934533273537,44.04163056034261,0.9523584064739208,47.993197278911566,47.755102040816325
403,training_set_primary_roi_087:507,training_set_primary_roi_087,lymphocyte,2,True,0.9451476793248945,0.896,0.09893048128342247,0.5694832625326013,0.036566840277777776,0.8722935318946838,0.9998120665550232,374.0,26.3725634378289,18.35146187717856,0.7181829726824002,73.11269837220809,0.8792165223043908,47.99197860962567,48.23262032085562,337.0,24.398219086473866,17.783831606075584,0.6846215009756959,67.698484809835,0.9240210556331467,48.16913946587537,47.69139465875371
404,training_set_primary_roi_089:230,training_set_primary_roi_089,epithelium,3,True,0.8148148148148148,0.6875,0.34183673469387754,2.5216688084277648,0.028537326388888888,0.6517246961593628,0.7505829334259033,196.0,19.328973027211525,13.34056071337765,0.723633285924688,52.14213562373095,0.9059167831759578,47.607142857142854,47.826530612244895,263.0,25.24683035486001,13.980681171868389,0.8326764200829977,66.62741699796952,0.7444913542186108,50.08745247148289,48.28136882129277
405,training_set_primary_roi_090:10,training_set_primary_roi_090,lymphocyte,0,False,0.911957950065703,0.8381642512077294,0.1930835734870317,0.669575860000197,0.044921875,0.9052900075912476,0.9996929168701172,347.0,24.650380256685057,17.974585542847056,0.6843210280194439,68.2842712474619,0.9351859665253429,47.70317002881844,48.48991354466859,414.0,27.42982751691481,19.331227927104994,0.7094536695979948,76.52691193458118,0.8883453382783267,47.88164251207729,49.13526570048309
406,training_set_primary_roi_090:80,training_set_primary_roi_090,stroma,0,True,0.850415512465374,0.7397590361445783,0.3517915309446254,1.124561087254267,0.04503038194444445,0.8577826023101807,0.9961366057395935,307.0,40.732306422368104,10.09269444902048,0.9688160514729011,90.5269119345812,0.47075270875737724,48.40065146579805,48.17915309446254,415.0,44.80374597867782,12.357788048931655,0.9612091841633341,99.94112549695427,0.52211898943933,48.742168674698796,49.25060240963855
407,training_set_primary_roi_090:143,training_set_primary_roi_090,melanophage,0,False,0.917057902973396,0.846820809248555,0.18088737201365188,0.4392844118432707,0.037543402777777776,0.8281035423278809,0.9985846281051636,293.0,27.275703060999543,14.08764435483103,0.8562928562938961,67.698484809835,0.803377356974813,47.89419795221843,47.62798634812287,346.0,28.22680523837145,16.260021504922296,0.8174151991464103,72.76955262170047,0.821082040517302,48.30057803468208,47.79479768786127
408,training_set_primary_roi_090:161,training_set_primary_roi_090,epithelium,0,True,0.834575260804769,0.7161125319693095,0.3964285714285714,0.27182366501810845,0.042426215277777776,0.7643100023269653,0.9781826734542847,280.0,28.702541494492486,12.960183511621135,0.8922537350972618,69.59797974644667,0.7263979815249311,47.714285714285715,47.59642857142857,391.0,32.48031377194319,15.617380164798638,0.8768160203779565,78.66904755831214,0.7939238286811389,47.75959079283887,47.86445012787724
409,training_set_primary_roi_090:356,training_set_primary_roi_090,endothelium,0,True,0.6506666666666666,0.48221343873517786,0.4817813765182186,3.0871986536726848,0.013888888888888888,0.5154596567153931,0.43732795119285583,247.0,21.160837770246598,14.996535961886599,0.7055170739268353,57.941125496954285,0.9245554504153044,48.17004048582996,47.959514170040485,128.0,17.230811011597297,9.500592679281509,0.8342592743344431,42.970562748477136,0.8711195311713982,51.2109375,48.4921875
410,training_set_primary_roi_091:252,training_set_primary_roi_091,plasma_cell,3,False,0.9782761037140855,0.9574759945130316,0.001402524544179523,0.22897721802191315,0.07747395833333333,0.90342116355896,0.9999101161956787,713.0,34.10615828527957,27.071291122409367,0.6082622030977772,101.1543289325507,0.8756497889112045,47.57082748948107,48.38990182328191,714.0,33.69486244266427,27.282944478722417,0.5868352475034643,99.15432893255071,0.912608935213421,47.773109243697476,48.49719887955182
411,training_set_primary_roi_091:684,training_set_primary_roi_091,lymphocyte,3,False,0.938562091503268,0.8842364532019704,0.06329113924050633,0.5864784629210946,0.04014756944444445,0.7793393731117249,0.9783304333686829,395.0,26.695444365282885,19.073332849224112,0.6996569454264662,77.01219330881975,0.8369277636638714,47.97721518987342,47.549367088607596,370.0,26.014885521094275,18.14360108075398,0.7166514345965209,71.35533905932738,0.9131847281381964,47.41621621621621,47.37837837837838
412,training_set_primary_roi_091:786,training_set_primary_roi_091,histiocyte,3,False,0.9543624161073826,0.9127086007702182,0.018617021276595744,0.6612249346496788,0.080078125,0.7293948531150818,0.9875017404556274,752.0,37.8186945256133,26.233638003401488,0.720294369752631,109.25483399593904,0.7916739990398257,48.40824468085106,47.57446808510638,738.0,38.526258901453126,24.741832525328316,0.7665312713696494,104.08326112068522,0.8560604711129677,47.96476964769648,47.0840108401084
413,training_set_primary_roi_093:424,training_set_primary_roi_093,lymphocyte,2,False,0.9479258605472197,0.9010067114093959,0.10986964618249534,0.17492956346257335,0.0646701388888889,0.9301626682281494,0.9999035596847534,537.0,28.20298296001086,24.311905991076284,0.5068519148067614,86.42640687119285,0.9034231895340413,48.022346368715084,47.56610800744879,596.0,29.576434600357228,25.712854206601236,0.4941623565140869,89.01219330881976,0.9452727076447764,48.16610738255034,47.466442953020135
414,training_set_primary_roi_094:139,training_set_primary_roi_094,lymphocyte,0,False,0.9548387096774194,0.9135802469135802,0.08641975308641975,0.06385087716168314,0.03211805555555555,0.8676828145980835,0.9875180125236511,324.0,22.031143411962613,18.92675149668559,0.511823294565314,66.76955262170048,0.9132673710494322,47.44135802469136,48.21604938271605,296.0,20.693857286885194,18.31414224082984,0.4655838078019378,61.94112549695428,0.9694901259935806,47.391891891891895,48.17567567567568
415,training_set_primary_roi_094:257,training_set_primary_roi_094,apoptosis,0,False,0.9655172413793104,0.9333333333333333,0.022727272727272728,0.12679176590784155,0.013997395833333334,0.7562061548233032,0.9530880451202393,132.0,14.394207153962405,11.744666673281333,0.5781505821487921,40.384776310850235,1.0170643502341228,47.871212121212125,48.43939393939394,129.0,14.043282038589293,11.712533512893899,0.551717480313106,40.384776310850235,0.9939492513651654,47.775193798449614,48.35658914728682
416,training_set_primary_roi_094:475,training_set_primary_roi_094,tumor,0,False,0.947615324472244,0.9004457652303121,0.09672619047619048,0.08720114400519847,0.06586371527777778,0.8933061957359314,0.9997095465660095,672.0,47.15595470258195,19.028132685062115,0.9149730517621008,113.98275605729691,0.6499812510133773,48.02232142857143,48.33184523809524,607.0,44.99314928915024,17.76444274036154,0.9187561282632142,107.15432893255071,0.664322731923511,48.10708401976936,48.311367380560135
417,training_set_primary_roi_094:608,training_set_primary_roi_094,neutrophil,0,False,0.6760204081632653,0.5105973025048169,0.48940269749518306,0.2738945235923265,0.028754340277777776,0.7787390947341919,0.9569810628890991,519.0,31.013155914034986,21.611867721028876,0.7172059311811232,86.84062043356595,0.8648312749365027,47.932562620423894,48.2485549132948,265.0,29.2081655573527,12.68984688393358,0.9006900171479014,70.5269119345812,0.6694929392982951,47.70188679245283,48.39622641509434
418,training_set_primary_roi_095:363,training_set_primary_roi_095,melanophage,4,False,0.9504950495049505,0.9056603773584906,0.05234159779614325,0.5130791926499624,0.03732638888888889,0.8176974654197693,0.9962252378463745,363.0,25.124093729340693,18.59710232934349,0.672375890391058,72.76955262170047,0.8614242216987882,47.91460055096419,48.00826446280992,344.0,24.823809338908074,17.68846103475097,0.7016108740409527,67.698484809835,0.9432143713287907,48.06104651162791,48.5
419,training_set_primary_roi_095:382,training_set_primary_roi_095,neutrophil,4,True,0.8544600938967136,0.7459016393442623,0.1910828025477707,1.2206194618146977,0.041341145833333336,0.7961382865905762,0.9992532134056091,471.0,25.97674330351909,23.268826894503867,0.4445457978647542,79.76955262170047,0.9301574276445765,47.63057324840764,47.7791932059448,381.0,27.87217756963057,18.223619139875805,0.7566429296900737,77.35533905932738,0.8001183885732227,48.83989501312336,47.94488188976378
420,training_set_primary_roi_096:27,training_set_primary_roi_096,endothelium,2,False,0.9725315515961396,0.9465317919075145,0.007451564828614009,0.08246205866309783,0.07335069444444445,0.9032186269760132,0.9997714161872864,671.0,44.037417950070484,19.67385674326428,0.8946572479950958,109.39696961966999,0.7045661925625099,48.44560357675112,48.49627421758569,676.0,42.97556709218171,20.231147536162773,0.8822616896519149,105.98275605729688,0.756286140766881,48.49112426035503,48.42751479289941
421,training_set_primary_roi_096:205,training_set_primary_roi_096,histiocyte,2,True,0.9050632911392406,0.8265895953757225,0.14965986394557823,0.3259514008243629,0.036675347222222224,0.6754854917526245,0.8926150798797607,294.0,26.36912845276153,14.865515908649561,0.8259475583407312,72.59797974644667,0.7009840298150273,48.17006802721088,47.97278911564626,338.0,26.065202531666873,16.700620901587456,0.7677706486237333,69.94112549695429,0.8682830654616235,48.47041420118343,47.84615384615385
422,training_set_primary_roi_096:603,training_set_primary_roi_096,tumor,2,True,0.9084628670120898,0.8322784810126582,0.14323890967397113,2.9427389538970417,0.17393663194444445,0.8650082945823669,0.9972319006919861,1871.0,73.35264739703166,33.14378608695717,0.8920981243733479,188.71067811865476,0.6602230781241769,48.393907001603424,48.346338856226616,1603.0,70.56096257556848,29.780136691393412,0.9065733306667616,171.88225099390854,0.6818381877283942,46.72676232064878,45.92139737991266
423,training_set_primary_roi_097:25,training_set_primary_roi_097,tumor,2,True,0.9571068124474348,0.917741935483871,0.008375209380234505,0.42323737450831755,0.0642361111111111,0.9147374629974365,0.9995245933532715,597.0,29.88681212485377,25.499613806118692,0.5215737313883066,90.42640687119285,0.9174737480558821,47.76214405360134,47.845896147403685,592.0,29.95423978141749,25.225575667682893,0.539263533419381,90.42640687119285,0.9097897133150457,47.601351351351354,47.454391891891895
424,training_set_primary_roi_098:338,training_set_primary_roi_098,stroma,0,False,0.9102773246329527,0.8353293413173652,0.16607773851590105,1.572060473165113,0.035807291666666664,0.8104902505874634,0.9895873069763184,283.0,28.665334328202437,12.980701458303429,0.891593721190813,69.79898987322333,0.7299582551111616,48.48056537102474,47.79858657243816,330.0,31.479038390908208,14.00637742125847,0.8955588963644067,77.11269837220809,0.6973840381595879,49.64242424242424,48.85757575757576
425,training_set_primary_roi_099:52,training_set_primary_roi_099,melanophage,0,False,0.8797564687975646,0.7853260869565217,0.27335640138408307,2.2270710813989454,0.0798611111111111,0.8457187414169312,0.9990814924240112,578.0,37.9939075179705,19.488866583753364,0.8584201891676392,95.84062043356595,0.7907486687478666,48.134948096885815,47.57612456747405,736.0,42.06857897777245,22.42095885054183,0.8461391040362073,107.01219330881975,0.8076461879553964,48.10461956521739,49.80298913043478
426,training_set_primary_roi_099:184,training_set_primary_roi_099,histiocyte,0,False,0.862876254180602,0.7588235294117647,0.3118556701030928,1.03567607846015,0.055230034722222224,0.8512721657752991,0.9922905564308167,388.0,29.66569095124008,16.758673773022643,0.8251472578298096,76.5269119345812,0.8325555344250981,48.45360824742268,47.78350515463917,509.0,31.67969708809363,20.59663085393324,0.7598038342827756,85.84062043356595,0.8680444216158331,49.1041257367387,48.58939096267191
427,training_set_primary_roi_099:521,training_set_primary_roi_099,neutrophil,0,True,0.9530916844349681,0.9103869653767821,0.07982261640798226,0.19106808718781879,0.05284288194444445,0.8200937509536743,0.9966189861297607,451.0,28.21248308165904,20.4487886242238,0.6889451279216071,77.94112549695427,0.9329385955823111,48.47671840354767,47.83592017738359,487.0,30.10736354010158,20.849845838907772,0.721402041650446,84.18376618407356,0.8635393311239792,48.46611909650924,48.02669404517454
428,training_set_primary_roi_100:57,training_set_primary_roi_100,stroma,0,False,0.9582689335394127,0.9198813056379822,0.0030864197530864196,0.520399330991343,0.03504774305555555,0.8711593151092529,0.9951177835464478,324.0,46.884953553537166,9.382839633563542,0.9797704242448164,98.71067811865476,0.41785596228978156,47.57716049382716,47.608024691358025,323.0,45.2954799405851,9.748820835738139,0.9765639958437264,95.29646455628165,0.44694986313804697,48.01547987616099,47.88854489164087
429,training_set_primary_roi_100:74,training_set_primary_roi_100,histiocyte,0,False,0.9711934156378601,0.944,0.008264462809917356,0.4572220278364377,0.026475694444444444,0.8314508199691772,0.9691920280456543,242.0,19.882427074386857,16.029378933509157,0.5916317093702205,58.2842712474619,0.895204978260552,48.450413223140494,47.950413223140494,244.0,19.63788896248049,16.132136222858836,0.5702370928392694,56.87005768508881,0.9480524236578884,48.028688524590166,48.127049180327866
430,training_set_primary_roi_100:97,training_set_primary_roi_100,epithelium,0,False,0.9541864139020537,0.9123867069486404,0.05828220858895705,0.2234227901011083,0.03331163194444445,0.8368205428123474,0.9287355542182922,326.0,24.849815943699525,17.51753635390045,0.7092706585070045,70.18376618407356,0.8316759157667489,48.420245398773005,47.91717791411043,307.0,23.96954380780848,16.83704215349718,0.7117480774811108,66.18376618407356,0.8807350610098714,48.28013029315961,48.09120521172638
431,training_set_primary_roi_100:140,training_set_primary_roi_100,plasma_cell,0,False,0.9888324873096447,0.9779116465863453,0.02208835341365462,0.15471588289612678,0.05284288194444445,0.9107586145401001,0.9996204376220703,498.0,28.465848753203073,22.498227070055773,0.6126445588619189,82.18376618407356,0.9265463034488378,47.903614457831324,48.2289156626506,487.0,27.8573100145893,22.43735193563055,0.5926792643041385,81.59797974644667,0.9191364994368543,48.0082135523614,48.3429158110883
432,training_set_primary_roi_100:168,training_set_primary_roi_100,histiocyte,0,False,0.9554770318021202,0.9147496617050067,0.01566951566951567,0.8693814257510937,0.0773654513888889,0.9089176058769226,0.9997674822807312,702.0,32.82161927816072,29.307201944130803,0.45020801203589506,107.1543289325507,0.7682941644321332,47.78062678062678,48.27920227920228,713.0,33.564439462525414,28.71251330083378,0.5178945846907771,104.91168824543142,0.8140510528259536,47.06591865357644,48.774193548387096
433,training_set_primary_roi_100:214,training_set_primary_roi_100,lymphocyte,0,False,0.97442143727162,0.9501187648456056,0.0498812351543943,0.18840282170467879,0.043402777777777776,0.9166768789291382,0.9997938275337219,421.0,26.917745737559553,20.113382623634944,0.6645807438535646,77.11269837220809,0.8896929698945046,48.17814726840855,48.44893111638955,400.0,26.546549601822342,19.409497784280408,0.6822172206480094,75.69848480983498,0.8771936556509244,48.1,48.2775
434,training_set_primary_roi_100:256,training_set_primary_roi_100,tumor,0,False,0.9600862998921251,0.9232365145228216,0.060669456066945605,0.31339916643390203,0.04871961805555555,0.8222455978393555,0.9981608986854553,478.0,30.53704367345736,20.27297521775595,0.747837877191345,84.76955262170047,0.835907031314521,47.62761506276151,48.08577405857741,449.0,30.42195640096632,19.222297380753258,0.7750857531711204,83.01219330881975,0.8187898070045496,47.935412026726056,48.14476614699332
435,training_set_primary_roi_100:357,training_set_primary_roi_100,lymphocyte,0,False,0.941747572815534,0.8899082568807339,0.00966183574879227,0.47351930488774546,0.022243923611111112,0.7868210673332214,0.9768726825714111,207.0,17.263451768504478,15.390860872260202,0.45296442152228933,51.79898987322333,0.9694772629877321,48.24154589371981,47.83574879227053,205.0,18.424980877724565,14.34039845682735,0.6278767278385992,52.384776310850235,0.9387577546875426,48.71219512195122,47.88780487804878
436,training_set_primary_roi_101:57,training_set_primary_roi_101,stroma,0,False,0.30042918454935624,0.17676767676767677,4.6571428571428575,11.72589015380115,0.021484375,0.4708364009857178,0.6041725277900696,35.0,8.55681820027829,5.214935873521094,0.7928260314002745,20.485281374238568,1.0480790531023698,47.74285714285714,47.97142857142857,198.0,35.602832535762836,12.56362616977219,0.935667542743595,71.11269837220809,0.4920177127609074,44.28787878787879,59.176767676767675
437,training_set_primary_roi_101:127,training_set_primary_roi_101,epithelium,0,False,0.9685863874345549,0.9390862944162437,0.02889576883384933,0.7663408111534695,0.10210503472222222,0.9241809248924255,0.9986010193824768,969.0,37.38667493822233,33.00682792587294,0.4696549638730433,113.7401153701776,0.94125286734067,47.89164086687307,48.11455108359133,941.0,36.50501467427692,32.83649834817002,0.4369073567905757,112.32590180780451,0.9372159249802411,47.744952178533474,47.36238044633369
438,training_set_primary_roi_102:265,training_set_primary_roi_102,endothelium,0,False,0.8916728076639646,0.8045212765957447,0.19547872340425532,1.1907717881404283,0.0656467013888889,0.8814027905464172,0.9991829991340637,752.0,43.347423622860326,22.281316549109093,0.8577799433421411,109.84062043356595,0.7832524281877057,48.23936170212766,47.827127659574465,605.0,39.30291978126434,20.09574322298033,0.8593998709681575,98.08326112068522,0.7902699069785077,49.3702479338843,48.2
439,training_set_primary_roi_102:426,training_set_primary_roi_102,epithelium,0,True,0.93608029582673,0.8798411122144985,0.035483870967741936,0.9847746760741829,0.1044921875,0.9229212999343872,0.9992204904556274,930.0,39.98947793124917,29.920403042715805,0.6634654813946311,117.84062043356595,0.8415942735483749,48.03655913978495,47.468817204301075,963.0,37.954297977241644,32.36733205496804,0.5222416595187329,115.7401153701776,0.9033755440546755,47.79958463136033,46.51298026998962
440,training_set_primary_roi_103:17,training_set_primary_roi_103,epithelium,3,False,0.9573241061130334,0.918141592920354,0.04288939051918736,0.525291932385328,0.04600694444444445,0.8929057121276855,0.9977735877037048,443.0,34.58722988284259,17.11671017719057,0.8689583313435159,86.52691193458118,0.7435517179743979,47.75620767494357,48.1489841986456,424.0,33.69379151727266,16.870961934246424,0.8656126318415276,86.76955262170047,0.7076866517271051,47.6627358490566,47.632075471698116
441,training_set_primary_roi_103:35,training_set_primary_roi_103,endothelium,3,False,0.6338797814207651,0.464,0.1326530612244898,3.605580703539148,0.009223090277777778,0.6130685806274414,0.39356040954589844,98.0,12.571060262320186,10.090680764948736,0.5963947259695633,35.55634918610404,0.9740956737488671,48.255102040816325,47.89795918367347,85.0,13.554874156977599,8.32453677630521,0.789200177935599,34.72792206135786,0.8856684892637219,45.98823529411764,45.09411764705882
442,training_set_primary_roi_103:47,training_set_primary_roi_103,epithelium,3,False,0.8537549407114624,0.7448275862068966,0.1810344827586207,1.2542198613028945,0.014865451388888888,0.4721127450466156,0.6610737442970276,116.0,15.243676594791935,9.822448891823715,0.7647204477669476,40.384776310850235,0.8937838229330171,48.3448275862069,47.5948275862069,137.0,14.863995478619607,12.063359229810192,0.5842377752827234,44.04163056034261,0.8875721203192323,48.13868613138686,46.35766423357664
443,training_set_primary_roi_103:72,training_set_primary_roi_103,epithelium,3,True,0.5730994152046783,0.4016393442622951,0.5983606557377049,4.75105449602294,0.026584201388888888,0.5845434069633484,0.705657422542572,610.0,43.27362846101731,18.649473508236476,0.9023680451131426,106.24873734152916,0.6790349746841109,47.95245901639344,48.118032786885244,245.0,32.51758285635918,10.23444745540804,0.9491793171883385,78.4558441227157,0.5001788797507876,43.710204081632654,50.25714285714286
444,training_set_primary_roi_103:91,training_set_primary_roi_103,epithelium,3,False,0.7614457831325301,0.6147859922178989,0.4127906976744186,2.0377934671532385,0.0263671875,0.4688483774662018,0.622032642364502,172.0,17.86457678895465,14.598250726537502,0.5764082763157105,57.698484809834994,0.6492463158239794,48.21511627906977,47.69186046511628,243.0,20.621789414223475,15.517213086882336,0.658630114411618,59.941125496954285,0.8498971071524208,49.50617283950617,46.11522633744856
445,training_set_primary_roi_103:119,training_set_primary_roi_103,epithelium,3,False,0.9610655737704918,0.9250493096646942,0.03621730382293763,1.320442903414968,0.10394965277777778,0.8729013204574585,0.9850721955299377,994.0,64.23279119725672,20.07601183719425,0.9499010381169966,146.61017305526642,0.5811229613831657,47.72032193158954,48.225352112676056,958.0,61.8902056423231,20.04431771933858,0.9461019418430776,141.78174593052023,0.5988729993350477,46.78810020876827,47.2901878914405
446,training_set_primary_roi_103:122,training_set_primary_roi_103,epithelium,3,False,0.7192982456140351,0.5616438356164384,0.4383561643835616,1.3957032195777963,0.0400390625,0.7506373524665833,0.8903393149375916,657.0,32.225163260143994,26.219952814496175,0.5813572624703066,95.35533905932738,0.907998652726886,47.534246575342465,48.44444444444444,369.0,25.279209624679154,20.51564029310939,0.584266618538137,95.25483399593904,0.511048574454445,47.54471544715447,47.048780487804876
447,training_set_primary_roi_103:136,training_set_primary_roi_103,epithelium,3,False,0.9383697813121272,0.8838951310861424,0.007984031936127744,0.7625604289868121,0.05479600694444445,0.7401913404464722,0.8659845590591431,501.0,31.844685339046205,20.27700193634382,0.7710729503140021,85.94112549695427,0.8524040724938877,48.21756487025948,48.12974051896207,505.0,31.821264967065083,20.27133951392937,0.7708328004685605,85.84062043356595,0.861222854451858,47.64356435643565,47.62772277227723
448,training_set_primary_roi_103:318,training_set_primary_roi_103,stroma,3,True,0.933569530558016,0.8754152823920266,0.026223776223776224,0.8528675171973592,0.06043836805555555,0.8803917169570923,0.9996175765991211,572.0,49.326822742558164,16.38974867890521,0.9431848459635264,115.39696961966999,0.5397803672257503,48.70979020979021,48.19580419580419,557.0,48.241801508794374,16.35683781808253,0.9407649555409099,112.81118318204308,0.5499975447962093,47.9802513464991,47.754039497307005
449,training_set_primary_roi_103:344,training_set_primary_roi_103,epithelium,3,True,0.65,0.48148148148148145,0.4810126582278481,2.1787730781954933,0.008897569444444444,0.7317121028900146,0.5436736345291138,158.0,16.858468790619945,12.176070760275298,0.6916295008952775,44.970562748477136,0.9817712417488641,48.139240506329116,47.85443037974684,82.0,16.243570783897066,8.255227902639398,0.8612301754548704,48.384776310850235,0.44015560969608214,48.31707317073171,45.68292682926829
