"Exploration","Source","RelativePath","Bytes"
"5","Exploration 5 research package",".deps\__pycache__\pylab.cpython-312.pyc","307"
"5","Exploration 5 research package",".deps\bin\fonttools.exe","124053"
"5","Exploration 5 research package",".deps\bin\pyftmerge.exe","124050"
"5","Exploration 5 research package",".deps\bin\pyftsubset.exe","124051"
"5","Exploration 5 research package",".deps\bin\ttx.exe","124048"
"5","Exploration 5 research package",".deps\contourpy-1.3.3.dist-info\INSTALLER","4"
"5","Exploration 5 research package",".deps\contourpy-1.3.3.dist-info\LICENSE","1563"
"5","Exploration 5 research package",".deps\contourpy-1.3.3.dist-info\METADATA","5461"
"5","Exploration 5 research package",".deps\contourpy-1.3.3.dist-info\RECORD","3121"
"5","Exploration 5 research package",".deps\contourpy-1.3.3.dist-info\REQUESTED","0"
"5","Exploration 5 research package",".deps\contourpy-1.3.3.dist-info\WHEEL","85"
"5","Exploration 5 research package",".deps\contourpy\__init__.py","12050"
"5","Exploration 5 research package",".deps\contourpy\__pycache__\__init__.cpython-312.pyc","12830"
"5","Exploration 5 research package",".deps\contourpy\__pycache__\_version.cpython-312.pyc","208"
"5","Exploration 5 research package",".deps\contourpy\__pycache__\array.cpython-312.pyc","12697"
"5","Exploration 5 research package",".deps\contourpy\__pycache__\chunk.cpython-312.pyc","3695"
"5","Exploration 5 research package",".deps\contourpy\__pycache__\convert.cpython-312.pyc","26619"
"5","Exploration 5 research package",".deps\contourpy\__pycache__\dechunk.cpython-312.pyc","8243"
"5","Exploration 5 research package",".deps\contourpy\__pycache__\enum_util.cpython-312.pyc","2098"
"5","Exploration 5 research package",".deps\contourpy\__pycache__\typecheck.cpython-312.pyc","11529"
"5","Exploration 5 research package",".deps\contourpy\__pycache__\types.cpython-312.pyc","485"
"5","Exploration 5 research package",".deps\contourpy\_contourpy.cp312-win_amd64.lib","2068"
"5","Exploration 5 research package",".deps\contourpy\_contourpy.cp312-win_amd64.pyd","458752"
"5","Exploration 5 research package",".deps\contourpy\_contourpy.pyi","7321"
"5","Exploration 5 research package",".deps\contourpy\_version.py","23"
"5","Exploration 5 research package",".deps\contourpy\array.py","9240"
"5","Exploration 5 research package",".deps\contourpy\chunk.py","3374"
"5","Exploration 5 research package",".deps\contourpy\convert.py","26775"
"5","Exploration 5 research package",".deps\contourpy\dechunk.py","7963"
"5","Exploration 5 research package",".deps\contourpy\enum_util.py","1576"
"5","Exploration 5 research package",".deps\contourpy\py.typed","0"
"5","Exploration 5 research package",".deps\contourpy\typecheck.py","10950"
"5","Exploration 5 research package",".deps\contourpy\types.py","260"
"5","Exploration 5 research package",".deps\contourpy\util\__init__.py","123"
"5","Exploration 5 research package",".deps\contourpy\util\__pycache__\__init__.cpython-312.pyc","330"
"5","Exploration 5 research package",".deps\contourpy\util\__pycache__\_build_config.cpython-312.pyc","2197"
"5","Exploration 5 research package",".deps\contourpy\util\__pycache__\bokeh_renderer.cpython-312.pyc","18380"
"5","Exploration 5 research package",".deps\contourpy\util\__pycache__\bokeh_util.cpython-312.pyc","3617"
"5","Exploration 5 research package",".deps\contourpy\util\__pycache__\data.cpython-312.pyc","4175"
"5","Exploration 5 research package",".deps\contourpy\util\__pycache__\mpl_renderer.cpython-312.pyc","26409"
"5","Exploration 5 research package",".deps\contourpy\util\__pycache__\mpl_util.cpython-312.pyc","4930"
"5","Exploration 5 research package",".deps\contourpy\util\__pycache__\renderer.cpython-312.pyc","7224"
"5","Exploration 5 research package",".deps\contourpy\util\_build_config.py","2084"
"5","Exploration 5 research package",".deps\contourpy\util\bokeh_renderer.py","14175"
"5","Exploration 5 research package",".deps\contourpy\util\bokeh_util.py","2878"
"5","Exploration 5 research package",".deps\contourpy\util\data.py","2664"
"5","Exploration 5 research package",".deps\contourpy\util\mpl_renderer.py","20627"
"5","Exploration 5 research package",".deps\contourpy\util\mpl_util.py","3529"
"5","Exploration 5 research package",".deps\contourpy\util\renderer.py","5284"
"5","Exploration 5 research package",".deps\cycler-0.12.1.dist-info\INSTALLER","4"
"5","Exploration 5 research package",".deps\cycler-0.12.1.dist-info\LICENSE","1497"
"5","Exploration 5 research package",".deps\cycler-0.12.1.dist-info\METADATA","3779"
"5","Exploration 5 research package",".deps\cycler-0.12.1.dist-info\RECORD","760"
"5","Exploration 5 research package",".deps\cycler-0.12.1.dist-info\REQUESTED","0"
"5","Exploration 5 research package",".deps\cycler-0.12.1.dist-info\top_level.txt","7"
"5","Exploration 5 research package",".deps\cycler-0.12.1.dist-info\WHEEL","92"
"5","Exploration 5 research package",".deps\cycler\__init__.py","16709"
"5","Exploration 5 research package",".deps\cycler\__pycache__\__init__.cpython-312.pyc","22940"
"5","Exploration 5 research package",".deps\cycler\py.typed","0"
"5","Exploration 5 research package",".deps\fonttools-4.64.0.dist-info\entry_points.txt","147"
"5","Exploration 5 research package",".deps\fonttools-4.64.0.dist-info\INSTALLER","4"
"5","Exploration 5 research package",".deps\fonttools-4.64.0.dist-info\licenses\LICENSE","1093"
"5","Exploration 5 research package",".deps\fonttools-4.64.0.dist-info\licenses\LICENSE.external","20410"
"5","Exploration 5 research package",".deps\fonttools-4.64.0.dist-info\METADATA","126060"
"5","Exploration 5 research package",".deps\fonttools-4.64.0.dist-info\RECORD","52878"
"5","Exploration 5 research package",".deps\fonttools-4.64.0.dist-info\REQUESTED","0"
"5","Exploration 5 research package",".deps\fonttools-4.64.0.dist-info\top_level.txt","10"
"5","Exploration 5 research package",".deps\fonttools-4.64.0.dist-info\WHEEL","101"
"5","Exploration 5 research package",".deps\fontTools\__init__.py","191"
"5","Exploration 5 research package",".deps\fontTools\__main__.py","960"
"5","Exploration 5 research package",".deps\fontTools\__pycache__\__init__.cpython-312.pyc","436"
"5","Exploration 5 research package",".deps\fontTools\__pycache__\__main__.cpython-312.pyc","1253"
"5","Exploration 5 research package",".deps\fontTools\__pycache__\afmLib.cpython-312.pyc","16867"
"5","Exploration 5 research package",".deps\fontTools\__pycache__\agl.cpython-312.pyc","112798"
"5","Exploration 5 research package",".deps\fontTools\__pycache__\annotations.cpython-312.pyc","1665"
"5","Exploration 5 research package",".deps\fontTools\__pycache__\fontBuilder.cpython-312.pyc","36768"
"5","Exploration 5 research package",".deps\fontTools\__pycache__\help.cpython-312.pyc","2019"
"5","Exploration 5 research package",".deps\fontTools\__pycache__\tfmLib.cpython-312.pyc","18465"
"5","Exploration 5 research package",".deps\fontTools\__pycache__\ttx.cpython-312.pyc","19714"
"5","Exploration 5 research package",".deps\fontTools\__pycache__\unicode.cpython-312.pyc","2324"
"5","Exploration 5 research package",".deps\fontTools\afmLib.py","13813"
"5","Exploration 5 research package",".deps\fontTools\agl.py","118262"
"5","Exploration 5 research package",".deps\fontTools\annotations.py","1255"
"5","Exploration 5 research package",".deps\fontTools\cffLib\__init__.py","111584"
"5","Exploration 5 research package",".deps\fontTools\cffLib\__pycache__\__init__.cpython-312.pyc","123673"
"5","Exploration 5 research package",".deps\fontTools\cffLib\__pycache__\CFF2ToCFF.cpython-312.pyc","10236"
"5","Exploration 5 research package",".deps\fontTools\cffLib\__pycache__\CFFToCFF2.cpython-312.pyc","10165"
"5","Exploration 5 research package",".deps\fontTools\cffLib\__pycache__\specializer.cpython-312.pyc","28599"
"5","Exploration 5 research package",".deps\fontTools\cffLib\__pycache__\transforms.cpython-312.pyc","21624"
"5","Exploration 5 research package",".deps\fontTools\cffLib\__pycache__\width.cpython-312.pyc","9810"
"5","Exploration 5 research package",".deps\fontTools\cffLib\CFF2ToCFF.py","8457"
"5","Exploration 5 research package",".deps\fontTools\cffLib\CFFToCFF2.py","10424"
"5","Exploration 5 research package",".deps\fontTools\cffLib\specializer.py","33536"
"5","Exploration 5 research package",".deps\fontTools\cffLib\transforms.py","17950"
"5","Exploration 5 research package",".deps\fontTools\cffLib\width.py","6282"
"5","Exploration 5 research package",".deps\fontTools\colorLib\__init__.py","0"
"5","Exploration 5 research package",".deps\fontTools\colorLib\__pycache__\__init__.cpython-312.pyc","191"
"5","Exploration 5 research package",".deps\fontTools\colorLib\__pycache__\builder.cpython-312.pyc","31850"
"5","Exploration 5 research package",".deps\fontTools\colorLib\__pycache__\errors.cpython-312.pyc","379"
"5","Exploration 5 research package",".deps\fontTools\colorLib\__pycache__\geometry.cpython-312.pyc","5360"
"5","Exploration 5 research package",".deps\fontTools\colorLib\__pycache__\table_builder.cpython-312.pyc","9974"
"5","Exploration 5 research package",".deps\fontTools\colorLib\__pycache__\unbuilder.cpython-312.pyc","3660"
"5","Exploration 5 research package",".deps\fontTools\colorLib\builder.py","25670"
"5","Exploration 5 research package",".deps\fontTools\colorLib\errors.py","43"
"5","Exploration 5 research package",".deps\fontTools\colorLib\geometry.py","5661"
"5","Exploration 5 research package",".deps\fontTools\colorLib\table_builder.py","7692"
"5","Exploration 5 research package",".deps\fontTools\colorLib\unbuilder.py","2223"
"5","Exploration 5 research package",".deps\fontTools\config\__init__.py","3180"
"5","Exploration 5 research package",".deps\fontTools\config\__pycache__\__init__.cpython-312.pyc","3721"
"5","Exploration 5 research package",".deps\fontTools\cu2qu\__init__.py","633"
"5","Exploration 5 research package",".deps\fontTools\cu2qu\__main__.py","96"
"5","Exploration 5 research package",".deps\fontTools\cu2qu\__pycache__\__init__.cpython-312.pyc","217"
"5","Exploration 5 research package",".deps\fontTools\cu2qu\__pycache__\__main__.cpython-312.pyc","364"
"5","Exploration 5 research package",".deps\fontTools\cu2qu\__pycache__\benchmark.cpython-312.pyc","2775"
"5","Exploration 5 research package",".deps\fontTools\cu2qu\__pycache__\cli.cpython-312.pyc","8559"
"5","Exploration 5 research package",".deps\fontTools\cu2qu\__pycache__\cu2qu.cpython-312.pyc","23378"
"5","Exploration 5 research package",".deps\fontTools\cu2qu\__pycache__\errors.cpython-312.pyc","4982"
"5","Exploration 5 research package",".deps\fontTools\cu2qu\__pycache__\ufo.cpython-312.pyc","15802"
"5","Exploration 5 research package",".deps\fontTools\cu2qu\benchmark.py","1350"
"5","Exploration 5 research package",".deps\fontTools\cu2qu\cli.py","6273"
"5","Exploration 5 research package",".deps\fontTools\cu2qu\cu2qu.c","710537"
"5","Exploration 5 research package",".deps\fontTools\cu2qu\cu2qu.cp312-win_amd64.pyd","101376"
"5","Exploration 5 research package",".deps\fontTools\cu2qu\cu2qu.py","18850"
"5","Exploration 5 research package",".deps\fontTools\cu2qu\errors.py","2518"
"5","Exploration 5 research package",".deps\fontTools\cu2qu\ufo.py","13505"
"5","Exploration 5 research package",".deps\fontTools\designspaceLib\__init__.py","135287"
"5","Exploration 5 research package",".deps\fontTools\designspaceLib\__main__.py","107"
"5","Exploration 5 research package",".deps\fontTools\designspaceLib\__pycache__\__init__.cpython-312.pyc","132764"
"5","Exploration 5 research package",".deps\fontTools\designspaceLib\__pycache__\__main__.cpython-312.pyc","382"
"5","Exploration 5 research package",".deps\fontTools\designspaceLib\__pycache__\split.cpython-312.pyc","17864"
"5","Exploration 5 research package",".deps\fontTools\designspaceLib\__pycache__\statNames.cpython-312.pyc","9423"
"5","Exploration 5 research package",".deps\fontTools\designspaceLib\__pycache__\types.cpython-312.pyc","6322"
"5","Exploration 5 research package",".deps\fontTools\designspaceLib\split.py","19714"
"5","Exploration 5 research package",".deps\fontTools\designspaceLib\statNames.py","9497"
"5","Exploration 5 research package",".deps\fontTools\designspaceLib\types.py","5467"
"5","Exploration 5 research package",".deps\fontTools\diff\__init__.py","14067"
"5","Exploration 5 research package",".deps\fontTools\diff\__main__.py","97"
"5","Exploration 5 research package",".deps\fontTools\diff\__pycache__\__init__.cpython-312.pyc","15606"
"5","Exploration 5 research package",".deps\fontTools\diff\__pycache__\__main__.cpython-312.pyc","362"
"5","Exploration 5 research package",".deps\fontTools\diff\__pycache__\color.cpython-312.pyc","1615"
"5","Exploration 5 research package",".deps\fontTools\diff\__pycache__\diff.cpython-312.pyc","9578"
"5","Exploration 5 research package",".deps\fontTools\diff\__pycache__\utils.cpython-312.pyc","1827"
"5","Exploration 5 research package",".deps\fontTools\diff\color.py","1431"
"5","Exploration 5 research package",".deps\fontTools\diff\diff.py","9258"
"5","Exploration 5 research package",".deps\fontTools\diff\utils.py","1048"
"5","Exploration 5 research package",".deps\fontTools\encodings\__init__.py","76"
"5","Exploration 5 research package",".deps\fontTools\encodings\__pycache__\__init__.cpython-312.pyc","275"
"5","Exploration 5 research package",".deps\fontTools\encodings\__pycache__\codecs.cpython-312.pyc","5738"
"5","Exploration 5 research package",".deps\fontTools\encodings\__pycache__\MacRoman.cpython-312.pyc","2245"
"5","Exploration 5 research package",".deps\fontTools\encodings\__pycache__\StandardEncoding.cpython-312.pyc","1835"
"5","Exploration 5 research package",".deps\fontTools\encodings\codecs.py","4858"
"5","Exploration 5 research package",".deps\fontTools\encodings\MacRoman.py","3834"
"5","Exploration 5 research package",".deps\fontTools\encodings\StandardEncoding.py","3839"
"5","Exploration 5 research package",".deps\fontTools\feaLib\__init__.py","217"
"5","Exploration 5 research package",".deps\fontTools\feaLib\__main__.py","2316"
"5","Exploration 5 research package",".deps\fontTools\feaLib\__pycache__\__init__.cpython-312.pyc","274"
"5","Exploration 5 research package",".deps\fontTools\feaLib\__pycache__\__main__.cpython-312.pyc","3299"
"5","Exploration 5 research package",".deps\fontTools\feaLib\__pycache__\ast.cpython-312.pyc","118685"
"5","Exploration 5 research package",".deps\fontTools\feaLib\__pycache__\builder.cpython-312.pyc","86629"
"5","Exploration 5 research package",".deps\fontTools\feaLib\__pycache__\error.cpython-312.pyc","1467"
"5","Exploration 5 research package",".deps\fontTools\feaLib\__pycache__\lexer.cpython-312.pyc","15232"
"5","Exploration 5 research package",".deps\fontTools\feaLib\__pycache__\location.cpython-312.pyc","811"
"5","Exploration 5 research package",".deps\fontTools\feaLib\__pycache__\lookupDebugInfo.cpython-312.pyc","729"
"5","Exploration 5 research package",".deps\fontTools\feaLib\__pycache__\parser.cpython-312.pyc","114454"
"5","Exploration 5 research package",".deps\fontTools\feaLib\__pycache__\variableScalar.cpython-312.pyc","13249"
"5","Exploration 5 research package",".deps\fontTools\feaLib\ast.py","76301"
"5","Exploration 5 research package",".deps\fontTools\feaLib\builder.py","77241"
"5","Exploration 5 research package",".deps\fontTools\feaLib\error.py","670"
"5","Exploration 5 research package",".deps\fontTools\feaLib\lexer.c","858054"
"5","Exploration 5 research package",".deps\fontTools\feaLib\lexer.cp312-win_amd64.pyd","121856"
"5","Exploration 5 research package",".deps\fontTools\feaLib\lexer.py","11408"
"5","Exploration 5 research package",".deps\fontTools\feaLib\location.py","246"
"5","Exploration 5 research package",".deps\fontTools\feaLib\lookupDebugInfo.py","316"
"5","Exploration 5 research package",".deps\fontTools\feaLib\parser.py","103240"
"5","Exploration 5 research package",".deps\fontTools\feaLib\variableScalar.py","10053"
"5","Exploration 5 research package",".deps\fontTools\fontBuilder.py","35290"
"5","Exploration 5 research package",".deps\fontTools\help.py","1161"
"5","Exploration 5 research package",".deps\fontTools\merge\__init__.py","8502"
"5","Exploration 5 research package",".deps\fontTools\merge\__main__.py","98"
"5","Exploration 5 research package",".deps\fontTools\merge\__pycache__\__init__.cpython-312.pyc","11466"
"5","Exploration 5 research package",".deps\fontTools\merge\__pycache__\__main__.cpython-312.pyc","364"
"5","Exploration 5 research package",".deps\fontTools\merge\__pycache__\base.cpython-312.pyc","3881"
"5","Exploration 5 research package",".deps\fontTools\merge\__pycache__\cmap.cpython-312.pyc","6425"
"5","Exploration 5 research package",".deps\fontTools\merge\__pycache__\layout.cpython-312.pyc","23712"
"5","Exploration 5 research package",".deps\fontTools\merge\__pycache__\options.cpython-312.pyc","3236"
"5","Exploration 5 research package",".deps\fontTools\merge\__pycache__\tables.cpython-312.pyc","13023"
"5","Exploration 5 research package",".deps\fontTools\merge\__pycache__\unicode.cpython-312.pyc","1789"
"5","Exploration 5 research package",".deps\fontTools\merge\__pycache__\util.cpython-312.pyc","7558"
"5","Exploration 5 research package",".deps\fontTools\merge\base.py","2468"
"5","Exploration 5 research package",".deps\fontTools\merge\cmap.py","6899"
"5","Exploration 5 research package",".deps\fontTools\merge\layout.py","16599"
"5","Exploration 5 research package",".deps\fontTools\merge\options.py","2586"
"5","Exploration 5 research package",".deps\fontTools\merge\tables.py","11308"
"5","Exploration 5 research package",".deps\fontTools\merge\unicode.py","4351"
"5","Exploration 5 research package",".deps\fontTools\merge\util.py","3519"
"5","Exploration 5 research package",".deps\fontTools\misc\__init__.py","76"
"5","Exploration 5 research package",".deps\fontTools\misc\__pycache__\__init__.cpython-312.pyc","270"
"5","Exploration 5 research package",".deps\fontTools\misc\__pycache__\arrayTools.cpython-312.pyc","15034"
"5","Exploration 5 research package",".deps\fontTools\misc\__pycache__\bezierTools.cpython-312.pyc","56878"
"5","Exploration 5 research package",".deps\fontTools\misc\__pycache__\classifyTools.cpython-312.pyc","6741"
"5","Exploration 5 research package",".deps\fontTools\misc\__pycache__\cliTools.cpython-312.pyc","2576"
"5","Exploration 5 research package",".deps\fontTools\misc\__pycache__\configTools.cpython-312.pyc","15872"
"5","Exploration 5 research package",".deps\fontTools\misc\__pycache__\cython.cpython-312.pyc","1163"
"5","Exploration 5 research package",".deps\fontTools\misc\__pycache__\dictTools.cpython-312.pyc","3926"
"5","Exploration 5 research package",".deps\fontTools\misc\__pycache__\eexec.cpython-312.pyc","4470"
"5","Exploration 5 research package",".deps\fontTools\misc\__pycache__\encodingTools.cpython-312.pyc","1837"
"5","Exploration 5 research package",".deps\fontTools\misc\__pycache__\enumTools.cpython-312.pyc","970"
"5","Exploration 5 research package",".deps\fontTools\misc\__pycache__\etree.cpython-312.pyc","15996"
"5","Exploration 5 research package",".deps\fontTools\misc\__pycache__\filenames.cpython-312.pyc","8530"
"5","Exploration 5 research package",".deps\fontTools\misc\__pycache__\fixedTools.cpython-312.pyc","8556"
"5","Exploration 5 research package",".deps\fontTools\misc\__pycache__\iftSparseBitSet.cpython-312.pyc","12559"
"5","Exploration 5 research package",".deps\fontTools\misc\__pycache__\intTools.cpython-312.pyc","994"
"5","Exploration 5 research package",".deps\fontTools\misc\__pycache__\iterTools.cpython-312.pyc","714"
"5","Exploration 5 research package",".deps\fontTools\misc\__pycache__\lazyTools.cpython-312.pyc","2255"
"5","Exploration 5 research package",".deps\fontTools\misc\__pycache__\loggingTools.cpython-312.pyc","24732"
"5","Exploration 5 research package",".deps\fontTools\misc\__pycache__\macCreatorType.cpython-312.pyc","2468"
"5","Exploration 5 research package",".deps\fontTools\misc\__pycache__\macRes.cpython-312.pyc","12928"
"5","Exploration 5 research package",".deps\fontTools\misc\__pycache__\psCharStrings.cpython-312.pyc","62679"
"5","Exploration 5 research package",".deps\fontTools\misc\__pycache__\psLib.cpython-312.pyc","16953"
"5","Exploration 5 research package",".deps\fontTools\misc\__pycache__\psOperators.cpython-312.pyc","31211"
"5","Exploration 5 research package",".deps\fontTools\misc\__pycache__\py23.cpython-312.pyc","2897"
"5","Exploration 5 research package",".deps\fontTools\misc\__pycache__\roundTools.cpython-312.pyc","5591"
"5","Exploration 5 research package",".deps\fontTools\misc\__pycache__\sstruct.cpython-312.pyc","8651"
"5","Exploration 5 research package",".deps\fontTools\misc\__pycache__\symfont.cpython-312.pyc","12993"
"5","Exploration 5 research package",".deps\fontTools\misc\__pycache__\testTools.cpython-312.pyc","12955"
"5","Exploration 5 research package",".deps\fontTools\misc\__pycache__\textTools.cpython-312.pyc","7006"
"5","Exploration 5 research package",".deps\fontTools\misc\__pycache__\timeTools.cpython-312.pyc","3663"
"5","Exploration 5 research package",".deps\fontTools\misc\__pycache__\transform.cpython-312.pyc","20517"
"5","Exploration 5 research package",".deps\fontTools\misc\__pycache__\treeTools.cpython-312.pyc","1602"
"5","Exploration 5 research package",".deps\fontTools\misc\__pycache__\vector.cpython-312.pyc","9010"
"5","Exploration 5 research package",".deps\fontTools\misc\__pycache__\visitor.cpython-312.pyc","7438"
"5","Exploration 5 research package",".deps\fontTools\misc\__pycache__\xmlReader.cpython-312.pyc","8858"
"5","Exploration 5 research package",".deps\fontTools\misc\__pycache__\xmlWriter.cpython-312.pyc","11681"
"5","Exploration 5 research package",".deps\fontTools\misc\arrayTools.py","11881"
"5","Exploration 5 research package",".deps\fontTools\misc\bezierTools.c","2094204"
"5","Exploration 5 research package",".deps\fontTools\misc\bezierTools.cp312-win_amd64.pyd","336896"
"5","Exploration 5 research package",".deps\fontTools\misc\bezierTools.py","46738"
"5","Exploration 5 research package",".deps\fontTools\misc\classifyTools.py","5780"
"5","Exploration 5 research package",".deps\fontTools\misc\cliTools.py","1913"
"5","Exploration 5 research package",".deps\fontTools\misc\configTools.py","11578"
"5","Exploration 5 research package",".deps\fontTools\misc\cython.py","708"
"5","Exploration 5 research package",".deps\fontTools\misc\dictTools.py","2500"
"5","Exploration 5 research package",".deps\fontTools\misc\eexec.py","3450"
"5","Exploration 5 research package",".deps\fontTools\misc\encodingTools.py","2143"
"5","Exploration 5 research package",".deps\fontTools\misc\enumTools.py","523"
"5","Exploration 5 research package",".deps\fontTools\misc\etree.py","17628"
"5","Exploration 5 research package",".deps\fontTools\misc\filenames.py","8468"
"5","Exploration 5 research package",".deps\fontTools\misc\filesystem\__init__.py","2079"
"5","Exploration 5 research package",".deps\fontTools\misc\filesystem\__pycache__\__init__.cpython-312.pyc","2220"
"5","Exploration 5 research package",".deps\fontTools\misc\filesystem\__pycache__\_base.cpython-312.pyc","7389"
"5","Exploration 5 research package",".deps\fontTools\misc\filesystem\__pycache__\_copy.cpython-312.pyc","2430"
"5","Exploration 5 research package",".deps\fontTools\misc\filesystem\__pycache__\_errors.cpython-312.pyc","2769"
"5","Exploration 5 research package",".deps\fontTools\misc\filesystem\__pycache__\_info.cpython-312.pyc","3997"
"5","Exploration 5 research package",".deps\fontTools\misc\filesystem\__pycache__\_osfs.cpython-312.pyc","9436"
"5","Exploration 5 research package",".deps\fontTools\misc\filesystem\__pycache__\_path.cpython-312.pyc","3189"
"5","Exploration 5 research package",".deps\fontTools\misc\filesystem\__pycache__\_subfs.cpython-312.pyc","7089"
"5","Exploration 5 research package",".deps\fontTools\misc\filesystem\__pycache__\_tempfs.cpython-312.pyc","1853"
"5","Exploration 5 research package",".deps\fontTools\misc\filesystem\__pycache__\_tools.cpython-312.pyc","1600"
"5","Exploration 5 research package",".deps\fontTools\misc\filesystem\__pycache__\_walk.cpython-312.pyc","3226"
"5","Exploration 5 research package",".deps\fontTools\misc\filesystem\__pycache__\_zipfs.cpython-312.pyc","11297"
"5","Exploration 5 research package",".deps\fontTools\misc\filesystem\_base.py","4144"
"5","Exploration 5 research package",".deps\fontTools\misc\filesystem\_copy.py","1406"
"5","Exploration 5 research package",".deps\fontTools\misc\filesystem\_errors.py","1016"
"5","Exploration 5 research package",".deps\fontTools\misc\filesystem\_info.py","2088"
"5","Exploration 5 research package",".deps\fontTools\misc\filesystem\_osfs.py","6497"
"5","Exploration 5 research package",".deps\fontTools\misc\filesystem\_path.py","2197"
"5","Exploration 5 research package",".deps\fontTools\misc\filesystem\_subfs.py","3120"
"5","Exploration 5 research package",".deps\fontTools\misc\filesystem\_tempfs.py","958"
"5","Exploration 5 research package",".deps\fontTools\misc\filesystem\_tools.py","1006"
"5","Exploration 5 research package",".deps\fontTools\misc\filesystem\_walk.py","1710"
"5","Exploration 5 research package",".deps\fontTools\misc\filesystem\_zipfs.py","7478"
"5","Exploration 5 research package",".deps\fontTools\misc\fixedTools.py","7956"
"5","Exploration 5 research package",".deps\fontTools\misc\iftSparseBitSet.py","10832"
"5","Exploration 5 research package",".deps\fontTools\misc\intTools.py","611"
"5","Exploration 5 research package",".deps\fontTools\misc\iterTools.py","402"
"5","Exploration 5 research package",".deps\fontTools\misc\lazyTools.py","1062"
"5","Exploration 5 research package",".deps\fontTools\misc\loggingTools.py","20474"
"5","Exploration 5 research package",".deps\fontTools\misc\macCreatorType.py","1649"
"5","Exploration 5 research package",".deps\fontTools\misc\macRes.py","8840"
"5","Exploration 5 research package",".deps\fontTools\misc\plistlib\__init__.py","21793"
"5","Exploration 5 research package",".deps\fontTools\misc\plistlib\__pycache__\__init__.cpython-312.pyc","26638"
"5","Exploration 5 research package",".deps\fontTools\misc\plistlib\py.typed","0"
"5","Exploration 5 research package",".deps\fontTools\misc\psCharStrings.py","44977"
"5","Exploration 5 research package",".deps\fontTools\misc\psLib.py","12495"
"5","Exploration 5 research package",".deps\fontTools\misc\psOperators.py","16272"
"5","Exploration 5 research package",".deps\fontTools\misc\py23.py","2334"
"5","Exploration 5 research package",".deps\fontTools\misc\roundTools.py","5022"
"5","Exploration 5 research package",".deps\fontTools\misc\sstruct.py","7341"
"5","Exploration 5 research package",".deps\fontTools\misc\symfont.py","7201"
"5","Exploration 5 research package",".deps\fontTools\misc\testTools.py","7285"
"5","Exploration 5 research package",".deps\fontTools\misc\textTools.py","3637"
"5","Exploration 5 research package",".deps\fontTools\misc\timeTools.py","2318"
"5","Exploration 5 research package",".deps\fontTools\misc\transform.py","16518"
"5","Exploration 5 research package",".deps\fontTools\misc\treeTools.py","1314"
"5","Exploration 5 research package",".deps\fontTools\misc\vector.py","4207"
"5","Exploration 5 research package",".deps\fontTools\misc\visitor.py","5912"
"5","Exploration 5 research package",".deps\fontTools\misc\xmlReader.py","6766"
"5","Exploration 5 research package",".deps\fontTools\misc\xmlWriter.py","7824"
"5","Exploration 5 research package",".deps\fontTools\mtiLib\__init__.py","47994"
"5","Exploration 5 research package",".deps\fontTools\mtiLib\__main__.py","99"
"5","Exploration 5 research package",".deps\fontTools\mtiLib\__pycache__\__init__.cpython-312.pyc","72322"
"5","Exploration 5 research package",".deps\fontTools\mtiLib\__pycache__\__main__.cpython-312.pyc","366"
"5","Exploration 5 research package",".deps\fontTools\otlLib\__init__.py","46"
"5","Exploration 5 research package",".deps\fontTools\otlLib\__pycache__\__init__.cpython-312.pyc","242"
"5","Exploration 5 research package",".deps\fontTools\otlLib\__pycache__\builder.cpython-312.pyc","154916"
"5","Exploration 5 research package",".deps\fontTools\otlLib\__pycache__\error.cpython-312.pyc","912"
"5","Exploration 5 research package",".deps\fontTools\otlLib\__pycache__\maxContextCalc.cpython-312.pyc","3635"
"5","Exploration 5 research package",".deps\fontTools\otlLib\builder.py","133008"
"5","Exploration 5 research package",".deps\fontTools\otlLib\error.py","346"
"5","Exploration 5 research package",".deps\fontTools\otlLib\maxContextCalc.py","3271"
"5","Exploration 5 research package",".deps\fontTools\otlLib\optimize\__init__.py","1583"
"5","Exploration 5 research package",".deps\fontTools\otlLib\optimize\__main__.py","108"
"5","Exploration 5 research package",".deps\fontTools\otlLib\optimize\__pycache__\__init__.cpython-312.pyc","2534"
"5","Exploration 5 research package",".deps\fontTools\otlLib\optimize\__pycache__\__main__.cpython-312.pyc","384"
"5","Exploration 5 research package",".deps\fontTools\otlLib\optimize\__pycache__\gpos.cpython-312.pyc","18251"
"5","Exploration 5 research package",".deps\fontTools\otlLib\optimize\gpos.py","18107"
"5","Exploration 5 research package",".deps\fontTools\pens\__init__.py","76"
"5","Exploration 5 research package",".deps\fontTools\pens\__pycache__\__init__.cpython-312.pyc","270"
"5","Exploration 5 research package",".deps\fontTools\pens\__pycache__\areaPen.cpython-312.pyc","2956"
"5","Exploration 5 research package",".deps\fontTools\pens\__pycache__\basePen.cpython-312.pyc","20183"
"5","Exploration 5 research package",".deps\fontTools\pens\__pycache__\boundsPen.cpython-312.pyc","4720"
"5","Exploration 5 research package",".deps\fontTools\pens\__pycache__\cairoPen.cpython-312.pyc","1586"
"5","Exploration 5 research package",".deps\fontTools\pens\__pycache__\cocoaPen.cpython-312.pyc","1659"
"5","Exploration 5 research package",".deps\fontTools\pens\__pycache__\cu2quPen.cpython-312.pyc","15003"
"5","Exploration 5 research package",".deps\fontTools\pens\__pycache__\explicitClosingLinePen.cpython-312.pyc","3708"
"5","Exploration 5 research package",".deps\fontTools\pens\__pycache__\filterPen.cpython-312.pyc","18163"
"5","Exploration 5 research package",".deps\fontTools\pens\__pycache__\freetypePen.cpython-312.pyc","23600"
"5","Exploration 5 research package",".deps\fontTools\pens\__pycache__\hashPointPen.cpython-312.pyc","4849"
"5","Exploration 5 research package",".deps\fontTools\pens\__pycache__\momentsPen.cpython-312.pyc","41061"
"5","Exploration 5 research package",".deps\fontTools\pens\__pycache__\perimeterPen.cpython-312.pyc","3999"
"5","Exploration 5 research package",".deps\fontTools\pens\__pycache__\pointInsidePen.cpython-312.pyc","7045"
"5","Exploration 5 research package",".deps\fontTools\pens\__pycache__\pointPen.cpython-312.pyc","25316"
"5","Exploration 5 research package",".deps\fontTools\pens\__pycache__\qtPen.cpython-312.pyc","1807"
"5","Exploration 5 research package",".deps\fontTools\pens\__pycache__\qu2cuPen.cpython-312.pyc","3918"
"5","Exploration 5 research package",".deps\fontTools\pens\__pycache__\quartzPen.cpython-312.pyc","2517"
"5","Exploration 5 research package",".deps\fontTools\pens\__pycache__\recordingPen.cpython-312.pyc","15307"
"5","Exploration 5 research package",".deps\fontTools\pens\__pycache__\reportLabPen.cpython-312.pyc","3589"
"5","Exploration 5 research package",".deps\fontTools\pens\__pycache__\reverseContourPen.cpython-312.pyc","3392"
"5","Exploration 5 research package",".deps\fontTools\pens\__pycache__\roundingPen.cpython-312.pyc","6699"
"5","Exploration 5 research package",".deps\fontTools\pens\__pycache__\statisticsPen.cpython-312.pyc","13673"
"5","Exploration 5 research package",".deps\fontTools\pens\__pycache__\svgPathPen.cpython-312.pyc","11835"
"5","Exploration 5 research package",".deps\fontTools\pens\__pycache__\t2CharStringPen.cpython-312.pyc","4628"
"5","Exploration 5 research package",".deps\fontTools\pens\__pycache__\teePen.cpython-312.pyc","2817"
"5","Exploration 5 research package",".deps\fontTools\pens\__pycache__\transformPen.cpython-312.pyc","6258"
"5","Exploration 5 research package",".deps\fontTools\pens\__pycache__\ttGlyphPen.cpython-312.pyc","16189"
"5","Exploration 5 research package",".deps\fontTools\pens\__pycache__\wxPen.cpython-312.pyc","1952"
"5","Exploration 5 research package",".deps\fontTools\pens\areaPen.py","1522"
"5","Exploration 5 research package",".deps\fontTools\pens\basePen.py","17555"
"5","Exploration 5 research package",".deps\fontTools\pens\boundsPen.py","3225"
"5","Exploration 5 research package",".deps\fontTools\pens\cairoPen.py","616"
"5","Exploration 5 research package",".deps\fontTools\pens\cocoaPen.py","636"
"5","Exploration 5 research package",".deps\fontTools\pens\cu2quPen.py","13332"
"5","Exploration 5 research package",".deps\fontTools\pens\explicitClosingLinePen.py","3320"
"5","Exploration 5 research package",".deps\fontTools\pens\filterPen.py","15136"
"5","Exploration 5 research package",".deps\fontTools\pens\freetypePen.py","20370"
"5","Exploration 5 research package",".deps\fontTools\pens\hashPointPen.py","3662"
"5","Exploration 5 research package",".deps\fontTools\pens\momentsPen.c","638649"
"5","Exploration 5 research package",".deps\fontTools\pens\momentsPen.cp312-win_amd64.pyd","85504"
"5","Exploration 5 research package",".deps\fontTools\pens\momentsPen.py","26537"
"5","Exploration 5 research package",".deps\fontTools\pens\perimeterPen.py","2220"
"5","Exploration 5 research package",".deps\fontTools\pens\pointInsidePen.py","6545"
"5","Exploration 5 research package",".deps\fontTools\pens\pointPen.py","25257"
"5","Exploration 5 research package",".deps\fontTools\pens\qtPen.py","661"
"5","Exploration 5 research package",".deps\fontTools\pens\qu2cuPen.py","4090"
"5","Exploration 5 research package",".deps\fontTools\pens\quartzPen.py","1328"
"5","Exploration 5 research package",".deps\fontTools\pens\recordingPen.py","12822"
"5","Exploration 5 research package",".deps\fontTools\pens\reportLabPen.py","2133"
"5","Exploration 5 research package",".deps\fontTools\pens\reverseContourPen.py","4116"
"5","Exploration 5 research package",".deps\fontTools\pens\roundingPen.py","4748"
"5","Exploration 5 research package",".deps\fontTools\pens\statisticsPen.py","10120"
"5","Exploration 5 research package",".deps\fontTools\pens\svgPathPen.py","8882"
"5","Exploration 5 research package",".deps\fontTools\pens\t2CharStringPen.py","3019"
"5","Exploration 5 research package",".deps\fontTools\pens\teePen.py","1343"
"5","Exploration 5 research package",".deps\fontTools\pens\transformPen.py","4169"
"5","Exploration 5 research package",".deps\fontTools\pens\ttGlyphPen.py","12203"
"5","Exploration 5 research package",".deps\fontTools\pens\wxPen.py","707"
"5","Exploration 5 research package",".deps\fontTools\qu2cu\__init__.py","633"
"5","Exploration 5 research package",".deps\fontTools\qu2cu\__main__.py","98"
"5","Exploration 5 research package",".deps\fontTools\qu2cu\__pycache__\__init__.cpython-312.pyc","217"
"5","Exploration 5 research package",".deps\fontTools\qu2cu\__pycache__\__main__.cpython-312.pyc","364"
"5","Exploration 5 research package",".deps\fontTools\qu2cu\__pycache__\benchmark.cpython-312.pyc","2905"
"5","Exploration 5 research package",".deps\fontTools\qu2cu\__pycache__\cli.cpython-312.pyc","5384"
"5","Exploration 5 research package",".deps\fontTools\qu2cu\__pycache__\qu2cu.cpython-312.pyc","15665"
"5","Exploration 5 research package",".deps\fontTools\qu2cu\benchmark.py","1456"
"5","Exploration 5 research package",".deps\fontTools\qu2cu\cli.py","3967"
"5","Exploration 5 research package",".deps\fontTools\qu2cu\qu2cu.c","852122"
"5","Exploration 5 research package",".deps\fontTools\qu2cu\qu2cu.cp312-win_amd64.pyd","117248"
"5","Exploration 5 research package",".deps\fontTools\qu2cu\qu2cu.py","13571"
"5","Exploration 5 research package",".deps\fontTools\subset\__init__.py","147800"
"5","Exploration 5 research package",".deps\fontTools\subset\__main__.py","99"
"5","Exploration 5 research package",".deps\fontTools\subset\__pycache__\__init__.cpython-312.pyc","203657"
"5","Exploration 5 research package",".deps\fontTools\subset\__pycache__\__main__.cpython-312.pyc","366"
"5","Exploration 5 research package",".deps\fontTools\subset\__pycache__\cff.cpython-312.pyc","9078"
"5","Exploration 5 research package",".deps\fontTools\subset\__pycache__\svg.cpython-312.pyc","9307"
"5","Exploration 5 research package",".deps\fontTools\subset\__pycache__\util.cpython-312.pyc","1286"
"5","Exploration 5 research package",".deps\fontTools\subset\cff.py","6329"
"5","Exploration 5 research package",".deps\fontTools\subset\svg.py","9547"
"5","Exploration 5 research package",".deps\fontTools\subset\util.py","779"
"5","Exploration 5 research package",".deps\fontTools\svgLib\__init__.py","78"
"5","Exploration 5 research package",".deps\fontTools\svgLib\__pycache__\__init__.cpython-312.pyc","286"
"5","Exploration 5 research package",".deps\fontTools\svgLib\path\__init__.py","2111"
"5","Exploration 5 research package",".deps\fontTools\svgLib\path\__pycache__\__init__.cpython-312.pyc","3063"
"5","Exploration 5 research package",".deps\fontTools\svgLib\path\__pycache__\arc.cpython-312.pyc","6581"
"5","Exploration 5 research package",".deps\fontTools\svgLib\path\__pycache__\parser.cpython-312.pyc","9981"
"5","Exploration 5 research package",".deps\fontTools\svgLib\path\__pycache__\shapes.cpython-312.pyc","10961"
"5","Exploration 5 research package",".deps\fontTools\svgLib\path\arc.py","5964"
"5","Exploration 5 research package",".deps\fontTools\svgLib\path\parser.py","12758"
"5","Exploration 5 research package",".deps\fontTools\svgLib\path\shapes.py","5572"
"5","Exploration 5 research package",".deps\fontTools\t1Lib\__init__.py","21576"
"5","Exploration 5 research package",".deps\fontTools\t1Lib\__pycache__\__init__.cpython-312.pyc","26587"
"5","Exploration 5 research package",".deps\fontTools\tfmLib.py","14940"
"5","Exploration 5 research package",".deps\fontTools\ttLib\__init__.py","689"
"5","Exploration 5 research package",".deps\fontTools\ttLib\__main__.py","4881"
"5","Exploration 5 research package",".deps\fontTools\ttLib\__pycache__\__init__.cpython-312.pyc","1455"
"5","Exploration 5 research package",".deps\fontTools\ttLib\__pycache__\__main__.cpython-312.pyc","5398"
"5","Exploration 5 research package",".deps\fontTools\ttLib\__pycache__\macUtils.cpython-312.pyc","2708"
"5","Exploration 5 research package",".deps\fontTools\ttLib\__pycache__\removeOverlaps.cpython-312.pyc","15440"
"5","Exploration 5 research package",".deps\fontTools\ttLib\__pycache__\reorderGlyphs.cpython-312.pyc","13276"
"5","Exploration 5 research package",".deps\fontTools\ttLib\__pycache__\scaleUpem.cpython-312.pyc","18090"
"5","Exploration 5 research package",".deps\fontTools\ttLib\__pycache__\sfnt.cpython-312.pyc","31537"
"5","Exploration 5 research package",".deps\fontTools\ttLib\__pycache__\standardGlyphOrder.cpython-312.pyc","2345"
"5","Exploration 5 research package",".deps\fontTools\ttLib\__pycache__\ttCollection.cpython-312.pyc","9079"
"5","Exploration 5 research package",".deps\fontTools\ttLib\__pycache__\ttFont.cpython-312.pyc","83227"
"5","Exploration 5 research package",".deps\fontTools\ttLib\__pycache__\ttGlyphSet.cpython-312.pyc","25302"
"5","Exploration 5 research package",".deps\fontTools\ttLib\__pycache__\ttVisitor.cpython-312.pyc","1677"
"5","Exploration 5 research package",".deps\fontTools\ttLib\__pycache__\woff2.cpython-312.pyc","73001"
"5","Exploration 5 research package",".deps\fontTools\ttLib\macUtils.py","1791"
"5","Exploration 5 research package",".deps\fontTools\ttLib\removeOverlaps.py","13137"
"5","Exploration 5 research package",".deps\fontTools\ttLib\reorderGlyphs.py","10654"
"5","Exploration 5 research package",".deps\fontTools\ttLib\scaleUpem.py","15052"
"5","Exploration 5 research package",".deps\fontTools\ttLib\sfnt.py","25459"
"5","Exploration 5 research package",".deps\fontTools\ttLib\standardGlyphOrder.py","6056"
"5","Exploration 5 research package",".deps\fontTools\ttLib\tables\__init__.py","2831"
"5","Exploration 5 research package",".deps\fontTools\ttLib\tables\__pycache__\__init__.cpython-312.pyc","4031"
"5","Exploration 5 research package",".deps\fontTools\ttLib\tables\__pycache__\_a_n_k_r.cpython-312.pyc","837"
"5","Exploration 5 research package",".deps\fontTools\ttLib\tables\__pycache__\_a_v_a_r.cpython-312.pyc","12437"
"5","Exploration 5 research package",".deps\fontTools\ttLib\tables\__pycache__\_b_d_a_t.cpython-312.pyc","476"
"5","Exploration 5 research package",".deps\fontTools\ttLib\tables\__pycache__\_b_g_c_l.cpython-312.pyc","6946"
"5","Exploration 5 research package",".deps\fontTools\ttLib\tables\__pycache__\_b_h_e_d.cpython-312.pyc","451"
"5","Exploration 5 research package",".deps\fontTools\ttLib\tables\__pycache__\_b_l_o_c.cpython-312.pyc","481"
"5","Exploration 5 research package",".deps\fontTools\ttLib\tables\__pycache__\_b_s_l_n.cpython-312.pyc","737"
"5","Exploration 5 research package",".deps\fontTools\ttLib\tables\__pycache__\_c_i_d_g.cpython-312.pyc","1251"
"5","Exploration 5 research package",".deps\fontTools\ttLib\tables\__pycache__\_c_m_a_p.cpython-312.pyc","63547"
"5","Exploration 5 research package",".deps\fontTools\ttLib\tables\__pycache__\_c_v_a_r.cpython-312.pyc","5030"
"5","Exploration 5 research package",".deps\fontTools\ttLib\tables\__pycache__\_c_v_t.cpython-312.pyc","3351"
"5","Exploration 5 research package",".deps\fontTools\ttLib\tables\__pycache__\_f_e_a_t.cpython-312.pyc","823"
"5","Exploration 5 research package",".deps\fontTools\ttLib\tables\__pycache__\_f_p_g_m.cpython-312.pyc","2836"
"5","Exploration 5 research package",".deps\fontTools\ttLib\tables\__pycache__\_f_v_a_r.cpython-312.pyc","13381"
"5","Exploration 5 research package",".deps\fontTools\ttLib\tables\__pycache__\_g_a_s_p.cpython-312.pyc","3271"
"5","Exploration 5 research package",".deps\fontTools\ttLib\tables\__pycache__\_g_c_i_d.cpython-312.pyc","631"
"5","Exploration 5 research package",".deps\fontTools\ttLib\tables\__pycache__\_g_l_y_f.cpython-312.pyc","95083"
"5","Exploration 5 research package",".deps\fontTools\ttLib\tables\__pycache__\_g_v_a_r.cpython-312.pyc","14492"
"5","Exploration 5 research package",".deps\fontTools\ttLib\tables\__pycache__\_h_d_m_x.cpython-312.pyc","7289"
"5","Exploration 5 research package",".deps\fontTools\ttLib\tables\__pycache__\_h_e_a_d.cpython-312.pyc","5469"
"5","Exploration 5 research package",".deps\fontTools\ttLib\tables\__pycache__\_h_h_e_a.cpython-312.pyc","6441"
"5","Exploration 5 research package",".deps\fontTools\ttLib\tables\__pycache__\_h_m_t_x.cpython-312.pyc","7483"
"5","Exploration 5 research package",".deps\fontTools\ttLib\tables\__pycache__\_k_e_r_n.cpython-312.pyc","13875"
"5","Exploration 5 research package",".deps\fontTools\ttLib\tables\__pycache__\_l_c_a_r.cpython-312.pyc","744"
"5","Exploration 5 research package",".deps\fontTools\ttLib\tables\__pycache__\_l_o_c_a.cpython-312.pyc","4103"
"5","Exploration 5 research package",".deps\fontTools\ttLib\tables\__pycache__\_l_t_a_g.cpython-312.pyc","4479"
"5","Exploration 5 research package",".deps\fontTools\ttLib\tables\__pycache__\_m_a_x_p.cpython-312.pyc","6553"
"5","Exploration 5 research package",".deps\fontTools\ttLib\tables\__pycache__\_m_e_t_a.cpython-312.pyc","5456"
"5","Exploration 5 research package",".deps\fontTools\ttLib\tables\__pycache__\_m_o_r_t.cpython-312.pyc","759"
"5","Exploration 5 research package",".deps\fontTools\ttLib\tables\__pycache__\_m_o_r_x.cpython-312.pyc","820"
"5","Exploration 5 research package",".deps\fontTools\ttLib\tables\__pycache__\_n_a_m_e.cpython-312.pyc","46951"
"5","Exploration 5 research package",".deps\fontTools\ttLib\tables\__pycache__\_o_p_b_d.cpython-312.pyc","720"
"5","Exploration 5 research package",".deps\fontTools\ttLib\tables\__pycache__\_p_o_s_t.cpython-312.pyc","14327"
"5","Exploration 5 research package",".deps\fontTools\ttLib\tables\__pycache__\_p_r_e_p.cpython-312.pyc","832"
"5","Exploration 5 research package",".deps\fontTools\ttLib\tables\__pycache__\_p_r_o_p.cpython-312.pyc","696"
"5","Exploration 5 research package",".deps\fontTools\ttLib\tables\__pycache__\_s_b_i_x.cpython-312.pyc","6228"
"5","Exploration 5 research package",".deps\fontTools\ttLib\tables\__pycache__\_t_r_a_k.cpython-312.pyc","15497"
"5","Exploration 5 research package",".deps\fontTools\ttLib\tables\__pycache__\_v_h_e_a.cpython-312.pyc","5926"
"5","Exploration 5 research package",".deps\fontTools\ttLib\tables\__pycache__\_v_m_t_x.cpython-312.pyc","924"
"5","Exploration 5 research package",".deps\fontTools\ttLib\tables\__pycache__\asciiTable.cpython-312.pyc","1511"
"5","Exploration 5 research package",".deps\fontTools\ttLib\tables\__pycache__\B_A_S_E_.cpython-312.pyc","723"
"5","Exploration 5 research package",".deps\fontTools\ttLib\tables\__pycache__\BitmapGlyphMetrics.cpython-312.pyc","2833"
"5","Exploration 5 research package",".deps\fontTools\ttLib\tables\__pycache__\C_B_D_T_.cpython-312.pyc","5655"
"5","Exploration 5 research package",".deps\fontTools\ttLib\tables\__pycache__\C_B_L_C_.cpython-312.pyc","833"
"5","Exploration 5 research package",".deps\fontTools\ttLib\tables\__pycache__\C_F_F__2.cpython-312.pyc","1598"
"5","Exploration 5 research package",".deps\fontTools\ttLib\tables\__pycache__\C_F_F_.cpython-312.pyc","3649"
"5","Exploration 5 research package",".deps\fontTools\ttLib\tables\__pycache__\C_O_L_R_.cpython-312.pyc","8453"
"5","Exploration 5 research package",".deps\fontTools\ttLib\tables\__pycache__\C_P_A_L_.cpython-312.pyc","16397"
"5","Exploration 5 research package",".deps\fontTools\ttLib\tables\__pycache__\D__e_b_g.cpython-312.pyc","2577"
"5","Exploration 5 research package",".deps\fontTools\ttLib\tables\__pycache__\D_S_I_G_.cpython-312.pyc","8160"
"5","Exploration 5 research package",".deps\fontTools\ttLib\tables\__pycache__\DefaultTable.cpython-312.pyc","3768"
"5","Exploration 5 research package",".deps\fontTools\ttLib\tables\__pycache__\E_B_D_T_.cpython-312.pyc","36703"
"5","Exploration 5 research package",".deps\fontTools\ttLib\tables\__pycache__\E_B_L_C_.cpython-312.pyc","33902"
"5","Exploration 5 research package",".deps\fontTools\ttLib\tables\__pycache__\E_B_S_C_.cpython-312.pyc","8261"
"5","Exploration 5 research package",".deps\fontTools\ttLib\tables\__pycache__\F__e_a_t.cpython-312.pyc","9003"
"5","Exploration 5 research package",".deps\fontTools\ttLib\tables\__pycache__\F_F_T_M_.cpython-312.pyc","2653"
"5","Exploration 5 research package",".deps\fontTools\ttLib\tables\__pycache__\G__l_a_t.cpython-312.pyc","12764"
"5","Exploration 5 research package",".deps\fontTools\ttLib\tables\__pycache__\G__l_o_c.cpython-312.pyc","5037"
"5","Exploration 5 research package",".deps\fontTools\ttLib\tables\__pycache__\G_D_E_F_.cpython-312.pyc","650"
"5","Exploration 5 research package",".deps\fontTools\ttLib\tables\__pycache__\G_P_O_S_.cpython-312.pyc","751"
"5","Exploration 5 research package",".deps\fontTools\ttLib\tables\__pycache__\G_S_U_B_.cpython-312.pyc","645"
"5","Exploration 5 research package",".deps\fontTools\ttLib\tables\__pycache__\G_V_A_R_.cpython-312.pyc","449"
"5","Exploration 5 research package",".deps\fontTools\ttLib\tables\__pycache__\grUtils.cpython-312.pyc","4239"
"5","Exploration 5 research package",".deps\fontTools\ttLib\tables\__pycache__\H_V_A_R_.cpython-312.pyc","664"
"5","Exploration 5 research package",".deps\fontTools\ttLib\tables\__pycache__\I_F_T_.cpython-312.pyc","529"
"5","Exploration 5 research package",".deps\fontTools\ttLib\tables\__pycache__\I_F_T_X_.cpython-312.pyc","533"
"5","Exploration 5 research package",".deps\fontTools\ttLib\tables\__pycache__\J_S_T_F_.cpython-312.pyc","666"
"5","Exploration 5 research package",".deps\fontTools\ttLib\tables\__pycache__\L_T_S_H_.cpython-312.pyc","3204"
"5","Exploration 5 research package",".deps\fontTools\ttLib\tables\__pycache__\M_A_T_H_.cpython-312.pyc","693"
"5","Exploration 5 research package",".deps\fontTools\ttLib\tables\__pycache__\M_V_A_R_.cpython-312.pyc","659"
"5","Exploration 5 research package",".deps\fontTools\ttLib\tables\__pycache__\O_S_2f_2.cpython-312.pyc","30772"
"5","Exploration 5 research package",".deps\fontTools\ttLib\tables\__pycache__\otBase.cpython-312.pyc","63408"
"5","Exploration 5 research package",".deps\fontTools\ttLib\tables\__pycache__\otConverters.cpython-312.pyc","144551"
"5","Exploration 5 research package",".deps\fontTools\ttLib\tables\__pycache__\otData.cpython-312.pyc","117063"
"5","Exploration 5 research package",".deps\fontTools\ttLib\tables\__pycache__\otDataSchema.cpython-312.pyc","2144"
"5","Exploration 5 research package",".deps\fontTools\ttLib\tables\__pycache__\otTables.cpython-312.pyc","121955"
"5","Exploration 5 research package",".deps\fontTools\ttLib\tables\__pycache__\otTraverse.cpython-312.pyc","6519"
"5","Exploration 5 research package",".deps\fontTools\ttLib\tables\__pycache__\S__i_l_f.cpython-312.pyc","50509"
"5","Exploration 5 research package",".deps\fontTools\ttLib\tables\__pycache__\S__i_l_l.cpython-312.pyc","5544"
"5","Exploration 5 research package",".deps\fontTools\ttLib\tables\__pycache__\S_T_A_T_.cpython-312.pyc","852"
"5","Exploration 5 research package",".deps\fontTools\ttLib\tables\__pycache__\S_V_G_.cpython-312.pyc","9303"
"5","Exploration 5 research package",".deps\fontTools\ttLib\tables\__pycache__\sbixGlyph.cpython-312.pyc","6504"
"5","Exploration 5 research package",".deps\fontTools\ttLib\tables\__pycache__\sbixStrike.cpython-312.pyc","6877"
"5","Exploration 5 research package",".deps\fontTools\ttLib\tables\__pycache__\T_S_I__0.cpython-312.pyc","3575"
"5","Exploration 5 research package",".deps\fontTools\ttLib\tables\__pycache__\T_S_I__1.cpython-312.pyc","6423"
"5","Exploration 5 research package",".deps\fontTools\ttLib\tables\__pycache__\T_S_I__2.cpython-312.pyc","915"
"5","Exploration 5 research package",".deps\fontTools\ttLib\tables\__pycache__\T_S_I__3.cpython-312.pyc","931"
"5","Exploration 5 research package",".deps\fontTools\ttLib\tables\__pycache__\T_S_I__5.cpython-312.pyc","3341"
"5","Exploration 5 research package",".deps\fontTools\ttLib\tables\__pycache__\T_S_I_B_.cpython-312.pyc","696"
"5","Exploration 5 research package",".deps\fontTools\ttLib\tables\__pycache__\T_S_I_C_.cpython-312.pyc","738"
"5","Exploration 5 research package",".deps\fontTools\ttLib\tables\__pycache__\T_S_I_D_.cpython-312.pyc","696"
"5","Exploration 5 research package",".deps\fontTools\ttLib\tables\__pycache__\T_S_I_J_.cpython-312.pyc","696"
"5","Exploration 5 research package",".deps\fontTools\ttLib\tables\__pycache__\T_S_I_P_.cpython-312.pyc","696"
"5","Exploration 5 research package",".deps\fontTools\ttLib\tables\__pycache__\T_S_I_S_.cpython-312.pyc","696"
"5","Exploration 5 research package",".deps\fontTools\ttLib\tables\__pycache__\T_S_I_V_.cpython-312.pyc","1797"
"5","Exploration 5 research package",".deps\fontTools\ttLib\tables\__pycache__\T_T_F_A_.cpython-312.pyc","766"
"5","Exploration 5 research package",".deps\fontTools\ttLib\tables\__pycache__\ttProgram.cpython-312.pyc","24171"
"5","Exploration 5 research package",".deps\fontTools\ttLib\tables\__pycache__\TupleVariation.cpython-312.pyc","34671"
"5","Exploration 5 research package",".deps\fontTools\ttLib\tables\__pycache__\V_A_R_C_.cpython-312.pyc","640"
"5","Exploration 5 research package",".deps\fontTools\ttLib\tables\__pycache__\V_D_M_X_.cpython-312.pyc","11088"
"5","Exploration 5 research package",".deps\fontTools\ttLib\tables\__pycache__\V_O_R_G_.cpython-312.pyc","8418"
"5","Exploration 5 research package",".deps\fontTools\ttLib\tables\__pycache__\V_V_A_R_.cpython-312.pyc","670"
"5","Exploration 5 research package",".deps\fontTools\ttLib\tables\_a_n_k_r.py","498"
"5","Exploration 5 research package",".deps\fontTools\ttLib\tables\_a_v_a_r.py","9249"
"5","Exploration 5 research package",".deps\fontTools\ttLib\tables\_b_d_a_t.py","129"
"5","Exploration 5 research package",".deps\fontTools\ttLib\tables\_b_g_c_l.py","5620"
"5","Exploration 5 research package",".deps\fontTools\ttLib\tables\_b_h_e_d.py","113"
"5","Exploration 5 research package",".deps\fontTools\ttLib\tables\_b_l_o_c.py","132"
"5","Exploration 5 research package",".deps\fontTools\ttLib\tables\_b_s_l_n.py","480"
"5","Exploration 5 research package",".deps\fontTools\ttLib\tables\_c_i_d_g.py","937"
"5","Exploration 5 research package",".deps\fontTools\ttLib\tables\_c_m_a_p.py","68005"
"5","Exploration 5 research package",".deps\fontTools\ttLib\tables\_c_v_a_r.py","3619"
"5","Exploration 5 research package",".deps\fontTools\ttLib\tables\_c_v_t.py","1674"
"5","Exploration 5 research package",".deps\fontTools\ttLib\tables\_f_e_a_t.py","484"
"5","Exploration 5 research package",".deps\fontTools\ttLib\tables\_f_p_g_m.py","1695"
"5","Exploration 5 research package",".deps\fontTools\ttLib\tables\_f_v_a_r.py","9065"
"5","Exploration 5 research package",".deps\fontTools\ttLib\tables\_g_a_s_p.py","2264"
"5","Exploration 5 research package",".deps\fontTools\ttLib\tables\_g_c_i_d.py","375"
"5","Exploration 5 research package",".deps\fontTools\ttLib\tables\_g_l_y_f.py","88543"
"5","Exploration 5 research package",".deps\fontTools\ttLib\tables\_g_v_a_r.py","12536"
"5","Exploration 5 research package",".deps\fontTools\ttLib\tables\_h_d_m_x.py","4379"
"5","Exploration 5 research package",".deps\fontTools\ttLib\tables\_h_e_a_d.py","5054"
"5","Exploration 5 research package",".deps\fontTools\ttLib\tables\_h_h_e_a.py","4912"
"5","Exploration 5 research package",".deps\fontTools\ttLib\tables\_h_m_t_x.py","6354"
"5","Exploration 5 research package",".deps\fontTools\ttLib\tables\_k_e_r_n.py","11081"
"5","Exploration 5 research package",".deps\fontTools\ttLib\tables\_l_c_a_r.py","403"
"5","Exploration 5 research package",".deps\fontTools\ttLib\tables\_l_o_c_a.py","2248"
"5","Exploration 5 research package",".deps\fontTools\ttLib\tables\_l_t_a_g.py","2624"
"5","Exploration 5 research package",".deps\fontTools\ttLib\tables\_m_a_x_p.py","5411"
"5","Exploration 5 research package",".deps\fontTools\ttLib\tables\_m_e_t_a.py","4025"
"5","Exploration 5 research package",".deps\fontTools\ttLib\tables\_m_o_r_t.py","501"
"5","Exploration 5 research package",".deps\fontTools\ttLib\tables\_m_o_r_x.py","563"
"5","Exploration 5 research package",".deps\fontTools\ttLib\tables\_n_a_m_e.py","42506"
"5","Exploration 5 research package",".deps\fontTools\ttLib\tables\_o_p_b_d.py","462"
"5","Exploration 5 research package",".deps\fontTools\ttLib\tables\_p_o_s_t.py","11990"
"5","Exploration 5 research package",".deps\fontTools\ttLib\tables\_p_r_e_p.py","443"
"5","Exploration 5 research package",".deps\fontTools\ttLib\tables\_p_r_o_p.py","439"
"5","Exploration 5 research package",".deps\fontTools\ttLib\tables\_s_b_i_x.py","4992"
"5","Exploration 5 research package",".deps\fontTools\ttLib\tables\_t_r_a_k.py","11678"
"5","Exploration 5 research package",".deps\fontTools\ttLib\tables\_v_h_e_a.py","4596"
"5","Exploration 5 research package",".deps\fontTools\ttLib\tables\_v_m_t_x.py","519"
"5","Exploration 5 research package",".deps\fontTools\ttLib\tables\asciiTable.py","657"
"5","Exploration 5 research package",".deps\fontTools\ttLib\tables\B_A_S_E_.py","383"
"5","Exploration 5 research package",".deps\fontTools\ttLib\tables\BitmapGlyphMetrics.py","1831"
"5","Exploration 5 research package",".deps\fontTools\ttLib\tables\C_B_D_T_.py","3759"
"5","Exploration 5 research package",".deps\fontTools\ttLib\tables\C_B_L_C_.py","539"
"5","Exploration 5 research package",".deps\fontTools\ttLib\tables\C_F_F__2.py","833"
"5","Exploration 5 research package",".deps\fontTools\ttLib\tables\C_F_F_.py","2039"
"5","Exploration 5 research package",".deps\fontTools\ttLib\tables\C_O_L_R_.py","6158"
"5","Exploration 5 research package",".deps\fontTools\ttLib\tables\C_P_A_L_.py","12247"
"5","Exploration 5 research package",".deps\fontTools\ttLib\tables\D__e_b_g.py","1169"
"5","Exploration 5 research package",".deps\fontTools\ttLib\tables\D_S_I_G_.py","6073"
"5","Exploration 5 research package",".deps\fontTools\ttLib\tables\DefaultTable.py","2050"
"5","Exploration 5 research package",".deps\fontTools\ttLib\tables\E_B_D_T_.py","34569"
"5","Exploration 5 research package",".deps\fontTools\ttLib\tables\E_B_L_C_.py","30764"
"5","Exploration 5 research package",".deps\fontTools\ttLib\tables\E_B_S_C_.py","5963"
"5","Exploration 5 research package",".deps\fontTools\ttLib\tables\F__e_a_t.py","6094"
"5","Exploration 5 research package",".deps\fontTools\ttLib\tables\F_F_T_M_.py","1735"
"5","Exploration 5 research package",".deps\fontTools\ttLib\tables\G__l_a_t.py","8874"
"5","Exploration 5 research package",".deps\fontTools\ttLib\tables\G__l_o_c.py","2768"
"5","Exploration 5 research package",".deps\fontTools\ttLib\tables\G_D_E_F_.py","312"
"5","Exploration 5 research package",".deps\fontTools\ttLib\tables\G_P_O_S_.py","411"
"5","Exploration 5 research package",".deps\fontTools\ttLib\tables\G_S_U_B_.py","307"
"5","Exploration 5 research package",".deps\fontTools\ttLib\tables\G_V_A_R_.py","99"
"5","Exploration 5 research package",".deps\fontTools\ttLib\tables\grUtils.py","2362"
"5","Exploration 5 research package",".deps\fontTools\ttLib\tables\H_V_A_R_.py","326"
"5","Exploration 5 research package",".deps\fontTools\ttLib\tables\I_F_T_.py","284"
"5","Exploration 5 research package",".deps\fontTools\ttLib\tables\I_F_T_X_.py","286"
"5","Exploration 5 research package",".deps\fontTools\ttLib\tables\J_S_T_F_.py","328"
"5","Exploration 5 research package",".deps\fontTools\ttLib\tables\L_T_S_H_.py","2247"
"5","Exploration 5 research package",".deps\fontTools\ttLib\tables\M_A_T_H_.py","355"
"5","Exploration 5 research package",".deps\fontTools\ttLib\tables\M_V_A_R_.py","321"
"5","Exploration 5 research package",".deps\fontTools\ttLib\tables\O_S_2f_2.py","29024"
"5","Exploration 5 research package",".deps\fontTools\ttLib\tables\otBase.py","54704"
"5","Exploration 5 research package",".deps\fontTools\ttLib\tables\otConverters.py","116125"
"5","Exploration 5 research package",".deps\fontTools\ttLib\tables\otData.py","209924"
"5","Exploration 5 research package",".deps\fontTools\ttLib\tables\otDataSchema.py","1704"
"5","Exploration 5 research package",".deps\fontTools\ttLib\tables\otTables.py","103244"
"5","Exploration 5 research package",".deps\fontTools\ttLib\tables\otTraverse.py","5679"
"5","Exploration 5 research package",".deps\fontTools\ttLib\tables\S__i_l_f.py","36011"
"5","Exploration 5 research package",".deps\fontTools\ttLib\tables\S__i_l_l.py","3310"
"5","Exploration 5 research package",".deps\fontTools\ttLib\tables\S_T_A_T_.py","513"
"5","Exploration 5 research package",".deps\fontTools\ttLib\tables\S_V_G_.py","8016"
"5","Exploration 5 research package",".deps\fontTools\ttLib\tables\sbixGlyph.py","5943"
"5","Exploration 5 research package",".deps\fontTools\ttLib\tables\sbixStrike.py","6828"
"5","Exploration 5 research package",".deps\fontTools\ttLib\tables\T_S_I__0.py","2575"
"5","Exploration 5 research package",".deps\fontTools\ttLib\tables\T_S_I__1.py","7133"
"5","Exploration 5 research package",".deps\fontTools\ttLib\tables\T_S_I__2.py","512"
"5","Exploration 5 research package",".deps\fontTools\ttLib\tables\T_S_I__3.py","564"
"5","Exploration 5 research package",".deps\fontTools\ttLib\tables\T_S_I__5.py","1965"
"5","Exploration 5 research package",".deps\fontTools\ttLib\tables\T_S_I_B_.py","353"
"5","Exploration 5 research package",".deps\fontTools\ttLib\tables\T_S_I_C_.py","394"
"5","Exploration 5 research package",".deps\fontTools\ttLib\tables\T_S_I_D_.py","353"
"5","Exploration 5 research package",".deps\fontTools\ttLib\tables\T_S_I_J_.py","353"
"5","Exploration 5 research package",".deps\fontTools\ttLib\tables\T_S_I_P_.py","353"
"5","Exploration 5 research package",".deps\fontTools\ttLib\tables\T_S_I_S_.py","353"
"5","Exploration 5 research package",".deps\fontTools\ttLib\tables\T_S_I_V_.py","880"
"5","Exploration 5 research package",".deps\fontTools\ttLib\tables\T_T_F_A_.py","406"
"5","Exploration 5 research package",".deps\fontTools\ttLib\tables\table_API_readme.txt","2839"
"5","Exploration 5 research package",".deps\fontTools\ttLib\tables\ttProgram.py","36604"
"5","Exploration 5 research package",".deps\fontTools\ttLib\tables\TupleVariation.py","33080"
"5","Exploration 5 research package",".deps\fontTools\ttLib\tables\V_A_R_C_.py","301"
"5","Exploration 5 research package",".deps\fontTools\ttLib\tables\V_D_M_X_.py","10686"
"5","Exploration 5 research package",".deps\fontTools\ttLib\tables\V_O_R_G_.py","6130"
"5","Exploration 5 research package",".deps\fontTools\ttLib\tables\V_V_A_R_.py","332"
"5","Exploration 5 research package",".deps\fontTools\ttLib\ttCollection.py","7512"
"5","Exploration 5 research package",".deps\fontTools\ttLib\ttFont.py","65768"
"5","Exploration 5 research package",".deps\fontTools\ttLib\ttGlyphSet.py","17966"
"5","Exploration 5 research package",".deps\fontTools\ttLib\ttVisitor.py","1057"
"5","Exploration 5 research package",".deps\fontTools\ttLib\woff2.py","62599"
"5","Exploration 5 research package",".deps\fontTools\ttx.py","17754"
"5","Exploration 5 research package",".deps\fontTools\ufoLib\__init__.py","101557"
"5","Exploration 5 research package",".deps\fontTools\ufoLib\__pycache__\__init__.cpython-312.pyc","98368"
"5","Exploration 5 research package",".deps\fontTools\ufoLib\__pycache__\converters.cpython-312.pyc","13152"
"5","Exploration 5 research package",".deps\fontTools\ufoLib\__pycache__\errors.cpython-312.pyc","1439"
"5","Exploration 5 research package",".deps\fontTools\ufoLib\__pycache__\etree.cpython-312.pyc","438"
"5","Exploration 5 research package",".deps\fontTools\ufoLib\__pycache__\filenames.cpython-312.pyc","9104"
"5","Exploration 5 research package",".deps\fontTools\ufoLib\__pycache__\glifLib.cpython-312.pyc","82476"
"5","Exploration 5 research package",".deps\fontTools\ufoLib\__pycache__\kerning.cpython-312.pyc","6161"
"5","Exploration 5 research package",".deps\fontTools\ufoLib\__pycache__\plistlib.cpython-312.pyc","2245"
"5","Exploration 5 research package",".deps\fontTools\ufoLib\__pycache__\pointPen.cpython-312.pyc","454"
"5","Exploration 5 research package",".deps\fontTools\ufoLib\__pycache__\utils.cpython-312.pyc","5159"
"5","Exploration 5 research package",".deps\fontTools\ufoLib\__pycache__\validators.cpython-312.pyc","30699"
"5","Exploration 5 research package",".deps\fontTools\ufoLib\converters.py","13851"
"5","Exploration 5 research package",".deps\fontTools\ufoLib\errors.py","873"
"5","Exploration 5 research package",".deps\fontTools\ufoLib\etree.py","237"
"5","Exploration 5 research package",".deps\fontTools\ufoLib\filenames.py","11010"
"5","Exploration 5 research package",".deps\fontTools\ufoLib\glifLib.py","79618"
"5","Exploration 5 research package",".deps\fontTools\ufoLib\kerning.py","6349"
"5","Exploration 5 research package",".deps\fontTools\ufoLib\plistlib.py","1557"
"5","Exploration 5 research package",".deps\fontTools\ufoLib\pointPen.py","250"
"5","Exploration 5 research package",".deps\fontTools\ufoLib\utils.py","3299"
"5","Exploration 5 research package",".deps\fontTools\ufoLib\validators.py","33188"
"5","Exploration 5 research package",".deps\fontTools\unicode.py","1287"
"5","Exploration 5 research package",".deps\fontTools\unicodedata\__init__.py","9389"
"5","Exploration 5 research package",".deps\fontTools\unicodedata\__pycache__\__init__.cpython-312.pyc","8611"
"5","Exploration 5 research package",".deps\fontTools\unicodedata\__pycache__\Blocks.cpython-312.pyc","8645"
"5","Exploration 5 research package",".deps\fontTools\unicodedata\__pycache__\Mirrored.cpython-312.pyc","12045"
"5","Exploration 5 research package",".deps\fontTools\unicodedata\__pycache__\OTTags.cpython-312.pyc","959"
"5","Exploration 5 research package",".deps\fontTools\unicodedata\__pycache__\ScriptExtensions.cpython-312.pyc","10412"
"5","Exploration 5 research package",".deps\fontTools\unicodedata\__pycache__\Scripts.cpython-312.pyc","24087"
"5","Exploration 5 research package",".deps\fontTools\unicodedata\Blocks.py","33956"
"5","Exploration 5 research package",".deps\fontTools\unicodedata\Mirrored.py","9688"
"5","Exploration 5 research package",".deps\fontTools\unicodedata\OTTags.py","1246"
"5","Exploration 5 research package",".deps\fontTools\unicodedata\ScriptExtensions.py","29479"
"5","Exploration 5 research package",".deps\fontTools\unicodedata\Scripts.py","134787"
"5","Exploration 5 research package",".deps\fontTools\varLib\__init__.py","58194"
"5","Exploration 5 research package",".deps\fontTools\varLib\__main__.py","99"
"5","Exploration 5 research package",".deps\fontTools\varLib\__pycache__\__init__.cpython-312.pyc","63582"
"5","Exploration 5 research package",".deps\fontTools\varLib\__pycache__\__main__.cpython-312.pyc","366"
"5","Exploration 5 research package",".deps\fontTools\varLib\__pycache__\avarPlanner.cpython-312.pyc","429"
"5","Exploration 5 research package",".deps\fontTools\varLib\__pycache__\builder.cpython-312.pyc","11216"
"5","Exploration 5 research package",".deps\fontTools\varLib\__pycache__\cff.cpython-312.pyc","25149"
"5","Exploration 5 research package",".deps\fontTools\varLib\__pycache__\errors.cpython-312.pyc","12420"
"5","Exploration 5 research package",".deps\fontTools\varLib\__pycache__\featureVars.cpython-312.pyc","28170"
"5","Exploration 5 research package",".deps\fontTools\varLib\__pycache__\hvar.cpython-312.pyc","4603"
"5","Exploration 5 research package",".deps\fontTools\varLib\__pycache__\interpolatable.cpython-312.pyc","39949"
"5","Exploration 5 research package",".deps\fontTools\varLib\__pycache__\interpolatableHelpers.cpython-312.pyc","17048"
"5","Exploration 5 research package",".deps\fontTools\varLib\__pycache__\interpolatablePlot.cpython-312.pyc","53020"
"5","Exploration 5 research package",".deps\fontTools\varLib\__pycache__\interpolatableTestContourOrder.cpython-312.pyc","2133"
"5","Exploration 5 research package",".deps\fontTools\varLib\__pycache__\interpolatableTestStartingPoint.cpython-312.pyc","3861"
"5","Exploration 5 research package",".deps\fontTools\varLib\__pycache__\interpolate_layout.cpython-312.pyc","5760"
"5","Exploration 5 research package",".deps\fontTools\varLib\__pycache__\iup.cpython-312.pyc","15192"
"5","Exploration 5 research package",".deps\fontTools\varLib\__pycache__\merger.cpython-312.pyc","79489"
"5","Exploration 5 research package",".deps\fontTools\varLib\__pycache__\models.cpython-312.pyc","29911"
"5","Exploration 5 research package",".deps\fontTools\varLib\__pycache__\multiVarStore.cpython-312.pyc","15764"
"5","Exploration 5 research package",".deps\fontTools\varLib\__pycache__\mutator.cpython-312.pyc","22529"
"5","Exploration 5 research package",".deps\fontTools\varLib\__pycache__\mvar.cpython-312.pyc","1370"
"5","Exploration 5 research package",".deps\fontTools\varLib\__pycache__\plot.cpython-312.pyc","13839"
"5","Exploration 5 research package",".deps\fontTools\varLib\__pycache__\stat.cpython-312.pyc","6625"
"5","Exploration 5 research package",".deps\fontTools\varLib\__pycache__\varStore.cpython-312.pyc","36956"
"5","Exploration 5 research package",".deps\fontTools\varLib\avar\__init__.py","0"
"5","Exploration 5 research package",".deps\fontTools\varLib\avar\__main__.py","1842"
"5","Exploration 5 research package",".deps\fontTools\varLib\avar\__pycache__\__init__.cpython-312.pyc","194"
"5","Exploration 5 research package",".deps\fontTools\varLib\avar\__pycache__\__main__.cpython-312.pyc","2567"
"5","Exploration 5 research package",".deps\fontTools\varLib\avar\__pycache__\build.cpython-312.pyc","3157"
"5","Exploration 5 research package",".deps\fontTools\varLib\avar\__pycache__\map.cpython-312.pyc","5057"
"5","Exploration 5 research package",".deps\fontTools\varLib\avar\__pycache__\plan.cpython-312.pyc","29832"
"5","Exploration 5 research package",".deps\fontTools\varLib\avar\__pycache__\unbuild.cpython-312.pyc","12065"
"5","Exploration 5 research package",".deps\fontTools\varLib\avar\build.py","2168"
"5","Exploration 5 research package",".deps\fontTools\varLib\avar\map.py","3606"
"5","Exploration 5 research package",".deps\fontTools\varLib\avar\plan.py","28358"
"5","Exploration 5 research package",".deps\fontTools\varLib\avar\unbuild.py","10791"
"5","Exploration 5 research package",".deps\fontTools\varLib\avarPlanner.py","117"
"5","Exploration 5 research package",".deps\fontTools\varLib\builder.py","6824"
"5","Exploration 5 research package",".deps\fontTools\varLib\cff.py","23530"
"5","Exploration 5 research package",".deps\fontTools\varLib\errors.py","7153"
"5","Exploration 5 research package",".deps\fontTools\varLib\featureVars.py","26883"
"5","Exploration 5 research package",".deps\fontTools\varLib\hvar.py","3808"
"5","Exploration 5 research package",".deps\fontTools\varLib\instancer\__init__.py","119908"
"5","Exploration 5 research package",".deps\fontTools\varLib\instancer\__main__.py","109"
"5","Exploration 5 research package",".deps\fontTools\varLib\instancer\__pycache__\__init__.cpython-312.pyc","115149"
"5","Exploration 5 research package",".deps\fontTools\varLib\instancer\__pycache__\__main__.cpython-312.pyc","386"
"5","Exploration 5 research package",".deps\fontTools\varLib\instancer\__pycache__\featureVars.cpython-312.pyc","7018"
"5","Exploration 5 research package",".deps\fontTools\varLib\instancer\__pycache__\names.cpython-312.pyc","18109"
"5","Exploration 5 research package",".deps\fontTools\varLib\instancer\__pycache__\solver.cpython-312.pyc","4644"
"5","Exploration 5 research package",".deps\fontTools\varLib\instancer\featureVars.py","7298"
"5","Exploration 5 research package",".deps\fontTools\varLib\instancer\names.py","15338"
"5","Exploration 5 research package",".deps\fontTools\varLib\instancer\solver.py","11311"
"5","Exploration 5 research package",".deps\fontTools\varLib\interpolatable.py","46436"
"5","Exploration 5 research package",".deps\fontTools\varLib\interpolatableHelpers.py","10646"
"5","Exploration 5 research package",".deps\fontTools\varLib\interpolatablePlot.py","45536"
"5","Exploration 5 research package",".deps\fontTools\varLib\interpolatableTestContourOrder.py","3051"
"5","Exploration 5 research package",".deps\fontTools\varLib\interpolatableTestStartingPoint.py","4473"
"5","Exploration 5 research package",".deps\fontTools\varLib\interpolate_layout.py","3813"
"5","Exploration 5 research package",".deps\fontTools\varLib\iup.c","1038211"
"5","Exploration 5 research package",".deps\fontTools\varLib\iup.cp312-win_amd64.pyd","144896"
"5","Exploration 5 research package",".deps\fontTools\varLib\iup.py","15472"
"5","Exploration 5 research package",".deps\fontTools\varLib\merger.py","62535"
"5","Exploration 5 research package",".deps\fontTools\varLib\models.py","23571"
"5","Exploration 5 research package",".deps\fontTools\varLib\multiVarStore.py","9686"
"5","Exploration 5 research package",".deps\fontTools\varLib\mutator.py","20331"
"5","Exploration 5 research package",".deps\fontTools\varLib\mvar.py","2489"
"5","Exploration 5 research package",".deps\fontTools\varLib\plot.py","7732"
"5","Exploration 5 research package",".deps\fontTools\varLib\stat.py","4960"
"5","Exploration 5 research package",".deps\fontTools\varLib\varStore.py","33346"
"5","Exploration 5 research package",".deps\fontTools\voltLib\__init__.py","156"
"5","Exploration 5 research package",".deps\fontTools\voltLib\__main__.py","6134"
"5","Exploration 5 research package",".deps\fontTools\voltLib\__pycache__\__init__.cpython-312.pyc","296"
"5","Exploration 5 research package",".deps\fontTools\voltLib\__pycache__\__main__.cpython-312.pyc","7904"
"5","Exploration 5 research package",".deps\fontTools\voltLib\__pycache__\ast.cpython-312.pyc","26955"
"5","Exploration 5 research package",".deps\fontTools\voltLib\__pycache__\error.cpython-312.pyc","965"
"5","Exploration 5 research package",".deps\fontTools\voltLib\__pycache__\lexer.cpython-312.pyc","5519"
"5","Exploration 5 research package",".deps\fontTools\voltLib\__pycache__\parser.cpython-312.pyc","34006"
"5","Exploration 5 research package",".deps\fontTools\voltLib\__pycache__\voltToFea.cpython-312.pyc","44455"
"5","Exploration 5 research package",".deps\fontTools\voltLib\ast.py","13752"
"5","Exploration 5 research package",".deps\fontTools\voltLib\error.py","407"
"5","Exploration 5 research package",".deps\fontTools\voltLib\lexer.py","3467"
"5","Exploration 5 research package",".deps\fontTools\voltLib\parser.py","26060"
"5","Exploration 5 research package",".deps\fontTools\voltLib\voltToFea.py","37460"
"5","Exploration 5 research package",".deps\kiwisolver-1.5.1.dist-info\INSTALLER","4"
"5","Exploration 5 research package",".deps\kiwisolver-1.5.1.dist-info\licenses\LICENSE","3360"
"5","Exploration 5 research package",".deps\kiwisolver-1.5.1.dist-info\METADATA","5250"
"5","Exploration 5 research package",".deps\kiwisolver-1.5.1.dist-info\RECORD","1112"
"5","Exploration 5 research package",".deps\kiwisolver-1.5.1.dist-info\REQUESTED","0"
"5","Exploration 5 research package",".deps\kiwisolver-1.5.1.dist-info\top_level.txt","11"
"5","Exploration 5 research package",".deps\kiwisolver-1.5.1.dist-info\WHEEL","101"
"5","Exploration 5 research package",".deps\kiwisolver\__init__.py","1055"
"5","Exploration 5 research package",".deps\kiwisolver\__pycache__\__init__.cpython-312.pyc","690"
"5","Exploration 5 research package",".deps\kiwisolver\__pycache__\exceptions.cpython-312.pyc","2003"
"5","Exploration 5 research package",".deps\kiwisolver\_cext.cp312-win_amd64.pyd","151552"
"5","Exploration 5 research package",".deps\kiwisolver\_cext.pyi","8885"
"5","Exploration 5 research package",".deps\kiwisolver\exceptions.py","1293"
"5","Exploration 5 research package",".deps\kiwisolver\py.typed","0"
"5","Exploration 5 research package",".deps\matplotlib-3.11.1.dist-info\INSTALLER","4"
"5","Exploration 5 research package",".deps\matplotlib-3.11.1.dist-info\LICENSE","63442"
"5","Exploration 5 research package",".deps\matplotlib-3.11.1.dist-info\METADATA","80264"
"5","Exploration 5 research package",".deps\matplotlib-3.11.1.dist-info\RECORD","74315"
"5","Exploration 5 research package",".deps\matplotlib-3.11.1.dist-info\REQUESTED","0"
"5","Exploration 5 research package",".deps\matplotlib-3.11.1.dist-info\WHEEL","85"
"5","Exploration 5 research package",".deps\matplotlib\__init__.py","56123"
"5","Exploration 5 research package",".deps\matplotlib\__init__.pyi","3648"
"5","Exploration 5 research package",".deps\matplotlib\__pycache__\__init__.cpython-312.pyc","63747"
"5","Exploration 5 research package",".deps\matplotlib\__pycache__\_afm.cpython-312.pyc","20774"
"5","Exploration 5 research package",".deps\matplotlib\__pycache__\_animation_data.cpython-312.pyc","8076"
"5","Exploration 5 research package",".deps\matplotlib\__pycache__\_blocking_input.cpython-312.pyc","1638"
"5","Exploration 5 research package",".deps\matplotlib\__pycache__\_cm_bivar.cpython-312.pyc","67805"
"5","Exploration 5 research package",".deps\matplotlib\__pycache__\_cm_listed.cpython-312.pyc","146918"
"5","Exploration 5 research package",".deps\matplotlib\__pycache__\_cm_multivar.cpython-312.pyc","6044"
"5","Exploration 5 research package",".deps\matplotlib\__pycache__\_cm.cpython-312.pyc","35038"
"5","Exploration 5 research package",".deps\matplotlib\__pycache__\_color_data.cpython-312.pyc","50319"
"5","Exploration 5 research package",".deps\matplotlib\__pycache__\_constrained_layout.cpython-312.pyc","35777"
"5","Exploration 5 research package",".deps\matplotlib\__pycache__\_docstring.cpython-312.pyc","6663"
"5","Exploration 5 research package",".deps\matplotlib\__pycache__\_enums.cpython-312.pyc","8304"
"5","Exploration 5 research package",".deps\matplotlib\__pycache__\_fontconfig_pattern.cpython-312.pyc","5740"
"5","Exploration 5 research package",".deps\matplotlib\__pycache__\_internal_utils.cpython-312.pyc","3300"
"5","Exploration 5 research package",".deps\matplotlib\__pycache__\_layoutgrid.cpython-312.pyc","30217"
"5","Exploration 5 research package",".deps\matplotlib\__pycache__\_mathtext_data.cpython-312.pyc","52081"
"5","Exploration 5 research package",".deps\matplotlib\__pycache__\_mathtext.cpython-312.pyc","137434"
"5","Exploration 5 research package",".deps\matplotlib\__pycache__\_pylab_helpers.cpython-312.pyc","7463"
"5","Exploration 5 research package",".deps\matplotlib\__pycache__\_style_helpers.cpython-312.pyc","2792"
"5","Exploration 5 research package",".deps\matplotlib\__pycache__\_text_helpers.cpython-312.pyc","2322"
"5","Exploration 5 research package",".deps\matplotlib\__pycache__\_tight_bbox.cpython-312.pyc","4338"
"5","Exploration 5 research package",".deps\matplotlib\__pycache__\_tight_layout.cpython-312.pyc","13149"
"5","Exploration 5 research package",".deps\matplotlib\__pycache__\_type1font.cpython-312.pyc","53089"
"5","Exploration 5 research package",".deps\matplotlib\__pycache__\_version.cpython-312.pyc","206"
"5","Exploration 5 research package",".deps\matplotlib\__pycache__\animation.cpython-312.pyc","80313"
"5","Exploration 5 research package",".deps\matplotlib\__pycache__\artist.cpython-312.pyc","78436"
"5","Exploration 5 research package",".deps\matplotlib\__pycache__\axis.cpython-312.pyc","136949"
"5","Exploration 5 research package",".deps\matplotlib\__pycache__\backend_bases.cpython-312.pyc","163998"
"5","Exploration 5 research package",".deps\matplotlib\__pycache__\backend_managers.cpython-312.pyc","15401"
"5","Exploration 5 research package",".deps\matplotlib\__pycache__\backend_tools.cpython-312.pyc","50641"
"5","Exploration 5 research package",".deps\matplotlib\__pycache__\bezier.cpython-312.pyc","25496"
"5","Exploration 5 research package",".deps\matplotlib\__pycache__\category.cpython-312.pyc","10148"
"5","Exploration 5 research package",".deps\matplotlib\__pycache__\cbook.cpython-312.pyc","103747"
"5","Exploration 5 research package",".deps\matplotlib\__pycache__\cm.cpython-312.pyc","9644"
"5","Exploration 5 research package",".deps\matplotlib\__pycache__\collections.cpython-312.pyc","129613"
"5","Exploration 5 research package",".deps\matplotlib\__pycache__\colorbar.cpython-312.pyc","74583"
"5","Exploration 5 research package",".deps\matplotlib\__pycache__\colorizer.cpython-312.pyc","40228"
"5","Exploration 5 research package",".deps\matplotlib\__pycache__\colors.cpython-312.pyc","194235"
"5","Exploration 5 research package",".deps\matplotlib\__pycache__\container.cpython-312.pyc","12025"
"5","Exploration 5 research package",".deps\matplotlib\__pycache__\contour.cpython-312.pyc","81128"
"5","Exploration 5 research package",".deps\matplotlib\__pycache__\dates.cpython-312.pyc","75854"
"5","Exploration 5 research package",".deps\matplotlib\__pycache__\dviread.cpython-312.pyc","69238"
"5","Exploration 5 research package",".deps\matplotlib\__pycache__\figure.cpython-312.pyc","157273"
"5","Exploration 5 research package",".deps\matplotlib\__pycache__\font_manager.cpython-312.pyc","74870"
"5","Exploration 5 research package",".deps\matplotlib\__pycache__\gridspec.cpython-312.pyc","37283"
"5","Exploration 5 research package",".deps\matplotlib\__pycache__\hatch.cpython-312.pyc","12905"
"5","Exploration 5 research package",".deps\matplotlib\__pycache__\image.cpython-312.pyc","88324"
"5","Exploration 5 research package",".deps\matplotlib\__pycache__\inset.cpython-312.pyc","13796"
"5","Exploration 5 research package",".deps\matplotlib\__pycache__\layout_engine.cpython-312.pyc","13598"
"5","Exploration 5 research package",".deps\matplotlib\__pycache__\legend_handler.cpython-312.pyc","34678"
"5","Exploration 5 research package",".deps\matplotlib\__pycache__\legend.cpython-312.pyc","60325"
"5","Exploration 5 research package",".deps\matplotlib\__pycache__\lines.cpython-312.pyc","70228"
"5","Exploration 5 research package",".deps\matplotlib\__pycache__\markers.cpython-312.pyc","45929"
"5","Exploration 5 research package",".deps\matplotlib\__pycache__\mathtext.cpython-312.pyc","6156"
"5","Exploration 5 research package",".deps\matplotlib\__pycache__\mlab.cpython-312.pyc","33369"
"5","Exploration 5 research package",".deps\matplotlib\__pycache__\offsetbox.cpython-312.pyc","78273"
"5","Exploration 5 research package",".deps\matplotlib\__pycache__\patches.cpython-312.pyc","208383"
"5","Exploration 5 research package",".deps\matplotlib\__pycache__\path.cpython-312.pyc","49609"
"5","Exploration 5 research package",".deps\matplotlib\__pycache__\patheffects.cpython-312.pyc","22344"
"5","Exploration 5 research package",".deps\matplotlib\__pycache__\pylab.cpython-312.pyc","2790"
"5","Exploration 5 research package",".deps\matplotlib\__pycache__\pyplot.cpython-312.pyc","166048"
"5","Exploration 5 research package",".deps\matplotlib\__pycache__\quiver.cpython-312.pyc","57602"
"5","Exploration 5 research package",".deps\matplotlib\__pycache__\rcsetup.cpython-312.pyc","98077"
"5","Exploration 5 research package",".deps\matplotlib\__pycache__\sankey.cpython-312.pyc","35931"
"5","Exploration 5 research package",".deps\matplotlib\__pycache__\scale.cpython-312.pyc","46804"
"5","Exploration 5 research package",".deps\matplotlib\__pycache__\spines.cpython-312.pyc","28295"
"5","Exploration 5 research package",".deps\matplotlib\__pycache__\stackplot.cpython-312.pyc","5916"
"5","Exploration 5 research package",".deps\matplotlib\__pycache__\streamplot.cpython-312.pyc","32189"
"5","Exploration 5 research package",".deps\matplotlib\__pycache__\table.cpython-312.pyc","34493"
"5","Exploration 5 research package",".deps\matplotlib\__pycache__\texmanager.cpython-312.pyc","17612"
"5","Exploration 5 research package",".deps\matplotlib\__pycache__\text.cpython-312.pyc","93905"
"5","Exploration 5 research package",".deps\matplotlib\__pycache__\textpath.cpython-312.pyc","16349"
"5","Exploration 5 research package",".deps\matplotlib\__pycache__\ticker.cpython-312.pyc","133228"
"5","Exploration 5 research package",".deps\matplotlib\__pycache__\transforms.cpython-312.pyc","138137"
"5","Exploration 5 research package",".deps\matplotlib\__pycache__\typing.cpython-312.pyc","12075"
"5","Exploration 5 research package",".deps\matplotlib\__pycache__\units.cpython-312.pyc","7720"
"5","Exploration 5 research package",".deps\matplotlib\__pycache__\widgets.cpython-312.pyc","206193"
"5","Exploration 5 research package",".deps\matplotlib\_afm.py","16637"
"5","Exploration 5 research package",".deps\matplotlib\_animation_data.py","7986"
"5","Exploration 5 research package",".deps\matplotlib\_api\__init__.py","17391"
"5","Exploration 5 research package",".deps\matplotlib\_api\__init__.pyi","2322"
"5","Exploration 5 research package",".deps\matplotlib\_api\__pycache__\__init__.cpython-312.pyc","21578"
"5","Exploration 5 research package",".deps\matplotlib\_api\__pycache__\deprecation.cpython-312.pyc","24183"
"5","Exploration 5 research package",".deps\matplotlib\_api\deprecation.py","20733"
"5","Exploration 5 research package",".deps\matplotlib\_api\deprecation.pyi","2217"
"5","Exploration 5 research package",".deps\matplotlib\_blocking_input.py","1224"
"5","Exploration 5 research package",".deps\matplotlib\_c_internal_utils.cp312-win_amd64.pyd","179200"
"5","Exploration 5 research package",".deps\matplotlib\_c_internal_utils.pyi","377"
"5","Exploration 5 research package",".deps\matplotlib\_cm_bivar.py","95704"
"5","Exploration 5 research package",".deps\matplotlib\_cm_listed.py","135004"
"5","Exploration 5 research package",".deps\matplotlib\_cm_multivar.py","6630"
"5","Exploration 5 research package",".deps\matplotlib\_cm.py","70285"
"5","Exploration 5 research package",".deps\matplotlib\_color_data.py","34780"
"5","Exploration 5 research package",".deps\matplotlib\_color_data.pyi","170"
"5","Exploration 5 research package",".deps\matplotlib\_constrained_layout.py","33041"
"5","Exploration 5 research package",".deps\matplotlib\_docstring.py","4435"
"5","Exploration 5 research package",".deps\matplotlib\_docstring.pyi","725"
"5","Exploration 5 research package",".deps\matplotlib\_enums.py","6175"
"5","Exploration 5 research package",".deps\matplotlib\_enums.pyi","302"
"5","Exploration 5 research package",".deps\matplotlib\_fontconfig_pattern.py","4368"
"5","Exploration 5 research package",".deps\matplotlib\_image.cp312-win_amd64.pyd","445952"
"5","Exploration 5 research package",".deps\matplotlib\_image.pyi","0"
"5","Exploration 5 research package",".deps\matplotlib\_internal_utils.py","2140"
"5","Exploration 5 research package",".deps\matplotlib\_layoutgrid.py","21676"
"5","Exploration 5 research package",".deps\matplotlib\_mathtext_data.py","68787"
"5","Exploration 5 research package",".deps\matplotlib\_mathtext.py","116736"
"5","Exploration 5 research package",".deps\matplotlib\_path.cp312-win_amd64.pyd","337408"
"5","Exploration 5 research package",".deps\matplotlib\_path.pyi","261"
"5","Exploration 5 research package",".deps\matplotlib\_pylab_helpers.py","4424"
"5","Exploration 5 research package",".deps\matplotlib\_pylab_helpers.pyi","1012"
"5","Exploration 5 research package",".deps\matplotlib\_qhull.cp312-win_amd64.pyd","615936"
"5","Exploration 5 research package",".deps\matplotlib\_qhull.pyi","0"
"5","Exploration 5 research package",".deps\matplotlib\_style_helpers.py","1781"
"5","Exploration 5 research package",".deps\matplotlib\_text_helpers.py","1600"
"5","Exploration 5 research package",".deps\matplotlib\_tight_bbox.py","2821"
"5","Exploration 5 research package",".deps\matplotlib\_tight_layout.py","12675"
"5","Exploration 5 research package",".deps\matplotlib\_tri.cp312-win_amd64.pyd","333312"
"5","Exploration 5 research package",".deps\matplotlib\_tri.pyi","1429"
"5","Exploration 5 research package",".deps\matplotlib\_type1font.py","40732"
"5","Exploration 5 research package",".deps\matplotlib\_version.py","19"
"5","Exploration 5 research package",".deps\matplotlib\animation.py","73866"
"5","Exploration 5 research package",".deps\matplotlib\animation.pyi","6833"
"5","Exploration 5 research package",".deps\matplotlib\artist.py","65786"
"5","Exploration 5 research package",".deps\matplotlib\artist.pyi","7321"
"5","Exploration 5 research package",".deps\matplotlib\axes\__init__.py","351"
"5","Exploration 5 research package",".deps\matplotlib\axes\__init__.pyi","303"
"5","Exploration 5 research package",".deps\matplotlib\axes\__pycache__\__init__.cpython-312.pyc","1086"
"5","Exploration 5 research package",".deps\matplotlib\axes\__pycache__\_axes.cpython-312.pyc","372445"
"5","Exploration 5 research package",".deps\matplotlib\axes\__pycache__\_base.cpython-312.pyc","223934"
"5","Exploration 5 research package",".deps\matplotlib\axes\__pycache__\_secondary_axes.cpython-312.pyc","15679"
"5","Exploration 5 research package",".deps\matplotlib\axes\_axes.py","372908"
"5","Exploration 5 research package",".deps\matplotlib\axes\_axes.pyi","27942"
"5","Exploration 5 research package",".deps\matplotlib\axes\_base.py","197697"
"5","Exploration 5 research package",".deps\matplotlib\axes\_base.pyi","17533"
"5","Exploration 5 research package",".deps\matplotlib\axes\_secondary_axes.py","12922"
"5","Exploration 5 research package",".deps\matplotlib\axes\_secondary_axes.pyi","1782"
"5","Exploration 5 research package",".deps\matplotlib\axis.py","111990"
"5","Exploration 5 research package",".deps\matplotlib\axis.pyi","10246"
"5","Exploration 5 research package",".deps\matplotlib\backend_bases.py","138474"
"5","Exploration 5 research package",".deps\matplotlib\backend_bases.pyi","17357"
"5","Exploration 5 research package",".deps\matplotlib\backend_managers.py","11795"
"5","Exploration 5 research package",".deps\matplotlib\backend_managers.pyi","2253"
"5","Exploration 5 research package",".deps\matplotlib\backend_tools.py","33379"
"5","Exploration 5 research package",".deps\matplotlib\backend_tools.pyi","4142"
"5","Exploration 5 research package",".deps\matplotlib\backends\__init__.py","206"
"5","Exploration 5 research package",".deps\matplotlib\backends\__pycache__\__init__.cpython-312.pyc","304"
"5","Exploration 5 research package",".deps\matplotlib\backends\__pycache__\_backend_gtk.cpython-312.pyc","18386"
"5","Exploration 5 research package",".deps\matplotlib\backends\__pycache__\_backend_pdf_ps.cpython-312.pyc","18450"
"5","Exploration 5 research package",".deps\matplotlib\backends\__pycache__\_backend_tk.cpython-312.pyc","60016"
"5","Exploration 5 research package",".deps\matplotlib\backends\__pycache__\backend_agg.cpython-312.pyc","31321"
"5","Exploration 5 research package",".deps\matplotlib\backends\__pycache__\backend_cairo.cpython-312.pyc","30612"
"5","Exploration 5 research package",".deps\matplotlib\backends\__pycache__\backend_gtk3.cpython-312.pyc","36552"
"5","Exploration 5 research package",".deps\matplotlib\backends\__pycache__\backend_gtk3agg.cpython-312.pyc","4519"
"5","Exploration 5 research package",".deps\matplotlib\backends\__pycache__\backend_gtk3cairo.cpython-312.pyc","2392"
"5","Exploration 5 research package",".deps\matplotlib\backends\__pycache__\backend_gtk4.cpython-312.pyc","36836"
"5","Exploration 5 research package",".deps\matplotlib\backends\__pycache__\backend_gtk4agg.cpython-312.pyc","2546"
"5","Exploration 5 research package",".deps\matplotlib\backends\__pycache__\backend_gtk4cairo.cpython-312.pyc","2211"
"5","Exploration 5 research package",".deps\matplotlib\backends\__pycache__\backend_macosx.cpython-312.pyc","11716"
"5","Exploration 5 research package",".deps\matplotlib\backends\__pycache__\backend_mixed.cpython-312.pyc","5025"
"5","Exploration 5 research package",".deps\matplotlib\backends\__pycache__\backend_nbagg.cpython-312.pyc","12016"
"5","Exploration 5 research package",".deps\matplotlib\backends\__pycache__\backend_pdf.cpython-312.pyc","127373"
"5","Exploration 5 research package",".deps\matplotlib\backends\__pycache__\backend_pgf.cpython-312.pyc","50572"
"5","Exploration 5 research package",".deps\matplotlib\backends\__pycache__\backend_ps.cpython-312.pyc","65234"
"5","Exploration 5 research package",".deps\matplotlib\backends\__pycache__\backend_qt.cpython-312.pyc","71276"
"5","Exploration 5 research package",".deps\matplotlib\backends\__pycache__\backend_qt5.cpython-312.pyc","1479"
"5","Exploration 5 research package",".deps\matplotlib\backends\__pycache__\backend_qt5agg.cpython-312.pyc","767"
"5","Exploration 5 research package",".deps\matplotlib\backends\__pycache__\backend_qt5cairo.cpython-312.pyc","677"
"5","Exploration 5 research package",".deps\matplotlib\backends\__pycache__\backend_qtagg.cpython-312.pyc","3761"
"5","Exploration 5 research package",".deps\matplotlib\backends\__pycache__\backend_qtcairo.cpython-312.pyc","3738"
"5","Exploration 5 research package",".deps\matplotlib\backends\__pycache__\backend_svg.cpython-312.pyc","60254"
"5","Exploration 5 research package",".deps\matplotlib\backends\__pycache__\backend_template.cpython-312.pyc","7741"
"5","Exploration 5 research package",".deps\matplotlib\backends\__pycache__\backend_tkagg.cpython-312.pyc","1466"
"5","Exploration 5 research package",".deps\matplotlib\backends\__pycache__\backend_tkcairo.cpython-312.pyc","1986"
"5","Exploration 5 research package",".deps\matplotlib\backends\__pycache__\backend_webagg_core.cpython-312.pyc","28480"
"5","Exploration 5 research package",".deps\matplotlib\backends\__pycache__\backend_webagg.cpython-312.pyc","16630"
"5","Exploration 5 research package",".deps\matplotlib\backends\__pycache__\backend_wx.cpython-312.pyc","80967"
"5","Exploration 5 research package",".deps\matplotlib\backends\__pycache__\backend_wxagg.cpython-312.pyc","2915"
"5","Exploration 5 research package",".deps\matplotlib\backends\__pycache__\backend_wxcairo.cpython-312.pyc","1879"
"5","Exploration 5 research package",".deps\matplotlib\backends\__pycache__\qt_compat.cpython-312.pyc","5894"
"5","Exploration 5 research package",".deps\matplotlib\backends\__pycache__\registry.cpython-312.pyc","14592"
"5","Exploration 5 research package",".deps\matplotlib\backends\_backend_agg.cp312-win_amd64.pyd","482304"
"5","Exploration 5 research package",".deps\matplotlib\backends\_backend_agg.pyi","0"
"5","Exploration 5 research package",".deps\matplotlib\backends\_backend_gtk.py","11318"
"5","Exploration 5 research package",".deps\matplotlib\backends\_backend_pdf_ps.py","15792"
"5","Exploration 5 research package",".deps\matplotlib\backends\_backend_tk.py","45650"
"5","Exploration 5 research package",".deps\matplotlib\backends\_macosx.pyi","0"
"5","Exploration 5 research package",".deps\matplotlib\backends\_tkagg.cp312-win_amd64.pyd","198144"
"5","Exploration 5 research package",".deps\matplotlib\backends\_tkagg.pyi","379"
"5","Exploration 5 research package",".deps\matplotlib\backends\backend_agg.py","23121"
"5","Exploration 5 research package",".deps\matplotlib\backends\backend_cairo.py","18789"
"5","Exploration 5 research package",".deps\matplotlib\backends\backend_gtk3.py","22399"
"5","Exploration 5 research package",".deps\matplotlib\backends\backend_gtk3agg.py","2463"
"5","Exploration 5 research package",".deps\matplotlib\backends\backend_gtk3cairo.py","1392"
"5","Exploration 5 research package",".deps\matplotlib\backends\backend_gtk4.py","23690"
"5","Exploration 5 research package",".deps\matplotlib\backends\backend_gtk4agg.py","1262"
"5","Exploration 5 research package",".deps\matplotlib\backends\backend_gtk4cairo.py","1125"
"5","Exploration 5 research package",".deps\matplotlib\backends\backend_macosx.py","7397"
"5","Exploration 5 research package",".deps\matplotlib\backends\backend_mixed.py","4837"
"5","Exploration 5 research package",".deps\matplotlib\backends\backend_nbagg.py","8026"
"5","Exploration 5 research package",".deps\matplotlib\backends\backend_pdf.py","103763"
"5","Exploration 5 research package",".deps\matplotlib\backends\backend_pgf.py","40166"
"5","Exploration 5 research package",".deps\matplotlib\backends\backend_ps.py","52915"
"5","Exploration 5 research package",".deps\matplotlib\backends\backend_qt.py","46156"
"5","Exploration 5 research package",".deps\matplotlib\backends\backend_qt5.py","787"
"5","Exploration 5 research package",".deps\matplotlib\backends\backend_qt5agg.py","352"
"5","Exploration 5 research package",".deps\matplotlib\backends\backend_qt5cairo.py","292"
"5","Exploration 5 research package",".deps\matplotlib\backends\backend_qtagg.py","3413"
"5","Exploration 5 research package",".deps\matplotlib\backends\backend_qtcairo.py","1770"
"5","Exploration 5 research package",".deps\matplotlib\backends\backend_svg.py","51636"
"5","Exploration 5 research package",".deps\matplotlib\backends\backend_template.py","8012"
"5","Exploration 5 research package",".deps\matplotlib\backends\backend_tkagg.py","592"
"5","Exploration 5 research package",".deps\matplotlib\backends\backend_tkcairo.py","816"
"5","Exploration 5 research package",".deps\matplotlib\backends\backend_webagg_core.py","19622"
"5","Exploration 5 research package",".deps\matplotlib\backends\backend_webagg.py","11014"
"5","Exploration 5 research package",".deps\matplotlib\backends\backend_wx.py","51386"
"5","Exploration 5 research package",".deps\matplotlib\backends\backend_wxagg.py","1468"
"5","Exploration 5 research package",".deps\matplotlib\backends\backend_wxcairo.py","868"
"5","Exploration 5 research package",".deps\matplotlib\backends\qt_compat.py","5381"
"5","Exploration 5 research package",".deps\matplotlib\backends\qt_editor\__init__.py","0"
"5","Exploration 5 research package",".deps\matplotlib\backends\qt_editor\__pycache__\__init__.cpython-312.pyc","202"
"5","Exploration 5 research package",".deps\matplotlib\backends\qt_editor\__pycache__\_formlayout.cpython-312.pyc","32028"
"5","Exploration 5 research package",".deps\matplotlib\backends\qt_editor\__pycache__\figureoptions.cpython-312.pyc","12705"
"5","Exploration 5 research package",".deps\matplotlib\backends\qt_editor\_formlayout.py","20953"
"5","Exploration 5 research package",".deps\matplotlib\backends\qt_editor\figureoptions.py","9855"
"5","Exploration 5 research package",".deps\matplotlib\backends\registry.py","15480"
"5","Exploration 5 research package",".deps\matplotlib\backends\web_backend\all_figures.html","1753"
"5","Exploration 5 research package",".deps\matplotlib\backends\web_backend\css\boilerplate.css","2310"
"5","Exploration 5 research package",".deps\matplotlib\backends\web_backend\css\fbm.css","1456"
"5","Exploration 5 research package",".deps\matplotlib\backends\web_backend\css\mpl.css","1611"
"5","Exploration 5 research package",".deps\matplotlib\backends\web_backend\css\page.css","1623"
"5","Exploration 5 research package",".deps\matplotlib\backends\web_backend\ipython_inline_figure.html","1311"
"5","Exploration 5 research package",".deps\matplotlib\backends\web_backend\js\mpl_tornado.js","302"
"5","Exploration 5 research package",".deps\matplotlib\backends\web_backend\js\mpl.js","25193"
"5","Exploration 5 research package",".deps\matplotlib\backends\web_backend\js\nbagg_mpl.js","9514"
"5","Exploration 5 research package",".deps\matplotlib\backends\web_backend\single_figure.html","1357"
"5","Exploration 5 research package",".deps\matplotlib\bezier.py","21728"
"5","Exploration 5 research package",".deps\matplotlib\bezier.pyi","2646"
"5","Exploration 5 research package",".deps\matplotlib\category.py","7377"
"5","Exploration 5 research package",".deps\matplotlib\cbook.py","85424"
"5","Exploration 5 research package",".deps\matplotlib\cbook.pyi","6398"
"5","Exploration 5 research package",".deps\matplotlib\cm.py","8136"
"5","Exploration 5 research package",".deps\matplotlib\cm.pyi","5412"
"5","Exploration 5 research package",".deps\matplotlib\collections.py","103169"
"5","Exploration 5 research package",".deps\matplotlib\collections.pyi","11039"
"5","Exploration 5 research package",".deps\matplotlib\colorbar.py","61667"
"5","Exploration 5 research package",".deps\matplotlib\colorbar.pyi","4968"
"5","Exploration 5 research package",".deps\matplotlib\colorizer.py","33983"
"5","Exploration 5 research package",".deps\matplotlib\colorizer.pyi","3245"
"5","Exploration 5 research package",".deps\matplotlib\colors.py","158777"
"5","Exploration 5 research package",".deps\matplotlib\colors.pyi","17918"
"5","Exploration 5 research package",".deps\matplotlib\container.py","8132"
"5","Exploration 5 research package",".deps\matplotlib\container.pyi","2461"
"5","Exploration 5 research package",".deps\matplotlib\contour.py","70635"
"5","Exploration 5 research package",".deps\matplotlib\contour.pyi","5284"
"5","Exploration 5 research package",".deps\matplotlib\dates.py","66406"
"5","Exploration 5 research package",".deps\matplotlib\dviread.py","53612"
"5","Exploration 5 research package",".deps\matplotlib\dviread.pyi","3364"
"5","Exploration 5 research package",".deps\matplotlib\figure.py","144757"
"5","Exploration 5 research package",".deps\matplotlib\figure.pyi","15662"
"5","Exploration 5 research package",".deps\matplotlib\font_manager.py","65642"
"5","Exploration 5 research package",".deps\matplotlib\font_manager.pyi","6172"
"5","Exploration 5 research package",".deps\matplotlib\ft2font.cp312-win_amd64.pyd","2317312"
"5","Exploration 5 research package",".deps\matplotlib\ft2font.pyi","11081"
"5","Exploration 5 research package",".deps\matplotlib\gridspec.py","30513"
"5","Exploration 5 research package",".deps\matplotlib\gridspec.pyi","5495"
"5","Exploration 5 research package",".deps\matplotlib\hatch.py","8206"
"5","Exploration 5 research package",".deps\matplotlib\hatch.pyi","2098"
"5","Exploration 5 research package",".deps\matplotlib\image.py","73466"
"5","Exploration 5 research package",".deps\matplotlib\image.pyi","7065"
"5","Exploration 5 research package",".deps\matplotlib\inset.py","11281"
"5","Exploration 5 research package",".deps\matplotlib\inset.pyi","968"
"5","Exploration 5 research package",".deps\matplotlib\layout_engine.py","11433"
"5","Exploration 5 research package",".deps\matplotlib\layout_engine.pyi","1788"
"5","Exploration 5 research package",".deps\matplotlib\legend_handler.py","29820"
"5","Exploration 5 research package",".deps\matplotlib\legend_handler.pyi","7655"
"5","Exploration 5 research package",".deps\matplotlib\legend.py","56894"
"5","Exploration 5 research package",".deps\matplotlib\legend.pyi","5393"
"5","Exploration 5 research package",".deps\matplotlib\lines.py","58892"
"5","Exploration 5 research package",".deps\matplotlib\lines.pyi","6081"
"5","Exploration 5 research package",".deps\matplotlib\markers.py","33695"
"5","Exploration 5 research package",".deps\matplotlib\markers.pyi","1678"
"5","Exploration 5 research package",".deps\matplotlib\mathtext.py","5108"
"5","Exploration 5 research package",".deps\matplotlib\mathtext.pyi","1045"
"5","Exploration 5 research package",".deps\matplotlib\mlab.py","30951"
"5","Exploration 5 research package",".deps\matplotlib\mlab.pyi","3583"
"5","Exploration 5 research package",".deps\matplotlib\mpl-data\fonts\afm\cmex10.afm","12070"
"5","Exploration 5 research package",".deps\matplotlib\mpl-data\fonts\afm\cmmi10.afm","10416"
"5","Exploration 5 research package",".deps\matplotlib\mpl-data\fonts\afm\cmr10.afm","10101"
"5","Exploration 5 research package",".deps\matplotlib\mpl-data\fonts\afm\cmsy10.afm","8295"
"5","Exploration 5 research package",".deps\matplotlib\mpl-data\fonts\afm\cmti10.afm","9645"
"5","Exploration 5 research package",".deps\matplotlib\mpl-data\fonts\afm\cmtt10.afm","6501"
"5","Exploration 5 research package",".deps\matplotlib\mpl-data\fonts\afm\pagd8a.afm","17183"
"5","Exploration 5 research package",".deps\matplotlib\mpl-data\fonts\afm\pagdo8a.afm","17255"
"5","Exploration 5 research package",".deps\matplotlib\mpl-data\fonts\afm\pagk8a.afm","17241"
"5","Exploration 5 research package",".deps\matplotlib\mpl-data\fonts\afm\pagko8a.afm","17346"
"5","Exploration 5 research package",".deps\matplotlib\mpl-data\fonts\afm\pbkd8a.afm","15157"
"5","Exploration 5 research package",".deps\matplotlib\mpl-data\fonts\afm\pbkdi8a.afm","15278"
"5","Exploration 5 research package",".deps\matplotlib\mpl-data\fonts\afm\pbkl8a.afm","15000"
"5","Exploration 5 research package",".deps\matplotlib\mpl-data\fonts\afm\pbkli8a.afm","15181"
"5","Exploration 5 research package",".deps\matplotlib\mpl-data\fonts\afm\pcrb8a.afm","15352"
"5","Exploration 5 research package",".deps\matplotlib\mpl-data\fonts\afm\pcrbo8a.afm","15422"
"5","Exploration 5 research package",".deps\matplotlib\mpl-data\fonts\afm\pcrr8a.afm","15339"
"5","Exploration 5 research package",".deps\matplotlib\mpl-data\fonts\afm\pcrro8a.afm","15443"
"5","Exploration 5 research package",".deps\matplotlib\mpl-data\fonts\afm\phvb8a.afm","17155"
"5","Exploration 5 research package",".deps\matplotlib\mpl-data\fonts\afm\phvb8an.afm","17086"
"5","Exploration 5 research package",".deps\matplotlib\mpl-data\fonts\afm\phvbo8a.afm","17230"
"5","Exploration 5 research package",".deps\matplotlib\mpl-data\fonts\afm\phvbo8an.afm","17195"
"5","Exploration 5 research package",".deps\matplotlib\mpl-data\fonts\afm\phvl8a.afm","15627"
"5","Exploration 5 research package",".deps\matplotlib\mpl-data\fonts\afm\phvlo8a.afm","15729"
"5","Exploration 5 research package",".deps\matplotlib\mpl-data\fonts\afm\phvr8a.afm","17839"
"5","Exploration 5 research package",".deps\matplotlib\mpl-data\fonts\afm\phvr8an.afm","17781"
"5","Exploration 5 research package",".deps\matplotlib\mpl-data\fonts\afm\phvro8a.afm","17919"
"5","Exploration 5 research package",".deps\matplotlib\mpl-data\fonts\afm\phvro8an.afm","17877"
"5","Exploration 5 research package",".deps\matplotlib\mpl-data\fonts\afm\pncb8a.afm","16028"
"5","Exploration 5 research package",".deps\matplotlib\mpl-data\fonts\afm\pncbi8a.afm","17496"
"5","Exploration 5 research package",".deps\matplotlib\mpl-data\fonts\afm\pncr8a.afm","16665"
"5","Exploration 5 research package",".deps\matplotlib\mpl-data\fonts\afm\pncri8a.afm","16920"
"5","Exploration 5 research package",".deps\matplotlib\mpl-data\fonts\afm\pplb8a.afm","15662"
"5","Exploration 5 research package",".deps\matplotlib\mpl-data\fonts\afm\pplbi8a.afm","15810"
"5","Exploration 5 research package",".deps\matplotlib\mpl-data\fonts\afm\pplr8a.afm","15752"
"5","Exploration 5 research package",".deps\matplotlib\mpl-data\fonts\afm\pplri8a.afm","15733"
"5","Exploration 5 research package",".deps\matplotlib\mpl-data\fonts\afm\psyr.afm","9644"
"5","Exploration 5 research package",".deps\matplotlib\mpl-data\fonts\afm\ptmb8a.afm","17983"
"5","Exploration 5 research package",".deps\matplotlib\mpl-data\fonts\afm\ptmbi8a.afm","18070"
"5","Exploration 5 research package",".deps\matplotlib\mpl-data\fonts\afm\ptmr8a.afm","17942"
"5","Exploration 5 research package",".deps\matplotlib\mpl-data\fonts\afm\ptmri8a.afm","18068"
"5","Exploration 5 research package",".deps\matplotlib\mpl-data\fonts\afm\putb8a.afm","21532"
"5","Exploration 5 research package",".deps\matplotlib\mpl-data\fonts\afm\putbi8a.afm","21931"
"5","Exploration 5 research package",".deps\matplotlib\mpl-data\fonts\afm\putr8a.afm","22148"
"5","Exploration 5 research package",".deps\matplotlib\mpl-data\fonts\afm\putri8a.afm","21891"
"5","Exploration 5 research package",".deps\matplotlib\mpl-data\fonts\afm\pzcmi8a.afm","16250"
"5","Exploration 5 research package",".deps\matplotlib\mpl-data\fonts\afm\pzdr.afm","9467"
"5","Exploration 5 research package",".deps\matplotlib\mpl-data\fonts\pdfcorefonts\Courier-Bold.afm","15333"
"5","Exploration 5 research package",".deps\matplotlib\mpl-data\fonts\pdfcorefonts\Courier-BoldOblique.afm","15399"
"5","Exploration 5 research package",".deps\matplotlib\mpl-data\fonts\pdfcorefonts\Courier-Oblique.afm","15441"
"5","Exploration 5 research package",".deps\matplotlib\mpl-data\fonts\pdfcorefonts\Courier.afm","15335"
"5","Exploration 5 research package",".deps\matplotlib\mpl-data\fonts\pdfcorefonts\Helvetica-Bold.afm","69269"
"5","Exploration 5 research package",".deps\matplotlib\mpl-data\fonts\pdfcorefonts\Helvetica-BoldOblique.afm","69365"
"5","Exploration 5 research package",".deps\matplotlib\mpl-data\fonts\pdfcorefonts\Helvetica-Oblique.afm","74392"
"5","Exploration 5 research package",".deps\matplotlib\mpl-data\fonts\pdfcorefonts\Helvetica.afm","74292"
"5","Exploration 5 research package",".deps\matplotlib\mpl-data\fonts\pdfcorefonts\readme.txt","828"
"5","Exploration 5 research package",".deps\matplotlib\mpl-data\fonts\pdfcorefonts\Symbol.afm","9740"
"5","Exploration 5 research package",".deps\matplotlib\mpl-data\fonts\pdfcorefonts\Times-Bold.afm","64251"
"5","Exploration 5 research package",".deps\matplotlib\mpl-data\fonts\pdfcorefonts\Times-BoldItalic.afm","59642"
"5","Exploration 5 research package",".deps\matplotlib\mpl-data\fonts\pdfcorefonts\Times-Italic.afm","66328"
"5","Exploration 5 research package",".deps\matplotlib\mpl-data\fonts\pdfcorefonts\Times-Roman.afm","60460"
"5","Exploration 5 research package",".deps\matplotlib\mpl-data\fonts\pdfcorefonts\ZapfDingbats.afm","9527"
"5","Exploration 5 research package",".deps\matplotlib\mpl-data\fonts\ttf\cmb10.ttf","25680"
"5","Exploration 5 research package",".deps\matplotlib\mpl-data\fonts\ttf\cmex10.ttf","21092"
"5","Exploration 5 research package",".deps\matplotlib\mpl-data\fonts\ttf\cmmi10.ttf","32560"
"5","Exploration 5 research package",".deps\matplotlib\mpl-data\fonts\ttf\cmr10.ttf","26348"
"5","Exploration 5 research package",".deps\matplotlib\mpl-data\fonts\ttf\cmss10.ttf","20376"
"5","Exploration 5 research package",".deps\matplotlib\mpl-data\fonts\ttf\cmsy10.ttf","29396"
"5","Exploration 5 research package",".deps\matplotlib\mpl-data\fonts\ttf\cmti10.ttf","32808"
"5","Exploration 5 research package",".deps\matplotlib\mpl-data\fonts\ttf\cmtt10.ttf","28136"
"5","Exploration 5 research package",".deps\matplotlib\mpl-data\fonts\ttf\DejaVuSans-Bold.ttf","704128"
"5","Exploration 5 research package",".deps\matplotlib\mpl-data\fonts\ttf\DejaVuSans-BoldOblique.ttf","641720"
"5","Exploration 5 research package",".deps\matplotlib\mpl-data\fonts\ttf\DejaVuSans-Oblique.ttf","633840"
"5","Exploration 5 research package",".deps\matplotlib\mpl-data\fonts\ttf\DejaVuSans.ttf","756072"
"5","Exploration 5 research package",".deps\matplotlib\mpl-data\fonts\ttf\DejaVuSansDisplay.ttf","25712"
"5","Exploration 5 research package",".deps\matplotlib\mpl-data\fonts\ttf\DejaVuSansMono-Bold.ttf","331536"
"5","Exploration 5 research package",".deps\matplotlib\mpl-data\fonts\ttf\DejaVuSansMono-BoldOblique.ttf","253116"
"5","Exploration 5 research package",".deps\matplotlib\mpl-data\fonts\ttf\DejaVuSansMono-Oblique.ttf","251472"
"5","Exploration 5 research package",".deps\matplotlib\mpl-data\fonts\ttf\DejaVuSansMono.ttf","340240"
"5","Exploration 5 research package",".deps\matplotlib\mpl-data\fonts\ttf\DejaVuSerif-Bold.ttf","355692"
"5","Exploration 5 research package",".deps\matplotlib\mpl-data\fonts\ttf\DejaVuSerif-BoldItalic.ttf","347064"
"5","Exploration 5 research package",".deps\matplotlib\mpl-data\fonts\ttf\DejaVuSerif-Italic.ttf","345612"
"5","Exploration 5 research package",".deps\matplotlib\mpl-data\fonts\ttf\DejaVuSerif.ttf","379740"
"5","Exploration 5 research package",".deps\matplotlib\mpl-data\fonts\ttf\DejaVuSerifDisplay.ttf","14300"
"5","Exploration 5 research package",".deps\matplotlib\mpl-data\fonts\ttf\LastResortHE-Regular.ttf","564228"
"5","Exploration 5 research package",".deps\matplotlib\mpl-data\fonts\ttf\LICENSE_DEJAVU","4816"
"5","Exploration 5 research package",".deps\matplotlib\mpl-data\fonts\ttf\LICENSE_STIX","5476"
"5","Exploration 5 research package",".deps\matplotlib\mpl-data\fonts\ttf\STIXGeneral.ttf","448228"
"5","Exploration 5 research package",".deps\matplotlib\mpl-data\fonts\ttf\STIXGeneralBol.ttf","237360"
"5","Exploration 5 research package",".deps\matplotlib\mpl-data\fonts\ttf\STIXGeneralBolIta.ttf","181152"
"5","Exploration 5 research package",".deps\matplotlib\mpl-data\fonts\ttf\STIXGeneralItalic.ttf","175040"
"5","Exploration 5 research package",".deps\matplotlib\mpl-data\fonts\ttf\STIXNonUni.ttf","59108"
"5","Exploration 5 research package",".deps\matplotlib\mpl-data\fonts\ttf\STIXNonUniBol.ttf","30512"
"5","Exploration 5 research package",".deps\matplotlib\mpl-data\fonts\ttf\STIXNonUniBolIta.ttf","41272"
"5","Exploration 5 research package",".deps\matplotlib\mpl-data\fonts\ttf\STIXNonUniIta.ttf","46752"
"5","Exploration 5 research package",".deps\matplotlib\mpl-data\fonts\ttf\STIXSizFiveSymReg.ttf","13656"
"5","Exploration 5 research package",".deps\matplotlib\mpl-data\fonts\ttf\STIXSizFourSymBol.ttf","12228"
"5","Exploration 5 research package",".deps\matplotlib\mpl-data\fonts\ttf\STIXSizFourSymReg.ttf","15972"
"5","Exploration 5 research package",".deps\matplotlib\mpl-data\fonts\ttf\STIXSizOneSymBol.ttf","12556"
"5","Exploration 5 research package",".deps\matplotlib\mpl-data\fonts\ttf\STIXSizOneSymReg.ttf","19760"
"5","Exploration 5 research package",".deps\matplotlib\mpl-data\fonts\ttf\STIXSizThreeSymBol.ttf","12192"
"5","Exploration 5 research package",".deps\matplotlib\mpl-data\fonts\ttf\STIXSizThreeSymReg.ttf","15836"
"5","Exploration 5 research package",".deps\matplotlib\mpl-data\fonts\ttf\STIXSizTwoSymBol.ttf","12116"
"5","Exploration 5 research package",".deps\matplotlib\mpl-data\fonts\ttf\STIXSizTwoSymReg.ttf","15704"
"5","Exploration 5 research package",".deps\matplotlib\mpl-data\images\back_large.png","620"
"5","Exploration 5 research package",".deps\matplotlib\mpl-data\images\back-symbolic.svg","1532"
"5","Exploration 5 research package",".deps\matplotlib\mpl-data\images\back.pdf","1623"
"5","Exploration 5 research package",".deps\matplotlib\mpl-data\images\back.png","380"
"5","Exploration 5 research package",".deps\matplotlib\mpl-data\images\back.svg","1532"
"5","Exploration 5 research package",".deps\matplotlib\mpl-data\images\filesave_large.png","720"
"5","Exploration 5 research package",".deps\matplotlib\mpl-data\images\filesave-symbolic.svg","2049"
"5","Exploration 5 research package",".deps\matplotlib\mpl-data\images\filesave.pdf","1734"
"5","Exploration 5 research package",".deps\matplotlib\mpl-data\images\filesave.png","458"
"5","Exploration 5 research package",".deps\matplotlib\mpl-data\images\filesave.svg","2049"
"5","Exploration 5 research package",".deps\matplotlib\mpl-data\images\forward_large.png","593"
"5","Exploration 5 research package",".deps\matplotlib\mpl-data\images\forward-symbolic.svg","1551"
"5","Exploration 5 research package",".deps\matplotlib\mpl-data\images\forward.pdf","1630"
"5","Exploration 5 research package",".deps\matplotlib\mpl-data\images\forward.png","357"
"5","Exploration 5 research package",".deps\matplotlib\mpl-data\images\forward.svg","1551"
"5","Exploration 5 research package",".deps\matplotlib\mpl-data\images\hand.pdf","4172"
"5","Exploration 5 research package",".deps\matplotlib\mpl-data\images\hand.png","979"
"5","Exploration 5 research package",".deps\matplotlib\mpl-data\images\hand.svg","4906"
"5","Exploration 5 research package",".deps\matplotlib\mpl-data\images\help_large.png","747"
"5","Exploration 5 research package",".deps\matplotlib\mpl-data\images\help-symbolic.svg","1890"
"5","Exploration 5 research package",".deps\matplotlib\mpl-data\images\help.pdf","1813"
"5","Exploration 5 research package",".deps\matplotlib\mpl-data\images\help.png","472"
"5","Exploration 5 research package",".deps\matplotlib\mpl-data\images\help.svg","1890"
"5","Exploration 5 research package",".deps\matplotlib\mpl-data\images\home_large.png","790"
"5","Exploration 5 research package",".deps\matplotlib\mpl-data\images\home-symbolic.svg","1911"
"5","Exploration 5 research package",".deps\matplotlib\mpl-data\images\home.pdf","1737"
"5","Exploration 5 research package",".deps\matplotlib\mpl-data\images\home.png","468"
"5","Exploration 5 research package",".deps\matplotlib\mpl-data\images\home.svg","1911"
"5","Exploration 5 research package",".deps\matplotlib\mpl-data\images\matplotlib_large.png","3088"
"5","Exploration 5 research package",".deps\matplotlib\mpl-data\images\matplotlib.pdf","22852"
"5","Exploration 5 research package",".deps\matplotlib\mpl-data\images\matplotlib.png","1283"
"5","Exploration 5 research package",".deps\matplotlib\mpl-data\images\matplotlib.svg","62087"
"5","Exploration 5 research package",".deps\matplotlib\mpl-data\images\move_large.png","767"
"5","Exploration 5 research package",".deps\matplotlib\mpl-data\images\move-symbolic.svg","2529"
"5","Exploration 5 research package",".deps\matplotlib\mpl-data\images\move.pdf","1867"
"5","Exploration 5 research package",".deps\matplotlib\mpl-data\images\move.png","481"
"5","Exploration 5 research package",".deps\matplotlib\mpl-data\images\move.svg","2529"
"5","Exploration 5 research package",".deps\matplotlib\mpl-data\images\qt4_editor_options_large.png","619"
"5","Exploration 5 research package",".deps\matplotlib\mpl-data\images\qt4_editor_options.pdf","1568"
"5","Exploration 5 research package",".deps\matplotlib\mpl-data\images\qt4_editor_options.png","380"
"5","Exploration 5 research package",".deps\matplotlib\mpl-data\images\qt4_editor_options.svg","1264"
"5","Exploration 5 research package",".deps\matplotlib\mpl-data\images\subplots_large.png","662"
"5","Exploration 5 research package",".deps\matplotlib\mpl-data\images\subplots-symbolic.svg","2150"
"5","Exploration 5 research package",".deps\matplotlib\mpl-data\images\subplots.pdf","1714"
"5","Exploration 5 research package",".deps\matplotlib\mpl-data\images\subplots.png","445"
"5","Exploration 5 research package",".deps\matplotlib\mpl-data\images\subplots.svg","2150"
"5","Exploration 5 research package",".deps\matplotlib\mpl-data\images\zoom_to_rect_large.png","1016"
"5","Exploration 5 research package",".deps\matplotlib\mpl-data\images\zoom_to_rect-symbolic.svg","1499"
"5","Exploration 5 research package",".deps\matplotlib\mpl-data\images\zoom_to_rect.pdf","1609"
"5","Exploration 5 research package",".deps\matplotlib\mpl-data\images\zoom_to_rect.png","530"
"5","Exploration 5 research package",".deps\matplotlib\mpl-data\images\zoom_to_rect.svg","1499"
"5","Exploration 5 research package",".deps\matplotlib\mpl-data\kpsewhich.lua","189"
"5","Exploration 5 research package",".deps\matplotlib\mpl-data\matplotlibrc","46167"
"5","Exploration 5 research package",".deps\matplotlib\mpl-data\plot_directive\plot_directive.css","318"
"5","Exploration 5 research package",".deps\matplotlib\mpl-data\sample_data\axes_grid\bivariate_normal.npy","1880"
"5","Exploration 5 research package",".deps\matplotlib\mpl-data\sample_data\data_x_x2_x3.csv","132"
"5","Exploration 5 research package",".deps\matplotlib\mpl-data\sample_data\eeg.dat","25600"
"5","Exploration 5 research package",".deps\matplotlib\mpl-data\sample_data\embedding_in_wx3.xrc","2186"
"5","Exploration 5 research package",".deps\matplotlib\mpl-data\sample_data\goog.npz","22845"
"5","Exploration 5 research package",".deps\matplotlib\mpl-data\sample_data\grace_hopper.jpg","61306"
"5","Exploration 5 research package",".deps\matplotlib\mpl-data\sample_data\jacksboro_fault_dem.npz","174061"
"5","Exploration 5 research package",".deps\matplotlib\mpl-data\sample_data\logo2.png","22279"
"5","Exploration 5 research package",".deps\matplotlib\mpl-data\sample_data\membrane.dat","48000"
"5","Exploration 5 research package",".deps\matplotlib\mpl-data\sample_data\Minduka_Present_Blue_Pack.png","13634"
"5","Exploration 5 research package",".deps\matplotlib\mpl-data\sample_data\msft.csv","3211"
"5","Exploration 5 research package",".deps\matplotlib\mpl-data\sample_data\README.txt","128"
"5","Exploration 5 research package",".deps\matplotlib\mpl-data\sample_data\s1045.ima.gz","33229"
"5","Exploration 5 research package",".deps\matplotlib\mpl-data\sample_data\Stocks.csv","67924"
"5","Exploration 5 research package",".deps\matplotlib\mpl-data\sample_data\topobathy.npz","45224"
"5","Exploration 5 research package",".deps\matplotlib\mpl-data\stylelib\_classic_test_patch.mplstyle","184"
"5","Exploration 5 research package",".deps\matplotlib\mpl-data\stylelib\_mpl-gallery-nogrid.mplstyle","489"
"5","Exploration 5 research package",".deps\matplotlib\mpl-data\stylelib\_mpl-gallery.mplstyle","504"
"5","Exploration 5 research package",".deps\matplotlib\mpl-data\stylelib\bmh.mplstyle","687"
"5","Exploration 5 research package",".deps\matplotlib\mpl-data\stylelib\classic.mplstyle","24591"
"5","Exploration 5 research package",".deps\matplotlib\mpl-data\stylelib\dark_background.mplstyle","607"
"5","Exploration 5 research package",".deps\matplotlib\mpl-data\stylelib\fast.mplstyle","288"
"5","Exploration 5 research package",".deps\matplotlib\mpl-data\stylelib\fivethirtyeight.mplstyle","780"
"5","Exploration 5 research package",".deps\matplotlib\mpl-data\stylelib\ggplot.mplstyle","956"
"5","Exploration 5 research package",".deps\matplotlib\mpl-data\stylelib\grayscale.mplstyle","526"
"5","Exploration 5 research package",".deps\matplotlib\mpl-data\stylelib\petroff10.mplstyle","298"
"5","Exploration 5 research package",".deps\matplotlib\mpl-data\stylelib\petroff6.mplstyle","258"
"5","Exploration 5 research package",".deps\matplotlib\mpl-data\stylelib\petroff8.mplstyle","278"
"5","Exploration 5 research package",".deps\matplotlib\mpl-data\stylelib\seaborn-v0_8-bright.mplstyle","144"
"5","Exploration 5 research package",".deps\matplotlib\mpl-data\stylelib\seaborn-v0_8-colorblind.mplstyle","148"
"5","Exploration 5 research package",".deps\matplotlib\mpl-data\stylelib\seaborn-v0_8-dark-palette.mplstyle","142"
"5","Exploration 5 research package",".deps\matplotlib\mpl-data\stylelib\seaborn-v0_8-dark.mplstyle","667"
"5","Exploration 5 research package",".deps\matplotlib\mpl-data\stylelib\seaborn-v0_8-darkgrid.mplstyle","670"
"5","Exploration 5 research package",".deps\matplotlib\mpl-data\stylelib\seaborn-v0_8-deep.mplstyle","142"
"5","Exploration 5 research package",".deps\matplotlib\mpl-data\stylelib\seaborn-v0_8-muted.mplstyle","143"
"5","Exploration 5 research package",".deps\matplotlib\mpl-data\stylelib\seaborn-v0_8-notebook.mplstyle","382"
"5","Exploration 5 research package",".deps\matplotlib\mpl-data\stylelib\seaborn-v0_8-paper.mplstyle","393"
"5","Exploration 5 research package",".deps\matplotlib\mpl-data\stylelib\seaborn-v0_8-pastel.mplstyle","144"
"5","Exploration 5 research package",".deps\matplotlib\mpl-data\stylelib\seaborn-v0_8-poster.mplstyle","403"
"5","Exploration 5 research package",".deps\matplotlib\mpl-data\stylelib\seaborn-v0_8-talk.mplstyle","403"
"5","Exploration 5 research package",".deps\matplotlib\mpl-data\stylelib\seaborn-v0_8-ticks.mplstyle","665"
"5","Exploration 5 research package",".deps\matplotlib\mpl-data\stylelib\seaborn-v0_8-white.mplstyle","665"
"5","Exploration 5 research package",".deps\matplotlib\mpl-data\stylelib\seaborn-v0_8-whitegrid.mplstyle","664"
"5","Exploration 5 research package",".deps\matplotlib\mpl-data\stylelib\seaborn-v0_8.mplstyle","1130"
"5","Exploration 5 research package",".deps\matplotlib\mpl-data\stylelib\Solarize_Light2.mplstyle","1258"
"5","Exploration 5 research package",".deps\matplotlib\mpl-data\stylelib\tableau-colorblind10.mplstyle","190"
"5","Exploration 5 research package",".deps\matplotlib\offsetbox.py","57758"
"5","Exploration 5 research package",".deps\matplotlib\offsetbox.pyi","9946"
"5","Exploration 5 research package",".deps\matplotlib\patches.py","171468"
"5","Exploration 5 research package",".deps\matplotlib\patches.pyi","23267"
"5","Exploration 5 research package",".deps\matplotlib\path.py","43936"
"5","Exploration 5 research package",".deps\matplotlib\path.pyi","4808"
"5","Exploration 5 research package",".deps\matplotlib\patheffects.py","18443"
"5","Exploration 5 research package",".deps\matplotlib\patheffects.pyi","3664"
"5","Exploration 5 research package",".deps\matplotlib\projections\__init__.py","4467"
"5","Exploration 5 research package",".deps\matplotlib\projections\__init__.pyi","673"
"5","Exploration 5 research package",".deps\matplotlib\projections\__pycache__\__init__.cpython-312.pyc","5490"
"5","Exploration 5 research package",".deps\matplotlib\projections\__pycache__\geo.cpython-312.pyc","29810"
"5","Exploration 5 research package",".deps\matplotlib\projections\__pycache__\polar.cpython-312.pyc","73792"
"5","Exploration 5 research package",".deps\matplotlib\projections\geo.py","17605"
"5","Exploration 5 research package",".deps\matplotlib\projections\geo.pyi","3775"
"5","Exploration 5 research package",".deps\matplotlib\projections\polar.py","55135"
"5","Exploration 5 research package",".deps\matplotlib\projections\polar.pyi","6636"
"5","Exploration 5 research package",".deps\matplotlib\py.typed","0"
"5","Exploration 5 research package",".deps\matplotlib\pylab.py","2369"
"5","Exploration 5 research package",".deps\matplotlib\pyplot.py","155851"
"5","Exploration 5 research package",".deps\matplotlib\quiver.py","49106"
"5","Exploration 5 research package",".deps\matplotlib\quiver.pyi","5795"
"5","Exploration 5 research package",".deps\matplotlib\rcsetup.py","119207"
"5","Exploration 5 research package",".deps\matplotlib\rcsetup.pyi","4621"
"5","Exploration 5 research package",".deps\matplotlib\sankey.py","36151"
"5","Exploration 5 research package",".deps\matplotlib\sankey.pyi","1427"
"5","Exploration 5 research package",".deps\matplotlib\scale.py","35495"
"5","Exploration 5 research package",".deps\matplotlib\scale.pyi","5349"
"5","Exploration 5 research package",".deps\matplotlib\sphinxext\__init__.py","0"
"5","Exploration 5 research package",".deps\matplotlib\sphinxext\__pycache__\__init__.cpython-312.pyc","193"
"5","Exploration 5 research package",".deps\matplotlib\sphinxext\__pycache__\figmpl_directive.cpython-312.pyc","11145"
"5","Exploration 5 research package",".deps\matplotlib\sphinxext\__pycache__\mathmpl.cpython-312.pyc","11059"
"5","Exploration 5 research package",".deps\matplotlib\sphinxext\__pycache__\plot_directive.cpython-312.pyc","40516"
"5","Exploration 5 research package",".deps\matplotlib\sphinxext\__pycache__\roles.cpython-312.pyc","6746"
"5","Exploration 5 research package",".deps\matplotlib\sphinxext\figmpl_directive.py","9308"
"5","Exploration 5 research package",".deps\matplotlib\sphinxext\mathmpl.py","7871"
"5","Exploration 5 research package",".deps\matplotlib\sphinxext\plot_directive.py","35592"
"5","Exploration 5 research package",".deps\matplotlib\sphinxext\roles.py","5609"
"5","Exploration 5 research package",".deps\matplotlib\spines.py","22227"
"5","Exploration 5 research package",".deps\matplotlib\spines.pyi","2951"
"5","Exploration 5 research package",".deps\matplotlib\stackplot.py","4833"
"5","Exploration 5 research package",".deps\matplotlib\stackplot.pyi","561"
"5","Exploration 5 research package",".deps\matplotlib\streamplot.py","26778"
"5","Exploration 5 research package",".deps\matplotlib\streamplot.pyi","2815"
"5","Exploration 5 research package",".deps\matplotlib\style\__init__.py","8970"
"5","Exploration 5 research package",".deps\matplotlib\style\__init__.pyi","494"
"5","Exploration 5 research package",".deps\matplotlib\style\__pycache__\__init__.cpython-312.pyc","10692"
"5","Exploration 5 research package",".deps\matplotlib\style\__pycache__\core.cpython-312.pyc","1050"
"5","Exploration 5 research package",".deps\matplotlib\style\core.py","799"
"5","Exploration 5 research package",".deps\matplotlib\style\core.pyi","674"
"5","Exploration 5 research package",".deps\matplotlib\table.py","28171"
"5","Exploration 5 research package",".deps\matplotlib\table.pyi","3083"
"5","Exploration 5 research package",".deps\matplotlib\testing\__init__.py","10455"
"5","Exploration 5 research package",".deps\matplotlib\testing\__init__.pyi","1851"
"5","Exploration 5 research package",".deps\matplotlib\testing\__pycache__\__init__.cpython-312.pyc","11936"
"5","Exploration 5 research package",".deps\matplotlib\testing\__pycache__\_markers.cpython-312.pyc","2425"
"5","Exploration 5 research package",".deps\matplotlib\testing\__pycache__\compare.cpython-312.pyc","25726"
"5","Exploration 5 research package",".deps\matplotlib\testing\__pycache__\conftest.cpython-312.pyc","9008"
"5","Exploration 5 research package",".deps\matplotlib\testing\__pycache__\decorators.cpython-312.pyc","23789"
"5","Exploration 5 research package",".deps\matplotlib\testing\__pycache__\exceptions.cpython-312.pyc","495"
"5","Exploration 5 research package",".deps\matplotlib\testing\__pycache__\widgets.cpython-312.pyc","5105"
"5","Exploration 5 research package",".deps\matplotlib\testing\_markers.py","1419"
"5","Exploration 5 research package",".deps\matplotlib\testing\compare.py","20277"
"5","Exploration 5 research package",".deps\matplotlib\testing\compare.pyi","1238"
"5","Exploration 5 research package",".deps\matplotlib\testing\conftest.py","7335"
"5","Exploration 5 research package",".deps\matplotlib\testing\conftest.pyi","490"
"5","Exploration 5 research package",".deps\matplotlib\testing\decorators.py","18592"
"5","Exploration 5 research package",".deps\matplotlib\testing\decorators.pyi","879"
"5","Exploration 5 research package",".deps\matplotlib\testing\exceptions.py","138"
"5","Exploration 5 research package",".deps\matplotlib\testing\jpl_units\__init__.py","2684"
"5","Exploration 5 research package",".deps\matplotlib\testing\jpl_units\__pycache__\__init__.cpython-312.pyc","3112"
"5","Exploration 5 research package",".deps\matplotlib\testing\jpl_units\__pycache__\Duration.cpython-312.pyc","6303"
"5","Exploration 5 research package",".deps\matplotlib\testing\jpl_units\__pycache__\Epoch.cpython-312.pyc","8087"
"5","Exploration 5 research package",".deps\matplotlib\testing\jpl_units\__pycache__\EpochConverter.cpython-312.pyc","4297"
"5","Exploration 5 research package",".deps\matplotlib\testing\jpl_units\__pycache__\StrConverter.cpython-312.pyc","3191"
"5","Exploration 5 research package",".deps\matplotlib\testing\jpl_units\__pycache__\UnitDbl.cpython-312.pyc","8040"
"5","Exploration 5 research package",".deps\matplotlib\testing\jpl_units\__pycache__\UnitDblConverter.cpython-312.pyc","3335"
"5","Exploration 5 research package",".deps\matplotlib\testing\jpl_units\__pycache__\UnitDblFormatter.cpython-312.pyc","1249"
"5","Exploration 5 research package",".deps\matplotlib\testing\jpl_units\Duration.py","3966"
"5","Exploration 5 research package",".deps\matplotlib\testing\jpl_units\Epoch.py","6100"
"5","Exploration 5 research package",".deps\matplotlib\testing\jpl_units\EpochConverter.py","2944"
"5","Exploration 5 research package",".deps\matplotlib\testing\jpl_units\StrConverter.py","2865"
"5","Exploration 5 research package",".deps\matplotlib\testing\jpl_units\UnitDbl.py","5886"
"5","Exploration 5 research package",".deps\matplotlib\testing\jpl_units\UnitDblConverter.py","2828"
"5","Exploration 5 research package",".deps\matplotlib\testing\jpl_units\UnitDblFormatter.py","658"
"5","Exploration 5 research package",".deps\matplotlib\testing\widgets.py","3671"
"5","Exploration 5 research package",".deps\matplotlib\testing\widgets.pyi","831"
"5","Exploration 5 research package",".deps\matplotlib\tests\__init__.py","366"
"5","Exploration 5 research package",".deps\matplotlib\tests\__pycache__\__init__.cpython-312.pyc","594"
"5","Exploration 5 research package",".deps\matplotlib\tests\__pycache__\conftest.cpython-312.pyc","405"
"5","Exploration 5 research package",".deps\matplotlib\tests\__pycache__\test_afm.cpython-312.pyc","5984"
"5","Exploration 5 research package",".deps\matplotlib\tests\__pycache__\test_agg_filter.cpython-312.pyc","1462"
"5","Exploration 5 research package",".deps\matplotlib\tests\__pycache__\test_agg.cpython-312.pyc","23254"
"5","Exploration 5 research package",".deps\matplotlib\tests\__pycache__\test_animation.cpython-312.pyc","27524"
"5","Exploration 5 research package",".deps\matplotlib\tests\__pycache__\test_api.cpython-312.pyc","12911"
"5","Exploration 5 research package",".deps\matplotlib\tests\__pycache__\test_arrow_patches.cpython-312.pyc","10586"
"5","Exploration 5 research package",".deps\matplotlib\tests\__pycache__\test_artist.cpython-312.pyc","32090"
"5","Exploration 5 research package",".deps\matplotlib\tests\__pycache__\test_axes.cpython-312.pyc","613907"
"5","Exploration 5 research package",".deps\matplotlib\tests\__pycache__\test_axis.cpython-312.pyc","8861"
"5","Exploration 5 research package",".deps\matplotlib\tests\__pycache__\test_backend_bases.cpython-312.pyc","35278"
"5","Exploration 5 research package",".deps\matplotlib\tests\__pycache__\test_backend_cairo.cpython-312.pyc","2673"
"5","Exploration 5 research package",".deps\matplotlib\tests\__pycache__\test_backend_gtk3.cpython-312.pyc","2315"
"5","Exploration 5 research package",".deps\matplotlib\tests\__pycache__\test_backend_inline.cpython-312.pyc","2556"
"5","Exploration 5 research package",".deps\matplotlib\tests\__pycache__\test_backend_macosx.cpython-312.pyc","6326"
"5","Exploration 5 research package",".deps\matplotlib\tests\__pycache__\test_backend_nbagg.cpython-312.pyc","2237"
"5","Exploration 5 research package",".deps\matplotlib\tests\__pycache__\test_backend_pdf.cpython-312.pyc","39137"
"5","Exploration 5 research package",".deps\matplotlib\tests\__pycache__\test_backend_pgf.cpython-312.pyc","23956"
"5","Exploration 5 research package",".deps\matplotlib\tests\__pycache__\test_backend_ps.cpython-312.pyc","22922"
"5","Exploration 5 research package",".deps\matplotlib\tests\__pycache__\test_backend_qt.cpython-312.pyc","19516"
"5","Exploration 5 research package",".deps\matplotlib\tests\__pycache__\test_backend_registry.cpython-312.pyc","7661"
"5","Exploration 5 research package",".deps\matplotlib\tests\__pycache__\test_backend_svg.cpython-312.pyc","37616"
"5","Exploration 5 research package",".deps\matplotlib\tests\__pycache__\test_backend_template.cpython-312.pyc","3771"
"5","Exploration 5 research package",".deps\matplotlib\tests\__pycache__\test_backend_tk.cpython-312.pyc","16374"
"5","Exploration 5 research package",".deps\matplotlib\tests\__pycache__\test_backend_tools.cpython-312.pyc","847"
"5","Exploration 5 research package",".deps\matplotlib\tests\__pycache__\test_backend_webagg.cpython-312.pyc","3939"
"5","Exploration 5 research package",".deps\matplotlib\tests\__pycache__\test_backends_interactive.cpython-312.pyc","40441"
"5","Exploration 5 research package",".deps\matplotlib\tests\__pycache__\test_basic.cpython-312.pyc","1812"
"5","Exploration 5 research package",".deps\matplotlib\tests\__pycache__\test_bbox_tight.cpython-312.pyc","11219"
"5","Exploration 5 research package",".deps\matplotlib\tests\__pycache__\test_bezier.cpython-312.pyc","2178"
"5","Exploration 5 research package",".deps\matplotlib\tests\__pycache__\test_category.cpython-312.pyc","23973"
"5","Exploration 5 research package",".deps\matplotlib\tests\__pycache__\test_cbook.cpython-312.pyc","68273"
"5","Exploration 5 research package",".deps\matplotlib\tests\__pycache__\test_collections.cpython-312.pyc","89267"
"5","Exploration 5 research package",".deps\matplotlib\tests\__pycache__\test_colorbar.cpython-312.pyc","74844"
"5","Exploration 5 research package",".deps\matplotlib\tests\__pycache__\test_colors.cpython-312.pyc","127298"
"5","Exploration 5 research package",".deps\matplotlib\tests\__pycache__\test_compare_images.cpython-312.pyc","4474"
"5","Exploration 5 research package",".deps\matplotlib\tests\__pycache__\test_constrainedlayout.cpython-312.pyc","48856"
"5","Exploration 5 research package",".deps\matplotlib\tests\__pycache__\test_container.cpython-312.pyc","4133"
"5","Exploration 5 research package",".deps\matplotlib\tests\__pycache__\test_contour.cpython-312.pyc","57715"
"5","Exploration 5 research package",".deps\matplotlib\tests\__pycache__\test_cycles.cpython-312.pyc","13405"
"5","Exploration 5 research package",".deps\matplotlib\tests\__pycache__\test_dates.cpython-312.pyc","81072"
"5","Exploration 5 research package",".deps\matplotlib\tests\__pycache__\test_datetime.cpython-312.pyc","58938"
"5","Exploration 5 research package",".deps\matplotlib\tests\__pycache__\test_determinism.cpython-312.pyc","12290"
"5","Exploration 5 research package",".deps\matplotlib\tests\__pycache__\test_doc.cpython-312.pyc","1370"
"5","Exploration 5 research package",".deps\matplotlib\tests\__pycache__\test_dviread.cpython-312.pyc","8284"
"5","Exploration 5 research package",".deps\matplotlib\tests\__pycache__\test_figure.cpython-312.pyc","112674"
"5","Exploration 5 research package",".deps\matplotlib\tests\__pycache__\test_font_manager.cpython-312.pyc","34301"
"5","Exploration 5 research package",".deps\matplotlib\tests\__pycache__\test_fontconfig_pattern.cpython-312.pyc","2893"
"5","Exploration 5 research package",".deps\matplotlib\tests\__pycache__\test_ft2font.cpython-312.pyc","54357"
"5","Exploration 5 research package",".deps\matplotlib\tests\__pycache__\test_getattr.cpython-312.pyc","3631"
"5","Exploration 5 research package",".deps\matplotlib\tests\__pycache__\test_gridspec.cpython-312.pyc","4572"
"5","Exploration 5 research package",".deps\matplotlib\tests\__pycache__\test_image.cpython-312.pyc","119486"
"5","Exploration 5 research package",".deps\matplotlib\tests\__pycache__\test_legend.cpython-312.pyc","113157"
"5","Exploration 5 research package",".deps\matplotlib\tests\__pycache__\test_lines.cpython-312.pyc","25268"
"5","Exploration 5 research package",".deps\matplotlib\tests\__pycache__\test_marker.cpython-312.pyc","16463"
"5","Exploration 5 research package",".deps\matplotlib\tests\__pycache__\test_mathtext.cpython-312.pyc","32562"
"5","Exploration 5 research package",".deps\matplotlib\tests\__pycache__\test_matplotlib.cpython-312.pyc","7883"
"5","Exploration 5 research package",".deps\matplotlib\tests\__pycache__\test_mlab.cpython-312.pyc","60546"
"5","Exploration 5 research package",".deps\matplotlib\tests\__pycache__\test_multivariate_colormaps.cpython-312.pyc","32748"
"5","Exploration 5 research package",".deps\matplotlib\tests\__pycache__\test_offsetbox.cpython-312.pyc","23543"
"5","Exploration 5 research package",".deps\matplotlib\tests\__pycache__\test_patches.cpython-312.pyc","58726"
"5","Exploration 5 research package",".deps\matplotlib\tests\__pycache__\test_path.cpython-312.pyc","38208"
"5","Exploration 5 research package",".deps\matplotlib\tests\__pycache__\test_patheffects.cpython-312.pyc","14404"
"5","Exploration 5 research package",".deps\matplotlib\tests\__pycache__\test_pickle.cpython-312.pyc","19386"
"5","Exploration 5 research package",".deps\matplotlib\tests\__pycache__\test_png.cpython-312.pyc","3081"
"5","Exploration 5 research package",".deps\matplotlib\tests\__pycache__\test_polar.cpython-312.pyc","36871"
"5","Exploration 5 research package",".deps\matplotlib\tests\__pycache__\test_preprocess_data.cpython-312.pyc","14285"
"5","Exploration 5 research package",".deps\matplotlib\tests\__pycache__\test_pyplot.cpython-312.pyc","29641"
"5","Exploration 5 research package",".deps\matplotlib\tests\__pycache__\test_quiver.cpython-312.pyc","22375"
"5","Exploration 5 research package",".deps\matplotlib\tests\__pycache__\test_rcparams.cpython-312.pyc","33089"
"5","Exploration 5 research package",".deps\matplotlib\tests\__pycache__\test_sankey.cpython-312.pyc","6039"
"5","Exploration 5 research package",".deps\matplotlib\tests\__pycache__\test_scale.cpython-312.pyc","27780"
"5","Exploration 5 research package",".deps\matplotlib\tests\__pycache__\test_simplification.cpython-312.pyc","34288"
"5","Exploration 5 research package",".deps\matplotlib\tests\__pycache__\test_skew.cpython-312.pyc","9868"
"5","Exploration 5 research package",".deps\matplotlib\tests\__pycache__\test_sphinxext.cpython-312.pyc","13240"
"5","Exploration 5 research package",".deps\matplotlib\tests\__pycache__\test_spines.cpython-312.pyc","13490"
"5","Exploration 5 research package",".deps\matplotlib\tests\__pycache__\test_streamplot.cpython-312.pyc","15213"
"5","Exploration 5 research package",".deps\matplotlib\tests\__pycache__\test_style.cpython-312.pyc","12934"
"5","Exploration 5 research package",".deps\matplotlib\tests\__pycache__\test_subplots.cpython-312.pyc","16136"
"5","Exploration 5 research package",".deps\matplotlib\tests\__pycache__\test_table.cpython-312.pyc","14014"
"5","Exploration 5 research package",".deps\matplotlib\tests\__pycache__\test_testing.cpython-312.pyc","2044"
"5","Exploration 5 research package",".deps\matplotlib\tests\__pycache__\test_texmanager.cpython-312.pyc","3805"
"5","Exploration 5 research package",".deps\matplotlib\tests\__pycache__\test_text.cpython-312.pyc","68938"
"5","Exploration 5 research package",".deps\matplotlib\tests\__pycache__\test_textpath.cpython-312.pyc","859"
"5","Exploration 5 research package",".deps\matplotlib\tests\__pycache__\test_ticker.cpython-312.pyc","108355"
"5","Exploration 5 research package",".deps\matplotlib\tests\__pycache__\test_tightlayout.cpython-312.pyc","22391"
"5","Exploration 5 research package",".deps\matplotlib\tests\__pycache__\test_transforms.cpython-312.pyc","79158"
"5","Exploration 5 research package",".deps\matplotlib\tests\__pycache__\test_triangulation.cpython-312.pyc","78103"
"5","Exploration 5 research package",".deps\matplotlib\tests\__pycache__\test_type1font.cpython-312.pyc","10672"
"5","Exploration 5 research package",".deps\matplotlib\tests\__pycache__\test_units.cpython-312.pyc","22618"
"5","Exploration 5 research package",".deps\matplotlib\tests\__pycache__\test_usetex.cpython-312.pyc","14771"
"5","Exploration 5 research package",".deps\matplotlib\tests\__pycache__\test_widgets.cpython-312.pyc","92158"
"5","Exploration 5 research package",".deps\matplotlib\tests\conftest.py","155"
"5","Exploration 5 research package",".deps\matplotlib\tests\test_afm.py","4072"
"5","Exploration 5 research package",".deps\matplotlib\tests\test_agg_filter.py","984"
"5","Exploration 5 research package",".deps\matplotlib\tests\test_agg.py","12561"
"5","Exploration 5 research package",".deps\matplotlib\tests\test_animation.py","18024"
"5","Exploration 5 research package",".deps\matplotlib\tests\test_api.py","6494"
"5","Exploration 5 research package",".deps\matplotlib\tests\test_arrow_patches.py","7988"
"5","Exploration 5 research package",".deps\matplotlib\tests\test_artist.py","19290"
"5","Exploration 5 research package",".deps\matplotlib\tests\test_axes.py","355466"
"5","Exploration 5 research package",".deps\matplotlib\tests\test_axis.py","5165"
"5","Exploration 5 research package",".deps\matplotlib\tests\test_backend_bases.py","22744"
"5","Exploration 5 research package",".deps\matplotlib\tests\test_backend_cairo.py","1958"
"5","Exploration 5 research package",".deps\matplotlib\tests\test_backend_gtk3.py","1154"
"5","Exploration 5 research package",".deps\matplotlib\tests\test_backend_inline.py","1613"
"5","Exploration 5 research package",".deps\matplotlib\tests\test_backend_macosx.py","3654"
"5","Exploration 5 research package",".deps\matplotlib\tests\test_backend_nbagg.py","1464"
"5","Exploration 5 research package",".deps\matplotlib\tests\test_backend_pdf.py","24977"
"5","Exploration 5 research package",".deps\matplotlib\tests\test_backend_pgf.py","14466"
"5","Exploration 5 research package",".deps\matplotlib\tests\test_backend_ps.py","14127"
"5","Exploration 5 research package",".deps\matplotlib\tests\test_backend_qt.py","13083"
"5","Exploration 5 research package",".deps\matplotlib\tests\test_backend_registry.py","5517"
"5","Exploration 5 research package",".deps\matplotlib\tests\test_backend_svg.py","23081"
"5","Exploration 5 research package",".deps\matplotlib\tests\test_backend_template.py","2184"
"5","Exploration 5 research package",".deps\matplotlib\tests\test_backend_tk.py","10729"
"5","Exploration 5 research package",".deps\matplotlib\tests\test_backend_tools.py","501"
"5","Exploration 5 research package",".deps\matplotlib\tests\test_backend_webagg.py","2880"
"5","Exploration 5 research package",".deps\matplotlib\tests\test_backends_interactive.py","30009"
"5","Exploration 5 research package",".deps\matplotlib\tests\test_basic.py","1117"
"5","Exploration 5 research package",".deps\matplotlib\tests\test_bbox_tight.py","7181"
"5","Exploration 5 research package",".deps\matplotlib\tests\test_bezier.py","1719"
"5","Exploration 5 research package",".deps\matplotlib\tests\test_category.py","12025"
"5","Exploration 5 research package",".deps\matplotlib\tests\test_cbook.py","39686"
"5","Exploration 5 research package",".deps\matplotlib\tests\test_collections.py","55601"
"5","Exploration 5 research package",".deps\matplotlib\tests\test_colorbar.py","47196"
"5","Exploration 5 research package",".deps\matplotlib\tests\test_colors.py","80649"
"5","Exploration 5 research package",".deps\matplotlib\tests\test_compare_images.py","4592"
"5","Exploration 5 research package",".deps\matplotlib\tests\test_constrainedlayout.py","28421"
"5","Exploration 5 research package",".deps\matplotlib\tests\test_container.py","1957"
"5","Exploration 5 research package",".deps\matplotlib\tests\test_contour.py","32367"
"5","Exploration 5 research package",".deps\matplotlib\tests\test_cycles.py","5996"
"5","Exploration 5 research package",".deps\matplotlib\tests\test_dates.py","56606"
"5","Exploration 5 research package",".deps\matplotlib\tests\test_datetime.py","33143"
"5","Exploration 5 research package",".deps\matplotlib\tests\test_determinism.py","8453"
"5","Exploration 5 research package",".deps\matplotlib\tests\test_doc.py","1024"
"5","Exploration 5 research package",".deps\matplotlib\tests\test_dviread.py","5434"
"5","Exploration 5 research package",".deps\matplotlib\tests\test_figure.py","62502"
"5","Exploration 5 research package",".deps\matplotlib\tests\test_font_manager.py","23012"
"5","Exploration 5 research package",".deps\matplotlib\tests\test_fontconfig_pattern.py","2168"
"5","Exploration 5 research package",".deps\matplotlib\tests\test_ft2font.py","44833"
"5","Exploration 5 research package",".deps\matplotlib\tests\test_getattr.py","2148"
"5","Exploration 5 research package",".deps\matplotlib\tests\test_gridspec.py","2212"
"5","Exploration 5 research package",".deps\matplotlib\tests\test_image.py","72399"
"5","Exploration 5 research package",".deps\matplotlib\tests\test_legend.py","66808"
"5","Exploration 5 research package",".deps\matplotlib\tests\test_lines.py","13718"
"5","Exploration 5 research package",".deps\matplotlib\tests\test_marker.py","11505"
"5","Exploration 5 research package",".deps\matplotlib\tests\test_mathtext.py","27629"
"5","Exploration 5 research package",".deps\matplotlib\tests\test_matplotlib.py","5252"
"5","Exploration 5 research package",".deps\matplotlib\tests\test_mlab.py","42740"
"5","Exploration 5 research package",".deps\matplotlib\tests\test_multivariate_colormaps.py","22004"
"5","Exploration 5 research package",".deps\matplotlib\tests\test_offsetbox.py","18061"
"5","Exploration 5 research package",".deps\matplotlib\tests\test_patches.py","40579"
"5","Exploration 5 research package",".deps\matplotlib\tests\test_path.py","25154"
"5","Exploration 5 research package",".deps\matplotlib\tests\test_patheffects.py","8611"
"5","Exploration 5 research package",".deps\matplotlib\tests\test_pickle.py","9586"
"5","Exploration 5 research package",".deps\matplotlib\tests\test_png.py","1272"
"5","Exploration 5 research package",".deps\matplotlib\tests\test_polar.py","22224"
"5","Exploration 5 research package",".deps\matplotlib\tests\test_preprocess_data.py","11327"
"5","Exploration 5 research package",".deps\matplotlib\tests\test_pyplot.py","16820"
"5","Exploration 5 research package",".deps\matplotlib\tests\test_quiver.py","12193"
"5","Exploration 5 research package",".deps\matplotlib\tests\test_rcparams.py","27232"
"5","Exploration 5 research package",".deps\matplotlib\tests\test_sankey.py","3883"
"5","Exploration 5 research package",".deps\matplotlib\tests\test_scale.py","15545"
"5","Exploration 5 research package",".deps\matplotlib\tests\test_simplification.py","21852"
"5","Exploration 5 research package",".deps\matplotlib\tests\test_skew.py","6397"
"5","Exploration 5 research package",".deps\matplotlib\tests\test_sphinxext.py","11743"
"5","Exploration 5 research package",".deps\matplotlib\tests\test_spines.py","6583"
"5","Exploration 5 research package",".deps\matplotlib\tests\test_streamplot.py","8150"
"5","Exploration 5 research package",".deps\matplotlib\tests\test_style.py","7040"
"5","Exploration 5 research package",".deps\matplotlib\tests\test_subplots.py","11061"
"5","Exploration 5 research package",".deps\matplotlib\tests\test_table.py","8678"
"5","Exploration 5 research package",".deps\matplotlib\tests\test_testing.py","865"
"5","Exploration 5 research package",".deps\matplotlib\tests\test_texmanager.py","2678"
"5","Exploration 5 research package",".deps\matplotlib\tests\test_text.py","45636"
"5","Exploration 5 research package",".deps\matplotlib\tests\test_textpath.py","271"
"5","Exploration 5 research package",".deps\matplotlib\tests\test_ticker.py","78180"
"5","Exploration 5 research package",".deps\matplotlib\tests\test_tightlayout.py","13974"
"5","Exploration 5 research package",".deps\matplotlib\tests\test_transforms.py","48750"
"5","Exploration 5 research package",".deps\matplotlib\tests\test_triangulation.py","55368"
"5","Exploration 5 research package",".deps\matplotlib\tests\test_type1font.py","6393"
"5","Exploration 5 research package",".deps\matplotlib\tests\test_units.py","11687"
"5","Exploration 5 research package",".deps\matplotlib\tests\test_usetex.py","9504"
"5","Exploration 5 research package",".deps\matplotlib\tests\test_widgets.py","72205"
"5","Exploration 5 research package",".deps\matplotlib\texmanager.py","15489"
"5","Exploration 5 research package",".deps\matplotlib\texmanager.pyi","1116"
"5","Exploration 5 research package",".deps\matplotlib\text.py","81539"
"5","Exploration 5 research package",".deps\matplotlib\text.pyi","7664"
"5","Exploration 5 research package",".deps\matplotlib\textpath.py","12709"
"5","Exploration 5 research package",".deps\matplotlib\textpath.pyi","2740"
"5","Exploration 5 research package",".deps\matplotlib\ticker.py","114435"
"5","Exploration 5 research package",".deps\matplotlib\ticker.pyi","10671"
"5","Exploration 5 research package",".deps\matplotlib\transforms.py","102198"
"5","Exploration 5 research package",".deps\matplotlib\transforms.pyi","13822"
"5","Exploration 5 research package",".deps\matplotlib\tri\__init__.py","820"
"5","Exploration 5 research package",".deps\matplotlib\tri\__pycache__\__init__.cpython-312.pyc","906"
"5","Exploration 5 research package",".deps\matplotlib\tri\__pycache__\_triangulation.cpython-312.pyc","11404"
"5","Exploration 5 research package",".deps\matplotlib\tri\__pycache__\_tricontour.cpython-312.pyc","12221"
"5","Exploration 5 research package",".deps\matplotlib\tri\__pycache__\_trifinder.cpython-312.pyc","5214"
"5","Exploration 5 research package",".deps\matplotlib\tri\__pycache__\_triinterpolate.cpython-312.pyc","70174"
"5","Exploration 5 research package",".deps\matplotlib\tri\__pycache__\_tripcolor.cpython-312.pyc","7004"
"5","Exploration 5 research package",".deps\matplotlib\tri\__pycache__\_triplot.cpython-312.pyc","3397"
"5","Exploration 5 research package",".deps\matplotlib\tri\__pycache__\_trirefine.cpython-312.pyc","12591"
"5","Exploration 5 research package",".deps\matplotlib\tri\__pycache__\_tritools.cpython-312.pyc","12588"
"5","Exploration 5 research package",".deps\matplotlib\tri\_triangulation.py","9784"
"5","Exploration 5 research package",".deps\matplotlib\tri\_triangulation.pyi","1017"
"5","Exploration 5 research package",".deps\matplotlib\tri\_tricontour.py","10220"
"5","Exploration 5 research package",".deps\matplotlib\tri\_tricontour.pyi","1155"
"5","Exploration 5 research package",".deps\matplotlib\tri\_trifinder.py","3522"
"5","Exploration 5 research package",".deps\matplotlib\tri\_trifinder.pyi","405"
"5","Exploration 5 research package",".deps\matplotlib\tri\_triinterpolate.py","62445"
"5","Exploration 5 research package",".deps\matplotlib\tri\_triinterpolate.pyi","1044"
"5","Exploration 5 research package",".deps\matplotlib\tri\_tripcolor.py","6818"
"5","Exploration 5 research package",".deps\matplotlib\tri\_tripcolor.pyi","1781"
"5","Exploration 5 research package",".deps\matplotlib\tri\_triplot.py","3102"
"5","Exploration 5 research package",".deps\matplotlib\tri\_triplot.pyi","446"
"5","Exploration 5 research package",".deps\matplotlib\tri\_trirefine.py","13179"
"5","Exploration 5 research package",".deps\matplotlib\tri\_trirefine.pyi","1056"
"5","Exploration 5 research package",".deps\matplotlib\tri\_tritools.py","10575"
"5","Exploration 5 research package",".deps\matplotlib\tri\_tritools.pyi","402"
"5","Exploration 5 research package",".deps\matplotlib\typing.py","16100"
"5","Exploration 5 research package",".deps\matplotlib\units.py","6429"
"5","Exploration 5 research package",".deps\matplotlib\widgets.py","165109"
"5","Exploration 5 research package",".deps\matplotlib\widgets.pyi","15923"
"5","Exploration 5 research package",".deps\mpl_toolkits\axes_grid1\__init__.py","371"
"5","Exploration 5 research package",".deps\mpl_toolkits\axes_grid1\__pycache__\__init__.cpython-312.pyc","565"
"5","Exploration 5 research package",".deps\mpl_toolkits\axes_grid1\__pycache__\anchored_artists.cpython-312.pyc","17560"
"5","Exploration 5 research package",".deps\mpl_toolkits\axes_grid1\__pycache__\axes_divider.cpython-312.pyc","28744"
"5","Exploration 5 research package",".deps\mpl_toolkits\axes_grid1\__pycache__\axes_grid.cpython-312.pyc","29212"
"5","Exploration 5 research package",".deps\mpl_toolkits\axes_grid1\__pycache__\axes_rgb.cpython-312.pyc","7866"
"5","Exploration 5 research package",".deps\mpl_toolkits\axes_grid1\__pycache__\axes_size.cpython-312.pyc","13092"
"5","Exploration 5 research package",".deps\mpl_toolkits\axes_grid1\__pycache__\inset_locator.cpython-312.pyc","24728"
"5","Exploration 5 research package",".deps\mpl_toolkits\axes_grid1\__pycache__\mpl_axes.cpython-312.pyc","7711"
"5","Exploration 5 research package",".deps\mpl_toolkits\axes_grid1\__pycache__\parasite_axes.cpython-312.pyc","13493"
"5","Exploration 5 research package",".deps\mpl_toolkits\axes_grid1\anchored_artists.py","17164"
"5","Exploration 5 research package",".deps\mpl_toolkits\axes_grid1\axes_divider.py","21894"
"5","Exploration 5 research package",".deps\mpl_toolkits\axes_grid1\axes_grid.py","22631"
"5","Exploration 5 research package",".deps\mpl_toolkits\axes_grid1\axes_rgb.py","5227"
"5","Exploration 5 research package",".deps\mpl_toolkits\axes_grid1\axes_size.py","7714"
"5","Exploration 5 research package",".deps\mpl_toolkits\axes_grid1\inset_locator.py","19906"
"5","Exploration 5 research package",".deps\mpl_toolkits\axes_grid1\mpl_axes.py","4251"
"5","Exploration 5 research package",".deps\mpl_toolkits\axes_grid1\parasite_axes.py","9489"
"5","Exploration 5 research package",".deps\mpl_toolkits\axes_grid1\tests\__init__.py","365"
"5","Exploration 5 research package",".deps\mpl_toolkits\axes_grid1\tests\__pycache__\__init__.cpython-312.pyc","607"
"5","Exploration 5 research package",".deps\mpl_toolkits\axes_grid1\tests\__pycache__\conftest.cpython-312.pyc","359"
"5","Exploration 5 research package",".deps\mpl_toolkits\axes_grid1\tests\__pycache__\test_axes_grid1.cpython-312.pyc","47217"
"5","Exploration 5 research package",".deps\mpl_toolkits\axes_grid1\tests\conftest.py","128"
"5","Exploration 5 research package",".deps\mpl_toolkits\axes_grid1\tests\test_axes_grid1.py","29194"
"5","Exploration 5 research package",".deps\mpl_toolkits\axisartist\__init__.py","631"
"5","Exploration 5 research package",".deps\mpl_toolkits\axisartist\__pycache__\__init__.cpython-312.pyc","901"
"5","Exploration 5 research package",".deps\mpl_toolkits\axisartist\__pycache__\angle_helper.cpython-312.pyc","17029"
"5","Exploration 5 research package",".deps\mpl_toolkits\axisartist\__pycache__\axes_divider.cpython-312.pyc","355"
"5","Exploration 5 research package",".deps\mpl_toolkits\axisartist\__pycache__\axis_artist.cpython-312.pyc","54405"
"5","Exploration 5 research package",".deps\mpl_toolkits\axisartist\__pycache__\axisline_style.cpython-312.pyc","9018"
"5","Exploration 5 research package",".deps\mpl_toolkits\axisartist\__pycache__\axislines.cpython-312.pyc","25815"
"5","Exploration 5 research package",".deps\mpl_toolkits\axisartist\__pycache__\floating_axes.cpython-312.pyc","13604"
"5","Exploration 5 research package",".deps\mpl_toolkits\axisartist\__pycache__\grid_finder.cpython-312.pyc","18590"
"5","Exploration 5 research package",".deps\mpl_toolkits\axisartist\__pycache__\grid_helper_curvelinear.cpython-312.pyc","19852"
"5","Exploration 5 research package",".deps\mpl_toolkits\axisartist\__pycache__\parasite_axes.cpython-312.pyc","473"
"5","Exploration 5 research package",".deps\mpl_toolkits\axisartist\angle_helper.py","13075"
"5","Exploration 5 research package",".deps\mpl_toolkits\axisartist\axes_divider.py","122"
"5","Exploration 5 research package",".deps\mpl_toolkits\axisartist\axis_artist.py","39652"
"5","Exploration 5 research package",".deps\mpl_toolkits\axisartist\axisline_style.py","6698"
"5","Exploration 5 research package",".deps\mpl_toolkits\axisartist\axislines.py","16217"
"5","Exploration 5 research package",".deps\mpl_toolkits\axisartist\floating_axes.py","9995"
"5","Exploration 5 research package",".deps\mpl_toolkits\axisartist\grid_finder.py","12734"
"5","Exploration 5 research package",".deps\mpl_toolkits\axisartist\grid_helper_curvelinear.py","13506"
"5","Exploration 5 research package",".deps\mpl_toolkits\axisartist\parasite_axes.py","244"
"5","Exploration 5 research package",".deps\mpl_toolkits\axisartist\tests\__init__.py","365"
"5","Exploration 5 research package",".deps\mpl_toolkits\axisartist\tests\__pycache__\__init__.cpython-312.pyc","607"
"5","Exploration 5 research package",".deps\mpl_toolkits\axisartist\tests\__pycache__\conftest.cpython-312.pyc","359"
"5","Exploration 5 research package",".deps\mpl_toolkits\axisartist\tests\__pycache__\test_angle_helper.cpython-312.pyc","7988"
"5","Exploration 5 research package",".deps\mpl_toolkits\axisartist\tests\__pycache__\test_axis_artist.cpython-312.pyc","6655"
"5","Exploration 5 research package",".deps\mpl_toolkits\axisartist\tests\__pycache__\test_axislines.cpython-312.pyc","8684"
"5","Exploration 5 research package",".deps\mpl_toolkits\axisartist\tests\__pycache__\test_floating_axes.cpython-312.pyc","8249"
"5","Exploration 5 research package",".deps\mpl_toolkits\axisartist\tests\__pycache__\test_grid_finder.cpython-312.pyc","2303"
"5","Exploration 5 research package",".deps\mpl_toolkits\axisartist\tests\__pycache__\test_grid_helper_curvelinear.cpython-312.pyc","11049"
"5","Exploration 5 research package",".deps\mpl_toolkits\axisartist\tests\conftest.py","128"
"5","Exploration 5 research package",".deps\mpl_toolkits\axisartist\tests\test_angle_helper.py","5670"
"5","Exploration 5 research package",".deps\mpl_toolkits\axisartist\tests\test_axis_artist.py","3707"
"5","Exploration 5 research package",".deps\mpl_toolkits\axisartist\tests\test_axislines.py","4619"
"5","Exploration 5 research package",".deps\mpl_toolkits\axisartist\tests\test_floating_axes.py","4644"
"5","Exploration 5 research package",".deps\mpl_toolkits\axisartist\tests\test_grid_finder.py","1156"
"5","Exploration 5 research package",".deps\mpl_toolkits\axisartist\tests\test_grid_helper_curvelinear.py","7255"
"5","Exploration 5 research package",".deps\mpl_toolkits\mplot3d\__init__.py","49"
"5","Exploration 5 research package",".deps\mpl_toolkits\mplot3d\__pycache__\__init__.cpython-312.pyc","260"
"5","Exploration 5 research package",".deps\mpl_toolkits\mplot3d\__pycache__\art3d.cpython-312.pyc","77363"
"5","Exploration 5 research package",".deps\mpl_toolkits\mplot3d\__pycache__\axes3d.cpython-312.pyc","189984"
"5","Exploration 5 research package",".deps\mpl_toolkits\mplot3d\__pycache__\axis3d.cpython-312.pyc","36196"
"5","Exploration 5 research package",".deps\mpl_toolkits\mplot3d\__pycache__\proj3d.cpython-312.pyc","13492"
"5","Exploration 5 research package",".deps\mpl_toolkits\mplot3d\art3d.py","62109"
"5","Exploration 5 research package",".deps\mpl_toolkits\mplot3d\axes3d.py","171226"
"5","Exploration 5 research package",".deps\mpl_toolkits\mplot3d\axis3d.py","30767"
"5","Exploration 5 research package",".deps\mpl_toolkits\mplot3d\proj3d.py","8014"
"5","Exploration 5 research package",".deps\mpl_toolkits\mplot3d\tests\__init__.py","365"
"5","Exploration 5 research package",".deps\mpl_toolkits\mplot3d\tests\__pycache__\__init__.cpython-312.pyc","604"
"5","Exploration 5 research package",".deps\mpl_toolkits\mplot3d\tests\__pycache__\conftest.cpython-312.pyc","356"
"5","Exploration 5 research package",".deps\mpl_toolkits\mplot3d\tests\__pycache__\test_art3d.cpython-312.pyc","5540"
"5","Exploration 5 research package",".deps\mpl_toolkits\mplot3d\tests\__pycache__\test_axes3d.cpython-312.pyc","188400"
"5","Exploration 5 research package",".deps\mpl_toolkits\mplot3d\tests\__pycache__\test_legend3d.cpython-312.pyc","9416"
"5","Exploration 5 research package",".deps\mpl_toolkits\mplot3d\tests\conftest.py","128"
"5","Exploration 5 research package",".deps\mpl_toolkits\mplot3d\tests\test_art3d.py","3768"
"5","Exploration 5 research package",".deps\mpl_toolkits\mplot3d\tests\test_axes3d.py","113686"
"5","Exploration 5 research package",".deps\mpl_toolkits\mplot3d\tests\test_legend3d.py","4421"
"5","Exploration 5 research package",".deps\pylab.py","110"
"5","Exploration 5 research package",".deps\pyparsing-3.3.2.dist-info\INSTALLER","4"
"5","Exploration 5 research package",".deps\pyparsing-3.3.2.dist-info\licenses\LICENSE","1062"
"5","Exploration 5 research package",".deps\pyparsing-3.3.2.dist-info\METADATA","5783"
"5","Exploration 5 research package",".deps\pyparsing-3.3.2.dist-info\RECORD","2992"
"5","Exploration 5 research package",".deps\pyparsing-3.3.2.dist-info\REQUESTED","0"
"5","Exploration 5 research package",".deps\pyparsing-3.3.2.dist-info\WHEEL","82"
"5","Exploration 5 research package",".deps\pyparsing\__init__.py","13438"
"5","Exploration 5 research package",".deps\pyparsing\__pycache__\__init__.cpython-312.pyc","13586"
"5","Exploration 5 research package",".deps\pyparsing\__pycache__\actions.cpython-312.pyc","9377"
"5","Exploration 5 research package",".deps\pyparsing\__pycache__\common.cpython-312.pyc","18800"
"5","Exploration 5 research package",".deps\pyparsing\__pycache__\core.cpython-312.pyc","285612"
"5","Exploration 5 research package",".deps\pyparsing\__pycache__\exceptions.cpython-312.pyc","14743"
"5","Exploration 5 research package",".deps\pyparsing\__pycache__\helpers.cpython-312.pyc","48791"
"5","Exploration 5 research package",".deps\pyparsing\__pycache__\results.cpython-312.pyc","35827"
"5","Exploration 5 research package",".deps\pyparsing\__pycache__\testing.cpython-312.pyc","19313"
"5","Exploration 5 research package",".deps\pyparsing\__pycache__\unicode.cpython-312.pyc","13486"
"5","Exploration 5 research package",".deps\pyparsing\__pycache__\util.cpython-312.pyc","23290"
"5","Exploration 5 research package",".deps\pyparsing\__pycache__\warnings.cpython-312.pyc","918"
"5","Exploration 5 research package",".deps\pyparsing\actions.py","8104"
"5","Exploration 5 research package",".deps\pyparsing\ai\__init__.py","0"
"5","Exploration 5 research package",".deps\pyparsing\ai\__pycache__\__init__.cpython-312.pyc","185"
"5","Exploration 5 research package",".deps\pyparsing\ai\best_practices.md","8472"
"5","Exploration 5 research package",".deps\pyparsing\ai\show_best_practices\__init__.py","0"
"5","Exploration 5 research package",".deps\pyparsing\ai\show_best_practices\__main__.py","49"
"5","Exploration 5 research package",".deps\pyparsing\ai\show_best_practices\__pycache__\__init__.cpython-312.pyc","205"
"5","Exploration 5 research package",".deps\pyparsing\ai\show_best_practices\__pycache__\__main__.cpython-312.pyc","298"
"5","Exploration 5 research package",".deps\pyparsing\common.py","17205"
"5","Exploration 5 research package",".deps\pyparsing\core.py","251832"
"5","Exploration 5 research package",".deps\pyparsing\diagram\__init__.py","26929"
"5","Exploration 5 research package",".deps\pyparsing\diagram\__pycache__\__init__.cpython-312.pyc","29608"
"5","Exploration 5 research package",".deps\pyparsing\exceptions.py","10981"
"5","Exploration 5 research package",".deps\pyparsing\helpers.py","41793"
"5","Exploration 5 research package",".deps\pyparsing\py.typed","0"
"5","Exploration 5 research package",".deps\pyparsing\results.py","27603"
"5","Exploration 5 research package",".deps\pyparsing\testing.py","15452"
"5","Exploration 5 research package",".deps\pyparsing\tools\__init__.py","0"
"5","Exploration 5 research package",".deps\pyparsing\tools\__pycache__\__init__.cpython-312.pyc","188"
"5","Exploration 5 research package",".deps\pyparsing\tools\__pycache__\cvt_pyparsing_pep8_names.cpython-312.pyc","8553"
"5","Exploration 5 research package",".deps\pyparsing\tools\cvt_pyparsing_pep8_names.py","6389"
"5","Exploration 5 research package",".deps\pyparsing\unicode.py","10612"
"5","Exploration 5 research package",".deps\pyparsing\util.py","15997"
"5","Exploration 5 research package",".deps\pyparsing\warnings.py","357"
"5","Exploration 5 research package",".deps\share\man\man1\ttx.1","5601"
"5","Exploration 5 research package",".git\COMMIT_EDITMSG","59"
"5","Exploration 5 research package",".git\config","130"
"5","Exploration 5 research package",".git\description","73"
"5","Exploration 5 research package",".git\HEAD","23"
"5","Exploration 5 research package",".git\hooks\applypatch-msg.sample","478"
"5","Exploration 5 research package",".git\hooks\commit-msg.sample","896"
"5","Exploration 5 research package",".git\hooks\fsmonitor-watchman.sample","4726"
"5","Exploration 5 research package",".git\hooks\post-update.sample","189"
"5","Exploration 5 research package",".git\hooks\pre-applypatch.sample","424"
"5","Exploration 5 research package",".git\hooks\pre-commit.sample","1649"
"5","Exploration 5 research package",".git\hooks\pre-merge-commit.sample","416"
"5","Exploration 5 research package",".git\hooks\pre-push.sample","1374"
"5","Exploration 5 research package",".git\hooks\pre-rebase.sample","4898"
"5","Exploration 5 research package",".git\hooks\pre-receive.sample","544"
"5","Exploration 5 research package",".git\hooks\prepare-commit-msg.sample","1492"
"5","Exploration 5 research package",".git\hooks\push-to-checkout.sample","2783"
"5","Exploration 5 research package",".git\hooks\sendemail-validate.sample","2308"
"5","Exploration 5 research package",".git\hooks\update.sample","3650"
"5","Exploration 5 research package",".git\index","313"
"5","Exploration 5 research package",".git\info\exclude","240"
"5","Exploration 5 research package",".git\logs\HEAD","196"
"5","Exploration 5 research package",".git\logs\refs\heads\master","196"
"5","Exploration 5 research package",".git\objects\44\61dee9c28d1032ed0da0af227f5222836de5d2","152"
"5","Exploration 5 research package",".git\objects\83\4765674831118bac8efe1610bb0fd0d2e10eb5","176"
"5","Exploration 5 research package",".git\objects\9c\67f83a1168560db4b48630ab0674444a3ceb34","252"
"5","Exploration 5 research package",".git\objects\bf\aa1e5f723f60b328bcfae8e0b3a337935182f7","1222"
"5","Exploration 5 research package",".git\objects\c4\afd962f27e1d408f9c5e9b9d02ddcbcde95a49","128"
"5","Exploration 5 research package",".git\refs\heads\master","41"
"5","Exploration 5 research package",".mplconfig\fontlist-v3.11.0.json","141443"
