run_id,seed,fold,scope,epoch,class_name,precision,recall,F1,support,predicted_count,confusion_destinations,dominant_wrong_class,epoch_of_best_recall,epoch10_change_from_best_recall,epoch_of_best_F1,epoch10_change_from_best_F1,recall_fold_mean_sd,recall_seed_mean_sd,F1_fold_mean_sd,F1_seed_mean_sd
p3_A5_real_s17_cv0,17,0,CV,1,tumor,0.5789473684210527,0.5789473684210527,0.5789473684210527,19,19,"{""lymphocyte"": 2, ""stroma"": 6}",stroma,2.0,-0.052631578947368474,2.0,-0.019285309132161088,0.07426136229974609,0.04703543165448007,0.0591707681922371,0.02766967376035559
p3_A5_real_s17_cv0,17,0,CV,1,lymphocyte,0.3333333333333333,0.23076923076923078,0.2727272727272727,13,9,"{""tumor"": 3, ""plasma_cell"": 1, ""neutrophil"": 1, ""stroma"": 3, ""epithelium"": 1, ""endothelium"": 1}",tumor,10.0,0.0,7.0,-0.05507246376811592,0.20572746696022956,0.05170240299645282,0.22855602386472876,0.035654526938193876
p3_A5_real_s17_cv0,17,0,CV,1,plasma_cell,0.29411764705882354,0.45454545454545453,0.35714285714285715,11,17,"{""tumor"": 1, ""lymphocyte"": 2, ""stroma"": 2, ""epithelium"": 1}",lymphocyte,4.0,-0.2727272727272727,3.0,-0.18055555555555558,0.07082966862607008,0.045827129928674076,0.08185650399793573,0.03517502169446422
p3_A5_real_s17_cv0,17,0,CV,1,histiocyte,0.0,0.0,0.0,7,0,"{""lymphocyte"": 1, ""plasma_cell"": 3, ""stroma"": 3}",plasma_cell,3.0,-0.5714285714285714,7.0,-0.16267942583732053,0.17237393654055794,0.08849117374454826,0.18453211431353114,0.03252802925771344
p3_A5_real_s17_cv0,17,0,CV,1,melanophage,1.0,0.2857142857142857,0.4444444444444444,7,2,"{""stroma"": 3, ""epithelium"": 2}",stroma,9.0,0.0,9.0,0.0,0.11508483840295526,0.05754378748356889,0.03719084559914055,0.005361359941827443
p3_A5_real_s17_cv0,17,0,CV,1,neutrophil,0.16666666666666666,0.2,0.18181818181818182,5,6,"{""tumor"": 2, ""stroma"": 1, ""endothelium"": 1}",tumor,9.0,-0.19999999999999996,9.0,-0.1454545454545454,0.20968295626674174,0.08558594561210224,0.22230916401112866,0.0906029779832514
p3_A5_real_s17_cv0,17,0,CV,1,stroma,0.0967741935483871,0.5,0.16216216216216217,6,31,"{""plasma_cell"": 2, ""neutrophil"": 1}",plasma_cell,1.0,-0.16666666666666669,9.0,-0.13333333333333336,0.03730229088608088,0.047003852394433526,0.08445256200129947,0.03718460864482585
p3_A5_real_s17_cv0,17,0,CV,1,epithelium,0.3333333333333333,0.16666666666666666,0.2222222222222222,12,6,"{""tumor"": 1, ""plasma_cell"": 1, ""neutrophil"": 2, ""stroma"": 6}",stroma,3.0,-0.3333333333333333,6.0,-0.08333333333333337,0.20175439893730138,0.04416721929516359,0.046679889574645195,0.03064815371182802
p3_A5_real_s17_cv0,17,0,CV,1,endothelium,0.0,0.0,0.0,8,2,"{""lymphocyte"": 1, ""plasma_cell"": 3, ""neutrophil"": 1, ""stroma"": 3}",plasma_cell,4.0,-0.125,4.0,-0.14102564102564105,0.32879883754203426,0.13216099573091522,0.12727683808402318,0.07402274596111785
p3_A5_real_s17_cv0,17,0,CV,1,apoptosis,0.0,0.0,0.0,4,0,"{""tumor"": 1, ""plasma_cell"": 2, ""stroma"": 1}",plasma_cell,3.0,-0.5,2.0,-0.2181818181818182,0.1370245239532291,0.11226255234242723,0.04794347181260873,0.07051701808933422
p3_A5_real_s17_cv0,17,0,CV,2,tumor,0.5416666666666666,0.6842105263157895,0.6046511627906976,19,24,"{""lymphocyte"": 1, ""histiocyte"": 1, ""melanophage"": 1, ""stroma"": 2, ""epithelium"": 1}",stroma,2.0,-0.052631578947368474,2.0,-0.019285309132161088,0.07426136229974609,0.04703543165448007,0.0591707681922371,0.02766967376035559
p3_A5_real_s17_cv0,17,0,CV,2,lymphocyte,0.3157894736842105,0.46153846153846156,0.375,13,19,"{""tumor"": 1, ""plasma_cell"": 1, ""histiocyte"": 3, ""epithelium"": 2}",histiocyte,10.0,0.0,7.0,-0.05507246376811592,0.20572746696022956,0.05170240299645282,0.22855602386472876,0.035654526938193876
p3_A5_real_s17_cv0,17,0,CV,2,plasma_cell,0.6,0.2727272727272727,0.375,11,5,"{""tumor"": 1, ""lymphocyte"": 4, ""histiocyte"": 1, ""stroma"": 1, ""epithelium"": 1}",lymphocyte,4.0,-0.2727272727272727,3.0,-0.18055555555555558,0.07082966862607008,0.045827129928674076,0.08185650399793573,0.03517502169446422
p3_A5_real_s17_cv0,17,0,CV,2,histiocyte,0.16666666666666666,0.2857142857142857,0.21052631578947367,7,12,"{""lymphocyte"": 3, ""melanophage"": 1, ""stroma"": 1}",lymphocyte,3.0,-0.5714285714285714,7.0,-0.16267942583732053,0.17237393654055794,0.08849117374454826,0.18453211431353114,0.03252802925771344
p3_A5_real_s17_cv0,17,0,CV,2,melanophage,0.5555555555555556,0.7142857142857143,0.625,7,9,"{""epithelium"": 2}",epithelium,9.0,0.0,9.0,0.0,0.11508483840295526,0.05754378748356889,0.03719084559914055,0.005361359941827443
p3_A5_real_s17_cv0,17,0,CV,2,neutrophil,0.0,0.0,0.0,5,0,"{""tumor"": 2, ""lymphocyte"": 2, ""histiocyte"": 1}",tumor,9.0,-0.19999999999999996,9.0,-0.1454545454545454,0.20968295626674174,0.08558594561210224,0.22230916401112866,0.0906029779832514
p3_A5_real_s17_cv0,17,0,CV,2,stroma,0.2,0.3333333333333333,0.25,6,10,"{""plasma_cell"": 1, ""histiocyte"": 2, ""melanophage"": 1}",histiocyte,1.0,-0.16666666666666669,9.0,-0.13333333333333336,0.03730229088608088,0.047003852394433526,0.08445256200129947,0.03718460864482585
p3_A5_real_s17_cv0,17,0,CV,2,epithelium,0.5,0.5,0.5,12,12,"{""tumor"": 3, ""melanophage"": 1, ""stroma"": 2}",tumor,3.0,-0.3333333333333333,6.0,-0.08333333333333337,0.20175439893730138,0.04416721929516359,0.046679889574645195,0.03064815371182802
p3_A5_real_s17_cv0,17,0,CV,2,endothelium,0.0,0.0,0.0,8,0,"{""tumor"": 1, ""lymphocyte"": 3, ""histiocyte"": 2, ""stroma"": 2}",lymphocyte,4.0,-0.125,4.0,-0.14102564102564105,0.32879883754203426,0.13216099573091522,0.12727683808402318,0.07402274596111785
p3_A5_real_s17_cv0,17,0,CV,2,apoptosis,1.0,0.25,0.4,4,1,"{""tumor"": 3}",tumor,3.0,-0.5,2.0,-0.2181818181818182,0.1370245239532291,0.11226255234242723,0.04794347181260873,0.07051701808933422
p3_A5_real_s17_cv0,17,0,CV,3,tumor,0.7272727272727273,0.42105263157894735,0.5333333333333333,19,11,"{""histiocyte"": 3, ""melanophage"": 2, ""epithelium"": 4, ""apoptosis"": 2}",epithelium,2.0,-0.052631578947368474,2.0,-0.019285309132161088,0.07426136229974609,0.04703543165448007,0.0591707681922371,0.02766967376035559
p3_A5_real_s17_cv0,17,0,CV,3,lymphocyte,0.0,0.0,0.0,13,0,"{""plasma_cell"": 2, ""histiocyte"": 6, ""epithelium"": 2, ""apoptosis"": 3}",histiocyte,10.0,0.0,7.0,-0.05507246376811592,0.20572746696022956,0.05170240299645282,0.22855602386472876,0.035654526938193876
p3_A5_real_s17_cv0,17,0,CV,3,plasma_cell,0.7142857142857143,0.45454545454545453,0.5555555555555556,11,7,"{""histiocyte"": 2, ""epithelium"": 2, ""apoptosis"": 2}",histiocyte,4.0,-0.2727272727272727,3.0,-0.18055555555555558,0.07082966862607008,0.045827129928674076,0.08185650399793573,0.03517502169446422
p3_A5_real_s17_cv0,17,0,CV,3,histiocyte,0.2222222222222222,0.8571428571428571,0.35294117647058826,7,27,"{""melanophage"": 1}",melanophage,3.0,-0.5714285714285714,7.0,-0.16267942583732053,0.17237393654055794,0.08849117374454826,0.18453211431353114,0.03252802925771344
p3_A5_real_s17_cv0,17,0,CV,3,melanophage,0.5,0.7142857142857143,0.5882352941176471,7,10,"{""epithelium"": 2}",epithelium,9.0,0.0,9.0,0.0,0.11508483840295526,0.05754378748356889,0.03719084559914055,0.005361359941827443
p3_A5_real_s17_cv0,17,0,CV,3,neutrophil,0.0,0.0,0.0,5,0,"{""tumor"": 1, ""histiocyte"": 2, ""apoptosis"": 2}",histiocyte,9.0,-0.19999999999999996,9.0,-0.1454545454545454,0.20968295626674174,0.08558594561210224,0.22230916401112866,0.0906029779832514
p3_A5_real_s17_cv0,17,0,CV,3,stroma,0.0,0.0,0.0,6,2,"{""histiocyte"": 4, ""melanophage"": 1, ""epithelium"": 1}",histiocyte,1.0,-0.16666666666666669,9.0,-0.13333333333333336,0.03730229088608088,0.047003852394433526,0.08445256200129947,0.03718460864482585
p3_A5_real_s17_cv0,17,0,CV,3,epithelium,0.45,0.75,0.5625,12,20,"{""tumor"": 1, ""histiocyte"": 1, ""melanophage"": 1}",tumor,3.0,-0.3333333333333333,6.0,-0.08333333333333337,0.20175439893730138,0.04416721929516359,0.046679889574645195,0.03064815371182802
p3_A5_real_s17_cv0,17,0,CV,3,endothelium,0.0,0.0,0.0,8,0,"{""histiocyte"": 3, ""stroma"": 2, ""apoptosis"": 3}",histiocyte,4.0,-0.125,4.0,-0.14102564102564105,0.32879883754203426,0.13216099573091522,0.12727683808402318,0.07402274596111785
p3_A5_real_s17_cv0,17,0,CV,3,apoptosis,0.2,0.75,0.3157894736842105,4,15,"{""tumor"": 1}",tumor,3.0,-0.5,2.0,-0.2181818181818182,0.1370245239532291,0.11226255234242723,0.04794347181260873,0.07051701808933422
p3_A5_real_s17_cv0,17,0,CV,4,tumor,0.7,0.3684210526315789,0.4827586206896552,19,10,"{""plasma_cell"": 1, ""melanophage"": 3, ""epithelium"": 5, ""apoptosis"": 3}",epithelium,2.0,-0.052631578947368474,2.0,-0.019285309132161088,0.07426136229974609,0.04703543165448007,0.0591707681922371,0.02766967376035559
p3_A5_real_s17_cv0,17,0,CV,4,lymphocyte,1.0,0.07692307692307693,0.14285714285714285,13,1,"{""plasma_cell"": 5, ""histiocyte"": 1, ""epithelium"": 2, ""apoptosis"": 4}",plasma_cell,10.0,0.0,7.0,-0.05507246376811592,0.20572746696022956,0.05170240299645282,0.22855602386472876,0.035654526938193876
p3_A5_real_s17_cv0,17,0,CV,4,plasma_cell,0.35294117647058826,0.5454545454545454,0.42857142857142855,11,17,"{""melanophage"": 2, ""stroma"": 1, ""epithelium"": 1, ""apoptosis"": 1}",melanophage,4.0,-0.2727272727272727,3.0,-0.18055555555555558,0.07082966862607008,0.045827129928674076,0.08185650399793573,0.03517502169446422
p3_A5_real_s17_cv0,17,0,CV,4,histiocyte,0.25,0.14285714285714285,0.18181818181818182,7,4,"{""plasma_cell"": 4, ""melanophage"": 1, ""stroma"": 1}",plasma_cell,3.0,-0.5714285714285714,7.0,-0.16267942583732053,0.17237393654055794,0.08849117374454826,0.18453211431353114,0.03252802925771344
p3_A5_real_s17_cv0,17,0,CV,4,melanophage,0.35714285714285715,0.7142857142857143,0.47619047619047616,7,14,"{""epithelium"": 2}",epithelium,9.0,0.0,9.0,0.0,0.11508483840295526,0.05754378748356889,0.03719084559914055,0.005361359941827443
p3_A5_real_s17_cv0,17,0,CV,4,neutrophil,0.0,0.0,0.0,5,2,"{""tumor"": 1, ""endothelium"": 2, ""apoptosis"": 2}",endothelium,9.0,-0.19999999999999996,9.0,-0.1454545454545454,0.20968295626674174,0.08558594561210224,0.22230916401112866,0.0906029779832514
p3_A5_real_s17_cv0,17,0,CV,4,stroma,0.3333333333333333,0.3333333333333333,0.3333333333333333,6,6,"{""histiocyte"": 2, ""melanophage"": 1, ""endothelium"": 1}",histiocyte,1.0,-0.16666666666666669,9.0,-0.13333333333333336,0.03730229088608088,0.047003852394433526,0.08445256200129947,0.03718460864482585
p3_A5_real_s17_cv0,17,0,CV,4,epithelium,0.47368421052631576,0.75,0.5806451612903226,12,19,"{""tumor"": 1, ""melanophage"": 1, ""neutrophil"": 1}",tumor,3.0,-0.3333333333333333,6.0,-0.08333333333333337,0.20175439893730138,0.04416721929516359,0.046679889574645195,0.03064815371182802
p3_A5_real_s17_cv0,17,0,CV,4,endothelium,0.4,0.25,0.3076923076923077,8,5,"{""plasma_cell"": 1, ""melanophage"": 1, ""neutrophil"": 1, ""stroma"": 2, ""apoptosis"": 1}",stroma,4.0,-0.125,4.0,-0.14102564102564105,0.32879883754203426,0.13216099573091522,0.12727683808402318,0.07402274596111785
p3_A5_real_s17_cv0,17,0,CV,4,apoptosis,0.21428571428571427,0.75,0.3333333333333333,4,14,"{""tumor"": 1}",tumor,3.0,-0.5,2.0,-0.2181818181818182,0.1370245239532291,0.11226255234242723,0.04794347181260873,0.07051701808933422
p3_A5_real_s17_cv0,17,0,CV,5,tumor,0.6,0.15789473684210525,0.25,19,5,"{""lymphocyte"": 1, ""plasma_cell"": 1, ""melanophage"": 3, ""stroma"": 4, ""epithelium"": 4, ""apoptosis"": 3}",stroma,2.0,-0.052631578947368474,2.0,-0.019285309132161088,0.07426136229974609,0.04703543165448007,0.0591707681922371,0.02766967376035559
p3_A5_real_s17_cv0,17,0,CV,5,lymphocyte,0.5,0.46153846153846156,0.48,13,12,"{""plasma_cell"": 2, ""stroma"": 1, ""epithelium"": 2, ""apoptosis"": 2}",plasma_cell,10.0,0.0,7.0,-0.05507246376811592,0.20572746696022956,0.05170240299645282,0.22855602386472876,0.035654526938193876
p3_A5_real_s17_cv0,17,0,CV,5,plasma_cell,0.35714285714285715,0.45454545454545453,0.4,11,14,"{""melanophage"": 2, ""stroma"": 1, ""epithelium"": 1, ""apoptosis"": 2}",melanophage,4.0,-0.2727272727272727,3.0,-0.18055555555555558,0.07082966862607008,0.045827129928674076,0.08185650399793573,0.03517502169446422
p3_A5_real_s17_cv0,17,0,CV,5,histiocyte,0.0,0.0,0.0,7,1,"{""lymphocyte"": 2, ""plasma_cell"": 3, ""stroma"": 2}",plasma_cell,3.0,-0.5714285714285714,7.0,-0.16267942583732053,0.17237393654055794,0.08849117374454826,0.18453211431353114,0.03252802925771344
p3_A5_real_s17_cv0,17,0,CV,5,melanophage,0.4166666666666667,0.7142857142857143,0.5263157894736842,7,12,"{""epithelium"": 2}",epithelium,9.0,0.0,9.0,0.0,0.11508483840295526,0.05754378748356889,0.03719084559914055,0.005361359941827443
p3_A5_real_s17_cv0,17,0,CV,5,neutrophil,0.0,0.0,0.0,5,2,"{""tumor"": 1, ""lymphocyte"": 1, ""plasma_cell"": 2, ""endothelium"": 1}",plasma_cell,9.0,-0.19999999999999996,9.0,-0.1454545454545454,0.20968295626674174,0.08558594561210224,0.22230916401112866,0.0906029779832514
p3_A5_real_s17_cv0,17,0,CV,5,stroma,0.17647058823529413,0.5,0.2608695652173913,6,17,"{""lymphocyte"": 1, ""histiocyte"": 1, ""melanophage"": 1}",lymphocyte,1.0,-0.16666666666666669,9.0,-0.13333333333333336,0.03730229088608088,0.047003852394433526,0.08445256200129947,0.03718460864482585
p3_A5_real_s17_cv0,17,0,CV,5,epithelium,0.47058823529411764,0.6666666666666666,0.5517241379310345,12,17,"{""tumor"": 1, ""melanophage"": 1, ""stroma"": 2}",stroma,3.0,-0.3333333333333333,6.0,-0.08333333333333337,0.20175439893730138,0.04416721929516359,0.046679889574645195,0.03064815371182802
p3_A5_real_s17_cv0,17,0,CV,5,endothelium,0.5,0.125,0.2,8,2,"{""lymphocyte"": 1, ""neutrophil"": 1, ""stroma"": 4, ""apoptosis"": 1}",stroma,4.0,-0.125,4.0,-0.14102564102564105,0.32879883754203426,0.13216099573091522,0.12727683808402318,0.07402274596111785
p3_A5_real_s17_cv0,17,0,CV,5,apoptosis,0.2,0.5,0.2857142857142857,4,10,"{""plasma_cell"": 1, ""neutrophil"": 1}",plasma_cell,3.0,-0.5,2.0,-0.2181818181818182,0.1370245239532291,0.11226255234242723,0.04794347181260873,0.07051701808933422
p3_A5_real_s17_cv0,17,0,CV,6,tumor,0.625,0.5263157894736842,0.5714285714285714,19,16,"{""lymphocyte"": 1, ""melanophage"": 2, ""stroma"": 1, ""epithelium"": 3, ""apoptosis"": 2}",epithelium,2.0,-0.052631578947368474,2.0,-0.019285309132161088,0.07426136229974609,0.04703543165448007,0.0591707681922371,0.02766967376035559
p3_A5_real_s17_cv0,17,0,CV,6,lymphocyte,0.46153846153846156,0.46153846153846156,0.46153846153846156,13,13,"{""plasma_cell"": 2, ""neutrophil"": 1, ""stroma"": 1, ""epithelium"": 1, ""apoptosis"": 2}",plasma_cell,10.0,0.0,7.0,-0.05507246376811592,0.20572746696022956,0.05170240299645282,0.22855602386472876,0.035654526938193876
p3_A5_real_s17_cv0,17,0,CV,6,plasma_cell,0.4444444444444444,0.36363636363636365,0.4,11,9,"{""histiocyte"": 1, ""melanophage"": 1, ""stroma"": 1, ""epithelium"": 1, ""apoptosis"": 3}",apoptosis,4.0,-0.2727272727272727,3.0,-0.18055555555555558,0.07082966862607008,0.045827129928674076,0.08185650399793573,0.03517502169446422
p3_A5_real_s17_cv0,17,0,CV,6,histiocyte,0.25,0.14285714285714285,0.18181818181818182,7,4,"{""lymphocyte"": 3, ""plasma_cell"": 1, ""stroma"": 1, ""endothelium"": 1}",lymphocyte,3.0,-0.5714285714285714,7.0,-0.16267942583732053,0.17237393654055794,0.08849117374454826,0.18453211431353114,0.03252802925771344
p3_A5_real_s17_cv0,17,0,CV,6,melanophage,0.5,0.7142857142857143,0.5882352941176471,7,10,"{""tumor"": 1, ""histiocyte"": 1}",tumor,9.0,0.0,9.0,0.0,0.11508483840295526,0.05754378748356889,0.03719084559914055,0.005361359941827443
p3_A5_real_s17_cv0,17,0,CV,6,neutrophil,0.4,0.4,0.4,5,5,"{""tumor"": 1, ""lymphocyte"": 1, ""plasma_cell"": 1}",tumor,9.0,-0.19999999999999996,9.0,-0.1454545454545454,0.20968295626674174,0.08558594561210224,0.22230916401112866,0.0906029779832514
p3_A5_real_s17_cv0,17,0,CV,6,stroma,0.25,0.5,0.3333333333333333,6,12,"{""lymphocyte"": 1, ""histiocyte"": 1, ""melanophage"": 1}",lymphocyte,1.0,-0.16666666666666669,9.0,-0.13333333333333336,0.03730229088608088,0.047003852394433526,0.08445256200129947,0.03718460864482585
p3_A5_real_s17_cv0,17,0,CV,6,epithelium,0.5833333333333334,0.5833333333333334,0.5833333333333334,12,12,"{""tumor"": 3, ""melanophage"": 1, ""stroma"": 1}",tumor,3.0,-0.3333333333333333,6.0,-0.08333333333333337,0.20175439893730138,0.04416721929516359,0.046679889574645195,0.03064815371182802
p3_A5_real_s17_cv0,17,0,CV,6,endothelium,0.5,0.125,0.2,8,2,"{""tumor"": 1, ""lymphocyte"": 1, ""neutrophil"": 1, ""stroma"": 4}",stroma,4.0,-0.125,4.0,-0.14102564102564105,0.32879883754203426,0.13216099573091522,0.12727683808402318,0.07402274596111785
p3_A5_real_s17_cv0,17,0,CV,6,apoptosis,0.2222222222222222,0.5,0.3076923076923077,4,9,"{""plasma_cell"": 1, ""neutrophil"": 1}",plasma_cell,3.0,-0.5,2.0,-0.2181818181818182,0.1370245239532291,0.11226255234242723,0.04794347181260873,0.07051701808933422
p3_A5_real_s17_cv0,17,0,CV,7,tumor,0.5416666666666666,0.6842105263157895,0.6046511627906976,19,24,"{""lymphocyte"": 1, ""melanophage"": 2, ""epithelium"": 1, ""apoptosis"": 2}",melanophage,2.0,-0.052631578947368474,2.0,-0.019285309132161088,0.07426136229974609,0.04703543165448007,0.0591707681922371,0.02766967376035559
p3_A5_real_s17_cv0,17,0,CV,7,lymphocyte,0.6,0.46153846153846156,0.5217391304347826,13,10,"{""plasma_cell"": 2, ""histiocyte"": 2, ""epithelium"": 1, ""apoptosis"": 2}",plasma_cell,10.0,0.0,7.0,-0.05507246376811592,0.20572746696022956,0.05170240299645282,0.22855602386472876,0.035654526938193876
p3_A5_real_s17_cv0,17,0,CV,7,plasma_cell,0.625,0.45454545454545453,0.5263157894736842,11,8,"{""tumor"": 1, ""histiocyte"": 1, ""melanophage"": 1, ""apoptosis"": 3}",apoptosis,4.0,-0.2727272727272727,3.0,-0.18055555555555558,0.07082966862607008,0.045827129928674076,0.08185650399793573,0.03517502169446422
p3_A5_real_s17_cv0,17,0,CV,7,histiocyte,0.4166666666666667,0.7142857142857143,0.5263157894736842,7,12,"{""stroma"": 1, ""endothelium"": 1}",stroma,3.0,-0.5714285714285714,7.0,-0.16267942583732053,0.17237393654055794,0.08849117374454826,0.18453211431353114,0.03252802925771344
p3_A5_real_s17_cv0,17,0,CV,7,melanophage,0.5,0.7142857142857143,0.5882352941176471,7,10,"{""tumor"": 1, ""histiocyte"": 1}",tumor,9.0,0.0,9.0,0.0,0.11508483840295526,0.05754378748356889,0.03719084559914055,0.005361359941827443
p3_A5_real_s17_cv0,17,0,CV,7,neutrophil,0.6666666666666666,0.4,0.5,5,3,"{""tumor"": 1, ""lymphocyte"": 1, ""apoptosis"": 1}",tumor,9.0,-0.19999999999999996,9.0,-0.1454545454545454,0.20968295626674174,0.08558594561210224,0.22230916401112866,0.0906029779832514
p3_A5_real_s17_cv0,17,0,CV,7,stroma,0.0,0.0,0.0,6,3,"{""tumor"": 1, ""lymphocyte"": 1, ""histiocyte"": 2, ""melanophage"": 1, ""endothelium"": 1}",histiocyte,1.0,-0.16666666666666669,9.0,-0.13333333333333336,0.03730229088608088,0.047003852394433526,0.08445256200129947,0.03718460864482585
p3_A5_real_s17_cv0,17,0,CV,7,epithelium,0.7142857142857143,0.4166666666666667,0.5263157894736842,12,7,"{""tumor"": 5, ""melanophage"": 1, ""endothelium"": 1}",tumor,3.0,-0.3333333333333333,6.0,-0.08333333333333337,0.20175439893730138,0.04416721929516359,0.046679889574645195,0.03064815371182802
p3_A5_real_s17_cv0,17,0,CV,7,endothelium,0.4,0.25,0.3076923076923077,8,5,"{""tumor"": 2, ""lymphocyte"": 1, ""histiocyte"": 1, ""stroma"": 2}",tumor,4.0,-0.125,4.0,-0.14102564102564105,0.32879883754203426,0.13216099573091522,0.12727683808402318,0.07402274596111785
p3_A5_real_s17_cv0,17,0,CV,7,apoptosis,0.2,0.5,0.2857142857142857,4,10,"{""plasma_cell"": 1, ""neutrophil"": 1}",plasma_cell,3.0,-0.5,2.0,-0.2181818181818182,0.1370245239532291,0.11226255234242723,0.04794347181260873,0.07051701808933422
p3_A5_real_s17_cv0,17,0,CV,8,tumor,0.5454545454545454,0.631578947368421,0.5853658536585366,19,22,"{""plasma_cell"": 1, ""melanophage"": 2, ""endothelium"": 1, ""apoptosis"": 3}",apoptosis,2.0,-0.052631578947368474,2.0,-0.019285309132161088,0.07426136229974609,0.04703543165448007,0.0591707681922371,0.02766967376035559
p3_A5_real_s17_cv0,17,0,CV,8,lymphocyte,0.625,0.38461538461538464,0.47619047619047616,13,8,"{""plasma_cell"": 3, ""histiocyte"": 2, ""epithelium"": 1, ""apoptosis"": 2}",plasma_cell,10.0,0.0,7.0,-0.05507246376811592,0.20572746696022956,0.05170240299645282,0.22855602386472876,0.035654526938193876
p3_A5_real_s17_cv0,17,0,CV,8,plasma_cell,0.42857142857142855,0.5454545454545454,0.48,11,14,"{""histiocyte"": 1, ""melanophage"": 1, ""apoptosis"": 3}",apoptosis,4.0,-0.2727272727272727,3.0,-0.18055555555555558,0.07082966862607008,0.045827129928674076,0.08185650399793573,0.03517502169446422
p3_A5_real_s17_cv0,17,0,CV,8,histiocyte,0.3,0.42857142857142855,0.35294117647058826,7,10,"{""plasma_cell"": 3, ""endothelium"": 1}",plasma_cell,3.0,-0.5714285714285714,7.0,-0.16267942583732053,0.17237393654055794,0.08849117374454826,0.18453211431353114,0.03252802925771344
p3_A5_real_s17_cv0,17,0,CV,8,melanophage,0.5,0.7142857142857143,0.5882352941176471,7,10,"{""tumor"": 1, ""histiocyte"": 1}",tumor,9.0,0.0,9.0,0.0,0.11508483840295526,0.05754378748356889,0.03719084559914055,0.005361359941827443
p3_A5_real_s17_cv0,17,0,CV,8,neutrophil,0.6666666666666666,0.4,0.5,5,3,"{""tumor"": 1, ""lymphocyte"": 1, ""apoptosis"": 1}",tumor,9.0,-0.19999999999999996,9.0,-0.1454545454545454,0.20968295626674174,0.08558594561210224,0.22230916401112866,0.0906029779832514
p3_A5_real_s17_cv0,17,0,CV,8,stroma,0.0,0.0,0.0,6,2,"{""tumor"": 1, ""lymphocyte"": 1, ""histiocyte"": 2, ""melanophage"": 1, ""endothelium"": 1}",histiocyte,1.0,-0.16666666666666669,9.0,-0.13333333333333336,0.03730229088608088,0.047003852394433526,0.08445256200129947,0.03718460864482585
p3_A5_real_s17_cv0,17,0,CV,8,epithelium,0.8333333333333334,0.4166666666666667,0.5555555555555556,12,6,"{""tumor"": 5, ""melanophage"": 1, ""endothelium"": 1}",tumor,3.0,-0.3333333333333333,6.0,-0.08333333333333337,0.20175439893730138,0.04416721929516359,0.046679889574645195,0.03064815371182802
p3_A5_real_s17_cv0,17,0,CV,8,endothelium,0.3333333333333333,0.25,0.2857142857142857,8,6,"{""tumor"": 2, ""lymphocyte"": 1, ""histiocyte"": 1, ""stroma"": 2}",tumor,4.0,-0.125,4.0,-0.14102564102564105,0.32879883754203426,0.13216099573091522,0.12727683808402318,0.07402274596111785
p3_A5_real_s17_cv0,17,0,CV,8,apoptosis,0.18181818181818182,0.5,0.26666666666666666,4,11,"{""plasma_cell"": 1, ""neutrophil"": 1}",plasma_cell,3.0,-0.5,2.0,-0.2181818181818182,0.1370245239532291,0.11226255234242723,0.04794347181260873,0.07051701808933422
p3_A5_real_s17_cv0,17,0,CV,9,tumor,0.5454545454545454,0.631578947368421,0.5853658536585366,19,22,"{""lymphocyte"": 1, ""plasma_cell"": 2, ""melanophage"": 2, ""endothelium"": 1, ""apoptosis"": 1}",plasma_cell,2.0,-0.052631578947368474,2.0,-0.019285309132161088,0.07426136229974609,0.04703543165448007,0.0591707681922371,0.02766967376035559
p3_A5_real_s17_cv0,17,0,CV,9,lymphocyte,0.5,0.38461538461538464,0.43478260869565216,13,10,"{""plasma_cell"": 4, ""histiocyte"": 1, ""neutrophil"": 1, ""epithelium"": 1, ""apoptosis"": 1}",plasma_cell,10.0,0.0,7.0,-0.05507246376811592,0.20572746696022956,0.05170240299645282,0.22855602386472876,0.035654526938193876
p3_A5_real_s17_cv0,17,0,CV,9,plasma_cell,0.35294117647058826,0.5454545454545454,0.42857142857142855,11,17,"{""tumor"": 2, ""lymphocyte"": 1, ""melanophage"": 1, ""apoptosis"": 1}",tumor,4.0,-0.2727272727272727,3.0,-0.18055555555555558,0.07082966862607008,0.045827129928674076,0.08185650399793573,0.03517502169446422
p3_A5_real_s17_cv0,17,0,CV,9,histiocyte,0.5,0.42857142857142855,0.46153846153846156,7,6,"{""plasma_cell"": 3, ""endothelium"": 1}",plasma_cell,3.0,-0.5714285714285714,7.0,-0.16267942583732053,0.17237393654055794,0.08849117374454826,0.18453211431353114,0.03252802925771344
p3_A5_real_s17_cv0,17,0,CV,9,melanophage,0.5454545454545454,0.8571428571428571,0.6666666666666666,7,11,"{""tumor"": 1}",tumor,9.0,0.0,9.0,0.0,0.11508483840295526,0.05754378748356889,0.03719084559914055,0.005361359941827443
p3_A5_real_s17_cv0,17,0,CV,9,neutrophil,0.5,0.6,0.5454545454545454,5,6,"{""lymphocyte"": 1, ""plasma_cell"": 1}",lymphocyte,9.0,-0.19999999999999996,9.0,-0.1454545454545454,0.20968295626674174,0.08558594561210224,0.22230916401112866,0.0906029779832514
p3_A5_real_s17_cv0,17,0,CV,9,stroma,0.5,0.3333333333333333,0.4,6,4,"{""lymphocyte"": 1, ""histiocyte"": 1, ""melanophage"": 1, ""endothelium"": 1}",lymphocyte,1.0,-0.16666666666666669,9.0,-0.13333333333333336,0.03730229088608088,0.047003852394433526,0.08445256200129947,0.03718460864482585
p3_A5_real_s17_cv0,17,0,CV,9,epithelium,0.8333333333333334,0.4166666666666667,0.5555555555555556,12,6,"{""tumor"": 5, ""melanophage"": 1, ""endothelium"": 1}",tumor,3.0,-0.3333333333333333,6.0,-0.08333333333333337,0.20175439893730138,0.04416721929516359,0.046679889574645195,0.03064815371182802
p3_A5_real_s17_cv0,17,0,CV,9,endothelium,0.3333333333333333,0.25,0.2857142857142857,8,6,"{""tumor"": 2, ""lymphocyte"": 1, ""histiocyte"": 1, ""stroma"": 2}",tumor,4.0,-0.125,4.0,-0.14102564102564105,0.32879883754203426,0.13216099573091522,0.12727683808402318,0.07402274596111785
p3_A5_real_s17_cv0,17,0,CV,9,apoptosis,0.25,0.25,0.25,4,4,"{""plasma_cell"": 1, ""neutrophil"": 2}",neutrophil,3.0,-0.5,2.0,-0.2181818181818182,0.1370245239532291,0.11226255234242723,0.04794347181260873,0.07051701808933422
p3_A5_real_s17_cv0,17,0,CV,10,tumor,0.5454545454545454,0.631578947368421,0.5853658536585366,19,22,"{""lymphocyte"": 1, ""melanophage"": 2, ""epithelium"": 1, ""endothelium"": 1, ""apoptosis"": 2}",melanophage,2.0,-0.052631578947368474,2.0,-0.019285309132161088,0.07426136229974609,0.04703543165448007,0.0591707681922371,0.02766967376035559
p3_A5_real_s17_cv0,17,0,CV,10,lymphocyte,0.4117647058823529,0.5384615384615384,0.4666666666666667,13,17,"{""plasma_cell"": 1, ""neutrophil"": 1, ""stroma"": 1, ""epithelium"": 1, ""apoptosis"": 2}",apoptosis,10.0,0.0,7.0,-0.05507246376811592,0.20572746696022956,0.05170240299645282,0.22855602386472876,0.035654526938193876
p3_A5_real_s17_cv0,17,0,CV,10,plasma_cell,0.6,0.2727272727272727,0.375,11,5,"{""tumor"": 1, ""lymphocyte"": 4, ""melanophage"": 1, ""epithelium"": 1, ""apoptosis"": 1}",lymphocyte,4.0,-0.2727272727272727,3.0,-0.18055555555555558,0.07082966862607008,0.045827129928674076,0.08185650399793573,0.03517502169446422
p3_A5_real_s17_cv0,17,0,CV,10,histiocyte,0.5,0.2857142857142857,0.36363636363636365,7,4,"{""tumor"": 1, ""lymphocyte"": 1, ""stroma"": 2, ""endothelium"": 1}",stroma,3.0,-0.5714285714285714,7.0,-0.16267942583732053,0.17237393654055794,0.08849117374454826,0.18453211431353114,0.03252802925771344
p3_A5_real_s17_cv0,17,0,CV,10,melanophage,0.5454545454545454,0.8571428571428571,0.6666666666666666,7,11,"{""tumor"": 1}",tumor,9.0,0.0,9.0,0.0,0.11508483840295526,0.05754378748356889,0.03719084559914055,0.005361359941827443
p3_A5_real_s17_cv0,17,0,CV,10,neutrophil,0.4,0.4,0.4,5,5,"{""lymphocyte"": 2, ""apoptosis"": 1}",lymphocyte,9.0,-0.19999999999999996,9.0,-0.1454545454545454,0.20968295626674174,0.08558594561210224,0.22230916401112866,0.0906029779832514
p3_A5_real_s17_cv0,17,0,CV,10,stroma,0.2222222222222222,0.3333333333333333,0.26666666666666666,6,9,"{""lymphocyte"": 1, ""histiocyte"": 1, ""melanophage"": 1, ""endothelium"": 1}",lymphocyte,1.0,-0.16666666666666669,9.0,-0.13333333333333336,0.03730229088608088,0.047003852394433526,0.08445256200129947,0.03718460864482585
p3_A5_real_s17_cv0,17,0,CV,10,epithelium,0.625,0.4166666666666667,0.5,12,8,"{""tumor"": 5, ""melanophage"": 1, ""stroma"": 1}",tumor,3.0,-0.3333333333333333,6.0,-0.08333333333333337,0.20175439893730138,0.04416721929516359,0.046679889574645195,0.03064815371182802
p3_A5_real_s17_cv0,17,0,CV,10,endothelium,0.25,0.125,0.16666666666666666,8,4,"{""tumor"": 2, ""lymphocyte"": 1, ""histiocyte"": 1, ""stroma"": 3}",stroma,4.0,-0.125,4.0,-0.14102564102564105,0.32879883754203426,0.13216099573091522,0.12727683808402318,0.07402274596111785
p3_A5_real_s17_cv0,17,0,CV,10,apoptosis,0.14285714285714285,0.25,0.18181818181818182,4,7,"{""plasma_cell"": 1, ""neutrophil"": 2}",neutrophil,3.0,-0.5,2.0,-0.2181818181818182,0.1370245239532291,0.11226255234242723,0.04794347181260873,0.07051701808933422
p3_A5_real_s17_cv1,17,1,CV,1,tumor,0.5294117647058824,0.32142857142857145,0.4,28,17,"{""plasma_cell"": 3, ""neutrophil"": 2, ""stroma"": 3, ""epithelium"": 9, ""apoptosis"": 2}",epithelium,4.0,-0.0357142857142857,4.0,-0.08199643493761144,0.07426136229974609,0.04703543165448007,0.0591707681922371,0.02766967376035559
p3_A5_real_s17_cv1,17,1,CV,1,lymphocyte,0.4,0.3333333333333333,0.36363636363636365,6,5,"{""plasma_cell"": 2, ""epithelium"": 1, ""apoptosis"": 1}",plasma_cell,2.0,-0.16666666666666669,1.0,-0.05594405594405594,0.20572746696022956,0.05170240299645282,0.22855602386472876,0.035654526938193876
p3_A5_real_s17_cv1,17,1,CV,1,plasma_cell,0.045454545454545456,0.16666666666666666,0.07142857142857142,6,22,"{""tumor"": 2, ""epithelium"": 1, ""apoptosis"": 2}",tumor,1.0,0.0,9.0,-0.0357142857142857,0.07082966862607008,0.045827129928674076,0.08185650399793573,0.03517502169446422
p3_A5_real_s17_cv1,17,1,CV,1,histiocyte,0.0,0.0,0.0,10,0,"{""lymphocyte"": 1, ""plasma_cell"": 4, ""neutrophil"": 2, ""stroma"": 1, ""epithelium"": 1, ""apoptosis"": 1}",plasma_cell,8.0,0.0,10.0,0.0,0.17237393654055794,0.08849117374454826,0.18453211431353114,0.03252802925771344
p3_A5_real_s17_cv1,17,1,CV,1,melanophage,0.0,0.0,0.0,12,0,"{""lymphocyte"": 1, ""plasma_cell"": 4, ""stroma"": 4, ""epithelium"": 2, ""apoptosis"": 1}",plasma_cell,4.0,-0.16666666666666674,4.0,-0.11822660098522175,0.11508483840295526,0.05754378748356889,0.03719084559914055,0.005361359941827443
p3_A5_real_s17_cv1,17,1,CV,1,neutrophil,0.21428571428571427,0.2727272727272727,0.24,11,14,"{""tumor"": 1, ""plasma_cell"": 1, ""stroma"": 1, ""epithelium"": 1, ""apoptosis"": 4}",apoptosis,5.0,0.0,10.0,0.0,0.20968295626674174,0.08558594561210224,0.22230916401112866,0.0906029779832514
p3_A5_real_s17_cv1,17,1,CV,1,stroma,0.0,0.0,0.0,8,13,"{""lymphocyte"": 1, ""plasma_cell"": 1, ""neutrophil"": 2, ""epithelium"": 1, ""endothelium"": 1, ""apoptosis"": 2}",neutrophil,7.0,-0.125,7.0,-0.15384615384615385,0.03730229088608088,0.047003852394433526,0.08445256200129947,0.03718460864482585
p3_A5_real_s17_cv1,17,1,CV,1,epithelium,0.05,0.14285714285714285,0.07407407407407407,7,20,"{""tumor"": 1, ""plasma_cell"": 2, ""neutrophil"": 1, ""stroma"": 1, ""apoptosis"": 1}",plasma_cell,2.0,-0.1428571428571429,10.0,0.0,0.20175439893730138,0.04416721929516359,0.046679889574645195,0.03064815371182802
p3_A5_real_s17_cv1,17,1,CV,1,endothelium,0.5,0.1111111111111111,0.18181818181818182,9,2,"{""tumor"": 1, ""plasma_cell"": 2, ""neutrophil"": 3, ""epithelium"": 1, ""apoptosis"": 1}",neutrophil,10.0,0.0,6.0,-0.025641025641025605,0.32879883754203426,0.13216099573091522,0.12727683808402318,0.07402274596111785
p3_A5_real_s17_cv1,17,1,CV,1,apoptosis,0.0625,0.08333333333333333,0.07142857142857142,12,16,"{""tumor"": 3, ""plasma_cell"": 2, ""neutrophil"": 1, ""stroma"": 3, ""epithelium"": 2}",tumor,3.0,-0.16666666666666666,8.0,-0.15000000000000002,0.1370245239532291,0.11226255234242723,0.04794347181260873,0.07051701808933422
p3_A5_real_s17_cv1,17,1,CV,2,tumor,0.40625,0.4642857142857143,0.43333333333333335,28,32,"{""lymphocyte"": 3, ""stroma"": 3, ""epithelium"": 8, ""apoptosis"": 1}",epithelium,4.0,-0.0357142857142857,4.0,-0.08199643493761144,0.07426136229974609,0.04703543165448007,0.0591707681922371,0.02766967376035559
p3_A5_real_s17_cv1,17,1,CV,2,lymphocyte,0.1111111111111111,0.5,0.18181818181818182,6,27,"{""tumor"": 1, ""stroma"": 1, ""epithelium"": 1}",tumor,2.0,-0.16666666666666669,1.0,-0.05594405594405594,0.20572746696022956,0.05170240299645282,0.22855602386472876,0.035654526938193876
p3_A5_real_s17_cv1,17,1,CV,2,plasma_cell,0.0,0.0,0.0,6,1,"{""tumor"": 3, ""lymphocyte"": 2, ""apoptosis"": 1}",tumor,1.0,0.0,9.0,-0.0357142857142857,0.07082966862607008,0.045827129928674076,0.08185650399793573,0.03517502169446422
p3_A5_real_s17_cv1,17,1,CV,2,histiocyte,0.0,0.0,0.0,10,0,"{""tumor"": 1, ""lymphocyte"": 6, ""epithelium"": 3}",lymphocyte,8.0,0.0,10.0,0.0,0.17237393654055794,0.08849117374454826,0.18453211431353114,0.03252802925771344
p3_A5_real_s17_cv1,17,1,CV,2,melanophage,1.0,0.25,0.4,12,3,"{""tumor"": 2, ""lymphocyte"": 2, ""plasma_cell"": 1, ""epithelium"": 3, ""endothelium"": 1}",epithelium,4.0,-0.16666666666666674,4.0,-0.11822660098522175,0.11508483840295526,0.05754378748356889,0.03719084559914055,0.005361359941827443
p3_A5_real_s17_cv1,17,1,CV,2,neutrophil,1.0,0.09090909090909091,0.16666666666666666,11,1,"{""tumor"": 3, ""lymphocyte"": 1, ""stroma"": 1, ""epithelium"": 3, ""endothelium"": 1, ""apoptosis"": 1}",tumor,5.0,0.0,10.0,0.0,0.20968295626674174,0.08558594561210224,0.22230916401112866,0.0906029779832514
p3_A5_real_s17_cv1,17,1,CV,2,stroma,0.0,0.0,0.0,8,6,"{""tumor"": 2, ""lymphocyte"": 3, ""epithelium"": 2, ""endothelium"": 1}",lymphocyte,7.0,-0.125,7.0,-0.15384615384615385,0.03730229088608088,0.047003852394433526,0.08445256200129947,0.03718460864482585
p3_A5_real_s17_cv1,17,1,CV,2,epithelium,0.2413793103448276,1.0,0.3888888888888889,7,29,{},none,2.0,-0.1428571428571429,10.0,0.0,0.20175439893730138,0.04416721929516359,0.046679889574645195,0.03064815371182802
p3_A5_real_s17_cv1,17,1,CV,2,endothelium,0.3333333333333333,0.2222222222222222,0.26666666666666666,9,6,"{""tumor"": 2, ""lymphocyte"": 4, ""epithelium"": 1}",lymphocyte,10.0,0.0,6.0,-0.025641025641025605,0.32879883754203426,0.13216099573091522,0.12727683808402318,0.07402274596111785
p3_A5_real_s17_cv1,17,1,CV,2,apoptosis,0.25,0.08333333333333333,0.125,12,4,"{""tumor"": 5, ""lymphocyte"": 3, ""stroma"": 1, ""epithelium"": 1, ""endothelium"": 1}",tumor,3.0,-0.16666666666666666,8.0,-0.15000000000000002,0.1370245239532291,0.11226255234242723,0.04794347181260873,0.07051701808933422
p3_A5_real_s17_cv1,17,1,CV,3,tumor,0.5185185185185185,0.5,0.509090909090909,28,27,"{""histiocyte"": 5, ""stroma"": 2, ""epithelium"": 4, ""endothelium"": 1, ""apoptosis"": 2}",histiocyte,4.0,-0.0357142857142857,4.0,-0.08199643493761144,0.07426136229974609,0.04703543165448007,0.0591707681922371,0.02766967376035559
p3_A5_real_s17_cv1,17,1,CV,3,lymphocyte,0.25,0.3333333333333333,0.2857142857142857,6,8,"{""tumor"": 1, ""histiocyte"": 2, ""melanophage"": 1}",histiocyte,2.0,-0.16666666666666669,1.0,-0.05594405594405594,0.20572746696022956,0.05170240299645282,0.22855602386472876,0.035654526938193876
p3_A5_real_s17_cv1,17,1,CV,3,plasma_cell,0.0,0.0,0.0,6,0,"{""tumor"": 2, ""histiocyte"": 1, ""endothelium"": 1, ""apoptosis"": 2}",tumor,1.0,0.0,9.0,-0.0357142857142857,0.07082966862607008,0.045827129928674076,0.08185650399793573,0.03517502169446422
p3_A5_real_s17_cv1,17,1,CV,3,histiocyte,0.1111111111111111,0.2,0.14285714285714285,10,18,"{""tumor"": 1, ""lymphocyte"": 4, ""neutrophil"": 1, ""epithelium"": 1, ""endothelium"": 1}",lymphocyte,8.0,0.0,10.0,0.0,0.17237393654055794,0.08849117374454826,0.18453211431353114,0.03252802925771344
p3_A5_real_s17_cv1,17,1,CV,3,melanophage,0.7777777777777778,0.5833333333333334,0.6666666666666666,12,9,"{""tumor"": 3, ""lymphocyte"": 1, ""endothelium"": 1}",tumor,4.0,-0.16666666666666674,4.0,-0.11822660098522175,0.11508483840295526,0.05754378748356889,0.03719084559914055,0.005361359941827443
p3_A5_real_s17_cv1,17,1,CV,3,neutrophil,0.5,0.2727272727272727,0.35294117647058826,11,6,"{""tumor"": 1, ""stroma"": 1, ""endothelium"": 2, ""apoptosis"": 4}",apoptosis,5.0,0.0,10.0,0.0,0.20968295626674174,0.08558594561210224,0.22230916401112866,0.0906029779832514
p3_A5_real_s17_cv1,17,1,CV,3,stroma,0.0,0.0,0.0,8,3,"{""tumor"": 1, ""histiocyte"": 4, ""neutrophil"": 1, ""endothelium"": 2}",histiocyte,7.0,-0.125,7.0,-0.15384615384615385,0.03730229088608088,0.047003852394433526,0.08445256200129947,0.03718460864482585
p3_A5_real_s17_cv1,17,1,CV,3,epithelium,0.46153846153846156,0.8571428571428571,0.6,7,13,"{""tumor"": 1}",tumor,2.0,-0.1428571428571429,10.0,0.0,0.20175439893730138,0.04416721929516359,0.046679889574645195,0.03064815371182802
p3_A5_real_s17_cv1,17,1,CV,3,endothelium,0.16666666666666666,0.2222222222222222,0.19047619047619047,9,12,"{""tumor"": 1, ""lymphocyte"": 1, ""histiocyte"": 2, ""melanophage"": 1, ""epithelium"": 1, ""apoptosis"": 1}",histiocyte,10.0,0.0,6.0,-0.025641025641025605,0.32879883754203426,0.13216099573091522,0.12727683808402318,0.07402274596111785
p3_A5_real_s17_cv1,17,1,CV,3,apoptosis,0.3076923076923077,0.3333333333333333,0.32,12,13,"{""tumor"": 2, ""histiocyte"": 2, ""neutrophil"": 1, ""epithelium"": 1, ""endothelium"": 2}",tumor,3.0,-0.16666666666666666,8.0,-0.15000000000000002,0.1370245239532291,0.11226255234242723,0.04794347181260873,0.07051701808933422
p3_A5_real_s17_cv1,17,1,CV,4,tumor,0.6956521739130435,0.5714285714285714,0.6274509803921569,28,23,"{""histiocyte"": 3, ""melanophage"": 3, ""epithelium"": 4, ""apoptosis"": 2}",epithelium,4.0,-0.0357142857142857,4.0,-0.08199643493761144,0.07426136229974609,0.04703543165448007,0.0591707681922371,0.02766967376035559
p3_A5_real_s17_cv1,17,1,CV,4,lymphocyte,0.17647058823529413,0.5,0.2608695652173913,6,17,"{""tumor"": 1, ""histiocyte"": 1, ""melanophage"": 1}",tumor,2.0,-0.16666666666666669,1.0,-0.05594405594405594,0.20572746696022956,0.05170240299645282,0.22855602386472876,0.035654526938193876
p3_A5_real_s17_cv1,17,1,CV,4,plasma_cell,0.0,0.0,0.0,6,0,"{""tumor"": 2, ""lymphocyte"": 1, ""histiocyte"": 1, ""apoptosis"": 2}",tumor,1.0,0.0,9.0,-0.0357142857142857,0.07082966862607008,0.045827129928674076,0.08185650399793573,0.03517502169446422
p3_A5_real_s17_cv1,17,1,CV,4,histiocyte,0.18181818181818182,0.2,0.19047619047619047,10,11,"{""lymphocyte"": 5, ""neutrophil"": 1, ""epithelium"": 1, ""endothelium"": 1}",lymphocyte,8.0,0.0,10.0,0.0,0.17237393654055794,0.08849117374454826,0.18453211431353114,0.03252802925771344
p3_A5_real_s17_cv1,17,1,CV,4,melanophage,0.5882352941176471,0.8333333333333334,0.6896551724137931,12,17,"{""tumor"": 1, ""lymphocyte"": 1}",tumor,4.0,-0.16666666666666674,4.0,-0.11822660098522175,0.11508483840295526,0.05754378748356889,0.03719084559914055,0.005361359941827443
p3_A5_real_s17_cv1,17,1,CV,4,neutrophil,0.6666666666666666,0.5454545454545454,0.6,11,9,"{""melanophage"": 1, ""stroma"": 1, ""endothelium"": 1, ""apoptosis"": 2}",apoptosis,5.0,0.0,10.0,0.0,0.20968295626674174,0.08558594561210224,0.22230916401112866,0.0906029779832514
p3_A5_real_s17_cv1,17,1,CV,4,stroma,0.0,0.0,0.0,8,1,"{""lymphocyte"": 2, ""histiocyte"": 2, ""neutrophil"": 1, ""endothelium"": 2, ""apoptosis"": 1}",lymphocyte,7.0,-0.125,7.0,-0.15384615384615385,0.03730229088608088,0.047003852394433526,0.08445256200129947,0.03718460864482585
p3_A5_real_s17_cv1,17,1,CV,4,epithelium,0.5,0.8571428571428571,0.631578947368421,7,12,"{""tumor"": 1}",tumor,2.0,-0.1428571428571429,10.0,0.0,0.20175439893730138,0.04416721929516359,0.046679889574645195,0.03064815371182802
p3_A5_real_s17_cv1,17,1,CV,4,endothelium,0.2857142857142857,0.2222222222222222,0.25,9,7,"{""tumor"": 1, ""lymphocyte"": 2, ""histiocyte"": 1, ""melanophage"": 1, ""epithelium"": 1, ""apoptosis"": 1}",lymphocyte,10.0,0.0,6.0,-0.025641025641025605,0.32879883754203426,0.13216099573091522,0.12727683808402318,0.07402274596111785
p3_A5_real_s17_cv1,17,1,CV,4,apoptosis,0.3333333333333333,0.3333333333333333,0.3333333333333333,12,12,"{""tumor"": 1, ""lymphocyte"": 3, ""histiocyte"": 1, ""melanophage"": 1, ""neutrophil"": 1, ""endothelium"": 1}",lymphocyte,3.0,-0.16666666666666666,8.0,-0.15000000000000002,0.1370245239532291,0.11226255234242723,0.04794347181260873,0.07051701808933422
p3_A5_real_s17_cv1,17,1,CV,5,tumor,0.5185185185185185,0.5,0.509090909090909,28,27,"{""plasma_cell"": 2, ""histiocyte"": 3, ""melanophage"": 3, ""epithelium"": 4, ""apoptosis"": 2}",epithelium,4.0,-0.0357142857142857,4.0,-0.08199643493761144,0.07426136229974609,0.04703543165448007,0.0591707681922371,0.02766967376035559
p3_A5_real_s17_cv1,17,1,CV,5,lymphocyte,0.2,0.5,0.2857142857142857,6,15,"{""tumor"": 1, ""histiocyte"": 1, ""melanophage"": 1}",tumor,2.0,-0.16666666666666669,1.0,-0.05594405594405594,0.20572746696022956,0.05170240299645282,0.22855602386472876,0.035654526938193876
p3_A5_real_s17_cv1,17,1,CV,5,plasma_cell,0.16666666666666666,0.16666666666666666,0.16666666666666666,6,6,"{""tumor"": 3, ""lymphocyte"": 1, ""apoptosis"": 1}",tumor,1.0,0.0,9.0,-0.0357142857142857,0.07082966862607008,0.045827129928674076,0.08185650399793573,0.03517502169446422
p3_A5_real_s17_cv1,17,1,CV,5,histiocyte,0.14285714285714285,0.1,0.11764705882352941,10,7,"{""tumor"": 1, ""lymphocyte"": 4, ""plasma_cell"": 1, ""neutrophil"": 1, ""stroma"": 1, ""endothelium"": 1}",lymphocyte,8.0,0.0,10.0,0.0,0.17237393654055794,0.08849117374454826,0.18453211431353114,0.03252802925771344
p3_A5_real_s17_cv1,17,1,CV,5,melanophage,0.5882352941176471,0.8333333333333334,0.6896551724137931,12,17,"{""tumor"": 1, ""lymphocyte"": 1}",tumor,4.0,-0.16666666666666674,4.0,-0.11822660098522175,0.11508483840295526,0.05754378748356889,0.03719084559914055,0.005361359941827443
p3_A5_real_s17_cv1,17,1,CV,5,neutrophil,0.7,0.6363636363636364,0.6666666666666666,11,10,"{""tumor"": 1, ""melanophage"": 1, ""stroma"": 1, ""apoptosis"": 1}",tumor,5.0,0.0,10.0,0.0,0.20968295626674174,0.08558594561210224,0.22230916401112866,0.0906029779832514
p3_A5_real_s17_cv1,17,1,CV,5,stroma,0.0,0.0,0.0,8,3,"{""tumor"": 2, ""lymphocyte"": 2, ""plasma_cell"": 1, ""histiocyte"": 1, ""neutrophil"": 1, ""endothelium"": 1}",tumor,7.0,-0.125,7.0,-0.15384615384615385,0.03730229088608088,0.047003852394433526,0.08445256200129947,0.03718460864482585
p3_A5_real_s17_cv1,17,1,CV,5,epithelium,0.5,0.7142857142857143,0.5882352941176471,7,10,"{""tumor"": 1, ""stroma"": 1}",tumor,2.0,-0.1428571428571429,10.0,0.0,0.20175439893730138,0.04416721929516359,0.046679889574645195,0.03064815371182802
p3_A5_real_s17_cv1,17,1,CV,5,endothelium,0.4,0.2222222222222222,0.2857142857142857,9,5,"{""tumor"": 1, ""lymphocyte"": 2, ""histiocyte"": 1, ""melanophage"": 1, ""epithelium"": 1, ""apoptosis"": 1}",lymphocyte,10.0,0.0,6.0,-0.025641025641025605,0.32879883754203426,0.13216099573091522,0.12727683808402318,0.07402274596111785
p3_A5_real_s17_cv1,17,1,CV,5,apoptosis,0.4444444444444444,0.3333333333333333,0.38095238095238093,12,9,"{""tumor"": 2, ""lymphocyte"": 2, ""plasma_cell"": 1, ""melanophage"": 1, ""neutrophil"": 1, ""endothelium"": 1}",tumor,3.0,-0.16666666666666666,8.0,-0.15000000000000002,0.1370245239532291,0.11226255234242723,0.04794347181260873,0.07051701808933422
p3_A5_real_s17_cv1,17,1,CV,6,tumor,0.625,0.5357142857142857,0.5769230769230769,28,24,"{""plasma_cell"": 1, ""histiocyte"": 3, ""melanophage"": 1, ""stroma"": 1, ""epithelium"": 5, ""apoptosis"": 2}",epithelium,4.0,-0.0357142857142857,4.0,-0.08199643493761144,0.07426136229974609,0.04703543165448007,0.0591707681922371,0.02766967376035559
p3_A5_real_s17_cv1,17,1,CV,6,lymphocyte,0.16666666666666666,0.5,0.25,6,18,"{""tumor"": 1, ""histiocyte"": 1, ""melanophage"": 1}",tumor,2.0,-0.16666666666666669,1.0,-0.05594405594405594,0.20572746696022956,0.05170240299645282,0.22855602386472876,0.035654526938193876
p3_A5_real_s17_cv1,17,1,CV,6,plasma_cell,0.25,0.16666666666666666,0.2,6,4,"{""tumor"": 1, ""lymphocyte"": 1, ""neutrophil"": 1, ""apoptosis"": 2}",apoptosis,1.0,0.0,9.0,-0.0357142857142857,0.07082966862607008,0.045827129928674076,0.08185650399793573,0.03517502169446422
p3_A5_real_s17_cv1,17,1,CV,6,histiocyte,0.14285714285714285,0.1,0.11764705882352941,10,7,"{""lymphocyte"": 6, ""neutrophil"": 1, ""stroma"": 1, ""epithelium"": 1}",lymphocyte,8.0,0.0,10.0,0.0,0.17237393654055794,0.08849117374454826,0.18453211431353114,0.03252802925771344
p3_A5_real_s17_cv1,17,1,CV,6,melanophage,0.5833333333333334,0.5833333333333334,0.5833333333333334,12,12,"{""tumor"": 2, ""lymphocyte"": 1, ""plasma_cell"": 1, ""epithelium"": 1}",tumor,4.0,-0.16666666666666674,4.0,-0.11822660098522175,0.11508483840295526,0.05754378748356889,0.03719084559914055,0.005361359941827443
p3_A5_real_s17_cv1,17,1,CV,6,neutrophil,0.5833333333333334,0.6363636363636364,0.6086956521739131,11,12,"{""tumor"": 1, ""melanophage"": 1, ""stroma"": 1, ""apoptosis"": 1}",tumor,5.0,0.0,10.0,0.0,0.20968295626674174,0.08558594561210224,0.22230916401112866,0.0906029779832514
p3_A5_real_s17_cv1,17,1,CV,6,stroma,0.0,0.0,0.0,8,3,"{""tumor"": 2, ""lymphocyte"": 2, ""histiocyte"": 1, ""neutrophil"": 1, ""endothelium"": 1, ""apoptosis"": 1}",tumor,7.0,-0.125,7.0,-0.15384615384615385,0.03730229088608088,0.047003852394433526,0.08445256200129947,0.03718460864482585
p3_A5_real_s17_cv1,17,1,CV,6,epithelium,0.4666666666666667,1.0,0.6363636363636364,7,15,{},none,2.0,-0.1428571428571429,10.0,0.0,0.20175439893730138,0.04416721929516359,0.046679889574645195,0.03064815371182802
p3_A5_real_s17_cv1,17,1,CV,6,endothelium,0.6666666666666666,0.2222222222222222,0.3333333333333333,9,3,"{""tumor"": 1, ""lymphocyte"": 2, ""histiocyte"": 1, ""melanophage"": 1, ""epithelium"": 1, ""apoptosis"": 1}",lymphocyte,10.0,0.0,6.0,-0.025641025641025605,0.32879883754203426,0.13216099573091522,0.12727683808402318,0.07402274596111785
p3_A5_real_s17_cv1,17,1,CV,6,apoptosis,0.36363636363636365,0.3333333333333333,0.34782608695652173,12,11,"{""tumor"": 1, ""lymphocyte"": 3, ""plasma_cell"": 1, ""melanophage"": 1, ""neutrophil"": 2}",lymphocyte,3.0,-0.16666666666666666,8.0,-0.15000000000000002,0.1370245239532291,0.11226255234242723,0.04794347181260873,0.07051701808933422
p3_A5_real_s17_cv1,17,1,CV,7,tumor,0.6521739130434783,0.5357142857142857,0.5882352941176471,28,23,"{""plasma_cell"": 1, ""histiocyte"": 3, ""melanophage"": 1, ""stroma"": 1, ""epithelium"": 5, ""apoptosis"": 2}",epithelium,4.0,-0.0357142857142857,4.0,-0.08199643493761144,0.07426136229974609,0.04703543165448007,0.0591707681922371,0.02766967376035559
p3_A5_real_s17_cv1,17,1,CV,7,lymphocyte,0.11764705882352941,0.3333333333333333,0.17391304347826086,6,17,"{""tumor"": 1, ""histiocyte"": 2, ""melanophage"": 1}",histiocyte,2.0,-0.16666666666666669,1.0,-0.05594405594405594,0.20572746696022956,0.05170240299645282,0.22855602386472876,0.035654526938193876
p3_A5_real_s17_cv1,17,1,CV,7,plasma_cell,0.5,0.16666666666666666,0.25,6,2,"{""tumor"": 1, ""lymphocyte"": 1, ""neutrophil"": 1, ""apoptosis"": 2}",apoptosis,1.0,0.0,9.0,-0.0357142857142857,0.07082966862607008,0.045827129928674076,0.08185650399793573,0.03517502169446422
p3_A5_real_s17_cv1,17,1,CV,7,histiocyte,0.09090909090909091,0.1,0.09523809523809523,10,11,"{""lymphocyte"": 6, ""neutrophil"": 1, ""stroma"": 1, ""epithelium"": 1}",lymphocyte,8.0,0.0,10.0,0.0,0.17237393654055794,0.08849117374454826,0.18453211431353114,0.03252802925771344
p3_A5_real_s17_cv1,17,1,CV,7,melanophage,0.6363636363636364,0.5833333333333334,0.6086956521739131,12,11,"{""tumor"": 2, ""lymphocyte"": 2, ""epithelium"": 1}",tumor,4.0,-0.16666666666666674,4.0,-0.11822660098522175,0.11508483840295526,0.05754378748356889,0.03719084559914055,0.005361359941827443
p3_A5_real_s17_cv1,17,1,CV,7,neutrophil,0.5833333333333334,0.6363636363636364,0.6086956521739131,11,12,"{""tumor"": 1, ""melanophage"": 1, ""stroma"": 1, ""apoptosis"": 1}",tumor,5.0,0.0,10.0,0.0,0.20968295626674174,0.08558594561210224,0.22230916401112866,0.0906029779832514
p3_A5_real_s17_cv1,17,1,CV,7,stroma,0.2,0.125,0.15384615384615385,8,5,"{""tumor"": 1, ""lymphocyte"": 1, ""histiocyte"": 2, ""neutrophil"": 1, ""endothelium"": 1, ""apoptosis"": 1}",histiocyte,7.0,-0.125,7.0,-0.15384615384615385,0.03730229088608088,0.047003852394433526,0.08445256200129947,0.03718460864482585
p3_A5_real_s17_cv1,17,1,CV,7,epithelium,0.4666666666666667,1.0,0.6363636363636364,7,15,{},none,2.0,-0.1428571428571429,10.0,0.0,0.20175439893730138,0.04416721929516359,0.046679889574645195,0.03064815371182802
p3_A5_real_s17_cv1,17,1,CV,7,endothelium,0.5,0.1111111111111111,0.18181818181818182,9,2,"{""tumor"": 1, ""lymphocyte"": 2, ""histiocyte"": 2, ""melanophage"": 1, ""epithelium"": 1, ""apoptosis"": 1}",lymphocyte,10.0,0.0,6.0,-0.025641025641025605,0.32879883754203426,0.13216099573091522,0.12727683808402318,0.07402274596111785
p3_A5_real_s17_cv1,17,1,CV,7,apoptosis,0.36363636363636365,0.3333333333333333,0.34782608695652173,12,11,"{""tumor"": 1, ""lymphocyte"": 3, ""histiocyte"": 1, ""neutrophil"": 2, ""stroma"": 1}",lymphocyte,3.0,-0.16666666666666666,8.0,-0.15000000000000002,0.1370245239532291,0.11226255234242723,0.04794347181260873,0.07051701808933422
p3_A5_real_s17_cv1,17,1,CV,8,tumor,0.625,0.5357142857142857,0.5769230769230769,28,24,"{""plasma_cell"": 1, ""histiocyte"": 4, ""melanophage"": 1, ""stroma"": 1, ""epithelium"": 5, ""apoptosis"": 1}",epithelium,4.0,-0.0357142857142857,4.0,-0.08199643493761144,0.07426136229974609,0.04703543165448007,0.0591707681922371,0.02766967376035559
p3_A5_real_s17_cv1,17,1,CV,8,lymphocyte,0.1111111111111111,0.3333333333333333,0.16666666666666666,6,18,"{""tumor"": 1, ""histiocyte"": 2, ""melanophage"": 1}",histiocyte,2.0,-0.16666666666666669,1.0,-0.05594405594405594,0.20572746696022956,0.05170240299645282,0.22855602386472876,0.035654526938193876
p3_A5_real_s17_cv1,17,1,CV,8,plasma_cell,0.0,0.0,0.0,6,1,"{""tumor"": 1, ""lymphocyte"": 2, ""histiocyte"": 1, ""neutrophil"": 1, ""apoptosis"": 1}",lymphocyte,1.0,0.0,9.0,-0.0357142857142857,0.07082966862607008,0.045827129928674076,0.08185650399793573,0.03517502169446422
p3_A5_real_s17_cv1,17,1,CV,8,histiocyte,0.21428571428571427,0.3,0.25,10,14,"{""lymphocyte"": 5, ""stroma"": 1, ""endothelium"": 1}",lymphocyte,8.0,0.0,10.0,0.0,0.17237393654055794,0.08849117374454826,0.18453211431353114,0.03252802925771344
p3_A5_real_s17_cv1,17,1,CV,8,melanophage,0.6363636363636364,0.5833333333333334,0.6086956521739131,12,11,"{""tumor"": 2, ""lymphocyte"": 2, ""epithelium"": 1}",tumor,4.0,-0.16666666666666674,4.0,-0.11822660098522175,0.11508483840295526,0.05754378748356889,0.03719084559914055,0.005361359941827443
p3_A5_real_s17_cv1,17,1,CV,8,neutrophil,0.6363636363636364,0.6363636363636364,0.6363636363636364,11,11,"{""tumor"": 1, ""lymphocyte"": 1, ""melanophage"": 1, ""stroma"": 1}",tumor,5.0,0.0,10.0,0.0,0.20968295626674174,0.08558594561210224,0.22230916401112866,0.0906029779832514
p3_A5_real_s17_cv1,17,1,CV,8,stroma,0.16666666666666666,0.125,0.14285714285714285,8,6,"{""tumor"": 1, ""lymphocyte"": 1, ""histiocyte"": 2, ""neutrophil"": 1, ""endothelium"": 1, ""apoptosis"": 1}",histiocyte,7.0,-0.125,7.0,-0.15384615384615385,0.03730229088608088,0.047003852394433526,0.08445256200129947,0.03718460864482585
p3_A5_real_s17_cv1,17,1,CV,8,epithelium,0.4166666666666667,0.7142857142857143,0.5263157894736842,7,12,"{""tumor"": 1, ""stroma"": 1}",tumor,2.0,-0.1428571428571429,10.0,0.0,0.20175439893730138,0.04416721929516359,0.046679889574645195,0.03064815371182802
p3_A5_real_s17_cv1,17,1,CV,8,endothelium,0.5,0.2222222222222222,0.3076923076923077,9,4,"{""tumor"": 1, ""lymphocyte"": 2, ""histiocyte"": 1, ""melanophage"": 1, ""epithelium"": 1, ""apoptosis"": 1}",lymphocyte,10.0,0.0,6.0,-0.025641025641025605,0.32879883754203426,0.13216099573091522,0.12727683808402318,0.07402274596111785
p3_A5_real_s17_cv1,17,1,CV,8,apoptosis,0.5,0.3333333333333333,0.4,12,8,"{""tumor"": 1, ""lymphocyte"": 3, ""histiocyte"": 1, ""neutrophil"": 2, ""stroma"": 1}",lymphocyte,3.0,-0.16666666666666666,8.0,-0.15000000000000002,0.1370245239532291,0.11226255234242723,0.04794347181260873,0.07051701808933422
p3_A5_real_s17_cv1,17,1,CV,9,tumor,0.6521739130434783,0.5357142857142857,0.5882352941176471,28,23,"{""histiocyte"": 4, ""melanophage"": 4, ""epithelium"": 4, ""apoptosis"": 1}",histiocyte,4.0,-0.0357142857142857,4.0,-0.08199643493761144,0.07426136229974609,0.04703543165448007,0.0591707681922371,0.02766967376035559
p3_A5_real_s17_cv1,17,1,CV,9,lymphocyte,0.2,0.3333333333333333,0.25,6,10,"{""tumor"": 1, ""histiocyte"": 1, ""melanophage"": 1, ""endothelium"": 1}",tumor,2.0,-0.16666666666666669,1.0,-0.05594405594405594,0.20572746696022956,0.05170240299645282,0.22855602386472876,0.035654526938193876
p3_A5_real_s17_cv1,17,1,CV,9,plasma_cell,1.0,0.16666666666666666,0.2857142857142857,6,1,"{""tumor"": 1, ""histiocyte"": 2, ""neutrophil"": 1, ""apoptosis"": 1}",histiocyte,1.0,0.0,9.0,-0.0357142857142857,0.07082966862607008,0.045827129928674076,0.08185650399793573,0.03517502169446422
p3_A5_real_s17_cv1,17,1,CV,9,histiocyte,0.2,0.3,0.24,10,15,"{""tumor"": 1, ""lymphocyte"": 3, ""stroma"": 1, ""endothelium"": 2}",lymphocyte,8.0,0.0,10.0,0.0,0.17237393654055794,0.08849117374454826,0.18453211431353114,0.03252802925771344
p3_A5_real_s17_cv1,17,1,CV,9,melanophage,0.5,0.6666666666666666,0.5714285714285714,12,16,"{""tumor"": 2, ""lymphocyte"": 1, ""epithelium"": 1}",tumor,4.0,-0.16666666666666674,4.0,-0.11822660098522175,0.11508483840295526,0.05754378748356889,0.03719084559914055,0.005361359941827443
p3_A5_real_s17_cv1,17,1,CV,9,neutrophil,0.7,0.6363636363636364,0.6666666666666666,11,10,"{""tumor"": 1, ""melanophage"": 1, ""stroma"": 2}",stroma,5.0,0.0,10.0,0.0,0.20968295626674174,0.08558594561210224,0.22230916401112866,0.0906029779832514
p3_A5_real_s17_cv1,17,1,CV,9,stroma,0.0,0.0,0.0,8,5,"{""histiocyte"": 2, ""neutrophil"": 1, ""endothelium"": 4, ""apoptosis"": 1}",endothelium,7.0,-0.125,7.0,-0.15384615384615385,0.03730229088608088,0.047003852394433526,0.08445256200129947,0.03718460864482585
p3_A5_real_s17_cv1,17,1,CV,9,epithelium,0.5,0.8571428571428571,0.631578947368421,7,12,"{""stroma"": 1}",stroma,2.0,-0.1428571428571429,10.0,0.0,0.20175439893730138,0.04416721929516359,0.046679889574645195,0.03064815371182802
p3_A5_real_s17_cv1,17,1,CV,9,endothelium,0.2,0.2222222222222222,0.21052631578947367,9,10,"{""tumor"": 1, ""lymphocyte"": 1, ""histiocyte"": 2, ""melanophage"": 1, ""epithelium"": 1, ""apoptosis"": 1}",histiocyte,10.0,0.0,6.0,-0.025641025641025605,0.32879883754203426,0.13216099573091522,0.12727683808402318,0.07402274596111785
p3_A5_real_s17_cv1,17,1,CV,9,apoptosis,0.42857142857142855,0.25,0.3157894736842105,12,7,"{""tumor"": 1, ""lymphocyte"": 3, ""histiocyte"": 1, ""melanophage"": 1, ""neutrophil"": 1, ""stroma"": 1, ""endothelium"": 1}",lymphocyte,3.0,-0.16666666666666666,8.0,-0.15000000000000002,0.1370245239532291,0.11226255234242723,0.04794347181260873,0.07051701808933422
p3_A5_real_s17_cv1,17,1,CV,10,tumor,0.5555555555555556,0.5357142857142857,0.5454545454545454,28,27,"{""histiocyte"": 3, ""melanophage"": 4, ""epithelium"": 3, ""endothelium"": 2, ""apoptosis"": 1}",melanophage,4.0,-0.0357142857142857,4.0,-0.08199643493761144,0.07426136229974609,0.04703543165448007,0.0591707681922371,0.02766967376035559
p3_A5_real_s17_cv1,17,1,CV,10,lymphocyte,0.2857142857142857,0.3333333333333333,0.3076923076923077,6,7,"{""tumor"": 1, ""histiocyte"": 1, ""melanophage"": 1, ""endothelium"": 1}",tumor,2.0,-0.16666666666666669,1.0,-0.05594405594405594,0.20572746696022956,0.05170240299645282,0.22855602386472876,0.035654526938193876
p3_A5_real_s17_cv1,17,1,CV,10,plasma_cell,0.5,0.16666666666666666,0.25,6,2,"{""tumor"": 1, ""histiocyte"": 1, ""neutrophil"": 1, ""endothelium"": 1, ""apoptosis"": 1}",tumor,1.0,0.0,9.0,-0.0357142857142857,0.07082966862607008,0.045827129928674076,0.08185650399793573,0.03517502169446422
p3_A5_real_s17_cv1,17,1,CV,10,histiocyte,0.23076923076923078,0.3,0.2608695652173913,10,13,"{""tumor"": 1, ""lymphocyte"": 3, ""stroma"": 1, ""endothelium"": 2}",lymphocyte,8.0,0.0,10.0,0.0,0.17237393654055794,0.08849117374454826,0.18453211431353114,0.03252802925771344
p3_A5_real_s17_cv1,17,1,CV,10,melanophage,0.5,0.6666666666666666,0.5714285714285714,12,16,"{""tumor"": 2, ""lymphocyte"": 1, ""epithelium"": 1}",tumor,4.0,-0.16666666666666674,4.0,-0.11822660098522175,0.11508483840295526,0.05754378748356889,0.03719084559914055,0.005361359941827443
p3_A5_real_s17_cv1,17,1,CV,10,neutrophil,0.7777777777777778,0.6363636363636364,0.7,11,9,"{""tumor"": 1, ""melanophage"": 1, ""stroma"": 1, ""endothelium"": 1}",tumor,5.0,0.0,10.0,0.0,0.20968295626674174,0.08558594561210224,0.22230916401112866,0.0906029779832514
p3_A5_real_s17_cv1,17,1,CV,10,stroma,0.0,0.0,0.0,8,3,"{""tumor"": 1, ""plasma_cell"": 1, ""histiocyte"": 2, ""endothelium"": 4}",endothelium,7.0,-0.125,7.0,-0.15384615384615385,0.03730229088608088,0.047003852394433526,0.08445256200129947,0.03718460864482585
p3_A5_real_s17_cv1,17,1,CV,10,epithelium,0.5454545454545454,0.8571428571428571,0.6666666666666666,7,11,"{""tumor"": 1}",tumor,2.0,-0.1428571428571429,10.0,0.0,0.20175439893730138,0.04416721929516359,0.046679889574645195,0.03064815371182802
p3_A5_real_s17_cv1,17,1,CV,10,endothelium,0.23529411764705882,0.4444444444444444,0.3076923076923077,9,17,"{""tumor"": 2, ""histiocyte"": 1, ""melanophage"": 1, ""epithelium"": 1}",tumor,10.0,0.0,6.0,-0.025641025641025605,0.32879883754203426,0.13216099573091522,0.12727683808402318,0.07402274596111785
p3_A5_real_s17_cv1,17,1,CV,10,apoptosis,0.5,0.16666666666666666,0.25,12,4,"{""tumor"": 2, ""lymphocyte"": 1, ""histiocyte"": 2, ""melanophage"": 1, ""neutrophil"": 1, ""stroma"": 1, ""endothelium"": 2}",tumor,3.0,-0.16666666666666666,8.0,-0.15000000000000002,0.1370245239532291,0.11226255234242723,0.04794347181260873,0.07051701808933422
p3_A5_real_s17_cv2,17,2,CV,1,tumor,1.0,0.041666666666666664,0.08,24,1,"{""lymphocyte"": 5, ""histiocyte"": 2, ""stroma"": 3, ""epithelium"": 12, ""apoptosis"": 1}",epithelium,9.0,-0.16666666666666674,9.0,-0.0038461538461538325,0.07426136229974609,0.04703543165448007,0.0591707681922371,0.02766967376035559
p3_A5_real_s17_cv2,17,2,CV,1,lymphocyte,0.3,0.3333333333333333,0.3157894736842105,18,20,"{""histiocyte"": 4, ""neutrophil"": 2, ""stroma"": 3, ""epithelium"": 2, ""endothelium"": 1}",histiocyte,3.0,0.0,9.0,0.0,0.20572746696022956,0.05170240299645282,0.22855602386472876,0.035654526938193876
p3_A5_real_s17_cv2,17,2,CV,1,plasma_cell,0.0,0.0,0.0,7,1,"{""lymphocyte"": 3, ""stroma"": 2, ""epithelium"": 2}",lymphocyte,4.0,0.0,5.0,-0.1647058823529412,0.07082966862607008,0.045827129928674076,0.08185650399793573,0.03517502169446422
p3_A5_real_s17_cv2,17,2,CV,1,histiocyte,0.0,0.0,0.0,7,6,"{""lymphocyte"": 2, ""stroma"": 2, ""epithelium"": 2, ""endothelium"": 1}",lymphocyte,6.0,-0.2857142857142857,6.0,-0.11888111888111885,0.17237393654055794,0.08849117374454826,0.18453211431353114,0.03252802925771344
p3_A5_real_s17_cv2,17,2,CV,1,melanophage,0.0,0.0,0.0,5,0,"{""lymphocyte"": 1, ""stroma"": 1, ""epithelium"": 2, ""endothelium"": 1}",epithelium,3.0,-0.20000000000000007,4.0,-0.0714285714285714,0.11508483840295526,0.05754378748356889,0.03719084559914055,0.005361359941827443
p3_A5_real_s17_cv2,17,2,CV,1,neutrophil,0.3333333333333333,0.25,0.2857142857142857,8,6,"{""lymphocyte"": 2, ""stroma"": 1, ""epithelium"": 2, ""apoptosis"": 1}",lymphocyte,7.0,-0.125,8.0,-0.017857142857142905,0.20968295626674174,0.08558594561210224,0.22230916401112866,0.0906029779832514
p3_A5_real_s17_cv2,17,2,CV,1,stroma,0.2727272727272727,0.6,0.375,10,22,"{""plasma_cell"": 1, ""epithelium"": 2, ""apoptosis"": 1}",epithelium,4.0,-0.6000000000000001,9.0,-0.19999999999999996,0.03730229088608088,0.047003852394433526,0.08445256200129947,0.03718460864482585
p3_A5_real_s17_cv2,17,2,CV,1,epithelium,0.09090909090909091,0.6,0.15789473684210525,5,33,"{""stroma"": 1, ""endothelium"": 1}",stroma,5.0,-0.4,7.0,-0.3090909090909091,0.20175439893730138,0.04416721929516359,0.046679889574645195,0.03064815371182802
p3_A5_real_s17_cv2,17,2,CV,1,endothelium,0.2,0.14285714285714285,0.16666666666666666,7,5,"{""lymphocyte"": 1, ""stroma"": 2, ""epithelium"": 2, ""apoptosis"": 1}",stroma,6.0,0.0,6.0,-0.17142857142857143,0.32879883754203426,0.13216099573091522,0.12727683808402318,0.07402274596111785
p3_A5_real_s17_cv2,17,2,CV,1,apoptosis,0.2,0.125,0.15384615384615385,8,5,"{""neutrophil"": 2, ""stroma"": 1, ""epithelium"": 4}",epithelium,5.0,-0.125,5.0,-0.0862745098039216,0.1370245239532291,0.11226255234242723,0.04794347181260873,0.07051701808933422
p3_A5_real_s17_cv2,17,2,CV,2,tumor,0.6666666666666666,0.3333333333333333,0.4444444444444444,24,12,"{""lymphocyte"": 2, ""histiocyte"": 6, ""melanophage"": 3, ""stroma"": 1, ""epithelium"": 1, ""endothelium"": 2, ""apoptosis"": 1}",histiocyte,9.0,-0.16666666666666674,9.0,-0.0038461538461538325,0.07426136229974609,0.04703543165448007,0.0591707681922371,0.02766967376035559
p3_A5_real_s17_cv2,17,2,CV,2,lymphocyte,0.5454545454545454,0.3333333333333333,0.41379310344827586,18,11,"{""histiocyte"": 8, ""endothelium"": 4}",histiocyte,3.0,0.0,9.0,0.0,0.20572746696022956,0.05170240299645282,0.22855602386472876,0.035654526938193876
p3_A5_real_s17_cv2,17,2,CV,2,plasma_cell,0.0,0.0,0.0,7,0,"{""tumor"": 1, ""lymphocyte"": 1, ""histiocyte"": 3, ""endothelium"": 2}",histiocyte,4.0,0.0,5.0,-0.1647058823529412,0.07082966862607008,0.045827129928674076,0.08185650399793573,0.03517502169446422
p3_A5_real_s17_cv2,17,2,CV,2,histiocyte,0.08333333333333333,0.2857142857142857,0.12903225806451613,7,24,"{""lymphocyte"": 2, ""endothelium"": 3}",endothelium,6.0,-0.2857142857142857,6.0,-0.11888111888111885,0.17237393654055794,0.08849117374454826,0.18453211431353114,0.03252802925771344
p3_A5_real_s17_cv2,17,2,CV,2,melanophage,0.5,0.6,0.5454545454545454,5,6,"{""histiocyte"": 1, ""endothelium"": 1}",histiocyte,3.0,-0.20000000000000007,4.0,-0.0714285714285714,0.11508483840295526,0.05754378748356889,0.03719084559914055,0.005361359941827443
p3_A5_real_s17_cv2,17,2,CV,2,neutrophil,0.75,0.75,0.75,8,8,"{""endothelium"": 2}",endothelium,7.0,-0.125,8.0,-0.017857142857142905,0.20968295626674174,0.08558594561210224,0.22230916401112866,0.0906029779832514
p3_A5_real_s17_cv2,17,2,CV,2,stroma,0.5,0.2,0.2857142857142857,10,4,"{""tumor"": 1, ""histiocyte"": 2, ""epithelium"": 1, ""endothelium"": 4}",endothelium,4.0,-0.6000000000000001,9.0,-0.19999999999999996,0.03730229088608088,0.047003852394433526,0.08445256200129947,0.03718460864482585
p3_A5_real_s17_cv2,17,2,CV,2,epithelium,0.25,0.2,0.2222222222222222,5,4,"{""endothelium"": 4}",endothelium,5.0,-0.4,7.0,-0.3090909090909091,0.20175439893730138,0.04416721929516359,0.046679889574645195,0.03064815371182802
p3_A5_real_s17_cv2,17,2,CV,2,endothelium,0.14285714285714285,0.5714285714285714,0.22857142857142856,7,28,"{""histiocyte"": 1, ""stroma"": 1, ""epithelium"": 1}",histiocyte,6.0,0.0,6.0,-0.17142857142857143,0.32879883754203426,0.13216099573091522,0.12727683808402318,0.07402274596111785
p3_A5_real_s17_cv2,17,2,CV,2,apoptosis,0.5,0.125,0.2,8,2,"{""tumor"": 2, ""histiocyte"": 1, ""neutrophil"": 2, ""endothelium"": 2}",tumor,5.0,-0.125,5.0,-0.0862745098039216,0.1370245239532291,0.11226255234242723,0.04794347181260873,0.07051701808933422
p3_A5_real_s17_cv2,17,2,CV,3,tumor,0.6666666666666666,0.25,0.36363636363636365,24,9,"{""lymphocyte"": 5, ""plasma_cell"": 2, ""histiocyte"": 2, ""melanophage"": 7, ""stroma"": 1, ""apoptosis"": 1}",melanophage,9.0,-0.16666666666666674,9.0,-0.0038461538461538325,0.07426136229974609,0.04703543165448007,0.0591707681922371,0.02766967376035559
p3_A5_real_s17_cv2,17,2,CV,3,lymphocyte,0.42857142857142855,0.6666666666666666,0.5217391304347826,18,28,"{""plasma_cell"": 2, ""histiocyte"": 1, ""melanophage"": 2, ""stroma"": 1}",plasma_cell,3.0,0.0,9.0,0.0,0.20572746696022956,0.05170240299645282,0.22855602386472876,0.035654526938193876
p3_A5_real_s17_cv2,17,2,CV,3,plasma_cell,0.1,0.14285714285714285,0.11764705882352941,7,10,"{""tumor"": 1, ""lymphocyte"": 3, ""stroma"": 2}",lymphocyte,4.0,0.0,5.0,-0.1647058823529412,0.07082966862607008,0.045827129928674076,0.08185650399793573,0.03517502169446422
p3_A5_real_s17_cv2,17,2,CV,3,histiocyte,0.25,0.14285714285714285,0.18181818181818182,7,4,"{""lymphocyte"": 3, ""melanophage"": 1, ""stroma"": 2}",lymphocyte,6.0,-0.2857142857142857,6.0,-0.11888111888111885,0.17237393654055794,0.08849117374454826,0.18453211431353114,0.03252802925771344
p3_A5_real_s17_cv2,17,2,CV,3,melanophage,0.17391304347826086,0.8,0.2857142857142857,5,23,"{""lymphocyte"": 1}",lymphocyte,3.0,-0.20000000000000007,4.0,-0.0714285714285714,0.11508483840295526,0.05754378748356889,0.03719084559914055,0.005361359941827443
p3_A5_real_s17_cv2,17,2,CV,3,neutrophil,0.7142857142857143,0.625,0.6666666666666666,8,7,"{""melanophage"": 2, ""apoptosis"": 1}",melanophage,7.0,-0.125,8.0,-0.017857142857142905,0.20968295626674174,0.08558594561210224,0.22230916401112866,0.0906029779832514
p3_A5_real_s17_cv2,17,2,CV,3,stroma,0.42857142857142855,0.6,0.5,10,14,"{""lymphocyte"": 1, ""plasma_cell"": 1, ""melanophage"": 2}",melanophage,4.0,-0.6000000000000001,9.0,-0.19999999999999996,0.03730229088608088,0.047003852394433526,0.08445256200129947,0.03718460864482585
p3_A5_real_s17_cv2,17,2,CV,3,epithelium,0.0,0.0,0.0,5,0,"{""tumor"": 1, ""plasma_cell"": 2, ""melanophage"": 1, ""stroma"": 1}",plasma_cell,5.0,-0.4,7.0,-0.3090909090909091,0.20175439893730138,0.04416721929516359,0.046679889574645195,0.03064815371182802
p3_A5_real_s17_cv2,17,2,CV,3,endothelium,1.0,0.14285714285714285,0.25,7,1,"{""lymphocyte"": 1, ""plasma_cell"": 1, ""melanophage"": 2, ""neutrophil"": 1, ""stroma"": 1}",melanophage,6.0,0.0,6.0,-0.17142857142857143,0.32879883754203426,0.13216099573091522,0.12727683808402318,0.07402274596111785
p3_A5_real_s17_cv2,17,2,CV,3,apoptosis,0.3333333333333333,0.125,0.18181818181818182,8,3,"{""tumor"": 1, ""lymphocyte"": 2, ""plasma_cell"": 1, ""melanophage"": 2, ""neutrophil"": 1}",lymphocyte,5.0,-0.125,5.0,-0.0862745098039216,0.1370245239532291,0.11226255234242723,0.04794347181260873,0.07051701808933422
p3_A5_real_s17_cv2,17,2,CV,4,tumor,0.75,0.5,0.6,24,16,"{""lymphocyte"": 1, ""plasma_cell"": 1, ""melanophage"": 4, ""stroma"": 3, ""apoptosis"": 3}",melanophage,9.0,-0.16666666666666674,9.0,-0.0038461538461538325,0.07426136229974609,0.04703543165448007,0.0591707681922371,0.02766967376035559
p3_A5_real_s17_cv2,17,2,CV,4,lymphocyte,0.6111111111111112,0.6111111111111112,0.6111111111111112,18,18,"{""plasma_cell"": 2, ""histiocyte"": 1, ""melanophage"": 1, ""stroma"": 3}",stroma,3.0,0.0,9.0,0.0,0.20572746696022956,0.05170240299645282,0.22855602386472876,0.035654526938193876
p3_A5_real_s17_cv2,17,2,CV,4,plasma_cell,0.2857142857142857,0.2857142857142857,0.2857142857142857,7,7,"{""tumor"": 1, ""lymphocyte"": 1, ""stroma"": 2, ""endothelium"": 1}",stroma,4.0,0.0,5.0,-0.1647058823529412,0.07082966862607008,0.045827129928674076,0.08185650399793573,0.03517502169446422
p3_A5_real_s17_cv2,17,2,CV,4,histiocyte,0.0,0.0,0.0,7,1,"{""lymphocyte"": 2, ""stroma"": 4, ""endothelium"": 1}",stroma,6.0,-0.2857142857142857,6.0,-0.11888111888111885,0.17237393654055794,0.08849117374454826,0.18453211431353114,0.03252802925771344
p3_A5_real_s17_cv2,17,2,CV,4,melanophage,0.4444444444444444,0.8,0.5714285714285714,5,9,"{""lymphocyte"": 1}",lymphocyte,3.0,-0.20000000000000007,4.0,-0.0714285714285714,0.11508483840295526,0.05754378748356889,0.03719084559914055,0.005361359941827443
p3_A5_real_s17_cv2,17,2,CV,4,neutrophil,1.0,0.625,0.7692307692307693,8,5,"{""stroma"": 2, ""apoptosis"": 1}",stroma,7.0,-0.125,8.0,-0.017857142857142905,0.20968295626674174,0.08558594561210224,0.22230916401112866,0.0906029779832514
p3_A5_real_s17_cv2,17,2,CV,4,stroma,0.3103448275862069,0.9,0.46153846153846156,10,29,"{""lymphocyte"": 1}",lymphocyte,4.0,-0.6000000000000001,9.0,-0.19999999999999996,0.03730229088608088,0.047003852394433526,0.08445256200129947,0.03718460864482585
p3_A5_real_s17_cv2,17,2,CV,4,epithelium,1.0,0.4,0.5714285714285714,5,2,"{""tumor"": 1, ""stroma"": 1, ""endothelium"": 1}",tumor,5.0,-0.4,7.0,-0.3090909090909091,0.20175439893730138,0.04416721929516359,0.046679889574645195,0.03064815371182802
p3_A5_real_s17_cv2,17,2,CV,4,endothelium,0.5,0.42857142857142855,0.46153846153846156,7,6,"{""plasma_cell"": 1, ""stroma"": 3}",stroma,6.0,0.0,6.0,-0.17142857142857143,0.32879883754203426,0.13216099573091522,0.12727683808402318,0.07402274596111785
p3_A5_real_s17_cv2,17,2,CV,4,apoptosis,0.3333333333333333,0.25,0.2857142857142857,8,6,"{""tumor"": 2, ""lymphocyte"": 1, ""plasma_cell"": 1, ""stroma"": 2}",tumor,5.0,-0.125,5.0,-0.0862745098039216,0.1370245239532291,0.11226255234242723,0.04794347181260873,0.07051701808933422
p3_A5_real_s17_cv2,17,2,CV,5,tumor,0.7857142857142857,0.4583333333333333,0.5789473684210527,24,14,"{""lymphocyte"": 1, ""melanophage"": 4, ""stroma"": 1, ""endothelium"": 2, ""apoptosis"": 5}",apoptosis,9.0,-0.16666666666666674,9.0,-0.0038461538461538325,0.07426136229974609,0.04703543165448007,0.0591707681922371,0.02766967376035559
p3_A5_real_s17_cv2,17,2,CV,5,lymphocyte,0.7058823529411765,0.6666666666666666,0.6857142857142857,18,17,"{""histiocyte"": 1, ""melanophage"": 1, ""stroma"": 1, ""epithelium"": 1, ""endothelium"": 2}",endothelium,3.0,0.0,9.0,0.0,0.20572746696022956,0.05170240299645282,0.22855602386472876,0.035654526938193876
p3_A5_real_s17_cv2,17,2,CV,5,plasma_cell,0.6666666666666666,0.2857142857142857,0.4,7,3,"{""tumor"": 1, ""lymphocyte"": 1, ""stroma"": 1, ""endothelium"": 2}",endothelium,4.0,0.0,5.0,-0.1647058823529412,0.07082966862607008,0.045827129928674076,0.08185650399793573,0.03517502169446422
p3_A5_real_s17_cv2,17,2,CV,5,histiocyte,0.0,0.0,0.0,7,2,"{""lymphocyte"": 2, ""stroma"": 1, ""endothelium"": 4}",endothelium,6.0,-0.2857142857142857,6.0,-0.11888111888111885,0.17237393654055794,0.08849117374454826,0.18453211431353114,0.03252802925771344
p3_A5_real_s17_cv2,17,2,CV,5,melanophage,0.4444444444444444,0.8,0.5714285714285714,5,9,"{""histiocyte"": 1}",histiocyte,3.0,-0.20000000000000007,4.0,-0.0714285714285714,0.11508483840295526,0.05754378748356889,0.03719084559914055,0.005361359941827443
p3_A5_real_s17_cv2,17,2,CV,5,neutrophil,1.0,0.625,0.7692307692307693,8,5,"{""stroma"": 1, ""epithelium"": 1, ""endothelium"": 1}",stroma,7.0,-0.125,8.0,-0.017857142857142905,0.20968295626674174,0.08558594561210224,0.22230916401112866,0.0906029779832514
p3_A5_real_s17_cv2,17,2,CV,5,stroma,0.42857142857142855,0.6,0.5,10,14,"{""lymphocyte"": 1, ""epithelium"": 1, ""endothelium"": 2}",endothelium,4.0,-0.6000000000000001,9.0,-0.19999999999999996,0.03730229088608088,0.047003852394433526,0.08445256200129947,0.03718460864482585
p3_A5_real_s17_cv2,17,2,CV,5,epithelium,0.625,1.0,0.7692307692307693,5,8,{},none,5.0,-0.4,7.0,-0.3090909090909091,0.20175439893730138,0.04416721929516359,0.046679889574645195,0.03064815371182802
p3_A5_real_s17_cv2,17,2,CV,5,endothelium,0.2222222222222222,0.5714285714285714,0.32,7,18,"{""stroma"": 2, ""apoptosis"": 1}",stroma,6.0,0.0,6.0,-0.17142857142857143,0.32879883754203426,0.13216099573091522,0.12727683808402318,0.07402274596111785
p3_A5_real_s17_cv2,17,2,CV,5,apoptosis,0.3333333333333333,0.375,0.35294117647058826,8,9,"{""tumor"": 2, ""plasma_cell"": 1, ""stroma"": 1, ""endothelium"": 1}",tumor,5.0,-0.125,5.0,-0.0862745098039216,0.1370245239532291,0.11226255234242723,0.04794347181260873,0.07051701808933422
p3_A5_real_s17_cv2,17,2,CV,6,tumor,0.7857142857142857,0.4583333333333333,0.5789473684210527,24,14,"{""histiocyte"": 2, ""melanophage"": 4, ""stroma"": 1, ""endothelium"": 1, ""apoptosis"": 5}",apoptosis,9.0,-0.16666666666666674,9.0,-0.0038461538461538325,0.07426136229974609,0.04703543165448007,0.0591707681922371,0.02766967376035559
p3_A5_real_s17_cv2,17,2,CV,6,lymphocyte,0.6470588235294118,0.6111111111111112,0.6285714285714286,18,17,"{""histiocyte"": 5, ""stroma"": 1, ""endothelium"": 1}",histiocyte,3.0,0.0,9.0,0.0,0.20572746696022956,0.05170240299645282,0.22855602386472876,0.035654526938193876
p3_A5_real_s17_cv2,17,2,CV,6,plasma_cell,0.5,0.14285714285714285,0.2222222222222222,7,2,"{""tumor"": 1, ""lymphocyte"": 2, ""histiocyte"": 1, ""endothelium"": 1, ""apoptosis"": 1}",lymphocyte,4.0,0.0,5.0,-0.1647058823529412,0.07082966862607008,0.045827129928674076,0.08185650399793573,0.03517502169446422
p3_A5_real_s17_cv2,17,2,CV,6,histiocyte,0.2,0.42857142857142855,0.2727272727272727,7,15,"{""lymphocyte"": 2, ""endothelium"": 2}",lymphocyte,6.0,-0.2857142857142857,6.0,-0.11888111888111885,0.17237393654055794,0.08849117374454826,0.18453211431353114,0.03252802925771344
p3_A5_real_s17_cv2,17,2,CV,6,melanophage,0.42857142857142855,0.6,0.5,5,7,"{""lymphocyte"": 1, ""histiocyte"": 1}",lymphocyte,3.0,-0.20000000000000007,4.0,-0.0714285714285714,0.11508483840295526,0.05754378748356889,0.03719084559914055,0.005361359941827443
p3_A5_real_s17_cv2,17,2,CV,6,neutrophil,1.0,0.625,0.7692307692307693,8,5,"{""histiocyte"": 1, ""epithelium"": 1, ""apoptosis"": 1}",histiocyte,7.0,-0.125,8.0,-0.017857142857142905,0.20968295626674174,0.08558594561210224,0.22230916401112866,0.0906029779832514
p3_A5_real_s17_cv2,17,2,CV,6,stroma,0.7142857142857143,0.5,0.5882352941176471,10,7,"{""histiocyte"": 1, ""epithelium"": 2, ""endothelium"": 2}",epithelium,4.0,-0.6000000000000001,9.0,-0.19999999999999996,0.03730229088608088,0.047003852394433526,0.08445256200129947,0.03718460864482585
p3_A5_real_s17_cv2,17,2,CV,6,epithelium,0.625,1.0,0.7692307692307693,5,8,{},none,5.0,-0.4,7.0,-0.3090909090909091,0.20175439893730138,0.04416721929516359,0.046679889574645195,0.03064815371182802
p3_A5_real_s17_cv2,17,2,CV,6,endothelium,0.46153846153846156,0.8571428571428571,0.6,7,13,"{""apoptosis"": 1}",apoptosis,6.0,0.0,6.0,-0.17142857142857143,0.32879883754203426,0.13216099573091522,0.12727683808402318,0.07402274596111785
p3_A5_real_s17_cv2,17,2,CV,6,apoptosis,0.2727272727272727,0.375,0.3157894736842105,8,11,"{""tumor"": 2, ""lymphocyte"": 1, ""plasma_cell"": 1, ""histiocyte"": 1}",tumor,5.0,-0.125,5.0,-0.0862745098039216,0.1370245239532291,0.11226255234242723,0.04794347181260873,0.07051701808933422
p3_A5_real_s17_cv2,17,2,CV,7,tumor,0.8333333333333334,0.4166666666666667,0.5555555555555556,24,12,"{""histiocyte"": 3, ""melanophage"": 4, ""stroma"": 1, ""endothelium"": 1, ""apoptosis"": 5}",apoptosis,9.0,-0.16666666666666674,9.0,-0.0038461538461538325,0.07426136229974609,0.04703543165448007,0.0591707681922371,0.02766967376035559
p3_A5_real_s17_cv2,17,2,CV,7,lymphocyte,0.6875,0.6111111111111112,0.6470588235294118,18,16,"{""histiocyte"": 4, ""neutrophil"": 1, ""stroma"": 1, ""endothelium"": 1}",histiocyte,3.0,0.0,9.0,0.0,0.20572746696022956,0.05170240299645282,0.22855602386472876,0.035654526938193876
p3_A5_real_s17_cv2,17,2,CV,7,plasma_cell,0.5,0.2857142857142857,0.36363636363636365,7,4,"{""tumor"": 1, ""lymphocyte"": 1, ""histiocyte"": 1, ""stroma"": 1, ""apoptosis"": 1}",tumor,4.0,0.0,5.0,-0.1647058823529412,0.07082966862607008,0.045827129928674076,0.08185650399793573,0.03517502169446422
p3_A5_real_s17_cv2,17,2,CV,7,histiocyte,0.16666666666666666,0.2857142857142857,0.21052631578947367,7,12,"{""lymphocyte"": 2, ""stroma"": 2, ""endothelium"": 1}",lymphocyte,6.0,-0.2857142857142857,6.0,-0.11888111888111885,0.17237393654055794,0.08849117374454826,0.18453211431353114,0.03252802925771344
p3_A5_real_s17_cv2,17,2,CV,7,melanophage,0.42857142857142855,0.6,0.5,5,7,"{""lymphocyte"": 1, ""histiocyte"": 1}",lymphocyte,3.0,-0.20000000000000007,4.0,-0.0714285714285714,0.11508483840295526,0.05754378748356889,0.03719084559914055,0.005361359941827443
p3_A5_real_s17_cv2,17,2,CV,7,neutrophil,0.7,0.875,0.7777777777777778,8,10,"{""stroma"": 1}",stroma,7.0,-0.125,8.0,-0.017857142857142905,0.20968295626674174,0.08558594561210224,0.22230916401112866,0.0906029779832514
p3_A5_real_s17_cv2,17,2,CV,7,stroma,0.4,0.6,0.48,10,15,"{""lymphocyte"": 1, ""epithelium"": 1, ""endothelium"": 2}",endothelium,4.0,-0.6000000000000001,9.0,-0.19999999999999996,0.03730229088608088,0.047003852394433526,0.08445256200129947,0.03718460864482585
p3_A5_real_s17_cv2,17,2,CV,7,epithelium,0.8333333333333334,1.0,0.9090909090909091,5,6,{},none,5.0,-0.4,7.0,-0.3090909090909091,0.20175439893730138,0.04416721929516359,0.046679889574645195,0.03064815371182802
p3_A5_real_s17_cv2,17,2,CV,7,endothelium,0.4444444444444444,0.5714285714285714,0.5,7,9,"{""plasma_cell"": 1, ""stroma"": 2}",stroma,6.0,0.0,6.0,-0.17142857142857143,0.32879883754203426,0.13216099573091522,0.12727683808402318,0.07402274596111785
p3_A5_real_s17_cv2,17,2,CV,7,apoptosis,0.25,0.25,0.25,8,8,"{""tumor"": 1, ""plasma_cell"": 1, ""histiocyte"": 1, ""neutrophil"": 2, ""stroma"": 1}",neutrophil,5.0,-0.125,5.0,-0.0862745098039216,0.1370245239532291,0.11226255234242723,0.04794347181260873,0.07051701808933422
p3_A5_real_s17_cv2,17,2,CV,8,tumor,0.7368421052631579,0.5833333333333334,0.6511627906976745,24,19,"{""plasma_cell"": 1, ""melanophage"": 4, ""stroma"": 3, ""apoptosis"": 2}",melanophage,9.0,-0.16666666666666674,9.0,-0.0038461538461538325,0.07426136229974609,0.04703543165448007,0.0591707681922371,0.02766967376035559
p3_A5_real_s17_cv2,17,2,CV,8,lymphocyte,0.7333333333333333,0.6111111111111112,0.6666666666666666,18,15,"{""plasma_cell"": 2, ""histiocyte"": 2, ""stroma"": 1, ""endothelium"": 2}",plasma_cell,3.0,0.0,9.0,0.0,0.20572746696022956,0.05170240299645282,0.22855602386472876,0.035654526938193876
p3_A5_real_s17_cv2,17,2,CV,8,plasma_cell,0.2857142857142857,0.2857142857142857,0.2857142857142857,7,7,"{""tumor"": 1, ""lymphocyte"": 1, ""stroma"": 2, ""endothelium"": 1}",stroma,4.0,0.0,5.0,-0.1647058823529412,0.07082966862607008,0.045827129928674076,0.08185650399793573,0.03517502169446422
p3_A5_real_s17_cv2,17,2,CV,8,histiocyte,0.0,0.0,0.0,7,3,"{""tumor"": 1, ""lymphocyte"": 1, ""stroma"": 4, ""endothelium"": 1}",stroma,6.0,-0.2857142857142857,6.0,-0.11888111888111885,0.17237393654055794,0.08849117374454826,0.18453211431353114,0.03252802925771344
p3_A5_real_s17_cv2,17,2,CV,8,melanophage,0.42857142857142855,0.6,0.5,5,7,"{""lymphocyte"": 1, ""histiocyte"": 1}",lymphocyte,3.0,-0.20000000000000007,4.0,-0.0714285714285714,0.11508483840295526,0.05754378748356889,0.03719084559914055,0.005361359941827443
p3_A5_real_s17_cv2,17,2,CV,8,neutrophil,0.875,0.875,0.875,8,8,"{""stroma"": 1}",stroma,7.0,-0.125,8.0,-0.017857142857142905,0.20968295626674174,0.08558594561210224,0.22230916401112866,0.0906029779832514
p3_A5_real_s17_cv2,17,2,CV,8,stroma,0.32,0.8,0.45714285714285713,10,25,"{""lymphocyte"": 1, ""epithelium"": 1}",lymphocyte,4.0,-0.6000000000000001,9.0,-0.19999999999999996,0.03730229088608088,0.047003852394433526,0.08445256200129947,0.03718460864482585
p3_A5_real_s17_cv2,17,2,CV,8,epithelium,0.75,0.6,0.6666666666666666,5,4,"{""tumor"": 1, ""stroma"": 1}",tumor,5.0,-0.4,7.0,-0.3090909090909091,0.20175439893730138,0.04416721929516359,0.046679889574645195,0.03064815371182802
p3_A5_real_s17_cv2,17,2,CV,8,endothelium,0.42857142857142855,0.42857142857142855,0.42857142857142855,7,7,"{""plasma_cell"": 1, ""stroma"": 3}",stroma,6.0,0.0,6.0,-0.17142857142857143,0.32879883754203426,0.13216099573091522,0.12727683808402318,0.07402274596111785
p3_A5_real_s17_cv2,17,2,CV,8,apoptosis,0.5,0.25,0.3333333333333333,8,4,"{""tumor"": 2, ""plasma_cell"": 1, ""neutrophil"": 1, ""stroma"": 2}",tumor,5.0,-0.125,5.0,-0.0862745098039216,0.1370245239532291,0.11226255234242723,0.04794347181260873,0.07051701808933422
p3_A5_real_s17_cv2,17,2,CV,9,tumor,0.6071428571428571,0.7083333333333334,0.6538461538461539,24,28,"{""plasma_cell"": 1, ""melanophage"": 3, ""stroma"": 1, ""endothelium"": 1, ""apoptosis"": 1}",melanophage,9.0,-0.16666666666666674,9.0,-0.0038461538461538325,0.07426136229974609,0.04703543165448007,0.0591707681922371,0.02766967376035559
p3_A5_real_s17_cv2,17,2,CV,9,lymphocyte,0.75,0.6666666666666666,0.7058823529411765,18,16,"{""plasma_cell"": 2, ""histiocyte"": 2, ""endothelium"": 2}",plasma_cell,3.0,0.0,9.0,0.0,0.20572746696022956,0.05170240299645282,0.22855602386472876,0.035654526938193876
p3_A5_real_s17_cv2,17,2,CV,9,plasma_cell,0.3333333333333333,0.2857142857142857,0.3076923076923077,7,6,"{""tumor"": 1, ""lymphocyte"": 1, ""stroma"": 1, ""endothelium"": 1, ""apoptosis"": 1}",tumor,4.0,0.0,5.0,-0.1647058823529412,0.07082966862607008,0.045827129928674076,0.08185650399793573,0.03517502169446422
p3_A5_real_s17_cv2,17,2,CV,9,histiocyte,0.0,0.0,0.0,7,3,"{""tumor"": 2, ""lymphocyte"": 1, ""stroma"": 1, ""endothelium"": 3}",endothelium,6.0,-0.2857142857142857,6.0,-0.11888111888111885,0.17237393654055794,0.08849117374454826,0.18453211431353114,0.03252802925771344
p3_A5_real_s17_cv2,17,2,CV,9,melanophage,0.5,0.6,0.5454545454545454,5,6,"{""lymphocyte"": 1, ""histiocyte"": 1}",lymphocyte,3.0,-0.20000000000000007,4.0,-0.0714285714285714,0.11508483840295526,0.05754378748356889,0.03719084559914055,0.005361359941827443
p3_A5_real_s17_cv2,17,2,CV,9,neutrophil,1.0,0.625,0.7692307692307693,8,5,"{""tumor"": 1, ""stroma"": 1, ""endothelium"": 1}",tumor,7.0,-0.125,8.0,-0.017857142857142905,0.20968295626674174,0.08558594561210224,0.22230916401112866,0.0906029779832514
p3_A5_real_s17_cv2,17,2,CV,9,stroma,0.6,0.6,0.6,10,10,"{""lymphocyte"": 1, ""epithelium"": 1, ""endothelium"": 2}",endothelium,4.0,-0.6000000000000001,9.0,-0.19999999999999996,0.03730229088608088,0.047003852394433526,0.08445256200129947,0.03718460864482585
p3_A5_real_s17_cv2,17,2,CV,9,epithelium,0.75,0.6,0.6666666666666666,5,4,"{""tumor"": 2}",tumor,5.0,-0.4,7.0,-0.3090909090909091,0.20175439893730138,0.04416721929516359,0.046679889574645195,0.03064815371182802
p3_A5_real_s17_cv2,17,2,CV,9,endothelium,0.35294117647058826,0.8571428571428571,0.5,7,17,"{""tumor"": 1}",tumor,6.0,0.0,6.0,-0.17142857142857143,0.32879883754203426,0.13216099573091522,0.12727683808402318,0.07402274596111785
p3_A5_real_s17_cv2,17,2,CV,9,apoptosis,0.5,0.25,0.3333333333333333,8,4,"{""tumor"": 4, ""plasma_cell"": 1, ""endothelium"": 1}",tumor,5.0,-0.125,5.0,-0.0862745098039216,0.1370245239532291,0.11226255234242723,0.04794347181260873,0.07051701808933422
p3_A5_real_s17_cv2,17,2,CV,10,tumor,0.8125,0.5416666666666666,0.65,24,16,"{""plasma_cell"": 3, ""histiocyte"": 1, ""melanophage"": 4, ""stroma"": 1, ""endothelium"": 1, ""apoptosis"": 1}",melanophage,9.0,-0.16666666666666674,9.0,-0.0038461538461538325,0.07426136229974609,0.04703543165448007,0.0591707681922371,0.02766967376035559
p3_A5_real_s17_cv2,17,2,CV,10,lymphocyte,0.75,0.6666666666666666,0.7058823529411765,18,16,"{""plasma_cell"": 2, ""histiocyte"": 2, ""endothelium"": 2}",plasma_cell,3.0,0.0,9.0,0.0,0.20572746696022956,0.05170240299645282,0.22855602386472876,0.035654526938193876
p3_A5_real_s17_cv2,17,2,CV,10,plasma_cell,0.2,0.2857142857142857,0.23529411764705882,7,10,"{""tumor"": 1, ""lymphocyte"": 1, ""stroma"": 1, ""endothelium"": 1, ""apoptosis"": 1}",tumor,4.0,0.0,5.0,-0.1647058823529412,0.07082966862607008,0.045827129928674076,0.08185650399793573,0.03517502169446422
p3_A5_real_s17_cv2,17,2,CV,10,histiocyte,0.16666666666666666,0.14285714285714285,0.15384615384615385,7,6,"{""lymphocyte"": 1, ""endothelium"": 4, ""apoptosis"": 1}",endothelium,6.0,-0.2857142857142857,6.0,-0.11888111888111885,0.17237393654055794,0.08849117374454826,0.18453211431353114,0.03252802925771344
p3_A5_real_s17_cv2,17,2,CV,10,melanophage,0.42857142857142855,0.6,0.5,5,7,"{""lymphocyte"": 1, ""histiocyte"": 1}",lymphocyte,3.0,-0.20000000000000007,4.0,-0.0714285714285714,0.11508483840295526,0.05754378748356889,0.03719084559914055,0.005361359941827443
p3_A5_real_s17_cv2,17,2,CV,10,neutrophil,1.0,0.75,0.8571428571428571,8,6,"{""apoptosis"": 2}",apoptosis,7.0,-0.125,8.0,-0.017857142857142905,0.20968295626674174,0.08558594561210224,0.22230916401112866,0.0906029779832514
p3_A5_real_s17_cv2,17,2,CV,10,stroma,0.6,0.3,0.4,10,5,"{""lymphocyte"": 1, ""epithelium"": 2, ""endothelium"": 4}",endothelium,4.0,-0.6000000000000001,9.0,-0.19999999999999996,0.03730229088608088,0.047003852394433526,0.08445256200129947,0.03718460864482585
p3_A5_real_s17_cv2,17,2,CV,10,epithelium,0.6,0.6,0.6,5,5,"{""tumor"": 1, ""endothelium"": 1}",tumor,5.0,-0.4,7.0,-0.3090909090909091,0.20175439893730138,0.04416721929516359,0.046679889574645195,0.03064815371182802
p3_A5_real_s17_cv2,17,2,CV,10,endothelium,0.2857142857142857,0.8571428571428571,0.42857142857142855,7,21,"{""plasma_cell"": 1}",plasma_cell,6.0,0.0,6.0,-0.17142857142857143,0.32879883754203426,0.13216099573091522,0.12727683808402318,0.07402274596111785
p3_A5_real_s17_cv2,17,2,CV,10,apoptosis,0.2857142857142857,0.25,0.26666666666666666,8,7,"{""tumor"": 1, ""plasma_cell"": 2, ""histiocyte"": 1, ""endothelium"": 2}",plasma_cell,5.0,-0.125,5.0,-0.0862745098039216,0.1370245239532291,0.11226255234242723,0.04794347181260873,0.07051701808933422
p3_A5_real_s29_cv0,29,0,CV,1,tumor,0.45454545454545453,0.2631578947368421,0.3333333333333333,19,11,"{""histiocyte"": 1, ""melanophage"": 9, ""epithelium"": 3, ""endothelium"": 1}",melanophage,4.0,-0.31578947368421056,4.0,-0.11071428571428577,0.07426136229974609,0.04703543165448007,0.0591707681922371,0.02766967376035559
p3_A5_real_s29_cv0,29,0,CV,1,lymphocyte,0.5,0.07692307692307693,0.13333333333333333,13,2,"{""histiocyte"": 1, ""melanophage"": 6, ""epithelium"": 1, ""endothelium"": 4}",melanophage,8.0,-0.3846153846153846,7.0,-0.21894736842105267,0.20572746696022956,0.05170240299645282,0.22855602386472876,0.035654526938193876
p3_A5_real_s29_cv0,29,0,CV,1,plasma_cell,0.0,0.0,0.0,11,0,"{""melanophage"": 8, ""epithelium"": 1, ""endothelium"": 2}",melanophage,3.0,-0.09090909090909094,6.0,-0.0146520146520146,0.07082966862607008,0.045827129928674076,0.08185650399793573,0.03517502169446422
p3_A5_real_s29_cv0,29,0,CV,1,histiocyte,0.4,0.5714285714285714,0.47058823529411764,7,10,"{""melanophage"": 3}",melanophage,7.0,0.0,9.0,-0.0892857142857143,0.17237393654055794,0.08849117374454826,0.18453211431353114,0.03252802925771344
p3_A5_real_s29_cv0,29,0,CV,1,melanophage,0.17073170731707318,1.0,0.2916666666666667,7,41,{},none,1.0,0.0,2.0,-0.14141414141414144,0.11508483840295526,0.05754378748356889,0.03719084559914055,0.005361359941827443
p3_A5_real_s29_cv0,29,0,CV,1,neutrophil,0.0,0.0,0.0,5,1,"{""tumor"": 1, ""melanophage"": 2, ""endothelium"": 2}",melanophage,9.0,-0.2,9.0,-0.19444444444444442,0.20968295626674174,0.08558594561210224,0.22230916401112866,0.0906029779832514
p3_A5_real_s29_cv0,29,0,CV,1,stroma,0.0,0.0,0.0,6,1,"{""tumor"": 1, ""histiocyte"": 1, ""melanophage"": 4}",melanophage,2.0,-0.16666666666666666,6.0,-0.13186813186813184,0.03730229088608088,0.047003852394433526,0.08445256200129947,0.03718460864482585
p3_A5_real_s29_cv0,29,0,CV,1,epithelium,0.5833333333333334,0.5833333333333334,0.5833333333333334,12,12,"{""tumor"": 3, ""lymphocyte"": 1, ""endothelium"": 1}",tumor,6.0,-0.25,6.0,-0.04285714285714293,0.20175439893730138,0.04416721929516359,0.046679889574645195,0.03064815371182802
p3_A5_real_s29_cv0,29,0,CV,1,endothelium,0.14285714285714285,0.25,0.18181818181818182,8,14,"{""tumor"": 1, ""histiocyte"": 3, ""melanophage"": 2}",histiocyte,1.0,-0.125,5.0,-0.1515151515151515,0.32879883754203426,0.13216099573091522,0.12727683808402318,0.07402274596111785
p3_A5_real_s29_cv0,29,0,CV,1,apoptosis,0.0,0.0,0.0,4,0,"{""neutrophil"": 1, ""stroma"": 1, ""endothelium"": 2}",endothelium,6.0,0.0,8.0,-0.07142857142857145,0.1370245239532291,0.11226255234242723,0.04794347181260873,0.07051701808933422
p3_A5_real_s29_cv0,29,0,CV,2,tumor,0.3333333333333333,0.10526315789473684,0.16,19,6,"{""lymphocyte"": 1, ""histiocyte"": 1, ""melanophage"": 2, ""stroma"": 1, ""epithelium"": 7, ""endothelium"": 2, ""apoptosis"": 3}",epithelium,4.0,-0.31578947368421056,4.0,-0.11071428571428577,0.07426136229974609,0.04703543165448007,0.0591707681922371,0.02766967376035559
p3_A5_real_s29_cv0,29,0,CV,2,lymphocyte,0.35714285714285715,0.38461538461538464,0.37037037037037035,13,14,"{""tumor"": 1, ""stroma"": 1, ""epithelium"": 1, ""endothelium"": 3, ""apoptosis"": 2}",endothelium,8.0,-0.3846153846153846,7.0,-0.21894736842105267,0.20572746696022956,0.05170240299645282,0.22855602386472876,0.035654526938193876
p3_A5_real_s29_cv0,29,0,CV,2,plasma_cell,0.0,0.0,0.0,11,0,"{""lymphocyte"": 1, ""melanophage"": 1, ""stroma"": 1, ""epithelium"": 2, ""endothelium"": 1, ""apoptosis"": 5}",apoptosis,3.0,-0.09090909090909094,6.0,-0.0146520146520146,0.07082966862607008,0.045827129928674076,0.08185650399793573,0.03517502169446422
p3_A5_real_s29_cv0,29,0,CV,2,histiocyte,0.3333333333333333,0.14285714285714285,0.2,7,3,"{""lymphocyte"": 2, ""stroma"": 1, ""epithelium"": 1, ""apoptosis"": 2}",lymphocyte,7.0,0.0,9.0,-0.0892857142857143,0.17237393654055794,0.08849117374454826,0.18453211431353114,0.03252802925771344
p3_A5_real_s29_cv0,29,0,CV,2,melanophage,0.6363636363636364,1.0,0.7777777777777778,7,11,{},none,1.0,0.0,2.0,-0.14141414141414144,0.11508483840295526,0.05754378748356889,0.03719084559914055,0.005361359941827443
p3_A5_real_s29_cv0,29,0,CV,2,neutrophil,0.0,0.0,0.0,5,1,"{""tumor"": 1, ""endothelium"": 2, ""apoptosis"": 2}",endothelium,9.0,-0.2,9.0,-0.19444444444444442,0.20968295626674174,0.08558594561210224,0.22230916401112866,0.0906029779832514
p3_A5_real_s29_cv0,29,0,CV,2,stroma,0.18181818181818182,0.3333333333333333,0.23529411764705882,6,11,"{""histiocyte"": 1, ""melanophage"": 1, ""endothelium"": 2}",endothelium,2.0,-0.16666666666666666,6.0,-0.13186813186813184,0.03730229088608088,0.047003852394433526,0.08445256200129947,0.03718460864482585
p3_A5_real_s29_cv0,29,0,CV,2,epithelium,0.42105263157894735,0.6666666666666666,0.5161290322580645,12,19,"{""tumor"": 2, ""lymphocyte"": 1, ""endothelium"": 1}",tumor,6.0,-0.25,6.0,-0.04285714285714293,0.20175439893730138,0.04416721929516359,0.046679889574645195,0.03064815371182802
p3_A5_real_s29_cv0,29,0,CV,2,endothelium,0.08333333333333333,0.125,0.1,8,12,"{""lymphocyte"": 4, ""stroma"": 3}",lymphocyte,1.0,-0.125,5.0,-0.1515151515151515,0.32879883754203426,0.13216099573091522,0.12727683808402318,0.07402274596111785
p3_A5_real_s29_cv0,29,0,CV,2,apoptosis,0.06666666666666667,0.25,0.10526315789473684,4,15,"{""neutrophil"": 1, ""stroma"": 2}",stroma,6.0,0.0,8.0,-0.07142857142857145,0.1370245239532291,0.11226255234242723,0.04794347181260873,0.07051701808933422
p3_A5_real_s29_cv0,29,0,CV,3,tumor,0.45454545454545453,0.2631578947368421,0.3333333333333333,19,11,"{""lymphocyte"": 1, ""plasma_cell"": 4, ""melanophage"": 2, ""neutrophil"": 1, ""stroma"": 2, ""epithelium"": 4}",plasma_cell,4.0,-0.31578947368421056,4.0,-0.11071428571428577,0.07426136229974609,0.04703543165448007,0.0591707681922371,0.02766967376035559
p3_A5_real_s29_cv0,29,0,CV,3,lymphocyte,0.3333333333333333,0.15384615384615385,0.21052631578947367,13,6,"{""tumor"": 1, ""plasma_cell"": 8, ""stroma"": 1, ""epithelium"": 1}",plasma_cell,8.0,-0.3846153846153846,7.0,-0.21894736842105267,0.20572746696022956,0.05170240299645282,0.22855602386472876,0.035654526938193876
p3_A5_real_s29_cv0,29,0,CV,3,plasma_cell,0.2413793103448276,0.6363636363636364,0.35,11,29,"{""melanophage"": 1, ""apoptosis"": 3}",apoptosis,3.0,-0.09090909090909094,6.0,-0.0146520146520146,0.07082966862607008,0.045827129928674076,0.08185650399793573,0.03517502169446422
p3_A5_real_s29_cv0,29,0,CV,3,histiocyte,0.0,0.0,0.0,7,1,"{""lymphocyte"": 1, ""plasma_cell"": 4, ""melanophage"": 1, ""stroma"": 1}",plasma_cell,7.0,0.0,9.0,-0.0892857142857143,0.17237393654055794,0.08849117374454826,0.18453211431353114,0.03252802925771344
p3_A5_real_s29_cv0,29,0,CV,3,melanophage,0.5833333333333334,1.0,0.7368421052631579,7,12,{},none,1.0,0.0,2.0,-0.14141414141414144,0.11508483840295526,0.05754378748356889,0.03719084559914055,0.005361359941827443
p3_A5_real_s29_cv0,29,0,CV,3,neutrophil,0.0,0.0,0.0,5,5,"{""tumor"": 1, ""plasma_cell"": 3, ""apoptosis"": 1}",plasma_cell,9.0,-0.2,9.0,-0.19444444444444442,0.20968295626674174,0.08558594561210224,0.22230916401112866,0.0906029779832514
p3_A5_real_s29_cv0,29,0,CV,3,stroma,0.18181818181818182,0.3333333333333333,0.23529411764705882,6,11,"{""tumor"": 1, ""lymphocyte"": 1, ""histiocyte"": 1, ""melanophage"": 1}",tumor,2.0,-0.16666666666666666,6.0,-0.13186813186813184,0.03730229088608088,0.047003852394433526,0.08445256200129947,0.03718460864482585
p3_A5_real_s29_cv0,29,0,CV,3,epithelium,0.5833333333333334,0.5833333333333334,0.5833333333333334,12,12,"{""tumor"": 3, ""neutrophil"": 1, ""stroma"": 1}",tumor,6.0,-0.25,6.0,-0.04285714285714293,0.20175439893730138,0.04416721929516359,0.046679889574645195,0.03064815371182802
p3_A5_real_s29_cv0,29,0,CV,3,endothelium,0.0,0.0,0.0,8,0,"{""lymphocyte"": 1, ""plasma_cell"": 2, ""neutrophil"": 1, ""stroma"": 4}",stroma,1.0,-0.125,5.0,-0.1515151515151515,0.32879883754203426,0.13216099573091522,0.12727683808402318,0.07402274596111785
p3_A5_real_s29_cv0,29,0,CV,3,apoptosis,0.2,0.25,0.2222222222222222,4,5,"{""plasma_cell"": 1, ""neutrophil"": 2}",neutrophil,6.0,0.0,8.0,-0.07142857142857145,0.1370245239532291,0.11226255234242723,0.04794347181260873,0.07051701808933422
p3_A5_real_s29_cv0,29,0,CV,4,tumor,0.5172413793103449,0.7894736842105263,0.625,19,29,"{""plasma_cell"": 1, ""melanophage"": 2, ""neutrophil"": 1}",melanophage,4.0,-0.31578947368421056,4.0,-0.11071428571428577,0.07426136229974609,0.04703543165448007,0.0591707681922371,0.02766967376035559
p3_A5_real_s29_cv0,29,0,CV,4,lymphocyte,0.5,0.07692307692307693,0.13333333333333333,13,2,"{""tumor"": 2, ""plasma_cell"": 8, ""stroma"": 1, ""epithelium"": 1}",plasma_cell,8.0,-0.3846153846153846,7.0,-0.21894736842105267,0.20572746696022956,0.05170240299645282,0.22855602386472876,0.035654526938193876
p3_A5_real_s29_cv0,29,0,CV,4,plasma_cell,0.2631578947368421,0.45454545454545453,0.3333333333333333,11,19,"{""tumor"": 3, ""melanophage"": 2, ""apoptosis"": 1}",tumor,3.0,-0.09090909090909094,6.0,-0.0146520146520146,0.07082966862607008,0.045827129928674076,0.08185650399793573,0.03517502169446422
p3_A5_real_s29_cv0,29,0,CV,4,histiocyte,0.5,0.42857142857142855,0.46153846153846156,7,6,"{""plasma_cell"": 3, ""melanophage"": 1}",plasma_cell,7.0,0.0,9.0,-0.0892857142857143,0.17237393654055794,0.08849117374454826,0.18453211431353114,0.03252802925771344
p3_A5_real_s29_cv0,29,0,CV,4,melanophage,0.5384615384615384,1.0,0.7,7,13,{},none,1.0,0.0,2.0,-0.14141414141414144,0.11508483840295526,0.05754378748356889,0.03719084559914055,0.005361359941827443
p3_A5_real_s29_cv0,29,0,CV,4,neutrophil,0.125,0.2,0.15384615384615385,5,8,"{""tumor"": 1, ""plasma_cell"": 2, ""apoptosis"": 1}",plasma_cell,9.0,-0.2,9.0,-0.19444444444444442,0.20968295626674174,0.08558594561210224,0.22230916401112866,0.0906029779832514
p3_A5_real_s29_cv0,29,0,CV,4,stroma,0.25,0.16666666666666666,0.2,6,4,"{""tumor"": 1, ""lymphocyte"": 1, ""histiocyte"": 1, ""melanophage"": 1, ""neutrophil"": 1}",tumor,2.0,-0.16666666666666666,6.0,-0.13186813186813184,0.03730229088608088,0.047003852394433526,0.08445256200129947,0.03718460864482585
p3_A5_real_s29_cv0,29,0,CV,4,epithelium,0.8571428571428571,0.5,0.631578947368421,12,7,"{""tumor"": 5, ""neutrophil"": 1}",tumor,6.0,-0.25,6.0,-0.04285714285714293,0.20175439893730138,0.04416721929516359,0.046679889574645195,0.03064815371182802
p3_A5_real_s29_cv0,29,0,CV,4,endothelium,1.0,0.125,0.2222222222222222,8,1,"{""tumor"": 1, ""histiocyte"": 2, ""neutrophil"": 2, ""stroma"": 2}",histiocyte,1.0,-0.125,5.0,-0.1515151515151515,0.32879883754203426,0.13216099573091522,0.12727683808402318,0.07402274596111785
p3_A5_real_s29_cv0,29,0,CV,4,apoptosis,0.3333333333333333,0.25,0.2857142857142857,4,3,"{""tumor"": 1, ""neutrophil"": 2}",neutrophil,6.0,0.0,8.0,-0.07142857142857145,0.1370245239532291,0.11226255234242723,0.04794347181260873,0.07051701808933422
p3_A5_real_s29_cv0,29,0,CV,5,tumor,0.5833333333333334,0.3684210526315789,0.45161290322580644,19,12,"{""histiocyte"": 1, ""melanophage"": 4, ""stroma"": 1, ""epithelium"": 3, ""apoptosis"": 3}",melanophage,4.0,-0.31578947368421056,4.0,-0.11071428571428577,0.07426136229974609,0.04703543165448007,0.0591707681922371,0.02766967376035559
p3_A5_real_s29_cv0,29,0,CV,5,lymphocyte,0.7142857142857143,0.38461538461538464,0.5,13,7,"{""plasma_cell"": 2, ""stroma"": 1, ""epithelium"": 1, ""apoptosis"": 4}",apoptosis,8.0,-0.3846153846153846,7.0,-0.21894736842105267,0.20572746696022956,0.05170240299645282,0.22855602386472876,0.035654526938193876
p3_A5_real_s29_cv0,29,0,CV,5,plasma_cell,0.6666666666666666,0.36363636363636365,0.47058823529411764,11,6,"{""melanophage"": 1, ""apoptosis"": 6}",apoptosis,3.0,-0.09090909090909094,6.0,-0.0146520146520146,0.07082966862607008,0.045827129928674076,0.08185650399793573,0.03517502169446422
p3_A5_real_s29_cv0,29,0,CV,5,histiocyte,0.5714285714285714,0.5714285714285714,0.5714285714285714,7,7,"{""lymphocyte"": 1, ""melanophage"": 2}",melanophage,7.0,0.0,9.0,-0.0892857142857143,0.17237393654055794,0.08849117374454826,0.18453211431353114,0.03252802925771344
p3_A5_real_s29_cv0,29,0,CV,5,melanophage,0.4117647058823529,1.0,0.5833333333333334,7,17,{},none,1.0,0.0,2.0,-0.14141414141414144,0.11508483840295526,0.05754378748356889,0.03719084559914055,0.005361359941827443
p3_A5_real_s29_cv0,29,0,CV,5,neutrophil,0.25,0.2,0.2222222222222222,5,4,"{""tumor"": 1, ""endothelium"": 1, ""apoptosis"": 2}",apoptosis,9.0,-0.2,9.0,-0.19444444444444442,0.20968295626674174,0.08558594561210224,0.22230916401112866,0.0906029779832514
p3_A5_real_s29_cv0,29,0,CV,5,stroma,0.16666666666666666,0.16666666666666666,0.16666666666666666,6,6,"{""tumor"": 1, ""lymphocyte"": 1, ""histiocyte"": 1, ""melanophage"": 1, ""endothelium"": 1}",tumor,2.0,-0.16666666666666666,6.0,-0.13186813186813184,0.03730229088608088,0.047003852394433526,0.08445256200129947,0.03718460864482585
p3_A5_real_s29_cv0,29,0,CV,5,epithelium,0.6363636363636364,0.5833333333333334,0.6086956521739131,12,11,"{""tumor"": 3, ""melanophage"": 1, ""neutrophil"": 1}",tumor,6.0,-0.25,6.0,-0.04285714285714293,0.20175439893730138,0.04416721929516359,0.046679889574645195,0.03064815371182802
p3_A5_real_s29_cv0,29,0,CV,5,endothelium,0.5,0.25,0.3333333333333333,8,4,"{""histiocyte"": 1, ""melanophage"": 1, ""stroma"": 3, ""apoptosis"": 1}",stroma,1.0,-0.125,5.0,-0.1515151515151515,0.32879883754203426,0.13216099573091522,0.12727683808402318,0.07402274596111785
p3_A5_real_s29_cv0,29,0,CV,5,apoptosis,0.1111111111111111,0.5,0.18181818181818182,4,18,"{""neutrophil"": 2}",neutrophil,6.0,0.0,8.0,-0.07142857142857145,0.1370245239532291,0.11226255234242723,0.04794347181260873,0.07051701808933422
p3_A5_real_s29_cv0,29,0,CV,6,tumor,0.5714285714285714,0.21052631578947367,0.3076923076923077,19,7,"{""plasma_cell"": 1, ""melanophage"": 3, ""stroma"": 1, ""epithelium"": 5, ""apoptosis"": 5}",epithelium,4.0,-0.31578947368421056,4.0,-0.11071428571428577,0.07426136229974609,0.04703543165448007,0.0591707681922371,0.02766967376035559
p3_A5_real_s29_cv0,29,0,CV,6,lymphocyte,0.6666666666666666,0.46153846153846156,0.5454545454545454,13,9,"{""plasma_cell"": 1, ""stroma"": 1, ""epithelium"": 1, ""apoptosis"": 4}",apoptosis,8.0,-0.3846153846153846,7.0,-0.21894736842105267,0.20572746696022956,0.05170240299645282,0.22855602386472876,0.035654526938193876
p3_A5_real_s29_cv0,29,0,CV,6,plasma_cell,0.5,0.45454545454545453,0.47619047619047616,11,10,"{""melanophage"": 1, ""apoptosis"": 5}",apoptosis,3.0,-0.09090909090909094,6.0,-0.0146520146520146,0.07082966862607008,0.045827129928674076,0.08185650399793573,0.03517502169446422
p3_A5_real_s29_cv0,29,0,CV,6,histiocyte,0.75,0.42857142857142855,0.5454545454545454,7,4,"{""lymphocyte"": 1, ""plasma_cell"": 1, ""epithelium"": 1, ""apoptosis"": 1}",lymphocyte,7.0,0.0,9.0,-0.0892857142857143,0.17237393654055794,0.08849117374454826,0.18453211431353114,0.03252802925771344
p3_A5_real_s29_cv0,29,0,CV,6,melanophage,0.5384615384615384,1.0,0.7,7,13,{},none,1.0,0.0,2.0,-0.14141414141414144,0.11508483840295526,0.05754378748356889,0.03719084559914055,0.005361359941827443
p3_A5_real_s29_cv0,29,0,CV,6,neutrophil,0.0,0.0,0.0,5,1,"{""tumor"": 1, ""plasma_cell"": 2, ""apoptosis"": 2}",plasma_cell,9.0,-0.2,9.0,-0.19444444444444442,0.20968295626674174,0.08558594561210224,0.22230916401112866,0.0906029779832514
p3_A5_real_s29_cv0,29,0,CV,6,stroma,0.25,0.3333333333333333,0.2857142857142857,6,8,"{""tumor"": 1, ""lymphocyte"": 1, ""histiocyte"": 1, ""melanophage"": 1}",tumor,2.0,-0.16666666666666666,6.0,-0.13186813186813184,0.03730229088608088,0.047003852394433526,0.08445256200129947,0.03718460864482585
p3_A5_real_s29_cv0,29,0,CV,6,epithelium,0.5625,0.75,0.6428571428571429,12,16,"{""tumor"": 1, ""melanophage"": 1, ""endothelium"": 1}",tumor,6.0,-0.25,6.0,-0.04285714285714293,0.20175439893730138,0.04416721929516359,0.046679889574645195,0.03064815371182802
p3_A5_real_s29_cv0,29,0,CV,6,endothelium,0.0,0.0,0.0,8,1,"{""lymphocyte"": 1, ""stroma"": 4, ""apoptosis"": 3}",stroma,1.0,-0.125,5.0,-0.1515151515151515,0.32879883754203426,0.13216099573091522,0.12727683808402318,0.07402274596111785
p3_A5_real_s29_cv0,29,0,CV,6,apoptosis,0.13043478260869565,0.75,0.2222222222222222,4,23,"{""neutrophil"": 1}",neutrophil,6.0,0.0,8.0,-0.07142857142857145,0.1370245239532291,0.11226255234242723,0.04794347181260873,0.07051701808933422
p3_A5_real_s29_cv0,29,0,CV,7,tumor,0.5625,0.47368421052631576,0.5142857142857142,19,16,"{""plasma_cell"": 1, ""histiocyte"": 1, ""melanophage"": 2, ""epithelium"": 5, ""apoptosis"": 1}",epithelium,4.0,-0.31578947368421056,4.0,-0.11071428571428577,0.07426136229974609,0.04703543165448007,0.0591707681922371,0.02766967376035559
p3_A5_real_s29_cv0,29,0,CV,7,lymphocyte,0.6666666666666666,0.6153846153846154,0.64,13,12,"{""plasma_cell"": 2, ""neutrophil"": 1, ""stroma"": 1, ""epithelium"": 1}",plasma_cell,8.0,-0.3846153846153846,7.0,-0.21894736842105267,0.20572746696022956,0.05170240299645282,0.22855602386472876,0.035654526938193876
p3_A5_real_s29_cv0,29,0,CV,7,plasma_cell,0.3076923076923077,0.36363636363636365,0.3333333333333333,11,13,"{""tumor"": 2, ""lymphocyte"": 1, ""melanophage"": 1, ""epithelium"": 1, ""apoptosis"": 2}",tumor,3.0,-0.09090909090909094,6.0,-0.0146520146520146,0.07082966862607008,0.045827129928674076,0.08185650399793573,0.03517502169446422
p3_A5_real_s29_cv0,29,0,CV,7,histiocyte,0.5555555555555556,0.7142857142857143,0.625,7,9,"{""lymphocyte"": 1, ""plasma_cell"": 1}",lymphocyte,7.0,0.0,9.0,-0.0892857142857143,0.17237393654055794,0.08849117374454826,0.18453211431353114,0.03252802925771344
p3_A5_real_s29_cv0,29,0,CV,7,melanophage,0.5384615384615384,1.0,0.7,7,13,{},none,1.0,0.0,2.0,-0.14141414141414144,0.11508483840295526,0.05754378748356889,0.03719084559914055,0.005361359941827443
p3_A5_real_s29_cv0,29,0,CV,7,neutrophil,0.0,0.0,0.0,5,2,"{""tumor"": 1, ""plasma_cell"": 3, ""apoptosis"": 1}",plasma_cell,9.0,-0.2,9.0,-0.19444444444444442,0.20968295626674174,0.08558594561210224,0.22230916401112866,0.0906029779832514
p3_A5_real_s29_cv0,29,0,CV,7,stroma,0.25,0.16666666666666666,0.2,6,4,"{""tumor"": 1, ""lymphocyte"": 1, ""plasma_cell"": 1, ""histiocyte"": 1, ""melanophage"": 1}",tumor,2.0,-0.16666666666666666,6.0,-0.13186813186813184,0.03730229088608088,0.047003852394433526,0.08445256200129947,0.03718460864482585
p3_A5_real_s29_cv0,29,0,CV,7,epithelium,0.5625,0.75,0.6428571428571429,12,16,"{""tumor"": 1, ""melanophage"": 1, ""endothelium"": 1}",tumor,6.0,-0.25,6.0,-0.04285714285714293,0.20175439893730138,0.04416721929516359,0.046679889574645195,0.03064815371182802
p3_A5_real_s29_cv0,29,0,CV,7,endothelium,0.0,0.0,0.0,8,1,"{""tumor"": 2, ""lymphocyte"": 1, ""histiocyte"": 2, ""melanophage"": 1, ""stroma"": 2}",tumor,1.0,-0.125,5.0,-0.1515151515151515,0.32879883754203426,0.13216099573091522,0.12727683808402318,0.07402274596111785
p3_A5_real_s29_cv0,29,0,CV,7,apoptosis,0.3333333333333333,0.5,0.4,4,6,"{""plasma_cell"": 1, ""neutrophil"": 1}",plasma_cell,6.0,0.0,8.0,-0.07142857142857145,0.1370245239532291,0.11226255234242723,0.04794347181260873,0.07051701808933422
p3_A5_real_s29_cv0,29,0,CV,8,tumor,0.45,0.47368421052631576,0.46153846153846156,19,20,"{""plasma_cell"": 1, ""melanophage"": 3, ""epithelium"": 4, ""apoptosis"": 2}",epithelium,4.0,-0.31578947368421056,4.0,-0.11071428571428577,0.07426136229974609,0.04703543165448007,0.0591707681922371,0.02766967376035559
p3_A5_real_s29_cv0,29,0,CV,8,lymphocyte,0.5625,0.6923076923076923,0.6206896551724138,13,16,"{""tumor"": 1, ""neutrophil"": 1, ""epithelium"": 1, ""apoptosis"": 1}",tumor,8.0,-0.3846153846153846,7.0,-0.21894736842105267,0.20572746696022956,0.05170240299645282,0.22855602386472876,0.035654526938193876
p3_A5_real_s29_cv0,29,0,CV,8,plasma_cell,0.6666666666666666,0.36363636363636365,0.47058823529411764,11,6,"{""tumor"": 2, ""lymphocyte"": 2, ""melanophage"": 2, ""apoptosis"": 1}",tumor,3.0,-0.09090909090909094,6.0,-0.0146520146520146,0.07082966862607008,0.045827129928674076,0.08185650399793573,0.03517502169446422
p3_A5_real_s29_cv0,29,0,CV,8,histiocyte,0.75,0.42857142857142855,0.5454545454545454,7,4,"{""tumor"": 1, ""lymphocyte"": 1, ""plasma_cell"": 1, ""melanophage"": 1}",tumor,7.0,0.0,9.0,-0.0892857142857143,0.17237393654055794,0.08849117374454826,0.18453211431353114,0.03252802925771344
p3_A5_real_s29_cv0,29,0,CV,8,melanophage,0.4375,1.0,0.6086956521739131,7,16,{},none,1.0,0.0,2.0,-0.14141414141414144,0.11508483840295526,0.05754378748356889,0.03719084559914055,0.005361359941827443
p3_A5_real_s29_cv0,29,0,CV,8,neutrophil,0.3333333333333333,0.2,0.25,5,3,"{""tumor"": 1, ""lymphocyte"": 2, ""apoptosis"": 1}",lymphocyte,9.0,-0.2,9.0,-0.19444444444444442,0.20968295626674174,0.08558594561210224,0.22230916401112866,0.0906029779832514
p3_A5_real_s29_cv0,29,0,CV,8,stroma,0.3333333333333333,0.16666666666666666,0.2222222222222222,6,3,"{""tumor"": 1, ""lymphocyte"": 1, ""histiocyte"": 1, ""melanophage"": 1, ""endothelium"": 1}",tumor,2.0,-0.16666666666666666,6.0,-0.13186813186813184,0.03730229088608088,0.047003852394433526,0.08445256200129947,0.03718460864482585
p3_A5_real_s29_cv0,29,0,CV,8,epithelium,0.5833333333333334,0.5833333333333334,0.5833333333333334,12,12,"{""tumor"": 3, ""melanophage"": 1, ""endothelium"": 1}",tumor,6.0,-0.25,6.0,-0.04285714285714293,0.20175439893730138,0.04416721929516359,0.046679889574645195,0.03064815371182802
p3_A5_real_s29_cv0,29,0,CV,8,endothelium,0.5,0.25,0.3333333333333333,8,4,"{""tumor"": 2, ""lymphocyte"": 1, ""melanophage"": 1, ""stroma"": 2}",tumor,1.0,-0.125,5.0,-0.1515151515151515,0.32879883754203426,0.13216099573091522,0.12727683808402318,0.07402274596111785
p3_A5_real_s29_cv0,29,0,CV,8,apoptosis,0.375,0.75,0.5,4,8,"{""neutrophil"": 1}",neutrophil,6.0,0.0,8.0,-0.07142857142857145,0.1370245239532291,0.11226255234242723,0.04794347181260873,0.07051701808933422
p3_A5_real_s29_cv0,29,0,CV,9,tumor,0.5714285714285714,0.42105263157894735,0.48484848484848486,19,14,"{""melanophage"": 5, ""stroma"": 1, ""epithelium"": 1, ""apoptosis"": 4}",melanophage,4.0,-0.31578947368421056,4.0,-0.11071428571428577,0.07426136229974609,0.04703543165448007,0.0591707681922371,0.02766967376035559
p3_A5_real_s29_cv0,29,0,CV,9,lymphocyte,0.6666666666666666,0.6153846153846154,0.64,13,12,"{""plasma_cell"": 1, ""neutrophil"": 1, ""stroma"": 1, ""epithelium"": 1, ""apoptosis"": 1}",plasma_cell,8.0,-0.3846153846153846,7.0,-0.21894736842105267,0.20572746696022956,0.05170240299645282,0.22855602386472876,0.035654526938193876
p3_A5_real_s29_cv0,29,0,CV,9,plasma_cell,0.75,0.2727272727272727,0.4,11,4,"{""tumor"": 2, ""lymphocyte"": 1, ""melanophage"": 1, ""apoptosis"": 4}",apoptosis,3.0,-0.09090909090909094,6.0,-0.0146520146520146,0.07082966862607008,0.045827129928674076,0.08185650399793573,0.03517502169446422
p3_A5_real_s29_cv0,29,0,CV,9,histiocyte,0.7142857142857143,0.7142857142857143,0.7142857142857143,7,7,"{""lymphocyte"": 1, ""melanophage"": 1}",lymphocyte,7.0,0.0,9.0,-0.0892857142857143,0.17237393654055794,0.08849117374454826,0.18453211431353114,0.03252802925771344
p3_A5_real_s29_cv0,29,0,CV,9,melanophage,0.4117647058823529,1.0,0.5833333333333334,7,17,{},none,1.0,0.0,2.0,-0.14141414141414144,0.11508483840295526,0.05754378748356889,0.03719084559914055,0.005361359941827443
p3_A5_real_s29_cv0,29,0,CV,9,neutrophil,0.5,0.4,0.4444444444444444,5,4,"{""apoptosis"": 3}",apoptosis,9.0,-0.2,9.0,-0.19444444444444442,0.20968295626674174,0.08558594561210224,0.22230916401112866,0.0906029779832514
p3_A5_real_s29_cv0,29,0,CV,9,stroma,0.16666666666666666,0.16666666666666666,0.16666666666666666,6,6,"{""lymphocyte"": 1, ""histiocyte"": 2, ""melanophage"": 1, ""endothelium"": 1}",histiocyte,2.0,-0.16666666666666666,6.0,-0.13186813186813184,0.03730229088608088,0.047003852394433526,0.08445256200129947,0.03718460864482585
p3_A5_real_s29_cv0,29,0,CV,9,epithelium,0.75,0.5,0.6,12,8,"{""tumor"": 4, ""melanophage"": 1, ""endothelium"": 1}",tumor,6.0,-0.25,6.0,-0.04285714285714293,0.20175439893730138,0.04416721929516359,0.046679889574645195,0.03064815371182802
p3_A5_real_s29_cv0,29,0,CV,9,endothelium,0.5,0.25,0.3333333333333333,8,4,"{""lymphocyte"": 1, ""melanophage"": 1, ""stroma"": 3, ""apoptosis"": 1}",stroma,1.0,-0.125,5.0,-0.1515151515151515,0.32879883754203426,0.13216099573091522,0.12727683808402318,0.07402274596111785
p3_A5_real_s29_cv0,29,0,CV,9,apoptosis,0.1875,0.75,0.3,4,16,"{""neutrophil"": 1}",neutrophil,6.0,0.0,8.0,-0.07142857142857145,0.1370245239532291,0.11226255234242723,0.04794347181260873,0.07051701808933422
p3_A5_real_s29_cv0,29,0,CV,10,tumor,0.5625,0.47368421052631576,0.5142857142857142,19,16,"{""plasma_cell"": 1, ""histiocyte"": 1, ""melanophage"": 4, ""stroma"": 1, ""epithelium"": 1, ""apoptosis"": 2}",melanophage,4.0,-0.31578947368421056,4.0,-0.11071428571428577,0.07426136229974609,0.04703543165448007,0.0591707681922371,0.02766967376035559
p3_A5_real_s29_cv0,29,0,CV,10,lymphocyte,0.6666666666666666,0.3076923076923077,0.42105263157894735,13,6,"{""plasma_cell"": 5, ""neutrophil"": 1, ""stroma"": 1, ""epithelium"": 1, ""apoptosis"": 1}",plasma_cell,8.0,-0.3846153846153846,7.0,-0.21894736842105267,0.20572746696022956,0.05170240299645282,0.22855602386472876,0.035654526938193876
p3_A5_real_s29_cv0,29,0,CV,10,plasma_cell,0.4,0.5454545454545454,0.46153846153846156,11,15,"{""tumor"": 2, ""melanophage"": 1, ""apoptosis"": 2}",tumor,3.0,-0.09090909090909094,6.0,-0.0146520146520146,0.07082966862607008,0.045827129928674076,0.08185650399793573,0.03517502169446422
p3_A5_real_s29_cv0,29,0,CV,10,histiocyte,0.5555555555555556,0.7142857142857143,0.625,7,9,"{""lymphocyte"": 1, ""stroma"": 1}",lymphocyte,7.0,0.0,9.0,-0.0892857142857143,0.17237393654055794,0.08849117374454826,0.18453211431353114,0.03252802925771344
p3_A5_real_s29_cv0,29,0,CV,10,melanophage,0.4666666666666667,1.0,0.6363636363636364,7,15,{},none,1.0,0.0,2.0,-0.14141414141414144,0.11508483840295526,0.05754378748356889,0.03719084559914055,0.005361359941827443
p3_A5_real_s29_cv0,29,0,CV,10,neutrophil,0.3333333333333333,0.2,0.25,5,3,"{""tumor"": 1, ""plasma_cell"": 2, ""apoptosis"": 1}",plasma_cell,9.0,-0.2,9.0,-0.19444444444444442,0.20968295626674174,0.08558594561210224,0.22230916401112866,0.0906029779832514
p3_A5_real_s29_cv0,29,0,CV,10,stroma,0.14285714285714285,0.16666666666666666,0.15384615384615385,6,7,"{""lymphocyte"": 1, ""histiocyte"": 2, ""melanophage"": 1, ""endothelium"": 1}",histiocyte,2.0,-0.16666666666666666,6.0,-0.13186813186813184,0.03730229088608088,0.047003852394433526,0.08445256200129947,0.03718460864482585
p3_A5_real_s29_cv0,29,0,CV,10,epithelium,0.75,0.5,0.6,12,8,"{""tumor"": 4, ""melanophage"": 1, ""endothelium"": 1}",tumor,6.0,-0.25,6.0,-0.04285714285714293,0.20175439893730138,0.04416721929516359,0.046679889574645195,0.03064815371182802
p3_A5_real_s29_cv0,29,0,CV,10,endothelium,0.3333333333333333,0.125,0.18181818181818182,8,3,"{""plasma_cell"": 1, ""histiocyte"": 1, ""melanophage"": 1, ""stroma"": 3, ""apoptosis"": 1}",stroma,1.0,-0.125,5.0,-0.1515151515151515,0.32879883754203426,0.13216099573091522,0.12727683808402318,0.07402274596111785
p3_A5_real_s29_cv0,29,0,CV,10,apoptosis,0.3,0.75,0.42857142857142855,4,10,"{""neutrophil"": 1}",neutrophil,6.0,0.0,8.0,-0.07142857142857145,0.1370245239532291,0.11226255234242723,0.04794347181260873,0.07051701808933422
p3_A5_real_s29_cv1,29,1,CV,1,tumor,0.4375,0.5,0.4666666666666667,28,32,"{""lymphocyte"": 2, ""melanophage"": 4, ""stroma"": 4, ""endothelium"": 3, ""apoptosis"": 1}",melanophage,1.0,-0.07142857142857145,6.0,-0.06000000000000005,0.07426136229974609,0.04703543165448007,0.0591707681922371,0.02766967376035559
p3_A5_real_s29_cv1,29,1,CV,1,lymphocyte,0.17647058823529413,0.5,0.2608695652173913,6,17,"{""tumor"": 1, ""melanophage"": 1, ""endothelium"": 1}",tumor,1.0,-0.16666666666666669,6.0,-0.05769230769230771,0.20572746696022956,0.05170240299645282,0.22855602386472876,0.035654526938193876
p3_A5_real_s29_cv1,29,1,CV,1,plasma_cell,0.0,0.0,0.0,6,0,"{""tumor"": 4, ""stroma"": 1, ""endothelium"": 1}",tumor,6.0,0.0,6.0,-0.10714285714285715,0.07082966862607008,0.045827129928674076,0.08185650399793573,0.03517502169446422
p3_A5_real_s29_cv1,29,1,CV,1,histiocyte,0.4,0.2,0.26666666666666666,10,5,"{""tumor"": 2, ""lymphocyte"": 2, ""melanophage"": 1, ""endothelium"": 3}",endothelium,4.0,-0.3,4.0,-0.20527859237536655,0.17237393654055794,0.08849117374454826,0.18453211431353114,0.03252802925771344
p3_A5_real_s29_cv1,29,1,CV,1,melanophage,0.4090909090909091,0.75,0.5294117647058824,12,22,"{""tumor"": 1, ""lymphocyte"": 1, ""epithelium"": 1}",tumor,6.0,-0.33333333333333337,4.0,-0.21999999999999997,0.11508483840295526,0.05754378748356889,0.03719084559914055,0.005361359941827443
p3_A5_real_s29_cv1,29,1,CV,1,neutrophil,0.0,0.0,0.0,11,1,"{""lymphocyte"": 5, ""histiocyte"": 1, ""melanophage"": 3, ""endothelium"": 2}",lymphocyte,3.0,-0.27272727272727276,8.0,-0.08333333333333337,0.20968295626674174,0.08558594561210224,0.22230916401112866,0.0906029779832514
p3_A5_real_s29_cv1,29,1,CV,1,stroma,0.16666666666666666,0.25,0.2,8,12,"{""tumor"": 1, ""lymphocyte"": 2, ""endothelium"": 3}",endothelium,1.0,0.0,3.0,-0.13333333333333336,0.03730229088608088,0.047003852394433526,0.08445256200129947,0.03718460864482585
p3_A5_real_s29_cv1,29,1,CV,1,epithelium,0.5,0.14285714285714285,0.2222222222222222,7,2,"{""tumor"": 1, ""melanophage"": 2, ""stroma"": 2, ""endothelium"": 1}",melanophage,3.0,-0.2857142857142857,4.0,-0.11111111111111105,0.20175439893730138,0.04416721929516359,0.046679889574645195,0.03064815371182802
p3_A5_real_s29_cv1,29,1,CV,1,endothelium,0.0625,0.1111111111111111,0.08,9,16,"{""tumor"": 2, ""lymphocyte"": 1, ""histiocyte"": 1, ""melanophage"": 1, ""neutrophil"": 1, ""stroma"": 2}",tumor,7.0,-0.4444444444444444,8.0,-0.36363636363636365,0.32879883754203426,0.13216099573091522,0.12727683808402318,0.07402274596111785
p3_A5_real_s29_cv1,29,1,CV,1,apoptosis,0.5,0.08333333333333333,0.14285714285714285,12,2,"{""tumor"": 6, ""lymphocyte"": 1, ""histiocyte"": 1, ""melanophage"": 1, ""stroma"": 1, ""endothelium"": 1}",tumor,5.0,-0.08333333333333337,8.0,-0.05454545454545451,0.1370245239532291,0.11226255234242723,0.04794347181260873,0.07051701808933422
p3_A5_real_s29_cv1,29,1,CV,2,tumor,0.7142857142857143,0.17857142857142858,0.2857142857142857,28,7,"{""lymphocyte"": 8, ""melanophage"": 2, ""neutrophil"": 2, ""stroma"": 3, ""epithelium"": 6, ""endothelium"": 1, ""apoptosis"": 1}",lymphocyte,1.0,-0.07142857142857145,6.0,-0.06000000000000005,0.07426136229974609,0.04703543165448007,0.0591707681922371,0.02766967376035559
p3_A5_real_s29_cv1,29,1,CV,2,lymphocyte,0.07317073170731707,0.5,0.1276595744680851,6,41,"{""tumor"": 1, ""melanophage"": 1, ""endothelium"": 1}",tumor,1.0,-0.16666666666666669,6.0,-0.05769230769230771,0.20572746696022956,0.05170240299645282,0.22855602386472876,0.035654526938193876
p3_A5_real_s29_cv1,29,1,CV,2,plasma_cell,0.0,0.0,0.0,6,0,"{""tumor"": 1, ""lymphocyte"": 5}",lymphocyte,6.0,0.0,6.0,-0.10714285714285715,0.07082966862607008,0.045827129928674076,0.08185650399793573,0.03517502169446422
p3_A5_real_s29_cv1,29,1,CV,2,histiocyte,0.0,0.0,0.0,10,0,"{""lymphocyte"": 7, ""neutrophil"": 1, ""endothelium"": 2}",lymphocyte,4.0,-0.3,4.0,-0.20527859237536655,0.17237393654055794,0.08849117374454826,0.18453211431353114,0.03252802925771344
p3_A5_real_s29_cv1,29,1,CV,2,melanophage,0.5714285714285714,0.6666666666666666,0.6153846153846154,12,14,"{""lymphocyte"": 3, ""epithelium"": 1}",lymphocyte,6.0,-0.33333333333333337,4.0,-0.21999999999999997,0.11508483840295526,0.05754378748356889,0.03719084559914055,0.005361359941827443
p3_A5_real_s29_cv1,29,1,CV,2,neutrophil,0.38461538461538464,0.45454545454545453,0.4166666666666667,11,13,"{""lymphocyte"": 2, ""melanophage"": 1, ""endothelium"": 3}",endothelium,3.0,-0.27272727272727276,8.0,-0.08333333333333337,0.20968295626674174,0.08558594561210224,0.22230916401112866,0.0906029779832514
p3_A5_real_s29_cv1,29,1,CV,2,stroma,0.25,0.25,0.25,8,8,"{""lymphocyte"": 2, ""neutrophil"": 2, ""endothelium"": 2}",lymphocyte,1.0,0.0,3.0,-0.13333333333333336,0.03730229088608088,0.047003852394433526,0.08445256200129947,0.03718460864482585
p3_A5_real_s29_cv1,29,1,CV,2,epithelium,0.46153846153846156,0.8571428571428571,0.6,7,13,"{""stroma"": 1}",stroma,3.0,-0.2857142857142857,4.0,-0.11111111111111105,0.20175439893730138,0.04416721929516359,0.046679889574645195,0.03064815371182802
p3_A5_real_s29_cv1,29,1,CV,2,endothelium,0.09090909090909091,0.1111111111111111,0.1,9,11,"{""lymphocyte"": 4, ""melanophage"": 1, ""neutrophil"": 1, ""stroma"": 2}",lymphocyte,7.0,-0.4444444444444444,8.0,-0.36363636363636365,0.32879883754203426,0.13216099573091522,0.12727683808402318,0.07402274596111785
p3_A5_real_s29_cv1,29,1,CV,2,apoptosis,0.5,0.08333333333333333,0.14285714285714285,12,2,"{""lymphocyte"": 7, ""melanophage"": 1, ""neutrophil"": 2, ""endothelium"": 1}",lymphocyte,5.0,-0.08333333333333337,8.0,-0.05454545454545451,0.1370245239532291,0.11226255234242723,0.04794347181260873,0.07051701808933422
p3_A5_real_s29_cv1,29,1,CV,3,tumor,0.5714285714285714,0.14285714285714285,0.22857142857142856,28,7,"{""lymphocyte"": 5, ""plasma_cell"": 3, ""melanophage"": 2, ""neutrophil"": 2, ""epithelium"": 9, ""endothelium"": 1, ""apoptosis"": 2}",epithelium,1.0,-0.07142857142857145,6.0,-0.06000000000000005,0.07426136229974609,0.04703543165448007,0.0591707681922371,0.02766967376035559
p3_A5_real_s29_cv1,29,1,CV,3,lymphocyte,0.16666666666666666,0.5,0.25,6,18,"{""plasma_cell"": 1, ""melanophage"": 1, ""neutrophil"": 1}",plasma_cell,1.0,-0.16666666666666669,6.0,-0.05769230769230771,0.20572746696022956,0.05170240299645282,0.22855602386472876,0.035654526938193876
p3_A5_real_s29_cv1,29,1,CV,3,plasma_cell,0.0,0.0,0.0,6,11,"{""tumor"": 2, ""lymphocyte"": 1, ""neutrophil"": 2, ""apoptosis"": 1}",tumor,6.0,0.0,6.0,-0.10714285714285715,0.07082966862607008,0.045827129928674076,0.08185650399793573,0.03517502169446422
p3_A5_real_s29_cv1,29,1,CV,3,histiocyte,0.5,0.1,0.16666666666666666,10,2,"{""lymphocyte"": 5, ""neutrophil"": 2, ""epithelium"": 1, ""endothelium"": 1}",lymphocyte,4.0,-0.3,4.0,-0.20527859237536655,0.17237393654055794,0.08849117374454826,0.18453211431353114,0.03252802925771344
p3_A5_real_s29_cv1,29,1,CV,3,melanophage,0.6666666666666666,0.6666666666666666,0.6666666666666666,12,12,"{""lymphocyte"": 1, ""plasma_cell"": 1, ""epithelium"": 2}",epithelium,6.0,-0.33333333333333337,4.0,-0.21999999999999997,0.11508483840295526,0.05754378748356889,0.03719084559914055,0.005361359941827443
p3_A5_real_s29_cv1,29,1,CV,3,neutrophil,0.32,0.7272727272727273,0.4444444444444444,11,25,"{""plasma_cell"": 3}",plasma_cell,3.0,-0.27272727272727276,8.0,-0.08333333333333337,0.20968295626674174,0.08558594561210224,0.22230916401112866,0.0906029779832514
p3_A5_real_s29_cv1,29,1,CV,3,stroma,1.0,0.25,0.4,8,2,"{""neutrophil"": 3, ""epithelium"": 1, ""endothelium"": 1, ""apoptosis"": 1}",neutrophil,1.0,0.0,3.0,-0.13333333333333336,0.03730229088608088,0.047003852394433526,0.08445256200129947,0.03718460864482585
p3_A5_real_s29_cv1,29,1,CV,3,epithelium,0.3181818181818182,1.0,0.4827586206896552,7,22,{},none,3.0,-0.2857142857142857,4.0,-0.11111111111111105,0.20175439893730138,0.04416721929516359,0.046679889574645195,0.03064815371182802
p3_A5_real_s29_cv1,29,1,CV,3,endothelium,0.25,0.1111111111111111,0.15384615384615385,9,4,"{""lymphocyte"": 1, ""plasma_cell"": 2, ""histiocyte"": 1, ""melanophage"": 1, ""neutrophil"": 2, ""epithelium"": 1}",plasma_cell,7.0,-0.4444444444444444,8.0,-0.36363636363636365,0.32879883754203426,0.13216099573091522,0.12727683808402318,0.07402274596111785
p3_A5_real_s29_cv1,29,1,CV,3,apoptosis,0.3333333333333333,0.16666666666666666,0.2222222222222222,12,6,"{""tumor"": 1, ""lymphocyte"": 2, ""plasma_cell"": 1, ""neutrophil"": 5, ""epithelium"": 1}",neutrophil,5.0,-0.08333333333333337,8.0,-0.05454545454545451,0.1370245239532291,0.11226255234242723,0.04794347181260873,0.07051701808933422
p3_A5_real_s29_cv1,29,1,CV,4,tumor,0.6428571428571429,0.32142857142857145,0.42857142857142855,28,14,"{""lymphocyte"": 1, ""plasma_cell"": 1, ""histiocyte"": 4, ""melanophage"": 2, ""neutrophil"": 1, ""epithelium"": 4, ""apoptosis"": 6}",apoptosis,1.0,-0.07142857142857145,6.0,-0.06000000000000005,0.07426136229974609,0.04703543165448007,0.0591707681922371,0.02766967376035559
p3_A5_real_s29_cv1,29,1,CV,4,lymphocyte,0.2,0.16666666666666666,0.18181818181818182,6,5,"{""tumor"": 1, ""histiocyte"": 2, ""melanophage"": 1, ""endothelium"": 1}",histiocyte,1.0,-0.16666666666666669,6.0,-0.05769230769230771,0.20572746696022956,0.05170240299645282,0.22855602386472876,0.035654526938193876
p3_A5_real_s29_cv1,29,1,CV,4,plasma_cell,0.0,0.0,0.0,6,5,"{""tumor"": 2, ""histiocyte"": 2, ""apoptosis"": 2}",tumor,6.0,0.0,6.0,-0.10714285714285715,0.07082966862607008,0.045827129928674076,0.08185650399793573,0.03517502169446422
p3_A5_real_s29_cv1,29,1,CV,4,histiocyte,0.2857142857142857,0.6,0.3870967741935484,10,21,"{""lymphocyte"": 1, ""neutrophil"": 1, ""endothelium"": 2}",endothelium,4.0,-0.3,4.0,-0.20527859237536655,0.17237393654055794,0.08849117374454826,0.18453211431353114,0.03252802925771344
p3_A5_real_s29_cv1,29,1,CV,4,melanophage,0.6923076923076923,0.75,0.72,12,13,"{""plasma_cell"": 1, ""histiocyte"": 1, ""epithelium"": 1}",plasma_cell,6.0,-0.33333333333333337,4.0,-0.21999999999999997,0.11508483840295526,0.05754378748356889,0.03719084559914055,0.005361359941827443
p3_A5_real_s29_cv1,29,1,CV,4,neutrophil,0.42857142857142855,0.5454545454545454,0.48,11,14,"{""plasma_cell"": 2, ""apoptosis"": 3}",apoptosis,3.0,-0.27272727272727276,8.0,-0.08333333333333337,0.20968295626674174,0.08558594561210224,0.22230916401112866,0.0906029779832514
p3_A5_real_s29_cv1,29,1,CV,4,stroma,1.0,0.25,0.4,8,2,"{""tumor"": 1, ""histiocyte"": 2, ""neutrophil"": 2, ""apoptosis"": 1}",histiocyte,1.0,0.0,3.0,-0.13333333333333336,0.03730229088608088,0.047003852394433526,0.08445256200129947,0.03718460864482585
p3_A5_real_s29_cv1,29,1,CV,4,epithelium,0.5,1.0,0.6666666666666666,7,14,{},none,3.0,-0.2857142857142857,4.0,-0.11111111111111105,0.20175439893730138,0.04416721929516359,0.046679889574645195,0.03064815371182802
p3_A5_real_s29_cv1,29,1,CV,4,endothelium,0.0,0.0,0.0,9,3,"{""lymphocyte"": 1, ""histiocyte"": 2, ""melanophage"": 1, ""neutrophil"": 2, ""epithelium"": 1, ""apoptosis"": 2}",histiocyte,7.0,-0.4444444444444444,8.0,-0.36363636363636365,0.32879883754203426,0.13216099573091522,0.12727683808402318,0.07402274596111785
p3_A5_real_s29_cv1,29,1,CV,4,apoptosis,0.2222222222222222,0.3333333333333333,0.26666666666666666,12,18,"{""tumor"": 1, ""lymphocyte"": 1, ""plasma_cell"": 1, ""histiocyte"": 2, ""neutrophil"": 2, ""epithelium"": 1}",histiocyte,5.0,-0.08333333333333337,8.0,-0.05454545454545451,0.1370245239532291,0.11226255234242723,0.04794347181260873,0.07051701808933422
p3_A5_real_s29_cv1,29,1,CV,5,tumor,0.6875,0.39285714285714285,0.5,28,16,"{""plasma_cell"": 1, ""histiocyte"": 5, ""melanophage"": 2, ""epithelium"": 5, ""endothelium"": 1, ""apoptosis"": 3}",histiocyte,1.0,-0.07142857142857145,6.0,-0.06000000000000005,0.07426136229974609,0.04703543165448007,0.0591707681922371,0.02766967376035559
p3_A5_real_s29_cv1,29,1,CV,5,lymphocyte,0.3333333333333333,0.16666666666666666,0.2222222222222222,6,3,"{""tumor"": 1, ""histiocyte"": 2, ""melanophage"": 1, ""endothelium"": 1}",histiocyte,1.0,-0.16666666666666669,6.0,-0.05769230769230771,0.20572746696022956,0.05170240299645282,0.22855602386472876,0.035654526938193876
p3_A5_real_s29_cv1,29,1,CV,5,plasma_cell,0.0,0.0,0.0,6,3,"{""tumor"": 2, ""histiocyte"": 2, ""apoptosis"": 2}",tumor,6.0,0.0,6.0,-0.10714285714285715,0.07082966862607008,0.045827129928674076,0.08185650399793573,0.03517502169446422
p3_A5_real_s29_cv1,29,1,CV,5,histiocyte,0.2608695652173913,0.6,0.36363636363636365,10,23,"{""lymphocyte"": 1, ""stroma"": 1, ""endothelium"": 2}",endothelium,4.0,-0.3,4.0,-0.20527859237536655,0.17237393654055794,0.08849117374454826,0.18453211431353114,0.03252802925771344
p3_A5_real_s29_cv1,29,1,CV,5,melanophage,0.6428571428571429,0.75,0.6923076923076923,12,14,"{""plasma_cell"": 1, ""histiocyte"": 1, ""epithelium"": 1}",plasma_cell,6.0,-0.33333333333333337,4.0,-0.21999999999999997,0.11508483840295526,0.05754378748356889,0.03719084559914055,0.005361359941827443
p3_A5_real_s29_cv1,29,1,CV,5,neutrophil,0.5454545454545454,0.5454545454545454,0.5454545454545454,11,11,"{""plasma_cell"": 1, ""melanophage"": 1, ""apoptosis"": 3}",apoptosis,3.0,-0.27272727272727276,8.0,-0.08333333333333337,0.20968295626674174,0.08558594561210224,0.22230916401112866,0.0906029779832514
p3_A5_real_s29_cv1,29,1,CV,5,stroma,0.5,0.25,0.3333333333333333,8,4,"{""histiocyte"": 1, ""neutrophil"": 2, ""epithelium"": 1, ""endothelium"": 1, ""apoptosis"": 1}",neutrophil,1.0,0.0,3.0,-0.13333333333333336,0.03730229088608088,0.047003852394433526,0.08445256200129947,0.03718460864482585
p3_A5_real_s29_cv1,29,1,CV,5,epithelium,0.4,0.8571428571428571,0.5454545454545454,7,15,"{""stroma"": 1}",stroma,3.0,-0.2857142857142857,4.0,-0.11111111111111105,0.20175439893730138,0.04416721929516359,0.046679889574645195,0.03064815371182802
p3_A5_real_s29_cv1,29,1,CV,5,endothelium,0.0,0.0,0.0,9,5,"{""tumor"": 1, ""histiocyte"": 4, ""melanophage"": 1, ""neutrophil"": 1, ""epithelium"": 1, ""apoptosis"": 1}",histiocyte,7.0,-0.4444444444444444,8.0,-0.36363636363636365,0.32879883754203426,0.13216099573091522,0.12727683808402318,0.07402274596111785
p3_A5_real_s29_cv1,29,1,CV,5,apoptosis,0.3333333333333333,0.4166666666666667,0.37037037037037035,12,15,"{""tumor"": 1, ""lymphocyte"": 1, ""histiocyte"": 2, ""neutrophil"": 2, ""epithelium"": 1}",histiocyte,5.0,-0.08333333333333337,8.0,-0.05454545454545451,0.1370245239532291,0.11226255234242723,0.04794347181260873,0.07051701808933422
p3_A5_real_s29_cv1,29,1,CV,6,tumor,0.6363636363636364,0.5,0.56,28,22,"{""histiocyte"": 3, ""melanophage"": 3, ""neutrophil"": 1, ""epithelium"": 5, ""endothelium"": 1, ""apoptosis"": 1}",epithelium,1.0,-0.07142857142857145,6.0,-0.06000000000000005,0.07426136229974609,0.04703543165448007,0.0591707681922371,0.02766967376035559
p3_A5_real_s29_cv1,29,1,CV,6,lymphocyte,0.2857142857142857,0.3333333333333333,0.3076923076923077,6,7,"{""tumor"": 1, ""histiocyte"": 1, ""melanophage"": 1, ""endothelium"": 1}",tumor,1.0,-0.16666666666666669,6.0,-0.05769230769230771,0.20572746696022956,0.05170240299645282,0.22855602386472876,0.035654526938193876
p3_A5_real_s29_cv1,29,1,CV,6,plasma_cell,0.5,0.16666666666666666,0.25,6,2,"{""tumor"": 2, ""histiocyte"": 1, ""neutrophil"": 1, ""apoptosis"": 1}",tumor,6.0,0.0,6.0,-0.10714285714285715,0.07082966862607008,0.045827129928674076,0.08185650399793573,0.03517502169446422
p3_A5_real_s29_cv1,29,1,CV,6,histiocyte,0.14285714285714285,0.1,0.11764705882352941,10,7,"{""lymphocyte"": 2, ""neutrophil"": 1, ""stroma"": 5, ""endothelium"": 1}",stroma,4.0,-0.3,4.0,-0.20527859237536655,0.17237393654055794,0.08849117374454826,0.18453211431353114,0.03252802925771344
p3_A5_real_s29_cv1,29,1,CV,6,melanophage,0.5882352941176471,0.8333333333333334,0.6896551724137931,12,17,"{""tumor"": 1, ""epithelium"": 1}",tumor,6.0,-0.33333333333333337,4.0,-0.21999999999999997,0.11508483840295526,0.05754378748356889,0.03719084559914055,0.005361359941827443
p3_A5_real_s29_cv1,29,1,CV,6,neutrophil,0.47058823529411764,0.7272727272727273,0.5714285714285714,11,17,"{""tumor"": 1, ""melanophage"": 1, ""endothelium"": 1}",tumor,3.0,-0.27272727272727276,8.0,-0.08333333333333337,0.20968295626674174,0.08558594561210224,0.22230916401112866,0.0906029779832514
p3_A5_real_s29_cv1,29,1,CV,6,stroma,0.25,0.25,0.25,8,8,"{""tumor"": 1, ""neutrophil"": 3, ""endothelium"": 1, ""apoptosis"": 1}",neutrophil,1.0,0.0,3.0,-0.13333333333333336,0.03730229088608088,0.047003852394433526,0.08445256200129947,0.03718460864482585
p3_A5_real_s29_cv1,29,1,CV,6,epithelium,0.46153846153846156,0.8571428571428571,0.6,7,13,"{""stroma"": 1}",stroma,3.0,-0.2857142857142857,4.0,-0.11111111111111105,0.20175439893730138,0.04416721929516359,0.046679889574645195,0.03064815371182802
p3_A5_real_s29_cv1,29,1,CV,6,endothelium,0.375,0.3333333333333333,0.35294117647058826,9,8,"{""tumor"": 1, ""lymphocyte"": 1, ""melanophage"": 1, ""neutrophil"": 1, ""epithelium"": 1, ""apoptosis"": 1}",tumor,7.0,-0.4444444444444444,8.0,-0.36363636363636365,0.32879883754203426,0.13216099573091522,0.12727683808402318,0.07402274596111785
p3_A5_real_s29_cv1,29,1,CV,6,apoptosis,0.5,0.3333333333333333,0.4,12,8,"{""tumor"": 1, ""lymphocyte"": 2, ""plasma_cell"": 1, ""histiocyte"": 1, ""melanophage"": 1, ""neutrophil"": 2}",lymphocyte,5.0,-0.08333333333333337,8.0,-0.05454545454545451,0.1370245239532291,0.11226255234242723,0.04794347181260873,0.07051701808933422
p3_A5_real_s29_cv1,29,1,CV,7,tumor,0.52,0.4642857142857143,0.49056603773584906,28,25,"{""lymphocyte"": 2, ""histiocyte"": 1, ""melanophage"": 2, ""neutrophil"": 1, ""stroma"": 1, ""epithelium"": 5, ""endothelium"": 2, ""apoptosis"": 1}",epithelium,1.0,-0.07142857142857145,6.0,-0.06000000000000005,0.07426136229974609,0.04703543165448007,0.0591707681922371,0.02766967376035559
p3_A5_real_s29_cv1,29,1,CV,7,lymphocyte,0.21428571428571427,0.5,0.3,6,14,"{""tumor"": 1, ""melanophage"": 1, ""endothelium"": 1}",tumor,1.0,-0.16666666666666669,6.0,-0.05769230769230771,0.20572746696022956,0.05170240299645282,0.22855602386472876,0.035654526938193876
p3_A5_real_s29_cv1,29,1,CV,7,plasma_cell,0.0,0.0,0.0,6,0,"{""tumor"": 2, ""histiocyte"": 1, ""neutrophil"": 1, ""endothelium"": 1, ""apoptosis"": 1}",tumor,6.0,0.0,6.0,-0.10714285714285715,0.07082966862607008,0.045827129928674076,0.08185650399793573,0.03517502169446422
p3_A5_real_s29_cv1,29,1,CV,7,histiocyte,0.3333333333333333,0.1,0.15384615384615385,10,3,"{""lymphocyte"": 4, ""neutrophil"": 1, ""endothelium"": 4}",lymphocyte,4.0,-0.3,4.0,-0.20527859237536655,0.17237393654055794,0.08849117374454826,0.18453211431353114,0.03252802925771344
p3_A5_real_s29_cv1,29,1,CV,7,melanophage,0.6363636363636364,0.5833333333333334,0.6086956521739131,12,11,"{""tumor"": 3, ""lymphocyte"": 1, ""epithelium"": 1}",tumor,6.0,-0.33333333333333337,4.0,-0.21999999999999997,0.11508483840295526,0.05754378748356889,0.03719084559914055,0.005361359941827443
p3_A5_real_s29_cv1,29,1,CV,7,neutrophil,0.47058823529411764,0.7272727272727273,0.5714285714285714,11,17,"{""tumor"": 1, ""melanophage"": 1, ""endothelium"": 1}",tumor,3.0,-0.27272727272727276,8.0,-0.08333333333333337,0.20968295626674174,0.08558594561210224,0.22230916401112866,0.0906029779832514
p3_A5_real_s29_cv1,29,1,CV,7,stroma,0.5,0.25,0.3333333333333333,8,4,"{""tumor"": 2, ""neutrophil"": 2, ""endothelium"": 1, ""apoptosis"": 1}",tumor,1.0,0.0,3.0,-0.13333333333333336,0.03730229088608088,0.047003852394433526,0.08445256200129947,0.03718460864482585
p3_A5_real_s29_cv1,29,1,CV,7,epithelium,0.46153846153846156,0.8571428571428571,0.6,7,13,"{""stroma"": 1}",stroma,3.0,-0.2857142857142857,4.0,-0.11111111111111105,0.20175439893730138,0.04416721929516359,0.046679889574645195,0.03064815371182802
p3_A5_real_s29_cv1,29,1,CV,7,endothelium,0.2857142857142857,0.4444444444444444,0.34782608695652173,9,14,"{""tumor"": 1, ""lymphocyte"": 1, ""neutrophil"": 1, ""epithelium"": 1, ""apoptosis"": 1}",tumor,7.0,-0.4444444444444444,8.0,-0.36363636363636365,0.32879883754203426,0.13216099573091522,0.12727683808402318,0.07402274596111785
p3_A5_real_s29_cv1,29,1,CV,7,apoptosis,0.5,0.3333333333333333,0.4,12,8,"{""tumor"": 2, ""lymphocyte"": 3, ""neutrophil"": 3}",lymphocyte,5.0,-0.08333333333333337,8.0,-0.05454545454545451,0.1370245239532291,0.11226255234242723,0.04794347181260873,0.07051701808933422
p3_A5_real_s29_cv1,29,1,CV,8,tumor,0.55,0.39285714285714285,0.4583333333333333,28,20,"{""plasma_cell"": 1, ""histiocyte"": 4, ""melanophage"": 2, ""epithelium"": 6, ""endothelium"": 2, ""apoptosis"": 2}",epithelium,1.0,-0.07142857142857145,6.0,-0.06000000000000005,0.07426136229974609,0.04703543165448007,0.0591707681922371,0.02766967376035559
p3_A5_real_s29_cv1,29,1,CV,8,lymphocyte,0.15384615384615385,0.3333333333333333,0.21052631578947367,6,13,"{""tumor"": 1, ""histiocyte"": 1, ""melanophage"": 1, ""endothelium"": 1}",tumor,1.0,-0.16666666666666669,6.0,-0.05769230769230771,0.20572746696022956,0.05170240299645282,0.22855602386472876,0.035654526938193876
p3_A5_real_s29_cv1,29,1,CV,8,plasma_cell,0.5,0.16666666666666666,0.25,6,2,"{""tumor"": 1, ""lymphocyte"": 1, ""histiocyte"": 1, ""neutrophil"": 1, ""apoptosis"": 1}",tumor,6.0,0.0,6.0,-0.10714285714285715,0.07082966862607008,0.045827129928674076,0.08185650399793573,0.03517502169446422
p3_A5_real_s29_cv1,29,1,CV,8,histiocyte,0.1111111111111111,0.1,0.10526315789473684,10,9,"{""lymphocyte"": 5, ""stroma"": 1, ""endothelium"": 3}",lymphocyte,4.0,-0.3,4.0,-0.20527859237536655,0.17237393654055794,0.08849117374454826,0.18453211431353114,0.03252802925771344
p3_A5_real_s29_cv1,29,1,CV,8,melanophage,0.6363636363636364,0.5833333333333334,0.6086956521739131,12,11,"{""tumor"": 2, ""lymphocyte"": 1, ""histiocyte"": 1, ""epithelium"": 1}",tumor,6.0,-0.33333333333333337,4.0,-0.21999999999999997,0.11508483840295526,0.05754378748356889,0.03719084559914055,0.005361359941827443
p3_A5_real_s29_cv1,29,1,CV,8,neutrophil,0.5384615384615384,0.6363636363636364,0.5833333333333334,11,13,"{""tumor"": 1, ""melanophage"": 1, ""stroma"": 1, ""endothelium"": 1}",tumor,3.0,-0.27272727272727276,8.0,-0.08333333333333337,0.20968295626674174,0.08558594561210224,0.22230916401112866,0.0906029779832514
p3_A5_real_s29_cv1,29,1,CV,8,stroma,0.25,0.125,0.16666666666666666,8,4,"{""tumor"": 1, ""histiocyte"": 1, ""neutrophil"": 2, ""endothelium"": 2, ""apoptosis"": 1}",neutrophil,1.0,0.0,3.0,-0.13333333333333336,0.03730229088608088,0.047003852394433526,0.08445256200129947,0.03718460864482585
p3_A5_real_s29_cv1,29,1,CV,8,epithelium,0.42857142857142855,0.8571428571428571,0.5714285714285714,7,14,"{""stroma"": 1}",stroma,3.0,-0.2857142857142857,4.0,-0.11111111111111105,0.20175439893730138,0.04416721929516359,0.046679889574645195,0.03064815371182802
p3_A5_real_s29_cv1,29,1,CV,8,endothelium,0.3076923076923077,0.4444444444444444,0.36363636363636365,9,13,"{""tumor"": 1, ""lymphocyte"": 1, ""neutrophil"": 1, ""epithelium"": 1, ""apoptosis"": 1}",tumor,7.0,-0.4444444444444444,8.0,-0.36363636363636365,0.32879883754203426,0.13216099573091522,0.12727683808402318,0.07402274596111785
p3_A5_real_s29_cv1,29,1,CV,8,apoptosis,0.5,0.4166666666666667,0.45454545454545453,12,10,"{""tumor"": 2, ""lymphocyte"": 3, ""neutrophil"": 2}",lymphocyte,5.0,-0.08333333333333337,8.0,-0.05454545454545451,0.1370245239532291,0.11226255234242723,0.04794347181260873,0.07051701808933422
p3_A5_real_s29_cv1,29,1,CV,9,tumor,0.6470588235294118,0.39285714285714285,0.4888888888888889,28,17,"{""lymphocyte"": 1, ""plasma_cell"": 1, ""histiocyte"": 5, ""melanophage"": 2, ""epithelium"": 6, ""apoptosis"": 2}",epithelium,1.0,-0.07142857142857145,6.0,-0.06000000000000005,0.07426136229974609,0.04703543165448007,0.0591707681922371,0.02766967376035559
p3_A5_real_s29_cv1,29,1,CV,9,lymphocyte,0.13333333333333333,0.3333333333333333,0.19047619047619047,6,15,"{""tumor"": 1, ""histiocyte"": 1, ""melanophage"": 1, ""endothelium"": 1}",tumor,1.0,-0.16666666666666669,6.0,-0.05769230769230771,0.20572746696022956,0.05170240299645282,0.22855602386472876,0.035654526938193876
p3_A5_real_s29_cv1,29,1,CV,9,plasma_cell,0.3333333333333333,0.16666666666666666,0.2222222222222222,6,3,"{""tumor"": 1, ""lymphocyte"": 1, ""histiocyte"": 1, ""neutrophil"": 1, ""apoptosis"": 1}",tumor,6.0,0.0,6.0,-0.10714285714285715,0.07082966862607008,0.045827129928674076,0.08185650399793573,0.03517502169446422
p3_A5_real_s29_cv1,29,1,CV,9,histiocyte,0.125,0.2,0.15384615384615385,10,16,"{""lymphocyte"": 5, ""stroma"": 2, ""endothelium"": 1}",lymphocyte,4.0,-0.3,4.0,-0.20527859237536655,0.17237393654055794,0.08849117374454826,0.18453211431353114,0.03252802925771344
p3_A5_real_s29_cv1,29,1,CV,9,melanophage,0.5714285714285714,0.6666666666666666,0.6153846153846154,12,14,"{""tumor"": 1, ""lymphocyte"": 1, ""histiocyte"": 1, ""epithelium"": 1}",tumor,6.0,-0.33333333333333337,4.0,-0.21999999999999997,0.11508483840295526,0.05754378748356889,0.03719084559914055,0.005361359941827443
p3_A5_real_s29_cv1,29,1,CV,9,neutrophil,0.6,0.5454545454545454,0.5714285714285714,11,10,"{""lymphocyte"": 1, ""histiocyte"": 1, ""melanophage"": 1, ""stroma"": 1, ""epithelium"": 1}",lymphocyte,3.0,-0.27272727272727276,8.0,-0.08333333333333337,0.20968295626674174,0.08558594561210224,0.22230916401112866,0.0906029779832514
p3_A5_real_s29_cv1,29,1,CV,9,stroma,0.3333333333333333,0.25,0.2857142857142857,8,6,"{""tumor"": 1, ""histiocyte"": 2, ""neutrophil"": 1, ""endothelium"": 1, ""apoptosis"": 1}",histiocyte,1.0,0.0,3.0,-0.13333333333333336,0.03730229088608088,0.047003852394433526,0.08445256200129947,0.03718460864482585
p3_A5_real_s29_cv1,29,1,CV,9,epithelium,0.35714285714285715,0.7142857142857143,0.47619047619047616,7,14,"{""melanophage"": 1, ""stroma"": 1}",melanophage,3.0,-0.2857142857142857,4.0,-0.11111111111111105,0.20175439893730138,0.04416721929516359,0.046679889574645195,0.03064815371182802
p3_A5_real_s29_cv1,29,1,CV,9,endothelium,0.4,0.2222222222222222,0.2857142857142857,9,5,"{""lymphocyte"": 1, ""histiocyte"": 3, ""melanophage"": 1, ""epithelium"": 1, ""apoptosis"": 1}",histiocyte,7.0,-0.4444444444444444,8.0,-0.36363636363636365,0.32879883754203426,0.13216099573091522,0.12727683808402318,0.07402274596111785
p3_A5_real_s29_cv1,29,1,CV,9,apoptosis,0.4444444444444444,0.3333333333333333,0.38095238095238093,12,9,"{""tumor"": 2, ""lymphocyte"": 3, ""plasma_cell"": 1, ""neutrophil"": 2}",lymphocyte,5.0,-0.08333333333333337,8.0,-0.05454545454545451,0.1370245239532291,0.11226255234242723,0.04794347181260873,0.07051701808933422
p3_A5_real_s29_cv1,29,1,CV,10,tumor,0.6,0.42857142857142855,0.5,28,20,"{""plasma_cell"": 2, ""histiocyte"": 6, ""melanophage"": 3, ""stroma"": 1, ""epithelium"": 3, ""apoptosis"": 1}",histiocyte,1.0,-0.07142857142857145,6.0,-0.06000000000000005,0.07426136229974609,0.04703543165448007,0.0591707681922371,0.02766967376035559
p3_A5_real_s29_cv1,29,1,CV,10,lymphocyte,0.2,0.3333333333333333,0.25,6,10,"{""plasma_cell"": 1, ""histiocyte"": 2, ""melanophage"": 1}",histiocyte,1.0,-0.16666666666666669,6.0,-0.05769230769230771,0.20572746696022956,0.05170240299645282,0.22855602386472876,0.035654526938193876
p3_A5_real_s29_cv1,29,1,CV,10,plasma_cell,0.125,0.16666666666666666,0.14285714285714285,6,8,"{""tumor"": 1, ""lymphocyte"": 1, ""histiocyte"": 1, ""neutrophil"": 1, ""apoptosis"": 1}",tumor,6.0,0.0,6.0,-0.10714285714285715,0.07082966862607008,0.045827129928674076,0.08185650399793573,0.03517502169446422
p3_A5_real_s29_cv1,29,1,CV,10,histiocyte,0.13043478260869565,0.3,0.18181818181818182,10,23,"{""lymphocyte"": 3, ""plasma_cell"": 1, ""stroma"": 2, ""endothelium"": 1}",lymphocyte,4.0,-0.3,4.0,-0.20527859237536655,0.17237393654055794,0.08849117374454826,0.18453211431353114,0.03252802925771344
p3_A5_real_s29_cv1,29,1,CV,10,melanophage,0.5,0.5,0.5,12,12,"{""tumor"": 3, ""lymphocyte"": 1, ""histiocyte"": 1, ""epithelium"": 1}",tumor,6.0,-0.33333333333333337,4.0,-0.21999999999999997,0.11508483840295526,0.05754378748356889,0.03719084559914055,0.005361359941827443
p3_A5_real_s29_cv1,29,1,CV,10,neutrophil,0.5555555555555556,0.45454545454545453,0.5,11,9,"{""tumor"": 1, ""lymphocyte"": 1, ""plasma_cell"": 2, ""stroma"": 1, ""epithelium"": 1}",plasma_cell,3.0,-0.27272727272727276,8.0,-0.08333333333333337,0.20968295626674174,0.08558594561210224,0.22230916401112866,0.0906029779832514
p3_A5_real_s29_cv1,29,1,CV,10,stroma,0.2857142857142857,0.25,0.26666666666666666,8,7,"{""tumor"": 1, ""histiocyte"": 3, ""neutrophil"": 1, ""apoptosis"": 1}",histiocyte,1.0,0.0,3.0,-0.13333333333333336,0.03730229088608088,0.047003852394433526,0.08445256200129947,0.03718460864482585
p3_A5_real_s29_cv1,29,1,CV,10,epithelium,0.45454545454545453,0.7142857142857143,0.5555555555555556,7,11,"{""melanophage"": 1, ""stroma"": 1}",melanophage,3.0,-0.2857142857142857,4.0,-0.11111111111111105,0.20175439893730138,0.04416721929516359,0.046679889574645195,0.03064815371182802
p3_A5_real_s29_cv1,29,1,CV,10,endothelium,0.0,0.0,0.0,9,1,"{""lymphocyte"": 1, ""histiocyte"": 5, ""melanophage"": 1, ""epithelium"": 1, ""apoptosis"": 1}",histiocyte,7.0,-0.4444444444444444,8.0,-0.36363636363636365,0.32879883754203426,0.13216099573091522,0.12727683808402318,0.07402274596111785
p3_A5_real_s29_cv1,29,1,CV,10,apoptosis,0.5,0.3333333333333333,0.4,12,8,"{""tumor"": 2, ""lymphocyte"": 1, ""plasma_cell"": 1, ""histiocyte"": 2, ""neutrophil"": 2}",tumor,5.0,-0.08333333333333337,8.0,-0.05454545454545451,0.1370245239532291,0.11226255234242723,0.04794347181260873,0.07051701808933422
p3_A5_real_s29_cv2,29,2,CV,1,tumor,1.0,0.08333333333333333,0.15384615384615385,24,2,"{""lymphocyte"": 4, ""melanophage"": 10, ""stroma"": 2, ""endothelium"": 5, ""apoptosis"": 1}",melanophage,3.0,-0.25,9.0,-0.031712473572938715,0.07426136229974609,0.04703543165448007,0.0591707681922371,0.02766967376035559
p3_A5_real_s29_cv2,29,2,CV,1,lymphocyte,0.3333333333333333,0.3333333333333333,0.3333333333333333,18,18,"{""histiocyte"": 2, ""melanophage"": 5, ""stroma"": 2, ""endothelium"": 3}",melanophage,10.0,0.0,9.0,-0.019775873434410007,0.20572746696022956,0.05170240299645282,0.22855602386472876,0.035654526938193876
p3_A5_real_s29_cv2,29,2,CV,1,plasma_cell,0.0,0.0,0.0,7,0,"{""lymphocyte"": 2, ""histiocyte"": 1, ""melanophage"": 1, ""epithelium"": 1, ""endothelium"": 2}",lymphocyte,2.0,0.0,2.0,-0.036363636363636376,0.07082966862607008,0.045827129928674076,0.08185650399793573,0.03517502169446422
p3_A5_real_s29_cv2,29,2,CV,1,histiocyte,0.0,0.0,0.0,7,5,"{""lymphocyte"": 2, ""melanophage"": 1, ""stroma"": 1, ""endothelium"": 3}",endothelium,7.0,-0.42857142857142855,9.0,-0.34615384615384615,0.17237393654055794,0.08849117374454826,0.18453211431353114,0.03252802925771344
p3_A5_real_s29_cv2,29,2,CV,1,melanophage,0.16129032258064516,1.0,0.2777777777777778,5,31,{},none,1.0,-0.19999999999999996,2.0,-0.21794871794871795,0.11508483840295526,0.05754378748356889,0.03719084559914055,0.005361359941827443
p3_A5_real_s29_cv2,29,2,CV,1,neutrophil,1.0,0.125,0.2222222222222222,8,1,"{""lymphocyte"": 1, ""melanophage"": 3, ""stroma"": 1, ""epithelium"": 1, ""endothelium"": 1}",melanophage,8.0,-0.375,9.0,-0.1568627450980392,0.20968295626674174,0.08558594561210224,0.22230916401112866,0.0906029779832514
p3_A5_real_s29_cv2,29,2,CV,1,stroma,0.36363636363636365,0.4,0.38095238095238093,10,11,"{""lymphocyte"": 1, ""melanophage"": 1, ""endothelium"": 4}",endothelium,2.0,-0.5,7.0,-0.19298245614035087,0.03730229088608088,0.047003852394433526,0.08445256200129947,0.03718460864482585
p3_A5_real_s29_cv2,29,2,CV,1,epithelium,0.25,0.2,0.2222222222222222,5,4,"{""lymphocyte"": 1, ""melanophage"": 2, ""endothelium"": 1}",melanophage,2.0,-0.4,7.0,-0.2828282828282829,0.20175439893730138,0.04416721929516359,0.046679889574645195,0.03064815371182802
p3_A5_real_s29_cv2,29,2,CV,1,endothelium,0.16666666666666666,0.5714285714285714,0.25806451612903225,7,24,"{""histiocyte"": 1, ""stroma"": 1, ""apoptosis"": 1}",histiocyte,1.0,0.0,3.0,-0.2344322344322345,0.32879883754203426,0.13216099573091522,0.12727683808402318,0.07402274596111785
p3_A5_real_s29_cv2,29,2,CV,1,apoptosis,0.3333333333333333,0.125,0.18181818181818182,8,3,"{""lymphocyte"": 1, ""histiocyte"": 1, ""melanophage"": 3, ""epithelium"": 1, ""endothelium"": 1}",melanophage,7.0,-0.125,10.0,0.0,0.1370245239532291,0.11226255234242723,0.04794347181260873,0.07051701808933422
p3_A5_real_s29_cv2,29,2,CV,2,tumor,0.8,0.5,0.6153846153846154,24,15,"{""lymphocyte"": 1, ""plasma_cell"": 1, ""melanophage"": 2, ""stroma"": 3, ""epithelium"": 4, ""apoptosis"": 1}",epithelium,3.0,-0.25,9.0,-0.031712473572938715,0.07426136229974609,0.04703543165448007,0.0591707681922371,0.02766967376035559
p3_A5_real_s29_cv2,29,2,CV,2,lymphocyte,0.7272727272727273,0.4444444444444444,0.5517241379310345,18,11,"{""histiocyte"": 1, ""neutrophil"": 3, ""stroma"": 4, ""epithelium"": 2}",stroma,10.0,0.0,9.0,-0.019775873434410007,0.20572746696022956,0.05170240299645282,0.22855602386472876,0.035654526938193876
p3_A5_real_s29_cv2,29,2,CV,2,plasma_cell,0.6666666666666666,0.2857142857142857,0.4,7,3,"{""histiocyte"": 1, ""neutrophil"": 1, ""stroma"": 2, ""epithelium"": 1}",stroma,2.0,0.0,2.0,-0.036363636363636376,0.07082966862607008,0.045827129928674076,0.08185650399793573,0.03517502169446422
p3_A5_real_s29_cv2,29,2,CV,2,histiocyte,0.0,0.0,0.0,7,3,"{""tumor"": 1, ""lymphocyte"": 1, ""neutrophil"": 1, ""stroma"": 4}",stroma,7.0,-0.42857142857142855,9.0,-0.34615384615384615,0.17237393654055794,0.08849117374454826,0.18453211431353114,0.03252802925771344
p3_A5_real_s29_cv2,29,2,CV,2,melanophage,0.7142857142857143,1.0,0.8333333333333334,5,7,{},none,1.0,-0.19999999999999996,2.0,-0.21794871794871795,0.11508483840295526,0.05754378748356889,0.03719084559914055,0.005361359941827443
p3_A5_real_s29_cv2,29,2,CV,2,neutrophil,0.2727272727272727,0.375,0.3157894736842105,8,11,"{""stroma"": 2, ""epithelium"": 3}",epithelium,8.0,-0.375,9.0,-0.1568627450980392,0.20968295626674174,0.08558594561210224,0.22230916401112866,0.0906029779832514
p3_A5_real_s29_cv2,29,2,CV,2,stroma,0.2857142857142857,0.8,0.42105263157894735,10,28,"{""lymphocyte"": 1, ""epithelium"": 1}",lymphocyte,2.0,-0.5,7.0,-0.19298245614035087,0.03730229088608088,0.047003852394433526,0.08445256200129947,0.03718460864482585
p3_A5_real_s29_cv2,29,2,CV,2,epithelium,0.23529411764705882,0.8,0.36363636363636365,5,17,"{""tumor"": 1}",tumor,2.0,-0.4,7.0,-0.2828282828282829,0.20175439893730138,0.04416721929516359,0.046679889574645195,0.03064815371182802
p3_A5_real_s29_cv2,29,2,CV,2,endothelium,1.0,0.14285714285714285,0.25,7,1,"{""histiocyte"": 1, ""neutrophil"": 1, ""stroma"": 3, ""apoptosis"": 1}",stroma,1.0,0.0,3.0,-0.2344322344322345,0.32879883754203426,0.13216099573091522,0.12727683808402318,0.07402274596111785
p3_A5_real_s29_cv2,29,2,CV,2,apoptosis,0.3333333333333333,0.125,0.18181818181818182,8,3,"{""tumor"": 1, ""neutrophil"": 2, ""stroma"": 2, ""epithelium"": 2}",neutrophil,7.0,-0.125,10.0,0.0,0.1370245239532291,0.11226255234242723,0.04794347181260873,0.07051701808933422
p3_A5_real_s29_cv2,29,2,CV,3,tumor,0.48717948717948717,0.7916666666666666,0.6031746031746031,24,39,"{""plasma_cell"": 1, ""melanophage"": 2, ""epithelium"": 1, ""apoptosis"": 1}",melanophage,3.0,-0.25,9.0,-0.031712473572938715,0.07426136229974609,0.04703543165448007,0.0591707681922371,0.02766967376035559
p3_A5_real_s29_cv2,29,2,CV,3,lymphocyte,0.6923076923076923,0.5,0.5806451612903226,18,13,"{""tumor"": 4, ""plasma_cell"": 2, ""neutrophil"": 1, ""stroma"": 2}",tumor,10.0,0.0,9.0,-0.019775873434410007,0.20572746696022956,0.05170240299645282,0.22855602386472876,0.035654526938193876
p3_A5_real_s29_cv2,29,2,CV,3,plasma_cell,0.2857142857142857,0.2857142857142857,0.2857142857142857,7,7,"{""tumor"": 2, ""lymphocyte"": 1, ""histiocyte"": 1, ""stroma"": 1}",tumor,2.0,0.0,2.0,-0.036363636363636376,0.07082966862607008,0.045827129928674076,0.08185650399793573,0.03517502169446422
p3_A5_real_s29_cv2,29,2,CV,3,histiocyte,0.0,0.0,0.0,7,1,"{""tumor"": 2, ""lymphocyte"": 2, ""melanophage"": 1, ""stroma"": 2}",tumor,7.0,-0.42857142857142855,9.0,-0.34615384615384615,0.17237393654055794,0.08849117374454826,0.18453211431353114,0.03252802925771344
p3_A5_real_s29_cv2,29,2,CV,3,melanophage,0.5714285714285714,0.8,0.6666666666666666,5,7,"{""tumor"": 1}",tumor,1.0,-0.19999999999999996,2.0,-0.21794871794871795,0.11508483840295526,0.05754378748356889,0.03719084559914055,0.005361359941827443
p3_A5_real_s29_cv2,29,2,CV,3,neutrophil,0.5,0.375,0.42857142857142855,8,6,"{""tumor"": 2, ""plasma_cell"": 1, ""apoptosis"": 2}",tumor,8.0,-0.375,9.0,-0.1568627450980392,0.20968295626674174,0.08558594561210224,0.22230916401112866,0.0906029779832514
p3_A5_real_s29_cv2,29,2,CV,3,stroma,0.4,0.4,0.4,10,10,"{""tumor"": 2, ""lymphocyte"": 1, ""epithelium"": 1, ""endothelium"": 2}",tumor,2.0,-0.5,7.0,-0.19298245614035087,0.03730229088608088,0.047003852394433526,0.08445256200129947,0.03718460864482585
p3_A5_real_s29_cv2,29,2,CV,3,epithelium,0.6,0.6,0.6,5,5,"{""tumor"": 2}",tumor,2.0,-0.4,7.0,-0.2828282828282829,0.20175439893730138,0.04416721929516359,0.046679889574645195,0.03064815371182802
p3_A5_real_s29_cv2,29,2,CV,3,endothelium,0.6666666666666666,0.5714285714285714,0.6153846153846154,7,6,"{""neutrophil"": 1, ""stroma"": 1, ""apoptosis"": 1}",neutrophil,1.0,0.0,3.0,-0.2344322344322345,0.32879883754203426,0.13216099573091522,0.12727683808402318,0.07402274596111785
p3_A5_real_s29_cv2,29,2,CV,3,apoptosis,0.2,0.125,0.15384615384615385,8,5,"{""tumor"": 5, ""plasma_cell"": 1, ""neutrophil"": 1}",tumor,7.0,-0.125,10.0,0.0,0.1370245239532291,0.11226255234242723,0.04794347181260873,0.07051701808933422
p3_A5_real_s29_cv2,29,2,CV,4,tumor,0.8571428571428571,0.5,0.631578947368421,24,14,"{""plasma_cell"": 1, ""melanophage"": 4, ""neutrophil"": 1, ""epithelium"": 1, ""endothelium"": 1, ""apoptosis"": 4}",melanophage,3.0,-0.25,9.0,-0.031712473572938715,0.07426136229974609,0.04703543165448007,0.0591707681922371,0.02766967376035559
p3_A5_real_s29_cv2,29,2,CV,4,lymphocyte,0.6666666666666666,0.3333333333333333,0.4444444444444444,18,9,"{""plasma_cell"": 3, ""neutrophil"": 4, ""stroma"": 2, ""endothelium"": 3}",neutrophil,10.0,0.0,9.0,-0.019775873434410007,0.20572746696022956,0.05170240299645282,0.22855602386472876,0.035654526938193876
p3_A5_real_s29_cv2,29,2,CV,4,plasma_cell,0.25,0.2857142857142857,0.26666666666666666,7,8,"{""lymphocyte"": 1, ""endothelium"": 3, ""apoptosis"": 1}",endothelium,2.0,0.0,2.0,-0.036363636363636376,0.07082966862607008,0.045827129928674076,0.08185650399793573,0.03517502169446422
p3_A5_real_s29_cv2,29,2,CV,4,histiocyte,0.0,0.0,0.0,7,0,"{""lymphocyte"": 1, ""melanophage"": 1, ""endothelium"": 5}",endothelium,7.0,-0.42857142857142855,9.0,-0.34615384615384615,0.17237393654055794,0.08849117374454826,0.18453211431353114,0.03252802925771344
p3_A5_real_s29_cv2,29,2,CV,4,melanophage,0.5,1.0,0.6666666666666666,5,10,{},none,1.0,-0.19999999999999996,2.0,-0.21794871794871795,0.11508483840295526,0.05754378748356889,0.03719084559914055,0.005361359941827443
p3_A5_real_s29_cv2,29,2,CV,4,neutrophil,0.375,0.75,0.5,8,16,"{""endothelium"": 1, ""apoptosis"": 1}",endothelium,8.0,-0.375,9.0,-0.1568627450980392,0.20968295626674174,0.08558594561210224,0.22230916401112866,0.0906029779832514
p3_A5_real_s29_cv2,29,2,CV,4,stroma,0.4,0.2,0.26666666666666666,10,5,"{""tumor"": 1, ""lymphocyte"": 1, ""neutrophil"": 1, ""epithelium"": 1, ""endothelium"": 4}",endothelium,2.0,-0.5,7.0,-0.19298245614035087,0.03730229088608088,0.047003852394433526,0.08445256200129947,0.03718460864482585
p3_A5_real_s29_cv2,29,2,CV,4,epithelium,0.6,0.6,0.6,5,5,"{""tumor"": 1, ""endothelium"": 1}",tumor,2.0,-0.4,7.0,-0.2828282828282829,0.20175439893730138,0.04416721929516359,0.046679889574645195,0.03064815371182802
p3_A5_real_s29_cv2,29,2,CV,4,endothelium,0.17391304347826086,0.5714285714285714,0.26666666666666666,7,23,"{""neutrophil"": 1, ""stroma"": 1, ""apoptosis"": 1}",neutrophil,1.0,0.0,3.0,-0.2344322344322345,0.32879883754203426,0.13216099573091522,0.12727683808402318,0.07402274596111785
p3_A5_real_s29_cv2,29,2,CV,4,apoptosis,0.2222222222222222,0.25,0.23529411764705882,8,9,"{""plasma_cell"": 2, ""neutrophil"": 3, ""endothelium"": 1}",neutrophil,7.0,-0.125,10.0,0.0,0.1370245239532291,0.11226255234242723,0.04794347181260873,0.07051701808933422
p3_A5_real_s29_cv2,29,2,CV,5,tumor,1.0,0.3333333333333333,0.5,24,8,"{""plasma_cell"": 1, ""histiocyte"": 1, ""melanophage"": 4, ""neutrophil"": 1, ""stroma"": 2, ""epithelium"": 1, ""endothelium"": 2, ""apoptosis"": 4}",melanophage,3.0,-0.25,9.0,-0.031712473572938715,0.07426136229974609,0.04703543165448007,0.0591707681922371,0.02766967376035559
p3_A5_real_s29_cv2,29,2,CV,5,lymphocyte,0.6923076923076923,0.5,0.5806451612903226,18,13,"{""plasma_cell"": 1, ""histiocyte"": 3, ""melanophage"": 1, ""neutrophil"": 1, ""stroma"": 2, ""endothelium"": 1}",histiocyte,10.0,0.0,9.0,-0.019775873434410007,0.20572746696022956,0.05170240299645282,0.22855602386472876,0.035654526938193876
p3_A5_real_s29_cv2,29,2,CV,5,plasma_cell,0.4,0.2857142857142857,0.3333333333333333,7,5,"{""lymphocyte"": 1, ""histiocyte"": 2, ""endothelium"": 1, ""apoptosis"": 1}",histiocyte,2.0,0.0,2.0,-0.036363636363636376,0.07082966862607008,0.045827129928674076,0.08185650399793573,0.03517502169446422
p3_A5_real_s29_cv2,29,2,CV,5,histiocyte,0.0,0.0,0.0,7,7,"{""lymphocyte"": 1, ""melanophage"": 1, ""stroma"": 1, ""endothelium"": 4}",endothelium,7.0,-0.42857142857142855,9.0,-0.34615384615384615,0.17237393654055794,0.08849117374454826,0.18453211431353114,0.03252802925771344
p3_A5_real_s29_cv2,29,2,CV,5,melanophage,0.45454545454545453,1.0,0.625,5,11,{},none,1.0,-0.19999999999999996,2.0,-0.21794871794871795,0.11508483840295526,0.05754378748356889,0.03719084559914055,0.005361359941827443
p3_A5_real_s29_cv2,29,2,CV,5,neutrophil,0.6,0.75,0.6666666666666666,8,10,"{""stroma"": 1, ""apoptosis"": 1}",stroma,8.0,-0.375,9.0,-0.1568627450980392,0.20968295626674174,0.08558594561210224,0.22230916401112866,0.0906029779832514
p3_A5_real_s29_cv2,29,2,CV,5,stroma,0.4,0.6,0.48,10,15,"{""lymphocyte"": 1, ""epithelium"": 1, ""endothelium"": 2}",endothelium,2.0,-0.5,7.0,-0.19298245614035087,0.03730229088608088,0.047003852394433526,0.08445256200129947,0.03718460864482585
p3_A5_real_s29_cv2,29,2,CV,5,epithelium,0.6,0.6,0.6,5,5,"{""endothelium"": 2}",endothelium,2.0,-0.4,7.0,-0.2828282828282829,0.20175439893730138,0.04416721929516359,0.046679889574645195,0.03064815371182802
p3_A5_real_s29_cv2,29,2,CV,5,endothelium,0.25,0.5714285714285714,0.34782608695652173,7,16,"{""neutrophil"": 1, ""stroma"": 1, ""apoptosis"": 1}",neutrophil,1.0,0.0,3.0,-0.2344322344322345,0.32879883754203426,0.13216099573091522,0.12727683808402318,0.07402274596111785
p3_A5_real_s29_cv2,29,2,CV,5,apoptosis,0.2222222222222222,0.25,0.23529411764705882,8,9,"{""lymphocyte"": 1, ""plasma_cell"": 1, ""histiocyte"": 1, ""neutrophil"": 1, ""stroma"": 2}",stroma,7.0,-0.125,10.0,0.0,0.1370245239532291,0.11226255234242723,0.04794347181260873,0.07051701808933422
p3_A5_real_s29_cv2,29,2,CV,6,tumor,0.7647058823529411,0.5416666666666666,0.6341463414634146,24,17,"{""plasma_cell"": 1, ""melanophage"": 4, ""stroma"": 1, ""epithelium"": 1, ""endothelium"": 1, ""apoptosis"": 3}",melanophage,3.0,-0.25,9.0,-0.031712473572938715,0.07426136229974609,0.04703543165448007,0.0591707681922371,0.02766967376035559
p3_A5_real_s29_cv2,29,2,CV,6,lymphocyte,0.6666666666666666,0.5555555555555556,0.6060606060606061,18,15,"{""plasma_cell"": 2, ""histiocyte"": 3, ""stroma"": 2, ""endothelium"": 1}",histiocyte,10.0,0.0,9.0,-0.019775873434410007,0.20572746696022956,0.05170240299645282,0.22855602386472876,0.035654526938193876
p3_A5_real_s29_cv2,29,2,CV,6,plasma_cell,0.3333333333333333,0.2857142857142857,0.3076923076923077,7,6,"{""tumor"": 1, ""lymphocyte"": 1, ""histiocyte"": 1, ""stroma"": 1, ""endothelium"": 1}",tumor,2.0,0.0,2.0,-0.036363636363636376,0.07082966862607008,0.045827129928674076,0.08185650399793573,0.03517502169446422
p3_A5_real_s29_cv2,29,2,CV,6,histiocyte,0.25,0.2857142857142857,0.26666666666666666,7,8,"{""lymphocyte"": 2, ""stroma"": 2, ""endothelium"": 1}",lymphocyte,7.0,-0.42857142857142855,9.0,-0.34615384615384615,0.17237393654055794,0.08849117374454826,0.18453211431353114,0.03252802925771344
p3_A5_real_s29_cv2,29,2,CV,6,melanophage,0.5,0.8,0.6153846153846154,5,8,"{""histiocyte"": 1}",histiocyte,1.0,-0.19999999999999996,2.0,-0.21794871794871795,0.11508483840295526,0.05754378748356889,0.03719084559914055,0.005361359941827443
p3_A5_real_s29_cv2,29,2,CV,6,neutrophil,0.6666666666666666,0.5,0.5714285714285714,8,6,"{""stroma"": 1, ""apoptosis"": 3}",apoptosis,8.0,-0.375,9.0,-0.1568627450980392,0.20968295626674174,0.08558594561210224,0.22230916401112866,0.0906029779832514
p3_A5_real_s29_cv2,29,2,CV,6,stroma,0.4117647058823529,0.7,0.5185185185185185,10,17,"{""lymphocyte"": 1, ""epithelium"": 1, ""endothelium"": 1}",lymphocyte,2.0,-0.5,7.0,-0.19298245614035087,0.03730229088608088,0.047003852394433526,0.08445256200129947,0.03718460864482585
p3_A5_real_s29_cv2,29,2,CV,6,epithelium,0.6,0.6,0.6,5,5,"{""tumor"": 2}",tumor,2.0,-0.4,7.0,-0.2828282828282829,0.20175439893730138,0.04416721929516359,0.046679889574645195,0.03064815371182802
p3_A5_real_s29_cv2,29,2,CV,6,endothelium,0.375,0.42857142857142855,0.4,7,8,"{""neutrophil"": 1, ""stroma"": 2, ""apoptosis"": 1}",stroma,1.0,0.0,3.0,-0.2344322344322345,0.32879883754203426,0.13216099573091522,0.12727683808402318,0.07402274596111785
p3_A5_real_s29_cv2,29,2,CV,6,apoptosis,0.2222222222222222,0.25,0.23529411764705882,8,9,"{""tumor"": 1, ""lymphocyte"": 1, ""plasma_cell"": 1, ""histiocyte"": 1, ""neutrophil"": 1, ""stroma"": 1}",tumor,7.0,-0.125,10.0,0.0,0.1370245239532291,0.11226255234242723,0.04794347181260873,0.07051701808933422
p3_A5_real_s29_cv2,29,2,CV,7,tumor,0.8,0.5,0.6153846153846154,24,15,"{""histiocyte"": 1, ""melanophage"": 2, ""neutrophil"": 1, ""stroma"": 1, ""epithelium"": 1, ""endothelium"": 1, ""apoptosis"": 5}",apoptosis,3.0,-0.25,9.0,-0.031712473572938715,0.07426136229974609,0.04703543165448007,0.0591707681922371,0.02766967376035559
p3_A5_real_s29_cv2,29,2,CV,7,lymphocyte,0.7272727272727273,0.4444444444444444,0.5517241379310345,18,11,"{""plasma_cell"": 2, ""histiocyte"": 4, ""neutrophil"": 1, ""stroma"": 1, ""endothelium"": 1, ""apoptosis"": 1}",histiocyte,10.0,0.0,9.0,-0.019775873434410007,0.20572746696022956,0.05170240299645282,0.22855602386472876,0.035654526938193876
p3_A5_real_s29_cv2,29,2,CV,7,plasma_cell,0.4,0.2857142857142857,0.3333333333333333,7,5,"{""lymphocyte"": 1, ""histiocyte"": 2, ""apoptosis"": 2}",histiocyte,2.0,0.0,2.0,-0.036363636363636376,0.07082966862607008,0.045827129928674076,0.08185650399793573,0.03517502169446422
p3_A5_real_s29_cv2,29,2,CV,7,histiocyte,0.3076923076923077,0.5714285714285714,0.4,7,13,"{""lymphocyte"": 1, ""endothelium"": 1, ""apoptosis"": 1}",lymphocyte,7.0,-0.42857142857142855,9.0,-0.34615384615384615,0.17237393654055794,0.08849117374454826,0.18453211431353114,0.03252802925771344
p3_A5_real_s29_cv2,29,2,CV,7,melanophage,0.6666666666666666,0.8,0.7272727272727273,5,6,"{""histiocyte"": 1}",histiocyte,1.0,-0.19999999999999996,2.0,-0.21794871794871795,0.11508483840295526,0.05754378748356889,0.03719084559914055,0.005361359941827443
p3_A5_real_s29_cv2,29,2,CV,7,neutrophil,0.5555555555555556,0.625,0.5882352941176471,8,9,"{""apoptosis"": 3}",apoptosis,8.0,-0.375,9.0,-0.1568627450980392,0.20968295626674174,0.08558594561210224,0.22230916401112866,0.0906029779832514
p3_A5_real_s29_cv2,29,2,CV,7,stroma,0.5555555555555556,0.5,0.5263157894736842,10,9,"{""tumor"": 1, ""lymphocyte"": 1, ""epithelium"": 1, ""endothelium"": 2}",endothelium,2.0,-0.5,7.0,-0.19298245614035087,0.03730229088608088,0.047003852394433526,0.08445256200129947,0.03718460864482585
p3_A5_real_s29_cv2,29,2,CV,7,epithelium,0.6666666666666666,0.8,0.7272727272727273,5,6,"{""tumor"": 1}",tumor,2.0,-0.4,7.0,-0.2828282828282829,0.20175439893730138,0.04416721929516359,0.046679889574645195,0.03064815371182802
p3_A5_real_s29_cv2,29,2,CV,7,endothelium,0.4444444444444444,0.5714285714285714,0.5,7,9,"{""neutrophil"": 1, ""stroma"": 1, ""apoptosis"": 1}",neutrophil,1.0,0.0,3.0,-0.2344322344322345,0.32879883754203426,0.13216099573091522,0.12727683808402318,0.07402274596111785
p3_A5_real_s29_cv2,29,2,CV,7,apoptosis,0.1875,0.375,0.25,8,16,"{""tumor"": 1, ""plasma_cell"": 1, ""histiocyte"": 1, ""neutrophil"": 1, ""stroma"": 1}",tumor,7.0,-0.125,10.0,0.0,0.1370245239532291,0.11226255234242723,0.04794347181260873,0.07051701808933422
p3_A5_real_s29_cv2,29,2,CV,8,tumor,0.6875,0.4583333333333333,0.55,24,16,"{""melanophage"": 4, ""neutrophil"": 1, ""epithelium"": 1, ""endothelium"": 1, ""apoptosis"": 6}",apoptosis,3.0,-0.25,9.0,-0.031712473572938715,0.07426136229974609,0.04703543165448007,0.0591707681922371,0.02766967376035559
p3_A5_real_s29_cv2,29,2,CV,8,lymphocyte,0.75,0.5,0.6,18,12,"{""plasma_cell"": 4, ""histiocyte"": 2, ""stroma"": 1, ""endothelium"": 1, ""apoptosis"": 1}",plasma_cell,10.0,0.0,9.0,-0.019775873434410007,0.20572746696022956,0.05170240299645282,0.22855602386472876,0.035654526938193876
p3_A5_real_s29_cv2,29,2,CV,8,plasma_cell,0.25,0.2857142857142857,0.26666666666666666,7,8,"{""tumor"": 1, ""lymphocyte"": 1, ""histiocyte"": 2, ""apoptosis"": 1}",histiocyte,2.0,0.0,2.0,-0.036363636363636376,0.07082966862607008,0.045827129928674076,0.08185650399793573,0.03517502169446422
p3_A5_real_s29_cv2,29,2,CV,8,histiocyte,0.4,0.5714285714285714,0.47058823529411764,7,10,"{""lymphocyte"": 1, ""endothelium"": 1, ""apoptosis"": 1}",lymphocyte,7.0,-0.42857142857142855,9.0,-0.34615384615384615,0.17237393654055794,0.08849117374454826,0.18453211431353114,0.03252802925771344
p3_A5_real_s29_cv2,29,2,CV,8,melanophage,0.5,0.8,0.6153846153846154,5,8,"{""histiocyte"": 1}",histiocyte,1.0,-0.19999999999999996,2.0,-0.21794871794871795,0.11508483840295526,0.05754378748356889,0.03719084559914055,0.005361359941827443
p3_A5_real_s29_cv2,29,2,CV,8,neutrophil,0.6666666666666666,1.0,0.8,8,12,{},none,8.0,-0.375,9.0,-0.1568627450980392,0.20968295626674174,0.08558594561210224,0.22230916401112866,0.0906029779832514
p3_A5_real_s29_cv2,29,2,CV,8,stroma,0.6666666666666666,0.4,0.5,10,6,"{""tumor"": 1, ""lymphocyte"": 1, ""epithelium"": 1, ""endothelium"": 3}",endothelium,2.0,-0.5,7.0,-0.19298245614035087,0.03730229088608088,0.047003852394433526,0.08445256200129947,0.03718460864482585
p3_A5_real_s29_cv2,29,2,CV,8,epithelium,0.6,0.6,0.6,5,5,"{""tumor"": 2}",tumor,2.0,-0.4,7.0,-0.2828282828282829,0.20175439893730138,0.04416721929516359,0.046679889574645195,0.03064815371182802
p3_A5_real_s29_cv2,29,2,CV,8,endothelium,0.4,0.5714285714285714,0.47058823529411764,7,10,"{""neutrophil"": 1, ""stroma"": 1, ""apoptosis"": 1}",neutrophil,1.0,0.0,3.0,-0.2344322344322345,0.32879883754203426,0.13216099573091522,0.12727683808402318,0.07402274596111785
p3_A5_real_s29_cv2,29,2,CV,8,apoptosis,0.16666666666666666,0.25,0.2,8,12,"{""tumor"": 1, ""plasma_cell"": 2, ""histiocyte"": 1, ""neutrophil"": 2}",plasma_cell,7.0,-0.125,10.0,0.0,0.1370245239532291,0.11226255234242723,0.04794347181260873,0.07051701808933422
p3_A5_real_s29_cv2,29,2,CV,9,tumor,0.7,0.5833333333333334,0.6363636363636364,24,20,"{""lymphocyte"": 1, ""melanophage"": 4, ""epithelium"": 1, ""endothelium"": 1, ""apoptosis"": 3}",melanophage,3.0,-0.25,9.0,-0.031712473572938715,0.07426136229974609,0.04703543165448007,0.0591707681922371,0.02766967376035559
p3_A5_real_s29_cv2,29,2,CV,9,lymphocyte,0.6842105263157895,0.7222222222222222,0.7027027027027027,18,19,"{""plasma_cell"": 2, ""histiocyte"": 1, ""stroma"": 1, ""endothelium"": 1}",plasma_cell,10.0,0.0,9.0,-0.019775873434410007,0.20572746696022956,0.05170240299645282,0.22855602386472876,0.035654526938193876
p3_A5_real_s29_cv2,29,2,CV,9,plasma_cell,0.3333333333333333,0.2857142857142857,0.3076923076923077,7,6,"{""tumor"": 1, ""lymphocyte"": 1, ""histiocyte"": 2, ""apoptosis"": 1}",histiocyte,2.0,0.0,2.0,-0.036363636363636376,0.07082966862607008,0.045827129928674076,0.08185650399793573,0.03517502169446422
p3_A5_real_s29_cv2,29,2,CV,9,histiocyte,0.4444444444444444,0.5714285714285714,0.5,7,9,"{""lymphocyte"": 2, ""endothelium"": 1}",lymphocyte,7.0,-0.42857142857142855,9.0,-0.34615384615384615,0.17237393654055794,0.08849117374454826,0.18453211431353114,0.03252802925771344
p3_A5_real_s29_cv2,29,2,CV,9,melanophage,0.5,0.8,0.6153846153846154,5,8,"{""histiocyte"": 1}",histiocyte,1.0,-0.19999999999999996,2.0,-0.21794871794871795,0.11508483840295526,0.05754378748356889,0.03719084559914055,0.005361359941827443
p3_A5_real_s29_cv2,29,2,CV,9,neutrophil,0.7777777777777778,0.875,0.8235294117647058,8,9,"{""tumor"": 1}",tumor,8.0,-0.375,9.0,-0.1568627450980392,0.20968295626674174,0.08558594561210224,0.22230916401112866,0.0906029779832514
p3_A5_real_s29_cv2,29,2,CV,9,stroma,0.6,0.3,0.4,10,5,"{""tumor"": 1, ""lymphocyte"": 1, ""epithelium"": 1, ""endothelium"": 4}",endothelium,2.0,-0.5,7.0,-0.19298245614035087,0.03730229088608088,0.047003852394433526,0.08445256200129947,0.03718460864482585
p3_A5_real_s29_cv2,29,2,CV,9,epithelium,0.6,0.6,0.6,5,5,"{""tumor"": 2}",tumor,2.0,-0.4,7.0,-0.2828282828282829,0.20175439893730138,0.04416721929516359,0.046679889574645195,0.03064815371182802
p3_A5_real_s29_cv2,29,2,CV,9,endothelium,0.36363636363636365,0.5714285714285714,0.4444444444444444,7,11,"{""neutrophil"": 1, ""stroma"": 1, ""apoptosis"": 1}",neutrophil,1.0,0.0,3.0,-0.2344322344322345,0.32879883754203426,0.13216099573091522,0.12727683808402318,0.07402274596111785
p3_A5_real_s29_cv2,29,2,CV,9,apoptosis,0.2857142857142857,0.25,0.26666666666666666,8,7,"{""tumor"": 1, ""lymphocyte"": 1, ""plasma_cell"": 2, ""histiocyte"": 1, ""neutrophil"": 1}",plasma_cell,7.0,-0.125,10.0,0.0,0.1370245239532291,0.11226255234242723,0.04794347181260873,0.07051701808933422
p3_A5_real_s29_cv2,29,2,CV,10,tumor,0.6842105263157895,0.5416666666666666,0.6046511627906976,24,19,"{""lymphocyte"": 3, ""melanophage"": 4, ""epithelium"": 1, ""endothelium"": 1, ""apoptosis"": 2}",melanophage,3.0,-0.25,9.0,-0.031712473572938715,0.07426136229974609,0.04703543165448007,0.0591707681922371,0.02766967376035559
p3_A5_real_s29_cv2,29,2,CV,10,lymphocyte,0.6086956521739131,0.7777777777777778,0.6829268292682927,18,23,"{""plasma_cell"": 1, ""histiocyte"": 1, ""stroma"": 1, ""endothelium"": 1}",plasma_cell,10.0,0.0,9.0,-0.019775873434410007,0.20572746696022956,0.05170240299645282,0.22855602386472876,0.035654526938193876
p3_A5_real_s29_cv2,29,2,CV,10,plasma_cell,0.5,0.2857142857142857,0.36363636363636365,7,4,"{""tumor"": 1, ""lymphocyte"": 1, ""histiocyte"": 2, ""apoptosis"": 1}",histiocyte,2.0,0.0,2.0,-0.036363636363636376,0.07082966862607008,0.045827129928674076,0.08185650399793573,0.03517502169446422
p3_A5_real_s29_cv2,29,2,CV,10,histiocyte,0.16666666666666666,0.14285714285714285,0.15384615384615385,7,6,"{""lymphocyte"": 2, ""stroma"": 1, ""endothelium"": 3}",endothelium,7.0,-0.42857142857142855,9.0,-0.34615384615384615,0.17237393654055794,0.08849117374454826,0.18453211431353114,0.03252802925771344
p3_A5_real_s29_cv2,29,2,CV,10,melanophage,0.5,0.8,0.6153846153846154,5,8,"{""histiocyte"": 1}",histiocyte,1.0,-0.19999999999999996,2.0,-0.21794871794871795,0.11508483840295526,0.05754378748356889,0.03719084559914055,0.005361359941827443
p3_A5_real_s29_cv2,29,2,CV,10,neutrophil,0.7142857142857143,0.625,0.6666666666666666,8,7,"{""lymphocyte"": 1, ""stroma"": 1, ""apoptosis"": 1}",lymphocyte,8.0,-0.375,9.0,-0.1568627450980392,0.20968295626674174,0.08558594561210224,0.22230916401112866,0.0906029779832514
p3_A5_real_s29_cv2,29,2,CV,10,stroma,0.375,0.3,0.3333333333333333,10,8,"{""tumor"": 1, ""lymphocyte"": 1, ""epithelium"": 1, ""endothelium"": 4}",endothelium,2.0,-0.5,7.0,-0.19298245614035087,0.03730229088608088,0.047003852394433526,0.08445256200129947,0.03718460864482585
p3_A5_real_s29_cv2,29,2,CV,10,epithelium,0.5,0.4,0.4444444444444444,5,4,"{""tumor"": 2, ""endothelium"": 1}",tumor,2.0,-0.4,7.0,-0.2828282828282829,0.20175439893730138,0.04416721929516359,0.046679889574645195,0.03064815371182802
p3_A5_real_s29_cv2,29,2,CV,10,endothelium,0.2857142857142857,0.5714285714285714,0.38095238095238093,7,14,"{""tumor"": 1, ""neutrophil"": 1, ""stroma"": 1}",tumor,1.0,0.0,3.0,-0.2344322344322345,0.32879883754203426,0.13216099573091522,0.12727683808402318,0.07402274596111785
p3_A5_real_s29_cv2,29,2,CV,10,apoptosis,0.3333333333333333,0.25,0.2857142857142857,8,6,"{""tumor"": 1, ""lymphocyte"": 1, ""plasma_cell"": 1, ""histiocyte"": 1, ""neutrophil"": 1, ""stroma"": 1}",tumor,7.0,-0.125,10.0,0.0,0.1370245239532291,0.11226255234242723,0.04794347181260873,0.07051701808933422
p3_A5_real_s43_cv0,43,0,CV,1,tumor,0.0,0.0,0.0,19,2,"{""lymphocyte"": 5, ""plasma_cell"": 1, ""histiocyte"": 1, ""melanophage"": 7, ""stroma"": 1, ""apoptosis"": 4}",melanophage,10.0,0.0,10.0,0.0,0.07426136229974609,0.04703543165448007,0.0591707681922371,0.02766967376035559
p3_A5_real_s43_cv0,43,0,CV,1,lymphocyte,0.21875,0.5384615384615384,0.3111111111111111,13,32,"{""plasma_cell"": 1, ""histiocyte"": 1, ""melanophage"": 4}",melanophage,4.0,0.0,6.0,-0.09259259259259256,0.20572746696022956,0.05170240299645282,0.22855602386472876,0.035654526938193876
p3_A5_real_s43_cv0,43,0,CV,1,plasma_cell,0.2857142857142857,0.18181818181818182,0.2222222222222222,11,7,"{""lymphocyte"": 5, ""melanophage"": 4}",lymphocyte,2.0,-0.18181818181818182,7.0,-0.15555555555555556,0.07082966862607008,0.045827129928674076,0.08185650399793573,0.03517502169446422
p3_A5_real_s43_cv0,43,0,CV,1,histiocyte,0.0,0.0,0.0,7,3,"{""lymphocyte"": 5, ""melanophage"": 2}",lymphocyte,9.0,0.0,9.0,-0.09999999999999998,0.17237393654055794,0.08849117374454826,0.18453211431353114,0.03252802925771344
p3_A5_real_s43_cv0,43,0,CV,1,melanophage,0.15789473684210525,0.8571428571428571,0.26666666666666666,7,38,"{""lymphocyte"": 1}",lymphocyte,4.0,-0.4285714285714286,3.0,-0.1428571428571429,0.11508483840295526,0.05754378748356889,0.03719084559914055,0.005361359941827443
p3_A5_real_s43_cv0,43,0,CV,1,neutrophil,0.0,0.0,0.0,5,0,"{""lymphocyte"": 2, ""plasma_cell"": 1, ""histiocyte"": 1, ""melanophage"": 1}",lymphocyte,3.0,-0.6000000000000001,3.0,-0.06211180124223603,0.20968295626674174,0.08558594561210224,0.22230916401112866,0.0906029779832514
p3_A5_real_s43_cv0,43,0,CV,1,stroma,0.3333333333333333,0.16666666666666666,0.2222222222222222,6,3,"{""lymphocyte"": 1, ""plasma_cell"": 1, ""melanophage"": 3}",melanophage,4.0,0.0,5.0,0.0,0.03730229088608088,0.047003852394433526,0.08445256200129947,0.03718460864482585
p3_A5_real_s43_cv0,43,0,CV,1,epithelium,1.0,0.08333333333333333,0.15384615384615385,12,1,"{""tumor"": 2, ""lymphocyte"": 2, ""plasma_cell"": 1, ""melanophage"": 5, ""endothelium"": 1}",melanophage,3.0,-0.08333333333333337,5.0,-0.05572755417956654,0.20175439893730138,0.04416721929516359,0.046679889574645195,0.03064815371182802
p3_A5_real_s43_cv0,43,0,CV,1,endothelium,0.0,0.0,0.0,8,2,"{""lymphocyte"": 3, ""melanophage"": 4, ""stroma"": 1}",melanophage,2.0,-0.125,5.0,-0.17582417582417587,0.32879883754203426,0.13216099573091522,0.12727683808402318,0.07402274596111785
p3_A5_real_s43_cv0,43,0,CV,1,apoptosis,0.0,0.0,0.0,4,4,"{""lymphocyte"": 1, ""melanophage"": 2, ""endothelium"": 1}",melanophage,4.0,-0.25,6.0,0.0,0.1370245239532291,0.11226255234242723,0.04794347181260873,0.07051701808933422
p3_A5_real_s43_cv0,43,0,CV,2,tumor,0.2702702702702703,0.5263157894736842,0.35714285714285715,19,37,"{""plasma_cell"": 3, ""apoptosis"": 6}",apoptosis,10.0,0.0,10.0,0.0,0.07426136229974609,0.04703543165448007,0.0591707681922371,0.02766967376035559
p3_A5_real_s43_cv0,43,0,CV,2,lymphocyte,0.0,0.0,0.0,13,0,"{""tumor"": 2, ""plasma_cell"": 8, ""histiocyte"": 1, ""epithelium"": 1, ""apoptosis"": 1}",plasma_cell,4.0,0.0,6.0,-0.09259259259259256,0.20572746696022956,0.05170240299645282,0.22855602386472876,0.035654526938193876
p3_A5_real_s43_cv0,43,0,CV,2,plasma_cell,0.20833333333333334,0.45454545454545453,0.2857142857142857,11,24,"{""tumor"": 2, ""histiocyte"": 1, ""epithelium"": 1, ""apoptosis"": 2}",tumor,2.0,-0.18181818181818182,7.0,-0.15555555555555556,0.07082966862607008,0.045827129928674076,0.08185650399793573,0.03517502169446422
p3_A5_real_s43_cv0,43,0,CV,2,histiocyte,0.2,0.14285714285714285,0.16666666666666666,7,5,"{""tumor"": 2, ""plasma_cell"": 4}",plasma_cell,9.0,0.0,9.0,-0.09999999999999998,0.17237393654055794,0.08849117374454826,0.18453211431353114,0.03252802925771344
p3_A5_real_s43_cv0,43,0,CV,2,melanophage,1.0,0.42857142857142855,0.6,7,3,"{""tumor"": 4}",tumor,4.0,-0.4285714285714286,3.0,-0.1428571428571429,0.11508483840295526,0.05754378748356889,0.03719084559914055,0.005361359941827443
p3_A5_real_s43_cv0,43,0,CV,2,neutrophil,0.0,0.0,0.0,5,0,"{""tumor"": 2, ""plasma_cell"": 2, ""histiocyte"": 1}",tumor,3.0,-0.6000000000000001,3.0,-0.06211180124223603,0.20968295626674174,0.08558594561210224,0.22230916401112866,0.0906029779832514
p3_A5_real_s43_cv0,43,0,CV,2,stroma,0.0,0.0,0.0,6,1,"{""tumor"": 3, ""plasma_cell"": 1, ""histiocyte"": 1, ""epithelium"": 1}",tumor,4.0,0.0,5.0,0.0,0.03730229088608088,0.047003852394433526,0.08445256200129947,0.03718460864482585
p3_A5_real_s43_cv0,43,0,CV,2,epithelium,0.5714285714285714,0.3333333333333333,0.42105263157894735,12,7,"{""tumor"": 7, ""endothelium"": 1}",tumor,3.0,-0.08333333333333337,5.0,-0.05572755417956654,0.20175439893730138,0.04416721929516359,0.046679889574645195,0.03064815371182802
p3_A5_real_s43_cv0,43,0,CV,2,endothelium,0.5,0.375,0.42857142857142855,8,6,"{""tumor"": 3, ""plasma_cell"": 1, ""stroma"": 1}",tumor,2.0,-0.125,5.0,-0.17582417582417587,0.32879883754203426,0.13216099573091522,0.12727683808402318,0.07402274596111785
p3_A5_real_s43_cv0,43,0,CV,2,apoptosis,0.0,0.0,0.0,4,9,"{""tumor"": 2, ""endothelium"": 2}",tumor,4.0,-0.25,6.0,0.0,0.1370245239532291,0.11226255234242723,0.04794347181260873,0.07051701808933422
p3_A5_real_s43_cv0,43,0,CV,3,tumor,0.2608695652173913,0.3157894736842105,0.2857142857142857,19,23,"{""neutrophil"": 4, ""stroma"": 1, ""epithelium"": 3, ""apoptosis"": 5}",apoptosis,10.0,0.0,10.0,0.0,0.07426136229974609,0.04703543165448007,0.0591707681922371,0.02766967376035559
p3_A5_real_s43_cv0,43,0,CV,3,lymphocyte,0.3333333333333333,0.07692307692307693,0.125,13,3,"{""tumor"": 1, ""plasma_cell"": 5, ""histiocyte"": 1, ""neutrophil"": 2, ""stroma"": 1, ""epithelium"": 1, ""apoptosis"": 1}",plasma_cell,4.0,0.0,6.0,-0.09259259259259256,0.20572746696022956,0.05170240299645282,0.22855602386472876,0.035654526938193876
p3_A5_real_s43_cv0,43,0,CV,3,plasma_cell,0.4166666666666667,0.45454545454545453,0.43478260869565216,11,12,"{""tumor"": 2, ""melanophage"": 1, ""neutrophil"": 1, ""apoptosis"": 2}",tumor,2.0,-0.18181818181818182,7.0,-0.15555555555555556,0.07082966862607008,0.045827129928674076,0.08185650399793573,0.03517502169446422
p3_A5_real_s43_cv0,43,0,CV,3,histiocyte,0.6666666666666666,0.2857142857142857,0.4,7,3,"{""tumor"": 1, ""lymphocyte"": 2, ""neutrophil"": 2}",lymphocyte,9.0,0.0,9.0,-0.09999999999999998,0.17237393654055794,0.08849117374454826,0.18453211431353114,0.03252802925771344
p3_A5_real_s43_cv0,43,0,CV,3,melanophage,0.7142857142857143,0.7142857142857143,0.7142857142857143,7,7,"{""tumor"": 1, ""epithelium"": 1}",tumor,4.0,-0.4285714285714286,3.0,-0.1428571428571429,0.11508483840295526,0.05754378748356889,0.03719084559914055,0.005361359941827443
p3_A5_real_s43_cv0,43,0,CV,3,neutrophil,0.2222222222222222,0.8,0.34782608695652173,5,18,"{""tumor"": 1}",tumor,3.0,-0.6000000000000001,3.0,-0.06211180124223603,0.20968295626674174,0.08558594561210224,0.22230916401112866,0.0906029779832514
p3_A5_real_s43_cv0,43,0,CV,3,stroma,0.0,0.0,0.0,6,5,"{""tumor"": 3, ""plasma_cell"": 1, ""neutrophil"": 1, ""epithelium"": 1}",tumor,4.0,0.0,5.0,0.0,0.03730229088608088,0.047003852394433526,0.08445256200129947,0.03718460864482585
p3_A5_real_s43_cv0,43,0,CV,3,epithelium,0.45454545454545453,0.4166666666666667,0.43478260869565216,12,11,"{""tumor"": 6, ""neutrophil"": 1}",tumor,3.0,-0.08333333333333337,5.0,-0.05572755417956654,0.20175439893730138,0.04416721929516359,0.046679889574645195,0.03064815371182802
p3_A5_real_s43_cv0,43,0,CV,3,endothelium,1.0,0.125,0.2222222222222222,8,1,"{""tumor"": 2, ""plasma_cell"": 1, ""melanophage"": 1, ""stroma"": 3}",stroma,2.0,-0.125,5.0,-0.17582417582417587,0.32879883754203426,0.13216099573091522,0.12727683808402318,0.07402274596111785
p3_A5_real_s43_cv0,43,0,CV,3,apoptosis,0.1111111111111111,0.25,0.15384615384615385,4,9,"{""neutrophil"": 3}",neutrophil,4.0,-0.25,6.0,0.0,0.1370245239532291,0.11226255234242723,0.04794347181260873,0.07051701808933422
p3_A5_real_s43_cv0,43,0,CV,4,tumor,0.2,0.10526315789473684,0.13793103448275862,19,10,"{""melanophage"": 5, ""stroma"": 2, ""epithelium"": 3, ""apoptosis"": 7}",apoptosis,10.0,0.0,10.0,0.0,0.07426136229974609,0.04703543165448007,0.0591707681922371,0.02766967376035559
p3_A5_real_s43_cv0,43,0,CV,4,lymphocyte,0.47058823529411764,0.6153846153846154,0.5333333333333333,13,17,"{""tumor"": 1, ""stroma"": 1, ""epithelium"": 1, ""apoptosis"": 2}",apoptosis,4.0,0.0,6.0,-0.09259259259259256,0.20572746696022956,0.05170240299645282,0.22855602386472876,0.035654526938193876
p3_A5_real_s43_cv0,43,0,CV,4,plasma_cell,0.0,0.0,0.0,11,1,"{""lymphocyte"": 1, ""melanophage"": 2, ""stroma"": 1, ""epithelium"": 1, ""apoptosis"": 6}",apoptosis,2.0,-0.18181818181818182,7.0,-0.15555555555555556,0.07082966862607008,0.045827129928674076,0.08185650399793573,0.03517502169446422
p3_A5_real_s43_cv0,43,0,CV,4,histiocyte,0.5,0.14285714285714285,0.2222222222222222,7,2,"{""lymphocyte"": 4, ""melanophage"": 2}",lymphocyte,9.0,0.0,9.0,-0.09999999999999998,0.17237393654055794,0.08849117374454826,0.18453211431353114,0.03252802925771344
p3_A5_real_s43_cv0,43,0,CV,4,melanophage,0.35,1.0,0.5185185185185185,7,20,{},none,4.0,-0.4285714285714286,3.0,-0.1428571428571429,0.11508483840295526,0.05754378748356889,0.03719084559914055,0.005361359941827443
p3_A5_real_s43_cv0,43,0,CV,4,neutrophil,0.5,0.2,0.2857142857142857,5,2,"{""tumor"": 1, ""lymphocyte"": 2, ""apoptosis"": 1}",lymphocyte,3.0,-0.6000000000000001,3.0,-0.06211180124223603,0.20968295626674174,0.08558594561210224,0.22230916401112866,0.0906029779832514
p3_A5_real_s43_cv0,43,0,CV,4,stroma,0.2222222222222222,0.3333333333333333,0.26666666666666666,6,9,"{""tumor"": 1, ""lymphocyte"": 1, ""plasma_cell"": 1, ""melanophage"": 1}",tumor,4.0,0.0,5.0,0.0,0.03730229088608088,0.047003852394433526,0.08445256200129947,0.03718460864482585
p3_A5_real_s43_cv0,43,0,CV,4,epithelium,0.5,0.4166666666666667,0.45454545454545453,12,10,"{""tumor"": 5, ""histiocyte"": 1, ""melanophage"": 1}",tumor,3.0,-0.08333333333333337,5.0,-0.05572755417956654,0.20175439893730138,0.04416721929516359,0.046679889574645195,0.03064815371182802
p3_A5_real_s43_cv0,43,0,CV,4,endothelium,1.0,0.125,0.2222222222222222,8,1,"{""lymphocyte"": 1, ""melanophage"": 2, ""stroma"": 3, ""apoptosis"": 1}",stroma,2.0,-0.125,5.0,-0.17582417582417587,0.32879883754203426,0.13216099573091522,0.12727683808402318,0.07402274596111785
p3_A5_real_s43_cv0,43,0,CV,4,apoptosis,0.15,0.75,0.25,4,20,"{""neutrophil"": 1}",neutrophil,4.0,-0.25,6.0,0.0,0.1370245239532291,0.11226255234242723,0.04794347181260873,0.07051701808933422
p3_A5_real_s43_cv0,43,0,CV,5,tumor,0.3125,0.2631578947368421,0.2857142857142857,19,16,"{""lymphocyte"": 1, ""melanophage"": 6, ""stroma"": 1, ""epithelium"": 1, ""apoptosis"": 5}",melanophage,10.0,0.0,10.0,0.0,0.07426136229974609,0.04703543165448007,0.0591707681922371,0.02766967376035559
p3_A5_real_s43_cv0,43,0,CV,5,lymphocyte,0.5,0.6153846153846154,0.5517241379310345,13,16,"{""tumor"": 1, ""stroma"": 1, ""epithelium"": 1, ""apoptosis"": 2}",apoptosis,4.0,0.0,6.0,-0.09259259259259256,0.20572746696022956,0.05170240299645282,0.22855602386472876,0.035654526938193876
p3_A5_real_s43_cv0,43,0,CV,5,plasma_cell,0.6666666666666666,0.18181818181818182,0.2857142857142857,11,3,"{""tumor"": 1, ""lymphocyte"": 1, ""melanophage"": 2, ""stroma"": 1, ""apoptosis"": 4}",apoptosis,2.0,-0.18181818181818182,7.0,-0.15555555555555556,0.07082966862607008,0.045827129928674076,0.08185650399793573,0.03517502169446422
p3_A5_real_s43_cv0,43,0,CV,5,histiocyte,1.0,0.14285714285714285,0.25,7,1,"{""tumor"": 1, ""lymphocyte"": 3, ""melanophage"": 2}",lymphocyte,9.0,0.0,9.0,-0.09999999999999998,0.17237393654055794,0.08849117374454826,0.18453211431353114,0.03252802925771344
p3_A5_real_s43_cv0,43,0,CV,5,melanophage,0.3333333333333333,1.0,0.5,7,21,{},none,4.0,-0.4285714285714286,3.0,-0.1428571428571429,0.11508483840295526,0.05754378748356889,0.03719084559914055,0.005361359941827443
p3_A5_real_s43_cv0,43,0,CV,5,neutrophil,0.0,0.0,0.0,5,1,"{""tumor"": 1, ""lymphocyte"": 2, ""endothelium"": 1, ""apoptosis"": 1}",lymphocyte,3.0,-0.6000000000000001,3.0,-0.06211180124223603,0.20968295626674174,0.08558594561210224,0.22230916401112866,0.0906029779832514
p3_A5_real_s43_cv0,43,0,CV,5,stroma,0.2857142857142857,0.3333333333333333,0.3076923076923077,6,7,"{""tumor"": 1, ""lymphocyte"": 1, ""plasma_cell"": 1, ""melanophage"": 1}",tumor,4.0,0.0,5.0,0.0,0.03730229088608088,0.047003852394433526,0.08445256200129947,0.03718460864482585
p3_A5_real_s43_cv0,43,0,CV,5,epithelium,0.7142857142857143,0.4166666666666667,0.5263157894736842,12,7,"{""tumor"": 5, ""melanophage"": 1, ""endothelium"": 1}",tumor,3.0,-0.08333333333333337,5.0,-0.05572755417956654,0.20175439893730138,0.04416721929516359,0.046679889574645195,0.03064815371182802
p3_A5_real_s43_cv0,43,0,CV,5,endothelium,0.6,0.375,0.46153846153846156,8,5,"{""tumor"": 1, ""melanophage"": 2, ""stroma"": 2}",melanophage,2.0,-0.125,5.0,-0.17582417582417587,0.32879883754203426,0.13216099573091522,0.12727683808402318,0.07402274596111785
p3_A5_real_s43_cv0,43,0,CV,5,apoptosis,0.2,0.75,0.3157894736842105,4,15,"{""neutrophil"": 1}",neutrophil,4.0,-0.25,6.0,0.0,0.1370245239532291,0.11226255234242723,0.04794347181260873,0.07051701808933422
p3_A5_real_s43_cv0,43,0,CV,6,tumor,0.39285714285714285,0.5789473684210527,0.46808510638297873,19,28,"{""lymphocyte"": 1, ""melanophage"": 3, ""epithelium"": 2, ""apoptosis"": 2}",melanophage,10.0,0.0,10.0,0.0,0.07426136229974609,0.04703543165448007,0.0591707681922371,0.02766967376035559
p3_A5_real_s43_cv0,43,0,CV,6,lymphocyte,0.5714285714285714,0.6153846153846154,0.5925925925925926,13,14,"{""tumor"": 1, ""plasma_cell"": 1, ""epithelium"": 1, ""endothelium"": 1, ""apoptosis"": 1}",tumor,4.0,0.0,6.0,-0.09259259259259256,0.20572746696022956,0.05170240299645282,0.22855602386472876,0.035654526938193876
p3_A5_real_s43_cv0,43,0,CV,6,plasma_cell,0.5,0.45454545454545453,0.47619047619047616,11,10,"{""tumor"": 3, ""lymphocyte"": 1, ""melanophage"": 1, ""apoptosis"": 1}",tumor,2.0,-0.18181818181818182,7.0,-0.15555555555555556,0.07082966862607008,0.045827129928674076,0.08185650399793573,0.03517502169446422
p3_A5_real_s43_cv0,43,0,CV,6,histiocyte,1.0,0.14285714285714285,0.25,7,1,"{""tumor"": 2, ""lymphocyte"": 1, ""plasma_cell"": 2, ""melanophage"": 1}",tumor,9.0,0.0,9.0,-0.09999999999999998,0.17237393654055794,0.08849117374454826,0.18453211431353114,0.03252802925771344
p3_A5_real_s43_cv0,43,0,CV,6,melanophage,0.4666666666666667,1.0,0.6363636363636364,7,15,{},none,4.0,-0.4285714285714286,3.0,-0.1428571428571429,0.11508483840295526,0.05754378748356889,0.03719084559914055,0.005361359941827443
p3_A5_real_s43_cv0,43,0,CV,6,neutrophil,0.5,0.2,0.2857142857142857,5,2,"{""tumor"": 1, ""lymphocyte"": 2, ""plasma_cell"": 1}",lymphocyte,3.0,-0.6000000000000001,3.0,-0.06211180124223603,0.20968295626674174,0.08558594561210224,0.22230916401112866,0.0906029779832514
p3_A5_real_s43_cv0,43,0,CV,6,stroma,0.3333333333333333,0.16666666666666666,0.2222222222222222,6,3,"{""tumor"": 2, ""lymphocyte"": 1, ""plasma_cell"": 1, ""melanophage"": 1}",tumor,4.0,0.0,5.0,0.0,0.03730229088608088,0.047003852394433526,0.08445256200129947,0.03718460864482585
p3_A5_real_s43_cv0,43,0,CV,6,epithelium,0.625,0.4166666666666667,0.5,12,8,"{""tumor"": 5, ""melanophage"": 1, ""endothelium"": 1}",tumor,3.0,-0.08333333333333337,5.0,-0.05572755417956654,0.20175439893730138,0.04416721929516359,0.046679889574645195,0.03064815371182802
p3_A5_real_s43_cv0,43,0,CV,6,endothelium,0.6,0.375,0.46153846153846156,8,5,"{""tumor"": 2, ""melanophage"": 1, ""stroma"": 2}",tumor,2.0,-0.125,5.0,-0.17582417582417587,0.32879883754203426,0.13216099573091522,0.12727683808402318,0.07402274596111785
p3_A5_real_s43_cv0,43,0,CV,6,apoptosis,0.3333333333333333,0.5,0.4,4,6,"{""tumor"": 1, ""neutrophil"": 1}",tumor,4.0,-0.25,6.0,0.0,0.1370245239532291,0.11226255234242723,0.04794347181260873,0.07051701808933422
p3_A5_real_s43_cv0,43,0,CV,7,tumor,0.2857142857142857,0.42105263157894735,0.3404255319148936,19,28,"{""lymphocyte"": 1, ""melanophage"": 2, ""epithelium"": 4, ""apoptosis"": 4}",epithelium,10.0,0.0,10.0,0.0,0.07426136229974609,0.04703543165448007,0.0591707681922371,0.02766967376035559
p3_A5_real_s43_cv0,43,0,CV,7,lymphocyte,0.5384615384615384,0.5384615384615384,0.5384615384615384,13,13,"{""tumor"": 1, ""plasma_cell"": 1, ""stroma"": 1, ""epithelium"": 1, ""apoptosis"": 2}",apoptosis,4.0,0.0,6.0,-0.09259259259259256,0.20572746696022956,0.05170240299645282,0.22855602386472876,0.035654526938193876
p3_A5_real_s43_cv0,43,0,CV,7,plasma_cell,0.7142857142857143,0.45454545454545453,0.5555555555555556,11,7,"{""tumor"": 3, ""lymphocyte"": 1, ""melanophage"": 1, ""apoptosis"": 1}",tumor,2.0,-0.18181818181818182,7.0,-0.15555555555555556,0.07082966862607008,0.045827129928674076,0.08185650399793573,0.03517502169446422
p3_A5_real_s43_cv0,43,0,CV,7,histiocyte,1.0,0.14285714285714285,0.25,7,1,"{""tumor"": 2, ""lymphocyte"": 1, ""plasma_cell"": 1, ""melanophage"": 1, ""apoptosis"": 1}",tumor,9.0,0.0,9.0,-0.09999999999999998,0.17237393654055794,0.08849117374454826,0.18453211431353114,0.03252802925771344
p3_A5_real_s43_cv0,43,0,CV,7,melanophage,0.45454545454545453,0.7142857142857143,0.5555555555555556,7,11,"{""tumor"": 1, ""epithelium"": 1}",tumor,4.0,-0.4285714285714286,3.0,-0.1428571428571429,0.11508483840295526,0.05754378748356889,0.03719084559914055,0.005361359941827443
p3_A5_real_s43_cv0,43,0,CV,7,neutrophil,0.5,0.2,0.2857142857142857,5,2,"{""tumor"": 1, ""lymphocyte"": 2, ""apoptosis"": 1}",lymphocyte,3.0,-0.6000000000000001,3.0,-0.06211180124223603,0.20968295626674174,0.08558594561210224,0.22230916401112866,0.0906029779832514
p3_A5_real_s43_cv0,43,0,CV,7,stroma,0.25,0.16666666666666666,0.2,6,4,"{""tumor"": 2, ""lymphocyte"": 1, ""melanophage"": 1, ""apoptosis"": 1}",tumor,4.0,0.0,5.0,0.0,0.03730229088608088,0.047003852394433526,0.08445256200129947,0.03718460864482585
p3_A5_real_s43_cv0,43,0,CV,7,epithelium,0.45454545454545453,0.4166666666666667,0.43478260869565216,12,11,"{""tumor"": 6, ""endothelium"": 1}",tumor,3.0,-0.08333333333333337,5.0,-0.05572755417956654,0.20175439893730138,0.04416721929516359,0.046679889574645195,0.03064815371182802
p3_A5_real_s43_cv0,43,0,CV,7,endothelium,0.6666666666666666,0.25,0.36363636363636365,8,3,"{""tumor"": 3, ""melanophage"": 1, ""stroma"": 2}",tumor,2.0,-0.125,5.0,-0.17582417582417587,0.32879883754203426,0.13216099573091522,0.12727683808402318,0.07402274596111785
p3_A5_real_s43_cv0,43,0,CV,7,apoptosis,0.16666666666666666,0.5,0.25,4,12,"{""tumor"": 1, ""neutrophil"": 1}",tumor,4.0,-0.25,6.0,0.0,0.1370245239532291,0.11226255234242723,0.04794347181260873,0.07051701808933422
p3_A5_real_s43_cv0,43,0,CV,8,tumor,0.3333333333333333,0.3157894736842105,0.32432432432432434,19,18,"{""lymphocyte"": 1, ""melanophage"": 1, ""stroma"": 2, ""epithelium"": 4, ""apoptosis"": 5}",apoptosis,10.0,0.0,10.0,0.0,0.07426136229974609,0.04703543165448007,0.0591707681922371,0.02766967376035559
p3_A5_real_s43_cv0,43,0,CV,8,lymphocyte,0.4,0.3076923076923077,0.34782608695652173,13,10,"{""plasma_cell"": 4, ""stroma"": 1, ""epithelium"": 1, ""apoptosis"": 3}",plasma_cell,4.0,0.0,6.0,-0.09259259259259256,0.20572746696022956,0.05170240299645282,0.22855602386472876,0.035654526938193876
p3_A5_real_s43_cv0,43,0,CV,8,plasma_cell,0.3333333333333333,0.45454545454545453,0.38461538461538464,11,15,"{""tumor"": 1, ""lymphocyte"": 1, ""melanophage"": 1, ""apoptosis"": 3}",apoptosis,2.0,-0.18181818181818182,7.0,-0.15555555555555556,0.07082966862607008,0.045827129928674076,0.08185650399793573,0.03517502169446422
p3_A5_real_s43_cv0,43,0,CV,8,histiocyte,1.0,0.2857142857142857,0.4444444444444444,7,2,"{""tumor"": 1, ""plasma_cell"": 3, ""stroma"": 1}",plasma_cell,9.0,0.0,9.0,-0.09999999999999998,0.17237393654055794,0.08849117374454826,0.18453211431353114,0.03252802925771344
p3_A5_real_s43_cv0,43,0,CV,8,melanophage,0.5,0.42857142857142855,0.46153846153846156,7,6,"{""tumor"": 1, ""lymphocyte"": 2, ""epithelium"": 1}",lymphocyte,4.0,-0.4285714285714286,3.0,-0.1428571428571429,0.11508483840295526,0.05754378748356889,0.03719084559914055,0.005361359941827443
p3_A5_real_s43_cv0,43,0,CV,8,neutrophil,0.5,0.2,0.2857142857142857,5,2,"{""tumor"": 1, ""lymphocyte"": 1, ""plasma_cell"": 1, ""apoptosis"": 1}",tumor,3.0,-0.6000000000000001,3.0,-0.06211180124223603,0.20968295626674174,0.08558594561210224,0.22230916401112866,0.0906029779832514
p3_A5_real_s43_cv0,43,0,CV,8,stroma,0.2,0.3333333333333333,0.25,6,10,"{""tumor"": 1, ""lymphocyte"": 1, ""melanophage"": 1, ""endothelium"": 1}",tumor,4.0,0.0,5.0,0.0,0.03730229088608088,0.047003852394433526,0.08445256200129947,0.03718460864482585
p3_A5_real_s43_cv0,43,0,CV,8,epithelium,0.45454545454545453,0.4166666666666667,0.43478260869565216,12,11,"{""tumor"": 6, ""endothelium"": 1}",tumor,3.0,-0.08333333333333337,5.0,-0.05572755417956654,0.20175439893730138,0.04416721929516359,0.046679889574645195,0.03064815371182802
p3_A5_real_s43_cv0,43,0,CV,8,endothelium,0.3333333333333333,0.125,0.18181818181818182,8,3,"{""tumor"": 1, ""plasma_cell"": 1, ""stroma"": 4, ""apoptosis"": 1}",stroma,2.0,-0.125,5.0,-0.17582417582417587,0.32879883754203426,0.13216099573091522,0.12727683808402318,0.07402274596111785
p3_A5_real_s43_cv0,43,0,CV,8,apoptosis,0.13333333333333333,0.5,0.21052631578947367,4,15,"{""plasma_cell"": 1, ""neutrophil"": 1}",plasma_cell,4.0,-0.25,6.0,0.0,0.1370245239532291,0.11226255234242723,0.04794347181260873,0.07051701808933422
p3_A5_real_s43_cv0,43,0,CV,9,tumor,0.34782608695652173,0.42105263157894735,0.38095238095238093,19,23,"{""lymphocyte"": 2, ""melanophage"": 1, ""stroma"": 2, ""epithelium"": 4, ""apoptosis"": 2}",epithelium,10.0,0.0,10.0,0.0,0.07426136229974609,0.04703543165448007,0.0591707681922371,0.02766967376035559
p3_A5_real_s43_cv0,43,0,CV,9,lymphocyte,0.4666666666666667,0.5384615384615384,0.5,13,15,"{""tumor"": 1, ""plasma_cell"": 2, ""stroma"": 1, ""epithelium"": 1, ""apoptosis"": 1}",plasma_cell,4.0,0.0,6.0,-0.09259259259259256,0.20572746696022956,0.05170240299645282,0.22855602386472876,0.035654526938193876
p3_A5_real_s43_cv0,43,0,CV,9,plasma_cell,0.5,0.45454545454545453,0.47619047619047616,11,10,"{""tumor"": 3, ""lymphocyte"": 1, ""melanophage"": 1, ""apoptosis"": 1}",tumor,2.0,-0.18181818181818182,7.0,-0.15555555555555556,0.07082966862607008,0.045827129928674076,0.08185650399793573,0.03517502169446422
p3_A5_real_s43_cv0,43,0,CV,9,histiocyte,1.0,0.42857142857142855,0.6,7,3,"{""tumor"": 1, ""plasma_cell"": 1, ""stroma"": 2}",stroma,9.0,0.0,9.0,-0.09999999999999998,0.17237393654055794,0.08849117374454826,0.18453211431353114,0.03252802925771344
p3_A5_real_s43_cv0,43,0,CV,9,melanophage,0.5,0.5714285714285714,0.5333333333333333,7,8,"{""tumor"": 1, ""lymphocyte"": 2}",lymphocyte,4.0,-0.4285714285714286,3.0,-0.1428571428571429,0.11508483840295526,0.05754378748356889,0.03719084559914055,0.005361359941827443
p3_A5_real_s43_cv0,43,0,CV,9,neutrophil,0.5,0.2,0.2857142857142857,5,2,"{""tumor"": 1, ""lymphocyte"": 2, ""plasma_cell"": 1}",lymphocyte,3.0,-0.6000000000000001,3.0,-0.06211180124223603,0.20968295626674174,0.08558594561210224,0.22230916401112866,0.0906029779832514
p3_A5_real_s43_cv0,43,0,CV,9,stroma,0.18181818181818182,0.3333333333333333,0.23529411764705882,6,11,"{""tumor"": 1, ""lymphocyte"": 1, ""melanophage"": 1, ""endothelium"": 1}",tumor,4.0,0.0,5.0,0.0,0.03730229088608088,0.047003852394433526,0.08445256200129947,0.03718460864482585
p3_A5_real_s43_cv0,43,0,CV,9,epithelium,0.5,0.4166666666666667,0.45454545454545453,12,10,"{""tumor"": 6, ""endothelium"": 1}",tumor,3.0,-0.08333333333333337,5.0,-0.05572755417956654,0.20175439893730138,0.04416721929516359,0.046679889574645195,0.03064815371182802
p3_A5_real_s43_cv0,43,0,CV,9,endothelium,0.5,0.25,0.3333333333333333,8,4,"{""tumor"": 1, ""melanophage"": 1, ""stroma"": 4}",stroma,2.0,-0.125,5.0,-0.17582417582417587,0.32879883754203426,0.13216099573091522,0.12727683808402318,0.07402274596111785
p3_A5_real_s43_cv0,43,0,CV,9,apoptosis,0.3333333333333333,0.5,0.4,4,6,"{""plasma_cell"": 1, ""neutrophil"": 1}",plasma_cell,4.0,-0.25,6.0,0.0,0.1370245239532291,0.11226255234242723,0.04794347181260873,0.07051701808933422
p3_A5_real_s43_cv0,43,0,CV,10,tumor,0.41935483870967744,0.6842105263157895,0.52,19,31,"{""lymphocyte"": 2, ""histiocyte"": 1, ""endothelium"": 1, ""apoptosis"": 2}",lymphocyte,10.0,0.0,10.0,0.0,0.07426136229974609,0.04703543165448007,0.0591707681922371,0.02766967376035559
p3_A5_real_s43_cv0,43,0,CV,10,lymphocyte,0.42105263157894735,0.6153846153846154,0.5,13,19,"{""tumor"": 1, ""plasma_cell"": 1, ""stroma"": 1, ""epithelium"": 1, ""apoptosis"": 1}",tumor,4.0,0.0,6.0,-0.09259259259259256,0.20572746696022956,0.05170240299645282,0.22855602386472876,0.035654526938193876
p3_A5_real_s43_cv0,43,0,CV,10,plasma_cell,0.75,0.2727272727272727,0.4,11,4,"{""tumor"": 4, ""lymphocyte"": 3, ""melanophage"": 1}",tumor,2.0,-0.18181818181818182,7.0,-0.15555555555555556,0.07082966862607008,0.045827129928674076,0.08185650399793573,0.03517502169446422
p3_A5_real_s43_cv0,43,0,CV,10,histiocyte,0.6,0.42857142857142855,0.5,7,5,"{""tumor"": 1, ""lymphocyte"": 1, ""stroma"": 1, ""endothelium"": 1}",tumor,9.0,0.0,9.0,-0.09999999999999998,0.17237393654055794,0.08849117374454826,0.18453211431353114,0.03252802925771344
p3_A5_real_s43_cv0,43,0,CV,10,melanophage,0.5714285714285714,0.5714285714285714,0.5714285714285714,7,7,"{""tumor"": 1, ""lymphocyte"": 2}",lymphocyte,4.0,-0.4285714285714286,3.0,-0.1428571428571429,0.11508483840295526,0.05754378748356889,0.03719084559914055,0.005361359941827443
p3_A5_real_s43_cv0,43,0,CV,10,neutrophil,0.5,0.2,0.2857142857142857,5,2,"{""tumor"": 1, ""lymphocyte"": 2, ""apoptosis"": 1}",lymphocyte,3.0,-0.6000000000000001,3.0,-0.06211180124223603,0.20968295626674174,0.08558594561210224,0.22230916401112866,0.0906029779832514
p3_A5_real_s43_cv0,43,0,CV,10,stroma,0.2857142857142857,0.3333333333333333,0.3076923076923077,6,7,"{""tumor"": 1, ""lymphocyte"": 1, ""melanophage"": 1, ""endothelium"": 1}",tumor,4.0,0.0,5.0,0.0,0.03730229088608088,0.047003852394433526,0.08445256200129947,0.03718460864482585
p3_A5_real_s43_cv0,43,0,CV,10,epithelium,0.8,0.3333333333333333,0.47058823529411764,12,5,"{""tumor"": 7, ""endothelium"": 1}",tumor,3.0,-0.08333333333333337,5.0,-0.05572755417956654,0.20175439893730138,0.04416721929516359,0.046679889574645195,0.03064815371182802
p3_A5_real_s43_cv0,43,0,CV,10,endothelium,0.3333333333333333,0.25,0.2857142857142857,8,6,"{""tumor"": 1, ""histiocyte"": 1, ""melanophage"": 1, ""stroma"": 3}",stroma,2.0,-0.125,5.0,-0.17582417582417587,0.32879883754203426,0.13216099573091522,0.12727683808402318,0.07402274596111785
p3_A5_real_s43_cv0,43,0,CV,10,apoptosis,0.3333333333333333,0.5,0.4,4,6,"{""tumor"": 1, ""neutrophil"": 1}",tumor,4.0,-0.25,6.0,0.0,0.1370245239532291,0.11226255234242723,0.04794347181260873,0.07051701808933422
p3_A5_real_s43_cv1,43,1,CV,1,tumor,0.3333333333333333,0.07142857142857142,0.11764705882352941,28,6,"{""lymphocyte"": 4, ""plasma_cell"": 7, ""histiocyte"": 2, ""melanophage"": 3, ""stroma"": 4, ""epithelium"": 3, ""apoptosis"": 3}",plasma_cell,7.0,-0.17857142857142855,6.0,-0.030038759689922423,0.07426136229974609,0.04703543165448007,0.0591707681922371,0.02766967376035559
p3_A5_real_s43_cv1,43,1,CV,1,lymphocyte,0.125,0.3333333333333333,0.18181818181818182,6,16,"{""histiocyte"": 4}",histiocyte,4.0,-0.16666666666666669,4.0,-0.13333333333333336,0.20572746696022956,0.05170240299645282,0.22855602386472876,0.035654526938193876
p3_A5_real_s43_cv1,43,1,CV,1,plasma_cell,0.14285714285714285,0.5,0.2222222222222222,6,21,"{""histiocyte"": 1, ""stroma"": 1, ""epithelium"": 1}",histiocyte,1.0,-0.16666666666666669,8.0,-0.036363636363636376,0.07082966862607008,0.045827129928674076,0.08185650399793573,0.03517502169446422
p3_A5_real_s43_cv1,43,1,CV,1,histiocyte,0.09090909090909091,0.1,0.09523809523809523,10,11,"{""lymphocyte"": 2, ""plasma_cell"": 2, ""melanophage"": 2, ""epithelium"": 2, ""endothelium"": 1}",lymphocyte,5.0,-0.30000000000000004,5.0,-0.16304347826086957,0.17237393654055794,0.08849117374454826,0.18453211431353114,0.03252802925771344
p3_A5_real_s43_cv1,43,1,CV,1,melanophage,0.4,0.6666666666666666,0.5,12,20,"{""tumor"": 1, ""lymphocyte"": 1, ""histiocyte"": 1, ""apoptosis"": 1}",tumor,2.0,-0.16666666666666663,2.0,-0.03735632183908044,0.11508483840295526,0.05754378748356889,0.03719084559914055,0.005361359941827443
p3_A5_real_s43_cv1,43,1,CV,1,neutrophil,0.0,0.0,0.0,11,0,"{""tumor"": 2, ""lymphocyte"": 1, ""plasma_cell"": 2, ""melanophage"": 2, ""stroma"": 1, ""epithelium"": 3}",epithelium,9.0,-0.09090909090909094,7.0,-0.030303030303030276,0.20968295626674174,0.08558594561210224,0.22230916401112866,0.0906029779832514
p3_A5_real_s43_cv1,43,1,CV,1,stroma,0.0,0.0,0.0,8,9,"{""lymphocyte"": 1, ""plasma_cell"": 3, ""melanophage"": 1, ""endothelium"": 2, ""apoptosis"": 1}",plasma_cell,10.0,0.0,10.0,0.0,0.03730229088608088,0.047003852394433526,0.08445256200129947,0.03718460864482585
p3_A5_real_s43_cv1,43,1,CV,1,epithelium,0.3333333333333333,0.7142857142857143,0.45454545454545453,7,15,"{""lymphocyte"": 1, ""stroma"": 1}",lymphocyte,2.0,-0.1428571428571429,8.0,-0.1777777777777778,0.20175439893730138,0.04416721929516359,0.046679889574645195,0.03064815371182802
p3_A5_real_s43_cv1,43,1,CV,1,endothelium,0.0,0.0,0.0,9,5,"{""tumor"": 1, ""lymphocyte"": 2, ""histiocyte"": 1, ""melanophage"": 3, ""stroma"": 1, ""apoptosis"": 1}",melanophage,3.0,-0.2222222222222222,3.0,-0.09782608695652173,0.32879883754203426,0.13216099573091522,0.12727683808402318,0.07402274596111785
p3_A5_real_s43_cv1,43,1,CV,1,apoptosis,0.0,0.0,0.0,12,6,"{""lymphocyte"": 2, ""plasma_cell"": 4, ""histiocyte"": 1, ""melanophage"": 1, ""stroma"": 1, ""epithelium"": 1, ""endothelium"": 2}",plasma_cell,10.0,0.0,10.0,0.0,0.1370245239532291,0.11226255234242723,0.04794347181260873,0.07051701808933422
p3_A5_real_s43_cv1,43,1,CV,2,tumor,1.0,0.07142857142857142,0.13333333333333333,28,2,"{""plasma_cell"": 3, ""histiocyte"": 3, ""melanophage"": 3, ""epithelium"": 6, ""apoptosis"": 11}",apoptosis,7.0,-0.17857142857142855,6.0,-0.030038759689922423,0.07426136229974609,0.04703543165448007,0.0591707681922371,0.02766967376035559
p3_A5_real_s43_cv1,43,1,CV,2,lymphocyte,0.0,0.0,0.0,6,0,"{""histiocyte"": 4, ""melanophage"": 1, ""apoptosis"": 1}",histiocyte,4.0,-0.16666666666666669,4.0,-0.13333333333333336,0.20572746696022956,0.05170240299645282,0.22855602386472876,0.035654526938193876
p3_A5_real_s43_cv1,43,1,CV,2,plasma_cell,0.2,0.3333333333333333,0.25,6,10,"{""histiocyte"": 1, ""epithelium"": 1, ""apoptosis"": 2}",apoptosis,1.0,-0.16666666666666669,8.0,-0.036363636363636376,0.07082966862607008,0.045827129928674076,0.08185650399793573,0.03517502169446422
p3_A5_real_s43_cv1,43,1,CV,2,histiocyte,0.1875,0.3,0.23076923076923078,10,16,"{""plasma_cell"": 1, ""epithelium"": 2, ""endothelium"": 2, ""apoptosis"": 2}",epithelium,5.0,-0.30000000000000004,5.0,-0.16304347826086957,0.17237393654055794,0.08849117374454826,0.18453211431353114,0.03252802925771344
p3_A5_real_s43_cv1,43,1,CV,2,melanophage,0.5294117647058824,0.75,0.6206896551724138,12,17,"{""histiocyte"": 1, ""apoptosis"": 2}",apoptosis,2.0,-0.16666666666666663,2.0,-0.03735632183908044,0.11508483840295526,0.05754378748356889,0.03719084559914055,0.005361359941827443
p3_A5_real_s43_cv1,43,1,CV,2,neutrophil,0.0,0.0,0.0,11,0,"{""melanophage"": 1, ""stroma"": 1, ""epithelium"": 2, ""endothelium"": 5, ""apoptosis"": 2}",endothelium,9.0,-0.09090909090909094,7.0,-0.030303030303030276,0.20968295626674174,0.08558594561210224,0.22230916401112866,0.0906029779832514
p3_A5_real_s43_cv1,43,1,CV,2,stroma,0.0,0.0,0.0,8,1,"{""plasma_cell"": 1, ""histiocyte"": 1, ""melanophage"": 1, ""endothelium"": 2, ""apoptosis"": 3}",apoptosis,10.0,0.0,10.0,0.0,0.03730229088608088,0.047003852394433526,0.08445256200129947,0.03718460864482585
p3_A5_real_s43_cv1,43,1,CV,2,epithelium,0.35,1.0,0.5185185185185185,7,20,{},none,2.0,-0.1428571428571429,8.0,-0.1777777777777778,0.20175439893730138,0.04416721929516359,0.046679889574645195,0.03064815371182802
p3_A5_real_s43_cv1,43,1,CV,2,endothelium,0.14285714285714285,0.2222222222222222,0.17391304347826086,9,14,"{""histiocyte"": 2, ""melanophage"": 1, ""epithelium"": 1, ""apoptosis"": 3}",apoptosis,3.0,-0.2222222222222222,3.0,-0.09782608695652173,0.32879883754203426,0.13216099573091522,0.12727683808402318,0.07402274596111785
p3_A5_real_s43_cv1,43,1,CV,2,apoptosis,0.10344827586206896,0.25,0.14634146341463414,12,29,"{""plasma_cell"": 3, ""histiocyte"": 1, ""melanophage"": 1, ""epithelium"": 1, ""endothelium"": 3}",plasma_cell,10.0,0.0,10.0,0.0,0.1370245239532291,0.11226255234242723,0.04794347181260873,0.07051701808933422
p3_A5_real_s43_cv1,43,1,CV,3,tumor,0.6,0.10714285714285714,0.18181818181818182,28,5,"{""lymphocyte"": 1, ""histiocyte"": 1, ""melanophage"": 3, ""neutrophil"": 4, ""epithelium"": 7, ""endothelium"": 2, ""apoptosis"": 7}",epithelium,7.0,-0.17857142857142855,6.0,-0.030038759689922423,0.07426136229974609,0.04703543165448007,0.0591707681922371,0.02766967376035559
p3_A5_real_s43_cv1,43,1,CV,3,lymphocyte,0.4,0.3333333333333333,0.36363636363636365,6,5,"{""melanophage"": 2, ""endothelium"": 1, ""apoptosis"": 1}",melanophage,4.0,-0.16666666666666669,4.0,-0.13333333333333336,0.20572746696022956,0.05170240299645282,0.22855602386472876,0.035654526938193876
p3_A5_real_s43_cv1,43,1,CV,3,plasma_cell,0.0,0.0,0.0,6,3,"{""tumor"": 1, ""histiocyte"": 1, ""neutrophil"": 1, ""stroma"": 1, ""apoptosis"": 2}",apoptosis,1.0,-0.16666666666666669,8.0,-0.036363636363636376,0.07082966862607008,0.045827129928674076,0.08185650399793573,0.03517502169446422
p3_A5_real_s43_cv1,43,1,CV,3,histiocyte,0.25,0.1,0.14285714285714285,10,4,"{""lymphocyte"": 2, ""neutrophil"": 3, ""epithelium"": 2, ""endothelium"": 1, ""apoptosis"": 1}",neutrophil,5.0,-0.30000000000000004,5.0,-0.16304347826086957,0.17237393654055794,0.08849117374454826,0.18453211431353114,0.03252802925771344
p3_A5_real_s43_cv1,43,1,CV,3,melanophage,0.5294117647058824,0.75,0.6206896551724138,12,17,"{""neutrophil"": 1, ""epithelium"": 1, ""apoptosis"": 1}",neutrophil,2.0,-0.16666666666666663,2.0,-0.03735632183908044,0.11508483840295526,0.05754378748356889,0.03719084559914055,0.005361359941827443
p3_A5_real_s43_cv1,43,1,CV,3,neutrophil,0.3684210526315789,0.6363636363636364,0.4666666666666667,11,19,"{""melanophage"": 1, ""stroma"": 1, ""epithelium"": 2}",epithelium,9.0,-0.09090909090909094,7.0,-0.030303030303030276,0.20968295626674174,0.08558594561210224,0.22230916401112866,0.0906029779832514
p3_A5_real_s43_cv1,43,1,CV,3,stroma,0.0,0.0,0.0,8,2,"{""melanophage"": 1, ""neutrophil"": 2, ""endothelium"": 3, ""apoptosis"": 2}",endothelium,10.0,0.0,10.0,0.0,0.03730229088608088,0.047003852394433526,0.08445256200129947,0.03718460864482585
p3_A5_real_s43_cv1,43,1,CV,3,epithelium,0.3333333333333333,1.0,0.5,7,21,{},none,2.0,-0.1428571428571429,8.0,-0.1777777777777778,0.20175439893730138,0.04416721929516359,0.046679889574645195,0.03064815371182802
p3_A5_real_s43_cv1,43,1,CV,3,endothelium,0.2857142857142857,0.4444444444444444,0.34782608695652173,9,14,"{""melanophage"": 1, ""epithelium"": 1, ""apoptosis"": 3}",apoptosis,3.0,-0.2222222222222222,3.0,-0.09782608695652173,0.32879883754203426,0.13216099573091522,0.12727683808402318,0.07402274596111785
p3_A5_real_s43_cv1,43,1,CV,3,apoptosis,0.10526315789473684,0.16666666666666666,0.12903225806451613,12,19,"{""tumor"": 1, ""plasma_cell"": 3, ""histiocyte"": 1, ""neutrophil"": 1, ""epithelium"": 1, ""endothelium"": 3}",plasma_cell,10.0,0.0,10.0,0.0,0.1370245239532291,0.11226255234242723,0.04794347181260873,0.07051701808933422
p3_A5_real_s43_cv1,43,1,CV,4,tumor,0.6666666666666666,0.2857142857142857,0.4,28,12,"{""lymphocyte"": 1, ""histiocyte"": 2, ""melanophage"": 3, ""neutrophil"": 2, ""stroma"": 1, ""epithelium"": 4, ""endothelium"": 1, ""apoptosis"": 6}",apoptosis,7.0,-0.17857142857142855,6.0,-0.030038759689922423,0.07426136229974609,0.04703543165448007,0.0591707681922371,0.02766967376035559
p3_A5_real_s43_cv1,43,1,CV,4,lymphocyte,0.3333333333333333,0.5,0.4,6,9,"{""tumor"": 1, ""melanophage"": 1, ""endothelium"": 1}",tumor,4.0,-0.16666666666666669,4.0,-0.13333333333333336,0.20572746696022956,0.05170240299645282,0.22855602386472876,0.035654526938193876
p3_A5_real_s43_cv1,43,1,CV,4,plasma_cell,0.3333333333333333,0.16666666666666666,0.2222222222222222,6,3,"{""tumor"": 1, ""histiocyte"": 1, ""neutrophil"": 1, ""stroma"": 1, ""apoptosis"": 1}",tumor,1.0,-0.16666666666666669,8.0,-0.036363636363636376,0.07082966862607008,0.045827129928674076,0.08185650399793573,0.03517502169446422
p3_A5_real_s43_cv1,43,1,CV,4,histiocyte,0.14285714285714285,0.1,0.11764705882352941,10,7,"{""lymphocyte"": 3, ""neutrophil"": 2, ""stroma"": 1, ""endothelium"": 3}",lymphocyte,5.0,-0.30000000000000004,5.0,-0.16304347826086957,0.17237393654055794,0.08849117374454826,0.18453211431353114,0.03252802925771344
p3_A5_real_s43_cv1,43,1,CV,4,melanophage,0.5,0.6666666666666666,0.5714285714285714,12,16,"{""neutrophil"": 2, ""stroma"": 1, ""apoptosis"": 1}",neutrophil,2.0,-0.16666666666666663,2.0,-0.03735632183908044,0.11508483840295526,0.05754378748356889,0.03719084559914055,0.005361359941827443
p3_A5_real_s43_cv1,43,1,CV,4,neutrophil,0.3888888888888889,0.6363636363636364,0.4827586206896552,11,18,"{""tumor"": 1, ""melanophage"": 1, ""stroma"": 2}",stroma,9.0,-0.09090909090909094,7.0,-0.030303030303030276,0.20968295626674174,0.08558594561210224,0.22230916401112866,0.0906029779832514
p3_A5_real_s43_cv1,43,1,CV,4,stroma,0.0,0.0,0.0,8,10,"{""histiocyte"": 1, ""melanophage"": 1, ""neutrophil"": 2, ""endothelium"": 3, ""apoptosis"": 1}",endothelium,10.0,0.0,10.0,0.0,0.03730229088608088,0.047003852394433526,0.08445256200129947,0.03718460864482585
p3_A5_real_s43_cv1,43,1,CV,4,epithelium,0.5454545454545454,0.8571428571428571,0.6666666666666666,7,11,"{""stroma"": 1}",stroma,2.0,-0.1428571428571429,8.0,-0.1777777777777778,0.20175439893730138,0.04416721929516359,0.046679889574645195,0.03064815371182802
p3_A5_real_s43_cv1,43,1,CV,4,endothelium,0.18181818181818182,0.2222222222222222,0.2,9,11,"{""lymphocyte"": 2, ""histiocyte"": 1, ""melanophage"": 1, ""stroma"": 1, ""epithelium"": 1, ""apoptosis"": 1}",lymphocyte,3.0,-0.2222222222222222,3.0,-0.09782608695652173,0.32879883754203426,0.13216099573091522,0.12727683808402318,0.07402274596111785
p3_A5_real_s43_cv1,43,1,CV,4,apoptosis,0.16666666666666666,0.16666666666666666,0.16666666666666666,12,12,"{""tumor"": 1, ""plasma_cell"": 2, ""histiocyte"": 1, ""melanophage"": 1, ""neutrophil"": 2, ""stroma"": 2, ""endothelium"": 1}",plasma_cell,10.0,0.0,10.0,0.0,0.1370245239532291,0.11226255234242723,0.04794347181260873,0.07051701808933422
p3_A5_real_s43_cv1,43,1,CV,5,tumor,0.6428571428571429,0.32142857142857145,0.42857142857142855,28,14,"{""plasma_cell"": 1, ""histiocyte"": 4, ""melanophage"": 2, ""neutrophil"": 1, ""epithelium"": 6, ""endothelium"": 1, ""apoptosis"": 4}",epithelium,7.0,-0.17857142857142855,6.0,-0.030038759689922423,0.07426136229974609,0.04703543165448007,0.0591707681922371,0.02766967376035559
p3_A5_real_s43_cv1,43,1,CV,5,lymphocyte,0.5,0.3333333333333333,0.4,6,4,"{""tumor"": 1, ""histiocyte"": 2, ""melanophage"": 1}",histiocyte,4.0,-0.16666666666666669,4.0,-0.13333333333333336,0.20572746696022956,0.05170240299645282,0.22855602386472876,0.035654526938193876
p3_A5_real_s43_cv1,43,1,CV,5,plasma_cell,0.2222222222222222,0.3333333333333333,0.26666666666666666,6,9,"{""tumor"": 1, ""histiocyte"": 1, ""neutrophil"": 1, ""apoptosis"": 1}",tumor,1.0,-0.16666666666666669,8.0,-0.036363636363636376,0.07082966862607008,0.045827129928674076,0.08185650399793573,0.03517502169446422
p3_A5_real_s43_cv1,43,1,CV,5,histiocyte,0.18181818181818182,0.4,0.25,10,22,"{""lymphocyte"": 2, ""plasma_cell"": 1, ""epithelium"": 2, ""endothelium"": 1}",lymphocyte,5.0,-0.30000000000000004,5.0,-0.16304347826086957,0.17237393654055794,0.08849117374454826,0.18453211431353114,0.03252802925771344
p3_A5_real_s43_cv1,43,1,CV,5,melanophage,0.5714285714285714,0.6666666666666666,0.6153846153846154,12,14,"{""histiocyte"": 2, ""apoptosis"": 2}",histiocyte,2.0,-0.16666666666666663,2.0,-0.03735632183908044,0.11508483840295526,0.05754378748356889,0.03719084559914055,0.005361359941827443
p3_A5_real_s43_cv1,43,1,CV,5,neutrophil,0.5833333333333334,0.6363636363636364,0.6086956521739131,11,12,"{""tumor"": 1, ""plasma_cell"": 1, ""melanophage"": 1, ""stroma"": 1}",tumor,9.0,-0.09090909090909094,7.0,-0.030303030303030276,0.20968295626674174,0.08558594561210224,0.22230916401112866,0.0906029779832514
p3_A5_real_s43_cv1,43,1,CV,5,stroma,0.0,0.0,0.0,8,1,"{""tumor"": 1, ""plasma_cell"": 1, ""histiocyte"": 1, ""neutrophil"": 1, ""endothelium"": 3, ""apoptosis"": 1}",endothelium,10.0,0.0,10.0,0.0,0.03730229088608088,0.047003852394433526,0.08445256200129947,0.03718460864482585
p3_A5_real_s43_cv1,43,1,CV,5,epithelium,0.4375,1.0,0.6086956521739131,7,16,{},none,2.0,-0.1428571428571429,8.0,-0.1777777777777778,0.20175439893730138,0.04416721929516359,0.046679889574645195,0.03064815371182802
p3_A5_real_s43_cv1,43,1,CV,5,endothelium,0.0,0.0,0.0,9,5,"{""histiocyte"": 6, ""melanophage"": 1, ""epithelium"": 1, ""apoptosis"": 1}",histiocyte,3.0,-0.2222222222222222,3.0,-0.09782608695652173,0.32879883754203426,0.13216099573091522,0.12727683808402318,0.07402274596111785
p3_A5_real_s43_cv1,43,1,CV,5,apoptosis,0.25,0.25,0.25,12,12,"{""tumor"": 1, ""plasma_cell"": 3, ""histiocyte"": 2, ""melanophage"": 1, ""neutrophil"": 2}",plasma_cell,10.0,0.0,10.0,0.0,0.1370245239532291,0.11226255234242723,0.04794347181260873,0.07051701808933422
p3_A5_real_s43_cv1,43,1,CV,6,tumor,0.65,0.4642857142857143,0.5416666666666666,28,20,"{""histiocyte"": 6, ""melanophage"": 2, ""epithelium"": 5, ""endothelium"": 1, ""apoptosis"": 1}",histiocyte,7.0,-0.17857142857142855,6.0,-0.030038759689922423,0.07426136229974609,0.04703543165448007,0.0591707681922371,0.02766967376035559
p3_A5_real_s43_cv1,43,1,CV,6,lymphocyte,0.3333333333333333,0.3333333333333333,0.3333333333333333,6,6,"{""tumor"": 1, ""histiocyte"": 2, ""melanophage"": 1}",histiocyte,4.0,-0.16666666666666669,4.0,-0.13333333333333336,0.20572746696022956,0.05170240299645282,0.22855602386472876,0.035654526938193876
p3_A5_real_s43_cv1,43,1,CV,6,plasma_cell,0.3333333333333333,0.3333333333333333,0.3333333333333333,6,6,"{""tumor"": 1, ""histiocyte"": 1, ""neutrophil"": 1, ""apoptosis"": 1}",tumor,1.0,-0.16666666666666669,8.0,-0.036363636363636376,0.07082966862607008,0.045827129928674076,0.08185650399793573,0.03517502169446422
p3_A5_real_s43_cv1,43,1,CV,6,histiocyte,0.15384615384615385,0.4,0.2222222222222222,10,26,"{""lymphocyte"": 3, ""epithelium"": 2, ""endothelium"": 1}",lymphocyte,5.0,-0.30000000000000004,5.0,-0.16304347826086957,0.17237393654055794,0.08849117374454826,0.18453211431353114,0.03252802925771344
p3_A5_real_s43_cv1,43,1,CV,6,melanophage,0.5384615384615384,0.5833333333333334,0.56,12,13,"{""tumor"": 2, ""histiocyte"": 3}",histiocyte,2.0,-0.16666666666666663,2.0,-0.03735632183908044,0.11508483840295526,0.05754378748356889,0.03719084559914055,0.005361359941827443
p3_A5_real_s43_cv1,43,1,CV,6,neutrophil,0.6363636363636364,0.6363636363636364,0.6363636363636364,11,11,"{""tumor"": 1, ""plasma_cell"": 1, ""melanophage"": 1, ""stroma"": 1}",tumor,9.0,-0.09090909090909094,7.0,-0.030303030303030276,0.20968295626674174,0.08558594561210224,0.22230916401112866,0.0906029779832514
p3_A5_real_s43_cv1,43,1,CV,6,stroma,0.0,0.0,0.0,8,1,"{""tumor"": 1, ""histiocyte"": 2, ""neutrophil"": 1, ""endothelium"": 3, ""apoptosis"": 1}",endothelium,10.0,0.0,10.0,0.0,0.03730229088608088,0.047003852394433526,0.08445256200129947,0.03718460864482585
p3_A5_real_s43_cv1,43,1,CV,6,epithelium,0.4666666666666667,1.0,0.6363636363636364,7,15,{},none,2.0,-0.1428571428571429,8.0,-0.1777777777777778,0.20175439893730138,0.04416721929516359,0.046679889574645195,0.03064815371182802
p3_A5_real_s43_cv1,43,1,CV,6,endothelium,0.0,0.0,0.0,9,6,"{""histiocyte"": 6, ""melanophage"": 1, ""epithelium"": 1, ""apoptosis"": 1}",histiocyte,3.0,-0.2222222222222222,3.0,-0.09782608695652173,0.32879883754203426,0.13216099573091522,0.12727683808402318,0.07402274596111785
p3_A5_real_s43_cv1,43,1,CV,6,apoptosis,0.2,0.08333333333333333,0.11764705882352941,12,5,"{""tumor"": 1, ""lymphocyte"": 1, ""plasma_cell"": 3, ""histiocyte"": 2, ""melanophage"": 1, ""neutrophil"": 2, ""endothelium"": 1}",plasma_cell,10.0,0.0,10.0,0.0,0.1370245239532291,0.11226255234242723,0.04794347181260873,0.07051701808933422
p3_A5_real_s43_cv1,43,1,CV,7,tumor,0.47058823529411764,0.5714285714285714,0.5161290322580645,28,34,"{""lymphocyte"": 2, ""histiocyte"": 2, ""melanophage"": 2, ""epithelium"": 5, ""endothelium"": 1}",epithelium,7.0,-0.17857142857142855,6.0,-0.030038759689922423,0.07426136229974609,0.04703543165448007,0.0591707681922371,0.02766967376035559
p3_A5_real_s43_cv1,43,1,CV,7,lymphocyte,0.17647058823529413,0.5,0.2608695652173913,6,17,"{""tumor"": 1, ""melanophage"": 1, ""endothelium"": 1}",tumor,4.0,-0.16666666666666669,4.0,-0.13333333333333336,0.20572746696022956,0.05170240299645282,0.22855602386472876,0.035654526938193876
p3_A5_real_s43_cv1,43,1,CV,7,plasma_cell,0.5,0.16666666666666666,0.25,6,2,"{""tumor"": 3, ""lymphocyte"": 1, ""histiocyte"": 1}",tumor,1.0,-0.16666666666666669,8.0,-0.036363636363636376,0.07082966862607008,0.045827129928674076,0.08185650399793573,0.03517502169446422
p3_A5_real_s43_cv1,43,1,CV,7,histiocyte,0.16666666666666666,0.1,0.125,10,6,"{""tumor"": 2, ""lymphocyte"": 4, ""endothelium"": 3}",lymphocyte,5.0,-0.30000000000000004,5.0,-0.16304347826086957,0.17237393654055794,0.08849117374454826,0.18453211431353114,0.03252802925771344
p3_A5_real_s43_cv1,43,1,CV,7,melanophage,0.5833333333333334,0.5833333333333334,0.5833333333333334,12,12,"{""tumor"": 5}",tumor,2.0,-0.16666666666666663,2.0,-0.03735632183908044,0.11508483840295526,0.05754378748356889,0.03719084559914055,0.005361359941827443
p3_A5_real_s43_cv1,43,1,CV,7,neutrophil,0.7,0.6363636363636364,0.6666666666666666,11,10,"{""tumor"": 1, ""lymphocyte"": 1, ""melanophage"": 1, ""stroma"": 1}",tumor,9.0,-0.09090909090909094,7.0,-0.030303030303030276,0.20968295626674174,0.08558594561210224,0.22230916401112866,0.0906029779832514
p3_A5_real_s43_cv1,43,1,CV,7,stroma,0.0,0.0,0.0,8,1,"{""tumor"": 2, ""lymphocyte"": 1, ""neutrophil"": 1, ""endothelium"": 3, ""apoptosis"": 1}",endothelium,10.0,0.0,10.0,0.0,0.03730229088608088,0.047003852394433526,0.08445256200129947,0.03718460864482585
p3_A5_real_s43_cv1,43,1,CV,7,epithelium,0.5384615384615384,1.0,0.7,7,13,{},none,2.0,-0.1428571428571429,8.0,-0.1777777777777778,0.20175439893730138,0.04416721929516359,0.046679889574645195,0.03064815371182802
p3_A5_real_s43_cv1,43,1,CV,7,endothelium,0.16666666666666666,0.2222222222222222,0.19047619047619047,9,12,"{""tumor"": 2, ""lymphocyte"": 2, ""histiocyte"": 1, ""melanophage"": 1, ""epithelium"": 1}",tumor,3.0,-0.2222222222222222,3.0,-0.09782608695652173,0.32879883754203426,0.13216099573091522,0.12727683808402318,0.07402274596111785
p3_A5_real_s43_cv1,43,1,CV,7,apoptosis,0.5,0.08333333333333333,0.14285714285714285,12,2,"{""tumor"": 2, ""lymphocyte"": 3, ""plasma_cell"": 1, ""histiocyte"": 1, ""neutrophil"": 2, ""endothelium"": 2}",lymphocyte,10.0,0.0,10.0,0.0,0.1370245239532291,0.11226255234242723,0.04794347181260873,0.07051701808933422
p3_A5_real_s43_cv1,43,1,CV,8,tumor,0.5172413793103449,0.5357142857142857,0.5263157894736842,28,29,"{""lymphocyte"": 2, ""histiocyte"": 1, ""melanophage"": 4, ""epithelium"": 3, ""endothelium"": 3}",melanophage,7.0,-0.17857142857142855,6.0,-0.030038759689922423,0.07426136229974609,0.04703543165448007,0.0591707681922371,0.02766967376035559
p3_A5_real_s43_cv1,43,1,CV,8,lymphocyte,0.21428571428571427,0.5,0.3,6,14,"{""tumor"": 1, ""melanophage"": 1, ""endothelium"": 1}",tumor,4.0,-0.16666666666666669,4.0,-0.13333333333333336,0.20572746696022956,0.05170240299645282,0.22855602386472876,0.035654526938193876
p3_A5_real_s43_cv1,43,1,CV,8,plasma_cell,0.5,0.3333333333333333,0.4,6,4,"{""tumor"": 1, ""histiocyte"": 1, ""neutrophil"": 1, ""apoptosis"": 1}",tumor,1.0,-0.16666666666666669,8.0,-0.036363636363636376,0.07082966862607008,0.045827129928674076,0.08185650399793573,0.03517502169446422
p3_A5_real_s43_cv1,43,1,CV,8,histiocyte,0.2,0.1,0.13333333333333333,10,5,"{""tumor"": 2, ""lymphocyte"": 4, ""endothelium"": 3}",lymphocyte,5.0,-0.30000000000000004,5.0,-0.16304347826086957,0.17237393654055794,0.08849117374454826,0.18453211431353114,0.03252802925771344
p3_A5_real_s43_cv1,43,1,CV,8,melanophage,0.5,0.5833333333333334,0.5384615384615384,12,14,"{""tumor"": 4, ""lymphocyte"": 1}",tumor,2.0,-0.16666666666666663,2.0,-0.03735632183908044,0.11508483840295526,0.05754378748356889,0.03719084559914055,0.005361359941827443
p3_A5_real_s43_cv1,43,1,CV,8,neutrophil,0.7,0.6363636363636364,0.6666666666666666,11,10,"{""tumor"": 1, ""melanophage"": 1, ""stroma"": 1, ""endothelium"": 1}",tumor,9.0,-0.09090909090909094,7.0,-0.030303030303030276,0.20968295626674174,0.08558594561210224,0.22230916401112866,0.0906029779832514
p3_A5_real_s43_cv1,43,1,CV,8,stroma,0.5,0.125,0.2,8,2,"{""tumor"": 1, ""lymphocyte"": 1, ""neutrophil"": 1, ""endothelium"": 3, ""apoptosis"": 1}",endothelium,10.0,0.0,10.0,0.0,0.03730229088608088,0.047003852394433526,0.08445256200129947,0.03718460864482585
p3_A5_real_s43_cv1,43,1,CV,8,epithelium,0.6363636363636364,1.0,0.7777777777777778,7,11,{},none,2.0,-0.1428571428571429,8.0,-0.1777777777777778,0.20175439893730138,0.04416721929516359,0.046679889574645195,0.03064815371182802
p3_A5_real_s43_cv1,43,1,CV,8,endothelium,0.17647058823529413,0.3333333333333333,0.23076923076923078,9,17,"{""tumor"": 2, ""lymphocyte"": 1, ""histiocyte"": 1, ""melanophage"": 1, ""epithelium"": 1}",tumor,3.0,-0.2222222222222222,3.0,-0.09782608695652173,0.32879883754203426,0.13216099573091522,0.12727683808402318,0.07402274596111785
p3_A5_real_s43_cv1,43,1,CV,8,apoptosis,0.3333333333333333,0.08333333333333333,0.13333333333333333,12,3,"{""tumor"": 2, ""lymphocyte"": 2, ""plasma_cell"": 2, ""histiocyte"": 1, ""neutrophil"": 1, ""endothelium"": 3}",endothelium,10.0,0.0,10.0,0.0,0.1370245239532291,0.11226255234242723,0.04794347181260873,0.07051701808933422
p3_A5_real_s43_cv1,43,1,CV,9,tumor,0.6190476190476191,0.4642857142857143,0.5306122448979592,28,21,"{""lymphocyte"": 1, ""plasma_cell"": 1, ""histiocyte"": 3, ""melanophage"": 2, ""stroma"": 1, ""epithelium"": 5, ""endothelium"": 1, ""apoptosis"": 1}",epithelium,7.0,-0.17857142857142855,6.0,-0.030038759689922423,0.07426136229974609,0.04703543165448007,0.0591707681922371,0.02766967376035559
p3_A5_real_s43_cv1,43,1,CV,9,lymphocyte,0.2,0.3333333333333333,0.25,6,10,"{""tumor"": 1, ""histiocyte"": 1, ""melanophage"": 1, ""endothelium"": 1}",tumor,4.0,-0.16666666666666669,4.0,-0.13333333333333336,0.20572746696022956,0.05170240299645282,0.22855602386472876,0.035654526938193876
p3_A5_real_s43_cv1,43,1,CV,9,plasma_cell,0.3333333333333333,0.3333333333333333,0.3333333333333333,6,6,"{""tumor"": 1, ""histiocyte"": 1, ""neutrophil"": 1, ""apoptosis"": 1}",tumor,1.0,-0.16666666666666669,8.0,-0.036363636363636376,0.07082966862607008,0.045827129928674076,0.08185650399793573,0.03517502169446422
p3_A5_real_s43_cv1,43,1,CV,9,histiocyte,0.125,0.1,0.1111111111111111,10,8,"{""lymphocyte"": 4, ""neutrophil"": 1, ""stroma"": 2, ""endothelium"": 2}",lymphocyte,5.0,-0.30000000000000004,5.0,-0.16304347826086957,0.17237393654055794,0.08849117374454826,0.18453211431353114,0.03252802925771344
p3_A5_real_s43_cv1,43,1,CV,9,melanophage,0.6,0.5,0.5454545454545454,12,10,"{""tumor"": 2, ""lymphocyte"": 1, ""neutrophil"": 2, ""stroma"": 1}",tumor,2.0,-0.16666666666666663,2.0,-0.03735632183908044,0.11508483840295526,0.05754378748356889,0.03719084559914055,0.005361359941827443
p3_A5_real_s43_cv1,43,1,CV,9,neutrophil,0.5333333333333333,0.7272727272727273,0.6153846153846154,11,15,"{""tumor"": 1, ""stroma"": 2}",stroma,9.0,-0.09090909090909094,7.0,-0.030303030303030276,0.20968295626674174,0.08558594561210224,0.22230916401112866,0.0906029779832514
p3_A5_real_s43_cv1,43,1,CV,9,stroma,0.18181818181818182,0.25,0.21052631578947367,8,11,"{""tumor"": 1, ""histiocyte"": 1, ""neutrophil"": 1, ""endothelium"": 2, ""apoptosis"": 1}",endothelium,10.0,0.0,10.0,0.0,0.03730229088608088,0.047003852394433526,0.08445256200129947,0.03718460864482585
p3_A5_real_s43_cv1,43,1,CV,9,epithelium,0.5,0.8571428571428571,0.631578947368421,7,12,"{""stroma"": 1}",stroma,2.0,-0.1428571428571429,8.0,-0.1777777777777778,0.20175439893730138,0.04416721929516359,0.046679889574645195,0.03064815371182802
p3_A5_real_s43_cv1,43,1,CV,9,endothelium,0.2727272727272727,0.3333333333333333,0.3,9,11,"{""tumor"": 1, ""lymphocyte"": 1, ""histiocyte"": 1, ""melanophage"": 1, ""epithelium"": 1, ""apoptosis"": 1}",tumor,3.0,-0.2222222222222222,3.0,-0.09782608695652173,0.32879883754203426,0.13216099573091522,0.12727683808402318,0.07402274596111785
p3_A5_real_s43_cv1,43,1,CV,9,apoptosis,0.2,0.08333333333333333,0.11764705882352941,12,5,"{""tumor"": 1, ""lymphocyte"": 1, ""plasma_cell"": 3, ""neutrophil"": 2, ""stroma"": 2, ""endothelium"": 2}",plasma_cell,10.0,0.0,10.0,0.0,0.1370245239532291,0.11226255234242723,0.04794347181260873,0.07051701808933422
p3_A5_real_s43_cv1,43,1,CV,10,tumor,0.7333333333333333,0.39285714285714285,0.5116279069767442,28,15,"{""lymphocyte"": 1, ""plasma_cell"": 1, ""histiocyte"": 4, ""melanophage"": 2, ""epithelium"": 6, ""endothelium"": 1, ""apoptosis"": 2}",epithelium,7.0,-0.17857142857142855,6.0,-0.030038759689922423,0.07426136229974609,0.04703543165448007,0.0591707681922371,0.02766967376035559
p3_A5_real_s43_cv1,43,1,CV,10,lymphocyte,0.2222222222222222,0.3333333333333333,0.26666666666666666,6,9,"{""tumor"": 1, ""histiocyte"": 1, ""melanophage"": 1, ""endothelium"": 1}",tumor,4.0,-0.16666666666666669,4.0,-0.13333333333333336,0.20572746696022956,0.05170240299645282,0.22855602386472876,0.035654526938193876
p3_A5_real_s43_cv1,43,1,CV,10,plasma_cell,0.4,0.3333333333333333,0.36363636363636365,6,5,"{""tumor"": 1, ""histiocyte"": 1, ""neutrophil"": 1, ""apoptosis"": 1}",tumor,1.0,-0.16666666666666669,8.0,-0.036363636363636376,0.07082966862607008,0.045827129928674076,0.08185650399793573,0.03517502169446422
p3_A5_real_s43_cv1,43,1,CV,10,histiocyte,0.07692307692307693,0.1,0.08695652173913043,10,13,"{""lymphocyte"": 3, ""plasma_cell"": 1, ""stroma"": 4, ""endothelium"": 1}",stroma,5.0,-0.30000000000000004,5.0,-0.16304347826086957,0.17237393654055794,0.08849117374454826,0.18453211431353114,0.03252802925771344
p3_A5_real_s43_cv1,43,1,CV,10,melanophage,0.5833333333333334,0.5833333333333334,0.5833333333333334,12,12,"{""lymphocyte"": 1, ""histiocyte"": 1, ""stroma"": 2, ""apoptosis"": 1}",stroma,2.0,-0.16666666666666663,2.0,-0.03735632183908044,0.11508483840295526,0.05754378748356889,0.03719084559914055,0.005361359941827443
p3_A5_real_s43_cv1,43,1,CV,10,neutrophil,0.6363636363636364,0.6363636363636364,0.6363636363636364,11,11,"{""tumor"": 1, ""melanophage"": 1, ""stroma"": 2}",stroma,9.0,-0.09090909090909094,7.0,-0.030303030303030276,0.20968295626674174,0.08558594561210224,0.22230916401112866,0.0906029779832514
p3_A5_real_s43_cv1,43,1,CV,10,stroma,0.21428571428571427,0.375,0.2727272727272727,8,14,"{""histiocyte"": 1, ""neutrophil"": 1, ""endothelium"": 2, ""apoptosis"": 1}",endothelium,10.0,0.0,10.0,0.0,0.03730229088608088,0.047003852394433526,0.08445256200129947,0.03718460864482585
p3_A5_real_s43_cv1,43,1,CV,10,epithelium,0.46153846153846156,0.8571428571428571,0.6,7,13,"{""stroma"": 1}",stroma,2.0,-0.1428571428571429,8.0,-0.1777777777777778,0.20175439893730138,0.04416721929516359,0.046679889574645195,0.03064815371182802
p3_A5_real_s43_cv1,43,1,CV,10,endothelium,0.2857142857142857,0.2222222222222222,0.25,9,7,"{""lymphocyte"": 1, ""histiocyte"": 3, ""melanophage"": 1, ""epithelium"": 1, ""apoptosis"": 1}",histiocyte,3.0,-0.2222222222222222,3.0,-0.09782608695652173,0.32879883754203426,0.13216099573091522,0.12727683808402318,0.07402274596111785
p3_A5_real_s43_cv1,43,1,CV,10,apoptosis,0.4,0.3333333333333333,0.36363636363636365,12,10,"{""tumor"": 1, ""lymphocyte"": 1, ""plasma_cell"": 1, ""histiocyte"": 1, ""neutrophil"": 2, ""stroma"": 2}",neutrophil,10.0,0.0,10.0,0.0,0.1370245239532291,0.11226255234242723,0.04794347181260873,0.07051701808933422
p3_A5_real_s43_cv2,43,2,CV,1,tumor,0.5,0.16666666666666666,0.25,24,8,"{""lymphocyte"": 4, ""plasma_cell"": 3, ""histiocyte"": 1, ""melanophage"": 12}",melanophage,9.0,0.0,10.0,0.0,0.07426136229974609,0.04703543165448007,0.0591707681922371,0.02766967376035559
p3_A5_real_s43_cv2,43,2,CV,1,lymphocyte,0.43478260869565216,0.5555555555555556,0.4878048780487805,18,23,"{""tumor"": 1, ""histiocyte"": 1, ""melanophage"": 6}",melanophage,9.0,-0.05555555555555558,9.0,-0.010810810810810811,0.20572746696022956,0.05170240299645282,0.22855602386472876,0.035654526938193876
p3_A5_real_s43_cv2,43,2,CV,1,plasma_cell,0.14285714285714285,0.14285714285714285,0.14285714285714285,7,7,"{""lymphocyte"": 2, ""melanophage"": 3, ""epithelium"": 1}",melanophage,2.0,-0.14285714285714285,6.0,-0.025641025641025605,0.07082966862607008,0.045827129928674076,0.08185650399793573,0.03517502169446422
p3_A5_real_s43_cv2,43,2,CV,1,histiocyte,0.0,0.0,0.0,7,6,"{""lymphocyte"": 3, ""melanophage"": 4}",melanophage,3.0,-0.42857142857142855,9.0,-0.0854700854700855,0.17237393654055794,0.08849117374454826,0.18453211431353114,0.03252802925771344
p3_A5_real_s43_cv2,43,2,CV,1,melanophage,0.09090909090909091,0.8,0.16326530612244897,5,44,"{""endothelium"": 1}",endothelium,1.0,0.0,10.0,0.0,0.11508483840295526,0.05754378748356889,0.03719084559914055,0.005361359941827443
p3_A5_real_s43_cv2,43,2,CV,1,neutrophil,0.0,0.0,0.0,8,0,"{""histiocyte"": 2, ""melanophage"": 6}",melanophage,3.0,-0.25,7.0,-0.1607142857142857,0.20968295626674174,0.08558594561210224,0.22230916401112866,0.0906029779832514
p3_A5_real_s43_cv2,43,2,CV,1,stroma,1.0,0.1,0.18181818181818182,10,1,"{""lymphocyte"": 1, ""histiocyte"": 1, ""melanophage"": 2, ""endothelium"": 5}",endothelium,2.0,-0.39999999999999997,8.0,-0.025641025641025605,0.03730229088608088,0.047003852394433526,0.08445256200129947,0.03718460864482585
p3_A5_real_s43_cv2,43,2,CV,1,epithelium,0.6666666666666666,0.4,0.5,5,3,"{""melanophage"": 3}",melanophage,3.0,-0.20000000000000007,2.0,-0.054545454545454564,0.20175439893730138,0.04416721929516359,0.046679889574645195,0.03064815371182802
p3_A5_real_s43_cv2,43,2,CV,1,endothelium,0.14285714285714285,0.14285714285714285,0.14285714285714285,7,7,"{""tumor"": 2, ""lymphocyte"": 1, ""histiocyte"": 1, ""melanophage"": 2}",tumor,5.0,0.0,10.0,0.0,0.32879883754203426,0.13216099573091522,0.12727683808402318,0.07402274596111785
p3_A5_real_s43_cv2,43,2,CV,1,apoptosis,0.0,0.0,0.0,8,0,"{""tumor"": 1, ""lymphocyte"": 2, ""plasma_cell"": 3, ""melanophage"": 2}",plasma_cell,10.0,0.0,10.0,0.0,0.1370245239532291,0.11226255234242723,0.04794347181260873,0.07051701808933422
p3_A5_real_s43_cv2,43,2,CV,2,tumor,0.4090909090909091,0.375,0.391304347826087,24,22,"{""plasma_cell"": 5, ""histiocyte"": 1, ""melanophage"": 3, ""stroma"": 4, ""apoptosis"": 2}",plasma_cell,9.0,0.0,10.0,0.0,0.07426136229974609,0.04703543165448007,0.0591707681922371,0.02766967376035559
p3_A5_real_s43_cv2,43,2,CV,2,lymphocyte,0.7142857142857143,0.2777777777777778,0.4,18,7,"{""tumor"": 3, ""plasma_cell"": 3, ""histiocyte"": 1, ""melanophage"": 1, ""stroma"": 5}",stroma,9.0,-0.05555555555555558,9.0,-0.010810810810810811,0.20572746696022956,0.05170240299645282,0.22855602386472876,0.035654526938193876
p3_A5_real_s43_cv2,43,2,CV,2,plasma_cell,0.1875,0.42857142857142855,0.2608695652173913,7,16,"{""tumor"": 1, ""histiocyte"": 1, ""stroma"": 1, ""epithelium"": 1}",tumor,2.0,-0.14285714285714285,6.0,-0.025641025641025605,0.07082966862607008,0.045827129928674076,0.08185650399793573,0.03517502169446422
p3_A5_real_s43_cv2,43,2,CV,2,histiocyte,0.0,0.0,0.0,7,5,"{""lymphocyte"": 1, ""plasma_cell"": 1, ""stroma"": 5}",stroma,3.0,-0.42857142857142855,9.0,-0.0854700854700855,0.17237393654055794,0.08849117374454826,0.18453211431353114,0.03252802925771344
p3_A5_real_s43_cv2,43,2,CV,2,melanophage,0.2857142857142857,0.4,0.3333333333333333,5,7,"{""histiocyte"": 1, ""stroma"": 1, ""endothelium"": 1}",histiocyte,1.0,0.0,10.0,0.0,0.11508483840295526,0.05754378748356889,0.03719084559914055,0.005361359941827443
p3_A5_real_s43_cv2,43,2,CV,2,neutrophil,0.5,0.125,0.2,8,2,"{""tumor"": 1, ""plasma_cell"": 1, ""stroma"": 4, ""epithelium"": 1}",stroma,3.0,-0.25,7.0,-0.1607142857142857,0.20968295626674174,0.08558594561210224,0.22230916401112866,0.0906029779832514
p3_A5_real_s43_cv2,43,2,CV,2,stroma,0.1935483870967742,0.6,0.2926829268292683,10,31,"{""tumor"": 1, ""lymphocyte"": 1, ""melanophage"": 1, ""endothelium"": 1}",tumor,2.0,-0.39999999999999997,8.0,-0.025641025641025605,0.03730229088608088,0.047003852394433526,0.08445256200129947,0.03718460864482585
p3_A5_real_s43_cv2,43,2,CV,2,epithelium,0.6,0.6,0.6,5,5,"{""tumor"": 1, ""stroma"": 1}",tumor,3.0,-0.20000000000000007,2.0,-0.054545454545454564,0.20175439893730138,0.04416721929516359,0.046679889574645195,0.03064815371182802
p3_A5_real_s43_cv2,43,2,CV,2,endothelium,0.0,0.0,0.0,7,2,"{""tumor"": 3, ""histiocyte"": 1, ""stroma"": 3}",tumor,5.0,0.0,10.0,0.0,0.32879883754203426,0.13216099573091522,0.12727683808402318,0.07402274596111785
p3_A5_real_s43_cv2,43,2,CV,2,apoptosis,0.0,0.0,0.0,8,2,"{""tumor"": 3, ""plasma_cell"": 3, ""neutrophil"": 1, ""stroma"": 1}",tumor,10.0,0.0,10.0,0.0,0.1370245239532291,0.11226255234242723,0.04794347181260873,0.07051701808933422
p3_A5_real_s43_cv2,43,2,CV,3,tumor,0.3333333333333333,0.041666666666666664,0.07407407407407407,24,3,"{""plasma_cell"": 2, ""histiocyte"": 10, ""melanophage"": 2, ""epithelium"": 4, ""apoptosis"": 5}",histiocyte,9.0,0.0,10.0,0.0,0.07426136229974609,0.04703543165448007,0.0591707681922371,0.02766967376035559
p3_A5_real_s43_cv2,43,2,CV,3,lymphocyte,0.5454545454545454,0.3333333333333333,0.41379310344827586,18,11,"{""histiocyte"": 10, ""stroma"": 1, ""epithelium"": 1}",histiocyte,9.0,-0.05555555555555558,9.0,-0.010810810810810811,0.20572746696022956,0.05170240299645282,0.22855602386472876,0.035654526938193876
p3_A5_real_s43_cv2,43,2,CV,3,plasma_cell,0.2,0.14285714285714285,0.16666666666666666,7,5,"{""lymphocyte"": 1, ""histiocyte"": 3, ""epithelium"": 1, ""endothelium"": 1}",histiocyte,2.0,-0.14285714285714285,6.0,-0.025641025641025605,0.07082966862607008,0.045827129928674076,0.08185650399793573,0.03517502169446422
p3_A5_real_s43_cv2,43,2,CV,3,histiocyte,0.1111111111111111,0.5714285714285714,0.18604651162790697,7,36,"{""lymphocyte"": 2, ""endothelium"": 1}",lymphocyte,3.0,-0.42857142857142855,9.0,-0.0854700854700855,0.17237393654055794,0.08849117374454826,0.18453211431353114,0.03252802925771344
p3_A5_real_s43_cv2,43,2,CV,3,melanophage,0.4,0.4,0.4,5,5,"{""lymphocyte"": 1, ""histiocyte"": 1, ""endothelium"": 1}",lymphocyte,1.0,0.0,10.0,0.0,0.11508483840295526,0.05754378748356889,0.03719084559914055,0.005361359941827443
p3_A5_real_s43_cv2,43,2,CV,3,neutrophil,0.5833333333333334,0.875,0.7,8,12,"{""histiocyte"": 1}",histiocyte,3.0,-0.25,7.0,-0.1607142857142857,0.20968295626674174,0.08558594561210224,0.22230916401112866,0.0906029779832514
p3_A5_real_s43_cv2,43,2,CV,3,stroma,0.5,0.1,0.16666666666666666,10,2,"{""histiocyte"": 2, ""melanophage"": 1, ""epithelium"": 1, ""endothelium"": 5}",endothelium,2.0,-0.39999999999999997,8.0,-0.025641025641025605,0.03730229088608088,0.047003852394433526,0.08445256200129947,0.03718460864482585
p3_A5_real_s43_cv2,43,2,CV,3,epithelium,0.36363636363636365,0.8,0.5,5,11,"{""neutrophil"": 1}",neutrophil,3.0,-0.20000000000000007,2.0,-0.054545454545454564,0.20175439893730138,0.04416721929516359,0.046679889574645195,0.03064815371182802
p3_A5_real_s43_cv2,43,2,CV,3,endothelium,0.0,0.0,0.0,7,8,"{""tumor"": 1, ""histiocyte"": 4, ""neutrophil"": 2}",histiocyte,5.0,0.0,10.0,0.0,0.32879883754203426,0.13216099573091522,0.12727683808402318,0.07402274596111785
p3_A5_real_s43_cv2,43,2,CV,3,apoptosis,0.16666666666666666,0.125,0.14285714285714285,8,6,"{""tumor"": 1, ""lymphocyte"": 1, ""plasma_cell"": 2, ""histiocyte"": 1, ""neutrophil"": 2}",plasma_cell,10.0,0.0,10.0,0.0,0.1370245239532291,0.11226255234242723,0.04794347181260873,0.07051701808933422
p3_A5_real_s43_cv2,43,2,CV,4,tumor,0.8,0.3333333333333333,0.47058823529411764,24,10,"{""plasma_cell"": 3, ""histiocyte"": 5, ""melanophage"": 3, ""epithelium"": 1, ""endothelium"": 2, ""apoptosis"": 2}",histiocyte,9.0,0.0,10.0,0.0,0.07426136229974609,0.04703543165448007,0.0591707681922371,0.02766967376035559
p3_A5_real_s43_cv2,43,2,CV,4,lymphocyte,0.6,0.6666666666666666,0.631578947368421,18,20,"{""histiocyte"": 4, ""endothelium"": 2}",histiocyte,9.0,-0.05555555555555558,9.0,-0.010810810810810811,0.20572746696022956,0.05170240299645282,0.22855602386472876,0.035654526938193876
p3_A5_real_s43_cv2,43,2,CV,4,plasma_cell,0.2857142857142857,0.2857142857142857,0.2857142857142857,7,7,"{""lymphocyte"": 1, ""histiocyte"": 1, ""epithelium"": 1, ""endothelium"": 2}",endothelium,2.0,-0.14285714285714285,6.0,-0.025641025641025605,0.07082966862607008,0.045827129928674076,0.08185650399793573,0.03517502169446422
p3_A5_real_s43_cv2,43,2,CV,4,histiocyte,0.15384615384615385,0.2857142857142857,0.2,7,13,"{""lymphocyte"": 2, ""endothelium"": 3}",endothelium,3.0,-0.42857142857142855,9.0,-0.0854700854700855,0.17237393654055794,0.08849117374454826,0.18453211431353114,0.03252802925771344
p3_A5_real_s43_cv2,43,2,CV,4,melanophage,0.3333333333333333,0.4,0.36363636363636365,5,6,"{""lymphocyte"": 1, ""histiocyte"": 1, ""endothelium"": 1}",lymphocyte,1.0,0.0,10.0,0.0,0.11508483840295526,0.05754378748356889,0.03719084559914055,0.005361359941827443
p3_A5_real_s43_cv2,43,2,CV,4,neutrophil,0.7142857142857143,0.625,0.6666666666666666,8,7,"{""lymphocyte"": 2, ""endothelium"": 1}",lymphocyte,3.0,-0.25,7.0,-0.1607142857142857,0.20968295626674174,0.08558594561210224,0.22230916401112866,0.0906029779832514
p3_A5_real_s43_cv2,43,2,CV,4,stroma,0.0,0.0,0.0,10,0,"{""lymphocyte"": 1, ""melanophage"": 1, ""epithelium"": 1, ""endothelium"": 7}",endothelium,2.0,-0.39999999999999997,8.0,-0.025641025641025605,0.03730229088608088,0.047003852394433526,0.08445256200129947,0.03718460864482585
p3_A5_real_s43_cv2,43,2,CV,4,epithelium,0.5,0.6,0.5454545454545454,5,6,"{""endothelium"": 2}",endothelium,3.0,-0.20000000000000007,2.0,-0.054545454545454564,0.20175439893730138,0.04416721929516359,0.046679889574645195,0.03064815371182802
p3_A5_real_s43_cv2,43,2,CV,4,endothelium,0.18518518518518517,0.7142857142857143,0.29411764705882354,7,27,"{""tumor"": 1, ""neutrophil"": 1}",tumor,5.0,0.0,10.0,0.0,0.32879883754203426,0.13216099573091522,0.12727683808402318,0.07402274596111785
p3_A5_real_s43_cv2,43,2,CV,4,apoptosis,0.3333333333333333,0.125,0.18181818181818182,8,3,"{""tumor"": 1, ""lymphocyte"": 1, ""plasma_cell"": 2, ""neutrophil"": 1, ""endothelium"": 2}",plasma_cell,10.0,0.0,10.0,0.0,0.1370245239532291,0.11226255234242723,0.04794347181260873,0.07051701808933422
p3_A5_real_s43_cv2,43,2,CV,5,tumor,0.6666666666666666,0.5,0.5714285714285714,24,18,"{""plasma_cell"": 2, ""melanophage"": 4, ""epithelium"": 1, ""endothelium"": 3, ""apoptosis"": 2}",melanophage,9.0,0.0,10.0,0.0,0.07426136229974609,0.04703543165448007,0.0591707681922371,0.02766967376035559
p3_A5_real_s43_cv2,43,2,CV,5,lymphocyte,0.6470588235294118,0.6111111111111112,0.6285714285714286,18,17,"{""tumor"": 1, ""histiocyte"": 2, ""melanophage"": 2, ""stroma"": 1, ""endothelium"": 1}",histiocyte,9.0,-0.05555555555555558,9.0,-0.010810810810810811,0.20572746696022956,0.05170240299645282,0.22855602386472876,0.035654526938193876
p3_A5_real_s43_cv2,43,2,CV,5,plasma_cell,0.3333333333333333,0.2857142857142857,0.3076923076923077,7,6,"{""tumor"": 1, ""lymphocyte"": 1, ""endothelium"": 3}",endothelium,2.0,-0.14285714285714285,6.0,-0.025641025641025605,0.07082966862607008,0.045827129928674076,0.08185650399793573,0.03517502169446422
p3_A5_real_s43_cv2,43,2,CV,5,histiocyte,0.3333333333333333,0.14285714285714285,0.2,7,3,"{""lymphocyte"": 2, ""endothelium"": 4}",endothelium,3.0,-0.42857142857142855,9.0,-0.0854700854700855,0.17237393654055794,0.08849117374454826,0.18453211431353114,0.03252802925771344
p3_A5_real_s43_cv2,43,2,CV,5,melanophage,0.3,0.6,0.4,5,10,"{""lymphocyte"": 1, ""endothelium"": 1}",lymphocyte,1.0,0.0,10.0,0.0,0.11508483840295526,0.05754378748356889,0.03719084559914055,0.005361359941827443
p3_A5_real_s43_cv2,43,2,CV,5,neutrophil,0.8,0.5,0.6153846153846154,8,5,"{""stroma"": 3, ""endothelium"": 1}",stroma,3.0,-0.25,7.0,-0.1607142857142857,0.20968295626674174,0.08558594561210224,0.22230916401112866,0.0906029779832514
p3_A5_real_s43_cv2,43,2,CV,5,stroma,0.3333333333333333,0.2,0.25,10,6,"{""lymphocyte"": 1, ""melanophage"": 1, ""epithelium"": 1, ""endothelium"": 5}",endothelium,2.0,-0.39999999999999997,8.0,-0.025641025641025605,0.03730229088608088,0.047003852394433526,0.08445256200129947,0.03718460864482585
p3_A5_real_s43_cv2,43,2,CV,5,epithelium,0.6,0.6,0.6,5,5,"{""tumor"": 1, ""endothelium"": 1}",tumor,3.0,-0.20000000000000007,2.0,-0.054545454545454564,0.20175439893730138,0.04416721929516359,0.046679889574645195,0.03064815371182802
p3_A5_real_s43_cv2,43,2,CV,5,endothelium,0.23076923076923078,0.8571428571428571,0.36363636363636365,7,26,"{""tumor"": 1}",tumor,5.0,0.0,10.0,0.0,0.32879883754203426,0.13216099573091522,0.12727683808402318,0.07402274596111785
p3_A5_real_s43_cv2,43,2,CV,5,apoptosis,0.3333333333333333,0.125,0.18181818181818182,8,3,"{""tumor"": 2, ""lymphocyte"": 1, ""plasma_cell"": 2, ""neutrophil"": 1, ""endothelium"": 1}",tumor,10.0,0.0,10.0,0.0,0.1370245239532291,0.11226255234242723,0.04794347181260873,0.07051701808933422
p3_A5_real_s43_cv2,43,2,CV,6,tumor,0.6428571428571429,0.375,0.47368421052631576,24,14,"{""plasma_cell"": 2, ""melanophage"": 4, ""stroma"": 5, ""epithelium"": 1, ""endothelium"": 1, ""apoptosis"": 2}",stroma,9.0,0.0,10.0,0.0,0.07426136229974609,0.04703543165448007,0.0591707681922371,0.02766967376035559
p3_A5_real_s43_cv2,43,2,CV,6,lymphocyte,0.7222222222222222,0.7222222222222222,0.7222222222222222,18,18,"{""histiocyte"": 1, ""melanophage"": 2, ""stroma"": 1, ""endothelium"": 1}",melanophage,9.0,-0.05555555555555558,9.0,-0.010810810810810811,0.20572746696022956,0.05170240299645282,0.22855602386472876,0.035654526938193876
p3_A5_real_s43_cv2,43,2,CV,6,plasma_cell,0.4,0.2857142857142857,0.3333333333333333,7,5,"{""tumor"": 1, ""lymphocyte"": 1, ""stroma"": 2, ""endothelium"": 1}",stroma,2.0,-0.14285714285714285,6.0,-0.025641025641025605,0.07082966862607008,0.045827129928674076,0.08185650399793573,0.03517502169446422
p3_A5_real_s43_cv2,43,2,CV,6,histiocyte,0.0,0.0,0.0,7,1,"{""lymphocyte"": 1, ""stroma"": 4, ""endothelium"": 2}",stroma,3.0,-0.42857142857142855,9.0,-0.0854700854700855,0.17237393654055794,0.08849117374454826,0.18453211431353114,0.03252802925771344
p3_A5_real_s43_cv2,43,2,CV,6,melanophage,0.36363636363636365,0.8,0.5,5,11,"{""lymphocyte"": 1}",lymphocyte,1.0,0.0,10.0,0.0,0.11508483840295526,0.05754378748356889,0.03719084559914055,0.005361359941827443
p3_A5_real_s43_cv2,43,2,CV,6,neutrophil,0.8333333333333334,0.625,0.7142857142857143,8,6,"{""stroma"": 3}",stroma,3.0,-0.25,7.0,-0.1607142857142857,0.20968295626674174,0.08558594561210224,0.22230916401112866,0.0906029779832514
p3_A5_real_s43_cv2,43,2,CV,6,stroma,0.16666666666666666,0.4,0.23529411764705882,10,24,"{""lymphocyte"": 1, ""melanophage"": 1, ""epithelium"": 1, ""endothelium"": 3}",endothelium,2.0,-0.39999999999999997,8.0,-0.025641025641025605,0.03730229088608088,0.047003852394433526,0.08445256200129947,0.03718460864482585
p3_A5_real_s43_cv2,43,2,CV,6,epithelium,0.6,0.6,0.6,5,5,"{""tumor"": 1, ""stroma"": 1}",tumor,3.0,-0.20000000000000007,2.0,-0.054545454545454564,0.20175439893730138,0.04416721929516359,0.046679889574645195,0.03064815371182802
p3_A5_real_s43_cv2,43,2,CV,6,endothelium,0.25,0.42857142857142855,0.3157894736842105,7,12,"{""tumor"": 1, ""stroma"": 3}",stroma,5.0,0.0,10.0,0.0,0.32879883754203426,0.13216099573091522,0.12727683808402318,0.07402274596111785
p3_A5_real_s43_cv2,43,2,CV,6,apoptosis,0.3333333333333333,0.125,0.18181818181818182,8,3,"{""tumor"": 2, ""lymphocyte"": 1, ""plasma_cell"": 1, ""neutrophil"": 1, ""stroma"": 1, ""endothelium"": 1}",tumor,10.0,0.0,10.0,0.0,0.1370245239532291,0.11226255234242723,0.04794347181260873,0.07051701808933422
p3_A5_real_s43_cv2,43,2,CV,7,tumor,0.7222222222222222,0.5416666666666666,0.6190476190476191,24,18,"{""plasma_cell"": 2, ""histiocyte"": 1, ""melanophage"": 3, ""stroma"": 1, ""epithelium"": 1, ""endothelium"": 1, ""apoptosis"": 2}",melanophage,9.0,0.0,10.0,0.0,0.07426136229974609,0.04703543165448007,0.0591707681922371,0.02766967376035559
p3_A5_real_s43_cv2,43,2,CV,7,lymphocyte,0.7368421052631579,0.7777777777777778,0.7567567567567568,18,19,"{""plasma_cell"": 1, ""histiocyte"": 1, ""stroma"": 1, ""endothelium"": 1}",plasma_cell,9.0,-0.05555555555555558,9.0,-0.010810810810810811,0.20572746696022956,0.05170240299645282,0.22855602386472876,0.035654526938193876
p3_A5_real_s43_cv2,43,2,CV,7,plasma_cell,0.3333333333333333,0.2857142857142857,0.3076923076923077,7,6,"{""tumor"": 1, ""lymphocyte"": 1, ""stroma"": 1, ""endothelium"": 2}",endothelium,2.0,-0.14285714285714285,6.0,-0.025641025641025605,0.07082966862607008,0.045827129928674076,0.08185650399793573,0.03517502169446422
p3_A5_real_s43_cv2,43,2,CV,7,histiocyte,0.25,0.14285714285714285,0.18181818181818182,7,4,"{""lymphocyte"": 1, ""stroma"": 3, ""endothelium"": 2}",stroma,3.0,-0.42857142857142855,9.0,-0.0854700854700855,0.17237393654055794,0.08849117374454826,0.18453211431353114,0.03252802925771344
p3_A5_real_s43_cv2,43,2,CV,7,melanophage,0.42857142857142855,0.6,0.5,5,7,"{""lymphocyte"": 1, ""histiocyte"": 1}",lymphocyte,1.0,0.0,10.0,0.0,0.11508483840295526,0.05754378748356889,0.03719084559914055,0.005361359941827443
p3_A5_real_s43_cv2,43,2,CV,7,neutrophil,0.875,0.875,0.875,8,8,"{""stroma"": 1}",stroma,3.0,-0.25,7.0,-0.1607142857142857,0.20968295626674174,0.08558594561210224,0.22230916401112866,0.0906029779832514
p3_A5_real_s43_cv2,43,2,CV,7,stroma,0.21428571428571427,0.3,0.25,10,14,"{""lymphocyte"": 1, ""melanophage"": 1, ""epithelium"": 1, ""endothelium"": 4}",endothelium,2.0,-0.39999999999999997,8.0,-0.025641025641025605,0.03730229088608088,0.047003852394433526,0.08445256200129947,0.03718460864482585
p3_A5_real_s43_cv2,43,2,CV,7,epithelium,0.6,0.6,0.6,5,5,"{""tumor"": 1, ""stroma"": 1}",tumor,3.0,-0.20000000000000007,2.0,-0.054545454545454564,0.20175439893730138,0.04416721929516359,0.046679889574645195,0.03064815371182802
p3_A5_real_s43_cv2,43,2,CV,7,endothelium,0.26666666666666666,0.5714285714285714,0.36363636363636365,7,15,"{""tumor"": 1, ""stroma"": 2}",stroma,5.0,0.0,10.0,0.0,0.32879883754203426,0.13216099573091522,0.12727683808402318,0.07402274596111785
p3_A5_real_s43_cv2,43,2,CV,7,apoptosis,0.3333333333333333,0.125,0.18181818181818182,8,3,"{""tumor"": 2, ""lymphocyte"": 1, ""plasma_cell"": 1, ""neutrophil"": 1, ""stroma"": 1, ""endothelium"": 1}",tumor,10.0,0.0,10.0,0.0,0.1370245239532291,0.11226255234242723,0.04794347181260873,0.07051701808933422
p3_A5_real_s43_cv2,43,2,CV,8,tumor,0.6842105263157895,0.5416666666666666,0.6046511627906976,24,19,"{""plasma_cell"": 2, ""histiocyte"": 2, ""melanophage"": 3, ""epithelium"": 1, ""endothelium"": 1, ""apoptosis"": 2}",melanophage,9.0,0.0,10.0,0.0,0.07426136229974609,0.04703543165448007,0.0591707681922371,0.02766967376035559
p3_A5_real_s43_cv2,43,2,CV,8,lymphocyte,0.7222222222222222,0.7222222222222222,0.7222222222222222,18,18,"{""plasma_cell"": 1, ""histiocyte"": 3, ""endothelium"": 1}",histiocyte,9.0,-0.05555555555555558,9.0,-0.010810810810810811,0.20572746696022956,0.05170240299645282,0.22855602386472876,0.035654526938193876
p3_A5_real_s43_cv2,43,2,CV,8,plasma_cell,0.2857142857142857,0.2857142857142857,0.2857142857142857,7,7,"{""tumor"": 1, ""lymphocyte"": 1, ""endothelium"": 2, ""apoptosis"": 1}",endothelium,2.0,-0.14285714285714285,6.0,-0.025641025641025605,0.07082966862607008,0.045827129928674076,0.08185650399793573,0.03517502169446422
p3_A5_real_s43_cv2,43,2,CV,8,histiocyte,0.2,0.2857142857142857,0.23529411764705882,7,10,"{""lymphocyte"": 2, ""endothelium"": 3}",endothelium,3.0,-0.42857142857142855,9.0,-0.0854700854700855,0.17237393654055794,0.08849117374454826,0.18453211431353114,0.03252802925771344
p3_A5_real_s43_cv2,43,2,CV,8,melanophage,0.3333333333333333,0.4,0.36363636363636365,5,6,"{""lymphocyte"": 1, ""histiocyte"": 1, ""endothelium"": 1}",lymphocyte,1.0,0.0,10.0,0.0,0.11508483840295526,0.05754378748356889,0.03719084559914055,0.005361359941827443
p3_A5_real_s43_cv2,43,2,CV,8,neutrophil,0.8333333333333334,0.625,0.7142857142857143,8,6,"{""tumor"": 1, ""histiocyte"": 1, ""apoptosis"": 1}",tumor,3.0,-0.25,7.0,-0.1607142857142857,0.20968295626674174,0.08558594561210224,0.22230916401112866,0.0906029779832514
p3_A5_real_s43_cv2,43,2,CV,8,stroma,1.0,0.2,0.3333333333333333,10,2,"{""histiocyte"": 1, ""melanophage"": 1, ""epithelium"": 1, ""endothelium"": 5}",endothelium,2.0,-0.39999999999999997,8.0,-0.025641025641025605,0.03730229088608088,0.047003852394433526,0.08445256200129947,0.03718460864482585
p3_A5_real_s43_cv2,43,2,CV,8,epithelium,0.6,0.6,0.6,5,5,"{""tumor"": 1, ""endothelium"": 1}",tumor,3.0,-0.20000000000000007,2.0,-0.054545454545454564,0.20175439893730138,0.04416721929516359,0.046679889574645195,0.03064815371182802
p3_A5_real_s43_cv2,43,2,CV,8,endothelium,0.2857142857142857,0.8571428571428571,0.42857142857142855,7,21,"{""tumor"": 1}",tumor,5.0,0.0,10.0,0.0,0.32879883754203426,0.13216099573091522,0.12727683808402318,0.07402274596111785
p3_A5_real_s43_cv2,43,2,CV,8,apoptosis,0.2,0.125,0.15384615384615385,8,5,"{""tumor"": 2, ""lymphocyte"": 1, ""plasma_cell"": 2, ""neutrophil"": 1, ""endothelium"": 1}",tumor,10.0,0.0,10.0,0.0,0.1370245239532291,0.11226255234242723,0.04794347181260873,0.07051701808933422
p3_A5_real_s43_cv2,43,2,CV,9,tumor,0.6363636363636364,0.5833333333333334,0.6086956521739131,24,22,"{""plasma_cell"": 1, ""melanophage"": 3, ""epithelium"": 1, ""endothelium"": 3, ""apoptosis"": 2}",melanophage,9.0,0.0,10.0,0.0,0.07426136229974609,0.04703543165448007,0.0591707681922371,0.02766967376035559
p3_A5_real_s43_cv2,43,2,CV,9,lymphocyte,0.7894736842105263,0.8333333333333334,0.8108108108108109,18,19,"{""plasma_cell"": 1, ""histiocyte"": 1, ""endothelium"": 1}",plasma_cell,9.0,-0.05555555555555558,9.0,-0.010810810810810811,0.20572746696022956,0.05170240299645282,0.22855602386472876,0.035654526938193876
p3_A5_real_s43_cv2,43,2,CV,9,plasma_cell,0.3333333333333333,0.2857142857142857,0.3076923076923077,7,6,"{""tumor"": 1, ""lymphocyte"": 1, ""endothelium"": 2, ""apoptosis"": 1}",endothelium,2.0,-0.14285714285714285,6.0,-0.025641025641025605,0.07082966862607008,0.045827129928674076,0.08185650399793573,0.03517502169446422
p3_A5_real_s43_cv2,43,2,CV,9,histiocyte,0.3333333333333333,0.2857142857142857,0.3076923076923077,7,6,"{""tumor"": 1, ""lymphocyte"": 1, ""endothelium"": 3}",endothelium,3.0,-0.42857142857142855,9.0,-0.0854700854700855,0.17237393654055794,0.08849117374454826,0.18453211431353114,0.03252802925771344
p3_A5_real_s43_cv2,43,2,CV,9,melanophage,0.4,0.4,0.4,5,5,"{""lymphocyte"": 1, ""histiocyte"": 1, ""endothelium"": 1}",lymphocyte,1.0,0.0,10.0,0.0,0.11508483840295526,0.05754378748356889,0.03719084559914055,0.005361359941827443
p3_A5_real_s43_cv2,43,2,CV,9,neutrophil,0.8333333333333334,0.625,0.7142857142857143,8,6,"{""tumor"": 1, ""histiocyte"": 1, ""apoptosis"": 1}",tumor,3.0,-0.25,7.0,-0.1607142857142857,0.20968295626674174,0.08558594561210224,0.22230916401112866,0.0906029779832514
p3_A5_real_s43_cv2,43,2,CV,9,stroma,1.0,0.1,0.18181818181818182,10,1,"{""tumor"": 1, ""histiocyte"": 1, ""epithelium"": 1, ""endothelium"": 6}",endothelium,2.0,-0.39999999999999997,8.0,-0.025641025641025605,0.03730229088608088,0.047003852394433526,0.08445256200129947,0.03718460864482585
p3_A5_real_s43_cv2,43,2,CV,9,epithelium,0.6,0.6,0.6,5,5,"{""tumor"": 1, ""endothelium"": 1}",tumor,3.0,-0.20000000000000007,2.0,-0.054545454545454564,0.20175439893730138,0.04416721929516359,0.046679889574645195,0.03064815371182802
p3_A5_real_s43_cv2,43,2,CV,9,endothelium,0.25,0.8571428571428571,0.3870967741935484,7,24,"{""tumor"": 1}",tumor,5.0,0.0,10.0,0.0,0.32879883754203426,0.13216099573091522,0.12727683808402318,0.07402274596111785
p3_A5_real_s43_cv2,43,2,CV,9,apoptosis,0.2,0.125,0.15384615384615385,8,5,"{""tumor"": 2, ""lymphocyte"": 1, ""plasma_cell"": 2, ""neutrophil"": 1, ""endothelium"": 1}",tumor,10.0,0.0,10.0,0.0,0.1370245239532291,0.11226255234242723,0.04794347181260873,0.07051701808933422
p3_A5_real_s43_cv2,43,2,CV,10,tumor,0.7,0.5833333333333334,0.6363636363636364,24,20,"{""plasma_cell"": 1, ""melanophage"": 3, ""epithelium"": 1, ""endothelium"": 2, ""apoptosis"": 3}",melanophage,9.0,0.0,10.0,0.0,0.07426136229974609,0.04703543165448007,0.0591707681922371,0.02766967376035559
p3_A5_real_s43_cv2,43,2,CV,10,lymphocyte,0.8235294117647058,0.7777777777777778,0.8,18,17,"{""plasma_cell"": 1, ""histiocyte"": 1, ""endothelium"": 1, ""apoptosis"": 1}",plasma_cell,9.0,-0.05555555555555558,9.0,-0.010810810810810811,0.20572746696022956,0.05170240299645282,0.22855602386472876,0.035654526938193876
p3_A5_real_s43_cv2,43,2,CV,10,plasma_cell,0.3333333333333333,0.2857142857142857,0.3076923076923077,7,6,"{""tumor"": 1, ""lymphocyte"": 1, ""endothelium"": 2, ""apoptosis"": 1}",endothelium,2.0,-0.14285714285714285,6.0,-0.025641025641025605,0.07082966862607008,0.045827129928674076,0.08185650399793573,0.03517502169446422
p3_A5_real_s43_cv2,43,2,CV,10,histiocyte,0.5,0.14285714285714285,0.2222222222222222,7,2,"{""lymphocyte"": 1, ""stroma"": 1, ""endothelium"": 2, ""apoptosis"": 2}",endothelium,3.0,-0.42857142857142855,9.0,-0.0854700854700855,0.17237393654055794,0.08849117374454826,0.18453211431353114,0.03252802925771344
p3_A5_real_s43_cv2,43,2,CV,10,melanophage,0.5,0.8,0.6153846153846154,5,8,"{""endothelium"": 1}",endothelium,1.0,0.0,10.0,0.0,0.11508483840295526,0.05754378748356889,0.03719084559914055,0.005361359941827443
p3_A5_real_s43_cv2,43,2,CV,10,neutrophil,0.8333333333333334,0.625,0.7142857142857143,8,6,"{""epithelium"": 1, ""apoptosis"": 2}",apoptosis,3.0,-0.25,7.0,-0.1607142857142857,0.20968295626674174,0.08558594561210224,0.22230916401112866,0.0906029779832514
p3_A5_real_s43_cv2,43,2,CV,10,stroma,0.6666666666666666,0.2,0.3076923076923077,10,3,"{""lymphocyte"": 1, ""melanophage"": 1, ""epithelium"": 1, ""endothelium"": 5}",endothelium,2.0,-0.39999999999999997,8.0,-0.025641025641025605,0.03730229088608088,0.047003852394433526,0.08445256200129947,0.03718460864482585
p3_A5_real_s43_cv2,43,2,CV,10,epithelium,0.5,0.6,0.5454545454545454,5,6,"{""tumor"": 2}",tumor,3.0,-0.20000000000000007,2.0,-0.054545454545454564,0.20175439893730138,0.04416721929516359,0.046679889574645195,0.03064815371182802
p3_A5_real_s43_cv2,43,2,CV,10,endothelium,0.3,0.8571428571428571,0.4444444444444444,7,20,"{""tumor"": 1}",tumor,5.0,0.0,10.0,0.0,0.32879883754203426,0.13216099573091522,0.12727683808402318,0.07402274596111785
p3_A5_real_s43_cv2,43,2,CV,10,apoptosis,0.18181818181818182,0.25,0.21052631578947367,8,11,"{""tumor"": 2, ""plasma_cell"": 2, ""neutrophil"": 1, ""endothelium"": 1}",tumor,10.0,0.0,10.0,0.0,0.1370245239532291,0.11226255234242723,0.04794347181260873,0.07051701808933422
p3_confirm_A5_s17,17,-1,confirmation,1,tumor,0.0,0.0,0.0,39,0,"{""plasma_cell"": 1, ""histiocyte"": 5, ""melanophage"": 5, ""neutrophil"": 5, ""stroma"": 1, ""epithelium"": 2, ""endothelium"": 2, ""apoptosis"": 18}",apoptosis,10.0,0.0,10.0,0.0,0.07426136229974609,0.04703543165448007,0.0591707681922371,0.02766967376035559
p3_confirm_A5_s17,17,-1,confirmation,1,lymphocyte,0.0,0.0,0.0,15,0,"{""plasma_cell"": 1, ""histiocyte"": 4, ""melanophage"": 1, ""neutrophil"": 4, ""endothelium"": 1, ""apoptosis"": 4}",histiocyte,3.0,0.0,6.0,-0.006211180124223614,0.20572746696022956,0.05170240299645282,0.22855602386472876,0.035654526938193876
p3_confirm_A5_s17,17,-1,confirmation,1,plasma_cell,0.4,0.16666666666666666,0.23529411764705882,12,5,"{""histiocyte"": 3, ""melanophage"": 2, ""neutrophil"": 1, ""endothelium"": 1, ""apoptosis"": 3}",histiocyte,4.0,-0.08333333333333326,6.0,-0.10869565217391308,0.07082966862607008,0.045827129928674076,0.08185650399793573,0.03517502169446422
p3_confirm_A5_s17,17,-1,confirmation,1,histiocyte,0.20689655172413793,0.5,0.2926829268292683,12,29,"{""plasma_cell"": 1, ""melanophage"": 1, ""neutrophil"": 1, ""epithelium"": 1, ""endothelium"": 1, ""apoptosis"": 1}",plasma_cell,1.0,-0.33333333333333337,7.0,-0.15000000000000002,0.17237393654055794,0.08849117374454826,0.18453211431353114,0.03252802925771344
p3_confirm_A5_s17,17,-1,confirmation,1,melanophage,0.3684210526315789,0.5833333333333334,0.45161290322580644,12,19,"{""histiocyte"": 2, ""neutrophil"": 1, ""endothelium"": 1, ""apoptosis"": 1}",histiocyte,2.0,-0.08333333333333337,5.0,-0.01814516129032262,0.11508483840295526,0.05754378748356889,0.03719084559914055,0.005361359941827443
p3_confirm_A5_s17,17,-1,confirmation,1,neutrophil,0.3055555555555556,0.9166666666666666,0.4583333333333333,12,36,"{""apoptosis"": 1}",apoptosis,2.0,-0.08333333333333337,9.0,0.0,0.20968295626674174,0.08558594561210224,0.22230916401112866,0.0906029779832514
p3_confirm_A5_s17,17,-1,confirmation,1,stroma,0.3333333333333333,0.08333333333333333,0.13333333333333333,12,3,"{""histiocyte"": 6, ""melanophage"": 1, ""neutrophil"": 2, ""endothelium"": 1, ""apoptosis"": 1}",histiocyte,5.0,-0.16666666666666669,10.0,0.0,0.03730229088608088,0.047003852394433526,0.08445256200129947,0.03718460864482585
p3_confirm_A5_s17,17,-1,confirmation,1,epithelium,0.625,0.4166666666666667,0.5,12,8,"{""melanophage"": 1, ""neutrophil"": 5, ""stroma"": 1}",neutrophil,4.0,0.0,9.0,-0.033333333333333326,0.20175439893730138,0.04416721929516359,0.046679889574645195,0.03064815371182802
p3_confirm_A5_s17,17,-1,confirmation,1,endothelium,0.42857142857142855,0.5,0.46153846153846156,12,14,"{""histiocyte"": 2, ""melanophage"": 1, ""neutrophil"": 2, ""apoptosis"": 1}",histiocyte,4.0,-0.08333333333333337,10.0,0.0,0.32879883754203426,0.13216099573091522,0.12727683808402318,0.07402274596111785
p3_confirm_A5_s17,17,-1,confirmation,1,apoptosis,0.16666666666666666,0.5,0.25,12,36,"{""histiocyte"": 1, ""neutrophil"": 4, ""endothelium"": 1}",neutrophil,1.0,-0.16666666666666669,10.0,0.0,0.1370245239532291,0.11226255234242723,0.04794347181260873,0.07051701808933422
p3_confirm_A5_s17,17,-1,confirmation,2,tumor,0.47619047619047616,0.5128205128205128,0.49382716049382713,39,42,"{""lymphocyte"": 2, ""melanophage"": 4, ""neutrophil"": 3, ""stroma"": 1, ""epithelium"": 6, ""endothelium"": 1, ""apoptosis"": 2}",epithelium,10.0,0.0,10.0,0.0,0.07426136229974609,0.04703543165448007,0.0591707681922371,0.02766967376035559
p3_confirm_A5_s17,17,-1,confirmation,2,lymphocyte,0.3333333333333333,0.26666666666666666,0.2962962962962963,15,12,"{""tumor"": 4, ""histiocyte"": 1, ""melanophage"": 2, ""neutrophil"": 2, ""epithelium"": 1, ""endothelium"": 1}",tumor,3.0,0.0,6.0,-0.006211180124223614,0.20572746696022956,0.05170240299645282,0.22855602386472876,0.035654526938193876
p3_confirm_A5_s17,17,-1,confirmation,2,plasma_cell,1.0,0.16666666666666666,0.2857142857142857,12,2,"{""tumor"": 2, ""lymphocyte"": 3, ""melanophage"": 4, ""stroma"": 1}",melanophage,4.0,-0.08333333333333326,6.0,-0.10869565217391308,0.07082966862607008,0.045827129928674076,0.08185650399793573,0.03517502169446422
p3_confirm_A5_s17,17,-1,confirmation,2,histiocyte,0.25,0.08333333333333333,0.125,12,4,"{""tumor"": 1, ""lymphocyte"": 2, ""melanophage"": 4, ""neutrophil"": 1, ""stroma"": 1, ""epithelium"": 2}",melanophage,1.0,-0.33333333333333337,7.0,-0.15000000000000002,0.17237393654055794,0.08849117374454826,0.18453211431353114,0.03252802925771344
p3_confirm_A5_s17,17,-1,confirmation,2,melanophage,0.3333333333333333,0.8333333333333334,0.47619047619047616,12,30,"{""tumor"": 1, ""endothelium"": 1}",tumor,2.0,-0.08333333333333337,5.0,-0.01814516129032262,0.11508483840295526,0.05754378748356889,0.03719084559914055,0.005361359941827443
p3_confirm_A5_s17,17,-1,confirmation,2,neutrophil,0.48,1.0,0.6486486486486487,12,25,{},none,2.0,-0.08333333333333337,9.0,0.0,0.20968295626674174,0.08558594561210224,0.22230916401112866,0.0906029779832514
p3_confirm_A5_s17,17,-1,confirmation,2,stroma,0.5714285714285714,0.3333333333333333,0.42105263157894735,12,7,"{""tumor"": 2, ""histiocyte"": 2, ""melanophage"": 2, ""neutrophil"": 1, ""epithelium"": 1}",tumor,5.0,-0.16666666666666669,10.0,0.0,0.03730229088608088,0.047003852394433526,0.08445256200129947,0.03718460864482585
p3_confirm_A5_s17,17,-1,confirmation,2,epithelium,0.45,0.75,0.5625,12,20,"{""tumor"": 2, ""neutrophil"": 1}",tumor,4.0,0.0,9.0,-0.033333333333333326,0.20175439893730138,0.04416721929516359,0.046679889574645195,0.03064815371182802
p3_confirm_A5_s17,17,-1,confirmation,2,endothelium,0.5,0.25,0.3333333333333333,12,6,"{""tumor"": 3, ""lymphocyte"": 1, ""melanophage"": 3, ""neutrophil"": 1, ""epithelium"": 1}",tumor,4.0,-0.08333333333333337,10.0,0.0,0.32879883754203426,0.13216099573091522,0.12727683808402318,0.07402274596111785
p3_confirm_A5_s17,17,-1,confirmation,2,apoptosis,0.0,0.0,0.0,12,2,"{""tumor"": 7, ""melanophage"": 1, ""neutrophil"": 4}",tumor,1.0,-0.16666666666666669,10.0,0.0,0.1370245239532291,0.11226255234242723,0.04794347181260873,0.07051701808933422
p3_confirm_A5_s17,17,-1,confirmation,3,tumor,0.5555555555555556,0.5128205128205128,0.5333333333333333,39,36,"{""lymphocyte"": 5, ""plasma_cell"": 2, ""melanophage"": 3, ""neutrophil"": 1, ""stroma"": 2, ""apoptosis"": 6}",apoptosis,10.0,0.0,10.0,0.0,0.07426136229974609,0.04703543165448007,0.0591707681922371,0.02766967376035559
p3_confirm_A5_s17,17,-1,confirmation,3,lymphocyte,0.2857142857142857,0.4,0.3333333333333333,15,21,"{""tumor"": 1, ""plasma_cell"": 2, ""histiocyte"": 1, ""melanophage"": 2, ""stroma"": 3}",stroma,3.0,0.0,6.0,-0.006211180124223614,0.20572746696022956,0.05170240299645282,0.22855602386472876,0.035654526938193876
p3_confirm_A5_s17,17,-1,confirmation,3,plasma_cell,0.45454545454545453,0.4166666666666667,0.43478260869565216,12,11,"{""lymphocyte"": 3, ""melanophage"": 4}",melanophage,4.0,-0.08333333333333326,6.0,-0.10869565217391308,0.07082966862607008,0.045827129928674076,0.08185650399793573,0.03517502169446422
p3_confirm_A5_s17,17,-1,confirmation,3,histiocyte,0.25,0.16666666666666666,0.2,12,8,"{""tumor"": 1, ""lymphocyte"": 4, ""melanophage"": 3, ""stroma"": 1, ""epithelium"": 1}",lymphocyte,1.0,-0.33333333333333337,7.0,-0.15000000000000002,0.17237393654055794,0.08849117374454826,0.18453211431353114,0.03252802925771344
p3_confirm_A5_s17,17,-1,confirmation,3,melanophage,0.391304347826087,0.75,0.5142857142857142,12,23,"{""tumor"": 1, ""histiocyte"": 1, ""stroma"": 1}",tumor,2.0,-0.08333333333333337,5.0,-0.01814516129032262,0.11508483840295526,0.05754378748356889,0.03719084559914055,0.005361359941827443
p3_confirm_A5_s17,17,-1,confirmation,3,neutrophil,0.7333333333333333,0.9166666666666666,0.8148148148148148,12,15,"{""plasma_cell"": 1}",plasma_cell,2.0,-0.08333333333333337,9.0,0.0,0.20968295626674174,0.08558594561210224,0.22230916401112866,0.0906029779832514
p3_confirm_A5_s17,17,-1,confirmation,3,stroma,0.4,0.5,0.4444444444444444,12,15,"{""tumor"": 1, ""histiocyte"": 3, ""melanophage"": 1, ""neutrophil"": 1}",histiocyte,5.0,-0.16666666666666669,10.0,0.0,0.03730229088608088,0.047003852394433526,0.08445256200129947,0.03718460864482585
p3_confirm_A5_s17,17,-1,confirmation,3,epithelium,0.8888888888888888,0.6666666666666666,0.7619047619047619,12,9,"{""tumor"": 3, ""apoptosis"": 1}",tumor,4.0,0.0,9.0,-0.033333333333333326,0.20175439893730138,0.04416721929516359,0.046679889574645195,0.03064815371182802
p3_confirm_A5_s17,17,-1,confirmation,3,endothelium,1.0,0.3333333333333333,0.5,12,4,"{""tumor"": 3, ""lymphocyte"": 2, ""histiocyte"": 1, ""melanophage"": 1, ""stroma"": 1}",tumor,4.0,-0.08333333333333337,10.0,0.0,0.32879883754203426,0.13216099573091522,0.12727683808402318,0.07402274596111785
p3_confirm_A5_s17,17,-1,confirmation,3,apoptosis,0.125,0.08333333333333333,0.1,12,8,"{""tumor"": 6, ""lymphocyte"": 1, ""plasma_cell"": 1, ""neutrophil"": 2, ""stroma"": 1}",tumor,1.0,-0.16666666666666669,10.0,0.0,0.1370245239532291,0.11226255234242723,0.04794347181260873,0.07051701808933422
p3_confirm_A5_s17,17,-1,confirmation,4,tumor,0.875,0.358974358974359,0.509090909090909,39,16,"{""lymphocyte"": 1, ""plasma_cell"": 1, ""melanophage"": 1, ""neutrophil"": 2, ""stroma"": 3, ""epithelium"": 4, ""endothelium"": 6, ""apoptosis"": 7}",apoptosis,10.0,0.0,10.0,0.0,0.07426136229974609,0.04703543165448007,0.0591707681922371,0.02766967376035559
p3_confirm_A5_s17,17,-1,confirmation,4,lymphocyte,0.3333333333333333,0.06666666666666667,0.1111111111111111,15,3,"{""plasma_cell"": 7, ""histiocyte"": 1, ""melanophage"": 2, ""endothelium"": 2, ""apoptosis"": 2}",plasma_cell,3.0,0.0,6.0,-0.006211180124223614,0.20572746696022956,0.05170240299645282,0.22855602386472876,0.035654526938193876
p3_confirm_A5_s17,17,-1,confirmation,4,plasma_cell,0.5,0.6666666666666666,0.5714285714285714,12,16,"{""histiocyte"": 1, ""melanophage"": 3}",melanophage,4.0,-0.08333333333333326,6.0,-0.10869565217391308,0.07082966862607008,0.045827129928674076,0.08185650399793573,0.03517502169446422
p3_confirm_A5_s17,17,-1,confirmation,4,histiocyte,0.3333333333333333,0.3333333333333333,0.3333333333333333,12,12,"{""lymphocyte"": 1, ""melanophage"": 2, ""stroma"": 1, ""epithelium"": 2, ""endothelium"": 1, ""apoptosis"": 1}",melanophage,1.0,-0.33333333333333337,7.0,-0.15000000000000002,0.17237393654055794,0.08849117374454826,0.18453211431353114,0.03252802925771344
p3_confirm_A5_s17,17,-1,confirmation,4,melanophage,0.4444444444444444,0.6666666666666666,0.5333333333333333,12,18,"{""tumor"": 1, ""histiocyte"": 1, ""stroma"": 1, ""endothelium"": 1}",tumor,2.0,-0.08333333333333337,5.0,-0.01814516129032262,0.11508483840295526,0.05754378748356889,0.03719084559914055,0.005361359941827443
p3_confirm_A5_s17,17,-1,confirmation,4,neutrophil,0.6,1.0,0.75,12,20,{},none,2.0,-0.08333333333333337,9.0,0.0,0.20968295626674174,0.08558594561210224,0.22230916401112866,0.0906029779832514
p3_confirm_A5_s17,17,-1,confirmation,4,stroma,0.3,0.25,0.2727272727272727,12,10,"{""histiocyte"": 3, ""melanophage"": 1, ""neutrophil"": 1, ""epithelium"": 1, ""endothelium"": 3}",histiocyte,5.0,-0.16666666666666669,10.0,0.0,0.03730229088608088,0.047003852394433526,0.08445256200129947,0.03718460864482585
p3_confirm_A5_s17,17,-1,confirmation,4,epithelium,0.5555555555555556,0.8333333333333334,0.6666666666666666,12,18,"{""stroma"": 1, ""apoptosis"": 1}",stroma,4.0,0.0,9.0,-0.033333333333333326,0.20175439893730138,0.04416721929516359,0.046679889574645195,0.03064815371182802
p3_confirm_A5_s17,17,-1,confirmation,4,endothelium,0.35,0.5833333333333334,0.4375,12,20,"{""histiocyte"": 2, ""melanophage"": 1, ""epithelium"": 1, ""apoptosis"": 1}",histiocyte,4.0,-0.08333333333333337,10.0,0.0,0.32879883754203426,0.13216099573091522,0.12727683808402318,0.07402274596111785
p3_confirm_A5_s17,17,-1,confirmation,4,apoptosis,0.29411764705882354,0.4166666666666667,0.3448275862068966,12,17,"{""tumor"": 1, ""neutrophil"": 5, ""stroma"": 1}",neutrophil,1.0,-0.16666666666666669,10.0,0.0,0.1370245239532291,0.11226255234242723,0.04794347181260873,0.07051701808933422
p3_confirm_A5_s17,17,-1,confirmation,5,tumor,0.6,0.5384615384615384,0.5675675675675675,39,35,"{""lymphocyte"": 1, ""histiocyte"": 1, ""melanophage"": 1, ""neutrophil"": 2, ""stroma"": 5, ""epithelium"": 3, ""endothelium"": 1, ""apoptosis"": 4}",stroma,10.0,0.0,10.0,0.0,0.07426136229974609,0.04703543165448007,0.0591707681922371,0.02766967376035559
p3_confirm_A5_s17,17,-1,confirmation,5,lymphocyte,0.5555555555555556,0.3333333333333333,0.4166666666666667,15,9,"{""tumor"": 2, ""plasma_cell"": 3, ""melanophage"": 2, ""neutrophil"": 1, ""stroma"": 2}",plasma_cell,3.0,0.0,6.0,-0.006211180124223614,0.20572746696022956,0.05170240299645282,0.22855602386472876,0.035654526938193876
p3_confirm_A5_s17,17,-1,confirmation,5,plasma_cell,0.625,0.4166666666666667,0.5,12,8,"{""tumor"": 1, ""melanophage"": 4, ""stroma"": 2}",melanophage,4.0,-0.08333333333333326,6.0,-0.10869565217391308,0.07082966862607008,0.045827129928674076,0.08185650399793573,0.03517502169446422
p3_confirm_A5_s17,17,-1,confirmation,5,histiocyte,0.4,0.16666666666666666,0.23529411764705882,12,5,"{""tumor"": 2, ""lymphocyte"": 2, ""melanophage"": 2, ""stroma"": 2, ""epithelium"": 2}",tumor,1.0,-0.33333333333333337,7.0,-0.15000000000000002,0.17237393654055794,0.08849117374454826,0.18453211431353114,0.03252802925771344
p3_confirm_A5_s17,17,-1,confirmation,5,melanophage,0.47368421052631576,0.75,0.5806451612903226,12,19,"{""tumor"": 1, ""stroma"": 2}",stroma,2.0,-0.08333333333333337,5.0,-0.01814516129032262,0.11508483840295526,0.05754378748356889,0.03719084559914055,0.005361359941827443
p3_confirm_A5_s17,17,-1,confirmation,5,neutrophil,0.5714285714285714,1.0,0.7272727272727273,12,21,{},none,2.0,-0.08333333333333337,9.0,0.0,0.20968295626674174,0.08558594561210224,0.22230916401112866,0.0906029779832514
p3_confirm_A5_s17,17,-1,confirmation,5,stroma,0.30434782608695654,0.5833333333333334,0.4,12,23,"{""tumor"": 2, ""histiocyte"": 1, ""neutrophil"": 1, ""endothelium"": 1}",tumor,5.0,-0.16666666666666669,10.0,0.0,0.03730229088608088,0.047003852394433526,0.08445256200129947,0.03718460864482585
p3_confirm_A5_s17,17,-1,confirmation,5,epithelium,0.625,0.8333333333333334,0.7142857142857143,12,16,"{""neutrophil"": 1, ""stroma"": 1}",neutrophil,4.0,0.0,9.0,-0.033333333333333326,0.20175439893730138,0.04416721929516359,0.046679889574645195,0.03064815371182802
p3_confirm_A5_s17,17,-1,confirmation,5,endothelium,0.7142857142857143,0.4166666666666667,0.5263157894736842,12,7,"{""tumor"": 1, ""lymphocyte"": 1, ""histiocyte"": 1, ""melanophage"": 1, ""stroma"": 1, ""epithelium"": 1, ""apoptosis"": 1}",tumor,4.0,-0.08333333333333337,10.0,0.0,0.32879883754203426,0.13216099573091522,0.12727683808402318,0.07402274596111785
p3_confirm_A5_s17,17,-1,confirmation,5,apoptosis,0.2857142857142857,0.16666666666666666,0.21052631578947367,12,7,"{""tumor"": 5, ""neutrophil"": 4, ""stroma"": 1}",tumor,1.0,-0.16666666666666669,10.0,0.0,0.1370245239532291,0.11226255234242723,0.04794347181260873,0.07051701808933422
p3_confirm_A5_s17,17,-1,confirmation,6,tumor,0.65,0.6666666666666666,0.6582278481012658,39,40,"{""lymphocyte"": 1, ""histiocyte"": 2, ""melanophage"": 2, ""neutrophil"": 1, ""stroma"": 2, ""epithelium"": 1, ""apoptosis"": 4}",apoptosis,10.0,0.0,10.0,0.0,0.07426136229974609,0.04703543165448007,0.0591707681922371,0.02766967376035559
p3_confirm_A5_s17,17,-1,confirmation,6,lymphocyte,0.625,0.3333333333333333,0.43478260869565216,15,8,"{""tumor"": 1, ""plasma_cell"": 4, ""melanophage"": 2, ""neutrophil"": 1, ""stroma"": 2}",plasma_cell,3.0,0.0,6.0,-0.006211180124223614,0.20572746696022956,0.05170240299645282,0.22855602386472876,0.035654526938193876
p3_confirm_A5_s17,17,-1,confirmation,6,plasma_cell,0.6363636363636364,0.5833333333333334,0.6086956521739131,12,11,"{""tumor"": 1, ""melanophage"": 4}",melanophage,4.0,-0.08333333333333326,6.0,-0.10869565217391308,0.07082966862607008,0.045827129928674076,0.08185650399793573,0.03517502169446422
p3_confirm_A5_s17,17,-1,confirmation,6,histiocyte,0.375,0.25,0.3,12,8,"{""tumor"": 2, ""lymphocyte"": 1, ""melanophage"": 3, ""stroma"": 1, ""epithelium"": 2}",melanophage,1.0,-0.33333333333333337,7.0,-0.15000000000000002,0.17237393654055794,0.08849117374454826,0.18453211431353114,0.03252802925771344
p3_confirm_A5_s17,17,-1,confirmation,6,melanophage,0.4090909090909091,0.75,0.5294117647058824,12,22,"{""tumor"": 1, ""stroma"": 2}",stroma,2.0,-0.08333333333333337,5.0,-0.01814516129032262,0.11508483840295526,0.05754378748356889,0.03719084559914055,0.005361359941827443
p3_confirm_A5_s17,17,-1,confirmation,6,neutrophil,0.7058823529411765,1.0,0.8275862068965517,12,17,{},none,2.0,-0.08333333333333337,9.0,0.0,0.20968295626674174,0.08558594561210224,0.22230916401112866,0.0906029779832514
p3_confirm_A5_s17,17,-1,confirmation,6,stroma,0.4375,0.5833333333333334,0.5,12,16,"{""tumor"": 2, ""histiocyte"": 1, ""neutrophil"": 1, ""endothelium"": 1}",tumor,5.0,-0.16666666666666669,10.0,0.0,0.03730229088608088,0.047003852394433526,0.08445256200129947,0.03718460864482585
p3_confirm_A5_s17,17,-1,confirmation,6,epithelium,0.7142857142857143,0.8333333333333334,0.7692307692307693,12,14,"{""tumor"": 1, ""stroma"": 1}",tumor,4.0,0.0,9.0,-0.033333333333333326,0.20175439893730138,0.04416721929516359,0.046679889574645195,0.03064815371182802
p3_confirm_A5_s17,17,-1,confirmation,6,endothelium,0.8333333333333334,0.4166666666666667,0.5555555555555556,12,6,"{""tumor"": 1, ""lymphocyte"": 1, ""histiocyte"": 2, ""melanophage"": 1, ""epithelium"": 1, ""apoptosis"": 1}",histiocyte,4.0,-0.08333333333333337,10.0,0.0,0.32879883754203426,0.13216099573091522,0.12727683808402318,0.07402274596111785
p3_confirm_A5_s17,17,-1,confirmation,6,apoptosis,0.375,0.25,0.3,12,8,"{""tumor"": 5, ""melanophage"": 1, ""neutrophil"": 2, ""stroma"": 1}",tumor,1.0,-0.16666666666666669,10.0,0.0,0.1370245239532291,0.11226255234242723,0.04794347181260873,0.07051701808933422
p3_confirm_A5_s17,17,-1,confirmation,7,tumor,0.72,0.46153846153846156,0.5625,39,25,"{""lymphocyte"": 1, ""plasma_cell"": 2, ""melanophage"": 2, ""neutrophil"": 2, ""stroma"": 1, ""epithelium"": 1, ""endothelium"": 5, ""apoptosis"": 7}",apoptosis,10.0,0.0,10.0,0.0,0.07426136229974609,0.04703543165448007,0.0591707681922371,0.02766967376035559
p3_confirm_A5_s17,17,-1,confirmation,7,lymphocyte,0.5,0.13333333333333333,0.21052631578947367,15,4,"{""plasma_cell"": 9, ""melanophage"": 2, ""endothelium"": 1, ""apoptosis"": 1}",plasma_cell,3.0,0.0,6.0,-0.006211180124223614,0.20572746696022956,0.05170240299645282,0.22855602386472876,0.035654526938193876
p3_confirm_A5_s17,17,-1,confirmation,7,plasma_cell,0.2916666666666667,0.5833333333333334,0.3888888888888889,12,24,"{""melanophage"": 3, ""stroma"": 1, ""apoptosis"": 1}",melanophage,4.0,-0.08333333333333326,6.0,-0.10869565217391308,0.07082966862607008,0.045827129928674076,0.08185650399793573,0.03517502169446422
p3_confirm_A5_s17,17,-1,confirmation,7,histiocyte,0.5,0.3333333333333333,0.4,12,8,"{""tumor"": 1, ""lymphocyte"": 1, ""melanophage"": 2, ""epithelium"": 2, ""endothelium"": 2}",melanophage,1.0,-0.33333333333333337,7.0,-0.15000000000000002,0.17237393654055794,0.08849117374454826,0.18453211431353114,0.03252802925771344
p3_confirm_A5_s17,17,-1,confirmation,7,melanophage,0.4117647058823529,0.5833333333333334,0.4827586206896552,12,17,"{""tumor"": 2, ""plasma_cell"": 1, ""histiocyte"": 1, ""stroma"": 1}",tumor,2.0,-0.08333333333333337,5.0,-0.01814516129032262,0.11508483840295526,0.05754378748356889,0.03719084559914055,0.005361359941827443
p3_confirm_A5_s17,17,-1,confirmation,7,neutrophil,0.631578947368421,1.0,0.7741935483870968,12,19,{},none,2.0,-0.08333333333333337,9.0,0.0,0.20968295626674174,0.08558594561210224,0.22230916401112866,0.0906029779832514
p3_confirm_A5_s17,17,-1,confirmation,7,stroma,0.25,0.08333333333333333,0.125,12,4,"{""tumor"": 2, ""plasma_cell"": 2, ""histiocyte"": 1, ""neutrophil"": 1, ""endothelium"": 5}",endothelium,5.0,-0.16666666666666669,10.0,0.0,0.03730229088608088,0.047003852394433526,0.08445256200129947,0.03718460864482585
p3_confirm_A5_s17,17,-1,confirmation,7,epithelium,0.7142857142857143,0.8333333333333334,0.7692307692307693,12,14,"{""plasma_cell"": 1, ""neutrophil"": 1}",plasma_cell,4.0,0.0,9.0,-0.033333333333333326,0.20175439893730138,0.04416721929516359,0.046679889574645195,0.03064815371182802
p3_confirm_A5_s17,17,-1,confirmation,7,endothelium,0.3,0.5,0.375,12,20,"{""histiocyte"": 2, ""melanophage"": 1, ""neutrophil"": 1, ""epithelium"": 1, ""apoptosis"": 1}",histiocyte,4.0,-0.08333333333333337,10.0,0.0,0.32879883754203426,0.13216099573091522,0.12727683808402318,0.07402274596111785
p3_confirm_A5_s17,17,-1,confirmation,7,apoptosis,0.3333333333333333,0.4166666666666667,0.37037037037037035,12,15,"{""tumor"": 2, ""plasma_cell"": 2, ""neutrophil"": 2, ""endothelium"": 1}",tumor,1.0,-0.16666666666666669,10.0,0.0,0.1370245239532291,0.11226255234242723,0.04794347181260873,0.07051701808933422
p3_confirm_A5_s17,17,-1,confirmation,8,tumor,0.6341463414634146,0.6666666666666666,0.65,39,41,"{""plasma_cell"": 1, ""melanophage"": 2, ""neutrophil"": 2, ""stroma"": 3, ""endothelium"": 1, ""apoptosis"": 4}",apoptosis,10.0,0.0,10.0,0.0,0.07426136229974609,0.04703543165448007,0.0591707681922371,0.02766967376035559
p3_confirm_A5_s17,17,-1,confirmation,8,lymphocyte,0.45454545454545453,0.3333333333333333,0.38461538461538464,15,11,"{""tumor"": 1, ""plasma_cell"": 3, ""melanophage"": 2, ""stroma"": 1, ""endothelium"": 1, ""apoptosis"": 2}",plasma_cell,3.0,0.0,6.0,-0.006211180124223614,0.20572746696022956,0.05170240299645282,0.22855602386472876,0.035654526938193876
p3_confirm_A5_s17,17,-1,confirmation,8,plasma_cell,0.6,0.5,0.5454545454545454,12,10,"{""tumor"": 1, ""lymphocyte"": 1, ""melanophage"": 3, ""stroma"": 1}",melanophage,4.0,-0.08333333333333326,6.0,-0.10869565217391308,0.07082966862607008,0.045827129928674076,0.08185650399793573,0.03517502169446422
p3_confirm_A5_s17,17,-1,confirmation,8,histiocyte,0.5,0.08333333333333333,0.14285714285714285,12,2,"{""tumor"": 3, ""lymphocyte"": 3, ""melanophage"": 2, ""stroma"": 1, ""epithelium"": 1, ""endothelium"": 1}",tumor,1.0,-0.33333333333333337,7.0,-0.15000000000000002,0.17237393654055794,0.08849117374454826,0.18453211431353114,0.03252802925771344
p3_confirm_A5_s17,17,-1,confirmation,8,melanophage,0.4444444444444444,0.6666666666666666,0.5333333333333333,12,18,"{""tumor"": 2, ""lymphocyte"": 1, ""stroma"": 1}",tumor,2.0,-0.08333333333333337,5.0,-0.01814516129032262,0.11508483840295526,0.05754378748356889,0.03719084559914055,0.005361359941827443
p3_confirm_A5_s17,17,-1,confirmation,8,neutrophil,0.5714285714285714,1.0,0.7272727272727273,12,21,{},none,2.0,-0.08333333333333337,9.0,0.0,0.20968295626674174,0.08558594561210224,0.22230916401112866,0.0906029779832514
p3_confirm_A5_s17,17,-1,confirmation,8,stroma,0.375,0.5,0.42857142857142855,12,16,"{""tumor"": 2, ""lymphocyte"": 1, ""neutrophil"": 1, ""endothelium"": 2}",tumor,5.0,-0.16666666666666669,10.0,0.0,0.03730229088608088,0.047003852394433526,0.08445256200129947,0.03718460864482585
p3_confirm_A5_s17,17,-1,confirmation,8,epithelium,0.9,0.75,0.8181818181818182,12,10,"{""tumor"": 1, ""neutrophil"": 1, ""stroma"": 1}",tumor,4.0,0.0,9.0,-0.033333333333333326,0.20175439893730138,0.04416721929516359,0.046679889574645195,0.03064815371182802
p3_confirm_A5_s17,17,-1,confirmation,8,endothelium,0.5,0.5,0.5,12,12,"{""tumor"": 1, ""histiocyte"": 1, ""melanophage"": 1, ""neutrophil"": 1, ""stroma"": 1, ""apoptosis"": 1}",tumor,4.0,-0.08333333333333337,10.0,0.0,0.32879883754203426,0.13216099573091522,0.12727683808402318,0.07402274596111785
p3_confirm_A5_s17,17,-1,confirmation,8,apoptosis,0.2222222222222222,0.16666666666666666,0.19047619047619047,12,9,"{""tumor"": 4, ""neutrophil"": 4, ""stroma"": 1, ""endothelium"": 1}",tumor,1.0,-0.16666666666666669,10.0,0.0,0.1370245239532291,0.11226255234242723,0.04794347181260873,0.07051701808933422
p3_confirm_A5_s17,17,-1,confirmation,9,tumor,0.6585365853658537,0.6923076923076923,0.675,39,41,"{""lymphocyte"": 1, ""histiocyte"": 1, ""melanophage"": 2, ""stroma"": 1, ""epithelium"": 1, ""endothelium"": 1, ""apoptosis"": 5}",apoptosis,10.0,0.0,10.0,0.0,0.07426136229974609,0.04703543165448007,0.0591707681922371,0.02766967376035559
p3_confirm_A5_s17,17,-1,confirmation,9,lymphocyte,0.42857142857142855,0.4,0.41379310344827586,15,14,"{""tumor"": 3, ""histiocyte"": 1, ""melanophage"": 2, ""stroma"": 1, ""endothelium"": 1, ""apoptosis"": 1}",tumor,3.0,0.0,6.0,-0.006211180124223614,0.20572746696022956,0.05170240299645282,0.22855602386472876,0.035654526938193876
p3_confirm_A5_s17,17,-1,confirmation,9,plasma_cell,1.0,0.4166666666666667,0.5882352941176471,12,5,"{""lymphocyte"": 1, ""melanophage"": 4, ""stroma"": 1, ""apoptosis"": 1}",melanophage,4.0,-0.08333333333333326,6.0,-0.10869565217391308,0.07082966862607008,0.045827129928674076,0.08185650399793573,0.03517502169446422
p3_confirm_A5_s17,17,-1,confirmation,9,histiocyte,0.5,0.25,0.3333333333333333,12,6,"{""tumor"": 3, ""lymphocyte"": 1, ""melanophage"": 3, ""stroma"": 1, ""epithelium"": 1}",tumor,1.0,-0.33333333333333337,7.0,-0.15000000000000002,0.17237393654055794,0.08849117374454826,0.18453211431353114,0.03252802925771344
p3_confirm_A5_s17,17,-1,confirmation,9,melanophage,0.43478260869565216,0.8333333333333334,0.5714285714285714,12,23,"{""tumor"": 1, ""lymphocyte"": 1}",tumor,2.0,-0.08333333333333337,5.0,-0.01814516129032262,0.11508483840295526,0.05754378748356889,0.03719084559914055,0.005361359941827443
p3_confirm_A5_s17,17,-1,confirmation,9,neutrophil,0.7857142857142857,0.9166666666666666,0.8461538461538461,12,14,"{""apoptosis"": 1}",apoptosis,2.0,-0.08333333333333337,9.0,0.0,0.20968295626674174,0.08558594561210224,0.22230916401112866,0.0906029779832514
p3_confirm_A5_s17,17,-1,confirmation,9,stroma,0.4166666666666667,0.4166666666666667,0.4166666666666667,12,12,"{""tumor"": 2, ""lymphocyte"": 3, ""neutrophil"": 1, ""endothelium"": 1}",lymphocyte,5.0,-0.16666666666666669,10.0,0.0,0.03730229088608088,0.047003852394433526,0.08445256200129947,0.03718460864482585
p3_confirm_A5_s17,17,-1,confirmation,9,epithelium,0.8333333333333334,0.8333333333333334,0.8333333333333334,12,12,"{""tumor"": 1, ""stroma"": 1}",tumor,4.0,0.0,9.0,-0.033333333333333326,0.20175439893730138,0.04416721929516359,0.046679889574645195,0.03064815371182802
p3_confirm_A5_s17,17,-1,confirmation,9,endothelium,0.6666666666666666,0.5,0.5714285714285714,12,9,"{""tumor"": 1, ""histiocyte"": 1, ""melanophage"": 2, ""neutrophil"": 1, ""apoptosis"": 1}",melanophage,4.0,-0.08333333333333337,10.0,0.0,0.32879883754203426,0.13216099573091522,0.12727683808402318,0.07402274596111785
p3_confirm_A5_s17,17,-1,confirmation,9,apoptosis,0.35714285714285715,0.4166666666666667,0.38461538461538464,12,14,"{""tumor"": 3, ""lymphocyte"": 1, ""neutrophil"": 1, ""stroma"": 2}",tumor,1.0,-0.16666666666666669,10.0,0.0,0.1370245239532291,0.11226255234242723,0.04794347181260873,0.07051701808933422
p3_confirm_A5_s17,17,-1,confirmation,10,tumor,0.6458333333333334,0.7948717948717948,0.7126436781609196,39,48,"{""lymphocyte"": 1, ""histiocyte"": 1, ""melanophage"": 2, ""epithelium"": 1, ""apoptosis"": 3}",apoptosis,10.0,0.0,10.0,0.0,0.07426136229974609,0.04703543165448007,0.0591707681922371,0.02766967376035559
p3_confirm_A5_s17,17,-1,confirmation,10,lymphocyte,0.46153846153846156,0.4,0.42857142857142855,15,13,"{""tumor"": 2, ""plasma_cell"": 5, ""melanophage"": 2}",plasma_cell,3.0,0.0,6.0,-0.006211180124223614,0.20572746696022956,0.05170240299645282,0.22855602386472876,0.035654526938193876
p3_confirm_A5_s17,17,-1,confirmation,10,plasma_cell,0.4375,0.5833333333333334,0.5,12,16,"{""tumor"": 1, ""melanophage"": 3, ""stroma"": 1}",melanophage,4.0,-0.08333333333333326,6.0,-0.10869565217391308,0.07082966862607008,0.045827129928674076,0.08185650399793573,0.03517502169446422
p3_confirm_A5_s17,17,-1,confirmation,10,histiocyte,0.5,0.16666666666666666,0.25,12,4,"{""tumor"": 3, ""lymphocyte"": 1, ""plasma_cell"": 2, ""melanophage"": 2, ""epithelium"": 1, ""endothelium"": 1}",tumor,1.0,-0.33333333333333337,7.0,-0.15000000000000002,0.17237393654055794,0.08849117374454826,0.18453211431353114,0.03252802925771344
p3_confirm_A5_s17,17,-1,confirmation,10,melanophage,0.45,0.75,0.5625,12,20,"{""tumor"": 2, ""lymphocyte"": 1}",tumor,2.0,-0.08333333333333337,5.0,-0.01814516129032262,0.11508483840295526,0.05754378748356889,0.03719084559914055,0.005361359941827443
p3_confirm_A5_s17,17,-1,confirmation,10,neutrophil,0.7857142857142857,0.9166666666666666,0.8461538461538461,12,14,"{""tumor"": 1}",tumor,2.0,-0.08333333333333337,9.0,0.0,0.20968295626674174,0.08558594561210224,0.22230916401112866,0.0906029779832514
p3_confirm_A5_s17,17,-1,confirmation,10,stroma,0.8333333333333334,0.4166666666666667,0.5555555555555556,12,6,"{""tumor"": 2, ""lymphocyte"": 3, ""neutrophil"": 1, ""endothelium"": 1}",lymphocyte,5.0,-0.16666666666666669,10.0,0.0,0.03730229088608088,0.047003852394433526,0.08445256200129947,0.03718460864482585
p3_confirm_A5_s17,17,-1,confirmation,10,epithelium,0.7692307692307693,0.8333333333333334,0.8,12,13,"{""plasma_cell"": 1, ""neutrophil"": 1}",plasma_cell,4.0,0.0,9.0,-0.033333333333333326,0.20175439893730138,0.04416721929516359,0.046679889574645195,0.03064815371182802
p3_confirm_A5_s17,17,-1,confirmation,10,endothelium,0.75,0.5,0.6,12,8,"{""tumor"": 1, ""histiocyte"": 1, ""melanophage"": 2, ""epithelium"": 1, ""apoptosis"": 1}",melanophage,4.0,-0.08333333333333337,10.0,0.0,0.32879883754203426,0.13216099573091522,0.12727683808402318,0.07402274596111785
p3_confirm_A5_s17,17,-1,confirmation,10,apoptosis,0.5,0.3333333333333333,0.4,12,8,"{""tumor"": 5, ""lymphocyte"": 1, ""plasma_cell"": 1, ""neutrophil"": 1}",tumor,1.0,-0.16666666666666669,10.0,0.0,0.1370245239532291,0.11226255234242723,0.04794347181260873,0.07051701808933422
p3_confirm_A5_s29,29,-1,confirmation,1,tumor,0.6190476190476191,0.3333333333333333,0.43333333333333335,39,21,"{""histiocyte"": 3, ""melanophage"": 6, ""neutrophil"": 4, ""stroma"": 4, ""epithelium"": 6, ""endothelium"": 3}",melanophage,10.0,0.0,7.0,-0.028641975308641987,0.07426136229974609,0.04703543165448007,0.0591707681922371,0.02766967376035559
p3_confirm_A5_s29,29,-1,confirmation,1,lymphocyte,0.0,0.0,0.0,15,0,"{""tumor"": 2, ""histiocyte"": 3, ""melanophage"": 3, ""neutrophil"": 4, ""stroma"": 2, ""epithelium"": 1}",neutrophil,6.0,0.0,7.0,-0.07729468599033817,0.20572746696022956,0.05170240299645282,0.22855602386472876,0.035654526938193876
p3_confirm_A5_s29,29,-1,confirmation,1,plasma_cell,1.0,0.08333333333333333,0.15384615384615385,12,1,"{""tumor"": 1, ""histiocyte"": 1, ""melanophage"": 4, ""neutrophil"": 4, ""endothelium"": 1}",melanophage,2.0,0.0,10.0,0.0,0.07082966862607008,0.045827129928674076,0.08185650399793573,0.03517502169446422
p3_confirm_A5_s29,29,-1,confirmation,1,histiocyte,0.16666666666666666,0.16666666666666666,0.16666666666666666,12,12,"{""tumor"": 1, ""melanophage"": 3, ""neutrophil"": 3, ""epithelium"": 2, ""endothelium"": 1}",melanophage,1.0,0.0,9.0,0.0,0.17237393654055794,0.08849117374454826,0.18453211431353114,0.03252802925771344
p3_confirm_A5_s29,29,-1,confirmation,1,melanophage,0.3125,0.8333333333333334,0.45454545454545453,12,32,"{""tumor"": 1, ""stroma"": 1}",tumor,1.0,-0.08333333333333337,7.0,-0.09127789046653145,0.11508483840295526,0.05754378748356889,0.03719084559914055,0.005361359941827443
p3_confirm_A5_s29,29,-1,confirmation,1,neutrophil,0.2857142857142857,0.8333333333333334,0.425531914893617,12,35,"{""stroma"": 2}",stroma,4.0,0.0,10.0,0.0,0.20968295626674174,0.08558594561210224,0.22230916401112866,0.0906029779832514
p3_confirm_A5_s29,29,-1,confirmation,1,stroma,0.2631578947368421,0.4166666666666667,0.3225806451612903,12,19,"{""histiocyte"": 2, ""melanophage"": 1, ""neutrophil"": 2, ""epithelium"": 1, ""endothelium"": 1}",histiocyte,2.0,-0.25,6.0,-0.07168458781362008,0.03730229088608088,0.047003852394433526,0.08445256200129947,0.03718460864482585
p3_confirm_A5_s29,29,-1,confirmation,1,epithelium,0.45454545454545453,0.8333333333333334,0.5882352941176471,12,22,"{""tumor"": 1, ""neutrophil"": 1}",tumor,1.0,0.0,8.0,-0.16835016835016836,0.20175439893730138,0.04416721929516359,0.046679889574645195,0.03064815371182802
p3_confirm_A5_s29,29,-1,confirmation,1,endothelium,0.25,0.16666666666666666,0.2,12,8,"{""histiocyte"": 1, ""melanophage"": 3, ""neutrophil"": 2, ""stroma"": 4}",stroma,3.0,-0.08333333333333337,6.0,-0.011904761904761973,0.32879883754203426,0.13216099573091522,0.12727683808402318,0.07402274596111785
p3_confirm_A5_s29,29,-1,confirmation,1,apoptosis,0.0,0.0,0.0,12,0,"{""tumor"": 2, ""melanophage"": 2, ""neutrophil"": 5, ""stroma"": 1, ""epithelium"": 2}",neutrophil,8.0,-0.16666666666666669,8.0,-0.02777777777777779,0.1370245239532291,0.11226255234242723,0.04794347181260873,0.07051701808933422
p3_confirm_A5_s29,29,-1,confirmation,2,tumor,0.75,0.07692307692307693,0.13953488372093023,39,4,"{""plasma_cell"": 5, ""melanophage"": 2, ""neutrophil"": 1, ""stroma"": 4, ""epithelium"": 7, ""apoptosis"": 17}",apoptosis,10.0,0.0,7.0,-0.028641975308641987,0.07426136229974609,0.04703543165448007,0.0591707681922371,0.02766967376035559
p3_confirm_A5_s29,29,-1,confirmation,2,lymphocyte,1.0,0.06666666666666667,0.125,15,1,"{""plasma_cell"": 7, ""histiocyte"": 1, ""melanophage"": 2, ""stroma"": 3, ""apoptosis"": 1}",plasma_cell,6.0,0.0,7.0,-0.07729468599033817,0.20572746696022956,0.05170240299645282,0.22855602386472876,0.035654526938193876
p3_confirm_A5_s29,29,-1,confirmation,2,plasma_cell,0.23333333333333334,0.5833333333333334,0.3333333333333333,12,30,"{""melanophage"": 3, ""neutrophil"": 1, ""stroma"": 1}",melanophage,2.0,0.0,10.0,0.0,0.07082966862607008,0.045827129928674076,0.08185650399793573,0.03517502169446422
p3_confirm_A5_s29,29,-1,confirmation,2,histiocyte,0.5,0.08333333333333333,0.14285714285714285,12,2,"{""tumor"": 1, ""plasma_cell"": 3, ""melanophage"": 3, ""stroma"": 2, ""epithelium"": 1, ""apoptosis"": 1}",plasma_cell,1.0,0.0,9.0,0.0,0.17237393654055794,0.08849117374454826,0.18453211431353114,0.03252802925771344
p3_confirm_A5_s29,29,-1,confirmation,2,melanophage,0.4,0.6666666666666666,0.5,12,20,"{""plasma_cell"": 1, ""stroma"": 3}",stroma,1.0,-0.08333333333333337,7.0,-0.09127789046653145,0.11508483840295526,0.05754378748356889,0.03719084559914055,0.005361359941827443
p3_confirm_A5_s29,29,-1,confirmation,2,neutrophil,0.75,0.75,0.75,12,12,"{""stroma"": 1, ""apoptosis"": 2}",apoptosis,4.0,0.0,10.0,0.0,0.20968295626674174,0.08558594561210224,0.22230916401112866,0.0906029779832514
p3_confirm_A5_s29,29,-1,confirmation,2,stroma,0.28125,0.75,0.4090909090909091,12,32,"{""neutrophil"": 1, ""epithelium"": 2}",epithelium,2.0,-0.25,6.0,-0.07168458781362008,0.03730229088608088,0.047003852394433526,0.08445256200129947,0.03718460864482585
p3_confirm_A5_s29,29,-1,confirmation,2,epithelium,0.47619047619047616,0.8333333333333334,0.6060606060606061,12,21,"{""stroma"": 2}",stroma,1.0,0.0,8.0,-0.16835016835016836,0.20175439893730138,0.04416721929516359,0.046679889574645195,0.03064815371182802
p3_confirm_A5_s29,29,-1,confirmation,2,endothelium,1.0,0.08333333333333333,0.15384615384615385,12,1,"{""plasma_cell"": 4, ""melanophage"": 1, ""stroma"": 6}",stroma,3.0,-0.08333333333333337,6.0,-0.011904761904761973,0.32879883754203426,0.13216099573091522,0.12727683808402318,0.07402274596111785
p3_confirm_A5_s29,29,-1,confirmation,2,apoptosis,0.2222222222222222,0.5,0.3076923076923077,12,27,"{""plasma_cell"": 3, ""melanophage"": 1, ""stroma"": 1, ""epithelium"": 1}",plasma_cell,8.0,-0.16666666666666669,8.0,-0.02777777777777779,0.1370245239532291,0.11226255234242723,0.04794347181260873,0.07051701808933422
p3_confirm_A5_s29,29,-1,confirmation,3,tumor,0.6666666666666666,0.5128205128205128,0.5797101449275363,39,30,"{""lymphocyte"": 2, ""plasma_cell"": 1, ""melanophage"": 4, ""neutrophil"": 2, ""stroma"": 3, ""endothelium"": 3, ""apoptosis"": 4}",melanophage,10.0,0.0,7.0,-0.028641975308641987,0.07426136229974609,0.04703543165448007,0.0591707681922371,0.02766967376035559
p3_confirm_A5_s29,29,-1,confirmation,3,lymphocyte,0.3076923076923077,0.26666666666666666,0.2857142857142857,15,13,"{""tumor"": 2, ""plasma_cell"": 3, ""melanophage"": 3, ""stroma"": 3}",plasma_cell,6.0,0.0,7.0,-0.07729468599033817,0.20572746696022956,0.05170240299645282,0.22855602386472876,0.035654526938193876
p3_confirm_A5_s29,29,-1,confirmation,3,plasma_cell,0.4,0.3333333333333333,0.36363636363636365,12,10,"{""lymphocyte"": 2, ""melanophage"": 4, ""neutrophil"": 2}",melanophage,2.0,0.0,10.0,0.0,0.07082966862607008,0.045827129928674076,0.08185650399793573,0.03517502169446422
p3_confirm_A5_s29,29,-1,confirmation,3,histiocyte,0.0,0.0,0.0,12,0,"{""tumor"": 3, ""lymphocyte"": 3, ""melanophage"": 3, ""neutrophil"": 1, ""epithelium"": 1, ""endothelium"": 1}",tumor,1.0,0.0,9.0,0.0,0.17237393654055794,0.08849117374454826,0.18453211431353114,0.03252802925771344
p3_confirm_A5_s29,29,-1,confirmation,3,melanophage,0.3448275862068966,0.8333333333333334,0.4878048780487805,12,29,"{""tumor"": 1, ""endothelium"": 1}",tumor,1.0,-0.08333333333333337,7.0,-0.09127789046653145,0.11508483840295526,0.05754378748356889,0.03719084559914055,0.005361359941827443
p3_confirm_A5_s29,29,-1,confirmation,3,neutrophil,0.5,0.9166666666666666,0.6470588235294118,12,22,"{""apoptosis"": 1}",apoptosis,4.0,0.0,10.0,0.0,0.20968295626674174,0.08558594561210224,0.22230916401112866,0.0906029779832514
p3_confirm_A5_s29,29,-1,confirmation,3,stroma,0.46153846153846156,0.5,0.48,12,13,"{""melanophage"": 2, ""neutrophil"": 1, ""endothelium"": 3}",endothelium,2.0,-0.25,6.0,-0.07168458781362008,0.03730229088608088,0.047003852394433526,0.08445256200129947,0.03718460864482585
p3_confirm_A5_s29,29,-1,confirmation,3,epithelium,0.9,0.75,0.8181818181818182,12,10,"{""tumor"": 1, ""neutrophil"": 2}",neutrophil,1.0,0.0,8.0,-0.16835016835016836,0.20175439893730138,0.04416721929516359,0.046679889574645195,0.03064815371182802
p3_confirm_A5_s29,29,-1,confirmation,3,endothelium,0.4666666666666667,0.5833333333333334,0.5185185185185185,12,15,"{""tumor"": 1, ""lymphocyte"": 2, ""melanophage"": 2}",lymphocyte,3.0,-0.08333333333333337,6.0,-0.011904761904761973,0.32879883754203426,0.13216099573091522,0.12727683808402318,0.07402274596111785
p3_confirm_A5_s29,29,-1,confirmation,3,apoptosis,0.375,0.25,0.3,12,8,"{""tumor"": 2, ""plasma_cell"": 2, ""melanophage"": 1, ""neutrophil"": 3, ""stroma"": 1}",neutrophil,8.0,-0.16666666666666669,8.0,-0.02777777777777779,0.1370245239532291,0.11226255234242723,0.04794347181260873,0.07051701808933422
p3_confirm_A5_s29,29,-1,confirmation,4,tumor,0.627906976744186,0.6923076923076923,0.6585365853658537,39,43,"{""lymphocyte"": 1, ""plasma_cell"": 1, ""histiocyte"": 1, ""melanophage"": 1, ""neutrophil"": 1, ""stroma"": 3, ""epithelium"": 1, ""endothelium"": 2, ""apoptosis"": 1}",stroma,10.0,0.0,7.0,-0.028641975308641987,0.07426136229974609,0.04703543165448007,0.0591707681922371,0.02766967376035559
p3_confirm_A5_s29,29,-1,confirmation,4,lymphocyte,0.375,0.2,0.2608695652173913,15,8,"{""tumor"": 2, ""plasma_cell"": 2, ""histiocyte"": 2, ""melanophage"": 2, ""stroma"": 4}",stroma,6.0,0.0,7.0,-0.07729468599033817,0.20572746696022956,0.05170240299645282,0.22855602386472876,0.035654526938193876
p3_confirm_A5_s29,29,-1,confirmation,4,plasma_cell,0.5,0.3333333333333333,0.4,12,8,"{""tumor"": 2, ""lymphocyte"": 1, ""melanophage"": 2, ""neutrophil"": 1, ""stroma"": 2}",tumor,2.0,0.0,10.0,0.0,0.07082966862607008,0.045827129928674076,0.08185650399793573,0.03517502169446422
p3_confirm_A5_s29,29,-1,confirmation,4,histiocyte,0.16666666666666666,0.08333333333333333,0.1111111111111111,12,6,"{""tumor"": 4, ""lymphocyte"": 2, ""melanophage"": 2, ""stroma"": 1, ""epithelium"": 1, ""endothelium"": 1}",tumor,1.0,0.0,9.0,0.0,0.17237393654055794,0.08849117374454826,0.18453211431353114,0.03252802925771344
p3_confirm_A5_s29,29,-1,confirmation,4,melanophage,0.47058823529411764,0.6666666666666666,0.5517241379310345,12,17,"{""tumor"": 1, ""stroma"": 3}",stroma,1.0,-0.08333333333333337,7.0,-0.09127789046653145,0.11508483840295526,0.05754378748356889,0.03719084559914055,0.005361359941827443
p3_confirm_A5_s29,29,-1,confirmation,4,neutrophil,0.631578947368421,1.0,0.7741935483870968,12,19,{},none,4.0,0.0,10.0,0.0,0.20968295626674174,0.08558594561210224,0.22230916401112866,0.0906029779832514
p3_confirm_A5_s29,29,-1,confirmation,4,stroma,0.34615384615384615,0.75,0.47368421052631576,12,26,"{""melanophage"": 1, ""neutrophil"": 1, ""endothelium"": 1}",melanophage,2.0,-0.25,6.0,-0.07168458781362008,0.03730229088608088,0.047003852394433526,0.08445256200129947,0.03718460864482585
p3_confirm_A5_s29,29,-1,confirmation,4,epithelium,0.8181818181818182,0.75,0.782608695652174,12,11,"{""tumor"": 1, ""stroma"": 2}",stroma,1.0,0.0,8.0,-0.16835016835016836,0.20175439893730138,0.04416721929516359,0.046679889574645195,0.03064815371182802
p3_confirm_A5_s29,29,-1,confirmation,4,endothelium,0.6,0.5,0.5454545454545454,12,10,"{""tumor"": 1, ""lymphocyte"": 1, ""histiocyte"": 2, ""melanophage"": 1, ""stroma"": 1}",histiocyte,3.0,-0.08333333333333337,6.0,-0.011904761904761973,0.32879883754203426,0.13216099573091522,0.12727683808402318,0.07402274596111785
p3_confirm_A5_s29,29,-1,confirmation,4,apoptosis,0.5,0.08333333333333333,0.14285714285714285,12,2,"{""tumor"": 5, ""plasma_cell"": 1, ""neutrophil"": 4, ""stroma"": 1}",tumor,8.0,-0.16666666666666669,8.0,-0.02777777777777779,0.1370245239532291,0.11226255234242723,0.04794347181260873,0.07051701808933422
p3_confirm_A5_s29,29,-1,confirmation,5,tumor,0.7142857142857143,0.5128205128205128,0.5970149253731343,39,28,"{""histiocyte"": 4, ""melanophage"": 1, ""neutrophil"": 1, ""stroma"": 2, ""epithelium"": 6, ""endothelium"": 2, ""apoptosis"": 3}",epithelium,10.0,0.0,7.0,-0.028641975308641987,0.07426136229974609,0.04703543165448007,0.0591707681922371,0.02766967376035559
p3_confirm_A5_s29,29,-1,confirmation,5,lymphocyte,0.75,0.2,0.3157894736842105,15,4,"{""tumor"": 1, ""plasma_cell"": 3, ""histiocyte"": 3, ""melanophage"": 2, ""stroma"": 3}",plasma_cell,6.0,0.0,7.0,-0.07729468599033817,0.20572746696022956,0.05170240299645282,0.22855602386472876,0.035654526938193876
p3_confirm_A5_s29,29,-1,confirmation,5,plasma_cell,0.5,0.5833333333333334,0.5384615384615384,12,14,"{""histiocyte"": 1, ""melanophage"": 4}",melanophage,2.0,0.0,10.0,0.0,0.07082966862607008,0.045827129928674076,0.08185650399793573,0.03517502169446422
p3_confirm_A5_s29,29,-1,confirmation,5,histiocyte,0.14285714285714285,0.16666666666666666,0.15384615384615385,12,14,"{""tumor"": 4, ""lymphocyte"": 1, ""melanophage"": 2, ""stroma"": 1, ""epithelium"": 1, ""endothelium"": 1}",tumor,1.0,0.0,9.0,0.0,0.17237393654055794,0.08849117374454826,0.18453211431353114,0.03252802925771344
p3_confirm_A5_s29,29,-1,confirmation,5,melanophage,0.4444444444444444,0.6666666666666666,0.5333333333333333,12,18,"{""tumor"": 1, ""histiocyte"": 1, ""stroma"": 2}",stroma,1.0,-0.08333333333333337,7.0,-0.09127789046653145,0.11508483840295526,0.05754378748356889,0.03719084559914055,0.005361359941827443
p3_confirm_A5_s29,29,-1,confirmation,5,neutrophil,0.7857142857142857,0.9166666666666666,0.8461538461538461,12,14,"{""plasma_cell"": 1}",plasma_cell,4.0,0.0,10.0,0.0,0.20968295626674174,0.08558594561210224,0.22230916401112866,0.0906029779832514
p3_confirm_A5_s29,29,-1,confirmation,5,stroma,0.4,0.6666666666666666,0.5,12,20,"{""histiocyte"": 1, ""neutrophil"": 1, ""epithelium"": 1, ""endothelium"": 1}",histiocyte,2.0,-0.25,6.0,-0.07168458781362008,0.03730229088608088,0.047003852394433526,0.08445256200129947,0.03718460864482585
p3_confirm_A5_s29,29,-1,confirmation,5,epithelium,0.5263157894736842,0.8333333333333334,0.6451612903225806,12,19,"{""stroma"": 2}",stroma,1.0,0.0,8.0,-0.16835016835016836,0.20175439893730138,0.04416721929516359,0.046679889574645195,0.03064815371182802
p3_confirm_A5_s29,29,-1,confirmation,5,endothelium,0.5555555555555556,0.4166666666666667,0.47619047619047616,12,9,"{""tumor"": 1, ""histiocyte"": 2, ""melanophage"": 1, ""stroma"": 1, ""epithelium"": 1, ""apoptosis"": 1}",histiocyte,3.0,-0.08333333333333337,6.0,-0.011904761904761973,0.32879883754203426,0.13216099573091522,0.12727683808402318,0.07402274596111785
p3_confirm_A5_s29,29,-1,confirmation,5,apoptosis,0.6,0.5,0.5454545454545454,12,10,"{""tumor"": 1, ""plasma_cell"": 3, ""neutrophil"": 1, ""stroma"": 1}",plasma_cell,8.0,-0.16666666666666669,8.0,-0.02777777777777779,0.1370245239532291,0.11226255234242723,0.04794347181260873,0.07051701808933422
p3_confirm_A5_s29,29,-1,confirmation,6,tumor,0.7222222222222222,0.6666666666666666,0.6933333333333334,39,36,"{""lymphocyte"": 1, ""histiocyte"": 2, ""melanophage"": 1, ""neutrophil"": 1, ""stroma"": 2, ""epithelium"": 3, ""endothelium"": 2, ""apoptosis"": 1}",epithelium,10.0,0.0,7.0,-0.028641975308641987,0.07426136229974609,0.04703543165448007,0.0591707681922371,0.02766967376035559
p3_confirm_A5_s29,29,-1,confirmation,6,lymphocyte,0.5,0.4,0.4444444444444444,15,12,"{""tumor"": 1, ""plasma_cell"": 2, ""melanophage"": 2, ""neutrophil"": 1, ""stroma"": 3}",stroma,6.0,0.0,7.0,-0.07729468599033817,0.20572746696022956,0.05170240299645282,0.22855602386472876,0.035654526938193876
p3_confirm_A5_s29,29,-1,confirmation,6,plasma_cell,0.5,0.25,0.3333333333333333,12,6,"{""tumor"": 1, ""lymphocyte"": 2, ""histiocyte"": 1, ""melanophage"": 4, ""neutrophil"": 1}",melanophage,2.0,0.0,10.0,0.0,0.07082966862607008,0.045827129928674076,0.08185650399793573,0.03517502169446422
p3_confirm_A5_s29,29,-1,confirmation,6,histiocyte,0.3333333333333333,0.16666666666666666,0.2222222222222222,12,6,"{""tumor"": 4, ""lymphocyte"": 1, ""melanophage"": 2, ""stroma"": 1, ""epithelium"": 1, ""endothelium"": 1}",tumor,1.0,0.0,9.0,0.0,0.17237393654055794,0.08849117374454826,0.18453211431353114,0.03252802925771344
p3_confirm_A5_s29,29,-1,confirmation,6,melanophage,0.47619047619047616,0.8333333333333334,0.6060606060606061,12,21,"{""tumor"": 1, ""stroma"": 1}",tumor,1.0,-0.08333333333333337,7.0,-0.09127789046653145,0.11508483840295526,0.05754378748356889,0.03719084559914055,0.005361359941827443
p3_confirm_A5_s29,29,-1,confirmation,6,neutrophil,0.6,1.0,0.75,12,20,{},none,4.0,0.0,10.0,0.0,0.20968295626674174,0.08558594561210224,0.22230916401112866,0.0906029779832514
p3_confirm_A5_s29,29,-1,confirmation,6,stroma,0.42105263157894735,0.6666666666666666,0.5161290322580645,12,19,"{""melanophage"": 1, ""neutrophil"": 1, ""endothelium"": 2}",endothelium,2.0,-0.25,6.0,-0.07168458781362008,0.03730229088608088,0.047003852394433526,0.08445256200129947,0.03718460864482585
p3_confirm_A5_s29,29,-1,confirmation,6,epithelium,0.7142857142857143,0.8333333333333334,0.7692307692307693,12,14,"{""stroma"": 2}",stroma,1.0,0.0,8.0,-0.16835016835016836,0.20175439893730138,0.04416721929516359,0.046679889574645195,0.03064815371182802
p3_confirm_A5_s29,29,-1,confirmation,6,endothelium,0.5833333333333334,0.5833333333333334,0.5833333333333334,12,12,"{""tumor"": 1, ""lymphocyte"": 1, ""histiocyte"": 1, ""melanophage"": 1, ""stroma"": 1}",tumor,3.0,-0.08333333333333337,6.0,-0.011904761904761973,0.32879883754203426,0.13216099573091522,0.12727683808402318,0.07402274596111785
p3_confirm_A5_s29,29,-1,confirmation,6,apoptosis,0.75,0.25,0.375,12,4,"{""tumor"": 2, ""lymphocyte"": 1, ""plasma_cell"": 1, ""neutrophil"": 4, ""stroma"": 1}",neutrophil,8.0,-0.16666666666666669,8.0,-0.02777777777777779,0.1370245239532291,0.11226255234242723,0.04794347181260873,0.07051701808933422
p3_confirm_A5_s29,29,-1,confirmation,7,tumor,0.75,0.6923076923076923,0.72,39,36,"{""histiocyte"": 2, ""melanophage"": 1, ""stroma"": 3, ""epithelium"": 1, ""endothelium"": 3, ""apoptosis"": 2}",stroma,10.0,0.0,7.0,-0.028641975308641987,0.07426136229974609,0.04703543165448007,0.0591707681922371,0.02766967376035559
p3_confirm_A5_s29,29,-1,confirmation,7,lymphocyte,0.75,0.4,0.5217391304347826,15,8,"{""tumor"": 1, ""plasma_cell"": 2, ""histiocyte"": 1, ""melanophage"": 1, ""neutrophil"": 2, ""stroma"": 2}",plasma_cell,6.0,0.0,7.0,-0.07729468599033817,0.20572746696022956,0.05170240299645282,0.22855602386472876,0.035654526938193876
p3_confirm_A5_s29,29,-1,confirmation,7,plasma_cell,0.6666666666666666,0.5,0.5714285714285714,12,9,"{""tumor"": 1, ""lymphocyte"": 1, ""melanophage"": 3, ""stroma"": 1}",melanophage,2.0,0.0,10.0,0.0,0.07082966862607008,0.045827129928674076,0.08185650399793573,0.03517502169446422
p3_confirm_A5_s29,29,-1,confirmation,7,histiocyte,0.3333333333333333,0.16666666666666666,0.2222222222222222,12,6,"{""tumor"": 4, ""lymphocyte"": 1, ""melanophage"": 2, ""stroma"": 2, ""endothelium"": 1}",tumor,1.0,0.0,9.0,0.0,0.17237393654055794,0.08849117374454826,0.18453211431353114,0.03252802925771344
p3_confirm_A5_s29,29,-1,confirmation,7,melanophage,0.5294117647058824,0.75,0.6206896551724138,12,17,"{""tumor"": 1, ""stroma"": 2}",stroma,1.0,-0.08333333333333337,7.0,-0.09127789046653145,0.11508483840295526,0.05754378748356889,0.03719084559914055,0.005361359941827443
p3_confirm_A5_s29,29,-1,confirmation,7,neutrophil,0.6666666666666666,1.0,0.8,12,18,{},none,4.0,0.0,10.0,0.0,0.20968295626674174,0.08558594561210224,0.22230916401112866,0.0906029779832514
p3_confirm_A5_s29,29,-1,confirmation,7,stroma,0.391304347826087,0.75,0.5142857142857142,12,23,"{""neutrophil"": 1, ""endothelium"": 2}",endothelium,2.0,-0.25,6.0,-0.07168458781362008,0.03730229088608088,0.047003852394433526,0.08445256200129947,0.03718460864482585
p3_confirm_A5_s29,29,-1,confirmation,7,epithelium,0.9090909090909091,0.8333333333333334,0.8695652173913043,12,11,"{""stroma"": 2}",stroma,1.0,0.0,8.0,-0.16835016835016836,0.20175439893730138,0.04416721929516359,0.046679889574645195,0.03064815371182802
p3_confirm_A5_s29,29,-1,confirmation,7,endothelium,0.5384615384615384,0.5833333333333334,0.56,12,13,"{""tumor"": 1, ""histiocyte"": 1, ""melanophage"": 1, ""stroma"": 1, ""apoptosis"": 1}",tumor,3.0,-0.08333333333333337,6.0,-0.011904761904761973,0.32879883754203426,0.13216099573091522,0.12727683808402318,0.07402274596111785
p3_confirm_A5_s29,29,-1,confirmation,7,apoptosis,0.6666666666666666,0.5,0.5714285714285714,12,9,"{""tumor"": 1, ""plasma_cell"": 1, ""neutrophil"": 3, ""stroma"": 1}",neutrophil,8.0,-0.16666666666666669,8.0,-0.02777777777777779,0.1370245239532291,0.11226255234242723,0.04794347181260873,0.07051701808933422
p3_confirm_A5_s29,29,-1,confirmation,8,tumor,0.7297297297297297,0.6923076923076923,0.7105263157894737,39,37,"{""plasma_cell"": 1, ""histiocyte"": 3, ""melanophage"": 1, ""stroma"": 3, ""endothelium"": 2, ""apoptosis"": 2}",histiocyte,10.0,0.0,7.0,-0.028641975308641987,0.07426136229974609,0.04703543165448007,0.0591707681922371,0.02766967376035559
p3_confirm_A5_s29,29,-1,confirmation,8,lymphocyte,0.5454545454545454,0.4,0.46153846153846156,15,11,"{""tumor"": 1, ""plasma_cell"": 5, ""melanophage"": 1, ""endothelium"": 1, ""apoptosis"": 1}",plasma_cell,6.0,0.0,7.0,-0.07729468599033817,0.20572746696022956,0.05170240299645282,0.22855602386472876,0.035654526938193876
p3_confirm_A5_s29,29,-1,confirmation,8,plasma_cell,0.4375,0.5833333333333334,0.5,12,16,"{""tumor"": 1, ""melanophage"": 3, ""stroma"": 1}",melanophage,2.0,0.0,10.0,0.0,0.07082966862607008,0.045827129928674076,0.08185650399793573,0.03517502169446422
p3_confirm_A5_s29,29,-1,confirmation,8,histiocyte,0.2857142857142857,0.16666666666666666,0.21052631578947367,12,7,"{""tumor"": 3, ""lymphocyte"": 1, ""melanophage"": 2, ""stroma"": 1, ""endothelium"": 2, ""apoptosis"": 1}",tumor,1.0,0.0,9.0,0.0,0.17237393654055794,0.08849117374454826,0.18453211431353114,0.03252802925771344
p3_confirm_A5_s29,29,-1,confirmation,8,melanophage,0.4666666666666667,0.5833333333333334,0.5185185185185185,12,15,"{""tumor"": 1, ""lymphocyte"": 1, ""plasma_cell"": 1, ""histiocyte"": 1, ""stroma"": 1}",tumor,1.0,-0.08333333333333337,7.0,-0.09127789046653145,0.11508483840295526,0.05754378748356889,0.03719084559914055,0.005361359941827443
p3_confirm_A5_s29,29,-1,confirmation,8,neutrophil,0.8461538461538461,0.9166666666666666,0.88,12,13,"{""plasma_cell"": 1}",plasma_cell,4.0,0.0,10.0,0.0,0.20968295626674174,0.08558594561210224,0.22230916401112866,0.0906029779832514
p3_confirm_A5_s29,29,-1,confirmation,8,stroma,0.35714285714285715,0.4166666666666667,0.38461538461538464,12,14,"{""tumor"": 1, ""lymphocyte"": 2, ""neutrophil"": 1, ""endothelium"": 3}",endothelium,2.0,-0.25,6.0,-0.07168458781362008,0.03730229088608088,0.047003852394433526,0.08445256200129947,0.03718460864482585
p3_confirm_A5_s29,29,-1,confirmation,8,epithelium,1.0,0.8333333333333334,0.9090909090909091,12,10,"{""tumor"": 1, ""stroma"": 1}",tumor,1.0,0.0,8.0,-0.16835016835016836,0.20175439893730138,0.04416721929516359,0.046679889574645195,0.03064815371182802
p3_confirm_A5_s29,29,-1,confirmation,8,endothelium,0.4666666666666667,0.5833333333333334,0.5185185185185185,12,15,"{""tumor"": 1, ""histiocyte"": 1, ""melanophage"": 1, ""stroma"": 1, ""apoptosis"": 1}",tumor,3.0,-0.08333333333333337,6.0,-0.011904761904761973,0.32879883754203426,0.13216099573091522,0.12727683808402318,0.07402274596111785
p3_confirm_A5_s29,29,-1,confirmation,8,apoptosis,0.5833333333333334,0.5833333333333334,0.5833333333333334,12,12,"{""tumor"": 1, ""lymphocyte"": 1, ""plasma_cell"": 1, ""neutrophil"": 1, ""stroma"": 1}",tumor,8.0,-0.16666666666666669,8.0,-0.02777777777777779,0.1370245239532291,0.11226255234242723,0.04794347181260873,0.07051701808933422
p3_confirm_A5_s29,29,-1,confirmation,9,tumor,0.6842105263157895,0.6666666666666666,0.6753246753246753,39,38,"{""plasma_cell"": 1, ""melanophage"": 1, ""stroma"": 2, ""epithelium"": 4, ""endothelium"": 2, ""apoptosis"": 3}",epithelium,10.0,0.0,7.0,-0.028641975308641987,0.07426136229974609,0.04703543165448007,0.0591707681922371,0.02766967376035559
p3_confirm_A5_s29,29,-1,confirmation,9,lymphocyte,0.5454545454545454,0.4,0.46153846153846156,15,11,"{""tumor"": 1, ""plasma_cell"": 5, ""melanophage"": 1, ""neutrophil"": 1, ""endothelium"": 1}",plasma_cell,6.0,0.0,7.0,-0.07729468599033817,0.20572746696022956,0.05170240299645282,0.22855602386472876,0.035654526938193876
p3_confirm_A5_s29,29,-1,confirmation,9,plasma_cell,0.4666666666666667,0.5833333333333334,0.5185185185185185,12,15,"{""tumor"": 1, ""melanophage"": 3, ""stroma"": 1}",melanophage,2.0,0.0,10.0,0.0,0.07082966862607008,0.045827129928674076,0.08185650399793573,0.03517502169446422
p3_confirm_A5_s29,29,-1,confirmation,9,histiocyte,0.6666666666666666,0.16666666666666666,0.26666666666666666,12,3,"{""tumor"": 3, ""lymphocyte"": 1, ""melanophage"": 2, ""epithelium"": 1, ""endothelium"": 2, ""apoptosis"": 1}",tumor,1.0,0.0,9.0,0.0,0.17237393654055794,0.08849117374454826,0.18453211431353114,0.03252802925771344
p3_confirm_A5_s29,29,-1,confirmation,9,melanophage,0.5294117647058824,0.75,0.6206896551724138,12,17,"{""tumor"": 1, ""lymphocyte"": 1, ""plasma_cell"": 1}",tumor,1.0,-0.08333333333333337,7.0,-0.09127789046653145,0.11508483840295526,0.05754378748356889,0.03719084559914055,0.005361359941827443
p3_confirm_A5_s29,29,-1,confirmation,9,neutrophil,0.7058823529411765,1.0,0.8275862068965517,12,17,{},none,4.0,0.0,10.0,0.0,0.20968295626674174,0.08558594561210224,0.22230916401112866,0.0906029779832514
p3_confirm_A5_s29,29,-1,confirmation,9,stroma,0.5714285714285714,0.3333333333333333,0.42105263157894735,12,7,"{""tumor"": 1, ""lymphocyte"": 3, ""neutrophil"": 1, ""endothelium"": 3}",lymphocyte,2.0,-0.25,6.0,-0.07168458781362008,0.03730229088608088,0.047003852394433526,0.08445256200129947,0.03718460864482585
p3_confirm_A5_s29,29,-1,confirmation,9,epithelium,0.625,0.8333333333333334,0.7142857142857143,12,16,"{""tumor"": 1, ""neutrophil"": 1}",tumor,1.0,0.0,8.0,-0.16835016835016836,0.20175439893730138,0.04416721929516359,0.046679889574645195,0.03064815371182802
p3_confirm_A5_s29,29,-1,confirmation,9,endothelium,0.42857142857142855,0.5,0.46153846153846156,12,14,"{""tumor"": 2, ""histiocyte"": 1, ""melanophage"": 1, ""epithelium"": 1, ""apoptosis"": 1}",tumor,3.0,-0.08333333333333337,6.0,-0.011904761904761973,0.32879883754203426,0.13216099573091522,0.12727683808402318,0.07402274596111785
p3_confirm_A5_s29,29,-1,confirmation,9,apoptosis,0.5833333333333334,0.5833333333333334,0.5833333333333334,12,12,"{""tumor"": 2, ""plasma_cell"": 1, ""neutrophil"": 2}",tumor,8.0,-0.16666666666666669,8.0,-0.02777777777777779,0.1370245239532291,0.11226255234242723,0.04794347181260873,0.07051701808933422
p3_confirm_A5_s29,29,-1,confirmation,10,tumor,0.6666666666666666,0.717948717948718,0.691358024691358,39,42,"{""plasma_cell"": 2, ""melanophage"": 2, ""stroma"": 3, ""epithelium"": 2, ""endothelium"": 2}",stroma,10.0,0.0,7.0,-0.028641975308641987,0.07426136229974609,0.04703543165448007,0.0591707681922371,0.02766967376035559
p3_confirm_A5_s29,29,-1,confirmation,10,lymphocyte,0.5,0.4,0.4444444444444444,15,12,"{""tumor"": 3, ""plasma_cell"": 2, ""melanophage"": 2, ""stroma"": 2}",tumor,6.0,0.0,7.0,-0.07729468599033817,0.20572746696022956,0.05170240299645282,0.22855602386472876,0.035654526938193876
p3_confirm_A5_s29,29,-1,confirmation,10,plasma_cell,0.6363636363636364,0.5833333333333334,0.6086956521739131,12,11,"{""tumor"": 1, ""melanophage"": 3, ""stroma"": 1}",melanophage,2.0,0.0,10.0,0.0,0.07082966862607008,0.045827129928674076,0.08185650399793573,0.03517502169446422
p3_confirm_A5_s29,29,-1,confirmation,10,histiocyte,0.6666666666666666,0.16666666666666666,0.26666666666666666,12,3,"{""tumor"": 3, ""lymphocyte"": 1, ""melanophage"": 4, ""stroma"": 1, ""epithelium"": 1}",melanophage,1.0,0.0,9.0,0.0,0.17237393654055794,0.08849117374454826,0.18453211431353114,0.03252802925771344
p3_confirm_A5_s29,29,-1,confirmation,10,melanophage,0.4090909090909091,0.75,0.5294117647058824,12,22,"{""tumor"": 2, ""lymphocyte"": 1}",tumor,1.0,-0.08333333333333337,7.0,-0.09127789046653145,0.11508483840295526,0.05754378748356889,0.03719084559914055,0.005361359941827443
p3_confirm_A5_s29,29,-1,confirmation,10,neutrophil,0.8,1.0,0.8888888888888888,12,15,{},none,4.0,0.0,10.0,0.0,0.20968295626674174,0.08558594561210224,0.22230916401112866,0.0906029779832514
p3_confirm_A5_s29,29,-1,confirmation,10,stroma,0.4,0.5,0.4444444444444444,12,15,"{""tumor"": 1, ""lymphocyte"": 3, ""neutrophil"": 1, ""endothelium"": 1}",lymphocyte,2.0,-0.25,6.0,-0.07168458781362008,0.03730229088608088,0.047003852394433526,0.08445256200129947,0.03718460864482585
p3_confirm_A5_s29,29,-1,confirmation,10,epithelium,0.6666666666666666,0.8333333333333334,0.7407407407407407,12,15,"{""tumor"": 1, ""stroma"": 1}",tumor,1.0,0.0,8.0,-0.16835016835016836,0.20175439893730138,0.04416721929516359,0.046679889574645195,0.03064815371182802
p3_confirm_A5_s29,29,-1,confirmation,10,endothelium,0.6666666666666666,0.5,0.5714285714285714,12,9,"{""tumor"": 1, ""histiocyte"": 1, ""melanophage"": 2, ""epithelium"": 1, ""apoptosis"": 1}",melanophage,3.0,-0.08333333333333337,6.0,-0.011904761904761973,0.32879883754203426,0.13216099573091522,0.12727683808402318,0.07402274596111785
p3_confirm_A5_s29,29,-1,confirmation,10,apoptosis,0.8333333333333334,0.4166666666666667,0.5555555555555556,12,6,"{""tumor"": 2, ""lymphocyte"": 1, ""neutrophil"": 2, ""stroma"": 1, ""epithelium"": 1}",tumor,8.0,-0.16666666666666669,8.0,-0.02777777777777779,0.1370245239532291,0.11226255234242723,0.04794347181260873,0.07051701808933422
p3_confirm_A5_s43,43,-1,confirmation,1,tumor,0.5,0.3333333333333333,0.4,39,26,"{""lymphocyte"": 1, ""plasma_cell"": 8, ""melanophage"": 6, ""epithelium"": 10, ""endothelium"": 1}",epithelium,6.0,-0.05128205128205121,10.0,0.0,0.07426136229974609,0.04703543165448007,0.0591707681922371,0.02766967376035559
p3_confirm_A5_s43,43,-1,confirmation,1,lymphocyte,0.25,0.06666666666666667,0.10526315789473684,15,4,"{""tumor"": 5, ""plasma_cell"": 4, ""melanophage"": 3, ""epithelium"": 2}",tumor,10.0,0.0,10.0,0.0,0.20572746696022956,0.05170240299645282,0.22855602386472876,0.035654526938193876
p3_confirm_A5_s43,43,-1,confirmation,1,plasma_cell,0.24,0.5,0.32432432432432434,12,25,"{""melanophage"": 5, ""epithelium"": 1}",melanophage,2.0,-0.16666666666666669,10.0,0.0,0.07082966862607008,0.045827129928674076,0.08185650399793573,0.03517502169446422
p3_confirm_A5_s43,43,-1,confirmation,1,histiocyte,0.0,0.0,0.0,12,0,"{""tumor"": 1, ""lymphocyte"": 2, ""melanophage"": 4, ""epithelium"": 4, ""endothelium"": 1}",melanophage,10.0,0.0,10.0,0.0,0.17237393654055794,0.08849117374454826,0.18453211431353114,0.03252802925771344
p3_confirm_A5_s43,43,-1,confirmation,1,melanophage,0.2682926829268293,0.9166666666666666,0.41509433962264153,12,41,"{""epithelium"": 1}",epithelium,1.0,-0.33333333333333326,5.0,-0.08754208754208759,0.11508483840295526,0.05754378748356889,0.03719084559914055,0.005361359941827443
p3_confirm_A5_s43,43,-1,confirmation,1,neutrophil,1.0,0.16666666666666666,0.2857142857142857,12,2,"{""tumor"": 3, ""plasma_cell"": 2, ""melanophage"": 1, ""epithelium"": 2, ""apoptosis"": 2}",tumor,3.0,0.0,5.0,0.0,0.20968295626674174,0.08558594561210224,0.22230916401112866,0.0906029779832514
p3_confirm_A5_s43,43,-1,confirmation,1,stroma,0.0,0.0,0.0,12,0,"{""plasma_cell"": 1, ""melanophage"": 6, ""epithelium"": 1, ""endothelium"": 2, ""apoptosis"": 2}",melanophage,2.0,0.0,10.0,0.0,0.03730229088608088,0.047003852394433526,0.08445256200129947,0.03718460864482585
p3_confirm_A5_s43,43,-1,confirmation,1,epithelium,0.3157894736842105,1.0,0.48,12,38,{},none,1.0,-0.16666666666666663,10.0,0.0,0.20175439893730138,0.04416721929516359,0.046679889574645195,0.03064815371182802
p3_confirm_A5_s43,43,-1,confirmation,1,endothelium,0.125,0.08333333333333333,0.1,12,8,"{""tumor"": 2, ""plasma_cell"": 3, ""melanophage"": 3, ""epithelium"": 3}",plasma_cell,3.0,-0.16666666666666669,10.0,0.0,0.32879883754203426,0.13216099573091522,0.12727683808402318,0.07402274596111785
p3_confirm_A5_s43,43,-1,confirmation,1,apoptosis,0.3333333333333333,0.16666666666666666,0.2222222222222222,12,6,"{""tumor"": 2, ""plasma_cell"": 1, ""melanophage"": 2, ""epithelium"": 2, ""endothelium"": 3}",endothelium,7.0,-0.33333333333333337,8.0,-0.17105263157894735,0.1370245239532291,0.11226255234242723,0.04794347181260873,0.07051701808933422
p3_confirm_A5_s43,43,-1,confirmation,2,tumor,0.6,0.15384615384615385,0.24489795918367346,39,10,"{""lymphocyte"": 1, ""plasma_cell"": 9, ""histiocyte"": 1, ""melanophage"": 2, ""neutrophil"": 1, ""stroma"": 6, ""epithelium"": 6, ""apoptosis"": 7}",plasma_cell,6.0,-0.05128205128205121,10.0,0.0,0.07426136229974609,0.04703543165448007,0.0591707681922371,0.02766967376035559
p3_confirm_A5_s43,43,-1,confirmation,2,lymphocyte,0.2,0.06666666666666667,0.1,15,5,"{""tumor"": 2, ""plasma_cell"": 5, ""melanophage"": 2, ""neutrophil"": 1, ""stroma"": 2, ""epithelium"": 1, ""apoptosis"": 1}",plasma_cell,10.0,0.0,10.0,0.0,0.20572746696022956,0.05170240299645282,0.22855602386472876,0.035654526938193876
p3_confirm_A5_s43,43,-1,confirmation,2,plasma_cell,0.25925925925925924,0.5833333333333334,0.358974358974359,12,27,"{""melanophage"": 4, ""stroma"": 1}",melanophage,2.0,-0.16666666666666669,10.0,0.0,0.07082966862607008,0.045827129928674076,0.08185650399793573,0.03517502169446422
p3_confirm_A5_s43,43,-1,confirmation,2,histiocyte,0.0,0.0,0.0,12,2,"{""tumor"": 1, ""lymphocyte"": 3, ""melanophage"": 2, ""stroma"": 2, ""epithelium"": 2, ""endothelium"": 1, ""apoptosis"": 1}",lymphocyte,10.0,0.0,10.0,0.0,0.17237393654055794,0.08849117374454826,0.18453211431353114,0.03252802925771344
p3_confirm_A5_s43,43,-1,confirmation,2,melanophage,0.45454545454545453,0.8333333333333334,0.5882352941176471,12,22,"{""stroma"": 2}",stroma,1.0,-0.33333333333333326,5.0,-0.08754208754208759,0.11508483840295526,0.05754378748356889,0.03719084559914055,0.005361359941827443
p3_confirm_A5_s43,43,-1,confirmation,2,neutrophil,0.6,0.75,0.6666666666666666,12,15,"{""plasma_cell"": 1, ""apoptosis"": 2}",apoptosis,3.0,0.0,5.0,0.0,0.20968295626674174,0.08558594561210224,0.22230916401112866,0.0906029779832514
p3_confirm_A5_s43,43,-1,confirmation,2,stroma,0.2857142857142857,0.6666666666666666,0.4,12,28,"{""melanophage"": 1, ""neutrophil"": 1, ""epithelium"": 1, ""apoptosis"": 1}",melanophage,2.0,0.0,10.0,0.0,0.03730229088608088,0.047003852394433526,0.08445256200129947,0.03718460864482585
p3_confirm_A5_s43,43,-1,confirmation,2,epithelium,0.4583333333333333,0.9166666666666666,0.6111111111111112,12,24,"{""neutrophil"": 1}",neutrophil,1.0,-0.16666666666666663,10.0,0.0,0.20175439893730138,0.04416721929516359,0.046679889574645195,0.03064815371182802
p3_confirm_A5_s43,43,-1,confirmation,2,endothelium,0.5,0.08333333333333333,0.14285714285714285,12,2,"{""plasma_cell"": 3, ""histiocyte"": 1, ""melanophage"": 1, ""stroma"": 4, ""epithelium"": 2}",stroma,3.0,-0.16666666666666669,10.0,0.0,0.32879883754203426,0.13216099573091522,0.12727683808402318,0.07402274596111785
p3_confirm_A5_s43,43,-1,confirmation,2,apoptosis,0.2,0.25,0.2222222222222222,12,15,"{""tumor"": 1, ""plasma_cell"": 2, ""neutrophil"": 2, ""stroma"": 3, ""epithelium"": 1}",stroma,7.0,-0.33333333333333337,8.0,-0.17105263157894735,0.1370245239532291,0.11226255234242723,0.04794347181260873,0.07051701808933422
p3_confirm_A5_s43,43,-1,confirmation,3,tumor,0.5909090909090909,0.3333333333333333,0.4262295081967213,39,22,"{""lymphocyte"": 1, ""histiocyte"": 1, ""melanophage"": 4, ""neutrophil"": 2, ""stroma"": 1, ""epithelium"": 2, ""endothelium"": 10, ""apoptosis"": 5}",endothelium,6.0,-0.05128205128205121,10.0,0.0,0.07426136229974609,0.04703543165448007,0.0591707681922371,0.02766967376035559
p3_confirm_A5_s43,43,-1,confirmation,3,lymphocyte,0.5,0.4666666666666667,0.4827586206896552,15,14,"{""tumor"": 1, ""plasma_cell"": 1, ""melanophage"": 2, ""neutrophil"": 1, ""stroma"": 1, ""endothelium"": 2}",melanophage,10.0,0.0,10.0,0.0,0.20572746696022956,0.05170240299645282,0.22855602386472876,0.035654526938193876
p3_confirm_A5_s43,43,-1,confirmation,3,plasma_cell,0.75,0.25,0.375,12,4,"{""tumor"": 1, ""histiocyte"": 1, ""melanophage"": 3, ""neutrophil"": 1, ""endothelium"": 3}",melanophage,2.0,-0.16666666666666669,10.0,0.0,0.07082966862607008,0.045827129928674076,0.08185650399793573,0.03517502169446422
p3_confirm_A5_s43,43,-1,confirmation,3,histiocyte,0.0,0.0,0.0,12,4,"{""tumor"": 2, ""lymphocyte"": 4, ""melanophage"": 2, ""neutrophil"": 1, ""epithelium"": 1, ""endothelium"": 2}",lymphocyte,10.0,0.0,10.0,0.0,0.17237393654055794,0.08849117374454826,0.18453211431353114,0.03252802925771344
p3_confirm_A5_s43,43,-1,confirmation,3,melanophage,0.4090909090909091,0.75,0.5294117647058824,12,22,"{""histiocyte"": 1, ""endothelium"": 2}",endothelium,1.0,-0.33333333333333326,5.0,-0.08754208754208759,0.11508483840295526,0.05754378748356889,0.03719084559914055,0.005361359941827443
p3_confirm_A5_s43,43,-1,confirmation,3,neutrophil,0.4583333333333333,0.9166666666666666,0.6111111111111112,12,24,"{""tumor"": 1}",tumor,3.0,0.0,5.0,0.0,0.20968295626674174,0.08558594561210224,0.22230916401112866,0.0906029779832514
p3_confirm_A5_s43,43,-1,confirmation,3,stroma,0.6,0.25,0.35294117647058826,12,5,"{""lymphocyte"": 1, ""melanophage"": 1, ""neutrophil"": 1, ""endothelium"": 5, ""apoptosis"": 1}",endothelium,2.0,0.0,10.0,0.0,0.03730229088608088,0.047003852394433526,0.08445256200129947,0.03718460864482585
p3_confirm_A5_s43,43,-1,confirmation,3,epithelium,0.7692307692307693,0.8333333333333334,0.8,12,13,"{""neutrophil"": 2}",neutrophil,1.0,-0.16666666666666663,10.0,0.0,0.20175439893730138,0.04416721929516359,0.046679889574645195,0.03064815371182802
p3_confirm_A5_s43,43,-1,confirmation,3,endothelium,0.21212121212121213,0.5833333333333334,0.3111111111111111,12,33,"{""tumor"": 1, ""lymphocyte"": 1, ""histiocyte"": 1, ""melanophage"": 1, ""neutrophil"": 1}",tumor,3.0,-0.16666666666666669,10.0,0.0,0.32879883754203426,0.13216099573091522,0.12727683808402318,0.07402274596111785
p3_confirm_A5_s43,43,-1,confirmation,3,apoptosis,0.3333333333333333,0.25,0.2857142857142857,12,9,"{""tumor"": 3, ""neutrophil"": 4, ""endothelium"": 2}",neutrophil,7.0,-0.33333333333333337,8.0,-0.17105263157894735,0.1370245239532291,0.11226255234242723,0.04794347181260873,0.07051701808933422
p3_confirm_A5_s43,43,-1,confirmation,4,tumor,0.6296296296296297,0.4358974358974359,0.5151515151515151,39,27,"{""lymphocyte"": 1, ""histiocyte"": 4, ""melanophage"": 2, ""epithelium"": 4, ""endothelium"": 4, ""apoptosis"": 7}",apoptosis,6.0,-0.05128205128205121,10.0,0.0,0.07426136229974609,0.04703543165448007,0.0591707681922371,0.02766967376035559
p3_confirm_A5_s43,43,-1,confirmation,4,lymphocyte,0.4444444444444444,0.26666666666666666,0.3333333333333333,15,9,"{""tumor"": 1, ""plasma_cell"": 5, ""histiocyte"": 1, ""melanophage"": 2, ""endothelium"": 1, ""apoptosis"": 1}",plasma_cell,10.0,0.0,10.0,0.0,0.20572746696022956,0.05170240299645282,0.22855602386472876,0.035654526938193876
p3_confirm_A5_s43,43,-1,confirmation,4,plasma_cell,0.4444444444444444,0.3333333333333333,0.38095238095238093,12,9,"{""tumor"": 1, ""lymphocyte"": 1, ""histiocyte"": 2, ""melanophage"": 4}",melanophage,2.0,-0.16666666666666669,10.0,0.0,0.07082966862607008,0.045827129928674076,0.08185650399793573,0.03517502169446422
p3_confirm_A5_s43,43,-1,confirmation,4,histiocyte,0.11764705882352941,0.16666666666666666,0.13793103448275862,12,17,"{""tumor"": 3, ""lymphocyte"": 2, ""melanophage"": 2, ""epithelium"": 1, ""endothelium"": 2}",tumor,10.0,0.0,10.0,0.0,0.17237393654055794,0.08849117374454826,0.18453211431353114,0.03252802925771344
p3_confirm_A5_s43,43,-1,confirmation,4,melanophage,0.42857142857142855,0.75,0.5454545454545454,12,21,"{""histiocyte"": 1, ""stroma"": 2}",stroma,1.0,-0.33333333333333326,5.0,-0.08754208754208759,0.11508483840295526,0.05754378748356889,0.03719084559914055,0.005361359941827443
p3_confirm_A5_s43,43,-1,confirmation,4,neutrophil,0.6470588235294118,0.9166666666666666,0.7586206896551724,12,17,"{""tumor"": 1}",tumor,3.0,0.0,5.0,0.0,0.20968295626674174,0.08558594561210224,0.22230916401112866,0.0906029779832514
p3_confirm_A5_s43,43,-1,confirmation,4,stroma,0.6,0.25,0.35294117647058826,12,5,"{""lymphocyte"": 1, ""histiocyte"": 1, ""melanophage"": 1, ""neutrophil"": 1, ""endothelium"": 3, ""apoptosis"": 2}",endothelium,2.0,0.0,10.0,0.0,0.03730229088608088,0.047003852394433526,0.08445256200129947,0.03718460864482585
p3_confirm_A5_s43,43,-1,confirmation,4,epithelium,0.6666666666666666,0.8333333333333334,0.7407407407407407,12,15,"{""neutrophil"": 2}",neutrophil,1.0,-0.16666666666666663,10.0,0.0,0.20175439893730138,0.04416721929516359,0.046679889574645195,0.03064815371182802
p3_confirm_A5_s43,43,-1,confirmation,4,endothelium,0.375,0.5,0.42857142857142855,12,16,"{""tumor"": 1, ""histiocyte"": 3, ""melanophage"": 1, ""neutrophil"": 1}",histiocyte,3.0,-0.16666666666666669,10.0,0.0,0.32879883754203426,0.13216099573091522,0.12727683808402318,0.07402274596111785
p3_confirm_A5_s43,43,-1,confirmation,4,apoptosis,0.2857142857142857,0.3333333333333333,0.3076923076923077,12,14,"{""tumor"": 3, ""histiocyte"": 3, ""neutrophil"": 2}",tumor,7.0,-0.33333333333333337,8.0,-0.17105263157894735,0.1370245239532291,0.11226255234242723,0.04794347181260873,0.07051701808933422
p3_confirm_A5_s43,43,-1,confirmation,5,tumor,0.625,0.6410256410256411,0.6329113924050633,39,40,"{""plasma_cell"": 4, ""melanophage"": 1, ""stroma"": 1, ""epithelium"": 5, ""endothelium"": 2, ""apoptosis"": 1}",epithelium,6.0,-0.05128205128205121,10.0,0.0,0.07426136229974609,0.04703543165448007,0.0591707681922371,0.02766967376035559
p3_confirm_A5_s43,43,-1,confirmation,5,lymphocyte,0.4,0.26666666666666666,0.32,15,10,"{""tumor"": 2, ""plasma_cell"": 7, ""melanophage"": 2}",plasma_cell,10.0,0.0,10.0,0.0,0.20572746696022956,0.05170240299645282,0.22855602386472876,0.035654526938193876
p3_confirm_A5_s43,43,-1,confirmation,5,plasma_cell,0.2857142857142857,0.5,0.36363636363636365,12,21,"{""tumor"": 1, ""lymphocyte"": 1, ""melanophage"": 4}",melanophage,2.0,-0.16666666666666669,10.0,0.0,0.07082966862607008,0.045827129928674076,0.08185650399793573,0.03517502169446422
p3_confirm_A5_s43,43,-1,confirmation,5,histiocyte,1.0,0.08333333333333333,0.15384615384615385,12,1,"{""tumor"": 2, ""lymphocyte"": 3, ""melanophage"": 2, ""stroma"": 1, ""epithelium"": 2, ""endothelium"": 1}",lymphocyte,10.0,0.0,10.0,0.0,0.17237393654055794,0.08849117374454826,0.18453211431353114,0.03252802925771344
p3_confirm_A5_s43,43,-1,confirmation,5,melanophage,0.47619047619047616,0.8333333333333334,0.6060606060606061,12,21,"{""lymphocyte"": 1, ""stroma"": 1}",lymphocyte,1.0,-0.33333333333333326,5.0,-0.08754208754208759,0.11508483840295526,0.05754378748356889,0.03719084559914055,0.005361359941827443
p3_confirm_A5_s43,43,-1,confirmation,5,neutrophil,0.7333333333333333,0.9166666666666666,0.8148148148148148,12,15,"{""plasma_cell"": 1}",plasma_cell,3.0,0.0,5.0,0.0,0.20968295626674174,0.08558594561210224,0.22230916401112866,0.0906029779832514
p3_confirm_A5_s43,43,-1,confirmation,5,stroma,0.5454545454545454,0.5,0.5217391304347826,12,11,"{""tumor"": 1, ""lymphocyte"": 1, ""plasma_cell"": 1, ""melanophage"": 1, ""neutrophil"": 1, ""endothelium"": 1}",tumor,2.0,0.0,10.0,0.0,0.03730229088608088,0.047003852394433526,0.08445256200129947,0.03718460864482585
p3_confirm_A5_s43,43,-1,confirmation,5,epithelium,0.5263157894736842,0.8333333333333334,0.6451612903225806,12,19,"{""neutrophil"": 1, ""stroma"": 1}",neutrophil,1.0,-0.16666666666666663,10.0,0.0,0.20175439893730138,0.04416721929516359,0.046679889574645195,0.03064815371182802
p3_confirm_A5_s43,43,-1,confirmation,5,endothelium,0.5555555555555556,0.4166666666666667,0.47619047619047616,12,9,"{""tumor"": 1, ""plasma_cell"": 2, ""melanophage"": 1, ""stroma"": 1, ""epithelium"": 2}",plasma_cell,3.0,-0.16666666666666669,10.0,0.0,0.32879883754203426,0.13216099573091522,0.12727683808402318,0.07402274596111785
p3_confirm_A5_s43,43,-1,confirmation,5,apoptosis,0.6666666666666666,0.16666666666666666,0.26666666666666666,12,3,"{""tumor"": 8, ""neutrophil"": 2}",tumor,7.0,-0.33333333333333337,8.0,-0.17105263157894735,0.1370245239532291,0.11226255234242723,0.04794347181260873,0.07051701808933422
p3_confirm_A5_s43,43,-1,confirmation,6,tumor,0.5161290322580645,0.8205128205128205,0.6336633663366337,39,62,"{""lymphocyte"": 1, ""plasma_cell"": 1, ""melanophage"": 1, ""epithelium"": 1, ""endothelium"": 1, ""apoptosis"": 2}",apoptosis,6.0,-0.05128205128205121,10.0,0.0,0.07426136229974609,0.04703543165448007,0.0591707681922371,0.02766967376035559
p3_confirm_A5_s43,43,-1,confirmation,6,lymphocyte,0.4117647058823529,0.4666666666666667,0.4375,15,17,"{""tumor"": 3, ""plasma_cell"": 4, ""melanophage"": 1}",plasma_cell,10.0,0.0,10.0,0.0,0.20572746696022956,0.05170240299645282,0.22855602386472876,0.035654526938193876
p3_confirm_A5_s43,43,-1,confirmation,6,plasma_cell,0.5,0.4166666666666667,0.45454545454545453,12,10,"{""tumor"": 2, ""lymphocyte"": 1, ""melanophage"": 4}",melanophage,2.0,-0.16666666666666669,10.0,0.0,0.07082966862607008,0.045827129928674076,0.08185650399793573,0.03517502169446422
p3_confirm_A5_s43,43,-1,confirmation,6,histiocyte,0.0,0.0,0.0,12,1,"{""tumor"": 4, ""lymphocyte"": 3, ""melanophage"": 2, ""epithelium"": 1, ""endothelium"": 2}",tumor,10.0,0.0,10.0,0.0,0.17237393654055794,0.08849117374454826,0.18453211431353114,0.03252802925771344
p3_confirm_A5_s43,43,-1,confirmation,6,melanophage,0.47058823529411764,0.6666666666666666,0.5517241379310345,12,17,"{""tumor"": 2, ""lymphocyte"": 1, ""stroma"": 1}",tumor,1.0,-0.33333333333333326,5.0,-0.08754208754208759,0.11508483840295526,0.05754378748356889,0.03719084559914055,0.005361359941827443
p3_confirm_A5_s43,43,-1,confirmation,6,neutrophil,0.6470588235294118,0.9166666666666666,0.7586206896551724,12,17,"{""tumor"": 1}",tumor,3.0,0.0,5.0,0.0,0.20968295626674174,0.08558594561210224,0.22230916401112866,0.0906029779832514
p3_confirm_A5_s43,43,-1,confirmation,6,stroma,0.0,0.0,0.0,12,1,"{""tumor"": 4, ""lymphocyte"": 3, ""histiocyte"": 1, ""neutrophil"": 1, ""endothelium"": 3}",tumor,2.0,0.0,10.0,0.0,0.03730229088608088,0.047003852394433526,0.08445256200129947,0.03718460864482585
p3_confirm_A5_s43,43,-1,confirmation,6,epithelium,0.8181818181818182,0.75,0.782608695652174,12,11,"{""tumor"": 2, ""neutrophil"": 1}",tumor,1.0,-0.16666666666666663,10.0,0.0,0.20175439893730138,0.04416721929516359,0.046679889574645195,0.03064815371182802
p3_confirm_A5_s43,43,-1,confirmation,6,endothelium,0.4,0.3333333333333333,0.36363636363636365,12,10,"{""tumor"": 5, ""lymphocyte"": 1, ""melanophage"": 1, ""apoptosis"": 1}",tumor,3.0,-0.16666666666666669,10.0,0.0,0.32879883754203426,0.13216099573091522,0.12727683808402318,0.07402274596111785
p3_confirm_A5_s43,43,-1,confirmation,6,apoptosis,0.25,0.08333333333333333,0.125,12,4,"{""tumor"": 7, ""neutrophil"": 4}",tumor,7.0,-0.33333333333333337,8.0,-0.17105263157894735,0.1370245239532291,0.11226255234242723,0.04794347181260873,0.07051701808933422
p3_confirm_A5_s43,43,-1,confirmation,7,tumor,0.6896551724137931,0.5128205128205128,0.5882352941176471,39,29,"{""lymphocyte"": 1, ""histiocyte"": 8, ""melanophage"": 1, ""stroma"": 1, ""epithelium"": 1, ""apoptosis"": 7}",histiocyte,6.0,-0.05128205128205121,10.0,0.0,0.07426136229974609,0.04703543165448007,0.0591707681922371,0.02766967376035559
p3_confirm_A5_s43,43,-1,confirmation,7,lymphocyte,0.46153846153846156,0.4,0.42857142857142855,15,13,"{""tumor"": 2, ""plasma_cell"": 3, ""melanophage"": 1, ""apoptosis"": 3}",plasma_cell,10.0,0.0,10.0,0.0,0.20572746696022956,0.05170240299645282,0.22855602386472876,0.035654526938193876
p3_confirm_A5_s43,43,-1,confirmation,7,plasma_cell,0.5555555555555556,0.4166666666666667,0.47619047619047616,12,9,"{""tumor"": 1, ""lymphocyte"": 1, ""melanophage"": 4, ""apoptosis"": 1}",melanophage,2.0,-0.16666666666666669,10.0,0.0,0.07082966862607008,0.045827129928674076,0.08185650399793573,0.03517502169446422
p3_confirm_A5_s43,43,-1,confirmation,7,histiocyte,0.16666666666666666,0.25,0.2,12,18,"{""tumor"": 2, ""lymphocyte"": 2, ""melanophage"": 2, ""epithelium"": 1, ""endothelium"": 2}",tumor,10.0,0.0,10.0,0.0,0.17237393654055794,0.08849117374454826,0.18453211431353114,0.03252802925771344
p3_confirm_A5_s43,43,-1,confirmation,7,melanophage,0.47368421052631576,0.75,0.5806451612903226,12,19,"{""lymphocyte"": 1, ""histiocyte"": 1, ""stroma"": 1}",lymphocyte,1.0,-0.33333333333333326,5.0,-0.08754208754208759,0.11508483840295526,0.05754378748356889,0.03719084559914055,0.005361359941827443
p3_confirm_A5_s43,43,-1,confirmation,7,neutrophil,0.625,0.8333333333333334,0.7142857142857143,12,16,"{""plasma_cell"": 1, ""apoptosis"": 1}",plasma_cell,3.0,0.0,5.0,0.0,0.20968295626674174,0.08558594561210224,0.22230916401112866,0.0906029779832514
p3_confirm_A5_s43,43,-1,confirmation,7,stroma,0.3333333333333333,0.08333333333333333,0.13333333333333333,12,3,"{""tumor"": 1, ""lymphocyte"": 2, ""histiocyte"": 1, ""melanophage"": 1, ""neutrophil"": 1, ""endothelium"": 3, ""apoptosis"": 2}",endothelium,2.0,0.0,10.0,0.0,0.03730229088608088,0.047003852394433526,0.08445256200129947,0.03718460864482585
p3_confirm_A5_s43,43,-1,confirmation,7,epithelium,0.8333333333333334,0.8333333333333334,0.8333333333333334,12,12,"{""histiocyte"": 1, ""neutrophil"": 1}",histiocyte,1.0,-0.16666666666666663,10.0,0.0,0.20175439893730138,0.04416721929516359,0.046679889574645195,0.03064815371182802
p3_confirm_A5_s43,43,-1,confirmation,7,endothelium,0.5,0.4166666666666667,0.45454545454545453,12,10,"{""tumor"": 1, ""histiocyte"": 3, ""melanophage"": 1, ""neutrophil"": 1, ""apoptosis"": 1}",histiocyte,3.0,-0.16666666666666669,10.0,0.0,0.32879883754203426,0.13216099573091522,0.12727683808402318,0.07402274596111785
p3_confirm_A5_s43,43,-1,confirmation,7,apoptosis,0.2857142857142857,0.5,0.36363636363636365,12,21,"{""tumor"": 2, ""histiocyte"": 1, ""neutrophil"": 3}",neutrophil,7.0,-0.33333333333333337,8.0,-0.17105263157894735,0.1370245239532291,0.11226255234242723,0.04794347181260873,0.07051701808933422
p3_confirm_A5_s43,43,-1,confirmation,8,tumor,0.75,0.6153846153846154,0.676056338028169,39,32,"{""lymphocyte"": 1, ""plasma_cell"": 4, ""histiocyte"": 1, ""melanophage"": 1, ""stroma"": 3, ""epithelium"": 2, ""endothelium"": 2, ""apoptosis"": 1}",plasma_cell,6.0,-0.05128205128205121,10.0,0.0,0.07426136229974609,0.04703543165448007,0.0591707681922371,0.02766967376035559
p3_confirm_A5_s43,43,-1,confirmation,8,lymphocyte,0.4166666666666667,0.3333333333333333,0.37037037037037035,15,12,"{""tumor"": 1, ""plasma_cell"": 6, ""melanophage"": 2, ""apoptosis"": 1}",plasma_cell,10.0,0.0,10.0,0.0,0.20572746696022956,0.05170240299645282,0.22855602386472876,0.035654526938193876
p3_confirm_A5_s43,43,-1,confirmation,8,plasma_cell,0.3684210526315789,0.5833333333333334,0.45161290322580644,12,19,"{""tumor"": 1, ""melanophage"": 4}",melanophage,2.0,-0.16666666666666669,10.0,0.0,0.07082966862607008,0.045827129928674076,0.08185650399793573,0.03517502169446422
p3_confirm_A5_s43,43,-1,confirmation,8,histiocyte,0.5,0.16666666666666666,0.25,12,4,"{""tumor"": 3, ""lymphocyte"": 2, ""melanophage"": 2, ""epithelium"": 1, ""endothelium"": 2}",tumor,10.0,0.0,10.0,0.0,0.17237393654055794,0.08849117374454826,0.18453211431353114,0.03252802925771344
p3_confirm_A5_s43,43,-1,confirmation,8,melanophage,0.47619047619047616,0.8333333333333334,0.6060606060606061,12,21,"{""lymphocyte"": 1, ""stroma"": 1}",lymphocyte,1.0,-0.33333333333333326,5.0,-0.08754208754208759,0.11508483840295526,0.05754378748356889,0.03719084559914055,0.005361359941827443
p3_confirm_A5_s43,43,-1,confirmation,8,neutrophil,0.7333333333333333,0.9166666666666666,0.8148148148148148,12,15,"{""plasma_cell"": 1}",plasma_cell,3.0,0.0,5.0,0.0,0.20968295626674174,0.08558594561210224,0.22230916401112866,0.0906029779832514
p3_confirm_A5_s43,43,-1,confirmation,8,stroma,0.42857142857142855,0.5,0.46153846153846156,12,14,"{""tumor"": 1, ""lymphocyte"": 2, ""melanophage"": 1, ""neutrophil"": 1, ""endothelium"": 1}",lymphocyte,2.0,0.0,10.0,0.0,0.03730229088608088,0.047003852394433526,0.08445256200129947,0.03718460864482585
p3_confirm_A5_s43,43,-1,confirmation,8,epithelium,0.6666666666666666,0.8333333333333334,0.7407407407407407,12,15,"{""stroma"": 2}",stroma,1.0,-0.16666666666666663,10.0,0.0,0.20175439893730138,0.04416721929516359,0.046679889574645195,0.03064815371182802
p3_confirm_A5_s43,43,-1,confirmation,8,endothelium,0.45454545454545453,0.4166666666666667,0.43478260869565216,12,11,"{""plasma_cell"": 1, ""histiocyte"": 1, ""melanophage"": 1, ""stroma"": 1, ""epithelium"": 2, ""apoptosis"": 1}",epithelium,3.0,-0.16666666666666669,10.0,0.0,0.32879883754203426,0.13216099573091522,0.12727683808402318,0.07402274596111785
p3_confirm_A5_s43,43,-1,confirmation,8,apoptosis,0.5714285714285714,0.3333333333333333,0.42105263157894735,12,7,"{""tumor"": 2, ""lymphocyte"": 1, ""neutrophil"": 3, ""stroma"": 1, ""endothelium"": 1}",neutrophil,7.0,-0.33333333333333337,8.0,-0.17105263157894735,0.1370245239532291,0.11226255234242723,0.04794347181260873,0.07051701808933422
p3_confirm_A5_s43,43,-1,confirmation,9,tumor,0.5714285714285714,0.8205128205128205,0.6736842105263158,39,56,"{""lymphocyte"": 1, ""plasma_cell"": 1, ""histiocyte"": 1, ""melanophage"": 1, ""stroma"": 2, ""epithelium"": 1}",stroma,6.0,-0.05128205128205121,10.0,0.0,0.07426136229974609,0.04703543165448007,0.0591707681922371,0.02766967376035559
p3_confirm_A5_s43,43,-1,confirmation,9,lymphocyte,0.5384615384615384,0.4666666666666667,0.5,15,13,"{""tumor"": 3, ""plasma_cell"": 4, ""melanophage"": 1}",plasma_cell,10.0,0.0,10.0,0.0,0.20572746696022956,0.05170240299645282,0.22855602386472876,0.035654526938193876
p3_confirm_A5_s43,43,-1,confirmation,9,plasma_cell,0.46153846153846156,0.5,0.48,12,13,"{""tumor"": 2, ""melanophage"": 4}",melanophage,2.0,-0.16666666666666669,10.0,0.0,0.07082966862607008,0.045827129928674076,0.08185650399793573,0.03517502169446422
p3_confirm_A5_s43,43,-1,confirmation,9,histiocyte,0.3333333333333333,0.08333333333333333,0.13333333333333333,12,3,"{""tumor"": 3, ""lymphocyte"": 3, ""melanophage"": 2, ""stroma"": 1, ""epithelium"": 1, ""endothelium"": 1}",tumor,10.0,0.0,10.0,0.0,0.17237393654055794,0.08849117374454826,0.18453211431353114,0.03252802925771344
p3_confirm_A5_s43,43,-1,confirmation,9,melanophage,0.47058823529411764,0.6666666666666666,0.5517241379310345,12,17,"{""tumor"": 2, ""stroma"": 2}",tumor,1.0,-0.33333333333333326,5.0,-0.08754208754208759,0.11508483840295526,0.05754378748356889,0.03719084559914055,0.005361359941827443
p3_confirm_A5_s43,43,-1,confirmation,9,neutrophil,0.6875,0.9166666666666666,0.7857142857142857,12,16,"{""plasma_cell"": 1}",plasma_cell,3.0,0.0,5.0,0.0,0.20968295626674174,0.08558594561210224,0.22230916401112866,0.0906029779832514
p3_confirm_A5_s43,43,-1,confirmation,9,stroma,0.46153846153846156,0.5,0.48,12,13,"{""tumor"": 3, ""lymphocyte"": 1, ""neutrophil"": 1, ""endothelium"": 1}",tumor,2.0,0.0,10.0,0.0,0.03730229088608088,0.047003852394433526,0.08445256200129947,0.03718460864482585
p3_confirm_A5_s43,43,-1,confirmation,9,epithelium,0.8181818181818182,0.75,0.782608695652174,12,11,"{""tumor"": 2, ""neutrophil"": 1}",tumor,1.0,-0.16666666666666663,10.0,0.0,0.20175439893730138,0.04416721929516359,0.046679889574645195,0.03064815371182802
p3_confirm_A5_s43,43,-1,confirmation,9,endothelium,0.7142857142857143,0.4166666666666667,0.5263157894736842,12,7,"{""tumor"": 2, ""plasma_cell"": 1, ""histiocyte"": 1, ""melanophage"": 1, ""stroma"": 2}",tumor,3.0,-0.16666666666666669,10.0,0.0,0.32879883754203426,0.13216099573091522,0.12727683808402318,0.07402274596111785
p3_confirm_A5_s43,43,-1,confirmation,9,apoptosis,1.0,0.08333333333333333,0.15384615384615385,12,1,"{""tumor"": 7, ""lymphocyte"": 1, ""neutrophil"": 3}",tumor,7.0,-0.33333333333333337,8.0,-0.17105263157894735,0.1370245239532291,0.11226255234242723,0.04794347181260873,0.07051701808933422
p3_confirm_A5_s43,43,-1,confirmation,10,tumor,0.6818181818181818,0.7692307692307693,0.7228915662650602,39,44,"{""lymphocyte"": 1, ""histiocyte"": 4, ""melanophage"": 1, ""stroma"": 2, ""apoptosis"": 1}",histiocyte,6.0,-0.05128205128205121,10.0,0.0,0.07426136229974609,0.04703543165448007,0.0591707681922371,0.02766967376035559
p3_confirm_A5_s43,43,-1,confirmation,10,lymphocyte,0.5294117647058824,0.6,0.5625,15,17,"{""tumor"": 2, ""plasma_cell"": 2, ""melanophage"": 1, ""stroma"": 1}",tumor,10.0,0.0,10.0,0.0,0.20572746696022956,0.05170240299645282,0.22855602386472876,0.035654526938193876
p3_confirm_A5_s43,43,-1,confirmation,10,plasma_cell,0.7142857142857143,0.4166666666666667,0.5263157894736842,12,7,"{""tumor"": 1, ""lymphocyte"": 1, ""histiocyte"": 2, ""melanophage"": 3}",melanophage,2.0,-0.16666666666666669,10.0,0.0,0.07082966862607008,0.045827129928674076,0.08185650399793573,0.03517502169446422
p3_confirm_A5_s43,43,-1,confirmation,10,histiocyte,0.3333333333333333,0.4166666666666667,0.37037037037037035,12,15,"{""tumor"": 2, ""lymphocyte"": 2, ""melanophage"": 2, ""epithelium"": 1}",tumor,10.0,0.0,10.0,0.0,0.17237393654055794,0.08849117374454826,0.18453211431353114,0.03252802925771344
p3_confirm_A5_s43,43,-1,confirmation,10,melanophage,0.4666666666666667,0.5833333333333334,0.5185185185185185,12,15,"{""tumor"": 2, ""lymphocyte"": 1, ""histiocyte"": 1, ""stroma"": 1}",tumor,1.0,-0.33333333333333326,5.0,-0.08754208754208759,0.11508483840295526,0.05754378748356889,0.03719084559914055,0.005361359941827443
p3_confirm_A5_s43,43,-1,confirmation,10,neutrophil,0.7333333333333333,0.9166666666666666,0.8148148148148148,12,15,"{""apoptosis"": 1}",apoptosis,3.0,0.0,5.0,0.0,0.20968295626674174,0.08558594561210224,0.22230916401112866,0.0906029779832514
p3_confirm_A5_s43,43,-1,confirmation,10,stroma,0.5,0.6666666666666666,0.5714285714285714,12,16,"{""tumor"": 1, ""lymphocyte"": 1, ""neutrophil"": 1, ""endothelium"": 1}",tumor,2.0,0.0,10.0,0.0,0.03730229088608088,0.047003852394433526,0.08445256200129947,0.03718460864482585
p3_confirm_A5_s43,43,-1,confirmation,10,epithelium,0.9090909090909091,0.8333333333333334,0.8695652173913043,12,11,"{""histiocyte"": 1, ""stroma"": 1}",histiocyte,1.0,-0.16666666666666663,10.0,0.0,0.20175439893730138,0.04416721929516359,0.046679889574645195,0.03064815371182802
p3_confirm_A5_s43,43,-1,confirmation,10,endothelium,0.8333333333333334,0.4166666666666667,0.5555555555555556,12,6,"{""tumor"": 2, ""lymphocyte"": 1, ""histiocyte"": 1, ""melanophage"": 1, ""stroma"": 2}",tumor,3.0,-0.16666666666666669,10.0,0.0,0.32879883754203426,0.13216099573091522,0.12727683808402318,0.07402274596111785
p3_confirm_A5_s43,43,-1,confirmation,10,apoptosis,0.5,0.16666666666666666,0.25,12,4,"{""tumor"": 4, ""lymphocyte"": 1, ""histiocyte"": 1, ""neutrophil"": 3, ""stroma"": 1}",tumor,7.0,-0.33333333333333337,8.0,-0.17105263157894735,0.1370245239532291,0.11226255234242723,0.04794347181260873,0.07051701808933422
