run_id,epoch,source,class_exposure,unique_samples_seen,repeat_rate,unique_ROIs_exposed,unique_cases_exposed,ROI_exposure,effective_samples_seen
A0_s17_cv0,1,"P4 exact A5 parity rerun, not original P3 measurement","[24, 23, 24, 15, 26, 25, 25, 13, 20, 13]",120,0.42307692307692313,71,NOT RECORDED IN ORIGINAL RUN,"{""training_set_primary_roi_023"": 2, ""training_set_primary_roi_042"": 4, ""training_set_metastatic_roi_069"": 1, ""training_set_metastatic_roi_017"": 6, ""training_set_primary_roi_054"": 3, ""training_set_metastatic_roi_055"": 2, ""training_set_primary_roi_068"": 10, ""training_set_metastatic_roi_003"": 2, ""training_set_primary_roi_060"": 3, ""training_set_primary_roi_055"": 2, ""training_set_primary_roi_095"": 4, ""training_set_primary_roi_031"": 3, ""training_set_primary_roi_048"": 9, ""training_set_metastatic_roi_047"": 6, ""training_set_primary_roi_101"": 3, ""training_set_metastatic_roi_073"": 4, ""training_set_primary_roi_052"": 3, ""training_set_metastatic_roi_025"": 5, ""training_set_metastatic_roi_072"": 9, ""training_set_metastatic_roi_046"": 1, ""training_set_primary_roi_030"": 3, ""training_set_primary_roi_044"": 6, ""training_set_metastatic_roi_024"": 2, ""training_set_primary_roi_041"": 3, ""training_set_metastatic_roi_010"": 3, ""training_set_metastatic_roi_101"": 2, ""training_set_primary_roi_037"": 4, ""training_set_metastatic_roi_066"": 3, ""training_set_metastatic_roi_022"": 1, ""training_set_metastatic_roi_092"": 4, ""training_set_metastatic_roi_056"": 5, ""training_set_primary_roi_016"": 3, ""training_set_primary_roi_024"": 5, ""training_set_primary_roi_007"": 5, ""training_set_metastatic_roi_035"": 4, ""training_set_primary_roi_004"": 3, ""training_set_primary_roi_001"": 5, ""training_set_primary_roi_086"": 4, ""training_set_primary_roi_057"": 6, ""training_set_metastatic_roi_028"": 2, ""training_set_primary_roi_020"": 5, ""training_set_primary_roi_029"": 3, ""training_set_primary_roi_087"": 4, ""training_set_metastatic_roi_095"": 2, ""training_set_primary_roi_027"": 1, ""training_set_primary_roi_017"": 2, ""training_set_primary_roi_051"": 3, ""training_set_primary_roi_083"": 3, ""training_set_primary_roi_025"": 1, ""training_set_primary_roi_084"": 1, ""training_set_primary_roi_021"": 2, ""training_set_primary_roi_073"": 2, ""training_set_metastatic_roi_053"": 2, ""training_set_primary_roi_076"": 2, ""training_set_primary_roi_047"": 2, ""training_set_primary_roi_002"": 2, ""training_set_metastatic_roi_036"": 1, ""training_set_primary_roi_093"": 1, ""training_set_metastatic_roi_049"": 1, ""training_set_primary_roi_097"": 1, ""training_set_primary_roi_064"": 1, ""training_set_metastatic_roi_088"": 1, ""training_set_metastatic_roi_086"": 1, ""training_set_metastatic_roi_078"": 1, ""training_set_primary_roi_036"": 1, ""training_set_metastatic_roi_085"": 1, ""training_set_metastatic_roi_067"": 1, ""training_set_metastatic_roi_016"": 1, ""training_set_primary_roi_038"": 1, ""training_set_metastatic_roi_100"": 2, ""training_set_primary_roi_028"": 1}",208
A0_s17_cv0,2,"P4 exact A5 parity rerun, not original P3 measurement","[30, 27, 20, 28, 16, 15, 30, 15, 17, 10]",125,0.39903846153846156,79,NOT RECORDED IN ORIGINAL RUN,"{""training_set_metastatic_roi_047"": 5, ""training_set_primary_roi_052"": 4, ""training_set_primary_roi_021"": 7, ""training_set_metastatic_roi_010"": 3, ""training_set_primary_roi_083"": 7, ""training_set_primary_roi_042"": 4, ""training_set_metastatic_roi_072"": 6, ""training_set_primary_roi_030"": 5, ""training_set_metastatic_roi_003"": 2, ""training_set_primary_roi_095"": 2, ""training_set_primary_roi_004"": 2, ""training_set_primary_roi_068"": 5, ""training_set_metastatic_roi_016"": 4, ""training_set_metastatic_roi_055"": 8, ""training_set_metastatic_roi_018"": 1, ""training_set_primary_roi_064"": 2, ""training_set_primary_roi_073"": 2, ""training_set_metastatic_roi_066"": 2, ""training_set_primary_roi_097"": 1, ""training_set_primary_roi_048"": 3, ""training_set_primary_roi_098"": 3, ""training_set_primary_roi_093"": 1, ""training_set_metastatic_roi_014"": 1, ""training_set_metastatic_roi_067"": 2, ""training_set_primary_roi_051"": 2, ""training_set_metastatic_roi_092"": 2, ""training_set_primary_roi_031"": 2, ""training_set_metastatic_roi_028"": 5, ""training_set_primary_roi_101"": 5, ""training_set_primary_roi_002"": 2, ""training_set_metastatic_roi_046"": 2, ""training_set_metastatic_roi_056"": 2, ""training_set_primary_roi_086"": 1, ""training_set_primary_roi_054"": 5, ""training_set_primary_roi_020"": 1, ""training_set_metastatic_roi_022"": 4, ""training_set_primary_roi_087"": 3, ""training_set_primary_roi_007"": 7, ""training_set_primary_roi_060"": 5, ""training_set_primary_roi_044"": 2, ""training_set_metastatic_roi_040"": 2, ""training_set_primary_roi_036"": 3, ""training_set_metastatic_roi_024"": 2, ""training_set_metastatic_roi_073"": 4, ""training_set_metastatic_roi_069"": 1, ""training_set_primary_roi_022"": 3, ""training_set_primary_roi_029"": 3, ""training_set_primary_roi_028"": 2, ""training_set_metastatic_roi_025"": 3, ""training_set_primary_roi_023"": 2, ""training_set_metastatic_roi_068"": 1, ""training_set_primary_roi_065"": 3, ""training_set_metastatic_roi_102"": 1, ""training_set_primary_roi_069"": 3, ""training_set_primary_roi_084"": 2, ""training_set_primary_roi_067"": 1, ""training_set_metastatic_roi_083"": 2, ""training_set_metastatic_roi_017"": 3, ""training_set_primary_roi_016"": 7, ""training_set_metastatic_roi_049"": 1, ""training_set_primary_roi_037"": 1, ""training_set_metastatic_roi_086"": 2, ""training_set_metastatic_roi_085"": 2, ""training_set_metastatic_roi_078"": 1, ""training_set_primary_roi_075"": 1, ""training_set_primary_roi_076"": 2, ""training_set_primary_roi_057"": 5, ""training_set_primary_roi_063"": 2, ""training_set_primary_roi_041"": 1, ""training_set_primary_roi_047"": 1, ""training_set_primary_roi_025"": 1, ""training_set_primary_roi_040"": 1, ""training_set_metastatic_roi_015"": 1, ""training_set_metastatic_roi_095"": 1, ""training_set_primary_roi_027"": 1, ""training_set_metastatic_roi_101"": 1, ""training_set_primary_roi_038"": 1, ""training_set_primary_roi_024"": 1, ""training_set_metastatic_roi_063"": 1}",208
A0_s17_cv0,3,"P4 exact A5 parity rerun, not original P3 measurement","[19, 16, 20, 15, 23, 28, 23, 16, 18, 30]",128,0.3846153846153846,76,NOT RECORDED IN ORIGINAL RUN,"{""training_set_metastatic_roi_073"": 4, ""training_set_primary_roi_042"": 3, ""training_set_primary_roi_037"": 3, ""training_set_metastatic_roi_016"": 2, ""training_set_metastatic_roi_055"": 7, ""training_set_primary_roi_095"": 1, ""training_set_primary_roi_048"": 12, ""training_set_primary_roi_047"": 3, ""training_set_primary_roi_044"": 6, ""training_set_metastatic_roi_056"": 6, ""training_set_primary_roi_083"": 10, ""training_set_metastatic_roi_102"": 2, ""training_set_primary_roi_022"": 2, ""training_set_metastatic_roi_085"": 3, ""training_set_primary_roi_073"": 3, ""training_set_primary_roi_087"": 2, ""training_set_metastatic_roi_066"": 2, ""training_set_metastatic_roi_095"": 2, ""training_set_primary_roi_040"": 5, ""training_set_primary_roi_068"": 9, ""training_set_metastatic_roi_101"": 7, ""training_set_primary_roi_063"": 1, ""training_set_primary_roi_001"": 3, ""training_set_primary_roi_098"": 2, ""training_set_metastatic_roi_024"": 3, ""training_set_metastatic_roi_092"": 1, ""training_set_primary_roi_065"": 3, ""training_set_primary_roi_020"": 2, ""training_set_primary_roi_007"": 4, ""training_set_primary_roi_038"": 1, ""training_set_primary_roi_041"": 3, ""training_set_primary_roi_025"": 7, ""training_set_primary_roi_052"": 6, ""training_set_metastatic_roi_025"": 5, ""training_set_metastatic_roi_003"": 1, ""training_set_primary_roi_084"": 6, ""training_set_metastatic_roi_036"": 1, ""training_set_metastatic_roi_053"": 1, ""training_set_metastatic_roi_047"": 3, ""training_set_metastatic_roi_018"": 2, ""training_set_primary_roi_017"": 1, ""training_set_primary_roi_021"": 3, ""training_set_primary_roi_024"": 2, ""training_set_primary_roi_029"": 3, ""training_set_primary_roi_069"": 2, ""training_set_primary_roi_101"": 3, ""training_set_primary_roi_064"": 3, ""training_set_primary_roi_086"": 1, ""training_set_metastatic_roi_014"": 1, ""training_set_metastatic_roi_063"": 1, ""training_set_primary_roi_016"": 2, ""training_set_metastatic_roi_037"": 1, ""training_set_primary_roi_004"": 1, ""training_set_metastatic_roi_022"": 2, ""training_set_metastatic_roi_100"": 2, ""training_set_metastatic_roi_068"": 1, ""training_set_metastatic_roi_017"": 3, ""training_set_primary_roi_076"": 2, ""training_set_metastatic_roi_008"": 1, ""training_set_metastatic_roi_078"": 1, ""training_set_metastatic_roi_072"": 1, ""training_set_metastatic_roi_086"": 1, ""training_set_metastatic_roi_069"": 1, ""training_set_primary_roi_023"": 3, ""training_set_primary_roi_036"": 1, ""training_set_metastatic_roi_051"": 1, ""training_set_primary_roi_002"": 2, ""training_set_primary_roi_060"": 2, ""training_set_primary_roi_057"": 2, ""training_set_primary_roi_031"": 3, ""training_set_primary_roi_054"": 1, ""training_set_metastatic_roi_062"": 1, ""training_set_metastatic_roi_004"": 1, ""training_set_metastatic_roi_075"": 1, ""training_set_metastatic_roi_010"": 1, ""training_set_metastatic_roi_046"": 1}",208
A0_s17_cv0,4,"P4 exact A5 parity rerun, not original P3 measurement","[17, 19, 18, 15, 22, 16, 30, 19, 29, 23]",126,0.3942307692307693,76,NOT RECORDED IN ORIGINAL RUN,"{""training_set_metastatic_roi_017"": 2, ""training_set_primary_roi_086"": 4, ""training_set_primary_roi_022"": 2, ""training_set_metastatic_roi_088"": 2, ""training_set_primary_roi_064"": 4, ""training_set_primary_roi_057"": 7, ""training_set_primary_roi_067"": 2, ""training_set_metastatic_roi_016"": 9, ""training_set_metastatic_roi_004"": 1, ""training_set_primary_roi_065"": 2, ""training_set_primary_roi_087"": 3, ""training_set_primary_roi_076"": 3, ""training_set_primary_roi_063"": 2, ""training_set_primary_roi_073"": 5, ""training_set_primary_roi_030"": 4, ""training_set_primary_roi_044"": 5, ""training_set_primary_roi_025"": 3, ""training_set_metastatic_roi_085"": 3, ""training_set_primary_roi_084"": 2, ""training_set_primary_roi_002"": 3, ""training_set_primary_roi_068"": 8, ""training_set_metastatic_roi_056"": 3, ""training_set_primary_roi_060"": 3, ""training_set_metastatic_roi_047"": 4, ""training_set_primary_roi_041"": 4, ""training_set_primary_roi_024"": 2, ""training_set_primary_roi_055"": 2, ""training_set_primary_roi_029"": 7, ""training_set_primary_roi_095"": 1, ""training_set_primary_roi_040"": 2, ""training_set_metastatic_roi_073"": 2, ""training_set_primary_roi_004"": 2, ""training_set_primary_roi_016"": 2, ""training_set_metastatic_roi_046"": 4, ""training_set_metastatic_roi_022"": 1, ""training_set_primary_roi_048"": 7, ""training_set_metastatic_roi_095"": 1, ""training_set_primary_roi_007"": 6, ""training_set_primary_roi_042"": 2, ""training_set_metastatic_roi_092"": 2, ""training_set_primary_roi_037"": 3, ""training_set_metastatic_roi_072"": 3, ""training_set_metastatic_roi_075"": 1, ""training_set_metastatic_roi_049"": 2, ""training_set_primary_roi_052"": 5, ""training_set_metastatic_roi_086"": 3, ""training_set_primary_roi_054"": 3, ""training_set_primary_roi_027"": 1, ""training_set_primary_roi_023"": 3, ""training_set_metastatic_roi_081"": 1, ""training_set_primary_roi_038"": 4, ""training_set_primary_roi_001"": 2, ""training_set_metastatic_roi_055"": 5, ""training_set_primary_roi_083"": 3, ""training_set_metastatic_roi_063"": 1, ""training_set_primary_roi_036"": 1, ""training_set_metastatic_roi_101"": 3, ""training_set_metastatic_roi_014"": 1, ""training_set_metastatic_roi_053"": 4, ""training_set_metastatic_roi_100"": 2, ""training_set_primary_roi_020"": 2, ""training_set_primary_roi_047"": 2, ""training_set_primary_roi_021"": 2, ""training_set_metastatic_roi_025"": 3, ""training_set_metastatic_roi_062"": 2, ""training_set_primary_roi_031"": 1, ""training_set_primary_roi_075"": 1, ""training_set_metastatic_roi_037"": 1, ""training_set_metastatic_roi_012"": 2, ""training_set_primary_roi_101"": 2, ""training_set_metastatic_roi_018"": 1, ""training_set_metastatic_roi_066"": 1, ""training_set_metastatic_roi_067"": 1, ""training_set_metastatic_roi_069"": 1, ""training_set_primary_roi_098"": 1, ""training_set_primary_roi_051"": 1}",208
A0_s17_cv0,5,"P4 exact A5 parity rerun, not original P3 measurement","[14, 23, 17, 27, 14, 23, 27, 20, 20, 23]",127,0.38942307692307687,75,NOT RECORDED IN ORIGINAL RUN,"{""training_set_primary_roi_083"": 6, ""training_set_primary_roi_044"": 3, ""training_set_primary_roi_084"": 5, ""training_set_primary_roi_036"": 5, ""training_set_primary_roi_021"": 1, ""training_set_primary_roi_042"": 4, ""training_set_primary_roi_076"": 4, ""training_set_primary_roi_007"": 8, ""training_set_metastatic_roi_075"": 2, ""training_set_metastatic_roi_046"": 5, ""training_set_primary_roi_048"": 7, ""training_set_metastatic_roi_028"": 2, ""training_set_metastatic_roi_101"": 3, ""training_set_primary_roi_057"": 8, ""training_set_metastatic_roi_067"": 3, ""training_set_primary_roi_023"": 6, ""training_set_primary_roi_020"": 3, ""training_set_primary_roi_052"": 6, ""training_set_metastatic_roi_081"": 1, ""training_set_metastatic_roi_083"": 1, ""training_set_metastatic_roi_092"": 2, ""training_set_metastatic_roi_016"": 6, ""training_set_metastatic_roi_062"": 1, ""training_set_primary_roi_067"": 3, ""training_set_primary_roi_004"": 4, ""training_set_primary_roi_073"": 3, ""training_set_primary_roi_029"": 6, ""training_set_primary_roi_041"": 1, ""training_set_primary_roi_060"": 5, ""training_set_metastatic_roi_018"": 1, ""training_set_metastatic_roi_073"": 2, ""training_set_primary_roi_024"": 3, ""training_set_metastatic_roi_078"": 1, ""training_set_metastatic_roi_022"": 1, ""training_set_primary_roi_095"": 1, ""training_set_primary_roi_098"": 3, ""training_set_metastatic_roi_055"": 4, ""training_set_metastatic_roi_072"": 5, ""training_set_metastatic_roi_086"": 2, ""training_set_primary_roi_027"": 1, ""training_set_metastatic_roi_085"": 1, ""training_set_primary_roi_030"": 6, ""training_set_metastatic_roi_017"": 3, ""training_set_metastatic_roi_014"": 2, ""training_set_primary_roi_063"": 3, ""training_set_primary_roi_001"": 1, ""training_set_primary_roi_075"": 1, ""training_set_metastatic_roi_010"": 3, ""training_set_primary_roi_038"": 2, ""training_set_primary_roi_037"": 3, ""training_set_primary_roi_068"": 3, ""training_set_metastatic_roi_008"": 3, ""training_set_primary_roi_055"": 2, ""training_set_primary_roi_002"": 3, ""training_set_primary_roi_016"": 3, ""training_set_metastatic_roi_069"": 1, ""training_set_metastatic_roi_100"": 1, ""training_set_primary_roi_025"": 2, ""training_set_primary_roi_087"": 4, ""training_set_primary_roi_054"": 1, ""training_set_primary_roi_031"": 2, ""training_set_metastatic_roi_095"": 2, ""training_set_metastatic_roi_037"": 1, ""training_set_metastatic_roi_056"": 2, ""training_set_primary_roi_086"": 1, ""training_set_primary_roi_064"": 1, ""training_set_metastatic_roi_066"": 2, ""training_set_metastatic_roi_047"": 4, ""training_set_primary_roi_022"": 1, ""training_set_metastatic_roi_003"": 1, ""training_set_primary_roi_017"": 1, ""training_set_metastatic_roi_024"": 1, ""training_set_primary_roi_101"": 1, ""training_set_primary_roi_028"": 1, ""training_set_metastatic_roi_015"": 1}",208
A0_s17_cv0,6,"P4 exact A5 parity rerun, not original P3 measurement","[21, 22, 25, 17, 18, 19, 18, 22, 23, 23]",126,0.3942307692307693,76,NOT RECORDED IN ORIGINAL RUN,"{""training_set_primary_roi_083"": 5, ""training_set_metastatic_roi_008"": 1, ""training_set_primary_roi_068"": 8, ""training_set_primary_roi_067"": 3, ""training_set_metastatic_roi_073"": 3, ""training_set_metastatic_roi_025"": 8, ""training_set_metastatic_roi_072"": 5, ""training_set_metastatic_roi_056"": 4, ""training_set_primary_roi_101"": 4, ""training_set_metastatic_roi_101"": 4, ""training_set_primary_roi_054"": 2, ""training_set_primary_roi_076"": 4, ""training_set_primary_roi_041"": 5, ""training_set_primary_roi_022"": 4, ""training_set_metastatic_roi_016"": 6, ""training_set_metastatic_roi_046"": 5, ""training_set_metastatic_roi_018"": 2, ""training_set_primary_roi_052"": 3, ""training_set_primary_roi_057"": 7, ""training_set_metastatic_roi_075"": 1, ""training_set_primary_roi_036"": 6, ""training_set_metastatic_roi_047"": 4, ""training_set_primary_roi_031"": 3, ""training_set_primary_roi_021"": 1, ""training_set_metastatic_roi_004"": 1, ""training_set_primary_roi_098"": 1, ""training_set_primary_roi_004"": 5, ""training_set_primary_roi_037"": 3, ""training_set_metastatic_roi_092"": 5, ""training_set_primary_roi_060"": 1, ""training_set_primary_roi_020"": 3, ""training_set_primary_roi_087"": 3, ""training_set_metastatic_roi_015"": 1, ""training_set_primary_roi_025"": 7, ""training_set_primary_roi_048"": 6, ""training_set_primary_roi_063"": 2, ""training_set_primary_roi_024"": 4, ""training_set_primary_roi_047"": 3, ""training_set_metastatic_roi_014"": 2, ""training_set_metastatic_roi_078"": 4, ""training_set_metastatic_roi_055"": 5, ""training_set_primary_roi_023"": 2, ""training_set_primary_roi_007"": 1, ""training_set_metastatic_roi_037"": 1, ""training_set_metastatic_roi_088"": 3, ""training_set_primary_roi_095"": 2, ""training_set_primary_roi_016"": 6, ""training_set_metastatic_roi_035"": 2, ""training_set_primary_roi_044"": 1, ""training_set_primary_roi_042"": 3, ""training_set_primary_roi_086"": 2, ""training_set_primary_roi_064"": 2, ""training_set_metastatic_roi_062"": 1, ""training_set_metastatic_roi_053"": 2, ""training_set_primary_roi_073"": 1, ""training_set_metastatic_roi_028"": 2, ""training_set_metastatic_roi_085"": 1, ""training_set_primary_roi_030"": 2, ""training_set_primary_roi_002"": 1, ""training_set_primary_roi_038"": 2, ""training_set_primary_roi_029"": 1, ""training_set_primary_roi_017"": 1, ""training_set_metastatic_roi_069"": 1, ""training_set_primary_roi_051"": 1, ""training_set_metastatic_roi_017"": 1, ""training_set_metastatic_roi_036"": 2, ""training_set_primary_roi_040"": 1, ""training_set_metastatic_roi_095"": 1, ""training_set_primary_roi_055"": 1, ""training_set_primary_roi_093"": 1, ""training_set_metastatic_roi_024"": 1, ""training_set_metastatic_roi_083"": 1, ""training_set_primary_roi_075"": 1, ""training_set_metastatic_roi_102"": 1, ""training_set_metastatic_roi_051"": 1, ""training_set_primary_roi_069"": 1}",208
A0_s17_cv0,7,"P4 exact A5 parity rerun, not original P3 measurement","[20, 16, 22, 26, 25, 18, 9, 18, 24, 30]",125,0.39903846153846156,71,NOT RECORDED IN ORIGINAL RUN,"{""training_set_primary_roi_083"": 11, ""training_set_metastatic_roi_046"": 1, ""training_set_primary_roi_052"": 8, ""training_set_primary_roi_007"": 6, ""training_set_primary_roi_041"": 1, ""training_set_primary_roi_064"": 2, ""training_set_metastatic_roi_016"": 7, ""training_set_primary_roi_048"": 7, ""training_set_metastatic_roi_056"": 7, ""training_set_metastatic_roi_088"": 1, ""training_set_metastatic_roi_010"": 2, ""training_set_metastatic_roi_092"": 2, ""training_set_metastatic_roi_102"": 3, ""training_set_metastatic_roi_017"": 7, ""training_set_metastatic_roi_075"": 1, ""training_set_metastatic_roi_072"": 3, ""training_set_primary_roi_095"": 2, ""training_set_primary_roi_073"": 4, ""training_set_primary_roi_017"": 3, ""training_set_primary_roi_068"": 10, ""training_set_metastatic_roi_049"": 2, ""training_set_primary_roi_020"": 2, ""training_set_metastatic_roi_085"": 2, ""training_set_primary_roi_044"": 6, ""training_set_primary_roi_060"": 6, ""training_set_metastatic_roi_068"": 2, ""training_set_metastatic_roi_051"": 3, ""training_set_primary_roi_057"": 8, ""training_set_primary_roi_036"": 2, ""training_set_primary_roi_021"": 2, ""training_set_primary_roi_084"": 1, ""training_set_primary_roi_031"": 3, ""training_set_primary_roi_087"": 3, ""training_set_primary_roi_063"": 1, ""training_set_metastatic_roi_018"": 1, ""training_set_primary_roi_022"": 3, ""training_set_primary_roi_086"": 4, ""training_set_primary_roi_101"": 1, ""training_set_metastatic_roi_095"": 2, ""training_set_primary_roi_029"": 4, ""training_set_metastatic_roi_025"": 3, ""training_set_primary_roi_040"": 2, ""training_set_primary_roi_037"": 5, ""training_set_primary_roi_030"": 2, ""training_set_primary_roi_002"": 2, ""training_set_primary_roi_025"": 4, ""training_set_metastatic_roi_022"": 4, ""training_set_metastatic_roi_101"": 2, ""training_set_primary_roi_042"": 4, ""training_set_primary_roi_038"": 3, ""training_set_primary_roi_023"": 2, ""training_set_metastatic_roi_028"": 2, ""training_set_metastatic_roi_047"": 2, ""training_set_metastatic_roi_024"": 1, ""training_set_primary_roi_024"": 2, ""training_set_metastatic_roi_035"": 1, ""training_set_metastatic_roi_066"": 2, ""training_set_metastatic_roi_008"": 2, ""training_set_primary_roi_093"": 1, ""training_set_metastatic_roi_086"": 1, ""training_set_primary_roi_076"": 1, ""training_set_primary_roi_067"": 1, ""training_set_metastatic_roi_073"": 1, ""training_set_primary_roi_004"": 3, ""training_set_primary_roi_016"": 3, ""training_set_primary_roi_028"": 1, ""training_set_primary_roi_055"": 1, ""training_set_metastatic_roi_055"": 1, ""training_set_metastatic_roi_062"": 1, ""training_set_primary_roi_047"": 1, ""training_set_primary_roi_054"": 1}",208
A0_s17_cv0,8,"P4 exact A5 parity rerun, not original P3 measurement","[18, 19, 22, 24, 21, 24, 21, 12, 19, 28]",119,0.4278846153846154,71,NOT RECORDED IN ORIGINAL RUN,"{""training_set_primary_roi_068"": 12, ""training_set_metastatic_roi_014"": 3, ""training_set_primary_roi_041"": 4, ""training_set_primary_roi_007"": 5, ""training_set_metastatic_roi_046"": 4, ""training_set_primary_roi_052"": 5, ""training_set_metastatic_roi_056"": 3, ""training_set_primary_roi_064"": 2, ""training_set_primary_roi_040"": 1, ""training_set_primary_roi_016"": 8, ""training_set_primary_roi_027"": 1, ""training_set_primary_roi_065"": 3, ""training_set_primary_roi_060"": 2, ""training_set_primary_roi_051"": 4, ""training_set_primary_roi_063"": 1, ""training_set_metastatic_roi_016"": 10, ""training_set_primary_roi_086"": 2, ""training_set_primary_roi_044"": 2, ""training_set_primary_roi_083"": 8, ""training_set_primary_roi_057"": 5, ""training_set_metastatic_roi_075"": 2, ""training_set_metastatic_roi_086"": 3, ""training_set_primary_roi_038"": 6, ""training_set_primary_roi_047"": 6, ""training_set_metastatic_roi_100"": 2, ""training_set_metastatic_roi_066"": 2, ""training_set_metastatic_roi_072"": 3, ""training_set_primary_roi_031"": 4, ""training_set_metastatic_roi_055"": 3, ""training_set_primary_roi_048"": 3, ""training_set_primary_roi_084"": 3, ""training_set_primary_roi_037"": 2, ""training_set_metastatic_roi_069"": 1, ""training_set_metastatic_roi_062"": 2, ""training_set_metastatic_roi_053"": 1, ""training_set_primary_roi_055"": 2, ""training_set_primary_roi_097"": 1, ""training_set_primary_roi_021"": 1, ""training_set_metastatic_roi_101"": 3, ""training_set_metastatic_roi_047"": 4, ""training_set_metastatic_roi_008"": 3, ""training_set_primary_roi_101"": 4, ""training_set_metastatic_roi_025"": 4, ""training_set_primary_roi_042"": 4, ""training_set_primary_roi_054"": 2, ""training_set_metastatic_roi_028"": 1, ""training_set_primary_roi_002"": 2, ""training_set_primary_roi_029"": 2, ""training_set_primary_roi_073"": 5, ""training_set_metastatic_roi_073"": 2, ""training_set_metastatic_roi_017"": 2, ""training_set_metastatic_roi_078"": 1, ""training_set_primary_roi_093"": 1, ""training_set_primary_roi_023"": 3, ""training_set_primary_roi_022"": 5, ""training_set_primary_roi_025"": 5, ""training_set_metastatic_roi_092"": 2, ""training_set_metastatic_roi_022"": 2, ""training_set_metastatic_roi_004"": 1, ""training_set_primary_roi_004"": 3, ""training_set_primary_roi_069"": 2, ""training_set_metastatic_roi_015"": 1, ""training_set_metastatic_roi_085"": 2, ""training_set_metastatic_roi_095"": 1, ""training_set_metastatic_roi_067"": 1, ""training_set_primary_roi_098"": 2, ""training_set_metastatic_roi_068"": 1, ""training_set_metastatic_roi_010"": 1, ""training_set_primary_roi_017"": 1, ""training_set_primary_roi_095"": 2, ""training_set_primary_roi_076"": 1}",208
A0_s17_cv0,9,"P4 exact A5 parity rerun, not original P3 measurement","[17, 18, 29, 18, 18, 22, 27, 18, 23, 18]",126,0.3942307692307693,75,NOT RECORDED IN ORIGINAL RUN,"{""training_set_primary_roi_068"": 5, ""training_set_primary_roi_040"": 3, ""training_set_primary_roi_069"": 2, ""training_set_primary_roi_057"": 4, ""training_set_metastatic_roi_056"": 4, ""training_set_primary_roi_044"": 8, ""training_set_primary_roi_076"": 4, ""training_set_primary_roi_036"": 4, ""training_set_primary_roi_083"": 3, ""training_set_metastatic_roi_101"": 3, ""training_set_metastatic_roi_100"": 2, ""training_set_metastatic_roi_047"": 6, ""training_set_primary_roi_048"": 7, ""training_set_primary_roi_016"": 4, ""training_set_primary_roi_041"": 5, ""training_set_metastatic_roi_072"": 9, ""training_set_primary_roi_101"": 4, ""training_set_primary_roi_087"": 3, ""training_set_metastatic_roi_055"": 3, ""training_set_primary_roi_037"": 7, ""training_set_metastatic_roi_073"": 3, ""training_set_metastatic_roi_016"": 3, ""training_set_metastatic_roi_092"": 3, ""training_set_metastatic_roi_017"": 7, ""training_set_primary_roi_073"": 4, ""training_set_primary_roi_029"": 4, ""training_set_metastatic_roi_010"": 2, ""training_set_primary_roi_002"": 2, ""training_set_metastatic_roi_069"": 3, ""training_set_metastatic_roi_086"": 2, ""training_set_metastatic_roi_024"": 3, ""training_set_metastatic_roi_025"": 3, ""training_set_primary_roi_020"": 3, ""training_set_primary_roi_052"": 3, ""training_set_primary_roi_067"": 1, ""training_set_primary_roi_086"": 2, ""training_set_primary_roi_093"": 1, ""training_set_metastatic_roi_053"": 1, ""training_set_metastatic_roi_102"": 2, ""training_set_metastatic_roi_022"": 2, ""training_set_metastatic_roi_046"": 5, ""training_set_metastatic_roi_068"": 1, ""training_set_metastatic_roi_083"": 1, ""training_set_primary_roi_042"": 1, ""training_set_metastatic_roi_067"": 2, ""training_set_primary_roi_025"": 3, ""training_set_primary_roi_024"": 3, ""training_set_metastatic_roi_035"": 1, ""training_set_primary_roi_064"": 1, ""training_set_primary_roi_095"": 5, ""training_set_primary_roi_063"": 1, ""training_set_primary_roi_054"": 3, ""training_set_primary_roi_047"": 2, ""training_set_primary_roi_084"": 2, ""training_set_primary_roi_065"": 1, ""training_set_primary_roi_098"": 1, ""training_set_primary_roi_004"": 2, ""training_set_primary_roi_021"": 2, ""training_set_metastatic_roi_037"": 1, ""training_set_primary_roi_007"": 6, ""training_set_metastatic_roi_028"": 1, ""training_set_primary_roi_022"": 3, ""training_set_metastatic_roi_085"": 2, ""training_set_primary_roi_030"": 1, ""training_set_metastatic_roi_066"": 1, ""training_set_primary_roi_001"": 1, ""training_set_metastatic_roi_075"": 1, ""training_set_primary_roi_038"": 3, ""training_set_metastatic_roi_018"": 1, ""training_set_primary_roi_023"": 1, ""training_set_metastatic_roi_004"": 1, ""training_set_metastatic_roi_088"": 1, ""training_set_metastatic_roi_015"": 1, ""training_set_primary_roi_031"": 1, ""training_set_primary_roi_060"": 1}",208
A0_s17_cv0,10,"P4 exact A5 parity rerun, not original P3 measurement","[20, 25, 24, 18, 14, 16, 19, 22, 26, 24]",126,0.3942307692307693,75,NOT RECORDED IN ORIGINAL RUN,"{""training_set_primary_roi_024"": 3, ""training_set_primary_roi_101"": 4, ""training_set_primary_roi_020"": 2, ""training_set_metastatic_roi_072"": 5, ""training_set_metastatic_roi_016"": 4, ""training_set_primary_roi_037"": 3, ""training_set_metastatic_roi_025"": 3, ""training_set_primary_roi_007"": 6, ""training_set_primary_roi_073"": 2, ""training_set_primary_roi_023"": 2, ""training_set_primary_roi_068"": 5, ""training_set_primary_roi_030"": 3, ""training_set_primary_roi_022"": 5, ""training_set_primary_roi_048"": 12, ""training_set_primary_roi_044"": 1, ""training_set_primary_roi_016"": 4, ""training_set_metastatic_roi_047"": 5, ""training_set_primary_roi_098"": 2, ""training_set_primary_roi_038"": 3, ""training_set_metastatic_roi_055"": 6, ""training_set_primary_roi_051"": 2, ""training_set_metastatic_roi_008"": 2, ""training_set_primary_roi_057"": 7, ""training_set_primary_roi_036"": 6, ""training_set_primary_roi_084"": 2, ""training_set_primary_roi_069"": 1, ""training_set_primary_roi_029"": 1, ""training_set_metastatic_roi_066"": 2, ""training_set_metastatic_roi_095"": 1, ""training_set_primary_roi_076"": 1, ""training_set_primary_roi_063"": 3, ""training_set_primary_roi_021"": 1, ""training_set_metastatic_roi_092"": 5, ""training_set_metastatic_roi_003"": 1, ""training_set_primary_roi_060"": 2, ""training_set_metastatic_roi_049"": 2, ""training_set_primary_roi_095"": 3, ""training_set_metastatic_roi_075"": 1, ""training_set_metastatic_roi_083"": 1, ""training_set_primary_roi_052"": 5, ""training_set_metastatic_roi_028"": 2, ""training_set_metastatic_roi_053"": 3, ""training_set_primary_roi_025"": 4, ""training_set_metastatic_roi_085"": 2, ""training_set_metastatic_roi_022"": 4, ""training_set_metastatic_roi_046"": 1, ""training_set_primary_roi_041"": 1, ""training_set_metastatic_roi_063"": 1, ""training_set_metastatic_roi_010"": 2, ""training_set_primary_roi_054"": 3, ""training_set_primary_roi_083"": 5, ""training_set_primary_roi_031"": 1, ""training_set_primary_roi_055"": 1, ""training_set_metastatic_roi_073"": 3, ""training_set_metastatic_roi_017"": 4, ""training_set_primary_roi_027"": 2, ""training_set_primary_roi_047"": 3, ""training_set_primary_roi_040"": 5, ""training_set_primary_roi_087"": 1, ""training_set_primary_roi_004"": 1, ""training_set_primary_roi_042"": 3, ""training_set_metastatic_roi_069"": 6, ""training_set_metastatic_roi_018"": 2, ""training_set_primary_roi_086"": 2, ""training_set_metastatic_roi_101"": 3, ""training_set_metastatic_roi_056"": 3, ""training_set_primary_roi_067"": 2, ""training_set_primary_roi_002"": 1, ""training_set_metastatic_roi_086"": 1, ""training_set_primary_roi_001"": 1, ""training_set_primary_roi_093"": 1, ""training_set_metastatic_roi_036"": 2, ""training_set_metastatic_roi_067"": 1, ""training_set_metastatic_roi_062"": 1, ""training_set_metastatic_roi_024"": 1}",208
A0_s17_cv1,1,"P4 exact A5 parity rerun, not original P3 measurement","[21, 19, 19, 10, 15, 26, 23, 20, 15, 23]",113,0.4083769633507853,77,NOT RECORDED IN ORIGINAL RUN,"{""training_set_primary_roi_013"": 1, ""training_set_primary_roi_047"": 4, ""training_set_metastatic_roi_071"": 1, ""training_set_metastatic_roi_022"": 1, ""training_set_primary_roi_061"": 2, ""training_set_metastatic_roi_055"": 2, ""training_set_primary_roi_079"": 4, ""training_set_metastatic_roi_001"": 2, ""training_set_primary_roi_068"": 7, ""training_set_primary_roi_065"": 2, ""training_set_primary_roi_099"": 9, ""training_set_primary_roi_032"": 4, ""training_set_primary_roi_057"": 8, ""training_set_metastatic_roi_049"": 2, ""training_set_primary_roi_101"": 2, ""training_set_metastatic_roi_075"": 3, ""training_set_primary_roi_059"": 3, ""training_set_metastatic_roi_032"": 2, ""training_set_metastatic_roi_072"": 8, ""training_set_metastatic_roi_020"": 2, ""training_set_primary_roi_058"": 6, ""training_set_metastatic_roi_040"": 1, ""training_set_primary_roi_030"": 1, ""training_set_primary_roi_054"": 1, ""training_set_metastatic_roi_026"": 4, ""training_set_primary_roi_045"": 2, ""training_set_metastatic_roi_051"": 1, ""training_set_primary_roi_031"": 2, ""training_set_metastatic_roi_002"": 2, ""training_set_primary_roi_043"": 1, ""training_set_metastatic_roi_102"": 1, ""training_set_primary_roi_037"": 4, ""training_set_primary_roi_069"": 1, ""training_set_metastatic_roi_066"": 3, ""training_set_metastatic_roi_017"": 3, ""training_set_primary_roi_080"": 3, ""training_set_metastatic_roi_094"": 5, ""training_set_metastatic_roi_061"": 1, ""training_set_primary_roi_010"": 2, ""training_set_primary_roi_017"": 1, ""training_set_primary_roi_018"": 1, ""training_set_primary_roi_007"": 5, ""training_set_metastatic_roi_037"": 5, ""training_set_metastatic_roi_011"": 1, ""training_set_primary_roi_005"": 3, ""training_set_primary_roi_011"": 6, ""training_set_primary_roi_015"": 3, ""training_set_primary_roi_002"": 4, ""training_set_primary_roi_049"": 5, ""training_set_metastatic_roi_046"": 3, ""training_set_primary_roi_097"": 2, ""training_set_metastatic_roi_059"": 3, ""training_set_primary_roi_029"": 4, ""training_set_metastatic_roi_095"": 2, ""training_set_primary_roi_062"": 1, ""training_set_metastatic_roi_036"": 1, ""training_set_primary_roi_091"": 2, ""training_set_primary_roi_098"": 1, ""training_set_primary_roi_022"": 1, ""training_set_primary_roi_095"": 1, ""training_set_primary_roi_012"": 4, ""training_set_primary_roi_084"": 1, ""training_set_metastatic_roi_100"": 1, ""training_set_primary_roi_087"": 2, ""training_set_primary_roi_081"": 2, ""training_set_metastatic_roi_031"": 2, ""training_set_primary_roi_089"": 1, ""training_set_metastatic_roi_054"": 1, ""training_set_primary_roi_076"": 1, ""training_set_metastatic_roi_091"": 1, ""training_set_metastatic_roi_084"": 1, ""training_set_primary_roi_102"": 1, ""training_set_metastatic_roi_087"": 1, ""training_set_metastatic_roi_068"": 1, ""training_set_metastatic_roi_014"": 1, ""training_set_metastatic_roi_057"": 1, ""training_set_primary_roi_096"": 1}",191
A0_s17_cv1,2,"P4 exact A5 parity rerun, not original P3 measurement","[25, 20, 20, 20, 16, 14, 8, 21, 28, 19]",115,0.39790575916230364,74,NOT RECORDED IN ORIGINAL RUN,"{""training_set_primary_roi_068"": 10, ""training_set_primary_roi_037"": 1, ""training_set_metastatic_roi_072"": 5, ""training_set_metastatic_roi_097"": 3, ""training_set_primary_roi_081"": 1, ""training_set_metastatic_roi_055"": 3, ""training_set_primary_roi_102"": 4, ""training_set_primary_roi_007"": 5, ""training_set_primary_roi_017"": 1, ""training_set_primary_roi_002"": 3, ""training_set_metastatic_roi_061"": 1, ""training_set_primary_roi_029"": 7, ""training_set_metastatic_roi_026"": 8, ""training_set_metastatic_roi_075"": 5, ""training_set_primary_roi_095"": 5, ""training_set_metastatic_roi_051"": 1, ""training_set_primary_roi_059"": 1, ""training_set_primary_roi_013"": 4, ""training_set_metastatic_roi_011"": 2, ""training_set_primary_roi_047"": 2, ""training_set_primary_roi_030"": 2, ""training_set_metastatic_roi_001"": 2, ""training_set_primary_roi_099"": 6, ""training_set_primary_roi_080"": 2, ""training_set_metastatic_roi_014"": 2, ""training_set_metastatic_roi_057"": 5, ""training_set_primary_roi_045"": 1, ""training_set_primary_roi_074"": 3, ""training_set_primary_roi_087"": 3, ""training_set_metastatic_roi_066"": 2, ""training_set_primary_roi_101"": 5, ""training_set_primary_roi_057"": 3, ""training_set_metastatic_roi_012"": 2, ""training_set_metastatic_roi_068"": 2, ""training_set_primary_roi_058"": 3, ""training_set_metastatic_roi_094"": 2, ""training_set_metastatic_roi_071"": 2, ""training_set_primary_roi_032"": 2, ""training_set_metastatic_roi_034"": 3, ""training_set_primary_roi_005"": 2, ""training_set_metastatic_roi_049"": 3, ""training_set_metastatic_roi_046"": 3, ""training_set_metastatic_roi_059"": 2, ""training_set_primary_roi_096"": 2, ""training_set_primary_roi_061"": 3, ""training_set_primary_roi_011"": 5, ""training_set_primary_roi_049"": 2, ""training_set_metastatic_roi_039"": 2, ""training_set_primary_roi_091"": 3, ""training_set_primary_roi_012"": 2, ""training_set_primary_roi_010"": 4, ""training_set_primary_roi_015"": 1, ""training_set_primary_roi_076"": 3, ""training_set_primary_roi_001"": 1, ""training_set_primary_roi_084"": 3, ""training_set_primary_roi_079"": 2, ""training_set_primary_roi_062"": 1, ""training_set_metastatic_roi_087"": 2, ""training_set_metastatic_roi_022"": 1, ""training_set_primary_roi_031"": 2, ""training_set_primary_roi_034"": 1, ""training_set_metastatic_roi_036"": 1, ""training_set_metastatic_roi_002"": 1, ""training_set_metastatic_roi_031"": 1, ""training_set_metastatic_roi_091"": 3, ""training_set_metastatic_roi_084"": 1, ""training_set_metastatic_roi_017"": 3, ""training_set_primary_roi_089"": 1, ""training_set_primary_roi_043"": 1, ""training_set_primary_roi_055"": 1, ""training_set_primary_roi_027"": 1, ""training_set_primary_roi_038"": 1, ""training_set_metastatic_roi_032"": 1, ""training_set_metastatic_roi_067"": 1}",191
A0_s17_cv1,3,"P4 exact A5 parity rerun, not original P3 measurement","[23, 21, 12, 16, 12, 25, 21, 21, 19, 21]",115,0.39790575916230364,69,NOT RECORDED IN ORIGINAL RUN,"{""training_set_primary_roi_032"": 5, ""training_set_primary_roi_013"": 5, ""training_set_primary_roi_080"": 2, ""training_set_primary_roi_095"": 4, ""training_set_primary_roi_076"": 5, ""training_set_primary_roi_007"": 6, ""training_set_primary_roi_012"": 4, ""training_set_metastatic_roi_057"": 2, ""training_set_primary_roi_047"": 3, ""training_set_metastatic_roi_094"": 1, ""training_set_metastatic_roi_017"": 2, ""training_set_primary_roi_062"": 2, ""training_set_primary_roi_068"": 3, ""training_set_metastatic_roi_031"": 3, ""training_set_primary_roi_015"": 2, ""training_set_metastatic_roi_026"": 8, ""training_set_primary_roi_087"": 3, ""training_set_metastatic_roi_100"": 3, ""training_set_primary_roi_037"": 4, ""training_set_primary_roi_102"": 2, ""training_set_primary_roi_058"": 3, ""training_set_metastatic_roi_072"": 2, ""training_set_metastatic_roi_055"": 5, ""training_set_primary_roi_017"": 2, ""training_set_primary_roi_011"": 5, ""training_set_metastatic_roi_066"": 3, ""training_set_primary_roi_030"": 2, ""training_set_metastatic_roi_075"": 3, ""training_set_primary_roi_099"": 3, ""training_set_primary_roi_057"": 10, ""training_set_primary_roi_055"": 1, ""training_set_primary_roi_054"": 1, ""training_set_metastatic_roi_061"": 2, ""training_set_primary_roi_091"": 2, ""training_set_primary_roi_001"": 2, ""training_set_metastatic_roi_091"": 2, ""training_set_primary_roi_084"": 3, ""training_set_metastatic_roi_097"": 2, ""training_set_primary_roi_039"": 2, ""training_set_primary_roi_081"": 2, ""training_set_metastatic_roi_095"": 2, ""training_set_primary_roi_074"": 1, ""training_set_primary_roi_002"": 2, ""training_set_primary_roi_101"": 3, ""training_set_primary_roi_049"": 3, ""training_set_primary_roi_038"": 2, ""training_set_primary_roi_045"": 3, ""training_set_primary_roi_022"": 4, ""training_set_primary_roi_059"": 6, ""training_set_metastatic_roi_001"": 2, ""training_set_primary_roi_096"": 5, ""training_set_metastatic_roi_037"": 2, ""training_set_metastatic_roi_102"": 4, ""training_set_metastatic_roi_049"": 1, ""training_set_primary_roi_079"": 4, ""training_set_primary_roi_018"": 1, ""training_set_primary_roi_098"": 1, ""training_set_metastatic_roi_011"": 1, ""training_set_metastatic_roi_063"": 1, ""training_set_metastatic_roi_068"": 1, ""training_set_metastatic_roi_022"": 2, ""training_set_primary_roi_089"": 3, ""training_set_primary_roi_027"": 3, ""training_set_metastatic_roi_087"": 2, ""training_set_metastatic_roi_014"": 1, ""training_set_metastatic_roi_059"": 1, ""training_set_metastatic_roi_071"": 1, ""training_set_primary_roi_005"": 2, ""training_set_metastatic_roi_046"": 1}",191
A0_s17_cv1,4,"P4 exact A5 parity rerun, not original P3 measurement","[25, 25, 17, 19, 22, 10, 20, 14, 22, 17]",126,0.3403141361256544,75,NOT RECORDED IN ORIGINAL RUN,"{""training_set_primary_roi_079"": 6, ""training_set_primary_roi_002"": 4, ""training_set_primary_roi_032"": 3, ""training_set_primary_roi_015"": 3, ""training_set_primary_roi_084"": 6, ""training_set_metastatic_roi_057"": 4, ""training_set_primary_roi_081"": 2, ""training_set_primary_roi_030"": 4, ""training_set_primary_roi_062"": 3, ""training_set_primary_roi_091"": 3, ""training_set_metastatic_roi_020"": 1, ""training_set_primary_roi_054"": 5, ""training_set_metastatic_roi_063"": 2, ""training_set_primary_roi_045"": 4, ""training_set_primary_roi_068"": 10, ""training_set_metastatic_roi_087"": 2, ""training_set_metastatic_roi_026"": 4, ""training_set_metastatic_roi_055"": 4, ""training_set_metastatic_roi_059"": 3, ""training_set_primary_roi_057"": 9, ""training_set_primary_roi_095"": 3, ""training_set_metastatic_roi_075"": 2, ""training_set_primary_roi_012"": 3, ""training_set_metastatic_roi_046"": 3, ""training_set_primary_roi_049"": 1, ""training_set_metastatic_roi_061"": 2, ""training_set_primary_roi_039"": 1, ""training_set_primary_roi_076"": 3, ""training_set_primary_roi_102"": 1, ""training_set_metastatic_roi_102"": 1, ""training_set_primary_roi_074"": 6, ""training_set_primary_roi_013"": 3, ""training_set_metastatic_roi_001"": 2, ""training_set_metastatic_roi_078"": 2, ""training_set_primary_roi_038"": 3, ""training_set_primary_roi_010"": 1, ""training_set_metastatic_roi_011"": 2, ""training_set_metastatic_roi_100"": 2, ""training_set_metastatic_roi_040"": 1, ""training_set_metastatic_roi_017"": 4, ""training_set_primary_roi_098"": 1, ""training_set_metastatic_roi_094"": 2, ""training_set_primary_roi_099"": 2, ""training_set_primary_roi_089"": 1, ""training_set_primary_roi_027"": 1, ""training_set_metastatic_roi_091"": 3, ""training_set_primary_roi_096"": 1, ""training_set_primary_roi_005"": 2, ""training_set_primary_roi_080"": 2, ""training_set_primary_roi_031"": 2, ""training_set_primary_roi_043"": 2, ""training_set_primary_roi_097"": 1, ""training_set_primary_roi_065"": 2, ""training_set_primary_roi_101"": 1, ""training_set_primary_roi_007"": 6, ""training_set_primary_roi_011"": 1, ""training_set_metastatic_roi_039"": 2, ""training_set_metastatic_roi_095"": 1, ""training_set_primary_roi_037"": 4, ""training_set_metastatic_roi_072"": 3, ""training_set_primary_roi_047"": 1, ""training_set_primary_roi_022"": 1, ""training_set_metastatic_roi_054"": 2, ""training_set_primary_roi_059"": 4, ""training_set_primary_roi_061"": 2, ""training_set_primary_roi_029"": 4, ""training_set_metastatic_roi_049"": 1, ""training_set_metastatic_roi_066"": 1, ""training_set_metastatic_roi_093"": 1, ""training_set_primary_roi_001"": 1, ""training_set_metastatic_roi_097"": 1, ""training_set_primary_roi_087"": 1, ""training_set_metastatic_roi_031"": 1, ""training_set_primary_roi_018"": 1, ""training_set_metastatic_roi_032"": 1}",191
A0_s17_cv1,5,"P4 exact A5 parity rerun, not original P3 measurement","[22, 19, 22, 16, 19, 19, 14, 18, 20, 22]",118,0.38219895287958117,74,NOT RECORDED IN ORIGINAL RUN,"{""training_set_primary_roi_029"": 6, ""training_set_metastatic_roi_017"": 6, ""training_set_metastatic_roi_046"": 4, ""training_set_primary_roi_032"": 5, ""training_set_primary_roi_011"": 3, ""training_set_primary_roi_087"": 4, ""training_set_metastatic_roi_037"": 1, ""training_set_metastatic_roi_100"": 4, ""training_set_metastatic_roi_059"": 1, ""training_set_metastatic_roi_057"": 4, ""training_set_primary_roi_037"": 4, ""training_set_metastatic_roi_011"": 5, ""training_set_primary_roi_102"": 2, ""training_set_metastatic_roi_014"": 4, ""training_set_primary_roi_089"": 1, ""training_set_primary_roi_084"": 2, ""training_set_metastatic_roi_055"": 5, ""training_set_metastatic_roi_094"": 2, ""training_set_primary_roi_012"": 2, ""training_set_metastatic_roi_087"": 4, ""training_set_primary_roi_007"": 5, ""training_set_primary_roi_015"": 7, ""training_set_metastatic_roi_026"": 3, ""training_set_primary_roi_079"": 5, ""training_set_primary_roi_096"": 6, ""training_set_metastatic_roi_066"": 1, ""training_set_primary_roi_099"": 4, ""training_set_primary_roi_031"": 4, ""training_set_metastatic_roi_068"": 1, ""training_set_primary_roi_068"": 10, ""training_set_primary_roi_030"": 1, ""training_set_metastatic_roi_075"": 2, ""training_set_metastatic_roi_071"": 2, ""training_set_primary_roi_057"": 4, ""training_set_primary_roi_049"": 2, ""training_set_primary_roi_076"": 2, ""training_set_metastatic_roi_031"": 1, ""training_set_primary_roi_039"": 1, ""training_set_primary_roi_101"": 4, ""training_set_primary_roi_091"": 3, ""training_set_primary_roi_022"": 1, ""training_set_primary_roi_058"": 3, ""training_set_metastatic_roi_061"": 1, ""training_set_primary_roi_065"": 3, ""training_set_primary_roi_054"": 2, ""training_set_primary_roi_047"": 3, ""training_set_primary_roi_010"": 3, ""training_set_metastatic_roi_078"": 1, ""training_set_metastatic_roi_039"": 1, ""training_set_metastatic_roi_036"": 1, ""training_set_primary_roi_095"": 3, ""training_set_metastatic_roi_067"": 2, ""training_set_primary_roi_059"": 2, ""training_set_metastatic_roi_095"": 1, ""training_set_metastatic_roi_063"": 1, ""training_set_primary_roi_013"": 1, ""training_set_primary_roi_045"": 1, ""training_set_primary_roi_061"": 2, ""training_set_metastatic_roi_084"": 1, ""training_set_metastatic_roi_072"": 1, ""training_set_metastatic_roi_093"": 1, ""training_set_metastatic_roi_091"": 2, ""training_set_metastatic_roi_020"": 1, ""training_set_metastatic_roi_040"": 3, ""training_set_primary_roi_074"": 1, ""training_set_primary_roi_002"": 1, ""training_set_primary_roi_038"": 1, ""training_set_metastatic_roi_001"": 1, ""training_set_primary_roi_005"": 3, ""training_set_primary_roi_081"": 1, ""training_set_metastatic_roi_081"": 1, ""training_set_metastatic_roi_102"": 2, ""training_set_primary_roi_027"": 1, ""training_set_metastatic_roi_002"": 1}",191
A0_s17_cv1,6,"P4 exact A5 parity rerun, not original P3 measurement","[21, 24, 13, 16, 21, 20, 13, 18, 14, 31]",109,0.4293193717277487,70,NOT RECORDED IN ORIGINAL RUN,"{""training_set_primary_roi_068"": 5, ""training_set_metastatic_roi_095"": 3, ""training_set_metastatic_roi_039"": 2, ""training_set_metastatic_roi_061"": 3, ""training_set_metastatic_roi_017"": 5, ""training_set_primary_roi_007"": 4, ""training_set_primary_roi_012"": 4, ""training_set_primary_roi_074"": 2, ""training_set_primary_roi_096"": 1, ""training_set_primary_roi_076"": 2, ""training_set_metastatic_roi_066"": 2, ""training_set_primary_roi_015"": 2, ""training_set_metastatic_roi_046"": 6, ""training_set_primary_roi_034"": 2, ""training_set_primary_roi_047"": 2, ""training_set_primary_roi_058"": 2, ""training_set_primary_roi_057"": 7, ""training_set_primary_roi_087"": 3, ""training_set_metastatic_roi_072"": 8, ""training_set_primary_roi_030"": 1, ""training_set_metastatic_roi_094"": 5, ""training_set_primary_roi_011"": 5, ""training_set_primary_roi_038"": 1, ""training_set_primary_roi_037"": 1, ""training_set_primary_roi_099"": 3, ""training_set_primary_roi_010"": 4, ""training_set_primary_roi_031"": 3, ""training_set_primary_roi_013"": 3, ""training_set_metastatic_roi_001"": 5, ""training_set_primary_roi_091"": 4, ""training_set_primary_roi_069"": 3, ""training_set_metastatic_roi_054"": 1, ""training_set_primary_roi_017"": 1, ""training_set_metastatic_roi_034"": 2, ""training_set_primary_roi_005"": 5, ""training_set_metastatic_roi_067"": 1, ""training_set_primary_roi_032"": 6, ""training_set_primary_roi_029"": 4, ""training_set_metastatic_roi_026"": 4, ""training_set_primary_roi_102"": 2, ""training_set_primary_roi_089"": 3, ""training_set_primary_roi_080"": 2, ""training_set_primary_roi_018"": 1, ""training_set_metastatic_roi_022"": 1, ""training_set_primary_roi_027"": 3, ""training_set_metastatic_roi_075"": 4, ""training_set_metastatic_roi_012"": 2, ""training_set_metastatic_roi_011"": 3, ""training_set_primary_roi_084"": 1, ""training_set_primary_roi_095"": 2, ""training_set_primary_roi_079"": 3, ""training_set_metastatic_roi_031"": 5, ""training_set_metastatic_roi_059"": 1, ""training_set_metastatic_roi_102"": 3, ""training_set_primary_roi_062"": 2, ""training_set_primary_roi_043"": 2, ""training_set_primary_roi_059"": 2, ""training_set_metastatic_roi_078"": 1, ""training_set_metastatic_roi_049"": 1, ""training_set_primary_roi_101"": 2, ""training_set_primary_roi_022"": 5, ""training_set_primary_roi_055"": 2, ""training_set_metastatic_roi_084"": 2, ""training_set_metastatic_roi_057"": 1, ""training_set_metastatic_roi_037"": 1, ""training_set_primary_roi_054"": 1, ""training_set_primary_roi_098"": 2, ""training_set_metastatic_roi_063"": 1, ""training_set_metastatic_roi_055"": 2, ""training_set_metastatic_roi_091"": 1}",191
A0_s17_cv1,7,"P4 exact A5 parity rerun, not original P3 measurement","[19, 23, 18, 16, 25, 20, 22, 19, 13, 16]",118,0.38219895287958117,68,NOT RECORDED IN ORIGINAL RUN,"{""training_set_primary_roi_047"": 2, ""training_set_primary_roi_068"": 9, ""training_set_metastatic_roi_084"": 1, ""training_set_primary_roi_102"": 4, ""training_set_primary_roi_057"": 7, ""training_set_metastatic_roi_017"": 7, ""training_set_primary_roi_005"": 3, ""training_set_primary_roi_037"": 5, ""training_set_primary_roi_043"": 3, ""training_set_primary_roi_079"": 8, ""training_set_primary_roi_031"": 2, ""training_set_metastatic_roi_100"": 1, ""training_set_primary_roi_010"": 3, ""training_set_primary_roi_029"": 3, ""training_set_primary_roi_011"": 5, ""training_set_metastatic_roi_055"": 7, ""training_set_primary_roi_012"": 4, ""training_set_metastatic_roi_031"": 2, ""training_set_metastatic_roi_071"": 1, ""training_set_primary_roi_015"": 1, ""training_set_metastatic_roi_046"": 4, ""training_set_primary_roi_022"": 2, ""training_set_metastatic_roi_026"": 4, ""training_set_primary_roi_058"": 4, ""training_set_metastatic_roi_094"": 5, ""training_set_metastatic_roi_072"": 2, ""training_set_primary_roi_080"": 2, ""training_set_primary_roi_089"": 2, ""training_set_primary_roi_013"": 4, ""training_set_primary_roi_095"": 4, ""training_set_primary_roi_074"": 2, ""training_set_metastatic_roi_037"": 3, ""training_set_metastatic_roi_061"": 2, ""training_set_metastatic_roi_057"": 2, ""training_set_primary_roi_099"": 7, ""training_set_metastatic_roi_059"": 2, ""training_set_primary_roi_018"": 1, ""training_set_primary_roi_039"": 1, ""training_set_metastatic_roi_014"": 5, ""training_set_metastatic_roi_095"": 2, ""training_set_metastatic_roi_034"": 1, ""training_set_metastatic_roi_049"": 1, ""training_set_primary_roi_017"": 1, ""training_set_primary_roi_045"": 1, ""training_set_primary_roi_032"": 7, ""training_set_primary_roi_065"": 1, ""training_set_metastatic_roi_051"": 1, ""training_set_metastatic_roi_087"": 3, ""training_set_primary_roi_087"": 2, ""training_set_primary_roi_091"": 4, ""training_set_primary_roi_001"": 3, ""training_set_primary_roi_007"": 3, ""training_set_primary_roi_084"": 3, ""training_set_primary_roi_059"": 2, ""training_set_primary_roi_076"": 1, ""training_set_metastatic_roi_002"": 1, ""training_set_metastatic_roi_078"": 1, ""training_set_metastatic_roi_022"": 3, ""training_set_primary_roi_055"": 1, ""training_set_primary_roi_069"": 2, ""training_set_primary_roi_054"": 2, ""training_set_metastatic_roi_068"": 2, ""training_set_primary_roi_049"": 1, ""training_set_metastatic_roi_091"": 1, ""training_set_primary_roi_098"": 1, ""training_set_primary_roi_038"": 2, ""training_set_metastatic_roi_097"": 1, ""training_set_primary_roi_081"": 1}",191
A0_s17_cv1,8,"P4 exact A5 parity rerun, not original P3 measurement","[17, 31, 18, 17, 23, 13, 23, 19, 14, 16]",116,0.39267015706806285,73,NOT RECORDED IN ORIGINAL RUN,"{""training_set_primary_roi_010"": 6, ""training_set_metastatic_roi_100"": 1, ""training_set_primary_roi_068"": 11, ""training_set_metastatic_roi_011"": 2, ""training_set_primary_roi_029"": 3, ""training_set_primary_roi_047"": 3, ""training_set_primary_roi_001"": 1, ""training_set_metastatic_roi_026"": 5, ""training_set_metastatic_roi_061"": 6, ""training_set_primary_roi_091"": 5, ""training_set_primary_roi_080"": 4, ""training_set_primary_roi_037"": 6, ""training_set_primary_roi_013"": 3, ""training_set_metastatic_roi_032"": 1, ""training_set_metastatic_roi_046"": 3, ""training_set_primary_roi_022"": 3, ""training_set_primary_roi_017"": 2, ""training_set_primary_roi_058"": 5, ""training_set_primary_roi_098"": 3, ""training_set_metastatic_roi_037"": 1, ""training_set_metastatic_roi_066"": 3, ""training_set_primary_roi_057"": 5, ""training_set_primary_roi_031"": 1, ""training_set_metastatic_roi_002"": 1, ""training_set_metastatic_roi_102"": 2, ""training_set_primary_roi_087"": 2, ""training_set_metastatic_roi_017"": 5, ""training_set_metastatic_roi_094"": 1, ""training_set_primary_roi_099"": 3, ""training_set_metastatic_roi_093"": 2, ""training_set_primary_roi_061"": 2, ""training_set_primary_roi_034"": 2, ""training_set_primary_roi_015"": 1, ""training_set_primary_roi_059"": 3, ""training_set_primary_roi_054"": 2, ""training_set_primary_roi_012"": 2, ""training_set_primary_roi_002"": 1, ""training_set_primary_roi_079"": 4, ""training_set_metastatic_roi_022"": 1, ""training_set_metastatic_roi_075"": 1, ""training_set_primary_roi_032"": 5, ""training_set_primary_roi_038"": 3, ""training_set_primary_roi_076"": 4, ""training_set_primary_roi_045"": 1, ""training_set_primary_roi_007"": 7, ""training_set_primary_roi_081"": 6, ""training_set_primary_roi_095"": 4, ""training_set_primary_roi_005"": 2, ""training_set_primary_roi_065"": 2, ""training_set_metastatic_roi_057"": 1, ""training_set_metastatic_roi_031"": 1, ""training_set_primary_roi_084"": 1, ""training_set_metastatic_roi_059"": 3, ""training_set_metastatic_roi_014"": 2, ""training_set_metastatic_roi_072"": 3, ""training_set_metastatic_roi_020"": 1, ""training_set_metastatic_roi_055"": 3, ""training_set_primary_roi_055"": 2, ""training_set_primary_roi_062"": 2, ""training_set_metastatic_roi_001"": 1, ""training_set_metastatic_roi_036"": 1, ""training_set_primary_roi_043"": 3, ""training_set_primary_roi_074"": 2, ""training_set_primary_roi_011"": 3, ""training_set_primary_roi_027"": 1, ""training_set_primary_roi_069"": 1, ""training_set_primary_roi_097"": 2, ""training_set_primary_roi_049"": 1, ""training_set_metastatic_roi_081"": 1, ""training_set_metastatic_roi_097"": 1, ""training_set_metastatic_roi_071"": 1, ""training_set_metastatic_roi_063"": 1, ""training_set_primary_roi_101"": 1}",191
A0_s17_cv1,9,"P4 exact A5 parity rerun, not original P3 measurement","[22, 16, 15, 20, 18, 21, 17, 18, 24, 20]",120,0.3717277486910995,71,NOT RECORDED IN ORIGINAL RUN,"{""training_set_metastatic_roi_057"": 3, ""training_set_primary_roi_011"": 4, ""training_set_metastatic_roi_017"": 6, ""training_set_metastatic_roi_046"": 5, ""training_set_primary_roi_032"": 3, ""training_set_metastatic_roi_001"": 4, ""training_set_primary_roi_057"": 7, ""training_set_primary_roi_037"": 4, ""training_set_primary_roi_101"": 4, ""training_set_metastatic_roi_026"": 7, ""training_set_primary_roi_047"": 4, ""training_set_primary_roi_079"": 5, ""training_set_primary_roi_062"": 1, ""training_set_metastatic_roi_034"": 1, ""training_set_primary_roi_102"": 5, ""training_set_metastatic_roi_102"": 1, ""training_set_primary_roi_096"": 3, ""training_set_metastatic_roi_078"": 1, ""training_set_primary_roi_058"": 4, ""training_set_primary_roi_081"": 3, ""training_set_primary_roi_005"": 2, ""training_set_primary_roi_029"": 2, ""training_set_metastatic_roi_011"": 3, ""training_set_primary_roi_084"": 7, ""training_set_metastatic_roi_075"": 3, ""training_set_metastatic_roi_022"": 3, ""training_set_metastatic_roi_084"": 1, ""training_set_metastatic_roi_072"": 7, ""training_set_primary_roi_091"": 2, ""training_set_primary_roi_099"": 3, ""training_set_primary_roi_013"": 7, ""training_set_primary_roi_038"": 4, ""training_set_primary_roi_022"": 5, ""training_set_primary_roi_045"": 1, ""training_set_metastatic_roi_094"": 4, ""training_set_primary_roi_068"": 6, ""training_set_metastatic_roi_014"": 3, ""training_set_metastatic_roi_049"": 1, ""training_set_primary_roi_076"": 1, ""training_set_primary_roi_087"": 3, ""training_set_primary_roi_007"": 3, ""training_set_primary_roi_061"": 1, ""training_set_metastatic_roi_040"": 2, ""training_set_primary_roi_089"": 3, ""training_set_primary_roi_015"": 1, ""training_set_metastatic_roi_091"": 3, ""training_set_metastatic_roi_095"": 1, ""training_set_primary_roi_055"": 1, ""training_set_primary_roi_059"": 2, ""training_set_metastatic_roi_067"": 1, ""training_set_metastatic_roi_097"": 1, ""training_set_primary_roi_049"": 2, ""training_set_metastatic_roi_068"": 1, ""training_set_primary_roi_010"": 3, ""training_set_metastatic_roi_012"": 1, ""training_set_metastatic_roi_061"": 1, ""training_set_primary_roi_095"": 3, ""training_set_primary_roi_030"": 1, ""training_set_metastatic_roi_100"": 3, ""training_set_metastatic_roi_066"": 1, ""training_set_metastatic_roi_059"": 2, ""training_set_primary_roi_054"": 2, ""training_set_metastatic_roi_051"": 1, ""training_set_primary_roi_043"": 1, ""training_set_primary_roi_034"": 1, ""training_set_metastatic_roi_002"": 1, ""training_set_primary_roi_002"": 1, ""training_set_metastatic_roi_071"": 1, ""training_set_metastatic_roi_055"": 1, ""training_set_metastatic_roi_093"": 1, ""training_set_metastatic_roi_031"": 1}",191
A0_s17_cv1,10,"P4 exact A5 parity rerun, not original P3 measurement","[32, 13, 14, 17, 23, 14, 17, 17, 26, 18]",116,0.39267015706806285,75,NOT RECORDED IN ORIGINAL RUN,"{""training_set_primary_roi_099"": 5, ""training_set_metastatic_roi_031"": 2, ""training_set_metastatic_roi_072"": 6, ""training_set_metastatic_roi_055"": 2, ""training_set_primary_roi_030"": 3, ""training_set_primary_roi_034"": 5, ""training_set_primary_roi_001"": 2, ""training_set_primary_roi_091"": 1, ""training_set_primary_roi_049"": 3, ""training_set_metastatic_roi_026"": 5, ""training_set_metastatic_roi_040"": 3, ""training_set_metastatic_roi_046"": 1, ""training_set_primary_roi_079"": 2, ""training_set_primary_roi_043"": 4, ""training_set_metastatic_roi_068"": 2, ""training_set_primary_roi_057"": 7, ""training_set_metastatic_roi_017"": 4, ""training_set_metastatic_roi_087"": 1, ""training_set_primary_roi_045"": 1, ""training_set_metastatic_roi_067"": 1, ""training_set_primary_roi_022"": 3, ""training_set_metastatic_roi_049"": 4, ""training_set_primary_roi_015"": 4, ""training_set_primary_roi_032"": 4, ""training_set_metastatic_roi_036"": 1, ""training_set_primary_roi_037"": 5, ""training_set_primary_roi_087"": 5, ""training_set_primary_roi_076"": 2, ""training_set_metastatic_roi_022"": 3, ""training_set_metastatic_roi_061"": 1, ""training_set_primary_roi_074"": 1, ""training_set_primary_roi_062"": 2, ""training_set_primary_roi_097"": 1, ""training_set_primary_roi_096"": 3, ""training_set_primary_roi_101"": 6, ""training_set_primary_roi_005"": 3, ""training_set_primary_roi_012"": 4, ""training_set_primary_roi_068"": 4, ""training_set_metastatic_roi_094"": 3, ""training_set_metastatic_roi_071"": 2, ""training_set_primary_roi_018"": 2, ""training_set_metastatic_roi_037"": 1, ""training_set_primary_roi_010"": 4, ""training_set_metastatic_roi_039"": 2, ""training_set_primary_roi_029"": 2, ""training_set_primary_roi_011"": 4, ""training_set_metastatic_roi_032"": 2, ""training_set_primary_roi_013"": 4, ""training_set_primary_roi_007"": 7, ""training_set_metastatic_roi_075"": 2, ""training_set_metastatic_roi_095"": 2, ""training_set_primary_roi_038"": 2, ""training_set_primary_roi_059"": 2, ""training_set_metastatic_roi_091"": 2, ""training_set_metastatic_roi_100"": 1, ""training_set_primary_roi_031"": 2, ""training_set_metastatic_roi_066"": 2, ""training_set_primary_roi_002"": 1, ""training_set_primary_roi_054"": 3, ""training_set_primary_roi_102"": 3, ""training_set_metastatic_roi_078"": 1, ""training_set_primary_roi_084"": 4, ""training_set_primary_roi_061"": 1, ""training_set_primary_roi_095"": 1, ""training_set_primary_roi_080"": 1, ""training_set_metastatic_roi_102"": 1, ""training_set_metastatic_roi_001"": 2, ""training_set_metastatic_roi_014"": 2, ""training_set_metastatic_roi_097"": 1, ""training_set_metastatic_roi_059"": 1, ""training_set_primary_roi_081"": 1, ""training_set_metastatic_roi_054"": 1, ""training_set_metastatic_roi_057"": 1, ""training_set_primary_roi_058"": 1, ""training_set_metastatic_roi_051"": 1}",191
A0_s17_cv2,1,"P4 exact A5 parity rerun, not original P3 measurement","[18, 22, 18, 18, 17, 24, 20, 22, 19, 23]",120,0.4029850746268657,73,NOT RECORDED IN ORIGINAL RUN,"{""training_set_primary_roi_016"": 6, ""training_set_primary_roi_042"": 4, ""training_set_metastatic_roi_061"": 1, ""training_set_metastatic_roi_016"": 6, ""training_set_primary_roi_052"": 5, ""training_set_metastatic_roi_047"": 4, ""training_set_primary_roi_074"": 3, ""training_set_metastatic_roi_001"": 2, ""training_set_primary_roi_062"": 2, ""training_set_primary_roi_058"": 3, ""training_set_primary_roi_099"": 7, ""training_set_primary_roi_025"": 5, ""training_set_primary_roi_048"": 6, ""training_set_primary_roi_075"": 2, ""training_set_metastatic_roi_039"": 3, ""training_set_metastatic_roi_073"": 3, ""training_set_primary_roi_096"": 4, ""training_set_metastatic_roi_026"": 9, ""training_set_metastatic_roi_071"": 4, ""training_set_primary_roi_049"": 7, ""training_set_metastatic_roi_031"": 1, ""training_set_primary_roi_024"": 1, ""training_set_primary_roi_044"": 5, ""training_set_metastatic_roi_025"": 5, ""training_set_primary_roi_041"": 3, ""training_set_metastatic_roi_062"": 3, ""training_set_metastatic_roi_002"": 1, ""training_set_metastatic_roi_094"": 1, ""training_set_primary_roi_032"": 2, ""training_set_metastatic_roi_057"": 3, ""training_set_metastatic_roi_091"": 5, ""training_set_metastatic_roi_056"": 4, ""training_set_primary_roi_010"": 1, ""training_set_primary_roi_018"": 1, ""training_set_primary_roi_005"": 4, ""training_set_metastatic_roi_008"": 1, ""training_set_metastatic_roi_101"": 4, ""training_set_primary_roi_011"": 4, ""training_set_metastatic_roi_097"": 4, ""training_set_primary_roi_043"": 1, ""training_set_metastatic_roi_034"": 1, ""training_set_metastatic_roi_069"": 2, ""training_set_primary_roi_091"": 5, ""training_set_primary_roi_059"": 5, ""training_set_primary_roi_012"": 5, ""training_set_primary_roi_004"": 1, ""training_set_primary_roi_079"": 5, ""training_set_primary_roi_023"": 3, ""training_set_primary_roi_093"": 1, ""training_set_metastatic_roi_092"": 4, ""training_set_primary_roi_021"": 1, ""training_set_primary_roi_060"": 1, ""training_set_metastatic_roi_035"": 1, ""training_set_primary_roi_083"": 4, ""training_set_primary_roi_020"": 1, ""training_set_primary_roi_086"": 1, ""training_set_primary_roi_013"": 2, ""training_set_primary_roi_080"": 1, ""training_set_primary_roi_034"": 3, ""training_set_metastatic_roi_093"": 1, ""training_set_metastatic_roi_032"": 1, ""training_set_primary_roi_064"": 1, ""training_set_metastatic_roi_087"": 1, ""training_set_metastatic_roi_085"": 1, ""training_set_metastatic_roi_086"": 1, ""training_set_primary_roi_061"": 1, ""training_set_primary_roi_051"": 1, ""training_set_metastatic_roi_059"": 1, ""training_set_metastatic_roi_003"": 1, ""training_set_metastatic_roi_010"": 1, ""training_set_metastatic_roi_054"": 1, ""training_set_primary_roi_081"": 1, ""training_set_primary_roi_036"": 1}",201
A0_s17_cv2,2,"P4 exact A5 parity rerun, not original P3 measurement","[22, 17, 16, 19, 17, 25, 19, 17, 28, 21]",116,0.42288557213930345,74,NOT RECORDED IN ORIGINAL RUN,"{""training_set_metastatic_roi_097"": 2, ""training_set_metastatic_roi_056"": 7, ""training_set_primary_roi_021"": 5, ""training_set_metastatic_roi_025"": 5, ""training_set_metastatic_roi_073"": 5, ""training_set_primary_roi_083"": 8, ""training_set_metastatic_roi_101"": 5, ""training_set_metastatic_roi_039"": 3, ""training_set_primary_roi_052"": 4, ""training_set_primary_roi_013"": 8, ""training_set_metastatic_roi_008"": 2, ""training_set_primary_roi_086"": 4, ""training_set_primary_roi_042"": 3, ""training_set_metastatic_roi_069"": 2, ""training_set_primary_roi_024"": 3, ""training_set_metastatic_roi_001"": 2, ""training_set_primary_roi_096"": 5, ""training_set_primary_roi_079"": 5, ""training_set_metastatic_roi_010"": 5, ""training_set_metastatic_roi_054"": 1, ""training_set_metastatic_roi_020"": 2, ""training_set_primary_roi_064"": 2, ""training_set_primary_roi_081"": 2, ""training_set_metastatic_roi_057"": 2, ""training_set_primary_roi_099"": 6, ""training_set_primary_roi_048"": 2, ""training_set_metastatic_roi_059"": 3, ""training_set_primary_roi_049"": 3, ""training_set_metastatic_roi_091"": 2, ""training_set_metastatic_roi_062"": 1, ""training_set_metastatic_roi_071"": 2, ""training_set_primary_roi_025"": 3, ""training_set_metastatic_roi_026"": 7, ""training_set_metastatic_roi_035"": 2, ""training_set_metastatic_roi_032"": 1, ""training_set_primary_roi_091"": 1, ""training_set_primary_roi_012"": 1, ""training_set_primary_roi_043"": 1, ""training_set_metastatic_roi_024"": 2, ""training_set_primary_roi_010"": 4, ""training_set_primary_roi_061"": 3, ""training_set_primary_roi_044"": 2, ""training_set_metastatic_roi_028"": 2, ""training_set_primary_roi_032"": 3, ""training_set_metastatic_roi_061"": 1, ""training_set_primary_roi_023"": 2, ""training_set_primary_roi_102"": 3, ""training_set_primary_roi_004"": 2, ""training_set_primary_roi_016"": 2, ""training_set_metastatic_roi_031"": 1, ""training_set_primary_roi_067"": 3, ""training_set_primary_roi_080"": 1, ""training_set_primary_roi_073"": 2, ""training_set_primary_roi_058"": 3, ""training_set_metastatic_roi_085"": 3, ""training_set_metastatic_roi_018"": 1, ""training_set_primary_roi_011"": 6, ""training_set_metastatic_roi_047"": 2, ""training_set_metastatic_roi_003"": 1, ""training_set_metastatic_roi_086"": 3, ""training_set_metastatic_roi_016"": 2, ""training_set_primary_roi_059"": 5, ""training_set_primary_roi_063"": 2, ""training_set_primary_roi_041"": 1, ""training_set_primary_roi_051"": 1, ""training_set_primary_roi_045"": 1, ""training_set_primary_roi_060"": 2, ""training_set_primary_roi_040"": 1, ""training_set_metastatic_roi_092"": 1, ""training_set_primary_roi_028"": 1, ""training_set_primary_roi_015"": 2, ""training_set_metastatic_roi_053"": 1, ""training_set_metastatic_roi_088"": 1, ""training_set_metastatic_roi_011"": 1}",201
A0_s17_cv2,3,"P4 exact A5 parity rerun, not original P3 measurement","[16, 26, 26, 17, 22, 14, 20, 20, 18, 22]",119,0.40796019900497515,72,NOT RECORDED IN ORIGINAL RUN,"{""training_set_primary_roi_081"": 2, ""training_set_primary_roi_079"": 4, ""training_set_metastatic_roi_093"": 3, ""training_set_primary_roi_036"": 2, ""training_set_primary_roi_102"": 2, ""training_set_primary_roi_025"": 2, ""training_set_primary_roi_051"": 1, ""training_set_metastatic_roi_071"": 3, ""training_set_metastatic_roi_047"": 6, ""training_set_primary_roi_016"": 6, ""training_set_primary_roi_011"": 4, ""training_set_metastatic_roi_057"": 5, ""training_set_primary_roi_005"": 3, ""training_set_primary_roi_024"": 4, ""training_set_metastatic_roi_073"": 3, ""training_set_primary_roi_042"": 2, ""training_set_primary_roi_034"": 2, ""training_set_metastatic_roi_011"": 1, ""training_set_primary_roi_099"": 4, ""training_set_primary_roi_049"": 5, ""training_set_primary_roi_048"": 9, ""training_set_primary_roi_044"": 5, ""training_set_metastatic_roi_056"": 4, ""training_set_primary_roi_083"": 9, ""training_set_metastatic_roi_097"": 4, ""training_set_primary_roi_015"": 1, ""training_set_metastatic_roi_086"": 3, ""training_set_primary_roi_080"": 4, ""training_set_primary_roi_093"": 2, ""training_set_metastatic_roi_092"": 2, ""training_set_primary_roi_040"": 2, ""training_set_metastatic_roi_091"": 2, ""training_set_primary_roi_063"": 1, ""training_set_primary_roi_032"": 2, ""training_set_metastatic_roi_025"": 6, ""training_set_primary_roi_067"": 2, ""training_set_primary_roi_012"": 2, ""training_set_primary_roi_041"": 3, ""training_set_primary_roi_020"": 5, ""training_set_primary_roi_052"": 6, ""training_set_metastatic_roi_001"": 2, ""training_set_primary_roi_091"": 3, ""training_set_primary_roi_086"": 4, ""training_set_metastatic_roi_026"": 4, ""training_set_metastatic_roi_094"": 5, ""training_set_metastatic_roi_039"": 1, ""training_set_primary_roi_074"": 5, ""training_set_metastatic_roi_018"": 2, ""training_set_primary_roi_013"": 3, ""training_set_primary_roi_039"": 1, ""training_set_primary_roi_064"": 2, ""training_set_metastatic_roi_010"": 2, ""training_set_primary_roi_004"": 2, ""training_set_metastatic_roi_024"": 1, ""training_set_metastatic_roi_059"": 1, ""training_set_metastatic_roi_016"": 3, ""training_set_primary_roi_043"": 1, ""training_set_primary_roi_089"": 2, ""training_set_metastatic_roi_085"": 1, ""training_set_primary_roi_021"": 2, ""training_set_metastatic_roi_087"": 1, ""training_set_metastatic_roi_061"": 1, ""training_set_primary_roi_073"": 1, ""training_set_metastatic_roi_101"": 2, ""training_set_metastatic_roi_035"": 2, ""training_set_metastatic_roi_054"": 2, ""training_set_primary_roi_062"": 1, ""training_set_primary_roi_060"": 2, ""training_set_primary_roi_028"": 1, ""training_set_primary_roi_058"": 1, ""training_set_primary_roi_059"": 1, ""training_set_metastatic_roi_053"": 1}",201
A0_s17_cv2,4,"P4 exact A5 parity rerun, not original P3 measurement","[19, 21, 15, 20, 17, 19, 30, 19, 25, 16]",126,0.3731343283582089,78,NOT RECORDED IN ORIGINAL RUN,"{""training_set_primary_roi_044"": 5, ""training_set_metastatic_roi_057"": 3, ""training_set_primary_roi_040"": 1, ""training_set_primary_roi_083"": 6, ""training_set_primary_roi_067"": 3, ""training_set_primary_roi_102"": 2, ""training_set_metastatic_roi_025"": 1, ""training_set_metastatic_roi_094"": 2, ""training_set_primary_roi_048"": 8, ""training_set_primary_roi_064"": 3, ""training_set_primary_roi_013"": 4, ""training_set_metastatic_roi_001"": 2, ""training_set_metastatic_roi_056"": 7, ""training_set_metastatic_roi_084"": 2, ""training_set_primary_roi_028"": 1, ""training_set_primary_roi_036"": 5, ""training_set_primary_roi_010"": 1, ""training_set_metastatic_roi_004"": 1, ""training_set_metastatic_roi_092"": 3, ""training_set_metastatic_roi_031"": 1, ""training_set_metastatic_roi_016"": 4, ""training_set_primary_roi_091"": 3, ""training_set_metastatic_roi_088"": 1, ""training_set_primary_roi_063"": 3, ""training_set_primary_roi_060"": 4, ""training_set_primary_roi_073"": 2, ""training_set_metastatic_roi_011"": 2, ""training_set_primary_roi_096"": 2, ""training_set_primary_roi_059"": 2, ""training_set_primary_roi_080"": 5, ""training_set_primary_roi_024"": 3, ""training_set_primary_roi_021"": 2, ""training_set_metastatic_roi_086"": 2, ""training_set_metastatic_roi_101"": 5, ""training_set_primary_roi_079"": 4, ""training_set_primary_roi_025"": 4, ""training_set_primary_roi_061"": 2, ""training_set_metastatic_roi_032"": 4, ""training_set_primary_roi_041"": 5, ""training_set_primary_roi_016"": 5, ""training_set_primary_roi_058"": 4, ""training_set_primary_roi_099"": 2, ""training_set_primary_roi_039"": 1, ""training_set_metastatic_roi_073"": 1, ""training_set_primary_roi_011"": 2, ""training_set_metastatic_roi_028"": 2, ""training_set_metastatic_roi_024"": 1, ""training_set_primary_roi_062"": 1, ""training_set_primary_roi_005"": 2, ""training_set_metastatic_roi_091"": 2, ""training_set_primary_roi_032"": 2, ""training_set_metastatic_roi_071"": 3, ""training_set_primary_roi_042"": 1, ""training_set_primary_roi_020"": 1, ""training_set_primary_roi_015"": 1, ""training_set_metastatic_roi_047"": 7, ""training_set_primary_roi_052"": 6, ""training_set_metastatic_roi_087"": 3, ""training_set_primary_roi_004"": 3, ""training_set_metastatic_roi_085"": 1, ""training_set_metastatic_roi_039"": 1, ""training_set_metastatic_roi_097"": 2, ""training_set_metastatic_roi_093"": 2, ""training_set_primary_roi_074"": 2, ""training_set_metastatic_roi_010"": 2, ""training_set_primary_roi_034"": 2, ""training_set_primary_roi_023"": 4, ""training_set_primary_roi_012"": 2, ""training_set_metastatic_roi_035"": 1, ""training_set_metastatic_roi_026"": 3, ""training_set_primary_roi_093"": 1, ""training_set_metastatic_roi_015"": 1, ""training_set_primary_roi_081"": 1, ""training_set_metastatic_roi_008"": 1, ""training_set_metastatic_roi_020"": 1, ""training_set_primary_roi_075"": 1, ""training_set_primary_roi_089"": 1, ""training_set_metastatic_roi_059"": 2}",201
A0_s17_cv2,5,"P4 exact A5 parity rerun, not original P3 measurement","[17, 23, 20, 16, 22, 19, 16, 21, 19, 28]",121,0.3980099502487562,80,NOT RECORDED IN ORIGINAL RUN,"{""training_set_primary_roi_024"": 3, ""training_set_metastatic_roi_073"": 2, ""training_set_metastatic_roi_061"": 2, ""training_set_metastatic_roi_008"": 2, ""training_set_primary_roi_049"": 5, ""training_set_primary_roi_044"": 4, ""training_set_metastatic_roi_088"": 1, ""training_set_primary_roi_064"": 2, ""training_set_metastatic_roi_085"": 5, ""training_set_metastatic_roi_010"": 4, ""training_set_primary_roi_010"": 4, ""training_set_metastatic_roi_011"": 2, ""training_set_metastatic_roi_026"": 3, ""training_set_primary_roi_040"": 1, ""training_set_primary_roi_091"": 4, ""training_set_metastatic_roi_047"": 3, ""training_set_primary_roi_099"": 5, ""training_set_primary_roi_083"": 6, ""training_set_primary_roi_074"": 2, ""training_set_primary_roi_020"": 2, ""training_set_metastatic_roi_092"": 2, ""training_set_metastatic_roi_057"": 3, ""training_set_primary_roi_059"": 7, ""training_set_primary_roi_089"": 2, ""training_set_primary_roi_028"": 1, ""training_set_primary_roi_013"": 3, ""training_set_primary_roi_042"": 3, ""training_set_primary_roi_081"": 4, ""training_set_primary_roi_004"": 2, ""training_set_metastatic_roi_084"": 1, ""training_set_metastatic_roi_028"": 2, ""training_set_primary_roi_086"": 2, ""training_set_metastatic_roi_093"": 1, ""training_set_metastatic_roi_059"": 4, ""training_set_primary_roi_016"": 8, ""training_set_primary_roi_012"": 2, ""training_set_primary_roi_052"": 4, ""training_set_metastatic_roi_091"": 3, ""training_set_primary_roi_073"": 3, ""training_set_metastatic_roi_101"": 6, ""training_set_primary_roi_080"": 1, ""training_set_primary_roi_023"": 2, ""training_set_primary_roi_041"": 1, ""training_set_primary_roi_062"": 2, ""training_set_metastatic_roi_018"": 1, ""training_set_primary_roi_051"": 3, ""training_set_metastatic_roi_024"": 1, ""training_set_primary_roi_032"": 5, ""training_set_metastatic_roi_053"": 1, ""training_set_metastatic_roi_069"": 2, ""training_set_metastatic_roi_056"": 2, ""training_set_metastatic_roi_087"": 2, ""training_set_primary_roi_021"": 1, ""training_set_metastatic_roi_086"": 1, ""training_set_primary_roi_025"": 5, ""training_set_metastatic_roi_016"": 3, ""training_set_metastatic_roi_031"": 3, ""training_set_primary_roi_060"": 2, ""training_set_primary_roi_063"": 2, ""training_set_metastatic_roi_054"": 1, ""training_set_metastatic_roi_097"": 1, ""training_set_primary_roi_036"": 2, ""training_set_primary_roi_061"": 4, ""training_set_metastatic_roi_002"": 2, ""training_set_primary_roi_058"": 2, ""training_set_primary_roi_011"": 1, ""training_set_primary_roi_048"": 5, ""training_set_primary_roi_079"": 1, ""training_set_metastatic_roi_094"": 2, ""training_set_metastatic_roi_004"": 1, ""training_set_primary_roi_096"": 3, ""training_set_metastatic_roi_032"": 2, ""training_set_metastatic_roi_015"": 1, ""training_set_primary_roi_043"": 1, ""training_set_metastatic_roi_071"": 1, ""training_set_metastatic_roi_062"": 1, ""training_set_primary_roi_034"": 1, ""training_set_metastatic_roi_001"": 2, ""training_set_metastatic_roi_039"": 1, ""training_set_metastatic_roi_035"": 1}",201
A0_s17_cv2,6,"P4 exact A5 parity rerun, not original P3 measurement","[19, 24, 19, 23, 21, 18, 16, 18, 20, 23]",122,0.39303482587064675,77,NOT RECORDED IN ORIGINAL RUN,"{""training_set_metastatic_roi_062"": 1, ""training_set_metastatic_roi_059"": 1, ""training_set_primary_roi_004"": 1, ""training_set_primary_roi_025"": 4, ""training_set_primary_roi_083"": 8, ""training_set_metastatic_roi_002"": 2, ""training_set_primary_roi_023"": 4, ""training_set_primary_roi_011"": 8, ""training_set_metastatic_roi_025"": 6, ""training_set_primary_roi_102"": 4, ""training_set_primary_roi_079"": 3, ""training_set_primary_roi_024"": 1, ""training_set_metastatic_roi_101"": 6, ""training_set_primary_roi_018"": 2, ""training_set_metastatic_roi_016"": 3, ""training_set_primary_roi_032"": 4, ""training_set_primary_roi_005"": 2, ""training_set_metastatic_roi_092"": 1, ""training_set_metastatic_roi_011"": 3, ""training_set_primary_roi_021"": 3, ""training_set_metastatic_roi_073"": 4, ""training_set_primary_roi_093"": 2, ""training_set_primary_roi_010"": 2, ""training_set_metastatic_roi_010"": 5, ""training_set_metastatic_roi_008"": 1, ""training_set_metastatic_roi_035"": 3, ""training_set_primary_roi_080"": 1, ""training_set_primary_roi_074"": 4, ""training_set_primary_roi_073"": 3, ""training_set_metastatic_roi_026"": 7, ""training_set_metastatic_roi_071"": 3, ""training_set_metastatic_roi_056"": 4, ""training_set_metastatic_roi_094"": 3, ""training_set_primary_roi_058"": 2, ""training_set_primary_roi_041"": 3, ""training_set_primary_roi_015"": 1, ""training_set_metastatic_roi_031"": 3, ""training_set_metastatic_roi_018"": 2, ""training_set_primary_roi_052"": 2, ""training_set_primary_roi_060"": 2, ""training_set_metastatic_roi_084"": 1, ""training_set_primary_roi_028"": 2, ""training_set_primary_roi_013"": 5, ""training_set_metastatic_roi_001"": 1, ""training_set_primary_roi_099"": 2, ""training_set_metastatic_roi_091"": 5, ""training_set_primary_roi_062"": 1, ""training_set_primary_roi_012"": 1, ""training_set_primary_roi_020"": 5, ""training_set_primary_roi_048"": 4, ""training_set_primary_roi_063"": 2, ""training_set_primary_roi_045"": 2, ""training_set_metastatic_roi_085"": 3, ""training_set_metastatic_roi_054"": 1, ""training_set_primary_roi_016"": 4, ""training_set_primary_roi_086"": 2, ""training_set_metastatic_roi_069"": 2, ""training_set_metastatic_roi_028"": 1, ""training_set_metastatic_roi_088"": 3, ""training_set_primary_roi_044"": 1, ""training_set_primary_roi_049"": 3, ""training_set_primary_roi_042"": 3, ""training_set_primary_roi_091"": 2, ""training_set_primary_roi_064"": 2, ""training_set_metastatic_roi_057"": 2, ""training_set_metastatic_roi_047"": 3, ""training_set_primary_roi_081"": 1, ""training_set_metastatic_roi_086"": 1, ""training_set_primary_roi_059"": 4, ""training_set_primary_roi_036"": 1, ""training_set_metastatic_roi_093"": 1, ""training_set_metastatic_roi_061"": 1, ""training_set_metastatic_roi_032"": 1, ""training_set_primary_roi_051"": 1, ""training_set_primary_roi_096"": 1, ""training_set_metastatic_roi_053"": 1, ""training_set_primary_roi_040"": 1}",201
A0_s17_cv2,7,"P4 exact A5 parity rerun, not original P3 measurement","[17, 20, 20, 27, 20, 18, 20, 21, 18, 20]",124,0.3830845771144279,76,NOT RECORDED IN ORIGINAL RUN,"{""training_set_primary_roi_093"": 2, ""training_set_primary_roi_013"": 6, ""training_set_metastatic_roi_010"": 5, ""training_set_primary_roi_034"": 2, ""training_set_primary_roi_073"": 2, ""training_set_metastatic_roi_092"": 3, ""training_set_primary_roi_060"": 5, ""training_set_metastatic_roi_026"": 4, ""training_set_metastatic_roi_039"": 2, ""training_set_primary_roi_016"": 5, ""training_set_primary_roi_041"": 3, ""training_set_metastatic_roi_047"": 6, ""training_set_primary_roi_025"": 4, ""training_set_primary_roi_058"": 1, ""training_set_metastatic_roi_032"": 2, ""training_set_primary_roi_096"": 4, ""training_set_primary_roi_032"": 6, ""training_set_metastatic_roi_025"": 3, ""training_set_primary_roi_102"": 2, ""training_set_metastatic_roi_085"": 3, ""training_set_primary_roi_036"": 4, ""training_set_primary_roi_081"": 2, ""training_set_primary_roi_079"": 3, ""training_set_primary_roi_083"": 12, ""training_set_primary_roi_011"": 4, ""training_set_primary_roi_048"": 5, ""training_set_metastatic_roi_097"": 1, ""training_set_metastatic_roi_101"": 3, ""training_set_primary_roi_080"": 3, ""training_set_primary_roi_052"": 5, ""training_set_primary_roi_004"": 1, ""training_set_primary_roi_064"": 2, ""training_set_metastatic_roi_015"": 1, ""training_set_metastatic_roi_057"": 3, ""training_set_primary_roi_005"": 1, ""training_set_metastatic_roi_088"": 1, ""training_set_metastatic_roi_002"": 2, ""training_set_metastatic_roi_091"": 2, ""training_set_metastatic_roi_094"": 4, ""training_set_metastatic_roi_016"": 6, ""training_set_metastatic_roi_084"": 1, ""training_set_metastatic_roi_071"": 1, ""training_set_primary_roi_099"": 1, ""training_set_primary_roi_074"": 4, ""training_set_primary_roi_012"": 1, ""training_set_primary_roi_044"": 5, ""training_set_primary_roi_062"": 2, ""training_set_metastatic_roi_059"": 1, ""training_set_metastatic_roi_011"": 3, ""training_set_primary_roi_059"": 2, ""training_set_primary_roi_028"": 3, ""training_set_primary_roi_086"": 2, ""training_set_primary_roi_063"": 1, ""training_set_metastatic_roi_018"": 1, ""training_set_primary_roi_015"": 1, ""training_set_metastatic_roi_086"": 1, ""training_set_metastatic_roi_061"": 1, ""training_set_primary_roi_091"": 3, ""training_set_primary_roi_010"": 2, ""training_set_metastatic_roi_056"": 5, ""training_set_primary_roi_051"": 2, ""training_set_primary_roi_023"": 4, ""training_set_primary_roi_039"": 1, ""training_set_primary_roi_049"": 2, ""training_set_primary_roi_020"": 3, ""training_set_primary_roi_040"": 1, ""training_set_metastatic_roi_024"": 2, ""training_set_metastatic_roi_093"": 1, ""training_set_metastatic_roi_008"": 1, ""training_set_primary_roi_043"": 1, ""training_set_metastatic_roi_034"": 1, ""training_set_primary_roi_042"": 1, ""training_set_metastatic_roi_087"": 1, ""training_set_primary_roi_061"": 2, ""training_set_metastatic_roi_020"": 1, ""training_set_metastatic_roi_073"": 1}",201
A0_s17_cv2,8,"P4 exact A5 parity rerun, not original P3 measurement","[26, 21, 11, 17, 22, 15, 31, 17, 20, 21]",120,0.4029850746268657,73,NOT RECORDED IN ORIGINAL RUN,"{""training_set_primary_roi_060"": 2, ""training_set_primary_roi_073"": 1, ""training_set_metastatic_roi_025"": 6, ""training_set_primary_roi_041"": 5, ""training_set_primary_roi_079"": 9, ""training_set_primary_roi_004"": 2, ""training_set_primary_roi_096"": 3, ""training_set_metastatic_roi_101"": 5, ""training_set_primary_roi_011"": 8, ""training_set_primary_roi_086"": 4, ""training_set_primary_roi_023"": 1, ""training_set_primary_roi_005"": 4, ""training_set_primary_roi_091"": 3, ""training_set_primary_roi_058"": 5, ""training_set_metastatic_roi_056"": 5, ""training_set_primary_roi_025"": 3, ""training_set_primary_roi_061"": 1, ""training_set_metastatic_roi_026"": 3, ""training_set_primary_roi_080"": 4, ""training_set_metastatic_roi_035"": 2, ""training_set_metastatic_roi_010"": 5, ""training_set_metastatic_roi_057"": 3, ""training_set_primary_roi_044"": 2, ""training_set_primary_roi_042"": 3, ""training_set_primary_roi_048"": 6, ""training_set_primary_roi_036"": 6, ""training_set_metastatic_roi_069"": 5, ""training_set_primary_roi_034"": 3, ""training_set_metastatic_roi_016"": 2, ""training_set_metastatic_roi_047"": 3, ""training_set_primary_roi_045"": 2, ""training_set_primary_roi_052"": 4, ""training_set_primary_roi_062"": 3, ""training_set_primary_roi_032"": 1, ""training_set_metastatic_roi_001"": 4, ""training_set_primary_roi_059"": 2, ""training_set_primary_roi_018"": 2, ""training_set_primary_roi_074"": 4, ""training_set_primary_roi_010"": 2, ""training_set_metastatic_roi_032"": 2, ""training_set_primary_roi_064"": 2, ""training_set_primary_roi_039"": 1, ""training_set_primary_roi_021"": 1, ""training_set_primary_roi_067"": 3, ""training_set_primary_roi_051"": 4, ""training_set_primary_roi_063"": 1, ""training_set_metastatic_roi_084"": 2, ""training_set_metastatic_roi_011"": 4, ""training_set_metastatic_roi_087"": 1, ""training_set_primary_roi_075"": 2, ""training_set_metastatic_roi_092"": 2, ""training_set_primary_roi_083"": 4, ""training_set_primary_roi_049"": 3, ""training_set_metastatic_roi_061"": 1, ""training_set_primary_roi_028"": 1, ""training_set_primary_roi_099"": 2, ""training_set_primary_roi_013"": 2, ""training_set_metastatic_roi_094"": 2, ""training_set_metastatic_roi_054"": 1, ""training_set_primary_roi_102"": 2, ""training_set_primary_roi_089"": 1, ""training_set_metastatic_roi_031"": 2, ""training_set_primary_roi_024"": 1, ""training_set_metastatic_roi_008"": 1, ""training_set_metastatic_roi_073"": 1, ""training_set_metastatic_roi_085"": 1, ""training_set_primary_roi_016"": 4, ""training_set_primary_roi_015"": 1, ""training_set_primary_roi_020"": 2, ""training_set_metastatic_roi_091"": 1, ""training_set_primary_roi_081"": 3, ""training_set_metastatic_roi_088"": 1, ""training_set_metastatic_roi_086"": 1}",201
A0_s17_cv2,9,"P4 exact A5 parity rerun, not original P3 measurement","[27, 15, 17, 24, 18, 19, 23, 19, 20, 19]",124,0.3830845771144279,73,NOT RECORDED IN ORIGINAL RUN,"{""training_set_primary_roi_020"": 4, ""training_set_metastatic_roi_087"": 2, ""training_set_metastatic_roi_024"": 3, ""training_set_primary_roi_102"": 3, ""training_set_primary_roi_052"": 3, ""training_set_primary_roi_028"": 1, ""training_set_metastatic_roi_059"": 3, ""training_set_metastatic_roi_091"": 4, ""training_set_metastatic_roi_092"": 2, ""training_set_primary_roi_060"": 5, ""training_set_primary_roi_048"": 6, ""training_set_metastatic_roi_011"": 2, ""training_set_metastatic_roi_053"": 1, ""training_set_primary_roi_011"": 4, ""training_set_metastatic_roi_025"": 3, ""training_set_metastatic_roi_016"": 9, ""training_set_metastatic_roi_035"": 3, ""training_set_primary_roi_042"": 2, ""training_set_primary_roi_044"": 7, ""training_set_metastatic_roi_034"": 2, ""training_set_primary_roi_099"": 7, ""training_set_metastatic_roi_061"": 4, ""training_set_primary_roi_010"": 4, ""training_set_metastatic_roi_086"": 2, ""training_set_metastatic_roi_010"": 2, ""training_set_metastatic_roi_008"": 2, ""training_set_metastatic_roi_073"": 3, ""training_set_metastatic_roi_101"": 4, ""training_set_metastatic_roi_031"": 5, ""training_set_metastatic_roi_057"": 2, ""training_set_primary_roi_086"": 3, ""training_set_primary_roi_036"": 2, ""training_set_primary_roi_059"": 1, ""training_set_primary_roi_049"": 1, ""training_set_primary_roi_080"": 4, ""training_set_primary_roi_024"": 3, ""training_set_primary_roi_013"": 4, ""training_set_metastatic_roi_093"": 2, ""training_set_metastatic_roi_002"": 2, ""training_set_primary_roi_015"": 1, ""training_set_primary_roi_083"": 5, ""training_set_primary_roi_079"": 2, ""training_set_primary_roi_039"": 1, ""training_set_metastatic_roi_056"": 4, ""training_set_primary_roi_032"": 7, ""training_set_metastatic_roi_039"": 3, ""training_set_primary_roi_041"": 6, ""training_set_metastatic_roi_069"": 3, ""training_set_primary_roi_096"": 4, ""training_set_metastatic_roi_071"": 4, ""training_set_primary_roi_023"": 2, ""training_set_metastatic_roi_047"": 2, ""training_set_metastatic_roi_062"": 1, ""training_set_metastatic_roi_026"": 5, ""training_set_primary_roi_040"": 2, ""training_set_primary_roi_012"": 1, ""training_set_primary_roi_034"": 1, ""training_set_primary_roi_073"": 1, ""training_set_primary_roi_091"": 2, ""training_set_metastatic_roi_097"": 1, ""training_set_primary_roi_074"": 2, ""training_set_metastatic_roi_085"": 1, ""training_set_primary_roi_016"": 2, ""training_set_primary_roi_064"": 1, ""training_set_primary_roi_063"": 1, ""training_set_primary_roi_058"": 2, ""training_set_primary_roi_089"": 1, ""training_set_primary_roi_067"": 1, ""training_set_primary_roi_081"": 1, ""training_set_primary_roi_018"": 1, ""training_set_metastatic_roi_028"": 1, ""training_set_primary_roi_004"": 2, ""training_set_metastatic_roi_088"": 1}",201
A0_s17_cv2,10,"P4 exact A5 parity rerun, not original P3 measurement","[13, 21, 20, 17, 19, 26, 19, 16, 29, 21]",120,0.4029850746268657,72,NOT RECORDED IN ORIGINAL RUN,"{""training_set_metastatic_roi_101"": 3, ""training_set_metastatic_roi_093"": 2, ""training_set_primary_roi_010"": 5, ""training_set_primary_roi_025"": 2, ""training_set_metastatic_roi_057"": 3, ""training_set_primary_roi_081"": 3, ""training_set_metastatic_roi_097"": 2, ""training_set_primary_roi_032"": 7, ""training_set_primary_roi_044"": 3, ""training_set_primary_roi_012"": 4, ""training_set_primary_roi_102"": 4, ""training_set_metastatic_roi_047"": 7, ""training_set_primary_roi_020"": 3, ""training_set_metastatic_roi_084"": 2, ""training_set_primary_roi_011"": 4, ""training_set_primary_roi_052"": 5, ""training_set_primary_roi_036"": 6, ""training_set_metastatic_roi_071"": 2, ""training_set_primary_roi_013"": 2, ""training_set_metastatic_roi_086"": 2, ""training_set_primary_roi_080"": 4, ""training_set_metastatic_roi_016"": 4, ""training_set_metastatic_roi_062"": 1, ""training_set_primary_roi_093"": 1, ""training_set_metastatic_roi_018"": 3, ""training_set_primary_roi_086"": 3, ""training_set_primary_roi_079"": 3, ""training_set_metastatic_roi_094"": 1, ""training_set_primary_roi_060"": 2, ""training_set_primary_roi_016"": 4, ""training_set_metastatic_roi_001"": 2, ""training_set_primary_roi_089"": 1, ""training_set_primary_roi_048"": 14, ""training_set_metastatic_roi_025"": 2, ""training_set_primary_roi_099"": 7, ""training_set_metastatic_roi_091"": 4, ""training_set_metastatic_roi_010"": 2, ""training_set_metastatic_roi_092"": 4, ""training_set_metastatic_roi_011"": 1, ""training_set_primary_roi_028"": 3, ""training_set_metastatic_roi_056"": 5, ""training_set_metastatic_roi_059"": 2, ""training_set_primary_roi_015"": 2, ""training_set_metastatic_roi_026"": 5, ""training_set_metastatic_roi_069"": 2, ""training_set_primary_roi_004"": 2, ""training_set_primary_roi_024"": 1, ""training_set_metastatic_roi_039"": 3, ""training_set_primary_roi_049"": 4, ""training_set_metastatic_roi_002"": 1, ""training_set_primary_roi_059"": 3, ""training_set_primary_roi_023"": 1, ""training_set_primary_roi_063"": 2, ""training_set_primary_roi_074"": 1, ""training_set_metastatic_roi_032"": 1, ""training_set_primary_roi_062"": 1, ""training_set_primary_roi_096"": 2, ""training_set_primary_roi_005"": 3, ""training_set_metastatic_roi_085"": 1, ""training_set_metastatic_roi_024"": 3, ""training_set_metastatic_roi_031"": 1, ""training_set_primary_roi_041"": 1, ""training_set_metastatic_roi_008"": 1, ""training_set_primary_roi_058"": 2, ""training_set_primary_roi_083"": 1, ""training_set_metastatic_roi_073"": 2, ""training_set_primary_roi_021"": 1, ""training_set_primary_roi_040"": 3, ""training_set_primary_roi_042"": 1, ""training_set_metastatic_roi_061"": 3, ""training_set_primary_roi_091"": 1, ""training_set_primary_roi_039"": 2}",201
A0_s29_cv0,1,"P4 exact A5 parity rerun, not original P3 measurement","[23, 21, 14, 19, 35, 21, 15, 22, 22, 16]",119,0.4278846153846154,75,NOT RECORDED IN ORIGINAL RUN,"{""training_set_primary_roi_097"": 1, ""training_set_primary_roi_024"": 3, ""training_set_metastatic_roi_016"": 2, ""training_set_metastatic_roi_028"": 3, ""training_set_metastatic_roi_053"": 2, ""training_set_primary_roi_041"": 6, ""training_set_metastatic_roi_047"": 3, ""training_set_primary_roi_031"": 5, ""training_set_metastatic_roi_073"": 3, ""training_set_primary_roi_023"": 3, ""training_set_primary_roi_037"": 5, ""training_set_metastatic_roi_055"": 6, ""training_set_metastatic_roi_004"": 1, ""training_set_primary_roi_044"": 9, ""training_set_metastatic_roi_017"": 3, ""training_set_primary_roi_057"": 2, ""training_set_metastatic_roi_056"": 2, ""training_set_metastatic_roi_040"": 1, ""training_set_primary_roi_083"": 4, ""training_set_primary_roi_052"": 2, ""training_set_primary_roi_087"": 1, ""training_set_primary_roi_068"": 5, ""training_set_primary_roi_101"": 3, ""training_set_metastatic_roi_037"": 2, ""training_set_metastatic_roi_072"": 8, ""training_set_primary_roi_067"": 2, ""training_set_primary_roi_048"": 6, ""training_set_metastatic_roi_086"": 2, ""training_set_primary_roi_020"": 7, ""training_set_primary_roi_076"": 5, ""training_set_metastatic_roi_078"": 3, ""training_set_primary_roi_021"": 2, ""training_set_metastatic_roi_092"": 1, ""training_set_metastatic_roi_062"": 3, ""training_set_metastatic_roi_035"": 4, ""training_set_primary_roi_086"": 6, ""training_set_primary_roi_040"": 1, ""training_set_primary_roi_042"": 1, ""training_set_primary_roi_025"": 4, ""training_set_metastatic_roi_069"": 2, ""training_set_primary_roi_007"": 5, ""training_set_primary_roi_036"": 3, ""training_set_metastatic_roi_085"": 2, ""training_set_primary_roi_029"": 5, ""training_set_metastatic_roi_010"": 1, ""training_set_metastatic_roi_022"": 2, ""training_set_primary_roi_073"": 4, ""training_set_metastatic_roi_101"": 6, ""training_set_primary_roi_064"": 1, ""training_set_metastatic_roi_014"": 2, ""training_set_primary_roi_001"": 3, ""training_set_primary_roi_004"": 4, ""training_set_metastatic_roi_095"": 2, ""training_set_primary_roi_047"": 4, ""training_set_metastatic_roi_024"": 1, ""training_set_primary_roi_063"": 2, ""training_set_primary_roi_051"": 2, ""training_set_metastatic_roi_100"": 2, ""training_set_metastatic_roi_018"": 1, ""training_set_primary_roi_065"": 1, ""training_set_metastatic_roi_046"": 1, ""training_set_primary_roi_038"": 3, ""training_set_primary_roi_027"": 1, ""training_set_primary_roi_075"": 1, ""training_set_primary_roi_055"": 1, ""training_set_primary_roi_084"": 2, ""training_set_metastatic_roi_025"": 1, ""training_set_primary_roi_016"": 4, ""training_set_primary_roi_095"": 1, ""training_set_metastatic_roi_083"": 1, ""training_set_metastatic_roi_102"": 1, ""training_set_metastatic_roi_049"": 1, ""training_set_metastatic_roi_088"": 1, ""training_set_primary_roi_022"": 1, ""training_set_primary_roi_069"": 1}",208
A0_s29_cv0,2,"P4 exact A5 parity rerun, not original P3 measurement","[19, 15, 23, 19, 17, 19, 28, 21, 24, 23]",123,0.40865384615384615,73,NOT RECORDED IN ORIGINAL RUN,"{""training_set_primary_roi_037"": 5, ""training_set_primary_roi_021"": 4, ""training_set_primary_roi_048"": 6, ""training_set_primary_roi_083"": 6, ""training_set_primary_roi_007"": 7, ""training_set_metastatic_roi_010"": 3, ""training_set_primary_roi_069"": 2, ""training_set_metastatic_roi_086"": 2, ""training_set_primary_roi_060"": 3, ""training_set_primary_roi_065"": 2, ""training_set_primary_roi_068"": 8, ""training_set_primary_roi_024"": 9, ""training_set_metastatic_roi_017"": 4, ""training_set_primary_roi_030"": 3, ""training_set_primary_roi_047"": 3, ""training_set_primary_roi_040"": 4, ""training_set_primary_roi_057"": 8, ""training_set_metastatic_roi_008"": 1, ""training_set_primary_roi_038"": 6, ""training_set_metastatic_roi_022"": 3, ""training_set_metastatic_roi_055"": 6, ""training_set_metastatic_roi_035"": 1, ""training_set_metastatic_roi_072"": 4, ""training_set_primary_roi_023"": 1, ""training_set_primary_roi_095"": 2, ""training_set_primary_roi_025"": 6, ""training_set_primary_roi_029"": 6, ""training_set_metastatic_roi_092"": 4, ""training_set_primary_roi_084"": 3, ""training_set_primary_roi_073"": 2, ""training_set_metastatic_roi_024"": 1, ""training_set_metastatic_roi_047"": 5, ""training_set_primary_roi_004"": 3, ""training_set_primary_roi_063"": 2, ""training_set_metastatic_roi_025"": 2, ""training_set_metastatic_roi_062"": 4, ""training_set_primary_roi_086"": 3, ""training_set_primary_roi_042"": 3, ""training_set_primary_roi_002"": 3, ""training_set_metastatic_roi_015"": 2, ""training_set_metastatic_roi_016"": 5, ""training_set_metastatic_roi_085"": 3, ""training_set_primary_roi_076"": 1, ""training_set_metastatic_roi_046"": 3, ""training_set_primary_roi_036"": 2, ""training_set_primary_roi_031"": 1, ""training_set_primary_roi_055"": 1, ""training_set_metastatic_roi_014"": 1, ""training_set_primary_roi_044"": 2, ""training_set_metastatic_roi_053"": 1, ""training_set_primary_roi_101"": 1, ""training_set_metastatic_roi_100"": 1, ""training_set_primary_roi_052"": 5, ""training_set_primary_roi_020"": 1, ""training_set_primary_roi_016"": 3, ""training_set_metastatic_roi_101"": 2, ""training_set_primary_roi_054"": 2, ""training_set_primary_roi_087"": 1, ""training_set_metastatic_roi_075"": 1, ""training_set_metastatic_roi_067"": 1, ""training_set_metastatic_roi_069"": 2, ""training_set_primary_roi_075"": 1, ""training_set_primary_roi_064"": 1, ""training_set_metastatic_roi_073"": 2, ""training_set_primary_roi_097"": 1, ""training_set_primary_roi_028"": 2, ""training_set_primary_roi_022"": 2, ""training_set_metastatic_roi_095"": 1, ""training_set_metastatic_roi_056"": 1, ""training_set_metastatic_roi_037"": 1, ""training_set_primary_roi_041"": 1, ""training_set_metastatic_roi_051"": 1, ""training_set_primary_roi_098"": 2}",208
A0_s29_cv0,3,"P4 exact A5 parity rerun, not original P3 measurement","[26, 22, 22, 17, 18, 25, 20, 13, 23, 22]",127,0.38942307692307687,75,NOT RECORDED IN ORIGINAL RUN,"{""training_set_primary_roi_057"": 6, ""training_set_primary_roi_048"": 5, ""training_set_primary_roi_016"": 7, ""training_set_metastatic_roi_037"": 2, ""training_set_primary_roi_054"": 2, ""training_set_metastatic_roi_035"": 1, ""training_set_primary_roi_038"": 3, ""training_set_metastatic_roi_062"": 3, ""training_set_primary_roi_029"": 6, ""training_set_metastatic_roi_008"": 1, ""training_set_metastatic_roi_051"": 2, ""training_set_primary_roi_001"": 3, ""training_set_metastatic_roi_016"": 3, ""training_set_metastatic_roi_010"": 4, ""training_set_metastatic_roi_063"": 3, ""training_set_primary_roi_044"": 9, ""training_set_metastatic_roi_017"": 6, ""training_set_metastatic_roi_047"": 7, ""training_set_primary_roi_030"": 3, ""training_set_primary_roi_021"": 3, ""training_set_primary_roi_040"": 4, ""training_set_primary_roi_052"": 7, ""training_set_primary_roi_051"": 1, ""training_set_primary_roi_037"": 5, ""training_set_primary_roi_004"": 2, ""training_set_primary_roi_025"": 4, ""training_set_primary_roi_087"": 6, ""training_set_primary_roi_095"": 3, ""training_set_metastatic_roi_014"": 2, ""training_set_metastatic_roi_092"": 2, ""training_set_primary_roi_036"": 3, ""training_set_metastatic_roi_046"": 2, ""training_set_metastatic_roi_015"": 1, ""training_set_primary_roi_068"": 5, ""training_set_primary_roi_047"": 5, ""training_set_metastatic_roi_075"": 1, ""training_set_metastatic_roi_025"": 2, ""training_set_primary_roi_023"": 2, ""training_set_metastatic_roi_072"": 3, ""training_set_primary_roi_022"": 3, ""training_set_metastatic_roi_055"": 2, ""training_set_primary_roi_101"": 2, ""training_set_primary_roi_083"": 2, ""training_set_primary_roi_055"": 2, ""training_set_primary_roi_041"": 2, ""training_set_metastatic_roi_024"": 2, ""training_set_primary_roi_076"": 1, ""training_set_metastatic_roi_073"": 2, ""training_set_primary_roi_086"": 1, ""training_set_primary_roi_098"": 2, ""training_set_metastatic_roi_022"": 4, ""training_set_metastatic_roi_049"": 2, ""training_set_primary_roi_042"": 2, ""training_set_primary_roi_024"": 3, ""training_set_primary_roi_007"": 7, ""training_set_metastatic_roi_068"": 1, ""training_set_metastatic_roi_056"": 2, ""training_set_metastatic_roi_069"": 3, ""training_set_metastatic_roi_100"": 2, ""training_set_metastatic_roi_101"": 3, ""training_set_metastatic_roi_102"": 1, ""training_set_primary_roi_064"": 2, ""training_set_metastatic_roi_003"": 1, ""training_set_metastatic_roi_066"": 1, ""training_set_primary_roi_020"": 1, ""training_set_metastatic_roi_095"": 2, ""training_set_primary_roi_028"": 2, ""training_set_primary_roi_060"": 2, ""training_set_metastatic_roi_018"": 1, ""training_set_metastatic_roi_028"": 1, ""training_set_metastatic_roi_078"": 1, ""training_set_metastatic_roi_085"": 1, ""training_set_metastatic_roi_036"": 1, ""training_set_primary_roi_027"": 1, ""training_set_primary_roi_075"": 1}",208
A0_s29_cv0,4,"P4 exact A5 parity rerun, not original P3 measurement","[23, 18, 11, 23, 19, 20, 25, 23, 25, 21]",136,0.34615384615384615,75,NOT RECORDED IN ORIGINAL RUN,"{""training_set_metastatic_roi_056"": 2, ""training_set_primary_roi_057"": 6, ""training_set_primary_roi_084"": 3, ""training_set_primary_roi_037"": 2, ""training_set_metastatic_roi_012"": 1, ""training_set_primary_roi_065"": 1, ""training_set_primary_roi_042"": 4, ""training_set_primary_roi_024"": 3, ""training_set_metastatic_roi_100"": 1, ""training_set_primary_roi_044"": 7, ""training_set_primary_roi_083"": 8, ""training_set_metastatic_roi_046"": 2, ""training_set_metastatic_roi_053"": 3, ""training_set_metastatic_roi_025"": 4, ""training_set_metastatic_roi_067"": 1, ""training_set_primary_roi_048"": 8, ""training_set_metastatic_roi_004"": 1, ""training_set_primary_roi_020"": 3, ""training_set_primary_roi_016"": 4, ""training_set_primary_roi_095"": 2, ""training_set_primary_roi_021"": 1, ""training_set_primary_roi_025"": 3, ""training_set_primary_roi_031"": 2, ""training_set_metastatic_roi_068"": 2, ""training_set_primary_roi_068"": 4, ""training_set_metastatic_roi_101"": 4, ""training_set_primary_roi_098"": 3, ""training_set_metastatic_roi_075"": 1, ""training_set_metastatic_roi_016"": 10, ""training_set_metastatic_roi_085"": 4, ""training_set_metastatic_roi_072"": 5, ""training_set_primary_roi_004"": 5, ""training_set_metastatic_roi_028"": 1, ""training_set_metastatic_roi_055"": 1, ""training_set_primary_roi_052"": 3, ""training_set_primary_roi_036"": 2, ""training_set_metastatic_roi_092"": 1, ""training_set_metastatic_roi_014"": 1, ""training_set_primary_roi_040"": 2, ""training_set_metastatic_roi_017"": 3, ""training_set_primary_roi_067"": 4, ""training_set_primary_roi_030"": 2, ""training_set_metastatic_roi_051"": 1, ""training_set_metastatic_roi_069"": 6, ""training_set_metastatic_roi_086"": 2, ""training_set_primary_roi_007"": 6, ""training_set_primary_roi_038"": 3, ""training_set_primary_roi_051"": 2, ""training_set_primary_roi_055"": 4, ""training_set_primary_roi_073"": 3, ""training_set_metastatic_roi_062"": 3, ""training_set_primary_roi_054"": 1, ""training_set_primary_roi_023"": 2, ""training_set_metastatic_roi_078"": 1, ""training_set_metastatic_roi_022"": 2, ""training_set_metastatic_roi_081"": 2, ""training_set_metastatic_roi_066"": 1, ""training_set_metastatic_roi_010"": 4, ""training_set_primary_roi_022"": 2, ""training_set_primary_roi_047"": 3, ""training_set_primary_roi_029"": 4, ""training_set_primary_roi_064"": 1, ""training_set_primary_roi_076"": 3, ""training_set_metastatic_roi_037"": 1, ""training_set_primary_roi_093"": 1, ""training_set_primary_roi_060"": 4, ""training_set_primary_roi_087"": 2, ""training_set_primary_roi_101"": 4, ""training_set_primary_roi_086"": 3, ""training_set_primary_roi_028"": 1, ""training_set_primary_roi_075"": 2, ""training_set_primary_roi_027"": 1, ""training_set_primary_roi_017"": 1, ""training_set_primary_roi_041"": 1, ""training_set_metastatic_roi_049"": 1}",208
A0_s29_cv0,5,"P4 exact A5 parity rerun, not original P3 measurement","[14, 18, 27, 18, 20, 24, 20, 16, 18, 33]",121,0.4182692307692307,70,NOT RECORDED IN ORIGINAL RUN,"{""training_set_primary_roi_024"": 3, ""training_set_primary_roi_044"": 6, ""training_set_primary_roi_029"": 4, ""training_set_primary_roi_083"": 6, ""training_set_primary_roi_001"": 1, ""training_set_primary_roi_016"": 5, ""training_set_primary_roi_047"": 3, ""training_set_metastatic_roi_101"": 3, ""training_set_primary_roi_048"": 5, ""training_set_metastatic_roi_067"": 3, ""training_set_metastatic_roi_046"": 2, ""training_set_primary_roi_057"": 7, ""training_set_primary_roi_054"": 3, ""training_set_primary_roi_040"": 3, ""training_set_primary_roi_025"": 5, ""training_set_primary_roi_037"": 4, ""training_set_primary_roi_064"": 2, ""training_set_metastatic_roi_056"": 3, ""training_set_primary_roi_098"": 2, ""training_set_metastatic_roi_055"": 4, ""training_set_primary_roi_004"": 4, ""training_set_metastatic_roi_072"": 7, ""training_set_primary_roi_030"": 2, ""training_set_primary_roi_068"": 7, ""training_set_metastatic_roi_037"": 1, ""training_set_metastatic_roi_025"": 3, ""training_set_primary_roi_052"": 10, ""training_set_primary_roi_023"": 2, ""training_set_metastatic_roi_086"": 4, ""training_set_metastatic_roi_014"": 1, ""training_set_primary_roi_084"": 2, ""training_set_primary_roi_002"": 2, ""training_set_primary_roi_060"": 4, ""training_set_metastatic_roi_010"": 4, ""training_set_primary_roi_007"": 4, ""training_set_metastatic_roi_022"": 1, ""training_set_primary_roi_041"": 1, ""training_set_primary_roi_038"": 4, ""training_set_primary_roi_095"": 3, ""training_set_metastatic_roi_047"": 8, ""training_set_metastatic_roi_003"": 1, ""training_set_metastatic_roi_092"": 3, ""training_set_metastatic_roi_051"": 1, ""training_set_metastatic_roi_028"": 5, ""training_set_metastatic_roi_102"": 2, ""training_set_metastatic_roi_016"": 4, ""training_set_primary_roi_020"": 2, ""training_set_metastatic_roi_075"": 3, ""training_set_metastatic_roi_088"": 2, ""training_set_metastatic_roi_066"": 3, ""training_set_metastatic_roi_053"": 2, ""training_set_metastatic_roi_036"": 1, ""training_set_metastatic_roi_085"": 2, ""training_set_primary_roi_042"": 4, ""training_set_primary_roi_051"": 1, ""training_set_metastatic_roi_100"": 1, ""training_set_metastatic_roi_069"": 1, ""training_set_primary_roi_036"": 4, ""training_set_primary_roi_028"": 1, ""training_set_metastatic_roi_008"": 2, ""training_set_primary_roi_076"": 1, ""training_set_primary_roi_055"": 2, ""training_set_metastatic_roi_024"": 1, ""training_set_primary_roi_101"": 3, ""training_set_primary_roi_067"": 2, ""training_set_metastatic_roi_017"": 2, ""training_set_metastatic_roi_095"": 1, ""training_set_primary_roi_087"": 1, ""training_set_metastatic_roi_073"": 1, ""training_set_metastatic_roi_062"": 1}",208
A0_s29_cv0,6,"P4 exact A5 parity rerun, not original P3 measurement","[22, 11, 24, 21, 25, 15, 21, 28, 20, 21]",120,0.42307692307692313,70,NOT RECORDED IN ORIGINAL RUN,"{""training_set_primary_roi_095"": 4, ""training_set_primary_roi_065"": 1, ""training_set_primary_roi_064"": 1, ""training_set_metastatic_roi_049"": 3, ""training_set_primary_roi_101"": 5, ""training_set_metastatic_roi_075"": 2, ""training_set_primary_roi_047"": 2, ""training_set_metastatic_roi_017"": 5, ""training_set_primary_roi_048"": 4, ""training_set_primary_roi_068"": 6, ""training_set_metastatic_roi_072"": 4, ""training_set_primary_roi_067"": 4, ""training_set_primary_roi_040"": 2, ""training_set_primary_roi_029"": 6, ""training_set_primary_roi_037"": 4, ""training_set_primary_roi_057"": 6, ""training_set_metastatic_roi_086"": 2, ""training_set_primary_roi_098"": 2, ""training_set_primary_roi_025"": 6, ""training_set_primary_roi_021"": 6, ""training_set_metastatic_roi_092"": 5, ""training_set_primary_roi_054"": 4, ""training_set_primary_roi_024"": 1, ""training_set_primary_roi_022"": 2, ""training_set_metastatic_roi_046"": 4, ""training_set_metastatic_roi_016"": 6, ""training_set_metastatic_roi_062"": 1, ""training_set_metastatic_roi_056"": 2, ""training_set_metastatic_roi_073"": 3, ""training_set_metastatic_roi_035"": 5, ""training_set_metastatic_roi_012"": 1, ""training_set_primary_roi_038"": 6, ""training_set_metastatic_roi_028"": 2, ""training_set_primary_roi_016"": 1, ""training_set_primary_roi_051"": 1, ""training_set_metastatic_roi_055"": 1, ""training_set_primary_roi_004"": 1, ""training_set_metastatic_roi_025"": 2, ""training_set_metastatic_roi_022"": 4, ""training_set_primary_roi_052"": 3, ""training_set_primary_roi_086"": 3, ""training_set_primary_roi_030"": 3, ""training_set_primary_roi_044"": 5, ""training_set_primary_roi_083"": 4, ""training_set_primary_roi_075"": 1, ""training_set_primary_roi_007"": 5, ""training_set_primary_roi_073"": 7, ""training_set_metastatic_roi_008"": 3, ""training_set_metastatic_roi_018"": 1, ""training_set_primary_roi_002"": 2, ""training_set_primary_roi_028"": 1, ""training_set_metastatic_roi_047"": 6, ""training_set_primary_roi_020"": 3, ""training_set_primary_roi_031"": 5, ""training_set_primary_roi_060"": 4, ""training_set_primary_roi_084"": 4, ""training_set_metastatic_roi_010"": 2, ""training_set_metastatic_roi_069"": 1, ""training_set_primary_roi_017"": 1, ""training_set_primary_roi_036"": 2, ""training_set_metastatic_roi_081"": 1, ""training_set_metastatic_roi_040"": 2, ""training_set_metastatic_roi_003"": 1, ""training_set_metastatic_roi_102"": 2, ""training_set_primary_roi_042"": 3, ""training_set_primary_roi_093"": 1, ""training_set_metastatic_roi_051"": 1, ""training_set_metastatic_roi_085"": 2, ""training_set_metastatic_roi_066"": 1, ""training_set_metastatic_roi_095"": 1}",208
A0_s29_cv0,7,"P4 exact A5 parity rerun, not original P3 measurement","[22, 18, 15, 20, 24, 26, 18, 28, 24, 13]",126,0.3942307692307693,76,NOT RECORDED IN ORIGINAL RUN,"{""training_set_primary_roi_004"": 6, ""training_set_metastatic_roi_004"": 1, ""training_set_primary_roi_068"": 8, ""training_set_primary_roi_048"": 10, ""training_set_primary_roi_067"": 3, ""training_set_primary_roi_060"": 5, ""training_set_primary_roi_042"": 4, ""training_set_primary_roi_029"": 5, ""training_set_primary_roi_065"": 1, ""training_set_metastatic_roi_047"": 3, ""training_set_primary_roi_030"": 4, ""training_set_metastatic_roi_072"": 6, ""training_set_primary_roi_023"": 2, ""training_set_primary_roi_021"": 2, ""training_set_primary_roi_084"": 5, ""training_set_primary_roi_073"": 7, ""training_set_primary_roi_027"": 1, ""training_set_metastatic_roi_053"": 2, ""training_set_metastatic_roi_083"": 1, ""training_set_primary_roi_007"": 6, ""training_set_primary_roi_095"": 2, ""training_set_primary_roi_040"": 3, ""training_set_primary_roi_054"": 2, ""training_set_metastatic_roi_035"": 1, ""training_set_primary_roi_087"": 3, ""training_set_primary_roi_101"": 3, ""training_set_primary_roi_016"": 5, ""training_set_primary_roi_076"": 4, ""training_set_primary_roi_083"": 5, ""training_set_metastatic_roi_100"": 4, ""training_set_metastatic_roi_024"": 3, ""training_set_metastatic_roi_067"": 2, ""training_set_metastatic_roi_028"": 4, ""training_set_primary_roi_057"": 6, ""training_set_primary_roi_052"": 6, ""training_set_primary_roi_037"": 1, ""training_set_primary_roi_098"": 3, ""training_set_primary_roi_093"": 3, ""training_set_metastatic_roi_085"": 2, ""training_set_metastatic_roi_008"": 1, ""training_set_primary_roi_044"": 4, ""training_set_metastatic_roi_055"": 3, ""training_set_metastatic_roi_075"": 1, ""training_set_metastatic_roi_022"": 6, ""training_set_primary_roi_055"": 1, ""training_set_primary_roi_025"": 3, ""training_set_primary_roi_041"": 3, ""training_set_primary_roi_002"": 1, ""training_set_metastatic_roi_095"": 2, ""training_set_primary_roi_038"": 1, ""training_set_primary_roi_022"": 3, ""training_set_primary_roi_031"": 2, ""training_set_primary_roi_086"": 1, ""training_set_metastatic_roi_025"": 2, ""training_set_primary_roi_047"": 1, ""training_set_metastatic_roi_068"": 1, ""training_set_primary_roi_036"": 1, ""training_set_metastatic_roi_092"": 3, ""training_set_metastatic_roi_040"": 1, ""training_set_metastatic_roi_066"": 1, ""training_set_metastatic_roi_016"": 2, ""training_set_primary_roi_069"": 1, ""training_set_metastatic_roi_056"": 2, ""training_set_metastatic_roi_086"": 4, ""training_set_primary_roi_051"": 1, ""training_set_metastatic_roi_088"": 1, ""training_set_metastatic_roi_015"": 1, ""training_set_primary_roi_001"": 1, ""training_set_primary_roi_064"": 1, ""training_set_metastatic_roi_018"": 1, ""training_set_metastatic_roi_081"": 1, ""training_set_metastatic_roi_062"": 1, ""training_set_metastatic_roi_017"": 2, ""training_set_metastatic_roi_101"": 1, ""training_set_primary_roi_020"": 1, ""training_set_primary_roi_075"": 1}",208
A0_s29_cv0,8,"P4 exact A5 parity rerun, not original P3 measurement","[15, 18, 24, 14, 27, 22, 20, 17, 23, 28]",132,0.3653846153846154,77,NOT RECORDED IN ORIGINAL RUN,"{""training_set_metastatic_roi_056"": 7, ""training_set_primary_roi_057"": 6, ""training_set_primary_roi_083"": 10, ""training_set_primary_roi_052"": 8, ""training_set_metastatic_roi_083"": 1, ""training_set_primary_roi_068"": 9, ""training_set_primary_roi_044"": 8, ""training_set_metastatic_roi_101"": 4, ""training_set_primary_roi_098"": 4, ""training_set_primary_roi_041"": 3, ""training_set_metastatic_roi_088"": 2, ""training_set_metastatic_roi_004"": 1, ""training_set_metastatic_roi_095"": 2, ""training_set_primary_roi_025"": 2, ""training_set_primary_roi_076"": 2, ""training_set_metastatic_roi_073"": 3, ""training_set_metastatic_roi_066"": 3, ""training_set_primary_roi_004"": 4, ""training_set_primary_roi_073"": 4, ""training_set_metastatic_roi_025"": 2, ""training_set_primary_roi_086"": 1, ""training_set_metastatic_roi_092"": 5, ""training_set_primary_roi_067"": 1, ""training_set_primary_roi_029"": 6, ""training_set_metastatic_roi_037"": 1, ""training_set_metastatic_roi_010"": 4, ""training_set_primary_roi_020"": 2, ""training_set_primary_roi_016"": 2, ""training_set_primary_roi_048"": 10, ""training_set_metastatic_roi_024"": 1, ""training_set_primary_roi_060"": 3, ""training_set_primary_roi_038"": 4, ""training_set_metastatic_roi_067"": 1, ""training_set_primary_roi_036"": 3, ""training_set_metastatic_roi_055"": 2, ""training_set_metastatic_roi_003"": 1, ""training_set_primary_roi_023"": 3, ""training_set_metastatic_roi_046"": 2, ""training_set_metastatic_roi_028"": 2, ""training_set_primary_roi_031"": 2, ""training_set_metastatic_roi_078"": 1, ""training_set_primary_roi_030"": 4, ""training_set_metastatic_roi_085"": 1, ""training_set_primary_roi_047"": 2, ""training_set_metastatic_roi_081"": 1, ""training_set_primary_roi_021"": 2, ""training_set_primary_roi_022"": 2, ""training_set_primary_roi_101"": 1, ""training_set_metastatic_roi_072"": 5, ""training_set_primary_roi_095"": 3, ""training_set_metastatic_roi_086"": 5, ""training_set_metastatic_roi_014"": 2, ""training_set_primary_roi_017"": 1, ""training_set_primary_roi_063"": 2, ""training_set_primary_roi_028"": 1, ""training_set_metastatic_roi_016"": 4, ""training_set_primary_roi_024"": 3, ""training_set_primary_roi_065"": 1, ""training_set_metastatic_roi_062"": 1, ""training_set_primary_roi_051"": 1, ""training_set_metastatic_roi_069"": 2, ""training_set_primary_roi_087"": 1, ""training_set_primary_roi_007"": 1, ""training_set_metastatic_roi_047"": 3, ""training_set_primary_roi_042"": 2, ""training_set_metastatic_roi_075"": 1, ""training_set_primary_roi_054"": 3, ""training_set_metastatic_roi_022"": 1, ""training_set_metastatic_roi_017"": 2, ""training_set_primary_roi_084"": 1, ""training_set_primary_roi_069"": 1, ""training_set_metastatic_roi_063"": 1, ""training_set_primary_roi_040"": 1, ""training_set_metastatic_roi_102"": 1, ""training_set_primary_roi_037"": 1, ""training_set_primary_roi_002"": 1, ""training_set_primary_roi_001"": 1}",208
A0_s29_cv0,9,"P4 exact A5 parity rerun, not original P3 measurement","[16, 16, 26, 25, 19, 20, 24, 20, 19, 23]",121,0.4182692307692307,73,NOT RECORDED IN ORIGINAL RUN,"{""training_set_primary_roi_083"": 9, ""training_set_primary_roi_047"": 4, ""training_set_primary_roi_036"": 6, ""training_set_metastatic_roi_072"": 3, ""training_set_primary_roi_067"": 2, ""training_set_primary_roi_054"": 2, ""training_set_metastatic_roi_018"": 1, ""training_set_metastatic_roi_073"": 3, ""training_set_primary_roi_076"": 4, ""training_set_metastatic_roi_085"": 6, ""training_set_primary_roi_057"": 8, ""training_set_metastatic_roi_028"": 2, ""training_set_metastatic_roi_016"": 6, ""training_set_primary_roi_069"": 1, ""training_set_primary_roi_068"": 10, ""training_set_primary_roi_037"": 9, ""training_set_primary_roi_101"": 2, ""training_set_metastatic_roi_066"": 1, ""training_set_primary_roi_002"": 2, ""training_set_primary_roi_022"": 5, ""training_set_metastatic_roi_078"": 1, ""training_set_metastatic_roi_008"": 2, ""training_set_primary_roi_084"": 3, ""training_set_primary_roi_020"": 2, ""training_set_primary_roi_007"": 7, ""training_set_metastatic_roi_102"": 2, ""training_set_metastatic_roi_062"": 4, ""training_set_primary_roi_063"": 5, ""training_set_metastatic_roi_069"": 3, ""training_set_metastatic_roi_046"": 6, ""training_set_primary_roi_044"": 5, ""training_set_metastatic_roi_086"": 4, ""training_set_primary_roi_086"": 1, ""training_set_primary_roi_060"": 4, ""training_set_primary_roi_073"": 5, ""training_set_metastatic_roi_017"": 3, ""training_set_metastatic_roi_025"": 3, ""training_set_metastatic_roi_012"": 2, ""training_set_metastatic_roi_063"": 1, ""training_set_primary_roi_030"": 2, ""training_set_primary_roi_048"": 5, ""training_set_primary_roi_029"": 2, ""training_set_metastatic_roi_092"": 1, ""training_set_metastatic_roi_068"": 2, ""training_set_primary_roi_041"": 1, ""training_set_primary_roi_016"": 1, ""training_set_metastatic_roi_100"": 2, ""training_set_metastatic_roi_067"": 1, ""training_set_primary_roi_042"": 1, ""training_set_metastatic_roi_056"": 4, ""training_set_primary_roi_001"": 1, ""training_set_metastatic_roi_075"": 1, ""training_set_metastatic_roi_101"": 2, ""training_set_metastatic_roi_010"": 2, ""training_set_primary_roi_040"": 1, ""training_set_primary_roi_093"": 1, ""training_set_primary_roi_065"": 1, ""training_set_metastatic_roi_047"": 3, ""training_set_metastatic_roi_055"": 2, ""training_set_primary_roi_021"": 1, ""training_set_metastatic_roi_053"": 4, ""training_set_primary_roi_031"": 1, ""training_set_primary_roi_024"": 1, ""training_set_primary_roi_064"": 2, ""training_set_primary_roi_087"": 1, ""training_set_primary_roi_052"": 4, ""training_set_primary_roi_023"": 2, ""training_set_metastatic_roi_022"": 1, ""training_set_primary_roi_038"": 2, ""training_set_metastatic_roi_014"": 1, ""training_set_metastatic_roi_035"": 1, ""training_set_primary_roi_098"": 1, ""training_set_primary_roi_095"": 1}",208
A0_s29_cv0,10,"P4 exact A5 parity rerun, not original P3 measurement","[20, 19, 24, 24, 24, 19, 15, 24, 14, 25]",120,0.42307692307692313,71,NOT RECORDED IN ORIGINAL RUN,"{""training_set_primary_roi_030"": 3, ""training_set_metastatic_roi_095"": 2, ""training_set_primary_roi_016"": 8, ""training_set_metastatic_roi_069"": 2, ""training_set_primary_roi_044"": 6, ""training_set_primary_roi_076"": 1, ""training_set_primary_roi_052"": 5, ""training_set_metastatic_roi_078"": 1, ""training_set_primary_roi_083"": 7, ""training_set_metastatic_roi_086"": 5, ""training_set_metastatic_roi_072"": 9, ""training_set_primary_roi_101"": 4, ""training_set_primary_roi_029"": 7, ""training_set_primary_roi_042"": 7, ""training_set_primary_roi_068"": 6, ""training_set_primary_roi_063"": 3, ""training_set_primary_roi_025"": 4, ""training_set_metastatic_roi_101"": 6, ""training_set_primary_roi_037"": 2, ""training_set_metastatic_roi_016"": 4, ""training_set_primary_roi_036"": 7, ""training_set_metastatic_roi_022"": 5, ""training_set_metastatic_roi_035"": 1, ""training_set_primary_roi_073"": 5, ""training_set_metastatic_roi_051"": 1, ""training_set_primary_roi_022"": 2, ""training_set_primary_roi_031"": 4, ""training_set_metastatic_roi_075"": 3, ""training_set_primary_roi_064"": 3, ""training_set_metastatic_roi_088"": 1, ""training_set_metastatic_roi_085"": 1, ""training_set_primary_roi_086"": 3, ""training_set_primary_roi_057"": 9, ""training_set_metastatic_roi_102"": 2, ""training_set_primary_roi_020"": 2, ""training_set_metastatic_roi_025"": 5, ""training_set_primary_roi_038"": 1, ""training_set_metastatic_roi_047"": 4, ""training_set_metastatic_roi_066"": 1, ""training_set_metastatic_roi_014"": 2, ""training_set_primary_roi_054"": 1, ""training_set_primary_roi_048"": 8, ""training_set_metastatic_roi_018"": 1, ""training_set_primary_roi_028"": 1, ""training_set_primary_roi_040"": 2, ""training_set_metastatic_roi_056"": 1, ""training_set_primary_roi_047"": 2, ""training_set_metastatic_roi_036"": 1, ""training_set_primary_roi_023"": 1, ""training_set_primary_roi_069"": 1, ""training_set_primary_roi_087"": 4, ""training_set_primary_roi_007"": 5, ""training_set_metastatic_roi_024"": 1, ""training_set_primary_roi_084"": 3, ""training_set_metastatic_roi_062"": 1, ""training_set_primary_roi_067"": 1, ""training_set_primary_roi_098"": 1, ""training_set_primary_roi_001"": 1, ""training_set_primary_roi_093"": 1, ""training_set_primary_roi_060"": 2, ""training_set_primary_roi_055"": 1, ""training_set_primary_roi_065"": 2, ""training_set_metastatic_roi_046"": 1, ""training_set_metastatic_roi_040"": 1, ""training_set_metastatic_roi_073"": 3, ""training_set_metastatic_roi_003"": 1, ""training_set_metastatic_roi_055"": 2, ""training_set_metastatic_roi_067"": 1, ""training_set_metastatic_roi_008"": 1, ""training_set_metastatic_roi_092"": 1, ""training_set_metastatic_roi_053"": 1}",208
A0_s29_cv1,1,"P4 exact A5 parity rerun, not original P3 measurement","[22, 24, 15, 15, 22, 16, 23, 16, 21, 17]",118,0.38219895287958117,71,NOT RECORDED IN ORIGINAL RUN,"{""training_set_primary_roi_101"": 1, ""training_set_primary_roi_017"": 1, ""training_set_metastatic_roi_014"": 2, ""training_set_metastatic_roi_032"": 2, ""training_set_metastatic_roi_055"": 6, ""training_set_primary_roi_043"": 5, ""training_set_metastatic_roi_046"": 4, ""training_set_primary_roi_032"": 6, ""training_set_metastatic_roi_075"": 3, ""training_set_primary_roi_015"": 2, ""training_set_primary_roi_037"": 6, ""training_set_metastatic_roi_057"": 3, ""training_set_metastatic_roi_001"": 1, ""training_set_primary_roi_049"": 4, ""training_set_metastatic_roi_036"": 2, ""training_set_metastatic_roi_020"": 1, ""training_set_primary_roi_068"": 2, ""training_set_metastatic_roi_061"": 3, ""training_set_metastatic_roi_039"": 1, ""training_set_primary_roi_031"": 1, ""training_set_primary_roi_054"": 4, ""training_set_primary_roi_095"": 2, ""training_set_primary_roi_058"": 4, ""training_set_primary_roi_098"": 3, ""training_set_primary_roi_079"": 5, ""training_set_primary_roi_102"": 3, ""training_set_metastatic_roi_037"": 4, ""training_set_metastatic_roi_072"": 8, ""training_set_primary_roi_057"": 8, ""training_set_metastatic_roi_091"": 3, ""training_set_primary_roi_012"": 5, ""training_set_primary_roi_087"": 8, ""training_set_metastatic_roi_084"": 2, ""training_set_metastatic_roi_095"": 2, ""training_set_primary_roi_096"": 5, ""training_set_primary_roi_038"": 2, ""training_set_primary_roi_047"": 2, ""training_set_primary_roi_022"": 3, ""training_set_metastatic_roi_071"": 2, ""training_set_primary_roi_045"": 1, ""training_set_primary_roi_007"": 5, ""training_set_metastatic_roi_063"": 2, ""training_set_primary_roi_029"": 3, ""training_set_primary_roi_091"": 2, ""training_set_metastatic_roi_011"": 2, ""training_set_metastatic_roi_026"": 3, ""training_set_primary_roi_084"": 2, ""training_set_metastatic_roi_100"": 2, ""training_set_primary_roi_074"": 2, ""training_set_metastatic_roi_102"": 4, ""training_set_primary_roi_001"": 2, ""training_set_primary_roi_018"": 2, ""training_set_metastatic_roi_087"": 2, ""training_set_primary_roi_005"": 3, ""training_set_metastatic_roi_097"": 3, ""training_set_primary_roi_011"": 4, ""training_set_primary_roi_097"": 1, ""training_set_primary_roi_055"": 1, ""training_set_primary_roi_030"": 1, ""training_set_primary_roi_069"": 1, ""training_set_primary_roi_002"": 2, ""training_set_metastatic_roi_012"": 1, ""training_set_primary_roi_076"": 1, ""training_set_metastatic_roi_022"": 1, ""training_set_primary_roi_065"": 1, ""training_set_metastatic_roi_031"": 1, ""training_set_primary_roi_099"": 1, ""training_set_metastatic_roi_017"": 1, ""training_set_metastatic_roi_093"": 1, ""training_set_metastatic_roi_094"": 1, ""training_set_primary_roi_013"": 1}",191
A0_s29_cv1,2,"P4 exact A5 parity rerun, not original P3 measurement","[14, 25, 23, 15, 18, 16, 20, 19, 26, 15]",113,0.4083769633507853,67,NOT RECORDED IN ORIGINAL RUN,"{""training_set_primary_roi_011"": 4, ""training_set_primary_roi_010"": 4, ""training_set_primary_roi_029"": 6, ""training_set_primary_roi_076"": 3, ""training_set_primary_roi_022"": 7, ""training_set_primary_roi_012"": 6, ""training_set_primary_roi_032"": 4, ""training_set_metastatic_roi_026"": 7, ""training_set_primary_roi_057"": 9, ""training_set_primary_roi_080"": 3, ""training_set_primary_roi_037"": 4, ""training_set_primary_roi_007"": 3, ""training_set_metastatic_roi_037"": 2, ""training_set_primary_roi_015"": 2, ""training_set_primary_roi_084"": 3, ""training_set_primary_roi_034"": 2, ""training_set_primary_roi_095"": 5, ""training_set_metastatic_roi_002"": 1, ""training_set_metastatic_roi_091"": 3, ""training_set_primary_roi_068"": 7, ""training_set_primary_roi_081"": 2, ""training_set_metastatic_roi_017"": 5, ""training_set_primary_roi_031"": 3, ""training_set_primary_roi_038"": 8, ""training_set_metastatic_roi_001"": 1, ""training_set_metastatic_roi_057"": 3, ""training_set_metastatic_roi_072"": 3, ""training_set_primary_roi_099"": 3, ""training_set_metastatic_roi_011"": 1, ""training_set_primary_roi_017"": 2, ""training_set_primary_roi_030"": 3, ""training_set_metastatic_roi_095"": 2, ""training_set_metastatic_roi_094"": 2, ""training_set_metastatic_roi_046"": 6, ""training_set_primary_roi_005"": 5, ""training_set_primary_roi_074"": 3, ""training_set_metastatic_roi_063"": 3, ""training_set_primary_roi_098"": 1, ""training_set_primary_roi_047"": 2, ""training_set_metastatic_roi_012"": 2, ""training_set_metastatic_roi_022"": 1, ""training_set_metastatic_roi_055"": 4, ""training_set_primary_roi_087"": 2, ""training_set_primary_roi_018"": 6, ""training_set_primary_roi_079"": 3, ""training_set_primary_roi_091"": 1, ""training_set_primary_roi_069"": 1, ""training_set_primary_roi_065"": 1, ""training_set_metastatic_roi_014"": 2, ""training_set_primary_roi_096"": 3, ""training_set_primary_roi_049"": 1, ""training_set_primary_roi_102"": 1, ""training_set_metastatic_roi_097"": 2, ""training_set_primary_roi_059"": 2, ""training_set_metastatic_roi_100"": 1, ""training_set_primary_roi_061"": 2, ""training_set_metastatic_roi_078"": 1, ""training_set_metastatic_roi_067"": 1, ""training_set_primary_roi_027"": 1, ""training_set_primary_roi_054"": 1, ""training_set_metastatic_roi_071"": 1, ""training_set_primary_roi_058"": 2, ""training_set_metastatic_roi_075"": 2, ""training_set_primary_roi_101"": 1, ""training_set_metastatic_roi_040"": 1, ""training_set_metastatic_roi_087"": 1, ""training_set_primary_roi_013"": 1}",191
A0_s29_cv1,3,"P4 exact A5 parity rerun, not original P3 measurement","[19, 21, 19, 17, 17, 24, 22, 15, 20, 17]",113,0.4083769633507853,70,NOT RECORDED IN ORIGINAL RUN,"{""training_set_metastatic_roi_059"": 1, ""training_set_metastatic_roi_072"": 4, ""training_set_metastatic_roi_039"": 1, ""training_set_primary_roi_007"": 6, ""training_set_primary_roi_068"": 9, ""training_set_primary_roi_047"": 3, ""training_set_primary_roi_084"": 2, ""training_set_metastatic_roi_022"": 3, ""training_set_primary_roi_037"": 7, ""training_set_metastatic_roi_102"": 2, ""training_set_primary_roi_079"": 1, ""training_set_metastatic_roi_046"": 5, ""training_set_metastatic_roi_091"": 1, ""training_set_primary_roi_013"": 4, ""training_set_primary_roi_005"": 1, ""training_set_primary_roi_011"": 3, ""training_set_primary_roi_057"": 10, ""training_set_primary_roi_045"": 2, ""training_set_primary_roi_030"": 2, ""training_set_primary_roi_091"": 2, ""training_set_metastatic_roi_055"": 4, ""training_set_metastatic_roi_017"": 5, ""training_set_metastatic_roi_071"": 2, ""training_set_primary_roi_096"": 2, ""training_set_primary_roi_101"": 3, ""training_set_metastatic_roi_063"": 3, ""training_set_metastatic_roi_002"": 3, ""training_set_primary_roi_059"": 7, ""training_set_primary_roi_010"": 7, ""training_set_metastatic_roi_037"": 3, ""training_set_primary_roi_062"": 1, ""training_set_primary_roi_029"": 4, ""training_set_metastatic_roi_001"": 2, ""training_set_primary_roi_002"": 2, ""training_set_metastatic_roi_066"": 2, ""training_set_primary_roi_049"": 2, ""training_set_metastatic_roi_051"": 2, ""training_set_primary_roi_031"": 3, ""training_set_primary_roi_012"": 3, ""training_set_primary_roi_038"": 4, ""training_set_primary_roi_058"": 2, ""training_set_primary_roi_034"": 1, ""training_set_primary_roi_022"": 3, ""training_set_primary_roi_099"": 8, ""training_set_metastatic_roi_011"": 4, ""training_set_metastatic_roi_095"": 2, ""training_set_primary_roi_032"": 2, ""training_set_metastatic_roi_040"": 1, ""training_set_metastatic_roi_014"": 1, ""training_set_primary_roi_080"": 2, ""training_set_primary_roi_054"": 1, ""training_set_metastatic_roi_075"": 2, ""training_set_metastatic_roi_031"": 1, ""training_set_primary_roi_015"": 2, ""training_set_metastatic_roi_057"": 2, ""training_set_primary_roi_102"": 2, ""training_set_primary_roi_095"": 1, ""training_set_primary_roi_065"": 1, ""training_set_metastatic_roi_026"": 4, ""training_set_primary_roi_087"": 1, ""training_set_primary_roi_001"": 2, ""training_set_metastatic_roi_020"": 2, ""training_set_primary_roi_027"": 1, ""training_set_primary_roi_081"": 2, ""training_set_metastatic_roi_068"": 1, ""training_set_metastatic_roi_061"": 2, ""training_set_metastatic_roi_100"": 1, ""training_set_primary_roi_076"": 1, ""training_set_metastatic_roi_097"": 2, ""training_set_primary_roi_043"": 1}",191
A0_s29_cv1,4,"P4 exact A5 parity rerun, not original P3 measurement","[17, 27, 16, 27, 17, 13, 16, 22, 18, 18]",118,0.38219895287958117,72,NOT RECORDED IN ORIGINAL RUN,"{""training_set_metastatic_roi_066"": 3, ""training_set_metastatic_roi_026"": 8, ""training_set_primary_roi_013"": 4, ""training_set_primary_roi_068"": 9, ""training_set_primary_roi_054"": 4, ""training_set_metastatic_roi_071"": 6, ""training_set_primary_roi_047"": 7, ""training_set_primary_roi_007"": 6, ""training_set_metastatic_roi_046"": 2, ""training_set_primary_roi_057"": 5, ""training_set_metastatic_roi_017"": 2, ""training_set_metastatic_roi_032"": 2, ""training_set_primary_roi_029"": 5, ""training_set_metastatic_roi_084"": 2, ""training_set_primary_roi_101"": 5, ""training_set_primary_roi_001"": 2, ""training_set_metastatic_roi_075"": 1, ""training_set_primary_roi_011"": 2, ""training_set_metastatic_roi_091"": 4, ""training_set_primary_roi_074"": 1, ""training_set_metastatic_roi_037"": 1, ""training_set_primary_roi_022"": 3, ""training_set_metastatic_roi_095"": 1, ""training_set_metastatic_roi_063"": 4, ""training_set_primary_roi_038"": 2, ""training_set_primary_roi_065"": 3, ""training_set_primary_roi_099"": 4, ""training_set_metastatic_roi_049"": 1, ""training_set_primary_roi_015"": 2, ""training_set_primary_roi_055"": 2, ""training_set_metastatic_roi_055"": 5, ""training_set_primary_roi_037"": 3, ""training_set_primary_roi_030"": 2, ""training_set_primary_roi_061"": 1, ""training_set_primary_roi_087"": 3, ""training_set_primary_roi_079"": 3, ""training_set_primary_roi_032"": 4, ""training_set_primary_roi_010"": 4, ""training_set_metastatic_roi_061"": 2, ""training_set_primary_roi_096"": 2, ""training_set_primary_roi_034"": 1, ""training_set_metastatic_roi_011"": 4, ""training_set_primary_roi_076"": 3, ""training_set_primary_roi_017"": 1, ""training_set_metastatic_roi_097"": 1, ""training_set_primary_roi_091"": 5, ""training_set_metastatic_roi_039"": 2, ""training_set_metastatic_roi_067"": 1, ""training_set_metastatic_roi_001"": 1, ""training_set_primary_roi_012"": 3, ""training_set_metastatic_roi_068"": 2, ""training_set_primary_roi_080"": 1, ""training_set_metastatic_roi_102"": 3, ""training_set_metastatic_roi_081"": 1, ""training_set_metastatic_roi_014"": 3, ""training_set_metastatic_roi_072"": 2, ""training_set_primary_roi_005"": 3, ""training_set_metastatic_roi_034"": 1, ""training_set_primary_roi_059"": 2, ""training_set_metastatic_roi_094"": 1, ""training_set_metastatic_roi_022"": 1, ""training_set_primary_roi_031"": 1, ""training_set_primary_roi_095"": 1, ""training_set_primary_roi_058"": 2, ""training_set_primary_roi_062"": 2, ""training_set_metastatic_roi_087"": 3, ""training_set_primary_roi_089"": 2, ""training_set_primary_roi_102"": 1, ""training_set_primary_roi_049"": 2, ""training_set_metastatic_roi_020"": 1, ""training_set_primary_roi_018"": 1, ""training_set_primary_roi_098"": 1}",191
A0_s29_cv1,5,"P4 exact A5 parity rerun, not original P3 measurement","[11, 13, 27, 24, 17, 21, 20, 24, 17, 17]",120,0.3717277486910995,77,NOT RECORDED IN ORIGINAL RUN,"{""training_set_primary_roi_038"": 7, ""training_set_primary_roi_017"": 1, ""training_set_primary_roi_087"": 2, ""training_set_primary_roi_097"": 1, ""training_set_primary_roi_102"": 2, ""training_set_primary_roi_011"": 5, ""training_set_primary_roi_007"": 5, ""training_set_metastatic_roi_002"": 2, ""training_set_primary_roi_058"": 7, ""training_set_primary_roi_057"": 9, ""training_set_primary_roi_079"": 6, ""training_set_primary_roi_068"": 11, ""training_set_metastatic_roi_032"": 4, ""training_set_metastatic_roi_091"": 3, ""training_set_metastatic_roi_017"": 5, ""training_set_primary_roi_095"": 3, ""training_set_metastatic_roi_072"": 3, ""training_set_primary_roi_091"": 5, ""training_set_primary_roi_029"": 5, ""training_set_primary_roi_101"": 2, ""training_set_primary_roi_054"": 4, ""training_set_primary_roi_022"": 5, ""training_set_metastatic_roi_100"": 3, ""training_set_primary_roi_031"": 2, ""training_set_metastatic_roi_071"": 4, ""training_set_primary_roi_010"": 4, ""training_set_primary_roi_039"": 1, ""training_set_primary_roi_045"": 1, ""training_set_primary_roi_084"": 2, ""training_set_metastatic_roi_055"": 3, ""training_set_metastatic_roi_054"": 1, ""training_set_primary_roi_099"": 2, ""training_set_primary_roi_098"": 1, ""training_set_primary_roi_096"": 2, ""training_set_primary_roi_030"": 2, ""training_set_metastatic_roi_014"": 2, ""training_set_primary_roi_055"": 2, ""training_set_primary_roi_032"": 2, ""training_set_primary_roi_065"": 1, ""training_set_metastatic_roi_022"": 1, ""training_set_primary_roi_018"": 1, ""training_set_primary_roi_049"": 2, ""training_set_primary_roi_002"": 1, ""training_set_metastatic_roi_102"": 1, ""training_set_metastatic_roi_068"": 1, ""training_set_metastatic_roi_067"": 1, ""training_set_metastatic_roi_039"": 1, ""training_set_primary_roi_061"": 1, ""training_set_primary_roi_034"": 1, ""training_set_primary_roi_074"": 1, ""training_set_metastatic_roi_061"": 1, ""training_set_metastatic_roi_057"": 3, ""training_set_primary_roi_062"": 2, ""training_set_primary_roi_005"": 3, ""training_set_metastatic_roi_037"": 2, ""training_set_metastatic_roi_031"": 1, ""training_set_primary_roi_027"": 1, ""training_set_primary_roi_059"": 4, ""training_set_primary_roi_037"": 2, ""training_set_primary_roi_015"": 1, ""training_set_metastatic_roi_011"": 4, ""training_set_metastatic_roi_026"": 2, ""training_set_primary_roi_043"": 1, ""training_set_primary_roi_080"": 3, ""training_set_metastatic_roi_049"": 1, ""training_set_metastatic_roi_001"": 2, ""training_set_metastatic_roi_095"": 1, ""training_set_metastatic_roi_046"": 1, ""training_set_metastatic_roi_094"": 4, ""training_set_primary_roi_001"": 1, ""training_set_primary_roi_012"": 1, ""training_set_metastatic_roi_078"": 1, ""training_set_metastatic_roi_066"": 1, ""training_set_metastatic_roi_087"": 1, ""training_set_primary_roi_047"": 1, ""training_set_primary_roi_069"": 1, ""training_set_primary_roi_089"": 1}",191
A0_s29_cv1,6,"P4 exact A5 parity rerun, not original P3 measurement","[22, 17, 20, 10, 15, 28, 21, 18, 22, 18]",117,0.38743455497382195,75,NOT RECORDED IN ORIGINAL RUN,"{""training_set_primary_roi_010"": 1, ""training_set_primary_roi_015"": 2, ""training_set_metastatic_roi_093"": 2, ""training_set_metastatic_roi_072"": 10, ""training_set_metastatic_roi_055"": 3, ""training_set_primary_roi_096"": 2, ""training_set_primary_roi_065"": 3, ""training_set_metastatic_roi_026"": 5, ""training_set_metastatic_roi_054"": 2, ""training_set_primary_roi_045"": 2, ""training_set_primary_roi_011"": 3, ""training_set_primary_roi_102"": 5, ""training_set_metastatic_roi_087"": 1, ""training_set_primary_roi_030"": 3, ""training_set_primary_roi_101"": 6, ""training_set_metastatic_roi_040"": 1, ""training_set_metastatic_roi_034"": 2, ""training_set_metastatic_roi_057"": 1, ""training_set_metastatic_roi_061"": 3, ""training_set_metastatic_roi_078"": 2, ""training_set_primary_roi_079"": 6, ""training_set_metastatic_roi_046"": 5, ""training_set_primary_roi_001"": 1, ""training_set_primary_roi_068"": 4, ""training_set_metastatic_roi_049"": 2, ""training_set_primary_roi_022"": 3, ""training_set_metastatic_roi_017"": 10, ""training_set_primary_roi_005"": 2, ""training_set_metastatic_roi_095"": 2, ""training_set_primary_roi_057"": 6, ""training_set_primary_roi_059"": 5, ""training_set_primary_roi_034"": 2, ""training_set_metastatic_roi_067"": 1, ""training_set_primary_roi_074"": 1, ""training_set_primary_roi_084"": 3, ""training_set_primary_roi_032"": 5, ""training_set_primary_roi_054"": 2, ""training_set_metastatic_roi_066"": 2, ""training_set_metastatic_roi_031"": 1, ""training_set_metastatic_roi_001"": 2, ""training_set_metastatic_roi_081"": 2, ""training_set_primary_roi_099"": 4, ""training_set_metastatic_roi_011"": 2, ""training_set_metastatic_roi_075"": 2, ""training_set_metastatic_roi_100"": 1, ""training_set_metastatic_roi_091"": 2, ""training_set_metastatic_roi_094"": 5, ""training_set_primary_roi_037"": 2, ""training_set_metastatic_roi_022"": 1, ""training_set_primary_roi_031"": 3, ""training_set_primary_roi_047"": 1, ""training_set_metastatic_roi_063"": 1, ""training_set_primary_roi_007"": 4, ""training_set_primary_roi_076"": 2, ""training_set_metastatic_roi_020"": 1, ""training_set_primary_roi_080"": 1, ""training_set_primary_roi_038"": 3, ""training_set_primary_roi_029"": 4, ""training_set_primary_roi_012"": 4, ""training_set_primary_roi_062"": 2, ""training_set_primary_roi_018"": 1, ""training_set_primary_roi_013"": 2, ""training_set_metastatic_roi_039"": 1, ""training_set_metastatic_roi_059"": 1, ""training_set_metastatic_roi_037"": 4, ""training_set_metastatic_roi_032"": 1, ""training_set_primary_roi_058"": 1, ""training_set_primary_roi_098"": 2, ""training_set_primary_roi_091"": 1, ""training_set_primary_roi_087"": 1, ""training_set_primary_roi_002"": 1, ""training_set_metastatic_roi_014"": 1, ""training_set_metastatic_roi_002"": 1, ""training_set_primary_roi_061"": 1, ""training_set_primary_roi_081"": 1}",191
A0_s29_cv1,7,"P4 exact A5 parity rerun, not original P3 measurement","[19, 22, 13, 21, 21, 14, 18, 21, 23, 19]",110,0.4240837696335078,70,NOT RECORDED IN ORIGINAL RUN,"{""training_set_primary_roi_049"": 3, ""training_set_metastatic_roi_039"": 4, ""training_set_metastatic_roi_071"": 1, ""training_set_metastatic_roi_075"": 2, ""training_set_metastatic_roi_054"": 1, ""training_set_metastatic_roi_034"": 2, ""training_set_primary_roi_068"": 10, ""training_set_primary_roi_011"": 3, ""training_set_metastatic_roi_001"": 4, ""training_set_metastatic_roi_026"": 7, ""training_set_primary_roi_084"": 5, ""training_set_primary_roi_022"": 6, ""training_set_primary_roi_032"": 5, ""training_set_primary_roi_038"": 2, ""training_set_metastatic_roi_017"": 1, ""training_set_primary_roi_037"": 5, ""training_set_primary_roi_080"": 3, ""training_set_metastatic_roi_087"": 3, ""training_set_metastatic_roi_055"": 4, ""training_set_primary_roi_087"": 4, ""training_set_primary_roi_054"": 2, ""training_set_primary_roi_091"": 4, ""training_set_primary_roi_099"": 3, ""training_set_primary_roi_013"": 3, ""training_set_primary_roi_102"": 2, ""training_set_primary_roi_096"": 2, ""training_set_primary_roi_059"": 3, ""training_set_metastatic_roi_037"": 2, ""training_set_primary_roi_001"": 2, ""training_set_primary_roi_047"": 5, ""training_set_primary_roi_012"": 2, ""training_set_primary_roi_007"": 5, ""training_set_metastatic_roi_014"": 1, ""training_set_metastatic_roi_049"": 3, ""training_set_primary_roi_034"": 2, ""training_set_primary_roi_055"": 1, ""training_set_primary_roi_095"": 4, ""training_set_metastatic_roi_091"": 2, ""training_set_metastatic_roi_002"": 2, ""training_set_primary_roi_098"": 2, ""training_set_primary_roi_081"": 3, ""training_set_primary_roi_005"": 6, ""training_set_metastatic_roi_066"": 1, ""training_set_metastatic_roi_046"": 2, ""training_set_metastatic_roi_022"": 1, ""training_set_primary_roi_079"": 4, ""training_set_primary_roi_101"": 4, ""training_set_primary_roi_030"": 4, ""training_set_metastatic_roi_051"": 3, ""training_set_primary_roi_031"": 2, ""training_set_primary_roi_076"": 2, ""training_set_primary_roi_061"": 3, ""training_set_primary_roi_057"": 7, ""training_set_metastatic_roi_097"": 2, ""training_set_primary_roi_069"": 2, ""training_set_primary_roi_058"": 1, ""training_set_metastatic_roi_072"": 3, ""training_set_primary_roi_015"": 1, ""training_set_primary_roi_027"": 1, ""training_set_primary_roi_039"": 1, ""training_set_metastatic_roi_100"": 1, ""training_set_primary_roi_010"": 1, ""training_set_metastatic_roi_067"": 1, ""training_set_metastatic_roi_032"": 1, ""training_set_metastatic_roi_057"": 1, ""training_set_metastatic_roi_078"": 1, ""training_set_primary_roi_029"": 2, ""training_set_primary_roi_065"": 1, ""training_set_primary_roi_043"": 1, ""training_set_primary_roi_089"": 1}",191
A0_s29_cv1,8,"P4 exact A5 parity rerun, not original P3 measurement","[15, 18, 12, 25, 29, 18, 12, 17, 22, 23]",112,0.4136125654450262,71,NOT RECORDED IN ORIGINAL RUN,"{""training_set_metastatic_roi_095"": 4, ""training_set_primary_roi_037"": 1, ""training_set_primary_roi_099"": 5, ""training_set_primary_roi_013"": 3, ""training_set_primary_roi_022"": 2, ""training_set_metastatic_roi_036"": 1, ""training_set_primary_roi_096"": 5, ""training_set_primary_roi_015"": 3, ""training_set_primary_roi_032"": 5, ""training_set_metastatic_roi_026"": 8, ""training_set_primary_roi_087"": 4, ""training_set_primary_roi_091"": 3, ""training_set_primary_roi_005"": 3, ""training_set_metastatic_roi_032"": 1, ""training_set_primary_roi_055"": 3, ""training_set_primary_roi_047"": 1, ""training_set_metastatic_roi_034"": 1, ""training_set_primary_roi_057"": 8, ""training_set_metastatic_roi_091"": 4, ""training_set_metastatic_roi_068"": 1, ""training_set_primary_roi_007"": 5, ""training_set_primary_roi_049"": 1, ""training_set_primary_roi_010"": 3, ""training_set_metastatic_roi_094"": 6, ""training_set_primary_roi_084"": 9, ""training_set_metastatic_roi_039"": 2, ""training_set_metastatic_roi_066"": 4, ""training_set_primary_roi_011"": 3, ""training_set_metastatic_roi_017"": 2, ""training_set_metastatic_roi_059"": 3, ""training_set_primary_roi_068"": 8, ""training_set_primary_roi_054"": 4, ""training_set_primary_roi_045"": 1, ""training_set_primary_roi_058"": 1, ""training_set_primary_roi_061"": 2, ""training_set_metastatic_roi_097"": 3, ""training_set_primary_roi_043"": 4, ""training_set_metastatic_roi_014"": 1, ""training_set_primary_roi_101"": 4, ""training_set_primary_roi_002"": 1, ""training_set_primary_roi_076"": 1, ""training_set_metastatic_roi_087"": 2, ""training_set_primary_roi_089"": 2, ""training_set_metastatic_roi_063"": 1, ""training_set_primary_roi_062"": 1, ""training_set_primary_roi_029"": 1, ""training_set_primary_roi_031"": 2, ""training_set_metastatic_roi_022"": 1, ""training_set_metastatic_roi_031"": 1, ""training_set_metastatic_roi_100"": 3, ""training_set_primary_roi_102"": 1, ""training_set_primary_roi_059"": 4, ""training_set_primary_roi_080"": 2, ""training_set_metastatic_roi_072"": 3, ""training_set_metastatic_roi_067"": 2, ""training_set_primary_roi_038"": 3, ""training_set_metastatic_roi_020"": 1, ""training_set_primary_roi_095"": 6, ""training_set_metastatic_roi_057"": 1, ""training_set_metastatic_roi_055"": 2, ""training_set_primary_roi_079"": 4, ""training_set_metastatic_roi_061"": 2, ""training_set_primary_roi_081"": 1, ""training_set_metastatic_roi_001"": 2, ""training_set_metastatic_roi_075"": 2, ""training_set_primary_roi_098"": 1, ""training_set_primary_roi_030"": 2, ""training_set_metastatic_roi_011"": 1, ""training_set_primary_roi_065"": 1, ""training_set_primary_roi_069"": 1, ""training_set_metastatic_roi_046"": 1}",191
A0_s29_cv1,9,"P4 exact A5 parity rerun, not original P3 measurement","[20, 23, 20, 20, 17, 20, 20, 21, 14, 16]",119,0.37696335078534027,73,NOT RECORDED IN ORIGINAL RUN,"{""training_set_metastatic_roi_034"": 1, ""training_set_primary_roi_032"": 4, ""training_set_metastatic_roi_084"": 1, ""training_set_primary_roi_031"": 3, ""training_set_metastatic_roi_091"": 5, ""training_set_primary_roi_068"": 9, ""training_set_primary_roi_059"": 5, ""training_set_primary_roi_057"": 10, ""training_set_metastatic_roi_087"": 3, ""training_set_primary_roi_080"": 6, ""training_set_primary_roi_012"": 4, ""training_set_primary_roi_013"": 5, ""training_set_primary_roi_102"": 3, ""training_set_metastatic_roi_072"": 6, ""training_set_metastatic_roi_057"": 1, ""training_set_metastatic_roi_102"": 2, ""training_set_primary_roi_099"": 4, ""training_set_primary_roi_005"": 2, ""training_set_primary_roi_079"": 3, ""training_set_primary_roi_091"": 4, ""training_set_metastatic_roi_095"": 2, ""training_set_metastatic_roi_011"": 4, ""training_set_metastatic_roi_059"": 3, ""training_set_primary_roi_011"": 2, ""training_set_primary_roi_074"": 4, ""training_set_primary_roi_029"": 3, ""training_set_primary_roi_101"": 2, ""training_set_primary_roi_030"": 3, ""training_set_metastatic_roi_017"": 5, ""training_set_primary_roi_017"": 2, ""training_set_primary_roi_076"": 1, ""training_set_metastatic_roi_061"": 2, ""training_set_primary_roi_058"": 2, ""training_set_metastatic_roi_071"": 3, ""training_set_primary_roi_037"": 6, ""training_set_primary_roi_010"": 1, ""training_set_metastatic_roi_046"": 4, ""training_set_metastatic_roi_014"": 2, ""training_set_primary_roi_045"": 1, ""training_set_primary_roi_049"": 2, ""training_set_primary_roi_054"": 2, ""training_set_primary_roi_047"": 2, ""training_set_metastatic_roi_093"": 3, ""training_set_metastatic_roi_081"": 1, ""training_set_primary_roi_055"": 1, ""training_set_primary_roi_062"": 1, ""training_set_metastatic_roi_012"": 1, ""training_set_metastatic_roi_036"": 1, ""training_set_metastatic_roi_097"": 1, ""training_set_metastatic_roi_026"": 5, ""training_set_primary_roi_061"": 3, ""training_set_metastatic_roi_022"": 2, ""training_set_primary_roi_018"": 1, ""training_set_primary_roi_096"": 1, ""training_set_primary_roi_022"": 1, ""training_set_metastatic_roi_075"": 2, ""training_set_primary_roi_084"": 4, ""training_set_metastatic_roi_066"": 2, ""training_set_primary_roi_038"": 1, ""training_set_metastatic_roi_094"": 2, ""training_set_primary_roi_007"": 3, ""training_set_primary_roi_001"": 2, ""training_set_primary_roi_034"": 1, ""training_set_primary_roi_002"": 2, ""training_set_primary_roi_095"": 2, ""training_set_primary_roi_087"": 1, ""training_set_metastatic_roi_032"": 1, ""training_set_metastatic_roi_002"": 1, ""training_set_metastatic_roi_063"": 1, ""training_set_metastatic_roi_039"": 2, ""training_set_primary_roi_097"": 1, ""training_set_metastatic_roi_001"": 1, ""training_set_metastatic_roi_020"": 1}",191
A0_s29_cv1,10,"P4 exact A5 parity rerun, not original P3 measurement","[20, 32, 26, 22, 17, 17, 19, 16, 9, 13]",116,0.39267015706806285,70,NOT RECORDED IN ORIGINAL RUN,"{""training_set_metastatic_roi_011"": 2, ""training_set_primary_roi_091"": 5, ""training_set_metastatic_roi_066"": 2, ""training_set_metastatic_roi_063"": 3, ""training_set_primary_roi_031"": 3, ""training_set_metastatic_roi_046"": 3, ""training_set_primary_roi_057"": 5, ""training_set_primary_roi_030"": 3, ""training_set_primary_roi_032"": 8, ""training_set_metastatic_roi_094"": 2, ""training_set_metastatic_roi_068"": 1, ""training_set_primary_roi_079"": 4, ""training_set_primary_roi_043"": 1, ""training_set_primary_roi_010"": 5, ""training_set_metastatic_roi_100"": 2, ""training_set_primary_roi_047"": 3, ""training_set_primary_roi_068"": 6, ""training_set_metastatic_roi_061"": 3, ""training_set_primary_roi_002"": 1, ""training_set_metastatic_roi_071"": 4, ""training_set_primary_roi_005"": 1, ""training_set_metastatic_roi_075"": 3, ""training_set_metastatic_roi_091"": 8, ""training_set_primary_roi_074"": 4, ""training_set_primary_roi_037"": 6, ""training_set_metastatic_roi_002"": 2, ""training_set_metastatic_roi_017"": 5, ""training_set_primary_roi_087"": 3, ""training_set_primary_roi_038"": 1, ""training_set_primary_roi_081"": 2, ""training_set_primary_roi_099"": 3, ""training_set_primary_roi_084"": 8, ""training_set_primary_roi_007"": 4, ""training_set_primary_roi_069"": 2, ""training_set_metastatic_roi_097"": 2, ""training_set_primary_roi_076"": 3, ""training_set_primary_roi_096"": 1, ""training_set_primary_roi_095"": 4, ""training_set_metastatic_roi_040"": 2, ""training_set_metastatic_roi_049"": 2, ""training_set_metastatic_roi_102"": 2, ""training_set_metastatic_roi_034"": 1, ""training_set_metastatic_roi_057"": 1, ""training_set_primary_roi_012"": 2, ""training_set_primary_roi_013"": 4, ""training_set_metastatic_roi_055"": 6, ""training_set_metastatic_roi_059"": 1, ""training_set_metastatic_roi_031"": 1, ""training_set_primary_roi_018"": 1, ""training_set_primary_roi_080"": 2, ""training_set_primary_roi_059"": 5, ""training_set_primary_roi_034"": 4, ""training_set_primary_roi_055"": 1, ""training_set_primary_roi_015"": 2, ""training_set_metastatic_roi_072"": 3, ""training_set_metastatic_roi_026"": 3, ""training_set_metastatic_roi_032"": 1, ""training_set_primary_roi_054"": 6, ""training_set_metastatic_roi_012"": 1, ""training_set_primary_roi_065"": 1, ""training_set_primary_roi_061"": 1, ""training_set_metastatic_roi_037"": 2, ""training_set_primary_roi_101"": 1, ""training_set_primary_roi_001"": 1, ""training_set_primary_roi_089"": 1, ""training_set_metastatic_roi_084"": 1, ""training_set_primary_roi_102"": 1, ""training_set_primary_roi_029"": 1, ""training_set_primary_roi_022"": 1, ""training_set_metastatic_roi_078"": 1}",191
A0_s29_cv2,1,"P4 exact A5 parity rerun, not original P3 measurement","[12, 28, 20, 18, 27, 16, 18, 20, 24, 18]",118,0.4129353233830846,73,NOT RECORDED IN ORIGINAL RUN,"{""training_set_primary_roi_099"": 2, ""training_set_primary_roi_016"": 5, ""training_set_metastatic_roi_010"": 3, ""training_set_metastatic_roi_026"": 9, ""training_set_metastatic_roi_047"": 6, ""training_set_primary_roi_041"": 6, ""training_set_metastatic_roi_035"": 1, ""training_set_primary_roi_025"": 5, ""training_set_metastatic_roi_073"": 3, ""training_set_primary_roi_032"": 3, ""training_set_metastatic_roi_056"": 4, ""training_set_metastatic_roi_001"": 1, ""training_set_primary_roi_044"": 8, ""training_set_metastatic_roi_016"": 2, ""training_set_primary_roi_060"": 1, ""training_set_metastatic_roi_034"": 1, ""training_set_metastatic_roi_028"": 1, ""training_set_primary_roi_083"": 6, ""training_set_primary_roi_051"": 2, ""training_set_primary_roi_091"": 7, ""training_set_primary_roi_074"": 3, ""training_set_primary_roi_034"": 3, ""training_set_primary_roi_102"": 3, ""training_set_metastatic_roi_071"": 6, ""training_set_primary_roi_073"": 3, ""training_set_primary_roi_048"": 9, ""training_set_metastatic_roi_087"": 2, ""training_set_primary_roi_012"": 4, ""training_set_primary_roi_081"": 6, ""training_set_metastatic_roi_085"": 4, ""training_set_primary_roi_013"": 4, ""training_set_metastatic_roi_091"": 1, ""training_set_metastatic_roi_057"": 3, ""training_set_primary_roi_036"": 4, ""training_set_primary_roi_042"": 1, ""training_set_primary_roi_018"": 2, ""training_set_metastatic_roi_061"": 2, ""training_set_primary_roi_005"": 2, ""training_set_primary_roi_020"": 2, ""training_set_metastatic_roi_086"": 2, ""training_set_primary_roi_023"": 4, ""training_set_primary_roi_059"": 1, ""training_set_metastatic_roi_004"": 1, ""training_set_primary_roi_043"": 1, ""training_set_metastatic_roi_020"": 1, ""training_set_primary_roi_080"": 2, ""training_set_metastatic_roi_092"": 5, ""training_set_primary_roi_064"": 1, ""training_set_metastatic_roi_094"": 6, ""training_set_metastatic_roi_008"": 1, ""training_set_metastatic_roi_097"": 3, ""training_set_metastatic_roi_101"": 4, ""training_set_primary_roi_045"": 1, ""training_set_metastatic_roi_025"": 1, ""training_set_primary_roi_063"": 1, ""training_set_primary_roi_024"": 1, ""training_set_primary_roi_049"": 2, ""training_set_primary_roi_062"": 1, ""training_set_primary_roi_004"": 2, ""training_set_metastatic_roi_018"": 2, ""training_set_metastatic_roi_032"": 2, ""training_set_primary_roi_067"": 1, ""training_set_metastatic_roi_069"": 2, ""training_set_primary_roi_021"": 1, ""training_set_primary_roi_058"": 1, ""training_set_primary_roi_089"": 2, ""training_set_primary_roi_011"": 3, ""training_set_metastatic_roi_054"": 1, ""training_set_metastatic_roi_088"": 1, ""training_set_primary_roi_015"": 1, ""training_set_primary_roi_010"": 1, ""training_set_primary_roi_028"": 1, ""training_set_metastatic_roi_024"": 1}",201
A0_s29_cv2,2,"P4 exact A5 parity rerun, not original P3 measurement","[22, 20, 22, 19, 24, 18, 26, 19, 16, 15]",124,0.3830845771144279,75,NOT RECORDED IN ORIGINAL RUN,"{""training_set_primary_roi_012"": 2, ""training_set_primary_roi_079"": 5, ""training_set_primary_roi_036"": 6, ""training_set_primary_roi_004"": 3, ""training_set_metastatic_roi_026"": 2, ""training_set_primary_roi_016"": 6, ""training_set_primary_roi_080"": 4, ""training_set_primary_roi_032"": 4, ""training_set_primary_roi_013"": 4, ""training_set_primary_roi_048"": 8, ""training_set_primary_roi_086"": 4, ""training_set_metastatic_roi_002"": 2, ""training_set_metastatic_roi_087"": 1, ""training_set_primary_roi_062"": 2, ""training_set_primary_roi_067"": 2, ""training_set_primary_roi_018"": 5, ""training_set_primary_roi_010"": 3, ""training_set_metastatic_roi_016"": 4, ""training_set_primary_roi_025"": 4, ""training_set_primary_roi_040"": 3, ""training_set_primary_roi_059"": 5, ""training_set_primary_roi_039"": 1, ""training_set_metastatic_roi_024"": 1, ""training_set_metastatic_roi_056"": 3, ""training_set_metastatic_roi_071"": 3, ""training_set_primary_roi_099"": 3, ""training_set_primary_roi_020"": 5, ""training_set_metastatic_roi_004"": 1, ""training_set_primary_roi_024"": 3, ""training_set_metastatic_roi_091"": 4, ""training_set_metastatic_roi_025"": 5, ""training_set_metastatic_roi_035"": 4, ""training_set_primary_roi_083"": 3, ""training_set_primary_roi_023"": 2, ""training_set_metastatic_roi_101"": 6, ""training_set_primary_roi_060"": 4, ""training_set_primary_roi_063"": 2, ""training_set_metastatic_roi_069"": 1, ""training_set_metastatic_roi_057"": 3, ""training_set_primary_roi_091"": 2, ""training_set_primary_roi_042"": 3, ""training_set_metastatic_roi_010"": 4, ""training_set_primary_roi_034"": 2, ""training_set_metastatic_roi_011"": 3, ""training_set_metastatic_roi_086"": 4, ""training_set_metastatic_roi_047"": 4, ""training_set_metastatic_roi_031"": 3, ""training_set_primary_roi_074"": 3, ""training_set_metastatic_roi_034"": 1, ""training_set_primary_roi_058"": 1, ""training_set_primary_roi_049"": 1, ""training_set_primary_roi_044"": 2, ""training_set_primary_roi_102"": 1, ""training_set_metastatic_roi_092"": 2, ""training_set_primary_roi_052"": 5, ""training_set_primary_roi_011"": 3, ""training_set_metastatic_roi_054"": 1, ""training_set_metastatic_roi_093"": 1, ""training_set_primary_roi_089"": 2, ""training_set_primary_roi_096"": 1, ""training_set_metastatic_roi_084"": 1, ""training_set_metastatic_roi_059"": 1, ""training_set_primary_roi_021"": 3, ""training_set_metastatic_roi_061"": 1, ""training_set_primary_roi_051"": 1, ""training_set_primary_roi_081"": 1, ""training_set_primary_roi_064"": 1, ""training_set_metastatic_roi_073"": 2, ""training_set_primary_roi_028"": 1, ""training_set_primary_roi_015"": 2, ""training_set_metastatic_roi_028"": 1, ""training_set_primary_roi_005"": 1, ""training_set_metastatic_roi_094"": 1, ""training_set_primary_roi_075"": 1, ""training_set_primary_roi_041"": 1}",201
A0_s29_cv2,3,"P4 exact A5 parity rerun, not original P3 measurement","[26, 23, 18, 17, 23, 18, 24, 12, 25, 15]",127,0.3681592039800995,75,NOT RECORDED IN ORIGINAL RUN,"{""training_set_primary_roi_024"": 2, ""training_set_primary_roi_036"": 4, ""training_set_primary_roi_083"": 3, ""training_set_metastatic_roi_047"": 4, ""training_set_metastatic_roi_011"": 4, ""training_set_primary_roi_080"": 1, ""training_set_metastatic_roi_061"": 3, ""training_set_primary_roi_091"": 2, ""training_set_primary_roi_099"": 6, ""training_set_metastatic_roi_057"": 6, ""training_set_primary_roi_005"": 4, ""training_set_metastatic_roi_003"": 2, ""training_set_primary_roi_052"": 8, ""training_set_primary_roi_060"": 3, ""training_set_primary_roi_049"": 3, ""training_set_primary_roi_011"": 5, ""training_set_metastatic_roi_026"": 6, ""training_set_primary_roi_058"": 2, ""training_set_primary_roi_023"": 5, ""training_set_metastatic_roi_002"": 2, ""training_set_metastatic_roi_097"": 4, ""training_set_primary_roi_059"": 4, ""training_set_primary_roi_043"": 3, ""training_set_metastatic_roi_018"": 2, ""training_set_primary_roi_044"": 5, ""training_set_metastatic_roi_039"": 2, ""training_set_primary_roi_025"": 3, ""training_set_primary_roi_013"": 4, ""training_set_primary_roi_051"": 1, ""training_set_primary_roi_032"": 3, ""training_set_metastatic_roi_101"": 2, ""training_set_primary_roi_048"": 7, ""training_set_primary_roi_020"": 2, ""training_set_primary_roi_093"": 2, ""training_set_primary_roi_096"": 4, ""training_set_metastatic_roi_008"": 3, ""training_set_metastatic_roi_091"": 2, ""training_set_metastatic_roi_016"": 5, ""training_set_metastatic_roi_031"": 1, ""training_set_metastatic_roi_010"": 2, ""training_set_primary_roi_040"": 2, ""training_set_metastatic_roi_035"": 4, ""training_set_primary_roi_079"": 3, ""training_set_primary_roi_034"": 2, ""training_set_primary_roi_028"": 1, ""training_set_metastatic_roi_083"": 1, ""training_set_primary_roi_016"": 4, ""training_set_metastatic_roi_071"": 2, ""training_set_primary_roi_015"": 1, ""training_set_metastatic_roi_056"": 4, ""training_set_primary_roi_102"": 2, ""training_set_primary_roi_086"": 1, ""training_set_primary_roi_041"": 2, ""training_set_metastatic_roi_025"": 3, ""training_set_primary_roi_010"": 4, ""training_set_metastatic_roi_073"": 2, ""training_set_metastatic_roi_032"": 1, ""training_set_primary_roi_021"": 2, ""training_set_primary_roi_039"": 1, ""training_set_primary_roi_042"": 1, ""training_set_metastatic_roi_024"": 2, ""training_set_metastatic_roi_059"": 1, ""training_set_metastatic_roi_092"": 4, ""training_set_metastatic_roi_094"": 3, ""training_set_primary_roi_075"": 1, ""training_set_primary_roi_064"": 1, ""training_set_metastatic_roi_001"": 1, ""training_set_metastatic_roi_062"": 1, ""training_set_primary_roi_012"": 1, ""training_set_primary_roi_004"": 1, ""training_set_primary_roi_018"": 2, ""training_set_primary_roi_061"": 1, ""training_set_metastatic_roi_085"": 1, ""training_set_metastatic_roi_086"": 1, ""training_set_primary_roi_063"": 1}",201
A0_s29_cv2,4,"P4 exact A5 parity rerun, not original P3 measurement","[22, 22, 18, 19, 21, 23, 19, 22, 18, 17]",134,0.33333333333333337,78,NOT RECORDED IN ORIGINAL RUN,"{""training_set_metastatic_roi_057"": 6, ""training_set_metastatic_roi_024"": 3, ""training_set_primary_roi_036"": 4, ""training_set_primary_roi_058"": 5, ""training_set_primary_roi_096"": 2, ""training_set_metastatic_roi_061"": 5, ""training_set_metastatic_roi_035"": 1, ""training_set_primary_roi_016"": 5, ""training_set_primary_roi_045"": 2, ""training_set_metastatic_roi_047"": 6, ""training_set_primary_roi_034"": 2, ""training_set_primary_roi_024"": 3, ""training_set_primary_roi_052"": 3, ""training_set_primary_roi_081"": 4, ""training_set_primary_roi_042"": 5, ""training_set_primary_roi_075"": 2, ""training_set_primary_roi_032"": 3, ""training_set_primary_roi_010"": 5, ""training_set_primary_roi_023"": 2, ""training_set_metastatic_roi_025"": 3, ""training_set_metastatic_roi_056"": 1, ""training_set_primary_roi_059"": 2, ""training_set_primary_roi_091"": 3, ""training_set_metastatic_roi_008"": 2, ""training_set_primary_roi_067"": 1, ""training_set_metastatic_roi_092"": 1, ""training_set_primary_roi_086"": 3, ""training_set_primary_roi_044"": 4, ""training_set_primary_roi_083"": 8, ""training_set_metastatic_roi_028"": 2, ""training_set_metastatic_roi_026"": 3, ""training_set_metastatic_roi_059"": 4, ""training_set_primary_roi_048"": 5, ""training_set_metastatic_roi_001"": 1, ""training_set_primary_roi_060"": 4, ""training_set_primary_roi_013"": 4, ""training_set_primary_roi_099"": 7, ""training_set_primary_roi_018"": 2, ""training_set_primary_roi_025"": 3, ""training_set_primary_roi_012"": 1, ""training_set_metastatic_roi_094"": 3, ""training_set_metastatic_roi_084"": 1, ""training_set_metastatic_roi_010"": 4, ""training_set_primary_roi_049"": 4, ""training_set_metastatic_roi_086"": 4, ""training_set_metastatic_roi_071"": 3, ""training_set_metastatic_roi_101"": 5, ""training_set_metastatic_roi_091"": 1, ""training_set_primary_roi_039"": 1, ""training_set_metastatic_roi_016"": 2, ""training_set_primary_roi_073"": 3, ""training_set_metastatic_roi_087"": 2, ""training_set_metastatic_roi_032"": 1, ""training_set_primary_roi_004"": 1, ""training_set_metastatic_roi_085"": 3, ""training_set_metastatic_roi_011"": 3, ""training_set_primary_roi_051"": 1, ""training_set_primary_roi_064"": 1, ""training_set_metastatic_roi_062"": 1, ""training_set_primary_roi_028"": 1, ""training_set_primary_roi_062"": 1, ""training_set_primary_roi_061"": 2, ""training_set_primary_roi_093"": 1, ""training_set_primary_roi_102"": 1, ""training_set_primary_roi_043"": 1, ""training_set_primary_roi_020"": 2, ""training_set_primary_roi_074"": 2, ""training_set_primary_roi_015"": 1, ""training_set_primary_roi_005"": 2, ""training_set_metastatic_roi_004"": 1, ""training_set_primary_roi_021"": 2, ""training_set_primary_roi_011"": 2, ""training_set_metastatic_roi_002"": 1, ""training_set_metastatic_roi_015"": 1, ""training_set_metastatic_roi_093"": 1, ""training_set_primary_roi_040"": 1, ""training_set_primary_roi_041"": 1, ""training_set_primary_roi_080"": 1}",201
A0_s29_cv2,5,"P4 exact A5 parity rerun, not original P3 measurement","[20, 19, 20, 20, 23, 16, 25, 13, 25, 20]",126,0.3731343283582089,79,NOT RECORDED IN ORIGINAL RUN,"{""training_set_metastatic_roi_061"": 3, ""training_set_metastatic_roi_069"": 3, ""training_set_primary_roi_048"": 8, ""training_set_metastatic_roi_047"": 6, ""training_set_primary_roi_044"": 6, ""training_set_metastatic_roi_011"": 3, ""training_set_primary_roi_093"": 1, ""training_set_primary_roi_091"": 3, ""training_set_primary_roi_024"": 3, ""training_set_metastatic_roi_003"": 1, ""training_set_metastatic_roi_010"": 3, ""training_set_primary_roi_081"": 1, ""training_set_primary_roi_011"": 6, ""training_set_primary_roi_102"": 3, ""training_set_primary_roi_080"": 1, ""training_set_primary_roi_004"": 1, ""training_set_primary_roi_049"": 3, ""training_set_primary_roi_032"": 6, ""training_set_primary_roi_062"": 3, ""training_set_primary_roi_073"": 4, ""training_set_primary_roi_058"": 5, ""training_set_metastatic_roi_016"": 2, ""training_set_primary_roi_018"": 2, ""training_set_primary_roi_023"": 3, ""training_set_primary_roi_086"": 2, ""training_set_metastatic_roi_097"": 1, ""training_set_metastatic_roi_094"": 3, ""training_set_metastatic_roi_059"": 4, ""training_set_metastatic_roi_028"": 1, ""training_set_primary_roi_059"": 4, ""training_set_primary_roi_052"": 7, ""training_set_primary_roi_039"": 1, ""training_set_primary_roi_020"": 4, ""training_set_primary_roi_043"": 1, ""training_set_primary_roi_064"": 2, ""training_set_metastatic_roi_093"": 1, ""training_set_metastatic_roi_057"": 2, ""training_set_primary_roi_099"": 3, ""training_set_metastatic_roi_053"": 1, ""training_set_metastatic_roi_101"": 6, ""training_set_metastatic_roi_062"": 3, ""training_set_primary_roi_025"": 1, ""training_set_primary_roi_075"": 1, ""training_set_metastatic_roi_026"": 7, ""training_set_primary_roi_021"": 1, ""training_set_primary_roi_083"": 5, ""training_set_primary_roi_016"": 3, ""training_set_metastatic_roi_087"": 2, ""training_set_primary_roi_061"": 2, ""training_set_primary_roi_051"": 2, ""training_set_metastatic_roi_008"": 2, ""training_set_primary_roi_010"": 1, ""training_set_metastatic_roi_024"": 1, ""training_set_primary_roi_036"": 5, ""training_set_primary_roi_041"": 1, ""training_set_primary_roi_079"": 3, ""training_set_primary_roi_096"": 1, ""training_set_primary_roi_074"": 1, ""training_set_metastatic_roi_035"": 2, ""training_set_metastatic_roi_001"": 2, ""training_set_metastatic_roi_091"": 4, ""training_set_metastatic_roi_034"": 2, ""training_set_metastatic_roi_004"": 1, ""training_set_primary_roi_012"": 2, ""training_set_primary_roi_060"": 2, ""training_set_metastatic_roi_084"": 2, ""training_set_primary_roi_005"": 2, ""training_set_metastatic_roi_088"": 1, ""training_set_metastatic_roi_085"": 1, ""training_set_metastatic_roi_054"": 1, ""training_set_primary_roi_042"": 3, ""training_set_metastatic_roi_092"": 2, ""training_set_metastatic_roi_025"": 2, ""training_set_metastatic_roi_056"": 2, ""training_set_primary_roi_089"": 1, ""training_set_metastatic_roi_086"": 1, ""training_set_metastatic_roi_031"": 1, ""training_set_metastatic_roi_032"": 1, ""training_set_metastatic_roi_039"": 1}",201
A0_s29_cv2,6,"P4 exact A5 parity rerun, not original P3 measurement","[19, 15, 18, 19, 20, 25, 26, 22, 19, 18]",125,0.37810945273631846,75,NOT RECORDED IN ORIGINAL RUN,"{""training_set_primary_roi_079"": 4, ""training_set_primary_roi_058"": 3, ""training_set_primary_roi_032"": 6, ""training_set_metastatic_roi_026"": 9, ""training_set_primary_roi_044"": 4, ""training_set_metastatic_roi_059"": 1, ""training_set_metastatic_roi_002"": 2, ""training_set_metastatic_roi_084"": 2, ""training_set_primary_roi_096"": 5, ""training_set_primary_roi_074"": 1, ""training_set_metastatic_roi_008"": 2, ""training_set_metastatic_roi_073"": 4, ""training_set_metastatic_roi_093"": 1, ""training_set_metastatic_roi_087"": 3, ""training_set_metastatic_roi_088"": 1, ""training_set_primary_roi_036"": 3, ""training_set_metastatic_roi_016"": 6, ""training_set_metastatic_roi_071"": 2, ""training_set_primary_roi_052"": 5, ""training_set_metastatic_roi_011"": 4, ""training_set_primary_roi_048"": 6, ""training_set_metastatic_roi_057"": 4, ""training_set_primary_roi_025"": 6, ""training_set_metastatic_roi_069"": 2, ""training_set_primary_roi_042"": 2, ""training_set_primary_roi_102"": 4, ""training_set_metastatic_roi_039"": 1, ""training_set_primary_roi_004"": 2, ""training_set_primary_roi_099"": 5, ""training_set_primary_roi_067"": 1, ""training_set_primary_roi_064"": 1, ""training_set_metastatic_roi_047"": 5, ""training_set_metastatic_roi_062"": 2, ""training_set_primary_roi_073"": 3, ""training_set_primary_roi_039"": 1, ""training_set_primary_roi_023"": 4, ""training_set_primary_roi_034"": 3, ""training_set_primary_roi_059"": 2, ""training_set_primary_roi_020"": 3, ""training_set_primary_roi_013"": 6, ""training_set_metastatic_roi_091"": 5, ""training_set_metastatic_roi_085"": 2, ""training_set_primary_roi_016"": 1, ""training_set_primary_roi_015"": 2, ""training_set_metastatic_roi_028"": 3, ""training_set_metastatic_roi_056"": 1, ""training_set_primary_roi_024"": 3, ""training_set_primary_roi_011"": 2, ""training_set_primary_roi_049"": 1, ""training_set_metastatic_roi_101"": 2, ""training_set_metastatic_roi_025"": 2, ""training_set_metastatic_roi_024"": 4, ""training_set_primary_roi_091"": 2, ""training_set_primary_roi_040"": 1, ""training_set_primary_roi_083"": 3, ""training_set_primary_roi_081"": 2, ""training_set_primary_roi_010"": 2, ""training_set_primary_roi_080"": 4, ""training_set_primary_roi_018"": 2, ""training_set_metastatic_roi_001"": 2, ""training_set_metastatic_roi_015"": 1, ""training_set_metastatic_roi_018"": 1, ""training_set_metastatic_roi_031"": 2, ""training_set_metastatic_roi_010"": 2, ""training_set_metastatic_roi_034"": 1, ""training_set_primary_roi_012"": 3, ""training_set_primary_roi_060"": 5, ""training_set_primary_roi_089"": 1, ""training_set_metastatic_roi_003"": 1, ""training_set_metastatic_roi_061"": 1, ""training_set_primary_roi_086"": 2, ""training_set_metastatic_roi_094"": 1, ""training_set_primary_roi_005"": 1, ""training_set_metastatic_roi_035"": 1, ""training_set_primary_roi_062"": 1}",201
A0_s29_cv2,7,"P4 exact A5 parity rerun, not original P3 measurement","[8, 18, 17, 20, 20, 28, 21, 24, 18, 27]",116,0.42288557213930345,72,NOT RECORDED IN ORIGINAL RUN,"{""training_set_metastatic_roi_086"": 4, ""training_set_primary_roi_044"": 5, ""training_set_metastatic_roi_028"": 2, ""training_set_metastatic_roi_002"": 2, ""training_set_metastatic_roi_039"": 5, ""training_set_primary_roi_020"": 3, ""training_set_primary_roi_091"": 3, ""training_set_primary_roi_079"": 6, ""training_set_metastatic_roi_097"": 2, ""training_set_primary_roi_028"": 3, ""training_set_metastatic_roi_101"": 8, ""training_set_primary_roi_036"": 5, ""training_set_primary_roi_086"": 4, ""training_set_metastatic_roi_057"": 2, ""training_set_metastatic_roi_032"": 2, ""training_set_metastatic_roi_016"": 2, ""training_set_primary_roi_074"": 2, ""training_set_primary_roi_099"": 6, ""training_set_primary_roi_042"": 4, ""training_set_primary_roi_024"": 4, ""training_set_primary_roi_081"": 2, ""training_set_primary_roi_025"": 2, ""training_set_primary_roi_004"": 4, ""training_set_primary_roi_061"": 3, ""training_set_primary_roi_073"": 3, ""training_set_primary_roi_083"": 7, ""training_set_primary_roi_043"": 1, ""training_set_primary_roi_052"": 7, ""training_set_primary_roi_048"": 6, ""training_set_metastatic_roi_092"": 6, ""training_set_primary_roi_062"": 3, ""training_set_metastatic_roi_001"": 2, ""training_set_primary_roi_049"": 4, ""training_set_primary_roi_067"": 1, ""training_set_metastatic_roi_071"": 2, ""training_set_primary_roi_016"": 2, ""training_set_primary_roi_013"": 5, ""training_set_primary_roi_080"": 6, ""training_set_primary_roi_021"": 1, ""training_set_metastatic_roi_047"": 2, ""training_set_metastatic_roi_085"": 2, ""training_set_metastatic_roi_062"": 1, ""training_set_primary_roi_005"": 3, ""training_set_primary_roi_040"": 1, ""training_set_metastatic_roi_026"": 6, ""training_set_primary_roi_102"": 1, ""training_set_primary_roi_011"": 3, ""training_set_metastatic_roi_025"": 3, ""training_set_metastatic_roi_059"": 2, ""training_set_primary_roi_060"": 1, ""training_set_primary_roi_059"": 2, ""training_set_primary_roi_032"": 2, ""training_set_primary_roi_096"": 3, ""training_set_metastatic_roi_053"": 1, ""training_set_metastatic_roi_084"": 1, ""training_set_metastatic_roi_024"": 5, ""training_set_primary_roi_023"": 2, ""training_set_primary_roi_058"": 1, ""training_set_primary_roi_018"": 1, ""training_set_primary_roi_041"": 3, ""training_set_primary_roi_089"": 1, ""training_set_primary_roi_045"": 1, ""training_set_primary_roi_010"": 2, ""training_set_metastatic_roi_091"": 2, ""training_set_metastatic_roi_011"": 1, ""training_set_metastatic_roi_056"": 1, ""training_set_metastatic_roi_087"": 1, ""training_set_primary_roi_051"": 1, ""training_set_metastatic_roi_088"": 1, ""training_set_metastatic_roi_010"": 1, ""training_set_primary_roi_064"": 1, ""training_set_metastatic_roi_018"": 1}",201
A0_s29_cv2,8,"P4 exact A5 parity rerun, not original P3 measurement","[21, 18, 20, 25, 20, 20, 19, 24, 15, 19]",127,0.3681592039800995,76,NOT RECORDED IN ORIGINAL RUN,"{""training_set_primary_roi_060"": 5, ""training_set_primary_roi_083"": 11, ""training_set_primary_roi_041"": 4, ""training_set_metastatic_roi_057"": 5, ""training_set_metastatic_roi_092"": 3, ""training_set_primary_roi_099"": 5, ""training_set_primary_roi_058"": 2, ""training_set_primary_roi_023"": 1, ""training_set_primary_roi_025"": 4, ""training_set_metastatic_roi_024"": 1, ""training_set_primary_roi_096"": 2, ""training_set_metastatic_roi_087"": 4, ""training_set_primary_roi_044"": 6, ""training_set_metastatic_roi_016"": 3, ""training_set_metastatic_roi_026"": 2, ""training_set_metastatic_roi_093"": 2, ""training_set_primary_roi_012"": 2, ""training_set_metastatic_roi_091"": 4, ""training_set_primary_roi_080"": 5, ""training_set_primary_roi_093"": 2, ""training_set_primary_roi_052"": 7, ""training_set_primary_roi_079"": 6, ""training_set_metastatic_roi_062"": 2, ""training_set_metastatic_roi_059"": 3, ""training_set_primary_roi_048"": 9, ""training_set_metastatic_roi_088"": 3, ""training_set_primary_roi_040"": 1, ""training_set_primary_roi_081"": 3, ""training_set_primary_roi_059"": 3, ""training_set_primary_roi_091"": 2, ""training_set_primary_roi_039"": 1, ""training_set_metastatic_roi_053"": 1, ""training_set_primary_roi_089"": 1, ""training_set_metastatic_roi_047"": 2, ""training_set_metastatic_roi_056"": 7, ""training_set_primary_roi_074"": 3, ""training_set_metastatic_roi_071"": 3, ""training_set_primary_roi_073"": 2, ""training_set_metastatic_roi_085"": 4, ""training_set_primary_roi_045"": 2, ""training_set_metastatic_roi_001"": 2, ""training_set_primary_roi_020"": 1, ""training_set_metastatic_roi_073"": 2, ""training_set_metastatic_roi_101"": 3, ""training_set_metastatic_roi_025"": 2, ""training_set_primary_roi_086"": 2, ""training_set_primary_roi_075"": 1, ""training_set_primary_roi_024"": 3, ""training_set_metastatic_roi_028"": 1, ""training_set_metastatic_roi_004"": 1, ""training_set_primary_roi_011"": 3, ""training_set_primary_roi_062"": 1, ""training_set_primary_roi_036"": 3, ""training_set_primary_roi_032"": 2, ""training_set_primary_roi_016"": 4, ""training_set_metastatic_roi_032"": 1, ""training_set_primary_roi_049"": 3, ""training_set_primary_roi_028"": 2, ""training_set_metastatic_roi_086"": 1, ""training_set_primary_roi_061"": 1, ""training_set_primary_roi_013"": 3, ""training_set_primary_roi_015"": 1, ""training_set_primary_roi_102"": 1, ""training_set_metastatic_roi_069"": 1, ""training_set_metastatic_roi_094"": 2, ""training_set_metastatic_roi_010"": 3, ""training_set_primary_roi_063"": 2, ""training_set_primary_roi_021"": 1, ""training_set_metastatic_roi_011"": 1, ""training_set_metastatic_roi_008"": 3, ""training_set_primary_roi_067"": 1, ""training_set_metastatic_roi_061"": 1, ""training_set_primary_roi_010"": 1, ""training_set_metastatic_roi_031"": 1, ""training_set_metastatic_roi_035"": 1, ""training_set_primary_roi_042"": 1}",201
A0_s29_cv2,9,"P4 exact A5 parity rerun, not original P3 measurement","[22, 30, 22, 24, 22, 22, 15, 10, 17, 17]",126,0.3731343283582089,80,NOT RECORDED IN ORIGINAL RUN,"{""training_set_primary_roi_096"": 2, ""training_set_metastatic_roi_087"": 4, ""training_set_metastatic_roi_026"": 4, ""training_set_primary_roi_024"": 5, ""training_set_metastatic_roi_061"": 4, ""training_set_metastatic_roi_092"": 3, ""training_set_metastatic_roi_024"": 1, ""training_set_primary_roi_052"": 7, ""training_set_primary_roi_079"": 6, ""training_set_metastatic_roi_016"": 5, ""training_set_primary_roi_015"": 2, ""training_set_primary_roi_043"": 2, ""training_set_primary_roi_018"": 2, ""training_set_primary_roi_059"": 4, ""training_set_primary_roi_089"": 2, ""training_set_metastatic_roi_069"": 2, ""training_set_primary_roi_044"": 2, ""training_set_metastatic_roi_086"": 6, ""training_set_primary_roi_020"": 1, ""training_set_primary_roi_025"": 4, ""training_set_metastatic_roi_073"": 3, ""training_set_primary_roi_060"": 4, ""training_set_primary_roi_080"": 6, ""training_set_primary_roi_099"": 2, ""training_set_metastatic_roi_057"": 8, ""training_set_primary_roi_039"": 2, ""training_set_metastatic_roi_091"": 3, ""training_set_metastatic_roi_025"": 2, ""training_set_metastatic_roi_035"": 1, ""training_set_metastatic_roi_101"": 4, ""training_set_metastatic_roi_094"": 2, ""training_set_primary_roi_062"": 3, ""training_set_primary_roi_032"": 7, ""training_set_primary_roi_016"": 1, ""training_set_metastatic_roi_071"": 2, ""training_set_metastatic_roi_032"": 3, ""training_set_primary_roi_048"": 5, ""training_set_metastatic_roi_056"": 2, ""training_set_primary_roi_023"": 1, ""training_set_primary_roi_049"": 1, ""training_set_metastatic_roi_097"": 3, ""training_set_primary_roi_036"": 2, ""training_set_primary_roi_086"": 3, ""training_set_primary_roi_028"": 2, ""training_set_primary_roi_073"": 1, ""training_set_metastatic_roi_020"": 1, ""training_set_primary_roi_083"": 7, ""training_set_metastatic_roi_085"": 2, ""training_set_metastatic_roi_011"": 3, ""training_set_primary_roi_102"": 2, ""training_set_primary_roi_013"": 4, ""training_set_metastatic_roi_002"": 2, ""training_set_primary_roi_012"": 1, ""training_set_primary_roi_005"": 2, ""training_set_metastatic_roi_010"": 1, ""training_set_primary_roi_063"": 5, ""training_set_metastatic_roi_028"": 2, ""training_set_primary_roi_091"": 1, ""training_set_metastatic_roi_018"": 1, ""training_set_metastatic_roi_008"": 1, ""training_set_metastatic_roi_031"": 2, ""training_set_metastatic_roi_059"": 2, ""training_set_primary_roi_074"": 1, ""training_set_primary_roi_041"": 1, ""training_set_primary_roi_010"": 2, ""training_set_primary_roi_042"": 1, ""training_set_metastatic_roi_083"": 1, ""training_set_metastatic_roi_088"": 1, ""training_set_metastatic_roi_093"": 1, ""training_set_metastatic_roi_003"": 2, ""training_set_metastatic_roi_015"": 1, ""training_set_primary_roi_004"": 1, ""training_set_primary_roi_067"": 1, ""training_set_metastatic_roi_039"": 1, ""training_set_metastatic_roi_053"": 1, ""training_set_metastatic_roi_047"": 2, ""training_set_primary_roi_034"": 1, ""training_set_primary_roi_064"": 1, ""training_set_primary_roi_093"": 1, ""training_set_primary_roi_045"": 1}",201
A0_s29_cv2,10,"P4 exact A5 parity rerun, not original P3 measurement","[25, 17, 13, 14, 19, 16, 22, 27, 29, 19]",118,0.4129353233830846,68,NOT RECORDED IN ORIGINAL RUN,"{""training_set_primary_roi_016"": 3, ""training_set_primary_roi_052"": 8, ""training_set_metastatic_roi_047"": 4, ""training_set_metastatic_roi_069"": 6, ""training_set_metastatic_roi_025"": 6, ""training_set_metastatic_roi_056"": 2, ""training_set_metastatic_roi_026"": 5, ""training_set_primary_roi_044"": 7, ""training_set_primary_roi_083"": 9, ""training_set_primary_roi_025"": 4, ""training_set_primary_roi_004"": 1, ""training_set_primary_roi_036"": 3, ""training_set_primary_roi_062"": 1, ""training_set_primary_roi_013"": 1, ""training_set_primary_roi_073"": 2, ""training_set_primary_roi_079"": 6, ""training_set_primary_roi_005"": 2, ""training_set_primary_roi_049"": 5, ""training_set_metastatic_roi_010"": 3, ""training_set_primary_roi_015"": 2, ""training_set_metastatic_roi_087"": 4, ""training_set_metastatic_roi_039"": 4, ""training_set_primary_roi_064"": 2, ""training_set_primary_roi_032"": 9, ""training_set_primary_roi_059"": 5, ""training_set_primary_roi_048"": 8, ""training_set_metastatic_roi_031"": 1, ""training_set_metastatic_roi_071"": 2, ""training_set_primary_roi_074"": 2, ""training_set_metastatic_roi_057"": 2, ""training_set_primary_roi_010"": 2, ""training_set_primary_roi_060"": 3, ""training_set_metastatic_roi_016"": 1, ""training_set_primary_roi_080"": 7, ""training_set_metastatic_roi_008"": 1, ""training_set_metastatic_roi_061"": 3, ""training_set_primary_roi_099"": 2, ""training_set_metastatic_roi_097"": 2, ""training_set_primary_roi_034"": 1, ""training_set_primary_roi_086"": 3, ""training_set_primary_roi_096"": 3, ""training_set_metastatic_roi_092"": 1, ""training_set_metastatic_roi_085"": 2, ""training_set_primary_roi_102"": 3, ""training_set_primary_roi_023"": 4, ""training_set_primary_roi_043"": 2, ""training_set_primary_roi_011"": 6, ""training_set_primary_roi_024"": 1, ""training_set_primary_roi_063"": 4, ""training_set_primary_roi_020"": 2, ""training_set_metastatic_roi_094"": 4, ""training_set_metastatic_roi_015"": 1, ""training_set_metastatic_roi_024"": 1, ""training_set_metastatic_roi_084"": 1, ""training_set_metastatic_roi_088"": 1, ""training_set_primary_roi_091"": 2, ""training_set_primary_roi_012"": 2, ""training_set_metastatic_roi_011"": 2, ""training_set_primary_roi_042"": 5, ""training_set_metastatic_roi_059"": 1, ""training_set_primary_roi_058"": 1, ""training_set_primary_roi_028"": 1, ""training_set_metastatic_roi_018"": 1, ""training_set_primary_roi_040"": 2, ""training_set_primary_roi_093"": 1, ""training_set_metastatic_roi_083"": 1, ""training_set_primary_roi_045"": 1, ""training_set_primary_roi_061"": 1}",201
A0_s43_cv0,1,"P4 exact A5 parity rerun, not original P3 measurement","[16, 27, 18, 16, 28, 22, 25, 14, 22, 20]",121,0.4182692307692307,70,NOT RECORDED IN ORIGINAL RUN,"{""training_set_primary_roi_041"": 4, ""training_set_primary_roi_002"": 1, ""training_set_metastatic_roi_055"": 6, ""training_set_primary_roi_052"": 5, ""training_set_primary_roi_098"": 1, ""training_set_primary_roi_027"": 2, ""training_set_metastatic_roi_047"": 3, ""training_set_metastatic_roi_085"": 7, ""training_set_primary_roi_016"": 7, ""training_set_primary_roi_048"": 8, ""training_set_primary_roi_068"": 10, ""training_set_primary_roi_037"": 6, ""training_set_metastatic_roi_017"": 2, ""training_set_primary_roi_025"": 4, ""training_set_primary_roi_083"": 6, ""training_set_primary_roi_044"": 6, ""training_set_primary_roi_001"": 3, ""training_set_metastatic_roi_008"": 2, ""training_set_primary_roi_031"": 4, ""training_set_metastatic_roi_072"": 6, ""training_set_primary_roi_060"": 4, ""training_set_primary_roi_087"": 1, ""training_set_metastatic_roi_086"": 4, ""training_set_metastatic_roi_056"": 5, ""training_set_primary_roi_023"": 2, ""training_set_metastatic_roi_014"": 2, ""training_set_primary_roi_086"": 1, ""training_set_primary_roi_101"": 4, ""training_set_metastatic_roi_016"": 4, ""training_set_primary_roi_067"": 1, ""training_set_primary_roi_047"": 2, ""training_set_primary_roi_040"": 4, ""training_set_primary_roi_054"": 2, ""training_set_metastatic_roi_101"": 3, ""training_set_primary_roi_029"": 3, ""training_set_metastatic_roi_066"": 3, ""training_set_primary_roi_057"": 4, ""training_set_primary_roi_024"": 5, ""training_set_metastatic_roi_069"": 3, ""training_set_primary_roi_073"": 1, ""training_set_primary_roi_022"": 2, ""training_set_primary_roi_004"": 5, ""training_set_primary_roi_075"": 1, ""training_set_primary_roi_038"": 4, ""training_set_primary_roi_007"": 2, ""training_set_primary_roi_076"": 2, ""training_set_primary_roi_020"": 3, ""training_set_primary_roi_017"": 1, ""training_set_primary_roi_036"": 1, ""training_set_metastatic_roi_095"": 2, ""training_set_metastatic_roi_046"": 1, ""training_set_metastatic_roi_092"": 2, ""training_set_metastatic_roi_062"": 2, ""training_set_metastatic_roi_022"": 3, ""training_set_metastatic_roi_088"": 3, ""training_set_metastatic_roi_024"": 1, ""training_set_metastatic_roi_053"": 1, ""training_set_primary_roi_042"": 4, ""training_set_primary_roi_095"": 2, ""training_set_metastatic_roi_067"": 1, ""training_set_metastatic_roi_075"": 4, ""training_set_primary_roi_065"": 1, ""training_set_primary_roi_064"": 1, ""training_set_metastatic_roi_073"": 2, ""training_set_metastatic_roi_028"": 1, ""training_set_primary_roi_097"": 1, ""training_set_metastatic_roi_102"": 1, ""training_set_metastatic_roi_083"": 1, ""training_set_metastatic_roi_025"": 1, ""training_set_primary_roi_084"": 1}",208
A0_s43_cv0,2,"P4 exact A5 parity rerun, not original P3 measurement","[24, 13, 26, 20, 21, 16, 25, 20, 22, 21]",130,0.375,70,NOT RECORDED IN ORIGINAL RUN,"{""training_set_primary_roi_065"": 4, ""training_set_primary_roi_048"": 7, ""training_set_primary_roi_007"": 10, ""training_set_primary_roi_025"": 4, ""training_set_metastatic_roi_072"": 4, ""training_set_primary_roi_030"": 5, ""training_set_metastatic_roi_073"": 4, ""training_set_primary_roi_044"": 9, ""training_set_primary_roi_057"": 2, ""training_set_primary_roi_037"": 4, ""training_set_metastatic_roi_010"": 3, ""training_set_metastatic_roi_036"": 1, ""training_set_primary_roi_038"": 5, ""training_set_primary_roi_041"": 2, ""training_set_metastatic_roi_095"": 1, ""training_set_metastatic_roi_101"": 4, ""training_set_metastatic_roi_056"": 6, ""training_set_primary_roi_036"": 5, ""training_set_metastatic_roi_022"": 3, ""training_set_primary_roi_004"": 2, ""training_set_primary_roi_075"": 1, ""training_set_metastatic_roi_102"": 1, ""training_set_metastatic_roi_037"": 3, ""training_set_metastatic_roi_014"": 3, ""training_set_metastatic_roi_016"": 4, ""training_set_metastatic_roi_046"": 3, ""training_set_metastatic_roi_100"": 2, ""training_set_primary_roi_060"": 4, ""training_set_primary_roi_023"": 3, ""training_set_metastatic_roi_055"": 4, ""training_set_primary_roi_063"": 4, ""training_set_primary_roi_024"": 4, ""training_set_metastatic_roi_017"": 4, ""training_set_metastatic_roi_047"": 3, ""training_set_primary_roi_052"": 7, ""training_set_metastatic_roi_086"": 2, ""training_set_primary_roi_073"": 3, ""training_set_primary_roi_098"": 1, ""training_set_primary_roi_067"": 1, ""training_set_metastatic_roi_004"": 1, ""training_set_metastatic_roi_053"": 2, ""training_set_primary_roi_068"": 7, ""training_set_primary_roi_054"": 3, ""training_set_primary_roi_022"": 3, ""training_set_primary_roi_040"": 1, ""training_set_primary_roi_020"": 4, ""training_set_metastatic_roi_049"": 2, ""training_set_primary_roi_083"": 2, ""training_set_primary_roi_029"": 4, ""training_set_primary_roi_042"": 3, ""training_set_primary_roi_016"": 4, ""training_set_primary_roi_001"": 2, ""training_set_metastatic_roi_085"": 1, ""training_set_metastatic_roi_069"": 2, ""training_set_primary_roi_084"": 4, ""training_set_metastatic_roi_008"": 1, ""training_set_primary_roi_101"": 1, ""training_set_primary_roi_087"": 2, ""training_set_primary_roi_017"": 1, ""training_set_primary_roi_093"": 1, ""training_set_primary_roi_002"": 1, ""training_set_metastatic_roi_092"": 2, ""training_set_metastatic_roi_025"": 2, ""training_set_primary_roi_055"": 1, ""training_set_metastatic_roi_035"": 2, ""training_set_primary_roi_047"": 2, ""training_set_primary_roi_086"": 1, ""training_set_primary_roi_031"": 2, ""training_set_primary_roi_027"": 1, ""training_set_primary_roi_095"": 1}",208
A0_s43_cv0,3,"P4 exact A5 parity rerun, not original P3 measurement","[24, 14, 23, 26, 19, 22, 19, 25, 16, 20]",127,0.38942307692307687,71,NOT RECORDED IN ORIGINAL RUN,"{""training_set_primary_roi_087"": 1, ""training_set_primary_roi_057"": 7, ""training_set_metastatic_roi_072"": 6, ""training_set_metastatic_roi_086"": 2, ""training_set_metastatic_roi_016"": 6, ""training_set_primary_roi_044"": 7, ""training_set_primary_roi_083"": 6, ""training_set_primary_roi_052"": 5, ""training_set_primary_roi_022"": 6, ""training_set_primary_roi_024"": 2, ""training_set_primary_roi_095"": 1, ""training_set_primary_roi_037"": 8, ""training_set_primary_roi_031"": 4, ""training_set_primary_roi_060"": 2, ""training_set_primary_roi_084"": 5, ""training_set_primary_roi_042"": 6, ""training_set_primary_roi_025"": 5, ""training_set_metastatic_roi_017"": 4, ""training_set_primary_roi_040"": 3, ""training_set_primary_roi_016"": 6, ""training_set_primary_roi_001"": 3, ""training_set_metastatic_roi_101"": 2, ""training_set_metastatic_roi_069"": 1, ""training_set_primary_roi_054"": 3, ""training_set_primary_roi_021"": 2, ""training_set_primary_roi_048"": 7, ""training_set_metastatic_roi_010"": 2, ""training_set_metastatic_roi_028"": 5, ""training_set_primary_roi_023"": 3, ""training_set_metastatic_roi_047"": 6, ""training_set_metastatic_roi_092"": 5, ""training_set_primary_roi_098"": 2, ""training_set_primary_roi_038"": 3, ""training_set_primary_roi_007"": 7, ""training_set_primary_roi_036"": 3, ""training_set_metastatic_roi_025"": 2, ""training_set_metastatic_roi_066"": 2, ""training_set_primary_roi_093"": 1, ""training_set_metastatic_roi_088"": 1, ""training_set_primary_roi_030"": 2, ""training_set_metastatic_roi_024"": 1, ""training_set_metastatic_roi_056"": 6, ""training_set_primary_roi_068"": 7, ""training_set_primary_roi_004"": 3, ""training_set_primary_roi_073"": 1, ""training_set_primary_roi_067"": 2, ""training_set_primary_roi_063"": 2, ""training_set_metastatic_roi_037"": 1, ""training_set_primary_roi_069"": 1, ""training_set_primary_roi_065"": 1, ""training_set_primary_roi_017"": 1, ""training_set_metastatic_roi_083"": 2, ""training_set_metastatic_roi_018"": 2, ""training_set_primary_roi_029"": 4, ""training_set_primary_roi_064"": 1, ""training_set_primary_roi_086"": 2, ""training_set_metastatic_roi_102"": 1, ""training_set_metastatic_roi_014"": 1, ""training_set_metastatic_roi_095"": 1, ""training_set_primary_roi_047"": 1, ""training_set_primary_roi_028"": 1, ""training_set_primary_roi_101"": 2, ""training_set_metastatic_roi_046"": 1, ""training_set_primary_roi_051"": 1, ""training_set_metastatic_roi_068"": 2, ""training_set_primary_roi_097"": 1, ""training_set_metastatic_roi_049"": 1, ""training_set_metastatic_roi_040"": 1, ""training_set_metastatic_roi_073"": 1, ""training_set_primary_roi_020"": 1, ""training_set_metastatic_roi_062"": 1}",208
A0_s43_cv0,4,"P4 exact A5 parity rerun, not original P3 measurement","[20, 17, 22, 19, 23, 19, 33, 17, 17, 21]",120,0.42307692307692313,66,NOT RECORDED IN ORIGINAL RUN,"{""training_set_primary_roi_052"": 7, ""training_set_metastatic_roi_101"": 3, ""training_set_metastatic_roi_025"": 7, ""training_set_primary_roi_044"": 6, ""training_set_primary_roi_023"": 3, ""training_set_primary_roi_024"": 4, ""training_set_primary_roi_048"": 7, ""training_set_primary_roi_007"": 10, ""training_set_metastatic_roi_010"": 6, ""training_set_metastatic_roi_075"": 3, ""training_set_primary_roi_101"": 7, ""training_set_metastatic_roi_037"": 3, ""training_set_primary_roi_065"": 4, ""training_set_metastatic_roi_016"": 4, ""training_set_primary_roi_084"": 1, ""training_set_primary_roi_060"": 5, ""training_set_metastatic_roi_085"": 3, ""training_set_primary_roi_087"": 4, ""training_set_primary_roi_083"": 7, ""training_set_primary_roi_037"": 7, ""training_set_primary_roi_038"": 3, ""training_set_metastatic_roi_100"": 2, ""training_set_metastatic_roi_035"": 1, ""training_set_metastatic_roi_018"": 1, ""training_set_primary_roi_063"": 6, ""training_set_metastatic_roi_047"": 4, ""training_set_metastatic_roi_072"": 3, ""training_set_primary_roi_025"": 4, ""training_set_metastatic_roi_017"": 5, ""training_set_primary_roi_042"": 4, ""training_set_primary_roi_068"": 6, ""training_set_primary_roi_047"": 2, ""training_set_primary_roi_098"": 3, ""training_set_primary_roi_054"": 2, ""training_set_primary_roi_057"": 1, ""training_set_metastatic_roi_088"": 1, ""training_set_primary_roi_016"": 8, ""training_set_primary_roi_095"": 4, ""training_set_metastatic_roi_102"": 1, ""training_set_primary_roi_086"": 3, ""training_set_metastatic_roi_046"": 2, ""training_set_metastatic_roi_055"": 4, ""training_set_metastatic_roi_022"": 5, ""training_set_primary_roi_029"": 3, ""training_set_metastatic_roi_092"": 1, ""training_set_primary_roi_075"": 1, ""training_set_primary_roi_030"": 1, ""training_set_primary_roi_073"": 1, ""training_set_metastatic_roi_062"": 1, ""training_set_primary_roi_020"": 2, ""training_set_primary_roi_041"": 2, ""training_set_metastatic_roi_056"": 1, ""training_set_primary_roi_036"": 2, ""training_set_primary_roi_028"": 1, ""training_set_primary_roi_031"": 1, ""training_set_primary_roi_093"": 1, ""training_set_primary_roi_001"": 3, ""training_set_metastatic_roi_066"": 1, ""training_set_primary_roi_022"": 1, ""training_set_metastatic_roi_069"": 2, ""training_set_primary_roi_067"": 2, ""training_set_primary_roi_076"": 1, ""training_set_metastatic_roi_040"": 1, ""training_set_metastatic_roi_078"": 1, ""training_set_metastatic_roi_053"": 1, ""training_set_primary_roi_004"": 1}",208
A0_s43_cv0,5,"P4 exact A5 parity rerun, not original P3 measurement","[15, 25, 21, 22, 25, 22, 18, 19, 20, 21]",123,0.40865384615384615,69,NOT RECORDED IN ORIGINAL RUN,"{""training_set_primary_roi_047"": 3, ""training_set_metastatic_roi_092"": 3, ""training_set_primary_roi_007"": 6, ""training_set_primary_roi_052"": 2, ""training_set_primary_roi_054"": 3, ""training_set_primary_roi_098"": 1, ""training_set_primary_roi_020"": 3, ""training_set_primary_roi_031"": 2, ""training_set_primary_roi_029"": 4, ""training_set_primary_roi_084"": 2, ""training_set_metastatic_roi_085"": 1, ""training_set_primary_roi_048"": 6, ""training_set_metastatic_roi_018"": 2, ""training_set_primary_roi_040"": 1, ""training_set_metastatic_roi_086"": 2, ""training_set_metastatic_roi_069"": 3, ""training_set_primary_roi_067"": 4, ""training_set_metastatic_roi_037"": 3, ""training_set_metastatic_roi_075"": 3, ""training_set_primary_roi_016"": 5, ""training_set_metastatic_roi_088"": 3, ""training_set_primary_roi_101"": 2, ""training_set_metastatic_roi_062"": 2, ""training_set_primary_roi_068"": 10, ""training_set_primary_roi_064"": 1, ""training_set_primary_roi_030"": 7, ""training_set_primary_roi_044"": 5, ""training_set_metastatic_roi_056"": 8, ""training_set_primary_roi_038"": 4, ""training_set_primary_roi_073"": 5, ""training_set_metastatic_roi_036"": 1, ""training_set_primary_roi_041"": 3, ""training_set_primary_roi_025"": 3, ""training_set_metastatic_roi_017"": 6, ""training_set_primary_roi_095"": 2, ""training_set_primary_roi_083"": 8, ""training_set_primary_roi_024"": 1, ""training_set_primary_roi_087"": 7, ""training_set_primary_roi_093"": 2, ""training_set_metastatic_roi_055"": 3, ""training_set_metastatic_roi_095"": 1, ""training_set_primary_roi_022"": 5, ""training_set_primary_roi_037"": 5, ""training_set_metastatic_roi_025"": 9, ""training_set_primary_roi_075"": 1, ""training_set_primary_roi_069"": 1, ""training_set_metastatic_roi_016"": 6, ""training_set_primary_roi_065"": 2, ""training_set_metastatic_roi_046"": 3, ""training_set_primary_roi_036"": 4, ""training_set_metastatic_roi_073"": 2, ""training_set_primary_roi_042"": 2, ""training_set_metastatic_roi_100"": 3, ""training_set_metastatic_roi_101"": 1, ""training_set_primary_roi_023"": 2, ""training_set_primary_roi_028"": 2, ""training_set_primary_roi_057"": 3, ""training_set_metastatic_roi_063"": 1, ""training_set_metastatic_roi_014"": 3, ""training_set_metastatic_roi_078"": 1, ""training_set_primary_roi_086"": 1, ""training_set_metastatic_roi_022"": 1, ""training_set_primary_roi_063"": 1, ""training_set_primary_roi_060"": 1, ""training_set_primary_roi_021"": 1, ""training_set_metastatic_roi_008"": 1, ""training_set_metastatic_roi_051"": 1, ""training_set_metastatic_roi_083"": 1, ""training_set_metastatic_roi_072"": 1}",208
A0_s43_cv0,6,"P4 exact A5 parity rerun, not original P3 measurement","[19, 24, 18, 12, 26, 27, 20, 26, 18, 18]",126,0.3942307692307693,69,NOT RECORDED IN ORIGINAL RUN,"{""training_set_metastatic_roi_017"": 5, ""training_set_primary_roi_002"": 1, ""training_set_metastatic_roi_086"": 3, ""training_set_metastatic_roi_069"": 3, ""training_set_primary_roi_029"": 6, ""training_set_primary_roi_068"": 12, ""training_set_primary_roi_052"": 4, ""training_set_primary_roi_041"": 6, ""training_set_metastatic_roi_055"": 4, ""training_set_primary_roi_024"": 7, ""training_set_metastatic_roi_047"": 3, ""training_set_primary_roi_073"": 4, ""training_set_primary_roi_095"": 2, ""training_set_metastatic_roi_067"": 4, ""training_set_primary_roi_057"": 4, ""training_set_metastatic_roi_035"": 3, ""training_set_primary_roi_069"": 2, ""training_set_metastatic_roi_025"": 4, ""training_set_primary_roi_031"": 1, ""training_set_primary_roi_038"": 6, ""training_set_primary_roi_051"": 2, ""training_set_primary_roi_020"": 4, ""training_set_primary_roi_044"": 9, ""training_set_primary_roi_037"": 5, ""training_set_primary_roi_007"": 5, ""training_set_primary_roi_097"": 1, ""training_set_metastatic_roi_072"": 4, ""training_set_metastatic_roi_092"": 4, ""training_set_metastatic_roi_056"": 7, ""training_set_primary_roi_060"": 1, ""training_set_metastatic_roi_016"": 4, ""training_set_primary_roi_083"": 3, ""training_set_primary_roi_030"": 3, ""training_set_primary_roi_048"": 5, ""training_set_primary_roi_040"": 3, ""training_set_primary_roi_063"": 1, ""training_set_metastatic_roi_014"": 2, ""training_set_primary_roi_087"": 2, ""training_set_metastatic_roi_028"": 2, ""training_set_metastatic_roi_063"": 1, ""training_set_primary_roi_016"": 4, ""training_set_metastatic_roi_010"": 1, ""training_set_primary_roi_084"": 2, ""training_set_primary_roi_036"": 4, ""training_set_primary_roi_067"": 2, ""training_set_metastatic_roi_101"": 2, ""training_set_primary_roi_047"": 2, ""training_set_primary_roi_098"": 2, ""training_set_primary_roi_101"": 3, ""training_set_primary_roi_054"": 1, ""training_set_primary_roi_076"": 3, ""training_set_metastatic_roi_046"": 3, ""training_set_primary_roi_022"": 1, ""training_set_metastatic_roi_062"": 2, ""training_set_metastatic_roi_073"": 2, ""training_set_metastatic_roi_022"": 1, ""training_set_primary_roi_042"": 1, ""training_set_primary_roi_017"": 1, ""training_set_metastatic_roi_018"": 2, ""training_set_metastatic_roi_024"": 1, ""training_set_primary_roi_025"": 6, ""training_set_primary_roi_086"": 1, ""training_set_primary_roi_065"": 3, ""training_set_primary_roi_028"": 1, ""training_set_metastatic_roi_068"": 1, ""training_set_primary_roi_004"": 1, ""training_set_metastatic_roi_037"": 1, ""training_set_metastatic_roi_085"": 1, ""training_set_metastatic_roi_075"": 1}",208
A0_s43_cv0,7,"P4 exact A5 parity rerun, not original P3 measurement","[36, 28, 12, 14, 15, 14, 25, 19, 18, 27]",132,0.3653846153846154,75,NOT RECORDED IN ORIGINAL RUN,"{""training_set_metastatic_roi_003"": 1, ""training_set_primary_roi_024"": 4, ""training_set_metastatic_roi_068"": 3, ""training_set_primary_roi_025"": 4, ""training_set_primary_roi_060"": 2, ""training_set_metastatic_roi_046"": 3, ""training_set_metastatic_roi_055"": 4, ""training_set_primary_roi_073"": 3, ""training_set_metastatic_roi_022"": 4, ""training_set_primary_roi_087"": 4, ""training_set_metastatic_roi_047"": 4, ""training_set_metastatic_roi_016"": 3, ""training_set_metastatic_roi_078"": 2, ""training_set_metastatic_roi_015"": 1, ""training_set_primary_roi_047"": 3, ""training_set_metastatic_roi_025"": 4, ""training_set_metastatic_roi_010"": 4, ""training_set_primary_roi_007"": 9, ""training_set_primary_roi_057"": 11, ""training_set_primary_roi_004"": 4, ""training_set_metastatic_roi_069"": 3, ""training_set_metastatic_roi_063"": 3, ""training_set_metastatic_roi_100"": 1, ""training_set_primary_roi_068"": 6, ""training_set_primary_roi_052"": 4, ""training_set_primary_roi_036"": 6, ""training_set_primary_roi_016"": 5, ""training_set_primary_roi_101"": 3, ""training_set_primary_roi_084"": 3, ""training_set_metastatic_roi_062"": 1, ""training_set_primary_roi_048"": 1, ""training_set_primary_roi_063"": 2, ""training_set_metastatic_roi_101"": 4, ""training_set_primary_roi_023"": 1, ""training_set_metastatic_roi_036"": 1, ""training_set_primary_roi_044"": 3, ""training_set_primary_roi_001"": 2, ""training_set_primary_roi_002"": 1, ""training_set_primary_roi_038"": 3, ""training_set_primary_roi_067"": 2, ""training_set_primary_roi_055"": 1, ""training_set_primary_roi_065"": 2, ""training_set_metastatic_roi_072"": 4, ""training_set_metastatic_roi_075"": 6, ""training_set_primary_roi_030"": 3, ""training_set_metastatic_roi_049"": 1, ""training_set_primary_roi_037"": 4, ""training_set_metastatic_roi_067"": 2, ""training_set_primary_roi_041"": 2, ""training_set_primary_roi_031"": 2, ""training_set_primary_roi_093"": 2, ""training_set_metastatic_roi_017"": 3, ""training_set_metastatic_roi_073"": 2, ""training_set_primary_roi_076"": 1, ""training_set_metastatic_roi_018"": 1, ""training_set_primary_roi_054"": 4, ""training_set_metastatic_roi_014"": 1, ""training_set_primary_roi_028"": 4, ""training_set_primary_roi_022"": 3, ""training_set_primary_roi_042"": 3, ""training_set_metastatic_roi_092"": 3, ""training_set_metastatic_roi_056"": 2, ""training_set_primary_roi_097"": 2, ""training_set_metastatic_roi_037"": 1, ""training_set_metastatic_roi_028"": 3, ""training_set_metastatic_roi_088"": 1, ""training_set_metastatic_roi_085"": 1, ""training_set_primary_roi_064"": 2, ""training_set_primary_roi_020"": 2, ""training_set_metastatic_roi_095"": 1, ""training_set_primary_roi_021"": 1, ""training_set_primary_roi_083"": 2, ""training_set_metastatic_roi_035"": 2, ""training_set_primary_roi_040"": 1, ""training_set_primary_roi_051"": 1}",208
A0_s43_cv0,8,"P4 exact A5 parity rerun, not original P3 measurement","[21, 15, 26, 21, 24, 20, 25, 19, 18, 19]",126,0.3942307692307693,72,NOT RECORDED IN ORIGINAL RUN,"{""training_set_primary_roi_022"": 6, ""training_set_primary_roi_040"": 3, ""training_set_metastatic_roi_072"": 5, ""training_set_metastatic_roi_086"": 8, ""training_set_primary_roi_068"": 8, ""training_set_primary_roi_020"": 3, ""training_set_primary_roi_060"": 5, ""training_set_primary_roi_016"": 7, ""training_set_primary_roi_055"": 1, ""training_set_primary_roi_057"": 7, ""training_set_primary_roi_025"": 6, ""training_set_primary_roi_047"": 4, ""training_set_primary_roi_007"": 6, ""training_set_metastatic_roi_075"": 2, ""training_set_primary_roi_029"": 8, ""training_set_metastatic_roi_066"": 1, ""training_set_metastatic_roi_008"": 2, ""training_set_metastatic_roi_101"": 4, ""training_set_primary_roi_024"": 3, ""training_set_metastatic_roi_053"": 1, ""training_set_primary_roi_083"": 7, ""training_set_primary_roi_095"": 2, ""training_set_primary_roi_101"": 3, ""training_set_primary_roi_042"": 6, ""training_set_primary_roi_036"": 5, ""training_set_primary_roi_037"": 6, ""training_set_metastatic_roi_036"": 1, ""training_set_primary_roi_063"": 1, ""training_set_primary_roi_041"": 3, ""training_set_primary_roi_030"": 1, ""training_set_metastatic_roi_055"": 6, ""training_set_metastatic_roi_102"": 1, ""training_set_metastatic_roi_056"": 3, ""training_set_primary_roi_004"": 4, ""training_set_metastatic_roi_016"": 3, ""training_set_metastatic_roi_022"": 4, ""training_set_metastatic_roi_092"": 1, ""training_set_metastatic_roi_037"": 2, ""training_set_primary_roi_031"": 2, ""training_set_metastatic_roi_095"": 3, ""training_set_primary_roi_038"": 2, ""training_set_primary_roi_065"": 3, ""training_set_metastatic_roi_014"": 2, ""training_set_primary_roi_048"": 1, ""training_set_primary_roi_067"": 2, ""training_set_metastatic_roi_028"": 4, ""training_set_metastatic_roi_025"": 3, ""training_set_metastatic_roi_073"": 3, ""training_set_metastatic_roi_046"": 1, ""training_set_primary_roi_001"": 2, ""training_set_primary_roi_064"": 2, ""training_set_metastatic_roi_010"": 2, ""training_set_metastatic_roi_047"": 2, ""training_set_primary_roi_054"": 1, ""training_set_primary_roi_052"": 3, ""training_set_metastatic_roi_049"": 1, ""training_set_metastatic_roi_017"": 3, ""training_set_primary_roi_093"": 2, ""training_set_primary_roi_021"": 1, ""training_set_metastatic_roi_051"": 1, ""training_set_metastatic_roi_078"": 1, ""training_set_primary_roi_076"": 1, ""training_set_primary_roi_002"": 1, ""training_set_primary_roi_073"": 2, ""training_set_metastatic_roi_085"": 1, ""training_set_primary_roi_028"": 1, ""training_set_primary_roi_086"": 1, ""training_set_metastatic_roi_035"": 1, ""training_set_metastatic_roi_100"": 1, ""training_set_metastatic_roi_018"": 1, ""training_set_primary_roi_023"": 1, ""training_set_primary_roi_098"": 1}",208
A0_s43_cv0,9,"P4 exact A5 parity rerun, not original P3 measurement","[21, 29, 16, 18, 17, 31, 19, 21, 16, 20]",126,0.3942307692307693,73,NOT RECORDED IN ORIGINAL RUN,"{""training_set_primary_roi_017"": 1, ""training_set_primary_roi_055"": 2, ""training_set_primary_roi_052"": 7, ""training_set_primary_roi_025"": 3, ""training_set_metastatic_roi_072"": 3, ""training_set_primary_roi_083"": 5, ""training_set_primary_roi_060"": 3, ""training_set_primary_roi_065"": 3, ""training_set_primary_roi_095"": 3, ""training_set_primary_roi_004"": 5, ""training_set_primary_roi_047"": 5, ""training_set_primary_roi_087"": 6, ""training_set_metastatic_roi_066"": 2, ""training_set_primary_roi_068"": 9, ""training_set_primary_roi_051"": 3, ""training_set_metastatic_roi_075"": 2, ""training_set_primary_roi_016"": 6, ""training_set_metastatic_roi_073"": 1, ""training_set_primary_roi_031"": 5, ""training_set_metastatic_roi_086"": 6, ""training_set_primary_roi_030"": 4, ""training_set_primary_roi_042"": 2, ""training_set_metastatic_roi_063"": 2, ""training_set_primary_roi_038"": 1, ""training_set_metastatic_roi_012"": 2, ""training_set_metastatic_roi_055"": 4, ""training_set_primary_roi_076"": 2, ""training_set_metastatic_roi_095"": 2, ""training_set_primary_roi_024"": 2, ""training_set_primary_roi_063"": 1, ""training_set_metastatic_roi_037"": 2, ""training_set_metastatic_roi_016"": 6, ""training_set_metastatic_roi_017"": 5, ""training_set_metastatic_roi_085"": 5, ""training_set_metastatic_roi_018"": 3, ""training_set_metastatic_roi_067"": 2, ""training_set_primary_roi_054"": 1, ""training_set_metastatic_roi_101"": 7, ""training_set_primary_roi_029"": 2, ""training_set_metastatic_roi_083"": 1, ""training_set_metastatic_roi_078"": 1, ""training_set_primary_roi_048"": 6, ""training_set_metastatic_roi_010"": 2, ""training_set_primary_roi_093"": 2, ""training_set_primary_roi_020"": 2, ""training_set_primary_roi_044"": 3, ""training_set_primary_roi_041"": 1, ""training_set_metastatic_roi_056"": 6, ""training_set_primary_roi_057"": 6, ""training_set_metastatic_roi_025"": 3, ""training_set_primary_roi_067"": 3, ""training_set_primary_roi_021"": 1, ""training_set_metastatic_roi_035"": 2, ""training_set_primary_roi_073"": 1, ""training_set_primary_roi_027"": 1, ""training_set_metastatic_roi_008"": 1, ""training_set_metastatic_roi_102"": 2, ""training_set_metastatic_roi_062"": 1, ""training_set_primary_roi_101"": 6, ""training_set_metastatic_roi_046"": 2, ""training_set_metastatic_roi_022"": 1, ""training_set_metastatic_roi_015"": 1, ""training_set_metastatic_roi_053"": 1, ""training_set_primary_roi_028"": 2, ""training_set_primary_roi_037"": 4, ""training_set_primary_roi_084"": 1, ""training_set_primary_roi_064"": 1, ""training_set_metastatic_roi_028"": 1, ""training_set_primary_roi_007"": 3, ""training_set_primary_roi_098"": 1, ""training_set_primary_roi_023"": 2, ""training_set_metastatic_roi_049"": 1, ""training_set_metastatic_roi_047"": 1}",208
A0_s43_cv0,10,"P4 exact A5 parity rerun, not original P3 measurement","[21, 22, 21, 20, 17, 24, 19, 13, 25, 26]",121,0.4182692307692307,66,NOT RECORDED IN ORIGINAL RUN,"{""training_set_metastatic_roi_017"": 6, ""training_set_metastatic_roi_055"": 7, ""training_set_primary_roi_047"": 4, ""training_set_primary_roi_052"": 4, ""training_set_primary_roi_087"": 6, ""training_set_metastatic_roi_073"": 4, ""training_set_primary_roi_068"": 5, ""training_set_primary_roi_044"": 2, ""training_set_metastatic_roi_072"": 9, ""training_set_primary_roi_023"": 3, ""training_set_primary_roi_036"": 2, ""training_set_primary_roi_054"": 2, ""training_set_primary_roi_075"": 1, ""training_set_primary_roi_030"": 1, ""training_set_primary_roi_073"": 4, ""training_set_primary_roi_064"": 1, ""training_set_primary_roi_060"": 7, ""training_set_metastatic_roi_063"": 1, ""training_set_primary_roi_037"": 3, ""training_set_primary_roi_041"": 3, ""training_set_primary_roi_024"": 2, ""training_set_metastatic_roi_046"": 4, ""training_set_primary_roi_048"": 9, ""training_set_metastatic_roi_101"": 4, ""training_set_metastatic_roi_069"": 2, ""training_set_primary_roi_042"": 2, ""training_set_primary_roi_084"": 6, ""training_set_primary_roi_040"": 2, ""training_set_metastatic_roi_102"": 3, ""training_set_metastatic_roi_092"": 3, ""training_set_metastatic_roi_010"": 3, ""training_set_metastatic_roi_047"": 2, ""training_set_primary_roi_017"": 1, ""training_set_metastatic_roi_016"": 4, ""training_set_primary_roi_065"": 1, ""training_set_primary_roi_093"": 1, ""training_set_primary_roi_029"": 5, ""training_set_primary_roi_057"": 6, ""training_set_primary_roi_086"": 6, ""training_set_primary_roi_025"": 3, ""training_set_primary_roi_002"": 3, ""training_set_primary_roi_095"": 3, ""training_set_metastatic_roi_037"": 1, ""training_set_primary_roi_083"": 3, ""training_set_primary_roi_016"": 7, ""training_set_primary_roi_022"": 4, ""training_set_metastatic_roi_086"": 3, ""training_set_metastatic_roi_081"": 2, ""training_set_metastatic_roi_025"": 3, ""training_set_metastatic_roi_066"": 5, ""training_set_metastatic_roi_022"": 3, ""training_set_primary_roi_001"": 1, ""training_set_primary_roi_004"": 3, ""training_set_primary_roi_038"": 4, ""training_set_metastatic_roi_053"": 2, ""training_set_primary_roi_098"": 1, ""training_set_primary_roi_020"": 1, ""training_set_metastatic_roi_062"": 2, ""training_set_metastatic_roi_008"": 2, ""training_set_primary_roi_063"": 1, ""training_set_primary_roi_007"": 2, ""training_set_metastatic_roi_056"": 3, ""training_set_primary_roi_101"": 1, ""training_set_metastatic_roi_051"": 1, ""training_set_primary_roi_097"": 2, ""training_set_primary_roi_031"": 1}",208
A0_s43_cv1,1,"P4 exact A5 parity rerun, not original P3 measurement","[21, 21, 18, 15, 19, 13, 18, 22, 24, 20]",111,0.418848167539267,73,NOT RECORDED IN ORIGINAL RUN,"{""training_set_primary_roi_045"": 2, ""training_set_primary_roi_005"": 3, ""training_set_metastatic_roi_057"": 3, ""training_set_primary_roi_059"": 1, ""training_set_primary_roi_101"": 2, ""training_set_primary_roi_029"": 3, ""training_set_metastatic_roi_049"": 1, ""training_set_metastatic_roi_091"": 6, ""training_set_primary_roi_010"": 6, ""training_set_primary_roi_058"": 3, ""training_set_primary_roi_081"": 4, ""training_set_primary_roi_037"": 6, ""training_set_metastatic_roi_017"": 3, ""training_set_primary_roi_022"": 5, ""training_set_primary_roi_091"": 3, ""training_set_primary_roi_054"": 3, ""training_set_primary_roi_002"": 3, ""training_set_metastatic_roi_001"": 2, ""training_set_primary_roi_095"": 3, ""training_set_primary_roi_043"": 2, ""training_set_primary_roi_032"": 4, ""training_set_metastatic_roi_072"": 6, ""training_set_primary_roi_068"": 6, ""training_set_primary_roi_099"": 3, ""training_set_metastatic_roi_093"": 1, ""training_set_metastatic_roi_059"": 3, ""training_set_primary_roi_015"": 2, ""training_set_metastatic_roi_011"": 1, ""training_set_metastatic_roi_087"": 4, ""training_set_primary_roi_096"": 1, ""training_set_primary_roi_102"": 3, ""training_set_metastatic_roi_014"": 2, ""training_set_primary_roi_079"": 5, ""training_set_primary_roi_057"": 7, ""training_set_primary_roi_038"": 5, ""training_set_primary_roi_062"": 1, ""training_set_metastatic_roi_100"": 2, ""training_set_primary_roi_030"": 2, ""training_set_metastatic_roi_066"": 2, ""training_set_primary_roi_017"": 2, ""training_set_metastatic_roi_071"": 3, ""training_set_primary_roi_084"": 1, ""training_set_primary_roi_013"": 2, ""training_set_metastatic_roi_020"": 1, ""training_set_primary_roi_087"": 1, ""training_set_primary_roi_055"": 3, ""training_set_primary_roi_089"": 2, ""training_set_primary_roi_011"": 6, ""training_set_primary_roi_034"": 3, ""training_set_metastatic_roi_051"": 1, ""training_set_metastatic_roi_097"": 2, ""training_set_metastatic_roi_039"": 1, ""training_set_primary_roi_012"": 1, ""training_set_metastatic_roi_094"": 5, ""training_set_primary_roi_061"": 1, ""training_set_metastatic_roi_063"": 2, ""training_set_metastatic_roi_055"": 4, ""training_set_metastatic_roi_026"": 3, ""training_set_primary_roi_007"": 2, ""training_set_metastatic_roi_102"": 1, ""training_set_primary_roi_047"": 3, ""training_set_metastatic_roi_067"": 1, ""training_set_metastatic_roi_081"": 2, ""training_set_primary_roi_076"": 2, ""training_set_metastatic_roi_078"": 1, ""training_set_metastatic_roi_061"": 2, ""training_set_metastatic_roi_075"": 2, ""training_set_metastatic_roi_012"": 1, ""training_set_metastatic_roi_034"": 1, ""training_set_metastatic_roi_046"": 1, ""training_set_primary_roi_001"": 1, ""training_set_primary_roi_018"": 2, ""training_set_primary_roi_080"": 1}",191
A0_s43_cv1,2,"P4 exact A5 parity rerun, not original P3 measurement","[14, 16, 18, 17, 18, 20, 18, 26, 25, 19]",112,0.4136125654450262,72,NOT RECORDED IN ORIGINAL RUN,"{""training_set_primary_roi_062"": 3, ""training_set_primary_roi_079"": 7, ""training_set_primary_roi_005"": 2, ""training_set_primary_roi_045"": 1, ""training_set_metastatic_roi_087"": 2, ""training_set_primary_roi_047"": 3, ""training_set_primary_roi_068"": 6, ""training_set_primary_roi_102"": 2, ""training_set_metastatic_roi_066"": 1, ""training_set_metastatic_roi_026"": 5, ""training_set_metastatic_roi_075"": 5, ""training_set_primary_roi_058"": 2, ""training_set_primary_roi_059"": 6, ""training_set_primary_roi_096"": 4, ""training_set_primary_roi_038"": 5, ""training_set_primary_roi_076"": 4, ""training_set_primary_roi_057"": 6, ""training_set_primary_roi_007"": 10, ""training_set_primary_roi_022"": 4, ""training_set_metastatic_roi_072"": 4, ""training_set_primary_roi_031"": 3, ""training_set_primary_roi_054"": 3, ""training_set_primary_roi_034"": 4, ""training_set_metastatic_roi_002"": 2, ""training_set_metastatic_roi_037"": 3, ""training_set_primary_roi_043"": 2, ""training_set_metastatic_roi_011"": 3, ""training_set_metastatic_roi_095"": 2, ""training_set_metastatic_roi_102"": 2, ""training_set_metastatic_roi_100"": 2, ""training_set_metastatic_roi_059"": 4, ""training_set_metastatic_roi_061"": 1, ""training_set_primary_roi_032"": 3, ""training_set_primary_roi_087"": 2, ""training_set_primary_roi_001"": 1, ""training_set_metastatic_roi_017"": 6, ""training_set_metastatic_roi_046"": 3, ""training_set_primary_roi_049"": 5, ""training_set_metastatic_roi_097"": 1, ""training_set_primary_roi_013"": 4, ""training_set_primary_roi_030"": 4, ""training_set_metastatic_roi_055"": 3, ""training_set_primary_roi_074"": 4, ""training_set_primary_roi_010"": 2, ""training_set_metastatic_roi_022"": 1, ""training_set_metastatic_roi_091"": 1, ""training_set_primary_roi_084"": 1, ""training_set_primary_roi_101"": 1, ""training_set_metastatic_roi_001"": 2, ""training_set_metastatic_roi_057"": 1, ""training_set_primary_roi_061"": 2, ""training_set_metastatic_roi_051"": 1, ""training_set_metastatic_roi_039"": 2, ""training_set_primary_roi_081"": 1, ""training_set_primary_roi_011"": 5, ""training_set_metastatic_roi_020"": 1, ""training_set_metastatic_roi_054"": 1, ""training_set_primary_roi_091"": 1, ""training_set_primary_roi_015"": 1, ""training_set_primary_roi_089"": 1, ""training_set_primary_roi_002"": 2, ""training_set_metastatic_roi_071"": 2, ""training_set_primary_roi_018"": 2, ""training_set_primary_roi_012"": 1, ""training_set_metastatic_roi_049"": 1, ""training_set_primary_roi_027"": 1, ""training_set_primary_roi_099"": 3, ""training_set_primary_roi_029"": 1, ""training_set_metastatic_roi_031"": 1, ""training_set_primary_roi_065"": 1, ""training_set_primary_roi_037"": 1, ""training_set_primary_roi_098"": 1}",191
A0_s43_cv1,3,"P4 exact A5 parity rerun, not original P3 measurement","[17, 16, 16, 18, 22, 18, 19, 19, 27, 19]",112,0.4136125654450262,68,NOT RECORDED IN ORIGINAL RUN,"{""training_set_primary_roi_058"": 2, ""training_set_metastatic_roi_040"": 2, ""training_set_primary_roi_032"": 9, ""training_set_primary_roi_047"": 7, ""training_set_primary_roi_037"": 7, ""training_set_metastatic_roi_057"": 3, ""training_set_primary_roi_057"": 9, ""training_set_primary_roi_054"": 3, ""training_set_metastatic_roi_026"": 5, ""training_set_metastatic_roi_012"": 1, ""training_set_primary_roi_030"": 1, ""training_set_primary_roi_010"": 6, ""training_set_metastatic_roi_094"": 4, ""training_set_metastatic_roi_054"": 1, ""training_set_primary_roi_007"": 5, ""training_set_metastatic_roi_037"": 1, ""training_set_primary_roi_096"": 5, ""training_set_primary_roi_068"": 9, ""training_set_primary_roi_038"": 3, ""training_set_primary_roi_015"": 2, ""training_set_primary_roi_022"": 5, ""training_set_primary_roi_011"": 3, ""training_set_primary_roi_079"": 4, ""training_set_metastatic_roi_091"": 1, ""training_set_metastatic_roi_097"": 1, ""training_set_primary_roi_029"": 4, ""training_set_primary_roi_084"": 3, ""training_set_primary_roi_099"": 4, ""training_set_metastatic_roi_072"": 3, ""training_set_metastatic_roi_093"": 1, ""training_set_metastatic_roi_014"": 1, ""training_set_primary_roi_091"": 3, ""training_set_primary_roi_013"": 6, ""training_set_primary_roi_059"": 2, ""training_set_primary_roi_018"": 1, ""training_set_primary_roi_034"": 3, ""training_set_primary_roi_095"": 4, ""training_set_metastatic_roi_017"": 6, ""training_set_primary_roi_049"": 3, ""training_set_primary_roi_002"": 3, ""training_set_metastatic_roi_102"": 1, ""training_set_metastatic_roi_071"": 1, ""training_set_primary_roi_062"": 1, ""training_set_metastatic_roi_011"": 2, ""training_set_metastatic_roi_032"": 3, ""training_set_primary_roi_065"": 1, ""training_set_metastatic_roi_049"": 1, ""training_set_metastatic_roi_046"": 4, ""training_set_metastatic_roi_095"": 2, ""training_set_primary_roi_101"": 2, ""training_set_metastatic_roi_066"": 2, ""training_set_primary_roi_031"": 2, ""training_set_metastatic_roi_059"": 3, ""training_set_primary_roi_005"": 2, ""training_set_primary_roi_069"": 1, ""training_set_primary_roi_081"": 1, ""training_set_metastatic_roi_039"": 1, ""training_set_primary_roi_080"": 1, ""training_set_metastatic_roi_061"": 2, ""training_set_primary_roi_076"": 2, ""training_set_primary_roi_012"": 1, ""training_set_metastatic_roi_087"": 2, ""training_set_primary_roi_074"": 1, ""training_set_primary_roi_097"": 1, ""training_set_metastatic_roi_034"": 1, ""training_set_metastatic_roi_022"": 2, ""training_set_primary_roi_001"": 1, ""training_set_primary_roi_102"": 1}",191
A0_s43_cv1,4,"P4 exact A5 parity rerun, not original P3 measurement","[16, 17, 16, 18, 17, 17, 22, 24, 21, 23]",119,0.37696335078534027,79,NOT RECORDED IN ORIGINAL RUN,"{""training_set_primary_roi_079"": 4, ""training_set_primary_roi_058"": 3, ""training_set_metastatic_roi_059"": 1, ""training_set_metastatic_roi_068"": 2, ""training_set_metastatic_roi_011"": 4, ""training_set_primary_roi_013"": 5, ""training_set_primary_roi_011"": 4, ""training_set_primary_roi_101"": 4, ""training_set_metastatic_roi_091"": 3, ""training_set_primary_roi_068"": 3, ""training_set_metastatic_roi_055"": 2, ""training_set_metastatic_roi_039"": 3, ""training_set_primary_roi_080"": 3, ""training_set_metastatic_roi_102"": 2, ""training_set_primary_roi_030"": 3, ""training_set_primary_roi_049"": 2, ""training_set_metastatic_roi_072"": 5, ""training_set_primary_roi_061"": 4, ""training_set_metastatic_roi_032"": 1, ""training_set_metastatic_roi_075"": 2, ""training_set_primary_roi_022"": 2, ""training_set_primary_roi_037"": 6, ""training_set_primary_roi_097"": 1, ""training_set_primary_roi_057"": 6, ""training_set_primary_roi_039"": 1, ""training_set_primary_roi_062"": 2, ""training_set_primary_roi_038"": 2, ""training_set_metastatic_roi_046"": 3, ""training_set_primary_roi_102"": 4, ""training_set_primary_roi_005"": 1, ""training_set_primary_roi_007"": 9, ""training_set_primary_roi_032"": 3, ""training_set_metastatic_roi_017"": 3, ""training_set_metastatic_roi_095"": 2, ""training_set_metastatic_roi_063"": 2, ""training_set_metastatic_roi_094"": 2, ""training_set_primary_roi_015"": 3, ""training_set_primary_roi_074"": 3, ""training_set_metastatic_roi_031"": 6, ""training_set_metastatic_roi_100"": 1, ""training_set_primary_roi_055"": 2, ""training_set_primary_roi_017"": 1, ""training_set_primary_roi_010"": 4, ""training_set_metastatic_roi_078"": 1, ""training_set_primary_roi_076"": 3, ""training_set_metastatic_roi_014"": 2, ""training_set_primary_roi_096"": 2, ""training_set_metastatic_roi_087"": 1, ""training_set_primary_roi_099"": 4, ""training_set_metastatic_roi_002"": 2, ""training_set_primary_roi_095"": 2, ""training_set_metastatic_roi_097"": 2, ""training_set_metastatic_roi_037"": 2, ""training_set_metastatic_roi_026"": 3, ""training_set_primary_roi_059"": 3, ""training_set_primary_roi_069"": 3, ""training_set_metastatic_roi_049"": 1, ""training_set_primary_roi_045"": 2, ""training_set_metastatic_roi_022"": 1, ""training_set_metastatic_roi_051"": 1, ""training_set_primary_roi_001"": 2, ""training_set_primary_roi_098"": 2, ""training_set_primary_roi_018"": 2, ""training_set_metastatic_roi_057"": 1, ""training_set_primary_roi_034"": 1, ""training_set_primary_roi_054"": 2, ""training_set_primary_roi_047"": 2, ""training_set_primary_roi_087"": 1, ""training_set_metastatic_roi_081"": 1, ""training_set_primary_roi_031"": 1, ""training_set_primary_roi_084"": 1, ""training_set_primary_roi_012"": 1, ""training_set_metastatic_roi_061"": 1, ""training_set_primary_roi_089"": 1, ""training_set_primary_roi_029"": 2, ""training_set_primary_roi_027"": 1, ""training_set_primary_roi_091"": 2, ""training_set_metastatic_roi_066"": 1, ""training_set_metastatic_roi_071"": 2}",191
A0_s43_cv1,5,"P4 exact A5 parity rerun, not original P3 measurement","[17, 17, 18, 23, 15, 16, 16, 28, 20, 21]",115,0.39790575916230364,72,NOT RECORDED IN ORIGINAL RUN,"{""training_set_primary_roi_079"": 6, ""training_set_primary_roi_101"": 3, ""training_set_primary_roi_037"": 4, ""training_set_primary_roi_059"": 3, ""training_set_metastatic_roi_031"": 3, ""training_set_primary_roi_089"": 1, ""training_set_metastatic_roi_102"": 2, ""training_set_metastatic_roi_017"": 4, ""training_set_primary_roi_010"": 5, ""training_set_primary_roi_030"": 3, ""training_set_primary_roi_091"": 5, ""training_set_primary_roi_047"": 2, ""training_set_primary_roi_069"": 1, ""training_set_metastatic_roi_002"": 1, ""training_set_primary_roi_099"": 8, ""training_set_primary_roi_017"": 1, ""training_set_metastatic_roi_051"": 1, ""training_set_primary_roi_102"": 5, ""training_set_metastatic_roi_039"": 4, ""training_set_primary_roi_068"": 2, ""training_set_primary_roi_054"": 4, ""training_set_metastatic_roi_084"": 1, ""training_set_primary_roi_022"": 3, ""training_set_primary_roi_011"": 4, ""training_set_metastatic_roi_040"": 2, ""training_set_metastatic_roi_057"": 4, ""training_set_primary_roi_074"": 2, ""training_set_primary_roi_080"": 4, ""training_set_primary_roi_032"": 7, ""training_set_primary_roi_076"": 4, ""training_set_primary_roi_007"": 6, ""training_set_metastatic_roi_026"": 6, ""training_set_metastatic_roi_022"": 3, ""training_set_metastatic_roi_055"": 1, ""training_set_primary_roi_049"": 2, ""training_set_primary_roi_002"": 2, ""training_set_primary_roi_058"": 4, ""training_set_primary_roi_045"": 1, ""training_set_metastatic_roi_014"": 2, ""training_set_metastatic_roi_072"": 1, ""training_set_primary_roi_098"": 1, ""training_set_primary_roi_057"": 5, ""training_set_primary_roi_055"": 1, ""training_set_metastatic_roi_094"": 3, ""training_set_primary_roi_061"": 2, ""training_set_primary_roi_029"": 3, ""training_set_primary_roi_096"": 1, ""training_set_metastatic_roi_087"": 1, ""training_set_primary_roi_038"": 4, ""training_set_metastatic_roi_093"": 1, ""training_set_metastatic_roi_071"": 1, ""training_set_primary_roi_062"": 1, ""training_set_metastatic_roi_037"": 2, ""training_set_metastatic_roi_078"": 1, ""training_set_metastatic_roi_063"": 1, ""training_set_primary_roi_031"": 3, ""training_set_metastatic_roi_061"": 4, ""training_set_primary_roi_087"": 2, ""training_set_primary_roi_043"": 2, ""training_set_primary_roi_084"": 3, ""training_set_metastatic_roi_020"": 1, ""training_set_primary_roi_015"": 3, ""training_set_metastatic_roi_081"": 1, ""training_set_metastatic_roi_097"": 1, ""training_set_primary_roi_013"": 4, ""training_set_metastatic_roi_059"": 2, ""training_set_metastatic_roi_032"": 1, ""training_set_primary_roi_095"": 1, ""training_set_metastatic_roi_075"": 3, ""training_set_primary_roi_081"": 3, ""training_set_metastatic_roi_100"": 1, ""training_set_primary_roi_012"": 1}",191
A0_s43_cv1,6,"P4 exact A5 parity rerun, not original P3 measurement","[22, 17, 22, 19, 22, 21, 15, 17, 19, 17]",116,0.39267015706806285,74,NOT RECORDED IN ORIGINAL RUN,"{""training_set_primary_roi_068"": 7, ""training_set_primary_roi_047"": 2, ""training_set_primary_roi_054"": 1, ""training_set_primary_roi_037"": 8, ""training_set_primary_roi_034"": 1, ""training_set_metastatic_roi_066"": 2, ""training_set_primary_roi_013"": 2, ""training_set_metastatic_roi_095"": 4, ""training_set_primary_roi_011"": 9, ""training_set_metastatic_roi_011"": 3, ""training_set_primary_roi_031"": 4, ""training_set_metastatic_roi_059"": 5, ""training_set_primary_roi_055"": 3, ""training_set_primary_roi_084"": 5, ""training_set_primary_roi_007"": 1, ""training_set_primary_roi_043"": 2, ""training_set_primary_roi_076"": 1, ""training_set_metastatic_roi_014"": 3, ""training_set_primary_roi_022"": 2, ""training_set_metastatic_roi_084"": 1, ""training_set_metastatic_roi_057"": 3, ""training_set_primary_roi_101"": 3, ""training_set_metastatic_roi_094"": 3, ""training_set_primary_roi_098"": 1, ""training_set_primary_roi_029"": 2, ""training_set_metastatic_roi_026"": 8, ""training_set_metastatic_roi_017"": 4, ""training_set_primary_roi_069"": 1, ""training_set_primary_roi_091"": 4, ""training_set_primary_roi_099"": 9, ""training_set_primary_roi_038"": 2, ""training_set_primary_roi_095"": 1, ""training_set_primary_roi_079"": 6, ""training_set_primary_roi_057"": 6, ""training_set_primary_roi_012"": 3, ""training_set_metastatic_roi_091"": 2, ""training_set_metastatic_roi_012"": 2, ""training_set_metastatic_roi_022"": 4, ""training_set_metastatic_roi_001"": 1, ""training_set_primary_roi_030"": 5, ""training_set_primary_roi_096"": 3, ""training_set_metastatic_roi_055"": 2, ""training_set_metastatic_roi_031"": 2, ""training_set_metastatic_roi_097"": 1, ""training_set_metastatic_roi_087"": 1, ""training_set_metastatic_roi_100"": 1, ""training_set_metastatic_roi_039"": 1, ""training_set_metastatic_roi_063"": 3, ""training_set_metastatic_roi_071"": 5, ""training_set_metastatic_roi_072"": 3, ""training_set_primary_roi_005"": 1, ""training_set_primary_roi_081"": 2, ""training_set_primary_roi_059"": 2, ""training_set_primary_roi_045"": 1, ""training_set_primary_roi_017"": 3, ""training_set_metastatic_roi_046"": 3, ""training_set_metastatic_roi_067"": 1, ""training_set_metastatic_roi_037"": 2, ""training_set_primary_roi_032"": 2, ""training_set_primary_roi_058"": 1, ""training_set_primary_roi_010"": 2, ""training_set_primary_roi_049"": 1, ""training_set_primary_roi_080"": 1, ""training_set_primary_roi_074"": 1, ""training_set_metastatic_roi_061"": 1, ""training_set_primary_roi_018"": 1, ""training_set_metastatic_roi_036"": 1, ""training_set_metastatic_roi_102"": 1, ""training_set_primary_roi_102"": 1, ""training_set_primary_roi_062"": 1, ""training_set_metastatic_roi_034"": 1, ""training_set_primary_roi_089"": 1, ""training_set_metastatic_roi_040"": 1, ""training_set_metastatic_roi_075"": 1}",191
A0_s43_cv1,7,"P4 exact A5 parity rerun, not original P3 measurement","[26, 22, 14, 14, 26, 19, 19, 17, 26, 8]",116,0.39267015706806285,72,NOT RECORDED IN ORIGINAL RUN,"{""training_set_primary_roi_011"": 2, ""training_set_metastatic_roi_067"": 4, ""training_set_metastatic_roi_032"": 2, ""training_set_primary_roi_079"": 6, ""training_set_metastatic_roi_061"": 2, ""training_set_metastatic_roi_102"": 1, ""training_set_primary_roi_054"": 2, ""training_set_metastatic_roi_037"": 2, ""training_set_primary_roi_031"": 2, ""training_set_primary_roi_018"": 2, ""training_set_metastatic_roi_026"": 8, ""training_set_primary_roi_034"": 2, ""training_set_primary_roi_055"": 3, ""training_set_metastatic_roi_011"": 2, ""training_set_metastatic_roi_075"": 2, ""training_set_primary_roi_087"": 2, ""training_set_primary_roi_081"": 2, ""training_set_primary_roi_102"": 4, ""training_set_primary_roi_084"": 6, ""training_set_primary_roi_038"": 4, ""training_set_primary_roi_022"": 6, ""training_set_metastatic_roi_031"": 2, ""training_set_primary_roi_096"": 2, ""training_set_metastatic_roi_091"": 1, ""training_set_metastatic_roi_059"": 1, ""training_set_metastatic_roi_022"": 3, ""training_set_primary_roi_058"": 3, ""training_set_primary_roi_007"": 7, ""training_set_primary_roi_080"": 1, ""training_set_primary_roi_037"": 6, ""training_set_metastatic_roi_055"": 2, ""training_set_primary_roi_095"": 2, ""training_set_metastatic_roi_094"": 1, ""training_set_primary_roi_101"": 1, ""training_set_primary_roi_076"": 4, ""training_set_primary_roi_032"": 7, ""training_set_primary_roi_029"": 2, ""training_set_primary_roi_043"": 5, ""training_set_primary_roi_057"": 6, ""training_set_primary_roi_068"": 7, ""training_set_metastatic_roi_017"": 4, ""training_set_metastatic_roi_072"": 3, ""training_set_primary_roi_027"": 1, ""training_set_primary_roi_015"": 3, ""training_set_metastatic_roi_071"": 2, ""training_set_metastatic_roi_039"": 1, ""training_set_primary_roi_047"": 1, ""training_set_metastatic_roi_087"": 1, ""training_set_primary_roi_049"": 4, ""training_set_metastatic_roi_046"": 4, ""training_set_primary_roi_030"": 2, ""training_set_metastatic_roi_078"": 2, ""training_set_metastatic_roi_040"": 1, ""training_set_metastatic_roi_001"": 1, ""training_set_metastatic_roi_068"": 2, ""training_set_metastatic_roi_057"": 1, ""training_set_primary_roi_099"": 5, ""training_set_metastatic_roi_084"": 2, ""training_set_metastatic_roi_012"": 1, ""training_set_metastatic_roi_002"": 3, ""training_set_metastatic_roi_066"": 2, ""training_set_primary_roi_010"": 3, ""training_set_metastatic_roi_097"": 1, ""training_set_primary_roi_059"": 2, ""training_set_metastatic_roi_063"": 1, ""training_set_primary_roi_074"": 1, ""training_set_metastatic_roi_100"": 2, ""training_set_primary_roi_002"": 2, ""training_set_primary_roi_065"": 1, ""training_set_metastatic_roi_049"": 1, ""training_set_primary_roi_017"": 1, ""training_set_primary_roi_089"": 1}",191
A0_s43_cv1,8,"P4 exact A5 parity rerun, not original P3 measurement","[22, 19, 20, 16, 17, 21, 18, 24, 21, 13]",117,0.38743455497382195,73,NOT RECORDED IN ORIGINAL RUN,"{""training_set_primary_roi_062"": 3, ""training_set_metastatic_roi_011"": 1, ""training_set_primary_roi_029"": 5, ""training_set_primary_roi_010"": 7, ""training_set_metastatic_roi_017"": 3, ""training_set_primary_roi_076"": 2, ""training_set_primary_roi_034"": 2, ""training_set_primary_roi_007"": 10, ""training_set_primary_roi_013"": 8, ""training_set_primary_roi_002"": 1, ""training_set_metastatic_roi_075"": 1, ""training_set_primary_roi_045"": 3, ""training_set_primary_roi_080"": 9, ""training_set_metastatic_roi_026"": 2, ""training_set_primary_roi_047"": 3, ""training_set_primary_roi_017"": 2, ""training_set_metastatic_roi_094"": 4, ""training_set_metastatic_roi_046"": 3, ""training_set_metastatic_roi_022"": 1, ""training_set_primary_roi_005"": 2, ""training_set_metastatic_roi_061"": 2, ""training_set_metastatic_roi_095"": 2, ""training_set_primary_roi_022"": 4, ""training_set_metastatic_roi_081"": 1, ""training_set_primary_roi_037"": 3, ""training_set_metastatic_roi_057"": 4, ""training_set_primary_roi_101"": 3, ""training_set_primary_roi_084"": 2, ""training_set_primary_roi_032"": 9, ""training_set_metastatic_roi_039"": 2, ""training_set_metastatic_roi_059"": 1, ""training_set_primary_roi_059"": 2, ""training_set_metastatic_roi_078"": 5, ""training_set_metastatic_roi_031"": 1, ""training_set_metastatic_roi_036"": 1, ""training_set_metastatic_roi_072"": 4, ""training_set_metastatic_roi_066"": 2, ""training_set_metastatic_roi_067"": 1, ""training_set_primary_roi_068"": 13, ""training_set_primary_roi_102"": 1, ""training_set_metastatic_roi_087"": 1, ""training_set_primary_roi_074"": 3, ""training_set_primary_roi_012"": 4, ""training_set_metastatic_roi_032"": 2, ""training_set_metastatic_roi_071"": 2, ""training_set_primary_roi_095"": 2, ""training_set_primary_roi_065"": 2, ""training_set_primary_roi_031"": 2, ""training_set_metastatic_roi_037"": 3, ""training_set_primary_roi_091"": 2, ""training_set_primary_roi_049"": 1, ""training_set_primary_roi_096"": 2, ""training_set_primary_roi_038"": 3, ""training_set_metastatic_roi_068"": 1, ""training_set_primary_roi_058"": 1, ""training_set_metastatic_roi_100"": 2, ""training_set_primary_roi_061"": 1, ""training_set_metastatic_roi_102"": 1, ""training_set_primary_roi_079"": 2, ""training_set_primary_roi_099"": 2, ""training_set_primary_roi_039"": 1, ""training_set_metastatic_roi_093"": 2, ""training_set_primary_roi_057"": 2, ""training_set_primary_roi_030"": 2, ""training_set_metastatic_roi_001"": 1, ""training_set_primary_roi_018"": 1, ""training_set_metastatic_roi_055"": 1, ""training_set_primary_roi_011"": 2, ""training_set_metastatic_roi_091"": 1, ""training_set_primary_roi_069"": 1, ""training_set_primary_roi_001"": 1, ""training_set_metastatic_roi_097"": 1, ""training_set_metastatic_roi_012"": 1}",191
A0_s43_cv1,9,"P4 exact A5 parity rerun, not original P3 measurement","[19, 19, 20, 12, 24, 17, 27, 18, 15, 20]",117,0.38743455497382195,70,NOT RECORDED IN ORIGINAL RUN,"{""training_set_metastatic_roi_072"": 5, ""training_set_primary_roi_022"": 6, ""training_set_primary_roi_095"": 6, ""training_set_primary_roi_039"": 1, ""training_set_metastatic_roi_059"": 2, ""training_set_primary_roi_007"": 6, ""training_set_primary_roi_076"": 5, ""training_set_primary_roi_029"": 5, ""training_set_metastatic_roi_036"": 1, ""training_set_metastatic_roi_031"": 2, ""training_set_metastatic_roi_102"": 2, ""training_set_primary_roi_055"": 2, ""training_set_metastatic_roi_057"": 6, ""training_set_metastatic_roi_075"": 5, ""training_set_metastatic_roi_026"": 6, ""training_set_metastatic_roi_039"": 3, ""training_set_primary_roi_057"": 3, ""training_set_primary_roi_002"": 2, ""training_set_primary_roi_047"": 6, ""training_set_metastatic_roi_095"": 3, ""training_set_primary_roi_037"": 4, ""training_set_primary_roi_080"": 4, ""training_set_metastatic_roi_002"": 3, ""training_set_metastatic_roi_055"": 3, ""training_set_metastatic_roi_091"": 7, ""training_set_metastatic_roi_049"": 2, ""training_set_metastatic_roi_032"": 2, ""training_set_primary_roi_061"": 1, ""training_set_primary_roi_059"": 5, ""training_set_primary_roi_043"": 1, ""training_set_primary_roi_018"": 1, ""training_set_metastatic_roi_017"": 5, ""training_set_primary_roi_068"": 6, ""training_set_primary_roi_030"": 1, ""training_set_primary_roi_099"": 7, ""training_set_primary_roi_013"": 2, ""training_set_metastatic_roi_084"": 1, ""training_set_metastatic_roi_034"": 1, ""training_set_primary_roi_034"": 2, ""training_set_primary_roi_087"": 1, ""training_set_primary_roi_005"": 3, ""training_set_primary_roi_084"": 2, ""training_set_primary_roi_101"": 3, ""training_set_primary_roi_081"": 1, ""training_set_primary_roi_010"": 3, ""training_set_primary_roi_096"": 1, ""training_set_metastatic_roi_037"": 1, ""training_set_primary_roi_032"": 4, ""training_set_metastatic_roi_094"": 1, ""training_set_primary_roi_091"": 3, ""training_set_primary_roi_012"": 2, ""training_set_primary_roi_045"": 1, ""training_set_primary_roi_011"": 2, ""training_set_metastatic_roi_022"": 1, ""training_set_primary_roi_102"": 1, ""training_set_metastatic_roi_100"": 2, ""training_set_primary_roi_017"": 2, ""training_set_primary_roi_074"": 2, ""training_set_primary_roi_065"": 3, ""training_set_primary_roi_015"": 1, ""training_set_primary_roi_079"": 2, ""training_set_metastatic_roi_011"": 2, ""training_set_metastatic_roi_066"": 3, ""training_set_primary_roi_058"": 3, ""training_set_metastatic_roi_078"": 1, ""training_set_primary_roi_031"": 1, ""training_set_primary_roi_089"": 1, ""training_set_metastatic_roi_081"": 1, ""training_set_metastatic_roi_020"": 1, ""training_set_metastatic_roi_087"": 1}",191
A0_s43_cv1,10,"P4 exact A5 parity rerun, not original P3 measurement","[13, 20, 20, 15, 23, 16, 17, 17, 24, 26]",115,0.39790575916230364,73,NOT RECORDED IN ORIGINAL RUN,"{""training_set_primary_roi_068"": 9, ""training_set_primary_roi_061"": 3, ""training_set_metastatic_roi_102"": 6, ""training_set_metastatic_roi_091"": 4, ""training_set_primary_roi_087"": 2, ""training_set_metastatic_roi_017"": 7, ""training_set_primary_roi_099"": 6, ""training_set_primary_roi_032"": 4, ""training_set_primary_roi_030"": 1, ""training_set_metastatic_roi_087"": 2, ""training_set_metastatic_roi_084"": 1, ""training_set_primary_roi_079"": 6, ""training_set_metastatic_roi_072"": 7, ""training_set_primary_roi_057"": 10, ""training_set_metastatic_roi_014"": 3, ""training_set_metastatic_roi_002"": 1, ""training_set_primary_roi_081"": 1, ""training_set_primary_roi_076"": 2, ""training_set_metastatic_roi_067"": 1, ""training_set_primary_roi_012"": 2, ""training_set_primary_roi_049"": 4, ""training_set_primary_roi_018"": 1, ""training_set_primary_roi_043"": 2, ""training_set_metastatic_roi_061"": 3, ""training_set_metastatic_roi_097"": 1, ""training_set_metastatic_roi_031"": 1, ""training_set_metastatic_roi_100"": 1, ""training_set_primary_roi_080"": 3, ""training_set_metastatic_roi_036"": 1, ""training_set_primary_roi_084"": 2, ""training_set_metastatic_roi_059"": 3, ""training_set_metastatic_roi_026"": 6, ""training_set_primary_roi_029"": 4, ""training_set_metastatic_roi_057"": 4, ""training_set_metastatic_roi_001"": 1, ""training_set_primary_roi_001"": 3, ""training_set_metastatic_roi_063"": 3, ""training_set_primary_roi_059"": 2, ""training_set_primary_roi_102"": 6, ""training_set_primary_roi_005"": 3, ""training_set_metastatic_roi_011"": 2, ""training_set_metastatic_roi_040"": 1, ""training_set_primary_roi_010"": 3, ""training_set_primary_roi_058"": 4, ""training_set_primary_roi_022"": 2, ""training_set_metastatic_roi_055"": 2, ""training_set_metastatic_roi_037"": 1, ""training_set_metastatic_roi_046"": 2, ""training_set_primary_roi_065"": 1, ""training_set_metastatic_roi_093"": 2, ""training_set_primary_roi_031"": 4, ""training_set_primary_roi_037"": 4, ""training_set_primary_roi_055"": 1, ""training_set_primary_roi_096"": 1, ""training_set_primary_roi_074"": 2, ""training_set_metastatic_roi_034"": 1, ""training_set_primary_roi_007"": 3, ""training_set_primary_roi_091"": 1, ""training_set_primary_roi_101"": 3, ""training_set_primary_roi_047"": 2, ""training_set_primary_roi_034"": 1, ""training_set_primary_roi_013"": 2, ""training_set_primary_roi_011"": 2, ""training_set_primary_roi_015"": 2, ""training_set_metastatic_roi_094"": 1, ""training_set_metastatic_roi_066"": 1, ""training_set_metastatic_roi_039"": 2, ""training_set_metastatic_roi_075"": 1, ""training_set_metastatic_roi_022"": 1, ""training_set_primary_roi_062"": 1, ""training_set_primary_roi_017"": 1, ""training_set_metastatic_roi_071"": 1, ""training_set_primary_roi_095"": 1}",191
A0_s43_cv2,1,"P4 exact A5 parity rerun, not original P3 measurement","[18, 24, 15, 20, 21, 21, 17, 19, 27, 19]",118,0.4129353233830846,77,NOT RECORDED IN ORIGINAL RUN,"{""training_set_primary_roi_041"": 4, ""training_set_metastatic_roi_101"": 6, ""training_set_metastatic_roi_054"": 1, ""training_set_primary_roi_052"": 2, ""training_set_primary_roi_099"": 2, ""training_set_primary_roi_021"": 2, ""training_set_metastatic_roi_035"": 1, ""training_set_metastatic_roi_086"": 8, ""training_set_primary_roi_011"": 7, ""training_set_primary_roi_049"": 6, ""training_set_primary_roi_079"": 5, ""training_set_primary_roi_034"": 3, ""training_set_metastatic_roi_016"": 2, ""training_set_primary_roi_020"": 4, ""training_set_primary_roi_083"": 7, ""training_set_primary_roi_044"": 5, ""training_set_metastatic_roi_097"": 4, ""training_set_metastatic_roi_001"": 2, ""training_set_primary_roi_086"": 1, ""training_set_primary_roi_028"": 1, ""training_set_metastatic_roi_069"": 2, ""training_set_primary_roi_060"": 4, ""training_set_primary_roi_096"": 3, ""training_set_metastatic_roi_071"": 4, ""training_set_metastatic_roi_087"": 1, ""training_set_metastatic_roi_056"": 4, ""training_set_primary_roi_016"": 6, ""training_set_metastatic_roi_008"": 1, ""training_set_primary_roi_091"": 1, ""training_set_primary_roi_102"": 4, ""training_set_primary_roi_051"": 1, ""training_set_metastatic_roi_010"": 4, ""training_set_primary_roi_073"": 3, ""training_set_primary_roi_048"": 3, ""training_set_primary_roi_025"": 3, ""training_set_primary_roi_040"": 2, ""training_set_primary_roi_058"": 2, ""training_set_metastatic_roi_093"": 2, ""training_set_primary_roi_024"": 2, ""training_set_metastatic_roi_057"": 5, ""training_set_primary_roi_074"": 3, ""training_set_primary_roi_059"": 2, ""training_set_metastatic_roi_061"": 2, ""training_set_primary_roi_080"": 1, ""training_set_primary_roi_013"": 2, ""training_set_primary_roi_081"": 1, ""training_set_primary_roi_036"": 4, ""training_set_primary_roi_010"": 3, ""training_set_primary_roi_012"": 3, ""training_set_primary_roi_032"": 4, ""training_set_metastatic_roi_039"": 1, ""training_set_metastatic_roi_092"": 2, ""training_set_metastatic_roi_028"": 1, ""training_set_primary_roi_039"": 1, ""training_set_metastatic_roi_062"": 1, ""training_set_metastatic_roi_085"": 3, ""training_set_metastatic_roi_091"": 4, ""training_set_metastatic_roi_047"": 4, ""training_set_metastatic_roi_025"": 4, ""training_set_metastatic_roi_011"": 1, ""training_set_metastatic_roi_094"": 1, ""training_set_primary_roi_042"": 4, ""training_set_primary_roi_045"": 1, ""training_set_metastatic_roi_059"": 2, ""training_set_metastatic_roi_084"": 3, ""training_set_primary_roi_067"": 1, ""training_set_metastatic_roi_053"": 2, ""training_set_primary_roi_064"": 1, ""training_set_metastatic_roi_073"": 1, ""training_set_metastatic_roi_083"": 1, ""training_set_metastatic_roi_026"": 1, ""training_set_metastatic_roi_032"": 1, ""training_set_primary_roi_023"": 1, ""training_set_primary_roi_061"": 1, ""training_set_metastatic_roi_088"": 1, ""training_set_primary_roi_018"": 1, ""training_set_primary_roi_043"": 1}",201
A0_s43_cv2,2,"P4 exact A5 parity rerun, not original P3 measurement","[20, 17, 24, 21, 15, 19, 22, 25, 19, 19]",127,0.3681592039800995,78,NOT RECORDED IN ORIGINAL RUN,"{""training_set_metastatic_roi_073"": 4, ""training_set_primary_roi_061"": 2, ""training_set_metastatic_roi_025"": 2, ""training_set_primary_roi_052"": 10, ""training_set_primary_roi_091"": 3, ""training_set_primary_roi_036"": 5, ""training_set_primary_roi_067"": 4, ""training_set_primary_roi_049"": 2, ""training_set_primary_roi_005"": 4, ""training_set_primary_roi_020"": 4, ""training_set_metastatic_roi_069"": 2, ""training_set_primary_roi_025"": 3, ""training_set_metastatic_roi_071"": 2, ""training_set_primary_roi_044"": 7, ""training_set_primary_roi_060"": 2, ""training_set_primary_roi_032"": 7, ""training_set_metastatic_roi_002"": 1, ""training_set_metastatic_roi_026"": 5, ""training_set_primary_roi_041"": 2, ""training_set_metastatic_roi_004"": 1, ""training_set_metastatic_roi_092"": 2, ""training_set_metastatic_roi_094"": 3, ""training_set_metastatic_roi_093"": 2, ""training_set_metastatic_roi_056"": 6, ""training_set_metastatic_roi_057"": 1, ""training_set_metastatic_roi_024"": 2, ""training_set_metastatic_roi_101"": 3, ""training_set_primary_roi_081"": 2, ""training_set_metastatic_roi_010"": 3, ""training_set_metastatic_roi_011"": 1, ""training_set_metastatic_roi_032"": 3, ""training_set_primary_roi_048"": 6, ""training_set_primary_roi_059"": 1, ""training_set_primary_roi_016"": 3, ""training_set_primary_roi_024"": 5, ""training_set_metastatic_roi_047"": 5, ""training_set_primary_roi_063"": 4, ""training_set_primary_roi_010"": 4, ""training_set_primary_roi_004"": 3, ""training_set_primary_roi_018"": 2, ""training_set_metastatic_roi_016"": 6, ""training_set_metastatic_roi_087"": 1, ""training_set_primary_roi_080"": 1, ""training_set_primary_roi_099"": 1, ""training_set_primary_roi_073"": 2, ""training_set_metastatic_roi_001"": 2, ""training_set_metastatic_roi_039"": 2, ""training_set_primary_roi_015"": 2, ""training_set_metastatic_roi_028"": 2, ""training_set_primary_roi_040"": 1, ""training_set_primary_roi_079"": 1, ""training_set_primary_roi_012"": 3, ""training_set_primary_roi_083"": 2, ""training_set_primary_roi_058"": 3, ""training_set_primary_roi_042"": 3, ""training_set_primary_roi_028"": 2, ""training_set_metastatic_roi_097"": 2, ""training_set_metastatic_roi_085"": 1, ""training_set_metastatic_roi_061"": 2, ""training_set_primary_roi_089"": 2, ""training_set_metastatic_roi_062"": 1, ""training_set_primary_roi_102"": 1, ""training_set_primary_roi_011"": 4, ""training_set_primary_roi_043"": 2, ""training_set_primary_roi_093"": 1, ""training_set_primary_roi_062"": 1, ""training_set_primary_roi_074"": 4, ""training_set_primary_roi_013"": 1, ""training_set_primary_roi_023"": 1, ""training_set_primary_roi_096"": 2, ""training_set_metastatic_roi_091"": 2, ""training_set_metastatic_roi_015"": 1, ""training_set_metastatic_roi_003"": 1, ""training_set_primary_roi_086"": 1, ""training_set_metastatic_roi_031"": 1, ""training_set_primary_roi_034"": 1, ""training_set_metastatic_roi_020"": 1, ""training_set_metastatic_roi_053"": 1}",201
A0_s43_cv2,3,"P4 exact A5 parity rerun, not original P3 measurement","[23, 20, 17, 27, 16, 20, 15, 27, 20, 16]",126,0.3731343283582089,76,NOT RECORDED IN ORIGINAL RUN,"{""training_set_primary_roi_025"": 6, ""training_set_primary_roi_036"": 3, ""training_set_primary_roi_016"": 4, ""training_set_primary_roi_018"": 3, ""training_set_primary_roi_012"": 2, ""training_set_primary_roi_074"": 2, ""training_set_metastatic_roi_086"": 1, ""training_set_metastatic_roi_092"": 2, ""training_set_primary_roi_062"": 2, ""training_set_metastatic_roi_054"": 1, ""training_set_primary_roi_048"": 9, ""training_set_primary_roi_021"": 2, ""training_set_primary_roi_080"": 2, ""training_set_primary_roi_096"": 3, ""training_set_primary_roi_060"": 4, ""training_set_metastatic_roi_069"": 2, ""training_set_metastatic_roi_087"": 2, ""training_set_metastatic_roi_010"": 2, ""training_set_primary_roi_044"": 4, ""training_set_primary_roi_083"": 5, ""training_set_primary_roi_051"": 1, ""training_set_primary_roi_013"": 4, ""training_set_primary_roi_059"": 3, ""training_set_primary_roi_052"": 4, ""training_set_primary_roi_099"": 4, ""training_set_primary_roi_032"": 6, ""training_set_primary_roi_089"": 2, ""training_set_primary_roi_042"": 5, ""training_set_primary_roi_020"": 4, ""training_set_metastatic_roi_016"": 5, ""training_set_primary_roi_040"": 2, ""training_set_primary_roi_043"": 3, ""training_set_primary_roi_010"": 3, ""training_set_metastatic_roi_097"": 3, ""training_set_metastatic_roi_094"": 3, ""training_set_metastatic_roi_061"": 1, ""training_set_metastatic_roi_011"": 3, ""training_set_primary_roi_058"": 1, ""training_set_metastatic_roi_008"": 2, ""training_set_metastatic_roi_026"": 5, ""training_set_primary_roi_034"": 4, ""training_set_metastatic_roi_039"": 1, ""training_set_metastatic_roi_035"": 3, ""training_set_metastatic_roi_091"": 3, ""training_set_primary_roi_005"": 3, ""training_set_primary_roi_011"": 5, ""training_set_metastatic_roi_025"": 2, ""training_set_metastatic_roi_057"": 3, ""training_set_metastatic_roi_088"": 1, ""training_set_metastatic_roi_056"": 5, ""training_set_primary_roi_073"": 4, ""training_set_metastatic_roi_032"": 1, ""training_set_primary_roi_061"": 1, ""training_set_metastatic_roi_101"": 2, ""training_set_primary_roi_063"": 2, ""training_set_primary_roi_079"": 3, ""training_set_metastatic_roi_028"": 2, ""training_set_primary_roi_015"": 4, ""training_set_primary_roi_075"": 1, ""training_set_primary_roi_086"": 3, ""training_set_primary_roi_067"": 1, ""training_set_metastatic_roi_085"": 2, ""training_set_metastatic_roi_018"": 2, ""training_set_primary_roi_023"": 1, ""training_set_primary_roi_091"": 3, ""training_set_primary_roi_024"": 2, ""training_set_primary_roi_004"": 1, ""training_set_primary_roi_102"": 1, ""training_set_metastatic_roi_071"": 2, ""training_set_primary_roi_028"": 1, ""training_set_metastatic_roi_031"": 1, ""training_set_primary_roi_049"": 1, ""training_set_metastatic_roi_059"": 2, ""training_set_metastatic_roi_047"": 1, ""training_set_metastatic_roi_062"": 1, ""training_set_metastatic_roi_073"": 1}",201
A0_s43_cv2,4,"P4 exact A5 parity rerun, not original P3 measurement","[23, 17, 18, 24, 23, 18, 19, 22, 22, 15]",122,0.39303482587064675,79,NOT RECORDED IN ORIGINAL RUN,"{""training_set_primary_roi_074"": 4, ""training_set_metastatic_roi_071"": 1, ""training_set_primary_roi_040"": 1, ""training_set_primary_roi_058"": 2, ""training_set_primary_roi_036"": 3, ""training_set_primary_roi_024"": 3, ""training_set_metastatic_roi_032"": 1, ""training_set_primary_roi_102"": 4, ""training_set_metastatic_roi_101"": 1, ""training_set_primary_roi_005"": 5, ""training_set_primary_roi_025"": 3, ""training_set_metastatic_roi_011"": 1, ""training_set_metastatic_roi_091"": 4, ""training_set_metastatic_roi_057"": 3, ""training_set_primary_roi_052"": 7, ""training_set_primary_roi_044"": 5, ""training_set_primary_roi_016"": 7, ""training_set_primary_roi_063"": 5, ""training_set_metastatic_roi_026"": 7, ""training_set_primary_roi_051"": 2, ""training_set_metastatic_roi_093"": 1, ""training_set_metastatic_roi_025"": 3, ""training_set_primary_roi_048"": 5, ""training_set_primary_roi_010"": 3, ""training_set_metastatic_roi_004"": 2, ""training_set_metastatic_roi_084"": 1, ""training_set_metastatic_roi_028"": 3, ""training_set_primary_roi_067"": 3, ""training_set_metastatic_roi_010"": 2, ""training_set_primary_roi_089"": 1, ""training_set_primary_roi_061"": 1, ""training_set_metastatic_roi_086"": 3, ""training_set_primary_roi_096"": 4, ""training_set_metastatic_roi_002"": 2, ""training_set_primary_roi_086"": 2, ""training_set_primary_roi_032"": 4, ""training_set_metastatic_roi_092"": 2, ""training_set_primary_roi_093"": 2, ""training_set_primary_roi_073"": 3, ""training_set_metastatic_roi_020"": 3, ""training_set_primary_roi_062"": 4, ""training_set_metastatic_roi_039"": 3, ""training_set_metastatic_roi_062"": 1, ""training_set_primary_roi_018"": 2, ""training_set_metastatic_roi_016"": 4, ""training_set_metastatic_roi_083"": 1, ""training_set_primary_roi_004"": 4, ""training_set_primary_roi_041"": 2, ""training_set_primary_roi_079"": 2, ""training_set_primary_roi_099"": 6, ""training_set_primary_roi_060"": 1, ""training_set_primary_roi_011"": 7, ""training_set_metastatic_roi_094"": 3, ""training_set_primary_roi_091"": 3, ""training_set_metastatic_roi_031"": 2, ""training_set_metastatic_roi_047"": 1, ""training_set_metastatic_roi_053"": 2, ""training_set_primary_roi_042"": 3, ""training_set_metastatic_roi_069"": 1, ""training_set_metastatic_roi_008"": 1, ""training_set_primary_roi_081"": 1, ""training_set_primary_roi_034"": 3, ""training_set_primary_roi_075"": 1, ""training_set_metastatic_roi_085"": 2, ""training_set_primary_roi_080"": 1, ""training_set_primary_roi_049"": 1, ""training_set_primary_roi_013"": 2, ""training_set_metastatic_roi_035"": 1, ""training_set_primary_roi_083"": 5, ""training_set_primary_roi_021"": 2, ""training_set_metastatic_roi_097"": 1, ""training_set_metastatic_roi_059"": 1, ""training_set_metastatic_roi_061"": 2, ""training_set_primary_roi_023"": 1, ""training_set_metastatic_roi_003"": 1, ""training_set_primary_roi_020"": 1, ""training_set_primary_roi_012"": 1, ""training_set_primary_roi_028"": 1, ""training_set_metastatic_roi_024"": 1}",201
A0_s43_cv2,5,"P4 exact A5 parity rerun, not original P3 measurement","[22, 20, 16, 15, 28, 13, 28, 20, 27, 12]",123,0.3880597014925373,71,NOT RECORDED IN ORIGINAL RUN,"{""training_set_primary_roi_063"": 2, ""training_set_metastatic_roi_016"": 6, ""training_set_metastatic_roi_047"": 1, ""training_set_primary_roi_020"": 3, ""training_set_primary_roi_032"": 7, ""training_set_primary_roi_036"": 5, ""training_set_primary_roi_044"": 6, ""training_set_primary_roi_083"": 7, ""training_set_metastatic_roi_097"": 2, ""training_set_metastatic_roi_101"": 1, ""training_set_metastatic_roi_025"": 6, ""training_set_primary_roi_011"": 5, ""training_set_primary_roi_049"": 4, ""training_set_primary_roi_041"": 4, ""training_set_metastatic_roi_010"": 4, ""training_set_metastatic_roi_020"": 2, ""training_set_primary_roi_061"": 2, ""training_set_primary_roi_102"": 4, ""training_set_primary_roi_096"": 6, ""training_set_metastatic_roi_056"": 7, ""training_set_metastatic_roi_069"": 1, ""training_set_primary_roi_091"": 2, ""training_set_primary_roi_048"": 5, ""training_set_primary_roi_045"": 2, ""training_set_metastatic_roi_091"": 3, ""training_set_primary_roi_010"": 1, ""training_set_primary_roi_052"": 4, ""training_set_primary_roi_099"": 3, ""training_set_primary_roi_012"": 3, ""training_set_primary_roi_025"": 6, ""training_set_primary_roi_023"": 3, ""training_set_primary_roi_089"": 1, ""training_set_metastatic_roi_086"": 2, ""training_set_primary_roi_004"": 2, ""training_set_primary_roi_024"": 3, ""training_set_primary_roi_040"": 1, ""training_set_metastatic_roi_087"": 1, ""training_set_metastatic_roi_061"": 1, ""training_set_primary_roi_073"": 4, ""training_set_primary_roi_058"": 1, ""training_set_metastatic_roi_026"": 4, ""training_set_metastatic_roi_084"": 2, ""training_set_metastatic_roi_088"": 3, ""training_set_primary_roi_005"": 3, ""training_set_metastatic_roi_057"": 5, ""training_set_primary_roi_079"": 7, ""training_set_primary_roi_064"": 1, ""training_set_metastatic_roi_028"": 2, ""training_set_primary_roi_081"": 2, ""training_set_primary_roi_016"": 3, ""training_set_primary_roi_093"": 3, ""training_set_metastatic_roi_053"": 1, ""training_set_metastatic_roi_092"": 2, ""training_set_primary_roi_013"": 3, ""training_set_primary_roi_034"": 3, ""training_set_primary_roi_080"": 4, ""training_set_primary_roi_086"": 1, ""training_set_metastatic_roi_083"": 1, ""training_set_metastatic_roi_015"": 1, ""training_set_primary_roi_067"": 2, ""training_set_metastatic_roi_031"": 2, ""training_set_primary_roi_015"": 3, ""training_set_metastatic_roi_073"": 2, ""training_set_primary_roi_043"": 1, ""training_set_metastatic_roi_094"": 1, ""training_set_primary_roi_074"": 1, ""training_set_primary_roi_059"": 1, ""training_set_primary_roi_042"": 1, ""training_set_metastatic_roi_085"": 1, ""training_set_metastatic_roi_011"": 1, ""training_set_metastatic_roi_008"": 1}",201
A0_s43_cv2,6,"P4 exact A5 parity rerun, not original P3 measurement","[20, 13, 24, 12, 19, 23, 32, 20, 20, 18]",117,0.417910447761194,76,NOT RECORDED IN ORIGINAL RUN,"{""training_set_metastatic_roi_010"": 5, ""training_set_metastatic_roi_016"": 7, ""training_set_metastatic_roi_001"": 1, ""training_set_metastatic_roi_020"": 2, ""training_set_primary_roi_024"": 5, ""training_set_primary_roi_048"": 5, ""training_set_primary_roi_025"": 5, ""training_set_primary_roi_018"": 4, ""training_set_primary_roi_091"": 3, ""training_set_primary_roi_011"": 5, ""training_set_primary_roi_044"": 6, ""training_set_metastatic_roi_047"": 3, ""training_set_primary_roi_083"": 3, ""training_set_primary_roi_075"": 1, ""training_set_metastatic_roi_025"": 7, ""training_set_primary_roi_080"": 4, ""training_set_metastatic_roi_092"": 2, ""training_set_metastatic_roi_085"": 1, ""training_set_metastatic_roi_028"": 1, ""training_set_primary_roi_096"": 2, ""training_set_primary_roi_059"": 3, ""training_set_primary_roi_060"": 2, ""training_set_metastatic_roi_057"": 6, ""training_set_metastatic_roi_056"": 6, ""training_set_primary_roi_074"": 3, ""training_set_metastatic_roi_061"": 5, ""training_set_metastatic_roi_069"": 2, ""training_set_metastatic_roi_101"": 1, ""training_set_metastatic_roi_087"": 2, ""training_set_primary_roi_079"": 7, ""training_set_primary_roi_052"": 2, ""training_set_primary_roi_041"": 3, ""training_set_primary_roi_016"": 3, ""training_set_metastatic_roi_035"": 1, ""training_set_primary_roi_099"": 6, ""training_set_metastatic_roi_032"": 1, ""training_set_metastatic_roi_059"": 4, ""training_set_metastatic_roi_026"": 6, ""training_set_primary_roi_036"": 4, ""training_set_primary_roi_049"": 3, ""training_set_primary_roi_012"": 4, ""training_set_primary_roi_045"": 2, ""training_set_primary_roi_034"": 2, ""training_set_primary_roi_010"": 3, ""training_set_metastatic_roi_091"": 4, ""training_set_primary_roi_062"": 1, ""training_set_metastatic_roi_034"": 1, ""training_set_primary_roi_040"": 2, ""training_set_primary_roi_063"": 1, ""training_set_primary_roi_073"": 4, ""training_set_metastatic_roi_011"": 1, ""training_set_metastatic_roi_004"": 1, ""training_set_primary_roi_089"": 1, ""training_set_primary_roi_032"": 4, ""training_set_metastatic_roi_094"": 2, ""training_set_primary_roi_058"": 1, ""training_set_primary_roi_093"": 1, ""training_set_metastatic_roi_031"": 1, ""training_set_primary_roi_023"": 2, ""training_set_metastatic_roi_062"": 1, ""training_set_metastatic_roi_054"": 1, ""training_set_primary_roi_013"": 1, ""training_set_metastatic_roi_073"": 2, ""training_set_metastatic_roi_053"": 1, ""training_set_metastatic_roi_024"": 1, ""training_set_primary_roi_042"": 1, ""training_set_metastatic_roi_008"": 1, ""training_set_primary_roi_081"": 1, ""training_set_primary_roi_102"": 1, ""training_set_metastatic_roi_018"": 2, ""training_set_primary_roi_020"": 2, ""training_set_metastatic_roi_086"": 1, ""training_set_primary_roi_005"": 2, ""training_set_primary_roi_086"": 1, ""training_set_primary_roi_067"": 1, ""training_set_primary_roi_004"": 1}",201
A0_s43_cv2,7,"P4 exact A5 parity rerun, not original P3 measurement","[27, 22, 16, 18, 20, 16, 23, 26, 21, 12]",125,0.37810945273631846,78,NOT RECORDED IN ORIGINAL RUN,"{""training_set_primary_roi_067"": 4, ""training_set_metastatic_roi_062"": 1, ""training_set_primary_roi_083"": 2, ""training_set_primary_roi_041"": 6, ""training_set_primary_roi_028"": 3, ""training_set_primary_roi_021"": 2, ""training_set_primary_roi_020"": 3, ""training_set_primary_roi_016"": 6, ""training_set_primary_roi_051"": 2, ""training_set_metastatic_roi_016"": 2, ""training_set_primary_roi_039"": 1, ""training_set_primary_roi_036"": 6, ""training_set_metastatic_roi_061"": 2, ""training_set_primary_roi_080"": 5, ""training_set_primary_roi_032"": 7, ""training_set_metastatic_roi_071"": 3, ""training_set_metastatic_roi_101"": 4, ""training_set_metastatic_roi_028"": 2, ""training_set_primary_roi_023"": 3, ""training_set_primary_roi_043"": 1, ""training_set_metastatic_roi_086"": 1, ""training_set_primary_roi_044"": 4, ""training_set_metastatic_roi_032"": 3, ""training_set_primary_roi_074"": 2, ""training_set_primary_roi_081"": 1, ""training_set_primary_roi_024"": 2, ""training_set_metastatic_roi_084"": 4, ""training_set_primary_roi_102"": 4, ""training_set_primary_roi_048"": 5, ""training_set_primary_roi_060"": 4, ""training_set_metastatic_roi_031"": 2, ""training_set_metastatic_roi_001"": 1, ""training_set_primary_roi_018"": 2, ""training_set_metastatic_roi_059"": 4, ""training_set_metastatic_roi_054"": 1, ""training_set_metastatic_roi_025"": 5, ""training_set_primary_roi_096"": 3, ""training_set_metastatic_roi_035"": 3, ""training_set_metastatic_roi_011"": 2, ""training_set_metastatic_roi_085"": 4, ""training_set_metastatic_roi_010"": 1, ""training_set_primary_roi_093"": 2, ""training_set_metastatic_roi_002"": 2, ""training_set_primary_roi_005"": 2, ""training_set_metastatic_roi_003"": 1, ""training_set_primary_roi_059"": 5, ""training_set_primary_roi_004"": 4, ""training_set_metastatic_roi_057"": 5, ""training_set_primary_roi_010"": 3, ""training_set_metastatic_roi_092"": 2, ""training_set_primary_roi_079"": 4, ""training_set_primary_roi_052"": 3, ""training_set_primary_roi_011"": 2, ""training_set_primary_roi_089"": 1, ""training_set_primary_roi_063"": 1, ""training_set_metastatic_roi_020"": 1, ""training_set_metastatic_roi_026"": 4, ""training_set_metastatic_roi_097"": 2, ""training_set_primary_roi_073"": 1, ""training_set_primary_roi_058"": 4, ""training_set_metastatic_roi_039"": 1, ""training_set_primary_roi_025"": 2, ""training_set_metastatic_roi_047"": 1, ""training_set_primary_roi_034"": 2, ""training_set_metastatic_roi_093"": 1, ""training_set_metastatic_roi_004"": 1, ""training_set_metastatic_roi_018"": 3, ""training_set_metastatic_roi_008"": 1, ""training_set_primary_roi_015"": 3, ""training_set_metastatic_roi_073"": 1, ""training_set_primary_roi_042"": 2, ""training_set_metastatic_roi_091"": 4, ""training_set_metastatic_roi_053"": 1, ""training_set_primary_roi_099"": 1, ""training_set_metastatic_roi_056"": 1, ""training_set_metastatic_roi_069"": 2, ""training_set_primary_roi_064"": 1, ""training_set_primary_roi_012"": 1}",201
A0_s43_cv2,8,"P4 exact A5 parity rerun, not original P3 measurement","[20, 19, 21, 20, 19, 21, 15, 26, 23, 17]",124,0.3830845771144279,73,NOT RECORDED IN ORIGINAL RUN,"{""training_set_primary_roi_020"": 6, ""training_set_metastatic_roi_026"": 10, ""training_set_primary_roi_063"": 2, ""training_set_metastatic_roi_061"": 3, ""training_set_primary_roi_018"": 4, ""training_set_metastatic_roi_092"": 5, ""training_set_primary_roi_013"": 7, ""training_set_primary_roi_086"": 3, ""training_set_metastatic_roi_056"": 5, ""training_set_primary_roi_059"": 6, ""training_set_primary_roi_025"": 3, ""training_set_metastatic_roi_053"": 2, ""training_set_primary_roi_011"": 5, ""training_set_primary_roi_083"": 5, ""training_set_primary_roi_023"": 3, ""training_set_primary_roi_044"": 1, ""training_set_primary_roi_079"": 8, ""training_set_primary_roi_089"": 1, ""training_set_primary_roi_036"": 3, ""training_set_primary_roi_091"": 1, ""training_set_primary_roi_099"": 3, ""training_set_primary_roi_028"": 2, ""training_set_metastatic_roi_084"": 3, ""training_set_primary_roi_004"": 2, ""training_set_primary_roi_064"": 2, ""training_set_primary_roi_010"": 5, ""training_set_primary_roi_049"": 1, ""training_set_primary_roi_052"": 5, ""training_set_metastatic_roi_071"": 3, ""training_set_metastatic_roi_093"": 1, ""training_set_metastatic_roi_094"": 4, ""training_set_metastatic_roi_011"": 2, ""training_set_primary_roi_073"": 2, ""training_set_primary_roi_060"": 3, ""training_set_primary_roi_096"": 4, ""training_set_primary_roi_015"": 1, ""training_set_primary_roi_040"": 3, ""training_set_metastatic_roi_087"": 4, ""training_set_primary_roi_012"": 1, ""training_set_primary_roi_061"": 3, ""training_set_primary_roi_074"": 1, ""training_set_primary_roi_058"": 1, ""training_set_primary_roi_048"": 3, ""training_set_primary_roi_024"": 4, ""training_set_metastatic_roi_057"": 2, ""training_set_metastatic_roi_001"": 1, ""training_set_metastatic_roi_047"": 4, ""training_set_primary_roi_042"": 3, ""training_set_primary_roi_032"": 5, ""training_set_primary_roi_041"": 2, ""training_set_metastatic_roi_101"": 4, ""training_set_metastatic_roi_025"": 3, ""training_set_metastatic_roi_091"": 1, ""training_set_metastatic_roi_028"": 3, ""training_set_primary_roi_062"": 1, ""training_set_primary_roi_005"": 3, ""training_set_primary_roi_067"": 2, ""training_set_primary_roi_034"": 2, ""training_set_metastatic_roi_010"": 1, ""training_set_metastatic_roi_069"": 1, ""training_set_primary_roi_045"": 2, ""training_set_metastatic_roi_083"": 1, ""training_set_metastatic_roi_073"": 1, ""training_set_metastatic_roi_097"": 2, ""training_set_primary_roi_043"": 1, ""training_set_metastatic_roi_003"": 1, ""training_set_metastatic_roi_086"": 1, ""training_set_metastatic_roi_039"": 2, ""training_set_metastatic_roi_002"": 1, ""training_set_metastatic_roi_020"": 1, ""training_set_metastatic_roi_016"": 1, ""training_set_metastatic_roi_085"": 1, ""training_set_primary_roi_080"": 2}",201
A0_s43_cv2,9,"P4 exact A5 parity rerun, not original P3 measurement","[18, 22, 19, 15, 24, 28, 20, 14, 25, 16]",124,0.3830845771144279,77,NOT RECORDED IN ORIGINAL RUN,"{""training_set_primary_roi_079"": 5, ""training_set_primary_roi_011"": 4, ""training_set_metastatic_roi_002"": 2, ""training_set_primary_roi_042"": 3, ""training_set_metastatic_roi_086"": 6, ""training_set_primary_roi_034"": 2, ""training_set_primary_roi_004"": 2, ""training_set_primary_roi_021"": 2, ""training_set_metastatic_roi_087"": 5, ""training_set_primary_roi_091"": 1, ""training_set_metastatic_roi_026"": 5, ""training_set_primary_roi_023"": 4, ""training_set_primary_roi_032"": 2, ""training_set_metastatic_roi_088"": 1, ""training_set_primary_roi_083"": 5, ""training_set_metastatic_roi_011"": 3, ""training_set_primary_roi_013"": 3, ""training_set_metastatic_roi_071"": 2, ""training_set_primary_roi_041"": 2, ""training_set_metastatic_roi_018"": 4, ""training_set_primary_roi_102"": 4, ""training_set_metastatic_roi_093"": 2, ""training_set_primary_roi_016"": 3, ""training_set_metastatic_roi_024"": 2, ""training_set_metastatic_roi_092"": 3, ""training_set_primary_roi_064"": 2, ""training_set_primary_roi_052"": 5, ""training_set_primary_roi_060"": 2, ""training_set_primary_roi_059"": 6, ""training_set_metastatic_roi_069"": 2, ""training_set_primary_roi_025"": 6, ""training_set_metastatic_roi_056"": 4, ""training_set_primary_roi_067"": 3, ""training_set_metastatic_roi_025"": 3, ""training_set_primary_roi_099"": 3, ""training_set_metastatic_roi_073"": 2, ""training_set_metastatic_roi_016"": 5, ""training_set_primary_roi_012"": 2, ""training_set_primary_roi_073"": 4, ""training_set_metastatic_roi_010"": 3, ""training_set_primary_roi_058"": 3, ""training_set_primary_roi_020"": 2, ""training_set_metastatic_roi_062"": 1, ""training_set_primary_roi_086"": 3, ""training_set_primary_roi_062"": 1, ""training_set_metastatic_roi_101"": 5, ""training_set_primary_roi_048"": 7, ""training_set_primary_roi_093"": 4, ""training_set_metastatic_roi_057"": 5, ""training_set_primary_roi_074"": 1, ""training_set_primary_roi_075"": 1, ""training_set_primary_roi_049"": 2, ""training_set_metastatic_roi_084"": 1, ""training_set_primary_roi_010"": 2, ""training_set_primary_roi_051"": 3, ""training_set_primary_roi_036"": 1, ""training_set_metastatic_roi_008"": 2, ""training_set_metastatic_roi_054"": 1, ""training_set_primary_roi_063"": 1, ""training_set_metastatic_roi_085"": 3, ""training_set_metastatic_roi_028"": 1, ""training_set_metastatic_roi_053"": 1, ""training_set_metastatic_roi_059"": 2, ""training_set_primary_roi_061"": 1, ""training_set_metastatic_roi_094"": 4, ""training_set_primary_roi_096"": 3, ""training_set_primary_roi_024"": 1, ""training_set_primary_roi_044"": 1, ""training_set_primary_roi_018"": 1, ""training_set_primary_roi_080"": 1, ""training_set_metastatic_roi_001"": 1, ""training_set_metastatic_roi_097"": 1, ""training_set_metastatic_roi_031"": 1, ""training_set_metastatic_roi_047"": 1, ""training_set_metastatic_roi_032"": 1, ""training_set_primary_roi_045"": 1, ""training_set_primary_roi_089"": 1}",201
A0_s43_cv2,10,"P4 exact A5 parity rerun, not original P3 measurement","[23, 19, 22, 16, 15, 19, 13, 29, 18, 27]",126,0.3731343283582089,75,NOT RECORDED IN ORIGINAL RUN,"{""training_set_metastatic_roi_087"": 2, ""training_set_primary_roi_049"": 2, ""training_set_metastatic_roi_018"": 2, ""training_set_metastatic_roi_003"": 1, ""training_set_primary_roi_034"": 3, ""training_set_metastatic_roi_011"": 2, ""training_set_primary_roi_028"": 2, ""training_set_primary_roi_048"": 9, ""training_set_primary_roi_004"": 4, ""training_set_primary_roi_059"": 2, ""training_set_primary_roi_083"": 2, ""training_set_primary_roi_052"": 5, ""training_set_primary_roi_062"": 1, ""training_set_primary_roi_099"": 6, ""training_set_primary_roi_044"": 2, ""training_set_primary_roi_025"": 4, ""training_set_primary_roi_042"": 3, ""training_set_primary_roi_074"": 3, ""training_set_primary_roi_023"": 4, ""training_set_metastatic_roi_056"": 5, ""training_set_metastatic_roi_085"": 2, ""training_set_primary_roi_051"": 1, ""training_set_metastatic_roi_016"": 6, ""training_set_primary_roi_079"": 2, ""training_set_metastatic_roi_010"": 1, ""training_set_primary_roi_102"": 3, ""training_set_primary_roi_032"": 4, ""training_set_primary_roi_010"": 3, ""training_set_primary_roi_020"": 2, ""training_set_metastatic_roi_094"": 7, ""training_set_primary_roi_016"": 6, ""training_set_primary_roi_073"": 1, ""training_set_primary_roi_011"": 5, ""training_set_metastatic_roi_057"": 5, ""training_set_primary_roi_043"": 2, ""training_set_metastatic_roi_069"": 2, ""training_set_metastatic_roi_088"": 2, ""training_set_primary_roi_012"": 2, ""training_set_primary_roi_093"": 5, ""training_set_metastatic_roi_047"": 2, ""training_set_metastatic_roi_035"": 1, ""training_set_primary_roi_067"": 2, ""training_set_metastatic_roi_028"": 3, ""training_set_metastatic_roi_053"": 1, ""training_set_metastatic_roi_073"": 3, ""training_set_metastatic_roi_071"": 5, ""training_set_primary_roi_058"": 2, ""training_set_primary_roi_081"": 1, ""training_set_primary_roi_080"": 2, ""training_set_primary_roi_064"": 1, ""training_set_primary_roi_060"": 3, ""training_set_primary_roi_061"": 5, ""training_set_primary_roi_041"": 1, ""training_set_metastatic_roi_062"": 3, ""training_set_metastatic_roi_061"": 2, ""training_set_primary_roi_086"": 4, ""training_set_primary_roi_036"": 3, ""training_set_metastatic_roi_097"": 2, ""training_set_metastatic_roi_091"": 2, ""training_set_metastatic_roi_002"": 1, ""training_set_metastatic_roi_039"": 1, ""training_set_primary_roi_096"": 2, ""training_set_primary_roi_024"": 1, ""training_set_metastatic_roi_004"": 1, ""training_set_primary_roi_091"": 4, ""training_set_primary_roi_089"": 1, ""training_set_metastatic_roi_101"": 5, ""training_set_primary_roi_015"": 2, ""training_set_metastatic_roi_025"": 3, ""training_set_metastatic_roi_024"": 1, ""training_set_metastatic_roi_059"": 2, ""training_set_metastatic_roi_015"": 1, ""training_set_metastatic_roi_008"": 1, ""training_set_metastatic_roi_054"": 1, ""training_set_metastatic_roi_031"": 1}",201
