prompt,experiment_family,experiment_id,hypothesis,baseline,changed_variable,parameter_count,seeds,folds,epoch_budget,ROI_F1,delta,uncertainty,semantic_F1,per_class_harm,train_val_gap,control_result,decision,reason,validity_limitations,source
3,A0,p3_A0_real_s17_cv0,A0,Prompt2 A1,"{""id"": ""p3_A0_real_s17_cv0"", ""architecture"": ""A0"", ""control"": ""real"", ""seed"": 17, ""fold"": 0, ""epochs"": 10, ""lr"": 0.001, ""weight_decay"": 0.01, ""sampler"": ""balanced"", ""tau"": 0}",15370,17,0,10,0.07565217391304348,NOT RECORDED IN ORIGINAL RUN,NOT RECORDED IN ORIGINAL RUN,0.3587187088274045,"[0.6842105263157895, 0.5384615384615384, 0.2727272727272727, 0.0, 0.8571428571428571, 0.2, 0.3333333333333333, 0.5, 0.0, 0.5]",0.5470947453818458,real,historical; see aggregate family ledger,fixed endpoint; no new rerun,enriched development; ROI grouping only; full-proposal evaluation absent,PROMPT_3\ARCHITECTURES\A0\RESULTS\RUNS\p3_A0_real_s17_cv0\history.jsonl
3,A0,p3_A0_real_s17_cv1,A0,Prompt2 A1,"{""id"": ""p3_A0_real_s17_cv1"", ""architecture"": ""A0"", ""control"": ""real"", ""seed"": 17, ""fold"": 1, ""epochs"": 10, ""lr"": 0.001, ""weight_decay"": 0.01, ""sampler"": ""balanced"", ""tau"": 0}",15370,17,1,10,0.06944444444444443,NOT RECORDED IN ORIGINAL RUN,NOT RECORDED IN ORIGINAL RUN,0.27801994301994304,"[0.5714285714285714, 0.0, 0.0, 0.1, 0.6666666666666666, 0.45454545454545453, 0.0, 0.8571428571428571, 0.2222222222222222, 0.16666666666666666]",0.6012155740321306,real,historical; see aggregate family ledger,fixed endpoint; no new rerun,enriched development; ROI grouping only; full-proposal evaluation absent,PROMPT_3\ARCHITECTURES\A0\RESULTS\RUNS\p3_A0_real_s17_cv1\history.jsonl
3,A0,p3_A0_real_s17_cv2,A0,Prompt2 A1,"{""id"": ""p3_A0_real_s17_cv2"", ""architecture"": ""A0"", ""control"": ""real"", ""seed"": 17, ""fold"": 2, ""epochs"": 10, ""lr"": 0.001, ""weight_decay"": 0.01, ""sampler"": ""balanced"", ""tau"": 0}",15370,17,2,10,0.080354609929078,NOT RECORDED IN ORIGINAL RUN,NOT RECORDED IN ORIGINAL RUN,0.4401160930572695,"[0.5416666666666666, 0.5555555555555556, 0.2857142857142857, 0.14285714285714285, 0.6, 0.875, 0.1, 0.6, 0.7142857142857143, 0.25]",0.4549428413896698,real,historical; see aggregate family ledger,fixed endpoint; no new rerun,enriched development; ROI grouping only; full-proposal evaluation absent,PROMPT_3\ARCHITECTURES\A0\RESULTS\RUNS\p3_A0_real_s17_cv2\history.jsonl
3,A0,p3_A0_real_s29_cv0,A0,Prompt2 A1,"{""id"": ""p3_A0_real_s29_cv0"", ""architecture"": ""A0"", ""control"": ""real"", ""seed"": 29, ""fold"": 0, ""epochs"": 10, ""lr"": 0.001, ""weight_decay"": 0.01, ""sampler"": ""balanced"", ""tau"": 0}",15370,29,0,10,0.06405797101449275,NOT RECORDED IN ORIGINAL RUN,NOT RECORDED IN ORIGINAL RUN,0.32124409359703476,"[0.3684210526315789, 0.07692307692307693, 0.36363636363636365, 0.42857142857142855, 1.0, 0.2, 0.16666666666666666, 0.5, 0.125, 0.5]",0.559029898962308,real,historical; see aggregate family ledger,fixed endpoint; no new rerun,enriched development; ROI grouping only; full-proposal evaluation absent,PROMPT_3\ARCHITECTURES\A0\RESULTS\RUNS\p3_A0_real_s29_cv0\history.jsonl
3,A0,p3_A0_real_s29_cv1,A0,Prompt2 A1,"{""id"": ""p3_A0_real_s29_cv1"", ""architecture"": ""A0"", ""control"": ""real"", ""seed"": 29, ""fold"": 1, ""epochs"": 10, ""lr"": 0.001, ""weight_decay"": 0.01, ""sampler"": ""balanced"", ""tau"": 0}",15370,29,1,10,0.0753472222222222,NOT RECORDED IN ORIGINAL RUN,NOT RECORDED IN ORIGINAL RUN,0.3559501523630598,"[0.39285714285714285, 0.3333333333333333, 0.3333333333333333, 0.2, 0.5833333333333334, 0.5454545454545454, 0.25, 0.7142857142857143, 0.1111111111111111, 0.25]",0.5221883128479861,real,historical; see aggregate family ledger,fixed endpoint; no new rerun,enriched development; ROI grouping only; full-proposal evaluation absent,PROMPT_3\ARCHITECTURES\A0\RESULTS\RUNS\p3_A0_real_s29_cv1\history.jsonl
3,A0,p3_A0_real_s29_cv2,A0,Prompt2 A1,"{""id"": ""p3_A0_real_s29_cv2"", ""architecture"": ""A0"", ""control"": ""real"", ""seed"": 29, ""fold"": 2, ""epochs"": 10, ""lr"": 0.001, ""weight_decay"": 0.01, ""sampler"": ""balanced"", ""tau"": 0}",15370,29,2,10,0.0851063829787234,NOT RECORDED IN ORIGINAL RUN,NOT RECORDED IN ORIGINAL RUN,0.4851103136629454,"[0.625, 0.5555555555555556, 0.2857142857142857, 0.2857142857142857, 0.8, 0.625, 0.4, 0.6, 0.5714285714285714, 0.125]",0.4058768709200912,real,historical; see aggregate family ledger,fixed endpoint; no new rerun,enriched development; ROI grouping only; full-proposal evaluation absent,PROMPT_3\ARCHITECTURES\A0\RESULTS\RUNS\p3_A0_real_s29_cv2\history.jsonl
3,A0,p3_A0_real_s43_cv0,A0,Prompt2 A1,"{""id"": ""p3_A0_real_s43_cv0"", ""architecture"": ""A0"", ""control"": ""real"", ""seed"": 43, ""fold"": 0, ""epochs"": 10, ""lr"": 0.001, ""weight_decay"": 0.01, ""sampler"": ""balanced"", ""tau"": 0}",15370,43,0,10,0.0763768115942029,NOT RECORDED IN ORIGINAL RUN,NOT RECORDED IN ORIGINAL RUN,0.3905648156698577,"[0.6842105263157895, 0.46153846153846156, 0.2727272727272727, 0.2857142857142857, 0.8571428571428571, 0.2, 0.3333333333333333, 0.3333333333333333, 0.125, 0.5]",0.5208027949803616,real,historical; see aggregate family ledger,fixed endpoint; no new rerun,enriched development; ROI grouping only; full-proposal evaluation absent,PROMPT_3\ARCHITECTURES\A0\RESULTS\RUNS\p3_A0_real_s43_cv0\history.jsonl
3,A0,p3_A0_real_s43_cv1,A0,Prompt2 A1,"{""id"": ""p3_A0_real_s43_cv1"", ""architecture"": ""A0"", ""control"": ""real"", ""seed"": 43, ""fold"": 1, ""epochs"": 10, ""lr"": 0.001, ""weight_decay"": 0.01, ""sampler"": ""balanced"", ""tau"": 0}",15370,43,1,10,0.07409722222222223,NOT RECORDED IN ORIGINAL RUN,NOT RECORDED IN ORIGINAL RUN,0.3353202771463641,"[0.25, 0.16666666666666666, 0.3333333333333333, 0.1, 0.6666666666666666, 0.6363636363636364, 0.125, 0.8571428571428571, 0.2222222222222222, 0.3333333333333333]",0.513958438196819,real,historical; see aggregate family ledger,fixed endpoint; no new rerun,enriched development; ROI grouping only; full-proposal evaluation absent,PROMPT_3\ARCHITECTURES\A0\RESULTS\RUNS\p3_A0_real_s43_cv1\history.jsonl
3,A0,p3_A0_real_s43_cv2,A0,Prompt2 A1,"{""id"": ""p3_A0_real_s43_cv2"", ""architecture"": ""A0"", ""control"": ""real"", ""seed"": 43, ""fold"": 2, ""epochs"": 10, ""lr"": 0.001, ""weight_decay"": 0.01, ""sampler"": ""balanced"", ""tau"": 0}",15370,43,2,10,0.07638297872340424,NOT RECORDED IN ORIGINAL RUN,NOT RECORDED IN ORIGINAL RUN,0.43491008991008995,"[0.4583333333333333, 0.5555555555555556, 0.2857142857142857, 0.14285714285714285, 0.8, 0.75, 0.3, 0.6, 0.5714285714285714, 0.125]",0.46906823132139275,real,historical; see aggregate family ledger,fixed endpoint; no new rerun,enriched development; ROI grouping only; full-proposal evaluation absent,PROMPT_3\ARCHITECTURES\A0\RESULTS\RUNS\p3_A0_real_s43_cv2\history.jsonl
3,A1,p3_A1_real_s17_cv0,A1,Prompt2 A1,"{""id"": ""p3_A1_real_s17_cv0"", ""architecture"": ""A1"", ""control"": ""real"", ""seed"": 17, ""fold"": 0, ""epochs"": 10, ""lr"": 0.001, ""weight_decay"": 0.01, ""sampler"": ""balanced"", ""tau"": 0}",15530,17,0,10,0.07202898550724637,NOT RECORDED IN ORIGINAL RUN,NOT RECORDED IN ORIGINAL RUN,0.36116995018170833,"[0.6842105263157895, 0.46153846153846156, 0.2727272727272727, 0.14285714285714285, 0.8571428571428571, 0.2, 0.3333333333333333, 0.4166666666666667, 0.0, 0.5]",0.5504424053342296,real,historical; see aggregate family ledger,fixed endpoint; no new rerun,enriched development; ROI grouping only; full-proposal evaluation absent,PROMPT_3\ARCHITECTURES\A1\RESULTS\RUNS\p3_A1_real_s17_cv0\history.jsonl
3,A1,p3_A1_real_s17_cv1,A1,Prompt2 A1,"{""id"": ""p3_A1_real_s17_cv1"", ""architecture"": ""A1"", ""control"": ""real"", ""seed"": 17, ""fold"": 1, ""epochs"": 10, ""lr"": 0.001, ""weight_decay"": 0.01, ""sampler"": ""balanced"", ""tau"": 0}",15530,17,1,10,0.07604166666666666,NOT RECORDED IN ORIGINAL RUN,NOT RECORDED IN ORIGINAL RUN,0.32779251654323716,"[0.5714285714285714, 0.3333333333333333, 0.0, 0.3, 0.6666666666666666, 0.45454545454545453, 0.0, 0.8571428571428571, 0.2222222222222222, 0.16666666666666666]",0.562221109898233,real,historical; see aggregate family ledger,fixed endpoint; no new rerun,enriched development; ROI grouping only; full-proposal evaluation absent,PROMPT_3\ARCHITECTURES\A1\RESULTS\RUNS\p3_A1_real_s17_cv1\history.jsonl
3,A1,p3_A1_real_s17_cv2,A1,Prompt2 A1,"{""id"": ""p3_A1_real_s17_cv2"", ""architecture"": ""A1"", ""control"": ""real"", ""seed"": 17, ""fold"": 2, ""epochs"": 10, ""lr"": 0.001, ""weight_decay"": 0.01, ""sampler"": ""balanced"", ""tau"": 0}",15530,17,2,10,0.08815602836879433,NOT RECORDED IN ORIGINAL RUN,NOT RECORDED IN ORIGINAL RUN,0.47995520819050236,"[0.5416666666666666, 0.6111111111111112, 0.2857142857142857, 0.2857142857142857, 0.6, 0.75, 0.2, 0.6, 0.7142857142857143, 0.375]",0.42550262593797666,real,historical; see aggregate family ledger,fixed endpoint; no new rerun,enriched development; ROI grouping only; full-proposal evaluation absent,PROMPT_3\ARCHITECTURES\A1\RESULTS\RUNS\p3_A1_real_s17_cv2\history.jsonl
3,A1,p3_A1_real_s29_cv0,A1,Prompt2 A1,"{""id"": ""p3_A1_real_s29_cv0"", ""architecture"": ""A1"", ""control"": ""real"", ""seed"": 29, ""fold"": 0, ""epochs"": 10, ""lr"": 0.001, ""weight_decay"": 0.01, ""sampler"": ""balanced"", ""tau"": 0}",15530,29,0,10,0.06456521739130434,NOT RECORDED IN ORIGINAL RUN,NOT RECORDED IN ORIGINAL RUN,0.31872549019607843,"[0.42105263157894735, 0.07692307692307693, 0.45454545454545453, 0.42857142857142855, 1.0, 0.2, 0.16666666666666666, 0.5, 0.0, 0.5]",0.580194232803754,real,historical; see aggregate family ledger,fixed endpoint; no new rerun,enriched development; ROI grouping only; full-proposal evaluation absent,PROMPT_3\ARCHITECTURES\A1\RESULTS\RUNS\p3_A1_real_s29_cv0\history.jsonl
3,A1,p3_A1_real_s29_cv1,A1,Prompt2 A1,"{""id"": ""p3_A1_real_s29_cv1"", ""architecture"": ""A1"", ""control"": ""real"", ""seed"": 29, ""fold"": 1, ""epochs"": 10, ""lr"": 0.001, ""weight_decay"": 0.01, ""sampler"": ""balanced"", ""tau"": 0}",15530,29,1,10,0.0753472222222222,NOT RECORDED IN ORIGINAL RUN,NOT RECORDED IN ORIGINAL RUN,0.3581069389547651,"[0.39285714285714285, 0.3333333333333333, 0.3333333333333333, 0.2, 0.5833333333333334, 0.5454545454545454, 0.25, 0.7142857142857143, 0.1111111111111111, 0.25]",0.5321167524336121,real,historical; see aggregate family ledger,fixed endpoint; no new rerun,enriched development; ROI grouping only; full-proposal evaluation absent,PROMPT_3\ARCHITECTURES\A1\RESULTS\RUNS\p3_A1_real_s29_cv1\history.jsonl
3,A1,p3_A1_real_s29_cv2,A1,Prompt2 A1,"{""id"": ""p3_A1_real_s29_cv2"", ""architecture"": ""A1"", ""control"": ""real"", ""seed"": 29, ""fold"": 2, ""epochs"": 10, ""lr"": 0.001, ""weight_decay"": 0.01, ""sampler"": ""balanced"", ""tau"": 0}",15530,29,2,10,0.08666666666666668,NOT RECORDED IN ORIGINAL RUN,NOT RECORDED IN ORIGINAL RUN,0.4859124527003783,"[0.625, 0.6111111111111112, 0.2857142857142857, 0.2857142857142857, 0.8, 0.625, 0.4, 0.6, 0.5714285714285714, 0.125]",0.4145538099985747,real,historical; see aggregate family ledger,fixed endpoint; no new rerun,enriched development; ROI grouping only; full-proposal evaluation absent,PROMPT_3\ARCHITECTURES\A1\RESULTS\RUNS\p3_A1_real_s29_cv2\history.jsonl
3,A1,p3_A1_real_s43_cv0,A1,Prompt2 A1,"{""id"": ""p3_A1_real_s43_cv0"", ""architecture"": ""A1"", ""control"": ""real"", ""seed"": 43, ""fold"": 0, ""epochs"": 10, ""lr"": 0.001, ""weight_decay"": 0.01, ""sampler"": ""balanced"", ""tau"": 0}",15530,43,0,10,0.07855072463768116,NOT RECORDED IN ORIGINAL RUN,NOT RECORDED IN ORIGINAL RUN,0.42690368455074335,"[0.6842105263157895, 0.46153846153846156, 0.2727272727272727, 0.2857142857142857, 0.7142857142857143, 0.6, 0.3333333333333333, 0.3333333333333333, 0.125, 0.5]",0.4966627288447184,real,historical; see aggregate family ledger,fixed endpoint; no new rerun,enriched development; ROI grouping only; full-proposal evaluation absent,PROMPT_3\ARCHITECTURES\A1\RESULTS\RUNS\p3_A1_real_s43_cv0\history.jsonl
3,A1,p3_A1_real_s43_cv1,A1,Prompt2 A1,"{""id"": ""p3_A1_real_s43_cv1"", ""architecture"": ""A1"", ""control"": ""real"", ""seed"": 43, ""fold"": 1, ""epochs"": 10, ""lr"": 0.001, ""weight_decay"": 0.01, ""sampler"": ""balanced"", ""tau"": 0}",15530,43,1,10,0.08055555555555555,NOT RECORDED IN ORIGINAL RUN,NOT RECORDED IN ORIGINAL RUN,0.3748373800112931,"[0.32142857142857145, 0.3333333333333333, 0.3333333333333333, 0.1, 0.6666666666666666, 0.6363636363636364, 0.25, 0.8571428571428571, 0.2222222222222222, 0.3333333333333333]",0.4841135984977234,real,historical; see aggregate family ledger,fixed endpoint; no new rerun,enriched development; ROI grouping only; full-proposal evaluation absent,PROMPT_3\ARCHITECTURES\A1\RESULTS\RUNS\p3_A1_real_s43_cv1\history.jsonl
3,A1,p3_A1_real_s43_cv2,A1,Prompt2 A1,"{""id"": ""p3_A1_real_s43_cv2"", ""architecture"": ""A1"", ""control"": ""real"", ""seed"": 43, ""fold"": 2, ""epochs"": 10, ""lr"": 0.001, ""weight_decay"": 0.01, ""sampler"": ""balanced"", ""tau"": 0}",15530,43,2,10,0.0806382978723404,NOT RECORDED IN ORIGINAL RUN,NOT RECORDED IN ORIGINAL RUN,0.45178737928737933,"[0.5, 0.5555555555555556, 0.2857142857142857, 0.14285714285714285, 0.8, 0.75, 0.3, 0.6, 0.5714285714285714, 0.25]",0.4767678872252016,real,historical; see aggregate family ledger,fixed endpoint; no new rerun,enriched development; ROI grouping only; full-proposal evaluation absent,PROMPT_3\ARCHITECTURES\A1\RESULTS\RUNS\p3_A1_real_s43_cv2\history.jsonl
3,A2,p3_A2_placebo_s17_cv0,A2,Prompt2 A1,"{""id"": ""p3_A2_placebo_s17_cv0"", ""architecture"": ""A2"", ""control"": ""placebo"", ""seed"": 17, ""fold"": 0, ""epochs"": 10, ""lr"": 0.001, ""weight_decay"": 0.01, ""sampler"": ""balanced"", ""tau"": 0}",15812,17,0,10,0.07492753623188406,NOT RECORDED IN ORIGINAL RUN,NOT RECORDED IN ORIGINAL RUN,0.3587187088274045,"[0.6842105263157895, 0.5384615384615384, 0.2727272727272727, 0.0, 0.8571428571428571, 0.2, 0.3333333333333333, 0.5, 0.0, 0.5]",0.5497570092834112,placebo,historical; see aggregate family ledger,fixed endpoint; no new rerun,enriched development; ROI grouping only; full-proposal evaluation absent,PROMPT_3\ARCHITECTURES\A2\RESULTS\RUNS\p3_A2_placebo_s17_cv0\history.jsonl
3,A2,p3_A2_placebo_s17_cv1,A2,Prompt2 A1,"{""id"": ""p3_A2_placebo_s17_cv1"", ""architecture"": ""A2"", ""control"": ""placebo"", ""seed"": 17, ""fold"": 1, ""epochs"": 10, ""lr"": 0.001, ""weight_decay"": 0.01, ""sampler"": ""balanced"", ""tau"": 0}",15812,17,1,10,0.06944444444444443,NOT RECORDED IN ORIGINAL RUN,NOT RECORDED IN ORIGINAL RUN,0.27801994301994304,"[0.5714285714285714, 0.0, 0.0, 0.1, 0.6666666666666666, 0.45454545454545453, 0.0, 0.8571428571428571, 0.2222222222222222, 0.16666666666666666]",0.600386573868765,placebo,historical; see aggregate family ledger,fixed endpoint; no new rerun,enriched development; ROI grouping only; full-proposal evaluation absent,PROMPT_3\ARCHITECTURES\A2\RESULTS\RUNS\p3_A2_placebo_s17_cv1\history.jsonl
3,A2,p3_A2_placebo_s17_cv2,A2,Prompt2 A1,"{""id"": ""p3_A2_placebo_s17_cv2"", ""architecture"": ""A2"", ""control"": ""placebo"", ""seed"": 17, ""fold"": 2, ""epochs"": 10, ""lr"": 0.001, ""weight_decay"": 0.01, ""sampler"": ""balanced"", ""tau"": 0}",15812,17,2,10,0.080354609929078,NOT RECORDED IN ORIGINAL RUN,NOT RECORDED IN ORIGINAL RUN,0.4401160930572695,"[0.5416666666666666, 0.5555555555555556, 0.2857142857142857, 0.14285714285714285, 0.6, 0.875, 0.1, 0.6, 0.7142857142857143, 0.25]",0.4581505634209213,placebo,historical; see aggregate family ledger,fixed endpoint; no new rerun,enriched development; ROI grouping only; full-proposal evaluation absent,PROMPT_3\ARCHITECTURES\A2\RESULTS\RUNS\p3_A2_placebo_s17_cv2\history.jsonl
3,A2,p3_A2_placebo_s29_cv0,A2,Prompt2 A1,"{""id"": ""p3_A2_placebo_s29_cv0"", ""architecture"": ""A2"", ""control"": ""placebo"", ""seed"": 29, ""fold"": 0, ""epochs"": 10, ""lr"": 0.001, ""weight_decay"": 0.01, ""sampler"": ""balanced"", ""tau"": 0}",15812,29,0,10,0.06115942028985506,NOT RECORDED IN ORIGINAL RUN,NOT RECORDED IN ORIGINAL RUN,0.3011014911014911,"[0.3684210526315789, 0.07692307692307693, 0.36363636363636365, 0.42857142857142855, 1.0, 0.2, 0.16666666666666666, 0.5, 0.0, 0.5]",0.5791725014578517,placebo,historical; see aggregate family ledger,fixed endpoint; no new rerun,enriched development; ROI grouping only; full-proposal evaluation absent,PROMPT_3\ARCHITECTURES\A2\RESULTS\RUNS\p3_A2_placebo_s29_cv0\history.jsonl
3,A2,p3_A2_placebo_s29_cv1,A2,Prompt2 A1,"{""id"": ""p3_A2_placebo_s29_cv1"", ""architecture"": ""A2"", ""control"": ""placebo"", ""seed"": 29, ""fold"": 1, ""epochs"": 10, ""lr"": 0.001, ""weight_decay"": 0.01, ""sampler"": ""balanced"", ""tau"": 0}",15812,29,1,10,0.0753472222222222,NOT RECORDED IN ORIGINAL RUN,NOT RECORDED IN ORIGINAL RUN,0.3559501523630598,"[0.39285714285714285, 0.3333333333333333, 0.3333333333333333, 0.2, 0.5833333333333334, 0.5454545454545454, 0.25, 0.7142857142857143, 0.1111111111111111, 0.25]",0.5221883128479861,placebo,historical; see aggregate family ledger,fixed endpoint; no new rerun,enriched development; ROI grouping only; full-proposal evaluation absent,PROMPT_3\ARCHITECTURES\A2\RESULTS\RUNS\p3_A2_placebo_s29_cv1\history.jsonl
3,A2,p3_A2_placebo_s29_cv2,A2,Prompt2 A1,"{""id"": ""p3_A2_placebo_s29_cv2"", ""architecture"": ""A2"", ""control"": ""placebo"", ""seed"": 29, ""fold"": 2, ""epochs"": 10, ""lr"": 0.001, ""weight_decay"": 0.01, ""sampler"": ""balanced"", ""tau"": 0}",15812,29,2,10,0.0851063829787234,NOT RECORDED IN ORIGINAL RUN,NOT RECORDED IN ORIGINAL RUN,0.4851103136629454,"[0.625, 0.5555555555555556, 0.2857142857142857, 0.2857142857142857, 0.8, 0.625, 0.4, 0.6, 0.5714285714285714, 0.125]",0.411266387942204,placebo,historical; see aggregate family ledger,fixed endpoint; no new rerun,enriched development; ROI grouping only; full-proposal evaluation absent,PROMPT_3\ARCHITECTURES\A2\RESULTS\RUNS\p3_A2_placebo_s29_cv2\history.jsonl
3,A2,p3_A2_placebo_s43_cv0,A2,Prompt2 A1,"{""id"": ""p3_A2_placebo_s43_cv0"", ""architecture"": ""A2"", ""control"": ""placebo"", ""seed"": 43, ""fold"": 0, ""epochs"": 10, ""lr"": 0.001, ""weight_decay"": 0.01, ""sampler"": ""balanced"", ""tau"": 0}",15812,43,0,10,0.0763768115942029,NOT RECORDED IN ORIGINAL RUN,NOT RECORDED IN ORIGINAL RUN,0.39170139337786397,"[0.6842105263157895, 0.46153846153846156, 0.2727272727272727, 0.2857142857142857, 0.8571428571428571, 0.2, 0.3333333333333333, 0.3333333333333333, 0.125, 0.5]",0.5234735408618572,placebo,historical; see aggregate family ledger,fixed endpoint; no new rerun,enriched development; ROI grouping only; full-proposal evaluation absent,PROMPT_3\ARCHITECTURES\A2\RESULTS\RUNS\p3_A2_placebo_s43_cv0\history.jsonl
3,A2,p3_A2_placebo_s43_cv1,A2,Prompt2 A1,"{""id"": ""p3_A2_placebo_s43_cv1"", ""architecture"": ""A2"", ""control"": ""placebo"", ""seed"": 43, ""fold"": 1, ""epochs"": 10, ""lr"": 0.001, ""weight_decay"": 0.01, ""sampler"": ""balanced"", ""tau"": 0}",15812,43,1,10,0.07409722222222223,NOT RECORDED IN ORIGINAL RUN,NOT RECORDED IN ORIGINAL RUN,0.3353202771463641,"[0.25, 0.16666666666666666, 0.3333333333333333, 0.1, 0.6666666666666666, 0.6363636363636364, 0.125, 0.8571428571428571, 0.2222222222222222, 0.3333333333333333]",0.5083162194267286,placebo,historical; see aggregate family ledger,fixed endpoint; no new rerun,enriched development; ROI grouping only; full-proposal evaluation absent,PROMPT_3\ARCHITECTURES\A2\RESULTS\RUNS\p3_A2_placebo_s43_cv1\history.jsonl
3,A2,p3_A2_placebo_s43_cv2,A2,Prompt2 A1,"{""id"": ""p3_A2_placebo_s43_cv2"", ""architecture"": ""A2"", ""control"": ""placebo"", ""seed"": 43, ""fold"": 2, ""epochs"": 10, ""lr"": 0.001, ""weight_decay"": 0.01, ""sampler"": ""balanced"", ""tau"": 0}",15812,43,2,10,0.07851063829787233,NOT RECORDED IN ORIGINAL RUN,NOT RECORDED IN ORIGINAL RUN,0.439176424350843,"[0.5, 0.5555555555555556, 0.2857142857142857, 0.14285714285714285, 0.8, 0.75, 0.3, 0.6, 0.5714285714285714, 0.125]",0.46836031423216046,placebo,historical; see aggregate family ledger,fixed endpoint; no new rerun,enriched development; ROI grouping only; full-proposal evaluation absent,PROMPT_3\ARCHITECTURES\A2\RESULTS\RUNS\p3_A2_placebo_s43_cv2\history.jsonl
3,A2,p3_A2_real_s17_cv0,A2,Prompt2 A1,"{""id"": ""p3_A2_real_s17_cv0"", ""architecture"": ""A2"", ""control"": ""real"", ""seed"": 17, ""fold"": 0, ""epochs"": 10, ""lr"": 0.001, ""weight_decay"": 0.01, ""sampler"": ""balanced"", ""tau"": 0}",15812,17,0,10,0.0727536231884058,NOT RECORDED IN ORIGINAL RUN,NOT RECORDED IN ORIGINAL RUN,0.35386532498234624,"[0.6842105263157895, 0.46153846153846156, 0.2727272727272727, 0.0, 0.8571428571428571, 0.2, 0.3333333333333333, 0.5, 0.0, 0.5]",0.5606661333584383,real,historical; see aggregate family ledger,fixed endpoint; no new rerun,enriched development; ROI grouping only; full-proposal evaluation absent,PROMPT_3\ARCHITECTURES\A2\RESULTS\RUNS\p3_A2_real_s17_cv0\history.jsonl
3,A2,p3_A2_real_s17_cv1,A2,Prompt2 A1,"{""id"": ""p3_A2_real_s17_cv1"", ""architecture"": ""A2"", ""control"": ""real"", ""seed"": 17, ""fold"": 1, ""epochs"": 10, ""lr"": 0.001, ""weight_decay"": 0.01, ""sampler"": ""balanced"", ""tau"": 0}",15812,17,1,10,0.07083333333333333,NOT RECORDED IN ORIGINAL RUN,NOT RECORDED IN ORIGINAL RUN,0.28196376957719965,"[0.6071428571428571, 0.0, 0.0, 0.1, 0.6666666666666666, 0.45454545454545453, 0.0, 0.8571428571428571, 0.2222222222222222, 0.16666666666666666]",0.6029786950239266,real,historical; see aggregate family ledger,fixed endpoint; no new rerun,enriched development; ROI grouping only; full-proposal evaluation absent,PROMPT_3\ARCHITECTURES\A2\RESULTS\RUNS\p3_A2_real_s17_cv1\history.jsonl
3,A2,p3_A2_real_s17_cv2,A2,Prompt2 A1,"{""id"": ""p3_A2_real_s17_cv2"", ""architecture"": ""A2"", ""control"": ""real"", ""seed"": 17, ""fold"": 2, ""epochs"": 10, ""lr"": 0.001, ""weight_decay"": 0.01, ""sampler"": ""balanced"", ""tau"": 0}",15812,17,2,10,0.0824822695035461,NOT RECORDED IN ORIGINAL RUN,NOT RECORDED IN ORIGINAL RUN,0.4447552910788205,"[0.5416666666666666, 0.6111111111111112, 0.2857142857142857, 0.14285714285714285, 0.6, 0.875, 0.1, 0.6, 0.7142857142857143, 0.25]",0.44973568688684973,real,historical; see aggregate family ledger,fixed endpoint; no new rerun,enriched development; ROI grouping only; full-proposal evaluation absent,PROMPT_3\ARCHITECTURES\A2\RESULTS\RUNS\p3_A2_real_s17_cv2\history.jsonl
3,A2,p3_A2_real_s29_cv0,A2,Prompt2 A1,"{""id"": ""p3_A2_real_s29_cv0"", ""architecture"": ""A2"", ""control"": ""real"", ""seed"": 29, ""fold"": 0, ""epochs"": 10, ""lr"": 0.001, ""weight_decay"": 0.01, ""sampler"": ""balanced"", ""tau"": 0}",15812,29,0,10,0.06746376811594203,NOT RECORDED IN ORIGINAL RUN,NOT RECORDED IN ORIGINAL RUN,0.33589327339327346,"[0.42105263157894735, 0.07692307692307693, 0.45454545454545453, 0.42857142857142855, 1.0, 0.2, 0.16666666666666666, 0.5, 0.125, 0.5]",0.563646635009353,real,historical; see aggregate family ledger,fixed endpoint; no new rerun,enriched development; ROI grouping only; full-proposal evaluation absent,PROMPT_3\ARCHITECTURES\A2\RESULTS\RUNS\p3_A2_real_s29_cv0\history.jsonl
3,A2,p3_A2_real_s29_cv1,A2,Prompt2 A1,"{""id"": ""p3_A2_real_s29_cv1"", ""architecture"": ""A2"", ""control"": ""real"", ""seed"": 29, ""fold"": 1, ""epochs"": 10, ""lr"": 0.001, ""weight_decay"": 0.01, ""sampler"": ""balanced"", ""tau"": 0}",15812,29,1,10,0.07743055555555556,NOT RECORDED IN ORIGINAL RUN,NOT RECORDED IN ORIGINAL RUN,0.36292184175162895,"[0.39285714285714285, 0.3333333333333333, 0.3333333333333333, 0.2, 0.6666666666666666, 0.5454545454545454, 0.25, 0.7142857142857143, 0.1111111111111111, 0.25]",0.5181713660852123,real,historical; see aggregate family ledger,fixed endpoint; no new rerun,enriched development; ROI grouping only; full-proposal evaluation absent,PROMPT_3\ARCHITECTURES\A2\RESULTS\RUNS\p3_A2_real_s29_cv1\history.jsonl
3,A2,p3_A2_real_s29_cv2,A2,Prompt2 A1,"{""id"": ""p3_A2_real_s29_cv2"", ""architecture"": ""A2"", ""control"": ""real"", ""seed"": 29, ""fold"": 2, ""epochs"": 10, ""lr"": 0.001, ""weight_decay"": 0.01, ""sampler"": ""balanced"", ""tau"": 0}",15812,29,2,10,0.0872340425531915,NOT RECORDED IN ORIGINAL RUN,NOT RECORDED IN ORIGINAL RUN,0.48950373769922645,"[0.6666666666666666, 0.5555555555555556, 0.2857142857142857, 0.2857142857142857, 0.8, 0.625, 0.4, 0.6, 0.5714285714285714, 0.125]",0.40483258915442083,real,historical; see aggregate family ledger,fixed endpoint; no new rerun,enriched development; ROI grouping only; full-proposal evaluation absent,PROMPT_3\ARCHITECTURES\A2\RESULTS\RUNS\p3_A2_real_s29_cv2\history.jsonl
3,A2,p3_A2_real_s43_cv0,A2,Prompt2 A1,"{""id"": ""p3_A2_real_s43_cv0"", ""architecture"": ""A2"", ""control"": ""real"", ""seed"": 43, ""fold"": 0, ""epochs"": 10, ""lr"": 0.001, ""weight_decay"": 0.01, ""sampler"": ""balanced"", ""tau"": 0}",15812,43,0,10,0.0763768115942029,NOT RECORDED IN ORIGINAL RUN,NOT RECORDED IN ORIGINAL RUN,0.4090781767252355,"[0.6842105263157895, 0.46153846153846156, 0.2727272727272727, 0.2857142857142857, 0.7142857142857143, 0.4, 0.3333333333333333, 0.3333333333333333, 0.125, 0.5]",0.5047844327241834,real,historical; see aggregate family ledger,fixed endpoint; no new rerun,enriched development; ROI grouping only; full-proposal evaluation absent,PROMPT_3\ARCHITECTURES\A2\RESULTS\RUNS\p3_A2_real_s43_cv0\history.jsonl
3,A2,p3_A2_real_s43_cv1,A2,Prompt2 A1,"{""id"": ""p3_A2_real_s43_cv1"", ""architecture"": ""A2"", ""control"": ""real"", ""seed"": 43, ""fold"": 1, ""epochs"": 10, ""lr"": 0.001, ""weight_decay"": 0.01, ""sampler"": ""balanced"", ""tau"": 0}",15812,43,1,10,0.07826388888888888,NOT RECORDED IN ORIGINAL RUN,NOT RECORDED IN ORIGINAL RUN,0.35885566606686214,"[0.32142857142857145, 0.3333333333333333, 0.3333333333333333, 0.1, 0.6666666666666666, 0.6363636363636364, 0.125, 0.8571428571428571, 0.2222222222222222, 0.3333333333333333]",0.4996650147704773,real,historical; see aggregate family ledger,fixed endpoint; no new rerun,enriched development; ROI grouping only; full-proposal evaluation absent,PROMPT_3\ARCHITECTURES\A2\RESULTS\RUNS\p3_A2_real_s43_cv1\history.jsonl
3,A2,p3_A2_real_s43_cv2,A2,Prompt2 A1,"{""id"": ""p3_A2_real_s43_cv2"", ""architecture"": ""A2"", ""control"": ""real"", ""seed"": 43, ""fold"": 2, ""epochs"": 10, ""lr"": 0.001, ""weight_decay"": 0.01, ""sampler"": ""balanced"", ""tau"": 0}",15812,43,2,10,0.07851063829787233,NOT RECORDED IN ORIGINAL RUN,NOT RECORDED IN ORIGINAL RUN,0.4387918089662276,"[0.5, 0.5555555555555556, 0.2857142857142857, 0.14285714285714285, 0.8, 0.75, 0.3, 0.6, 0.5714285714285714, 0.125]",0.4651216913467757,real,historical; see aggregate family ledger,fixed endpoint; no new rerun,enriched development; ROI grouping only; full-proposal evaluation absent,PROMPT_3\ARCHITECTURES\A2\RESULTS\RUNS\p3_A2_real_s43_cv2\history.jsonl
3,A2,p3_A2_shuffle_s17_cv0,A2,Prompt2 A1,"{""id"": ""p3_A2_shuffle_s17_cv0"", ""architecture"": ""A2"", ""control"": ""shuffle"", ""seed"": 17, ""fold"": 0, ""epochs"": 10, ""lr"": 0.001, ""weight_decay"": 0.01, ""sampler"": ""balanced"", ""tau"": 0}",15812,17,0,10,0.07565217391304348,NOT RECORDED IN ORIGINAL RUN,NOT RECORDED IN ORIGINAL RUN,0.3587187088274045,"[0.6842105263157895, 0.5384615384615384, 0.2727272727272727, 0.0, 0.8571428571428571, 0.2, 0.3333333333333333, 0.5, 0.0, 0.5]",0.5437373427288716,shuffle,historical; see aggregate family ledger,fixed endpoint; no new rerun,enriched development; ROI grouping only; full-proposal evaluation absent,PROMPT_3\ARCHITECTURES\A2\RESULTS\RUNS\p3_A2_shuffle_s17_cv0\history.jsonl
3,A2,p3_A2_shuffle_s17_cv1,A2,Prompt2 A1,"{""id"": ""p3_A2_shuffle_s17_cv1"", ""architecture"": ""A2"", ""control"": ""shuffle"", ""seed"": 17, ""fold"": 1, ""epochs"": 10, ""lr"": 0.001, ""weight_decay"": 0.01, ""sampler"": ""balanced"", ""tau"": 0}",15812,17,1,10,0.07430555555555554,NOT RECORDED IN ORIGINAL RUN,NOT RECORDED IN ORIGINAL RUN,0.30418546698310767,"[0.6071428571428571, 0.16666666666666666, 0.0, 0.1, 0.6666666666666666, 0.45454545454545453, 0.0, 1.0, 0.2222222222222222, 0.16666666666666666]",0.5742210499056004,shuffle,historical; see aggregate family ledger,fixed endpoint; no new rerun,enriched development; ROI grouping only; full-proposal evaluation absent,PROMPT_3\ARCHITECTURES\A2\RESULTS\RUNS\p3_A2_shuffle_s17_cv1\history.jsonl
3,A2,p3_A2_shuffle_s17_cv2,A2,Prompt2 A1,"{""id"": ""p3_A2_shuffle_s17_cv2"", ""architecture"": ""A2"", ""control"": ""shuffle"", ""seed"": 17, ""fold"": 2, ""epochs"": 10, ""lr"": 0.001, ""weight_decay"": 0.01, ""sampler"": ""balanced"", ""tau"": 0}",15812,17,2,10,0.0824822695035461,NOT RECORDED IN ORIGINAL RUN,NOT RECORDED IN ORIGINAL RUN,0.4447552910788205,"[0.5416666666666666, 0.6111111111111112, 0.2857142857142857, 0.14285714285714285, 0.6, 0.875, 0.1, 0.6, 0.7142857142857143, 0.25]",0.44973568688684973,shuffle,historical; see aggregate family ledger,fixed endpoint; no new rerun,enriched development; ROI grouping only; full-proposal evaluation absent,PROMPT_3\ARCHITECTURES\A2\RESULTS\RUNS\p3_A2_shuffle_s17_cv2\history.jsonl
3,A2,p3_A2_shuffle_s29_cv0,A2,Prompt2 A1,"{""id"": ""p3_A2_shuffle_s29_cv0"", ""architecture"": ""A2"", ""control"": ""shuffle"", ""seed"": 29, ""fold"": 0, ""epochs"": 10, ""lr"": 0.001, ""weight_decay"": 0.01, ""sampler"": ""balanced"", ""tau"": 0}",15812,29,0,10,0.058985507246376814,NOT RECORDED IN ORIGINAL RUN,NOT RECORDED IN ORIGINAL RUN,0.3043549783549783,"[0.3157894736842105, 0.07692307692307693, 0.36363636363636365, 0.2857142857142857, 1.0, 0.2, 0.16666666666666666, 0.5, 0.125, 0.5]",0.5759190142043644,shuffle,historical; see aggregate family ledger,fixed endpoint; no new rerun,enriched development; ROI grouping only; full-proposal evaluation absent,PROMPT_3\ARCHITECTURES\A2\RESULTS\RUNS\p3_A2_shuffle_s29_cv0\history.jsonl
3,A2,p3_A2_shuffle_s29_cv1,A2,Prompt2 A1,"{""id"": ""p3_A2_shuffle_s29_cv1"", ""architecture"": ""A2"", ""control"": ""shuffle"", ""seed"": 29, ""fold"": 1, ""epochs"": 10, ""lr"": 0.001, ""weight_decay"": 0.01, ""sampler"": ""balanced"", ""tau"": 0}",15812,29,1,10,0.0753472222222222,NOT RECORDED IN ORIGINAL RUN,NOT RECORDED IN ORIGINAL RUN,0.3559501523630598,"[0.39285714285714285, 0.3333333333333333, 0.3333333333333333, 0.2, 0.5833333333333334, 0.5454545454545454, 0.25, 0.7142857142857143, 0.1111111111111111, 0.25]",0.5249708876537006,shuffle,historical; see aggregate family ledger,fixed endpoint; no new rerun,enriched development; ROI grouping only; full-proposal evaluation absent,PROMPT_3\ARCHITECTURES\A2\RESULTS\RUNS\p3_A2_shuffle_s29_cv1\history.jsonl
3,A2,p3_A2_shuffle_s29_cv2,A2,Prompt2 A1,"{""id"": ""p3_A2_shuffle_s29_cv2"", ""architecture"": ""A2"", ""control"": ""shuffle"", ""seed"": 29, ""fold"": 2, ""epochs"": 10, ""lr"": 0.001, ""weight_decay"": 0.01, ""sampler"": ""balanced"", ""tau"": 0}",15812,29,2,10,0.0851063829787234,NOT RECORDED IN ORIGINAL RUN,NOT RECORDED IN ORIGINAL RUN,0.4851103136629454,"[0.625, 0.5555555555555556, 0.2857142857142857, 0.2857142857142857, 0.8, 0.625, 0.4, 0.6, 0.5714285714285714, 0.125]",0.4058768709200912,shuffle,historical; see aggregate family ledger,fixed endpoint; no new rerun,enriched development; ROI grouping only; full-proposal evaluation absent,PROMPT_3\ARCHITECTURES\A2\RESULTS\RUNS\p3_A2_shuffle_s29_cv2\history.jsonl
3,A2,p3_A2_shuffle_s43_cv0,A2,Prompt2 A1,"{""id"": ""p3_A2_shuffle_s43_cv0"", ""architecture"": ""A2"", ""control"": ""shuffle"", ""seed"": 43, ""fold"": 0, ""epochs"": 10, ""lr"": 0.001, ""weight_decay"": 0.01, ""sampler"": ""balanced"", ""tau"": 0}",15812,43,0,10,0.07492753623188406,NOT RECORDED IN ORIGINAL RUN,NOT RECORDED IN ORIGINAL RUN,0.38488921209509447,"[0.631578947368421, 0.46153846153846156, 0.2727272727272727, 0.2857142857142857, 0.8571428571428571, 0.2, 0.3333333333333333, 0.3333333333333333, 0.125, 0.5]",0.5226381505627145,shuffle,historical; see aggregate family ledger,fixed endpoint; no new rerun,enriched development; ROI grouping only; full-proposal evaluation absent,PROMPT_3\ARCHITECTURES\A2\RESULTS\RUNS\p3_A2_shuffle_s43_cv0\history.jsonl
3,A2,p3_A2_shuffle_s43_cv1,A2,Prompt2 A1,"{""id"": ""p3_A2_shuffle_s43_cv1"", ""architecture"": ""A2"", ""control"": ""shuffle"", ""seed"": 43, ""fold"": 1, ""epochs"": 10, ""lr"": 0.001, ""weight_decay"": 0.01, ""sampler"": ""balanced"", ""tau"": 0}",15812,43,1,10,0.07618055555555556,NOT RECORDED IN ORIGINAL RUN,NOT RECORDED IN ORIGINAL RUN,0.34162064344673043,"[0.2857142857142857, 0.16666666666666666, 0.3333333333333333, 0.1, 0.6666666666666666, 0.6363636363636364, 0.125, 0.8571428571428571, 0.2222222222222222, 0.3333333333333333]",0.5063671220301074,shuffle,historical; see aggregate family ledger,fixed endpoint; no new rerun,enriched development; ROI grouping only; full-proposal evaluation absent,PROMPT_3\ARCHITECTURES\A2\RESULTS\RUNS\p3_A2_shuffle_s43_cv1\history.jsonl
3,A2,p3_A2_shuffle_s43_cv2,A2,Prompt2 A1,"{""id"": ""p3_A2_shuffle_s43_cv2"", ""architecture"": ""A2"", ""control"": ""shuffle"", ""seed"": 43, ""fold"": 2, ""epochs"": 10, ""lr"": 0.001, ""weight_decay"": 0.01, ""sampler"": ""balanced"", ""tau"": 0}",15812,43,2,10,0.07638297872340424,NOT RECORDED IN ORIGINAL RUN,NOT RECORDED IN ORIGINAL RUN,0.43491008991008995,"[0.4583333333333333, 0.5555555555555556, 0.2857142857142857, 0.14285714285714285, 0.8, 0.75, 0.3, 0.6, 0.5714285714285714, 0.125]",0.47573947229733815,shuffle,historical; see aggregate family ledger,fixed endpoint; no new rerun,enriched development; ROI grouping only; full-proposal evaluation absent,PROMPT_3\ARCHITECTURES\A2\RESULTS\RUNS\p3_A2_shuffle_s43_cv2\history.jsonl
3,A3,p3_A3_placebo_s17_cv0,A3,Prompt2 A1,"{""id"": ""p3_A3_placebo_s17_cv0"", ""architecture"": ""A3"", ""control"": ""placebo"", ""seed"": 17, ""fold"": 0, ""epochs"": 10, ""lr"": 0.001, ""weight_decay"": 0.01, ""sampler"": ""balanced"", ""tau"": 0}",15540,17,0,10,0.0771014492753623,NOT RECORDED IN ORIGINAL RUN,NOT RECORDED IN ORIGINAL RUN,0.37241772910537213,"[0.6842105263157895, 0.5384615384615384, 0.2727272727272727, 0.0, 0.8571428571428571, 0.2, 0.3333333333333333, 0.5, 0.0, 0.75]",0.5360579890054435,placebo,historical; see aggregate family ledger,fixed endpoint; no new rerun,enriched development; ROI grouping only; full-proposal evaluation absent,PROMPT_3\ARCHITECTURES\A3\RESULTS\RUNS\p3_A3_placebo_s17_cv0\history.jsonl
3,A3,p3_A3_placebo_s17_cv1,A3,Prompt2 A1,"{""id"": ""p3_A3_placebo_s17_cv1"", ""architecture"": ""A3"", ""control"": ""placebo"", ""seed"": 17, ""fold"": 1, ""epochs"": 10, ""lr"": 0.001, ""weight_decay"": 0.01, ""sampler"": ""balanced"", ""tau"": 0}",15540,17,1,10,0.07152777777777777,NOT RECORDED IN ORIGINAL RUN,NOT RECORDED IN ORIGINAL RUN,0.2910897435897436,"[0.5714285714285714, 0.16666666666666666, 0.0, 0.1, 0.6666666666666666, 0.45454545454545453, 0.0, 0.8571428571428571, 0.2222222222222222, 0.16666666666666666]",0.5926695829861394,placebo,historical; see aggregate family ledger,fixed endpoint; no new rerun,enriched development; ROI grouping only; full-proposal evaluation absent,PROMPT_3\ARCHITECTURES\A3\RESULTS\RUNS\p3_A3_placebo_s17_cv1\history.jsonl
3,A3,p3_A3_placebo_s17_cv2,A3,Prompt2 A1,"{""id"": ""p3_A3_placebo_s17_cv2"", ""architecture"": ""A3"", ""control"": ""placebo"", ""seed"": 17, ""fold"": 2, ""epochs"": 10, ""lr"": 0.001, ""weight_decay"": 0.01, ""sampler"": ""balanced"", ""tau"": 0}",15540,17,2,10,0.080354609929078,NOT RECORDED IN ORIGINAL RUN,NOT RECORDED IN ORIGINAL RUN,0.4401160930572695,"[0.5416666666666666, 0.5555555555555556, 0.2857142857142857, 0.14285714285714285, 0.6, 0.875, 0.1, 0.6, 0.7142857142857143, 0.25]",0.45828467767268266,placebo,historical; see aggregate family ledger,fixed endpoint; no new rerun,enriched development; ROI grouping only; full-proposal evaluation absent,PROMPT_3\ARCHITECTURES\A3\RESULTS\RUNS\p3_A3_placebo_s17_cv2\history.jsonl
3,A3,p3_A3_placebo_s29_cv0,A3,Prompt2 A1,"{""id"": ""p3_A3_placebo_s29_cv0"", ""architecture"": ""A3"", ""control"": ""placebo"", ""seed"": 29, ""fold"": 0, ""epochs"": 10, ""lr"": 0.001, ""weight_decay"": 0.01, ""sampler"": ""balanced"", ""tau"": 0}",15540,29,0,10,0.06405797101449275,NOT RECORDED IN ORIGINAL RUN,NOT RECORDED IN ORIGINAL RUN,0.32124409359703476,"[0.3684210526315789, 0.07692307692307693, 0.36363636363636365, 0.42857142857142855, 1.0, 0.2, 0.16666666666666666, 0.5, 0.125, 0.5]",0.5643378168508711,placebo,historical; see aggregate family ledger,fixed endpoint; no new rerun,enriched development; ROI grouping only; full-proposal evaluation absent,PROMPT_3\ARCHITECTURES\A3\RESULTS\RUNS\p3_A3_placebo_s29_cv0\history.jsonl
3,A3,p3_A3_placebo_s29_cv1,A3,Prompt2 A1,"{""id"": ""p3_A3_placebo_s29_cv1"", ""architecture"": ""A3"", ""control"": ""placebo"", ""seed"": 29, ""fold"": 1, ""epochs"": 10, ""lr"": 0.001, ""weight_decay"": 0.01, ""sampler"": ""balanced"", ""tau"": 0}",15540,29,1,10,0.07326388888888888,NOT RECORDED IN ORIGINAL RUN,NOT RECORDED IN ORIGINAL RUN,0.34270339911630654,"[0.39285714285714285, 0.3333333333333333, 0.3333333333333333, 0.2, 0.5833333333333334, 0.5454545454545454, 0.125, 0.7142857142857143, 0.1111111111111111, 0.25]",0.5409002675599407,placebo,historical; see aggregate family ledger,fixed endpoint; no new rerun,enriched development; ROI grouping only; full-proposal evaluation absent,PROMPT_3\ARCHITECTURES\A3\RESULTS\RUNS\p3_A3_placebo_s29_cv1\history.jsonl
3,A3,p3_A3_placebo_s29_cv2,A3,Prompt2 A1,"{""id"": ""p3_A3_placebo_s29_cv2"", ""architecture"": ""A3"", ""control"": ""placebo"", ""seed"": 29, ""fold"": 2, ""epochs"": 10, ""lr"": 0.001, ""weight_decay"": 0.01, ""sampler"": ""balanced"", ""tau"": 0}",15540,29,2,10,0.0872340425531915,NOT RECORDED IN ORIGINAL RUN,NOT RECORDED IN ORIGINAL RUN,0.48950373769922645,"[0.6666666666666666, 0.5555555555555556, 0.2857142857142857, 0.2857142857142857, 0.8, 0.625, 0.4, 0.6, 0.5714285714285714, 0.125]",0.4068729639059229,placebo,historical; see aggregate family ledger,fixed endpoint; no new rerun,enriched development; ROI grouping only; full-proposal evaluation absent,PROMPT_3\ARCHITECTURES\A3\RESULTS\RUNS\p3_A3_placebo_s29_cv2\history.jsonl
3,A3,p3_A3_placebo_s43_cv0,A3,Prompt2 A1,"{""id"": ""p3_A3_placebo_s43_cv0"", ""architecture"": ""A3"", ""control"": ""placebo"", ""seed"": 43, ""fold"": 0, ""epochs"": 10, ""lr"": 0.001, ""weight_decay"": 0.01, ""sampler"": ""balanced"", ""tau"": 0}",15540,43,0,10,0.0763768115942029,NOT RECORDED IN ORIGINAL RUN,NOT RECORDED IN ORIGINAL RUN,0.3905648156698577,"[0.6842105263157895, 0.46153846153846156, 0.2727272727272727, 0.2857142857142857, 0.8571428571428571, 0.2, 0.3333333333333333, 0.3333333333333333, 0.125, 0.5]",0.5246101185698635,placebo,historical; see aggregate family ledger,fixed endpoint; no new rerun,enriched development; ROI grouping only; full-proposal evaluation absent,PROMPT_3\ARCHITECTURES\A3\RESULTS\RUNS\p3_A3_placebo_s43_cv0\history.jsonl
3,A3,p3_A3_placebo_s43_cv1,A3,Prompt2 A1,"{""id"": ""p3_A3_placebo_s43_cv1"", ""architecture"": ""A3"", ""control"": ""placebo"", ""seed"": 43, ""fold"": 1, ""epochs"": 10, ""lr"": 0.001, ""weight_decay"": 0.01, ""sampler"": ""balanced"", ""tau"": 0}",15540,43,1,10,0.07409722222222223,NOT RECORDED IN ORIGINAL RUN,NOT RECORDED IN ORIGINAL RUN,0.3353202771463641,"[0.25, 0.16666666666666666, 0.3333333333333333, 0.1, 0.6666666666666666, 0.6363636363636364, 0.125, 0.8571428571428571, 0.2222222222222222, 0.3333333333333333]",0.5083162194267286,placebo,historical; see aggregate family ledger,fixed endpoint; no new rerun,enriched development; ROI grouping only; full-proposal evaluation absent,PROMPT_3\ARCHITECTURES\A3\RESULTS\RUNS\p3_A3_placebo_s43_cv1\history.jsonl
3,A3,p3_A3_placebo_s43_cv2,A3,Prompt2 A1,"{""id"": ""p3_A3_placebo_s43_cv2"", ""architecture"": ""A3"", ""control"": ""placebo"", ""seed"": 43, ""fold"": 2, ""epochs"": 10, ""lr"": 0.001, ""weight_decay"": 0.01, ""sampler"": ""balanced"", ""tau"": 0}",15540,43,2,10,0.07851063829787233,NOT RECORDED IN ORIGINAL RUN,NOT RECORDED IN ORIGINAL RUN,0.439176424350843,"[0.5, 0.5555555555555556, 0.2857142857142857, 0.14285714285714285, 0.8, 0.75, 0.3, 0.6, 0.5714285714285714, 0.125]",0.47123998465493416,placebo,historical; see aggregate family ledger,fixed endpoint; no new rerun,enriched development; ROI grouping only; full-proposal evaluation absent,PROMPT_3\ARCHITECTURES\A3\RESULTS\RUNS\p3_A3_placebo_s43_cv2\history.jsonl
3,A3,p3_A3_real_s17_cv0,A3,Prompt2 A1,"{""id"": ""p3_A3_real_s17_cv0"", ""architecture"": ""A3"", ""control"": ""real"", ""seed"": 17, ""fold"": 0, ""epochs"": 10, ""lr"": 0.001, ""weight_decay"": 0.01, ""sampler"": ""balanced"", ""tau"": 0}",15540,17,0,10,0.07420289855072462,NOT RECORDED IN ORIGINAL RUN,NOT RECORDED IN ORIGINAL RUN,0.36208545903626,"[0.6842105263157895, 0.46153846153846156, 0.2727272727272727, 0.0, 1.0, 0.2, 0.3333333333333333, 0.5, 0.0, 0.5]",0.5467647524468071,real,historical; see aggregate family ledger,fixed endpoint; no new rerun,enriched development; ROI grouping only; full-proposal evaluation absent,PROMPT_3\ARCHITECTURES\A3\RESULTS\RUNS\p3_A3_real_s17_cv0\history.jsonl
3,A3,p3_A3_real_s17_cv1,A3,Prompt2 A1,"{""id"": ""p3_A3_real_s17_cv1"", ""architecture"": ""A3"", ""control"": ""real"", ""seed"": 17, ""fold"": 1, ""epochs"": 10, ""lr"": 0.001, ""weight_decay"": 0.01, ""sampler"": ""balanced"", ""tau"": 0}",15540,17,1,10,0.07256944444444444,NOT RECORDED IN ORIGINAL RUN,NOT RECORDED IN ORIGINAL RUN,0.3018487470561774,"[0.5714285714285714, 0.3333333333333333, 0.0, 0.1, 0.6666666666666666, 0.45454545454545453, 0.0, 0.8571428571428571, 0.2222222222222222, 0.16666666666666666]",0.5926823733241819,real,historical; see aggregate family ledger,fixed endpoint; no new rerun,enriched development; ROI grouping only; full-proposal evaluation absent,PROMPT_3\ARCHITECTURES\A3\RESULTS\RUNS\p3_A3_real_s17_cv1\history.jsonl
3,A3,p3_A3_real_s17_cv2,A3,Prompt2 A1,"{""id"": ""p3_A3_real_s17_cv2"", ""architecture"": ""A3"", ""control"": ""real"", ""seed"": 17, ""fold"": 2, ""epochs"": 10, ""lr"": 0.001, ""weight_decay"": 0.01, ""sampler"": ""balanced"", ""tau"": 0}",15540,17,2,10,0.0874468085106383,NOT RECORDED IN ORIGINAL RUN,NOT RECORDED IN ORIGINAL RUN,0.47307738013620365,"[0.5416666666666666, 0.6111111111111112, 0.2857142857142857, 0.2857142857142857, 0.6, 0.875, 0.2, 0.6, 0.7142857142857143, 0.25]",0.4214135978294666,real,historical; see aggregate family ledger,fixed endpoint; no new rerun,enriched development; ROI grouping only; full-proposal evaluation absent,PROMPT_3\ARCHITECTURES\A3\RESULTS\RUNS\p3_A3_real_s17_cv2\history.jsonl
3,A3,p3_A3_real_s29_cv0,A3,Prompt2 A1,"{""id"": ""p3_A3_real_s29_cv0"", ""architecture"": ""A3"", ""control"": ""real"", ""seed"": 29, ""fold"": 0, ""epochs"": 10, ""lr"": 0.001, ""weight_decay"": 0.01, ""sampler"": ""balanced"", ""tau"": 0}",15540,29,0,10,0.06768115942028985,NOT RECORDED IN ORIGINAL RUN,NOT RECORDED IN ORIGINAL RUN,0.33578999976058804,"[0.42105263157894735, 0.07692307692307693, 0.45454545454545453, 0.42857142857142855, 1.0, 0.2, 0.16666666666666666, 0.5, 0.125, 0.5]",0.5678214797560639,real,historical; see aggregate family ledger,fixed endpoint; no new rerun,enriched development; ROI grouping only; full-proposal evaluation absent,PROMPT_3\ARCHITECTURES\A3\RESULTS\RUNS\p3_A3_real_s29_cv0\history.jsonl
3,A3,p3_A3_real_s29_cv1,A3,Prompt2 A1,"{""id"": ""p3_A3_real_s29_cv1"", ""architecture"": ""A3"", ""control"": ""real"", ""seed"": 29, ""fold"": 1, ""epochs"": 10, ""lr"": 0.001, ""weight_decay"": 0.01, ""sampler"": ""balanced"", ""tau"": 0}",15540,29,1,10,0.07743055555555556,NOT RECORDED IN ORIGINAL RUN,NOT RECORDED IN ORIGINAL RUN,0.3627467125330215,"[0.39285714285714285, 0.3333333333333333, 0.3333333333333333, 0.2, 0.6666666666666666, 0.5454545454545454, 0.25, 0.7142857142857143, 0.1111111111111111, 0.25]",0.5220073958068253,real,historical; see aggregate family ledger,fixed endpoint; no new rerun,enriched development; ROI grouping only; full-proposal evaluation absent,PROMPT_3\ARCHITECTURES\A3\RESULTS\RUNS\p3_A3_real_s29_cv1\history.jsonl
3,A3,p3_A3_real_s29_cv2,A3,Prompt2 A1,"{""id"": ""p3_A3_real_s29_cv2"", ""architecture"": ""A3"", ""control"": ""real"", ""seed"": 29, ""fold"": 2, ""epochs"": 10, ""lr"": 0.001, ""weight_decay"": 0.01, ""sampler"": ""balanced"", ""tau"": 0}",15540,29,2,10,0.08808510638297874,NOT RECORDED IN ORIGINAL RUN,NOT RECORDED IN ORIGINAL RUN,0.49477918120996406,"[0.6666666666666666, 0.6111111111111112, 0.2857142857142857, 0.2857142857142857, 0.8, 0.625, 0.4, 0.6, 0.5714285714285714, 0.125]",0.3995571456436832,real,historical; see aggregate family ledger,fixed endpoint; no new rerun,enriched development; ROI grouping only; full-proposal evaluation absent,PROMPT_3\ARCHITECTURES\A3\RESULTS\RUNS\p3_A3_real_s29_cv2\history.jsonl
3,A3,p3_A3_real_s43_cv0,A3,Prompt2 A1,"{""id"": ""p3_A3_real_s43_cv0"", ""architecture"": ""A3"", ""control"": ""real"", ""seed"": 43, ""fold"": 0, ""epochs"": 10, ""lr"": 0.001, ""weight_decay"": 0.01, ""sampler"": ""balanced"", ""tau"": 0}",15540,43,0,10,0.0763768115942029,NOT RECORDED IN ORIGINAL RUN,NOT RECORDED IN ORIGINAL RUN,0.40510992275698154,"[0.6842105263157895, 0.46153846153846156, 0.2727272727272727, 0.2857142857142857, 0.7142857142857143, 0.4, 0.3333333333333333, 0.3333333333333333, 0.125, 0.5]",0.5123565962672205,real,historical; see aggregate family ledger,fixed endpoint; no new rerun,enriched development; ROI grouping only; full-proposal evaluation absent,PROMPT_3\ARCHITECTURES\A3\RESULTS\RUNS\p3_A3_real_s43_cv0\history.jsonl
3,A3,p3_A3_real_s43_cv1,A3,Prompt2 A1,"{""id"": ""p3_A3_real_s43_cv1"", ""architecture"": ""A3"", ""control"": ""real"", ""seed"": 43, ""fold"": 1, ""epochs"": 10, ""lr"": 0.001, ""weight_decay"": 0.01, ""sampler"": ""balanced"", ""tau"": 0}",15540,43,1,10,0.08034722222222222,NOT RECORDED IN ORIGINAL RUN,NOT RECORDED IN ORIGINAL RUN,0.3711305198680318,"[0.32142857142857145, 0.3333333333333333, 0.3333333333333333, 0.1, 0.6666666666666666, 0.6363636363636364, 0.25, 0.8571428571428571, 0.2222222222222222, 0.3333333333333333]",0.48739016096930765,real,historical; see aggregate family ledger,fixed endpoint; no new rerun,enriched development; ROI grouping only; full-proposal evaluation absent,PROMPT_3\ARCHITECTURES\A3\RESULTS\RUNS\p3_A3_real_s43_cv1\history.jsonl
3,A3,p3_A3_real_s43_cv2,A3,Prompt2 A1,"{""id"": ""p3_A3_real_s43_cv2"", ""architecture"": ""A3"", ""control"": ""real"", ""seed"": 43, ""fold"": 2, ""epochs"": 10, ""lr"": 0.001, ""weight_decay"": 0.01, ""sampler"": ""balanced"", ""tau"": 0}",15540,43,2,10,0.0806382978723404,NOT RECORDED IN ORIGINAL RUN,NOT RECORDED IN ORIGINAL RUN,0.45178737928737933,"[0.5, 0.5555555555555556, 0.2857142857142857, 0.14285714285714285, 0.8, 0.75, 0.3, 0.6, 0.5714285714285714, 0.25]",0.46218744706991877,real,historical; see aggregate family ledger,fixed endpoint; no new rerun,enriched development; ROI grouping only; full-proposal evaluation absent,PROMPT_3\ARCHITECTURES\A3\RESULTS\RUNS\p3_A3_real_s43_cv2\history.jsonl
3,A3,p3_A3_shuffle_s17_cv0,A3,Prompt2 A1,"{""id"": ""p3_A3_shuffle_s17_cv0"", ""architecture"": ""A3"", ""control"": ""shuffle"", ""seed"": 17, ""fold"": 0, ""epochs"": 10, ""lr"": 0.001, ""weight_decay"": 0.01, ""sampler"": ""balanced"", ""tau"": 0}",15540,17,0,10,0.07130434782608695,NOT RECORDED IN ORIGINAL RUN,NOT RECORDED IN ORIGINAL RUN,0.3445921420249528,"[0.6842105263157895, 0.46153846153846156, 0.2727272727272727, 0.0, 0.8571428571428571, 0.2, 0.3333333333333333, 0.4166666666666667, 0.0, 0.5]",0.5578639095313234,shuffle,historical; see aggregate family ledger,fixed endpoint; no new rerun,enriched development; ROI grouping only; full-proposal evaluation absent,PROMPT_3\ARCHITECTURES\A3\RESULTS\RUNS\p3_A3_shuffle_s17_cv0\history.jsonl
3,A3,p3_A3_shuffle_s17_cv1,A3,Prompt2 A1,"{""id"": ""p3_A3_shuffle_s17_cv1"", ""architecture"": ""A3"", ""control"": ""shuffle"", ""seed"": 17, ""fold"": 1, ""epochs"": 10, ""lr"": 0.001, ""weight_decay"": 0.01, ""sampler"": ""balanced"", ""tau"": 0}",15540,17,1,10,0.07291666666666666,NOT RECORDED IN ORIGINAL RUN,NOT RECORDED IN ORIGINAL RUN,0.29317669505328314,"[0.6071428571428571, 0.0, 0.0, 0.1, 0.6666666666666666, 0.45454545454545453, 0.0, 0.8571428571428571, 0.2222222222222222, 0.25]",0.595399402628677,shuffle,historical; see aggregate family ledger,fixed endpoint; no new rerun,enriched development; ROI grouping only; full-proposal evaluation absent,PROMPT_3\ARCHITECTURES\A3\RESULTS\RUNS\p3_A3_shuffle_s17_cv1\history.jsonl
3,A3,p3_A3_shuffle_s17_cv2,A3,Prompt2 A1,"{""id"": ""p3_A3_shuffle_s17_cv2"", ""architecture"": ""A3"", ""control"": ""shuffle"", ""seed"": 17, ""fold"": 2, ""epochs"": 10, ""lr"": 0.001, ""weight_decay"": 0.01, ""sampler"": ""balanced"", ""tau"": 0}",15540,17,2,10,0.0824822695035461,NOT RECORDED IN ORIGINAL RUN,NOT RECORDED IN ORIGINAL RUN,0.4447552910788205,"[0.5416666666666666, 0.6111111111111112, 0.2857142857142857, 0.14285714285714285, 0.6, 0.875, 0.1, 0.6, 0.7142857142857143, 0.25]",0.44986980113861097,shuffle,historical; see aggregate family ledger,fixed endpoint; no new rerun,enriched development; ROI grouping only; full-proposal evaluation absent,PROMPT_3\ARCHITECTURES\A3\RESULTS\RUNS\p3_A3_shuffle_s17_cv2\history.jsonl
3,A3,p3_A3_shuffle_s29_cv0,A3,Prompt2 A1,"{""id"": ""p3_A3_shuffle_s29_cv0"", ""architecture"": ""A3"", ""control"": ""shuffle"", ""seed"": 29, ""fold"": 0, ""epochs"": 10, ""lr"": 0.001, ""weight_decay"": 0.01, ""sampler"": ""balanced"", ""tau"": 0}",15540,29,0,10,0.06188405797101448,NOT RECORDED IN ORIGINAL RUN,NOT RECORDED IN ORIGINAL RUN,0.3169824293353705,"[0.3157894736842105, 0.07692307692307693, 0.36363636363636365, 0.42857142857142855, 1.0, 0.2, 0.16666666666666666, 0.5, 0.125, 0.5]",0.5582579534229206,shuffle,historical; see aggregate family ledger,fixed endpoint; no new rerun,enriched development; ROI grouping only; full-proposal evaluation absent,PROMPT_3\ARCHITECTURES\A3\RESULTS\RUNS\p3_A3_shuffle_s29_cv0\history.jsonl
3,A3,p3_A3_shuffle_s29_cv1,A3,Prompt2 A1,"{""id"": ""p3_A3_shuffle_s29_cv1"", ""architecture"": ""A3"", ""control"": ""shuffle"", ""seed"": 29, ""fold"": 1, ""epochs"": 10, ""lr"": 0.001, ""weight_decay"": 0.01, ""sampler"": ""balanced"", ""tau"": 0}",15540,29,1,10,0.0753472222222222,NOT RECORDED IN ORIGINAL RUN,NOT RECORDED IN ORIGINAL RUN,0.3559501523630598,"[0.39285714285714285, 0.3333333333333333, 0.3333333333333333, 0.2, 0.5833333333333334, 0.5454545454545454, 0.25, 0.7142857142857143, 0.1111111111111111, 0.25]",0.5212546258453336,shuffle,historical; see aggregate family ledger,fixed endpoint; no new rerun,enriched development; ROI grouping only; full-proposal evaluation absent,PROMPT_3\ARCHITECTURES\A3\RESULTS\RUNS\p3_A3_shuffle_s29_cv1\history.jsonl
3,A3,p3_A3_shuffle_s29_cv2,A3,Prompt2 A1,"{""id"": ""p3_A3_shuffle_s29_cv2"", ""architecture"": ""A3"", ""control"": ""shuffle"", ""seed"": 29, ""fold"": 2, ""epochs"": 10, ""lr"": 0.001, ""weight_decay"": 0.01, ""sampler"": ""balanced"", ""tau"": 0}",15540,29,2,10,0.0851063829787234,NOT RECORDED IN ORIGINAL RUN,NOT RECORDED IN ORIGINAL RUN,0.48115497076023395,"[0.625, 0.5555555555555556, 0.2857142857142857, 0.2857142857142857, 0.8, 0.625, 0.4, 0.6, 0.5714285714285714, 0.125]",0.4152217308449154,shuffle,historical; see aggregate family ledger,fixed endpoint; no new rerun,enriched development; ROI grouping only; full-proposal evaluation absent,PROMPT_3\ARCHITECTURES\A3\RESULTS\RUNS\p3_A3_shuffle_s29_cv2\history.jsonl
3,A3,p3_A3_shuffle_s43_cv0,A3,Prompt2 A1,"{""id"": ""p3_A3_shuffle_s43_cv0"", ""architecture"": ""A3"", ""control"": ""shuffle"", ""seed"": 43, ""fold"": 0, ""epochs"": 10, ""lr"": 0.001, ""weight_decay"": 0.01, ""sampler"": ""balanced"", ""tau"": 0}",15540,43,0,10,0.0763768115942029,NOT RECORDED IN ORIGINAL RUN,NOT RECORDED IN ORIGINAL RUN,0.39134104924020885,"[0.6842105263157895, 0.46153846153846156, 0.2727272727272727, 0.2857142857142857, 0.8571428571428571, 0.2, 0.3333333333333333, 0.3333333333333333, 0.125, 0.5]",0.5238245479313517,shuffle,historical; see aggregate family ledger,fixed endpoint; no new rerun,enriched development; ROI grouping only; full-proposal evaluation absent,PROMPT_3\ARCHITECTURES\A3\RESULTS\RUNS\p3_A3_shuffle_s43_cv0\history.jsonl
3,A3,p3_A3_shuffle_s43_cv1,A3,Prompt2 A1,"{""id"": ""p3_A3_shuffle_s43_cv1"", ""architecture"": ""A3"", ""control"": ""shuffle"", ""seed"": 43, ""fold"": 1, ""epochs"": 10, ""lr"": 0.001, ""weight_decay"": 0.01, ""sampler"": ""balanced"", ""tau"": 0}",15540,43,1,10,0.07618055555555556,NOT RECORDED IN ORIGINAL RUN,NOT RECORDED IN ORIGINAL RUN,0.3429406100298549,"[0.2857142857142857, 0.16666666666666666, 0.3333333333333333, 0.1, 0.6666666666666666, 0.6363636363636364, 0.125, 0.8571428571428571, 0.2222222222222222, 0.3333333333333333]",0.5013534547814513,shuffle,historical; see aggregate family ledger,fixed endpoint; no new rerun,enriched development; ROI grouping only; full-proposal evaluation absent,PROMPT_3\ARCHITECTURES\A3\RESULTS\RUNS\p3_A3_shuffle_s43_cv1\history.jsonl
3,A3,p3_A3_shuffle_s43_cv2,A3,Prompt2 A1,"{""id"": ""p3_A3_shuffle_s43_cv2"", ""architecture"": ""A3"", ""control"": ""shuffle"", ""seed"": 43, ""fold"": 2, ""epochs"": 10, ""lr"": 0.001, ""weight_decay"": 0.01, ""sampler"": ""balanced"", ""tau"": 0}",15540,43,2,10,0.07638297872340424,NOT RECORDED IN ORIGINAL RUN,NOT RECORDED IN ORIGINAL RUN,0.43491008991008995,"[0.4583333333333333, 0.5555555555555556, 0.2857142857142857, 0.14285714285714285, 0.8, 0.75, 0.3, 0.6, 0.5714285714285714, 0.125]",0.46651652330535964,shuffle,historical; see aggregate family ledger,fixed endpoint; no new rerun,enriched development; ROI grouping only; full-proposal evaluation absent,PROMPT_3\ARCHITECTURES\A3\RESULTS\RUNS\p3_A3_shuffle_s43_cv2\history.jsonl
3,A4,p3_A4_placebo_s17_cv0,A4,Prompt2 A1,"{""id"": ""p3_A4_placebo_s17_cv0"", ""architecture"": ""A4"", ""control"": ""placebo"", ""seed"": 17, ""fold"": 0, ""epochs"": 10, ""lr"": 0.001, ""weight_decay"": 0.01, ""sampler"": ""balanced"", ""tau"": 0}",15533,17,0,10,0.0771014492753623,NOT RECORDED IN ORIGINAL RUN,NOT RECORDED IN ORIGINAL RUN,0.37241772910537213,"[0.6842105263157895, 0.5384615384615384, 0.2727272727272727, 0.0, 0.8571428571428571, 0.2, 0.3333333333333333, 0.5, 0.0, 0.75]",0.5360579890054435,placebo,historical; see aggregate family ledger,fixed endpoint; no new rerun,enriched development; ROI grouping only; full-proposal evaluation absent,PROMPT_3\ARCHITECTURES\A4\RESULTS\RUNS\p3_A4_placebo_s17_cv0\history.jsonl
3,A4,p3_A4_placebo_s17_cv1,A4,Prompt2 A1,"{""id"": ""p3_A4_placebo_s17_cv1"", ""architecture"": ""A4"", ""control"": ""placebo"", ""seed"": 17, ""fold"": 1, ""epochs"": 10, ""lr"": 0.001, ""weight_decay"": 0.01, ""sampler"": ""balanced"", ""tau"": 0}",15533,17,1,10,0.07152777777777777,NOT RECORDED IN ORIGINAL RUN,NOT RECORDED IN ORIGINAL RUN,0.2910897435897436,"[0.5714285714285714, 0.16666666666666666, 0.0, 0.1, 0.6666666666666666, 0.45454545454545453, 0.0, 0.8571428571428571, 0.2222222222222222, 0.16666666666666666]",0.5926695829861394,placebo,historical; see aggregate family ledger,fixed endpoint; no new rerun,enriched development; ROI grouping only; full-proposal evaluation absent,PROMPT_3\ARCHITECTURES\A4\RESULTS\RUNS\p3_A4_placebo_s17_cv1\history.jsonl
3,A4,p3_A4_placebo_s17_cv2,A4,Prompt2 A1,"{""id"": ""p3_A4_placebo_s17_cv2"", ""architecture"": ""A4"", ""control"": ""placebo"", ""seed"": 17, ""fold"": 2, ""epochs"": 10, ""lr"": 0.001, ""weight_decay"": 0.01, ""sampler"": ""balanced"", ""tau"": 0}",15533,17,2,10,0.080354609929078,NOT RECORDED IN ORIGINAL RUN,NOT RECORDED IN ORIGINAL RUN,0.4401160930572695,"[0.5416666666666666, 0.5555555555555556, 0.2857142857142857, 0.14285714285714285, 0.6, 0.875, 0.1, 0.6, 0.7142857142857143, 0.25]",0.45828467767268266,placebo,historical; see aggregate family ledger,fixed endpoint; no new rerun,enriched development; ROI grouping only; full-proposal evaluation absent,PROMPT_3\ARCHITECTURES\A4\RESULTS\RUNS\p3_A4_placebo_s17_cv2\history.jsonl
3,A4,p3_A4_placebo_s29_cv0,A4,Prompt2 A1,"{""id"": ""p3_A4_placebo_s29_cv0"", ""architecture"": ""A4"", ""control"": ""placebo"", ""seed"": 29, ""fold"": 0, ""epochs"": 10, ""lr"": 0.001, ""weight_decay"": 0.01, ""sampler"": ""balanced"", ""tau"": 0}",15533,29,0,10,0.06405797101449275,NOT RECORDED IN ORIGINAL RUN,NOT RECORDED IN ORIGINAL RUN,0.32124409359703476,"[0.3684210526315789, 0.07692307692307693, 0.36363636363636365, 0.42857142857142855, 1.0, 0.2, 0.16666666666666666, 0.5, 0.125, 0.5]",0.5643378168508711,placebo,historical; see aggregate family ledger,fixed endpoint; no new rerun,enriched development; ROI grouping only; full-proposal evaluation absent,PROMPT_3\ARCHITECTURES\A4\RESULTS\RUNS\p3_A4_placebo_s29_cv0\history.jsonl
3,A4,p3_A4_placebo_s29_cv1,A4,Prompt2 A1,"{""id"": ""p3_A4_placebo_s29_cv1"", ""architecture"": ""A4"", ""control"": ""placebo"", ""seed"": 29, ""fold"": 1, ""epochs"": 10, ""lr"": 0.001, ""weight_decay"": 0.01, ""sampler"": ""balanced"", ""tau"": 0}",15533,29,1,10,0.07326388888888888,NOT RECORDED IN ORIGINAL RUN,NOT RECORDED IN ORIGINAL RUN,0.34270339911630654,"[0.39285714285714285, 0.3333333333333333, 0.3333333333333333, 0.2, 0.5833333333333334, 0.5454545454545454, 0.125, 0.7142857142857143, 0.1111111111111111, 0.25]",0.5409002675599407,placebo,historical; see aggregate family ledger,fixed endpoint; no new rerun,enriched development; ROI grouping only; full-proposal evaluation absent,PROMPT_3\ARCHITECTURES\A4\RESULTS\RUNS\p3_A4_placebo_s29_cv1\history.jsonl
3,A4,p3_A4_placebo_s29_cv2,A4,Prompt2 A1,"{""id"": ""p3_A4_placebo_s29_cv2"", ""architecture"": ""A4"", ""control"": ""placebo"", ""seed"": 29, ""fold"": 2, ""epochs"": 10, ""lr"": 0.001, ""weight_decay"": 0.01, ""sampler"": ""balanced"", ""tau"": 0}",15533,29,2,10,0.0872340425531915,NOT RECORDED IN ORIGINAL RUN,NOT RECORDED IN ORIGINAL RUN,0.48950373769922645,"[0.6666666666666666, 0.5555555555555556, 0.2857142857142857, 0.2857142857142857, 0.8, 0.625, 0.4, 0.6, 0.5714285714285714, 0.125]",0.4068729639059229,placebo,historical; see aggregate family ledger,fixed endpoint; no new rerun,enriched development; ROI grouping only; full-proposal evaluation absent,PROMPT_3\ARCHITECTURES\A4\RESULTS\RUNS\p3_A4_placebo_s29_cv2\history.jsonl
3,A4,p3_A4_placebo_s43_cv0,A4,Prompt2 A1,"{""id"": ""p3_A4_placebo_s43_cv0"", ""architecture"": ""A4"", ""control"": ""placebo"", ""seed"": 43, ""fold"": 0, ""epochs"": 10, ""lr"": 0.001, ""weight_decay"": 0.01, ""sampler"": ""balanced"", ""tau"": 0}",15533,43,0,10,0.0763768115942029,NOT RECORDED IN ORIGINAL RUN,NOT RECORDED IN ORIGINAL RUN,0.3905648156698577,"[0.6842105263157895, 0.46153846153846156, 0.2727272727272727, 0.2857142857142857, 0.8571428571428571, 0.2, 0.3333333333333333, 0.3333333333333333, 0.125, 0.5]",0.5246101185698635,placebo,historical; see aggregate family ledger,fixed endpoint; no new rerun,enriched development; ROI grouping only; full-proposal evaluation absent,PROMPT_3\ARCHITECTURES\A4\RESULTS\RUNS\p3_A4_placebo_s43_cv0\history.jsonl
3,A4,p3_A4_placebo_s43_cv1,A4,Prompt2 A1,"{""id"": ""p3_A4_placebo_s43_cv1"", ""architecture"": ""A4"", ""control"": ""placebo"", ""seed"": 43, ""fold"": 1, ""epochs"": 10, ""lr"": 0.001, ""weight_decay"": 0.01, ""sampler"": ""balanced"", ""tau"": 0}",15533,43,1,10,0.07409722222222223,NOT RECORDED IN ORIGINAL RUN,NOT RECORDED IN ORIGINAL RUN,0.3353202771463641,"[0.25, 0.16666666666666666, 0.3333333333333333, 0.1, 0.6666666666666666, 0.6363636363636364, 0.125, 0.8571428571428571, 0.2222222222222222, 0.3333333333333333]",0.5083162194267286,placebo,historical; see aggregate family ledger,fixed endpoint; no new rerun,enriched development; ROI grouping only; full-proposal evaluation absent,PROMPT_3\ARCHITECTURES\A4\RESULTS\RUNS\p3_A4_placebo_s43_cv1\history.jsonl
3,A4,p3_A4_placebo_s43_cv2,A4,Prompt2 A1,"{""id"": ""p3_A4_placebo_s43_cv2"", ""architecture"": ""A4"", ""control"": ""placebo"", ""seed"": 43, ""fold"": 2, ""epochs"": 10, ""lr"": 0.001, ""weight_decay"": 0.01, ""sampler"": ""balanced"", ""tau"": 0}",15533,43,2,10,0.07851063829787233,NOT RECORDED IN ORIGINAL RUN,NOT RECORDED IN ORIGINAL RUN,0.439176424350843,"[0.5, 0.5555555555555556, 0.2857142857142857, 0.14285714285714285, 0.8, 0.75, 0.3, 0.6, 0.5714285714285714, 0.125]",0.47123998465493416,placebo,historical; see aggregate family ledger,fixed endpoint; no new rerun,enriched development; ROI grouping only; full-proposal evaluation absent,PROMPT_3\ARCHITECTURES\A4\RESULTS\RUNS\p3_A4_placebo_s43_cv2\history.jsonl
3,A4,p3_A4_real_s17_cv0,A4,Prompt2 A1,"{""id"": ""p3_A4_real_s17_cv0"", ""architecture"": ""A4"", ""control"": ""real"", ""seed"": 17, ""fold"": 0, ""epochs"": 10, ""lr"": 0.001, ""weight_decay"": 0.01, ""sampler"": ""balanced"", ""tau"": 0}",15533,17,0,10,0.07420289855072462,NOT RECORDED IN ORIGINAL RUN,NOT RECORDED IN ORIGINAL RUN,0.36208545903626,"[0.6842105263157895, 0.46153846153846156, 0.2727272727272727, 0.0, 1.0, 0.2, 0.3333333333333333, 0.5, 0.0, 0.5]",0.5467647524468071,real,historical; see aggregate family ledger,fixed endpoint; no new rerun,enriched development; ROI grouping only; full-proposal evaluation absent,PROMPT_3\ARCHITECTURES\A4\RESULTS\RUNS\p3_A4_real_s17_cv0\history.jsonl
3,A4,p3_A4_real_s17_cv1,A4,Prompt2 A1,"{""id"": ""p3_A4_real_s17_cv1"", ""architecture"": ""A4"", ""control"": ""real"", ""seed"": 17, ""fold"": 1, ""epochs"": 10, ""lr"": 0.001, ""weight_decay"": 0.01, ""sampler"": ""balanced"", ""tau"": 0}",15533,17,1,10,0.07256944444444444,NOT RECORDED IN ORIGINAL RUN,NOT RECORDED IN ORIGINAL RUN,0.3018487470561774,"[0.5714285714285714, 0.3333333333333333, 0.0, 0.1, 0.6666666666666666, 0.45454545454545453, 0.0, 0.8571428571428571, 0.2222222222222222, 0.16666666666666666]",0.5926823733241819,real,historical; see aggregate family ledger,fixed endpoint; no new rerun,enriched development; ROI grouping only; full-proposal evaluation absent,PROMPT_3\ARCHITECTURES\A4\RESULTS\RUNS\p3_A4_real_s17_cv1\history.jsonl
3,A4,p3_A4_real_s17_cv2,A4,Prompt2 A1,"{""id"": ""p3_A4_real_s17_cv2"", ""architecture"": ""A4"", ""control"": ""real"", ""seed"": 17, ""fold"": 2, ""epochs"": 10, ""lr"": 0.001, ""weight_decay"": 0.01, ""sampler"": ""balanced"", ""tau"": 0}",15533,17,2,10,0.0874468085106383,NOT RECORDED IN ORIGINAL RUN,NOT RECORDED IN ORIGINAL RUN,0.47307738013620365,"[0.5416666666666666, 0.6111111111111112, 0.2857142857142857, 0.2857142857142857, 0.6, 0.875, 0.2, 0.6, 0.7142857142857143, 0.25]",0.4214135978294666,real,historical; see aggregate family ledger,fixed endpoint; no new rerun,enriched development; ROI grouping only; full-proposal evaluation absent,PROMPT_3\ARCHITECTURES\A4\RESULTS\RUNS\p3_A4_real_s17_cv2\history.jsonl
3,A4,p3_A4_real_s29_cv0,A4,Prompt2 A1,"{""id"": ""p3_A4_real_s29_cv0"", ""architecture"": ""A4"", ""control"": ""real"", ""seed"": 29, ""fold"": 0, ""epochs"": 10, ""lr"": 0.001, ""weight_decay"": 0.01, ""sampler"": ""balanced"", ""tau"": 0}",15533,29,0,10,0.06768115942028985,NOT RECORDED IN ORIGINAL RUN,NOT RECORDED IN ORIGINAL RUN,0.33578999976058804,"[0.42105263157894735, 0.07692307692307693, 0.45454545454545453, 0.42857142857142855, 1.0, 0.2, 0.16666666666666666, 0.5, 0.125, 0.5]",0.5678214797560639,real,historical; see aggregate family ledger,fixed endpoint; no new rerun,enriched development; ROI grouping only; full-proposal evaluation absent,PROMPT_3\ARCHITECTURES\A4\RESULTS\RUNS\p3_A4_real_s29_cv0\history.jsonl
3,A4,p3_A4_real_s29_cv1,A4,Prompt2 A1,"{""id"": ""p3_A4_real_s29_cv1"", ""architecture"": ""A4"", ""control"": ""real"", ""seed"": 29, ""fold"": 1, ""epochs"": 10, ""lr"": 0.001, ""weight_decay"": 0.01, ""sampler"": ""balanced"", ""tau"": 0}",15533,29,1,10,0.07743055555555556,NOT RECORDED IN ORIGINAL RUN,NOT RECORDED IN ORIGINAL RUN,0.3627467125330215,"[0.39285714285714285, 0.3333333333333333, 0.3333333333333333, 0.2, 0.6666666666666666, 0.5454545454545454, 0.25, 0.7142857142857143, 0.1111111111111111, 0.25]",0.5220073958068253,real,historical; see aggregate family ledger,fixed endpoint; no new rerun,enriched development; ROI grouping only; full-proposal evaluation absent,PROMPT_3\ARCHITECTURES\A4\RESULTS\RUNS\p3_A4_real_s29_cv1\history.jsonl
3,A4,p3_A4_real_s29_cv2,A4,Prompt2 A1,"{""id"": ""p3_A4_real_s29_cv2"", ""architecture"": ""A4"", ""control"": ""real"", ""seed"": 29, ""fold"": 2, ""epochs"": 10, ""lr"": 0.001, ""weight_decay"": 0.01, ""sampler"": ""balanced"", ""tau"": 0}",15533,29,2,10,0.08808510638297874,NOT RECORDED IN ORIGINAL RUN,NOT RECORDED IN ORIGINAL RUN,0.49477918120996406,"[0.6666666666666666, 0.6111111111111112, 0.2857142857142857, 0.2857142857142857, 0.8, 0.625, 0.4, 0.6, 0.5714285714285714, 0.125]",0.3995571456436832,real,historical; see aggregate family ledger,fixed endpoint; no new rerun,enriched development; ROI grouping only; full-proposal evaluation absent,PROMPT_3\ARCHITECTURES\A4\RESULTS\RUNS\p3_A4_real_s29_cv2\history.jsonl
3,A4,p3_A4_real_s43_cv0,A4,Prompt2 A1,"{""id"": ""p3_A4_real_s43_cv0"", ""architecture"": ""A4"", ""control"": ""real"", ""seed"": 43, ""fold"": 0, ""epochs"": 10, ""lr"": 0.001, ""weight_decay"": 0.01, ""sampler"": ""balanced"", ""tau"": 0}",15533,43,0,10,0.0763768115942029,NOT RECORDED IN ORIGINAL RUN,NOT RECORDED IN ORIGINAL RUN,0.40510992275698154,"[0.6842105263157895, 0.46153846153846156, 0.2727272727272727, 0.2857142857142857, 0.7142857142857143, 0.4, 0.3333333333333333, 0.3333333333333333, 0.125, 0.5]",0.5123565962672205,real,historical; see aggregate family ledger,fixed endpoint; no new rerun,enriched development; ROI grouping only; full-proposal evaluation absent,PROMPT_3\ARCHITECTURES\A4\RESULTS\RUNS\p3_A4_real_s43_cv0\history.jsonl
3,A4,p3_A4_real_s43_cv1,A4,Prompt2 A1,"{""id"": ""p3_A4_real_s43_cv1"", ""architecture"": ""A4"", ""control"": ""real"", ""seed"": 43, ""fold"": 1, ""epochs"": 10, ""lr"": 0.001, ""weight_decay"": 0.01, ""sampler"": ""balanced"", ""tau"": 0}",15533,43,1,10,0.08034722222222222,NOT RECORDED IN ORIGINAL RUN,NOT RECORDED IN ORIGINAL RUN,0.3711305198680318,"[0.32142857142857145, 0.3333333333333333, 0.3333333333333333, 0.1, 0.6666666666666666, 0.6363636363636364, 0.25, 0.8571428571428571, 0.2222222222222222, 0.3333333333333333]",0.48739016096930765,real,historical; see aggregate family ledger,fixed endpoint; no new rerun,enriched development; ROI grouping only; full-proposal evaluation absent,PROMPT_3\ARCHITECTURES\A4\RESULTS\RUNS\p3_A4_real_s43_cv1\history.jsonl
3,A4,p3_A4_real_s43_cv2,A4,Prompt2 A1,"{""id"": ""p3_A4_real_s43_cv2"", ""architecture"": ""A4"", ""control"": ""real"", ""seed"": 43, ""fold"": 2, ""epochs"": 10, ""lr"": 0.001, ""weight_decay"": 0.01, ""sampler"": ""balanced"", ""tau"": 0}",15533,43,2,10,0.0806382978723404,NOT RECORDED IN ORIGINAL RUN,NOT RECORDED IN ORIGINAL RUN,0.45178737928737933,"[0.5, 0.5555555555555556, 0.2857142857142857, 0.14285714285714285, 0.8, 0.75, 0.3, 0.6, 0.5714285714285714, 0.25]",0.46755881033601887,real,historical; see aggregate family ledger,fixed endpoint; no new rerun,enriched development; ROI grouping only; full-proposal evaluation absent,PROMPT_3\ARCHITECTURES\A4\RESULTS\RUNS\p3_A4_real_s43_cv2\history.jsonl
3,A4,p3_A4_shuffle_s17_cv0,A4,Prompt2 A1,"{""id"": ""p3_A4_shuffle_s17_cv0"", ""architecture"": ""A4"", ""control"": ""shuffle"", ""seed"": 17, ""fold"": 0, ""epochs"": 10, ""lr"": 0.001, ""weight_decay"": 0.01, ""sampler"": ""balanced"", ""tau"": 0}",15533,17,0,10,0.07130434782608695,NOT RECORDED IN ORIGINAL RUN,NOT RECORDED IN ORIGINAL RUN,0.3445921420249528,"[0.6842105263157895, 0.46153846153846156, 0.2727272727272727, 0.0, 0.8571428571428571, 0.2, 0.3333333333333333, 0.4166666666666667, 0.0, 0.5]",0.5578639095313234,shuffle,historical; see aggregate family ledger,fixed endpoint; no new rerun,enriched development; ROI grouping only; full-proposal evaluation absent,PROMPT_3\ARCHITECTURES\A4\RESULTS\RUNS\p3_A4_shuffle_s17_cv0\history.jsonl
3,A4,p3_A4_shuffle_s17_cv1,A4,Prompt2 A1,"{""id"": ""p3_A4_shuffle_s17_cv1"", ""architecture"": ""A4"", ""control"": ""shuffle"", ""seed"": 17, ""fold"": 1, ""epochs"": 10, ""lr"": 0.001, ""weight_decay"": 0.01, ""sampler"": ""balanced"", ""tau"": 0}",15533,17,1,10,0.07291666666666666,NOT RECORDED IN ORIGINAL RUN,NOT RECORDED IN ORIGINAL RUN,0.29317669505328314,"[0.6071428571428571, 0.0, 0.0, 0.1, 0.6666666666666666, 0.45454545454545453, 0.0, 0.8571428571428571, 0.2222222222222222, 0.25]",0.595399402628677,shuffle,historical; see aggregate family ledger,fixed endpoint; no new rerun,enriched development; ROI grouping only; full-proposal evaluation absent,PROMPT_3\ARCHITECTURES\A4\RESULTS\RUNS\p3_A4_shuffle_s17_cv1\history.jsonl
3,A4,p3_A4_shuffle_s17_cv2,A4,Prompt2 A1,"{""id"": ""p3_A4_shuffle_s17_cv2"", ""architecture"": ""A4"", ""control"": ""shuffle"", ""seed"": 17, ""fold"": 2, ""epochs"": 10, ""lr"": 0.001, ""weight_decay"": 0.01, ""sampler"": ""balanced"", ""tau"": 0}",15533,17,2,10,0.0824822695035461,NOT RECORDED IN ORIGINAL RUN,NOT RECORDED IN ORIGINAL RUN,0.4447552910788205,"[0.5416666666666666, 0.6111111111111112, 0.2857142857142857, 0.14285714285714285, 0.6, 0.875, 0.1, 0.6, 0.7142857142857143, 0.25]",0.44986980113861097,shuffle,historical; see aggregate family ledger,fixed endpoint; no new rerun,enriched development; ROI grouping only; full-proposal evaluation absent,PROMPT_3\ARCHITECTURES\A4\RESULTS\RUNS\p3_A4_shuffle_s17_cv2\history.jsonl
3,A4,p3_A4_shuffle_s29_cv0,A4,Prompt2 A1,"{""id"": ""p3_A4_shuffle_s29_cv0"", ""architecture"": ""A4"", ""control"": ""shuffle"", ""seed"": 29, ""fold"": 0, ""epochs"": 10, ""lr"": 0.001, ""weight_decay"": 0.01, ""sampler"": ""balanced"", ""tau"": 0}",15533,29,0,10,0.06188405797101448,NOT RECORDED IN ORIGINAL RUN,NOT RECORDED IN ORIGINAL RUN,0.3169824293353705,"[0.3157894736842105, 0.07692307692307693, 0.36363636363636365, 0.42857142857142855, 1.0, 0.2, 0.16666666666666666, 0.5, 0.125, 0.5]",0.5582579534229206,shuffle,historical; see aggregate family ledger,fixed endpoint; no new rerun,enriched development; ROI grouping only; full-proposal evaluation absent,PROMPT_3\ARCHITECTURES\A4\RESULTS\RUNS\p3_A4_shuffle_s29_cv0\history.jsonl
3,A4,p3_A4_shuffle_s29_cv1,A4,Prompt2 A1,"{""id"": ""p3_A4_shuffle_s29_cv1"", ""architecture"": ""A4"", ""control"": ""shuffle"", ""seed"": 29, ""fold"": 1, ""epochs"": 10, ""lr"": 0.001, ""weight_decay"": 0.01, ""sampler"": ""balanced"", ""tau"": 0}",15533,29,1,10,0.0753472222222222,NOT RECORDED IN ORIGINAL RUN,NOT RECORDED IN ORIGINAL RUN,0.3556541520670595,"[0.39285714285714285, 0.3333333333333333, 0.3333333333333333, 0.2, 0.5833333333333334, 0.5454545454545454, 0.25, 0.7142857142857143, 0.1111111111111111, 0.25]",0.5215506261413339,shuffle,historical; see aggregate family ledger,fixed endpoint; no new rerun,enriched development; ROI grouping only; full-proposal evaluation absent,PROMPT_3\ARCHITECTURES\A4\RESULTS\RUNS\p3_A4_shuffle_s29_cv1\history.jsonl
3,A4,p3_A4_shuffle_s29_cv2,A4,Prompt2 A1,"{""id"": ""p3_A4_shuffle_s29_cv2"", ""architecture"": ""A4"", ""control"": ""shuffle"", ""seed"": 29, ""fold"": 2, ""epochs"": 10, ""lr"": 0.001, ""weight_decay"": 0.01, ""sampler"": ""balanced"", ""tau"": 0}",15533,29,2,10,0.0851063829787234,NOT RECORDED IN ORIGINAL RUN,NOT RECORDED IN ORIGINAL RUN,0.48115497076023395,"[0.625, 0.5555555555555556, 0.2857142857142857, 0.2857142857142857, 0.8, 0.625, 0.4, 0.6, 0.5714285714285714, 0.125]",0.4152217308449154,shuffle,historical; see aggregate family ledger,fixed endpoint; no new rerun,enriched development; ROI grouping only; full-proposal evaluation absent,PROMPT_3\ARCHITECTURES\A4\RESULTS\RUNS\p3_A4_shuffle_s29_cv2\history.jsonl
3,A4,p3_A4_shuffle_s43_cv0,A4,Prompt2 A1,"{""id"": ""p3_A4_shuffle_s43_cv0"", ""architecture"": ""A4"", ""control"": ""shuffle"", ""seed"": 43, ""fold"": 0, ""epochs"": 10, ""lr"": 0.001, ""weight_decay"": 0.01, ""sampler"": ""balanced"", ""tau"": 0}",15533,43,0,10,0.0763768115942029,NOT RECORDED IN ORIGINAL RUN,NOT RECORDED IN ORIGINAL RUN,0.39134104924020885,"[0.6842105263157895, 0.46153846153846156, 0.2727272727272727, 0.2857142857142857, 0.8571428571428571, 0.2, 0.3333333333333333, 0.3333333333333333, 0.125, 0.5]",0.5238245479313517,shuffle,historical; see aggregate family ledger,fixed endpoint; no new rerun,enriched development; ROI grouping only; full-proposal evaluation absent,PROMPT_3\ARCHITECTURES\A4\RESULTS\RUNS\p3_A4_shuffle_s43_cv0\history.jsonl
3,A4,p3_A4_shuffle_s43_cv1,A4,Prompt2 A1,"{""id"": ""p3_A4_shuffle_s43_cv1"", ""architecture"": ""A4"", ""control"": ""shuffle"", ""seed"": 43, ""fold"": 1, ""epochs"": 10, ""lr"": 0.001, ""weight_decay"": 0.01, ""sampler"": ""balanced"", ""tau"": 0}",15533,43,1,10,0.07618055555555556,NOT RECORDED IN ORIGINAL RUN,NOT RECORDED IN ORIGINAL RUN,0.3429406100298549,"[0.2857142857142857, 0.16666666666666666, 0.3333333333333333, 0.1, 0.6666666666666666, 0.6363636363636364, 0.125, 0.8571428571428571, 0.2222222222222222, 0.3333333333333333]",0.5013534547814513,shuffle,historical; see aggregate family ledger,fixed endpoint; no new rerun,enriched development; ROI grouping only; full-proposal evaluation absent,PROMPT_3\ARCHITECTURES\A4\RESULTS\RUNS\p3_A4_shuffle_s43_cv1\history.jsonl
3,A4,p3_A4_shuffle_s43_cv2,A4,Prompt2 A1,"{""id"": ""p3_A4_shuffle_s43_cv2"", ""architecture"": ""A4"", ""control"": ""shuffle"", ""seed"": 43, ""fold"": 2, ""epochs"": 10, ""lr"": 0.001, ""weight_decay"": 0.01, ""sampler"": ""balanced"", ""tau"": 0}",15533,43,2,10,0.07638297872340424,NOT RECORDED IN ORIGINAL RUN,NOT RECORDED IN ORIGINAL RUN,0.43491008991008995,"[0.4583333333333333, 0.5555555555555556, 0.2857142857142857, 0.14285714285714285, 0.8, 0.75, 0.3, 0.6, 0.5714285714285714, 0.125]",0.46651652330535964,shuffle,historical; see aggregate family ledger,fixed endpoint; no new rerun,enriched development; ROI grouping only; full-proposal evaluation absent,PROMPT_3\ARCHITECTURES\A4\RESULTS\RUNS\p3_A4_shuffle_s43_cv2\history.jsonl
3,A5,p3_A5_placebo_s17_cv0,A5,Prompt2 A1,"{""id"": ""p3_A5_placebo_s17_cv0"", ""architecture"": ""A5"", ""control"": ""placebo"", ""seed"": 17, ""fold"": 0, ""epochs"": 10, ""lr"": 0.001, ""weight_decay"": 0.01, ""sampler"": ""balanced"", ""tau"": 0}",27866,17,0,10,0.07456521739130434,NOT RECORDED IN ORIGINAL RUN,NOT RECORDED IN ORIGINAL RUN,0.35359771202699863,"[0.631578947368421, 0.5384615384615384, 0.36363636363636365, 0.0, 0.8571428571428571, 0.2, 0.16666666666666666, 0.5, 0.0, 0.5]",0.5611586520570966,placebo,historical; see aggregate family ledger,fixed endpoint; no new rerun,enriched development; ROI grouping only; full-proposal evaluation absent,PROMPT_3\ARCHITECTURES\A5\RESULTS\RUNS\p3_A5_placebo_s17_cv0\history.jsonl
3,A5,p3_A5_placebo_s17_cv1,A5,Prompt2 A1,"{""id"": ""p3_A5_placebo_s17_cv1"", ""architecture"": ""A5"", ""control"": ""placebo"", ""seed"": 17, ""fold"": 1, ""epochs"": 10, ""lr"": 0.001, ""weight_decay"": 0.01, ""sampler"": ""balanced"", ""tau"": 0}",27866,17,1,10,0.07256944444444444,NOT RECORDED IN ORIGINAL RUN,NOT RECORDED IN ORIGINAL RUN,0.3118953551578725,"[0.5, 0.16666666666666666, 0.16666666666666666, 0.1, 0.75, 0.45454545454545453, 0.0, 0.8571428571428571, 0.2222222222222222, 0.16666666666666666]",0.5912930180005893,placebo,historical; see aggregate family ledger,fixed endpoint; no new rerun,enriched development; ROI grouping only; full-proposal evaluation absent,PROMPT_3\ARCHITECTURES\A5\RESULTS\RUNS\p3_A5_placebo_s17_cv1\history.jsonl
3,A5,p3_A5_placebo_s17_cv2,A5,Prompt2 A1,"{""id"": ""p3_A5_placebo_s17_cv2"", ""architecture"": ""A5"", ""control"": ""placebo"", ""seed"": 17, ""fold"": 2, ""epochs"": 10, ""lr"": 0.001, ""weight_decay"": 0.01, ""sampler"": ""balanced"", ""tau"": 0}",27866,17,2,10,0.08425531914893616,NOT RECORDED IN ORIGINAL RUN,NOT RECORDED IN ORIGINAL RUN,0.4704072779072779,"[0.5416666666666666, 0.5555555555555556, 0.2857142857142857, 0.0, 0.6, 0.875, 0.4, 0.6, 0.7142857142857143, 0.25]",0.44758025928684186,placebo,historical; see aggregate family ledger,fixed endpoint; no new rerun,enriched development; ROI grouping only; full-proposal evaluation absent,PROMPT_3\ARCHITECTURES\A5\RESULTS\RUNS\p3_A5_placebo_s17_cv2\history.jsonl
3,A5,p3_A5_placebo_s29_cv0,A5,Prompt2 A1,"{""id"": ""p3_A5_placebo_s29_cv0"", ""architecture"": ""A5"", ""control"": ""placebo"", ""seed"": 29, ""fold"": 0, ""epochs"": 10, ""lr"": 0.001, ""weight_decay"": 0.01, ""sampler"": ""balanced"", ""tau"": 0}",27866,29,0,10,0.06159420289855072,NOT RECORDED IN ORIGINAL RUN,NOT RECORDED IN ORIGINAL RUN,0.2915455905575707,"[0.3684210526315789, 0.23076923076923078, 0.2727272727272727, 0.14285714285714285, 0.8571428571428571, 0.0, 0.16666666666666666, 0.5, 0.125, 0.75]",0.5995418870681336,placebo,historical; see aggregate family ledger,fixed endpoint; no new rerun,enriched development; ROI grouping only; full-proposal evaluation absent,PROMPT_3\ARCHITECTURES\A5\RESULTS\RUNS\p3_A5_placebo_s29_cv0\history.jsonl
3,A5,p3_A5_placebo_s29_cv1,A5,Prompt2 A1,"{""id"": ""p3_A5_placebo_s29_cv1"", ""architecture"": ""A5"", ""control"": ""placebo"", ""seed"": 29, ""fold"": 1, ""epochs"": 10, ""lr"": 0.001, ""weight_decay"": 0.01, ""sampler"": ""balanced"", ""tau"": 0}",27866,29,1,10,0.06666666666666665,NOT RECORDED IN ORIGINAL RUN,NOT RECORDED IN ORIGINAL RUN,0.31704800003672184,"[0.42857142857142855, 0.3333333333333333, 0.3333333333333333, 0.2, 0.4166666666666667, 0.36363636363636365, 0.125, 0.7142857142857143, 0.1111111111111111, 0.25]",0.5731289459813412,placebo,historical; see aggregate family ledger,fixed endpoint; no new rerun,enriched development; ROI grouping only; full-proposal evaluation absent,PROMPT_3\ARCHITECTURES\A5\RESULTS\RUNS\p3_A5_placebo_s29_cv1\history.jsonl
3,A5,p3_A5_placebo_s29_cv2,A5,Prompt2 A1,"{""id"": ""p3_A5_placebo_s29_cv2"", ""architecture"": ""A5"", ""control"": ""placebo"", ""seed"": 29, ""fold"": 2, ""epochs"": 10, ""lr"": 0.001, ""weight_decay"": 0.01, ""sampler"": ""balanced"", ""tau"": 0}",27866,29,2,10,0.08723404255319149,NOT RECORDED IN ORIGINAL RUN,NOT RECORDED IN ORIGINAL RUN,0.48717048162736853,"[0.625, 0.5555555555555556, 0.2857142857142857, 0.2857142857142857, 0.8, 0.625, 0.5, 0.6, 0.5714285714285714, 0.125]",0.42272022352086036,placebo,historical; see aggregate family ledger,fixed endpoint; no new rerun,enriched development; ROI grouping only; full-proposal evaluation absent,PROMPT_3\ARCHITECTURES\A5\RESULTS\RUNS\p3_A5_placebo_s29_cv2\history.jsonl
3,A5,p3_A5_placebo_s43_cv0,A5,Prompt2 A1,"{""id"": ""p3_A5_placebo_s43_cv0"", ""architecture"": ""A5"", ""control"": ""placebo"", ""seed"": 43, ""fold"": 0, ""epochs"": 10, ""lr"": 0.001, ""weight_decay"": 0.01, ""sampler"": ""balanced"", ""tau"": 0}",27866,43,0,10,0.0618840579710145,NOT RECORDED IN ORIGINAL RUN,NOT RECORDED IN ORIGINAL RUN,0.29250479679051106,"[0.5789473684210527, 0.3076923076923077, 0.36363636363636365, 0.0, 0.8571428571428571, 0.0, 0.3333333333333333, 0.3333333333333333, 0.125, 0.25]",0.6327053081970915,placebo,historical; see aggregate family ledger,fixed endpoint; no new rerun,enriched development; ROI grouping only; full-proposal evaluation absent,PROMPT_3\ARCHITECTURES\A5\RESULTS\RUNS\p3_A5_placebo_s43_cv0\history.jsonl
3,A5,p3_A5_placebo_s43_cv1,A5,Prompt2 A1,"{""id"": ""p3_A5_placebo_s43_cv1"", ""architecture"": ""A5"", ""control"": ""placebo"", ""seed"": 43, ""fold"": 1, ""epochs"": 10, ""lr"": 0.001, ""weight_decay"": 0.01, ""sampler"": ""balanced"", ""tau"": 0}",27866,43,1,10,0.07006944444444445,NOT RECORDED IN ORIGINAL RUN,NOT RECORDED IN ORIGINAL RUN,0.3274722161053686,"[0.25, 0.3333333333333333, 0.0, 0.1, 0.5833333333333334, 0.5454545454545454, 0.25, 0.8571428571428571, 0.2222222222222222, 0.4166666666666667]",0.5325631247144655,placebo,historical; see aggregate family ledger,fixed endpoint; no new rerun,enriched development; ROI grouping only; full-proposal evaluation absent,PROMPT_3\ARCHITECTURES\A5\RESULTS\RUNS\p3_A5_placebo_s43_cv1\history.jsonl
3,A5,p3_A5_placebo_s43_cv2,A5,Prompt2 A1,"{""id"": ""p3_A5_placebo_s43_cv2"", ""architecture"": ""A5"", ""control"": ""placebo"", ""seed"": 43, ""fold"": 2, ""epochs"": 10, ""lr"": 0.001, ""weight_decay"": 0.01, ""sampler"": ""balanced"", ""tau"": 0}",27866,43,2,10,0.07212765957446808,NOT RECORDED IN ORIGINAL RUN,NOT RECORDED IN ORIGINAL RUN,0.415153222736343,"[0.5833333333333334, 0.4444444444444444, 0.2857142857142857, 0.14285714285714285, 0.6, 0.75, 0.2, 0.6, 0.5714285714285714, 0.125]",0.48693180118775575,placebo,historical; see aggregate family ledger,fixed endpoint; no new rerun,enriched development; ROI grouping only; full-proposal evaluation absent,PROMPT_3\ARCHITECTURES\A5\RESULTS\RUNS\p3_A5_placebo_s43_cv2\history.jsonl
3,A5,p3_A5_real_s17_cv0,A5,Prompt2 A1,"{""id"": ""p3_A5_real_s17_cv0"", ""architecture"": ""A5"", ""control"": ""real"", ""seed"": 17, ""fold"": 0, ""epochs"": 10, ""lr"": 0.001, ""weight_decay"": 0.01, ""sampler"": ""balanced"", ""tau"": 0}",27866,17,0,10,0.07999999999999999,NOT RECORDED IN ORIGINAL RUN,NOT RECORDED IN ORIGINAL RUN,0.39724870657797484,"[0.631578947368421, 0.5384615384615384, 0.2727272727272727, 0.2857142857142857, 0.8571428571428571, 0.4, 0.3333333333333333, 0.4166666666666667, 0.125, 0.25]",0.5266249875039892,real,historical; see aggregate family ledger,fixed endpoint; no new rerun,enriched development; ROI grouping only; full-proposal evaluation absent,PROMPT_3\ARCHITECTURES\A5\RESULTS\RUNS\p3_A5_real_s17_cv0\history.jsonl
3,A5,p3_A5_real_s17_cv1,A5,Prompt2 A1,"{""id"": ""p3_A5_real_s17_cv1"", ""architecture"": ""A5"", ""control"": ""real"", ""seed"": 17, ""fold"": 1, ""epochs"": 10, ""lr"": 0.001, ""weight_decay"": 0.01, ""sampler"": ""balanced"", ""tau"": 0}",27866,17,1,10,0.08645833333333333,NOT RECORDED IN ORIGINAL RUN,NOT RECORDED IN ORIGINAL RUN,0.385980396415179,"[0.5357142857142857, 0.3333333333333333, 0.16666666666666666, 0.3, 0.6666666666666666, 0.6363636363636364, 0.0, 0.8571428571428571, 0.4444444444444444, 0.16666666666666666]",0.5068963817379225,real,historical; see aggregate family ledger,fixed endpoint; no new rerun,enriched development; ROI grouping only; full-proposal evaluation absent,PROMPT_3\ARCHITECTURES\A5\RESULTS\RUNS\p3_A5_real_s17_cv1\history.jsonl
3,A5,p3_A5_real_s17_cv2,A5,Prompt2 A1,"{""id"": ""p3_A5_real_s17_cv2"", ""architecture"": ""A5"", ""control"": ""real"", ""seed"": 17, ""fold"": 2, ""epochs"": 10, ""lr"": 0.001, ""weight_decay"": 0.01, ""sampler"": ""balanced"", ""tau"": 0}",27866,17,2,10,0.09148936170212765,NOT RECORDED IN ORIGINAL RUN,NOT RECORDED IN ORIGINAL RUN,0.4797403576815342,"[0.5416666666666666, 0.6666666666666666, 0.2857142857142857, 0.14285714285714285, 0.6, 0.75, 0.3, 0.6, 0.8571428571428571, 0.25]",0.4387389069659211,real,historical; see aggregate family ledger,fixed endpoint; no new rerun,enriched development; ROI grouping only; full-proposal evaluation absent,PROMPT_3\ARCHITECTURES\A5\RESULTS\RUNS\p3_A5_real_s17_cv2\history.jsonl
3,A5,p3_A5_real_s29_cv0,A5,Prompt2 A1,"{""id"": ""p3_A5_real_s29_cv0"", ""architecture"": ""A5"", ""control"": ""real"", ""seed"": 29, ""fold"": 0, ""epochs"": 10, ""lr"": 0.001, ""weight_decay"": 0.01, ""sampler"": ""balanced"", ""tau"": 0}",27866,29,0,10,0.08289855072463767,NOT RECORDED IN ORIGINAL RUN,NOT RECORDED IN ORIGINAL RUN,0.42724762080025236,"[0.47368421052631576, 0.3076923076923077, 0.5454545454545454, 0.7142857142857143, 1.0, 0.2, 0.16666666666666666, 0.5, 0.125, 0.75]",0.4849787002385635,real,historical; see aggregate family ledger,fixed endpoint; no new rerun,enriched development; ROI grouping only; full-proposal evaluation absent,PROMPT_3\ARCHITECTURES\A5\RESULTS\RUNS\p3_A5_real_s29_cv0\history.jsonl
3,A5,p3_A5_real_s29_cv1,A5,Prompt2 A1,"{""id"": ""p3_A5_real_s29_cv1"", ""architecture"": ""A5"", ""control"": ""real"", ""seed"": 29, ""fold"": 1, ""epochs"": 10, ""lr"": 0.001, ""weight_decay"": 0.01, ""sampler"": ""balanced"", ""tau"": 0}",27866,29,1,10,0.07048611111111111,NOT RECORDED IN ORIGINAL RUN,NOT RECORDED IN ORIGINAL RUN,0.3296897546897547,"[0.42857142857142855, 0.3333333333333333, 0.16666666666666666, 0.3, 0.5, 0.45454545454545453, 0.25, 0.7142857142857143, 0.0, 0.3333333333333333]",0.5568978925833642,real,historical; see aggregate family ledger,fixed endpoint; no new rerun,enriched development; ROI grouping only; full-proposal evaluation absent,PROMPT_3\ARCHITECTURES\A5\RESULTS\RUNS\p3_A5_real_s29_cv1\history.jsonl
3,A5,p3_A5_real_s29_cv2,A5,Prompt2 A1,"{""id"": ""p3_A5_real_s29_cv2"", ""architecture"": ""A5"", ""control"": ""real"", ""seed"": 29, ""fold"": 2, ""epochs"": 10, ""lr"": 0.001, ""weight_decay"": 0.01, ""sampler"": ""balanced"", ""tau"": 0}",27866,29,2,10,0.08794326241134752,NOT RECORDED IN ORIGINAL RUN,NOT RECORDED IN ORIGINAL RUN,0.45315562360372336,"[0.5416666666666666, 0.7777777777777778, 0.2857142857142857, 0.14285714285714285, 0.8, 0.625, 0.3, 0.4, 0.5714285714285714, 0.25]",0.454872359215762,real,historical; see aggregate family ledger,fixed endpoint; no new rerun,enriched development; ROI grouping only; full-proposal evaluation absent,PROMPT_3\ARCHITECTURES\A5\RESULTS\RUNS\p3_A5_real_s29_cv2\history.jsonl
3,A5,p3_A5_real_s43_cv0,A5,Prompt2 A1,"{""id"": ""p3_A5_real_s43_cv0"", ""architecture"": ""A5"", ""control"": ""real"", ""seed"": 43, ""fold"": 0, ""epochs"": 10, ""lr"": 0.001, ""weight_decay"": 0.01, ""sampler"": ""balanced"", ""tau"": 0}",27866,43,0,10,0.08144927536231884,NOT RECORDED IN ORIGINAL RUN,NOT RECORDED IN ORIGINAL RUN,0.4241137685843568,"[0.6842105263157895, 0.6153846153846154, 0.2727272727272727, 0.42857142857142855, 0.5714285714285714, 0.2, 0.3333333333333333, 0.3333333333333333, 0.25, 0.5]",0.5034206000661012,real,historical; see aggregate family ledger,fixed endpoint; no new rerun,enriched development; ROI grouping only; full-proposal evaluation absent,PROMPT_3\ARCHITECTURES\A5\RESULTS\RUNS\p3_A5_real_s43_cv0\history.jsonl
3,A5,p3_A5_real_s43_cv1,A5,Prompt2 A1,"{""id"": ""p3_A5_real_s43_cv1"", ""architecture"": ""A5"", ""control"": ""real"", ""seed"": 43, ""fold"": 1, ""epochs"": 10, ""lr"": 0.001, ""weight_decay"": 0.01, ""sampler"": ""balanced"", ""tau"": 0}",27866,43,1,10,0.0826388888888889,NOT RECORDED IN ORIGINAL RUN,NOT RECORDED IN ORIGINAL RUN,0.3934948065079511,"[0.39285714285714285, 0.3333333333333333, 0.3333333333333333, 0.1, 0.5833333333333334, 0.6363636363636364, 0.375, 0.8571428571428571, 0.2222222222222222, 0.3333333333333333]",0.47107912832914167,real,historical; see aggregate family ledger,fixed endpoint; no new rerun,enriched development; ROI grouping only; full-proposal evaluation absent,PROMPT_3\ARCHITECTURES\A5\RESULTS\RUNS\p3_A5_real_s43_cv1\history.jsonl
3,A5,p3_A5_real_s43_cv2,A5,Prompt2 A1,"{""id"": ""p3_A5_real_s43_cv2"", ""architecture"": ""A5"", ""control"": ""real"", ""seed"": 43, ""fold"": 2, ""epochs"": 10, ""lr"": 0.001, ""weight_decay"": 0.01, ""sampler"": ""balanced"", ""tau"": 0}",27866,43,2,10,0.09361702127659574,NOT RECORDED IN ORIGINAL RUN,NOT RECORDED IN ORIGINAL RUN,0.4804066109329267,"[0.5833333333333334, 0.7777777777777778, 0.2857142857142857, 0.14285714285714285, 0.8, 0.625, 0.2, 0.6, 0.8571428571428571, 0.25]",0.4709242271752946,real,historical; see aggregate family ledger,fixed endpoint; no new rerun,enriched development; ROI grouping only; full-proposal evaluation absent,PROMPT_3\ARCHITECTURES\A5\RESULTS\RUNS\p3_A5_real_s43_cv2\history.jsonl
3,A5,p3_A5_shuffle_s17_cv0,A5,Prompt2 A1,"{""id"": ""p3_A5_shuffle_s17_cv0"", ""architecture"": ""A5"", ""control"": ""shuffle"", ""seed"": 17, ""fold"": 0, ""epochs"": 10, ""lr"": 0.001, ""weight_decay"": 0.01, ""sampler"": ""balanced"", ""tau"": 0}",27866,17,0,10,0.07246376811594202,NOT RECORDED IN ORIGINAL RUN,NOT RECORDED IN ORIGINAL RUN,0.3246031746031746,"[0.7368421052631579, 0.38461538461538464, 0.18181818181818182, 0.0, 0.8571428571428571, 0.0, 0.3333333333333333, 0.5, 0.125, 0.5]",0.5985170128628285,shuffle,historical; see aggregate family ledger,fixed endpoint; no new rerun,enriched development; ROI grouping only; full-proposal evaluation absent,PROMPT_3\ARCHITECTURES\A5\RESULTS\RUNS\p3_A5_shuffle_s17_cv0\history.jsonl
3,A5,p3_A5_shuffle_s17_cv1,A5,Prompt2 A1,"{""id"": ""p3_A5_shuffle_s17_cv1"", ""architecture"": ""A5"", ""control"": ""shuffle"", ""seed"": 17, ""fold"": 1, ""epochs"": 10, ""lr"": 0.001, ""weight_decay"": 0.01, ""sampler"": ""balanced"", ""tau"": 0}",27866,17,1,10,0.06888888888888889,NOT RECORDED IN ORIGINAL RUN,NOT RECORDED IN ORIGINAL RUN,0.2771929900165194,"[0.6071428571428571, 0.0, 0.0, 0.1, 0.6666666666666666, 0.45454545454545453, 0.0, 0.8571428571428571, 0.2222222222222222, 0.08333333333333333]",0.6247074265351511,shuffle,historical; see aggregate family ledger,fixed endpoint; no new rerun,enriched development; ROI grouping only; full-proposal evaluation absent,PROMPT_3\ARCHITECTURES\A5\RESULTS\RUNS\p3_A5_shuffle_s17_cv1\history.jsonl
3,A5,p3_A5_shuffle_s17_cv2,A5,Prompt2 A1,"{""id"": ""p3_A5_shuffle_s17_cv2"", ""architecture"": ""A5"", ""control"": ""shuffle"", ""seed"": 17, ""fold"": 2, ""epochs"": 10, ""lr"": 0.001, ""weight_decay"": 0.01, ""sampler"": ""balanced"", ""tau"": 0}",27866,17,2,10,0.08460992907801418,NOT RECORDED IN ORIGINAL RUN,NOT RECORDED IN ORIGINAL RUN,0.4574889007206081,"[0.5416666666666666, 0.6666666666666666, 0.2857142857142857, 0.14285714285714285, 0.6, 0.875, 0.1, 0.6, 0.5714285714285714, 0.375]",0.4714640937804323,shuffle,historical; see aggregate family ledger,fixed endpoint; no new rerun,enriched development; ROI grouping only; full-proposal evaluation absent,PROMPT_3\ARCHITECTURES\A5\RESULTS\RUNS\p3_A5_shuffle_s17_cv2\history.jsonl
3,A5,p3_A5_shuffle_s29_cv0,A5,Prompt2 A1,"{""id"": ""p3_A5_shuffle_s29_cv0"", ""architecture"": ""A5"", ""control"": ""shuffle"", ""seed"": 29, ""fold"": 0, ""epochs"": 10, ""lr"": 0.001, ""weight_decay"": 0.01, ""sampler"": ""balanced"", ""tau"": 0}",27866,29,0,10,0.05688405797101449,NOT RECORDED IN ORIGINAL RUN,NOT RECORDED IN ORIGINAL RUN,0.2631788472964943,"[0.3684210526315789, 0.3076923076923077, 0.09090909090909091, 0.14285714285714285, 0.8571428571428571, 0.0, 0.3333333333333333, 0.5833333333333334, 0.0, 0.25]",0.6327437437891402,shuffle,historical; see aggregate family ledger,fixed endpoint; no new rerun,enriched development; ROI grouping only; full-proposal evaluation absent,PROMPT_3\ARCHITECTURES\A5\RESULTS\RUNS\p3_A5_shuffle_s29_cv0\history.jsonl
3,A5,p3_A5_shuffle_s29_cv1,A5,Prompt2 A1,"{""id"": ""p3_A5_shuffle_s29_cv1"", ""architecture"": ""A5"", ""control"": ""shuffle"", ""seed"": 29, ""fold"": 1, ""epochs"": 10, ""lr"": 0.001, ""weight_decay"": 0.01, ""sampler"": ""balanced"", ""tau"": 0}",27866,29,1,10,0.07465277777777778,NOT RECORDED IN ORIGINAL RUN,NOT RECORDED IN ORIGINAL RUN,0.3502696523749155,"[0.35714285714285715, 0.5, 0.3333333333333333, 0.2, 0.5833333333333334, 0.5454545454545454, 0.125, 0.8571428571428571, 0.1111111111111111, 0.16666666666666666]",0.5341780388227757,shuffle,historical; see aggregate family ledger,fixed endpoint; no new rerun,enriched development; ROI grouping only; full-proposal evaluation absent,PROMPT_3\ARCHITECTURES\A5\RESULTS\RUNS\p3_A5_shuffle_s29_cv1\history.jsonl
3,A5,p3_A5_shuffle_s29_cv2,A5,Prompt2 A1,"{""id"": ""p3_A5_shuffle_s29_cv2"", ""architecture"": ""A5"", ""control"": ""shuffle"", ""seed"": 29, ""fold"": 2, ""epochs"": 10, ""lr"": 0.001, ""weight_decay"": 0.01, ""sampler"": ""balanced"", ""tau"": 0}",27866,29,2,10,0.08106382978723405,NOT RECORDED IN ORIGINAL RUN,NOT RECORDED IN ORIGINAL RUN,0.45469321061758033,"[0.625, 0.5, 0.2857142857142857, 0.0, 1.0, 0.75, 0.3, 0.6, 0.5714285714285714, 0.125]",0.45972099435470076,shuffle,historical; see aggregate family ledger,fixed endpoint; no new rerun,enriched development; ROI grouping only; full-proposal evaluation absent,PROMPT_3\ARCHITECTURES\A5\RESULTS\RUNS\p3_A5_shuffle_s29_cv2\history.jsonl
3,A5,p3_A5_shuffle_s43_cv0,A5,Prompt2 A1,"{""id"": ""p3_A5_shuffle_s43_cv0"", ""architecture"": ""A5"", ""control"": ""shuffle"", ""seed"": 43, ""fold"": 0, ""epochs"": 10, ""lr"": 0.001, ""weight_decay"": 0.01, ""sampler"": ""balanced"", ""tau"": 0}",27866,43,0,10,0.06804347826086957,NOT RECORDED IN ORIGINAL RUN,NOT RECORDED IN ORIGINAL RUN,0.3743178250321107,"[0.5263157894736842, 0.38461538461538464, 0.2727272727272727, 0.2857142857142857, 0.8571428571428571, 0.4, 0.3333333333333333, 0.3333333333333333, 0.125, 0.25]",0.5366878165471962,shuffle,historical; see aggregate family ledger,fixed endpoint; no new rerun,enriched development; ROI grouping only; full-proposal evaluation absent,PROMPT_3\ARCHITECTURES\A5\RESULTS\RUNS\p3_A5_shuffle_s43_cv0\history.jsonl
3,A5,p3_A5_shuffle_s43_cv1,A5,Prompt2 A1,"{""id"": ""p3_A5_shuffle_s43_cv1"", ""architecture"": ""A5"", ""control"": ""shuffle"", ""seed"": 43, ""fold"": 1, ""epochs"": 10, ""lr"": 0.001, ""weight_decay"": 0.01, ""sampler"": ""balanced"", ""tau"": 0}",27866,43,1,10,0.07652777777777778,NOT RECORDED IN ORIGINAL RUN,NOT RECORDED IN ORIGINAL RUN,0.35183098107057936,"[0.32142857142857145, 0.3333333333333333, 0.3333333333333333, 0.1, 0.5833333333333334, 0.6363636363636364, 0.125, 0.8571428571428571, 0.2222222222222222, 0.3333333333333333]",0.5197569929367494,shuffle,historical; see aggregate family ledger,fixed endpoint; no new rerun,enriched development; ROI grouping only; full-proposal evaluation absent,PROMPT_3\ARCHITECTURES\A5\RESULTS\RUNS\p3_A5_shuffle_s43_cv1\history.jsonl
3,A5,p3_A5_shuffle_s43_cv2,A5,Prompt2 A1,"{""id"": ""p3_A5_shuffle_s43_cv2"", ""architecture"": ""A5"", ""control"": ""shuffle"", ""seed"": 43, ""fold"": 2, ""epochs"": 10, ""lr"": 0.001, ""weight_decay"": 0.01, ""sampler"": ""balanced"", ""tau"": 0}",27866,43,2,10,0.07695035460992908,NOT RECORDED IN ORIGINAL RUN,NOT RECORDED IN ORIGINAL RUN,0.44356286128731953,"[0.4166666666666667, 0.6111111111111112, 0.2857142857142857, 0.14285714285714285, 0.6, 0.75, 0.3, 0.6, 0.7142857142857143, 0.25]",0.486781986041891,shuffle,historical; see aggregate family ledger,fixed endpoint; no new rerun,enriched development; ROI grouping only; full-proposal evaluation absent,PROMPT_3\ARCHITECTURES\A5\RESULTS\RUNS\p3_A5_shuffle_s43_cv2\history.jsonl
3,A5,p3_confirm_A5_s17,A5,Prompt2 A1,"{""id"": ""p3_confirm_A5_s17"", ""architecture"": ""A5"", ""control"": ""real"", ""seed"": 17, ""fold"": -1, ""epochs"": 10, ""lr"": 0.001, ""weight_decay"": 0.01, ""sampler"": ""balanced"", ""tau"": 0, ""evaluation"": ""one post-selection confirmation on reused original150; not external""}",27866,17,-1,10,0.1455119047619048,NOT RECORDED IN ORIGINAL RUN,NOT RECORDED IN ORIGINAL RUN,0.565542450844175,"[0.7948717948717948, 0.4, 0.5833333333333334, 0.16666666666666666, 0.75, 0.9166666666666666, 0.4166666666666667, 0.8333333333333334, 0.5, 0.3333333333333333]",0.3662069550416608,real,historical; see aggregate family ledger,fixed endpoint; no new rerun,enriched development; ROI grouping only; full-proposal evaluation absent,PROMPT_3\ARCHITECTURES\A5\RESULTS\RUNS\p3_confirm_A5_s17\history.jsonl
3,A5,p3_confirm_A5_s29,A5,Prompt2 A1,"{""id"": ""p3_confirm_A5_s29"", ""architecture"": ""A5"", ""control"": ""real"", ""seed"": 29, ""fold"": -1, ""epochs"": 10, ""lr"": 0.001, ""weight_decay"": 0.01, ""sampler"": ""balanced"", ""tau"": 0, ""evaluation"": ""one post-selection confirmation on reused original150; not external""}",27866,29,-1,10,0.1451547619047619,NOT RECORDED IN ORIGINAL RUN,NOT RECORDED IN ORIGINAL RUN,0.5741634753740466,"[0.717948717948718, 0.4, 0.5833333333333334, 0.16666666666666666, 0.75, 1.0, 0.5, 0.8333333333333334, 0.5, 0.4166666666666667]",0.33174809187768817,real,historical; see aggregate family ledger,fixed endpoint; no new rerun,enriched development; ROI grouping only; full-proposal evaluation absent,PROMPT_3\ARCHITECTURES\A5\RESULTS\RUNS\p3_confirm_A5_s29\history.jsonl
3,A5,p3_confirm_A5_s43,A5,Prompt2 A1,"{""id"": ""p3_confirm_A5_s43"", ""architecture"": ""A5"", ""control"": ""real"", ""seed"": 43, ""fold"": -1, ""epochs"": 10, ""lr"": 0.001, ""weight_decay"": 0.01, ""sampler"": ""balanced"", ""tau"": 0, ""evaluation"": ""one post-selection confirmation on reused original150; not external""}",27866,43,-1,10,0.1405297619047619,NOT RECORDED IN ORIGINAL RUN,NOT RECORDED IN ORIGINAL RUN,0.5761960403817878,"[0.7692307692307693, 0.6, 0.4166666666666667, 0.4166666666666667, 0.5833333333333334, 0.9166666666666666, 0.6666666666666666, 0.8333333333333334, 0.4166666666666667, 0.16666666666666666]",0.3468909448097076,real,historical; see aggregate family ledger,fixed endpoint; no new rerun,enriched development; ROI grouping only; full-proposal evaluation absent,PROMPT_3\ARCHITECTURES\A5\RESULTS\RUNS\p3_confirm_A5_s43\history.jsonl
3,A6,p3_A6_placebo_s17_cv0,A6,Prompt2 A1,"{""id"": ""p3_A6_placebo_s17_cv0"", ""architecture"": ""A6"", ""control"": ""placebo"", ""seed"": 17, ""fold"": 0, ""epochs"": 10, ""lr"": 0.001, ""weight_decay"": 0.01, ""sampler"": ""balanced"", ""tau"": 0}",50026,17,0,10,0.0771014492753623,NOT RECORDED IN ORIGINAL RUN,NOT RECORDED IN ORIGINAL RUN,0.4059073842302879,"[0.6842105263157895, 0.38461538461538464, 0.45454545454545453, 0.14285714285714285, 0.8571428571428571, 0.2, 0.3333333333333333, 0.4166666666666667, 0.125, 0.5]",0.4487762241412904,placebo,historical; see aggregate family ledger,fixed endpoint; no new rerun,enriched development; ROI grouping only; full-proposal evaluation absent,PROMPT_3\ARCHITECTURES\A6\RESULTS\RUNS\p3_A6_placebo_s17_cv0\history.jsonl
3,A6,p3_A6_placebo_s17_cv1,A6,Prompt2 A1,"{""id"": ""p3_A6_placebo_s17_cv1"", ""architecture"": ""A6"", ""control"": ""placebo"", ""seed"": 17, ""fold"": 1, ""epochs"": 10, ""lr"": 0.001, ""weight_decay"": 0.01, ""sampler"": ""balanced"", ""tau"": 0}",50026,17,1,10,0.07999999999999999,NOT RECORDED IN ORIGINAL RUN,NOT RECORDED IN ORIGINAL RUN,0.3318801477657849,"[0.5714285714285714, 0.0, 0.0, 0.2, 0.8333333333333334, 0.36363636363636365, 0.125, 0.8571428571428571, 0.2222222222222222, 0.4166666666666667]",0.5266624213278596,placebo,historical; see aggregate family ledger,fixed endpoint; no new rerun,enriched development; ROI grouping only; full-proposal evaluation absent,PROMPT_3\ARCHITECTURES\A6\RESULTS\RUNS\p3_A6_placebo_s17_cv1\history.jsonl
3,A6,p3_A6_placebo_s17_cv2,A6,Prompt2 A1,"{""id"": ""p3_A6_placebo_s17_cv2"", ""architecture"": ""A6"", ""control"": ""placebo"", ""seed"": 17, ""fold"": 2, ""epochs"": 10, ""lr"": 0.001, ""weight_decay"": 0.01, ""sampler"": ""balanced"", ""tau"": 0}",50026,17,2,10,0.07680851063829787,NOT RECORDED IN ORIGINAL RUN,NOT RECORDED IN ORIGINAL RUN,0.409311764640082,"[0.625, 0.5555555555555556, 0.2857142857142857, 0.14285714285714285, 0.6, 0.75, 0.0, 0.6, 0.5714285714285714, 0.25]",0.49598205902389947,placebo,historical; see aggregate family ledger,fixed endpoint; no new rerun,enriched development; ROI grouping only; full-proposal evaluation absent,PROMPT_3\ARCHITECTURES\A6\RESULTS\RUNS\p3_A6_placebo_s17_cv2\history.jsonl
3,A6,p3_A6_placebo_s29_cv0,A6,Prompt2 A1,"{""id"": ""p3_A6_placebo_s29_cv0"", ""architecture"": ""A6"", ""control"": ""placebo"", ""seed"": 29, ""fold"": 0, ""epochs"": 10, ""lr"": 0.001, ""weight_decay"": 0.01, ""sampler"": ""balanced"", ""tau"": 0}",50026,29,0,10,0.06333333333333332,NOT RECORDED IN ORIGINAL RUN,NOT RECORDED IN ORIGINAL RUN,0.335389237199582,"[0.21052631578947367, 0.07692307692307693, 0.36363636363636365, 0.5714285714285714, 1.0, 0.4, 0.3333333333333333, 0.5833333333333334, 0.0, 0.5]",0.4940005456074107,placebo,historical; see aggregate family ledger,fixed endpoint; no new rerun,enriched development; ROI grouping only; full-proposal evaluation absent,PROMPT_3\ARCHITECTURES\A6\RESULTS\RUNS\p3_A6_placebo_s29_cv0\history.jsonl
3,A6,p3_A6_placebo_s29_cv1,A6,Prompt2 A1,"{""id"": ""p3_A6_placebo_s29_cv1"", ""architecture"": ""A6"", ""control"": ""placebo"", ""seed"": 29, ""fold"": 1, ""epochs"": 10, ""lr"": 0.001, ""weight_decay"": 0.01, ""sampler"": ""balanced"", ""tau"": 0}",50026,29,1,10,0.07715277777777776,NOT RECORDED IN ORIGINAL RUN,NOT RECORDED IN ORIGINAL RUN,0.3482369125127746,"[0.35714285714285715, 0.5, 0.3333333333333333, 0.1, 0.8333333333333334, 0.6363636363636364, 0.125, 0.7142857142857143, 0.2222222222222222, 0.08333333333333333]",0.45905787465252573,placebo,historical; see aggregate family ledger,fixed endpoint; no new rerun,enriched development; ROI grouping only; full-proposal evaluation absent,PROMPT_3\ARCHITECTURES\A6\RESULTS\RUNS\p3_A6_placebo_s29_cv1\history.jsonl
3,A6,p3_A6_placebo_s29_cv2,A6,Prompt2 A1,"{""id"": ""p3_A6_placebo_s29_cv2"", ""architecture"": ""A6"", ""control"": ""placebo"", ""seed"": 29, ""fold"": 2, ""epochs"": 10, ""lr"": 0.001, ""weight_decay"": 0.01, ""sampler"": ""balanced"", ""tau"": 0}",50026,29,2,10,0.08425531914893616,NOT RECORDED IN ORIGINAL RUN,NOT RECORDED IN ORIGINAL RUN,0.46566112808759874,"[0.625, 0.6111111111111112, 0.2857142857142857, 0.14285714285714285, 1.0, 0.5, 0.5, 0.6, 0.5714285714285714, 0.125]",0.4061841355865935,placebo,historical; see aggregate family ledger,fixed endpoint; no new rerun,enriched development; ROI grouping only; full-proposal evaluation absent,PROMPT_3\ARCHITECTURES\A6\RESULTS\RUNS\p3_A6_placebo_s29_cv2\history.jsonl
3,A6,p3_A6_placebo_s43_cv0,A6,Prompt2 A1,"{""id"": ""p3_A6_placebo_s43_cv0"", ""architecture"": ""A6"", ""control"": ""placebo"", ""seed"": 43, ""fold"": 0, ""epochs"": 10, ""lr"": 0.001, ""weight_decay"": 0.01, ""sampler"": ""balanced"", ""tau"": 0}",50026,43,0,10,0.06985507246376811,NOT RECORDED IN ORIGINAL RUN,NOT RECORDED IN ORIGINAL RUN,0.3240838472336655,"[0.5263157894736842, 0.46153846153846156, 0.36363636363636365, 0.14285714285714285, 0.8571428571428571, 0.0, 0.16666666666666666, 0.5, 0.0, 0.5]",0.5220748539414046,placebo,historical; see aggregate family ledger,fixed endpoint; no new rerun,enriched development; ROI grouping only; full-proposal evaluation absent,PROMPT_3\ARCHITECTURES\A6\RESULTS\RUNS\p3_A6_placebo_s43_cv0\history.jsonl
3,A6,p3_A6_placebo_s43_cv1,A6,Prompt2 A1,"{""id"": ""p3_A6_placebo_s43_cv1"", ""architecture"": ""A6"", ""control"": ""placebo"", ""seed"": 43, ""fold"": 1, ""epochs"": 10, ""lr"": 0.001, ""weight_decay"": 0.01, ""sampler"": ""balanced"", ""tau"": 0}",50026,43,1,10,0.06486111111111112,NOT RECORDED IN ORIGINAL RUN,NOT RECORDED IN ORIGINAL RUN,0.31233172624476974,"[0.2857142857142857, 0.16666666666666666, 0.16666666666666666, 0.1, 0.5, 0.36363636363636365, 0.25, 0.8571428571428571, 0.2222222222222222, 0.3333333333333333]",0.5303164515216738,placebo,historical; see aggregate family ledger,fixed endpoint; no new rerun,enriched development; ROI grouping only; full-proposal evaluation absent,PROMPT_3\ARCHITECTURES\A6\RESULTS\RUNS\p3_A6_placebo_s43_cv1\history.jsonl
3,A6,p3_A6_placebo_s43_cv2,A6,Prompt2 A1,"{""id"": ""p3_A6_placebo_s43_cv2"", ""architecture"": ""A6"", ""control"": ""placebo"", ""seed"": 43, ""fold"": 2, ""epochs"": 10, ""lr"": 0.001, ""weight_decay"": 0.01, ""sampler"": ""balanced"", ""tau"": 0}",50026,43,2,10,0.07432624113475177,NOT RECORDED IN ORIGINAL RUN,NOT RECORDED IN ORIGINAL RUN,0.42371315239799634,"[0.4583333333333333, 0.5, 0.2857142857142857, 0.14285714285714285, 1.0, 0.625, 0.4, 0.6, 0.5714285714285714, 0.125]",0.4925297419011222,placebo,historical; see aggregate family ledger,fixed endpoint; no new rerun,enriched development; ROI grouping only; full-proposal evaluation absent,PROMPT_3\ARCHITECTURES\A6\RESULTS\RUNS\p3_A6_placebo_s43_cv2\history.jsonl
3,A6,p3_A6_real_s17_cv0,A6,Prompt2 A1,"{""id"": ""p3_A6_real_s17_cv0"", ""architecture"": ""A6"", ""control"": ""real"", ""seed"": 17, ""fold"": 0, ""epochs"": 10, ""lr"": 0.001, ""weight_decay"": 0.01, ""sampler"": ""balanced"", ""tau"": 0}",50026,17,0,10,0.07855072463768116,NOT RECORDED IN ORIGINAL RUN,NOT RECORDED IN ORIGINAL RUN,0.4254644362850272,"[0.631578947368421, 0.38461538461538464, 0.5454545454545454, 0.14285714285714285, 0.8571428571428571, 0.4, 0.3333333333333333, 0.4166666666666667, 0.125, 0.5]",0.43225758901874506,real,historical; see aggregate family ledger,fixed endpoint; no new rerun,enriched development; ROI grouping only; full-proposal evaluation absent,PROMPT_3\ARCHITECTURES\A6\RESULTS\RUNS\p3_A6_real_s17_cv0\history.jsonl
3,A6,p3_A6_real_s17_cv1,A6,Prompt2 A1,"{""id"": ""p3_A6_real_s17_cv1"", ""architecture"": ""A6"", ""control"": ""real"", ""seed"": 17, ""fold"": 1, ""epochs"": 10, ""lr"": 0.001, ""weight_decay"": 0.01, ""sampler"": ""balanced"", ""tau"": 0}",50026,17,1,10,0.08312500000000002,NOT RECORDED IN ORIGINAL RUN,NOT RECORDED IN ORIGINAL RUN,0.35597783825370033,"[0.6071428571428571, 0.16666666666666666, 0.0, 0.2, 0.8333333333333334, 0.45454545454545453, 0.125, 0.8571428571428571, 0.2222222222222222, 0.3333333333333333]",0.5249220371873144,real,historical; see aggregate family ledger,fixed endpoint; no new rerun,enriched development; ROI grouping only; full-proposal evaluation absent,PROMPT_3\ARCHITECTURES\A6\RESULTS\RUNS\p3_A6_real_s17_cv1\history.jsonl
3,A6,p3_A6_real_s17_cv2,A6,Prompt2 A1,"{""id"": ""p3_A6_real_s17_cv2"", ""architecture"": ""A6"", ""control"": ""real"", ""seed"": 17, ""fold"": 2, ""epochs"": 10, ""lr"": 0.001, ""weight_decay"": 0.01, ""sampler"": ""balanced"", ""tau"": 0}",50026,17,2,10,0.08141843971631205,NOT RECORDED IN ORIGINAL RUN,NOT RECORDED IN ORIGINAL RUN,0.4249417249417249,"[0.625, 0.5555555555555556, 0.2857142857142857, 0.14285714285714285, 0.6, 0.75, 0.0, 0.6, 0.7142857142857143, 0.375]",0.4744852771968985,real,historical; see aggregate family ledger,fixed endpoint; no new rerun,enriched development; ROI grouping only; full-proposal evaluation absent,PROMPT_3\ARCHITECTURES\A6\RESULTS\RUNS\p3_A6_real_s17_cv2\history.jsonl
3,A6,p3_A6_real_s29_cv0,A6,Prompt2 A1,"{""id"": ""p3_A6_real_s29_cv0"", ""architecture"": ""A6"", ""control"": ""real"", ""seed"": 29, ""fold"": 0, ""epochs"": 10, ""lr"": 0.001, ""weight_decay"": 0.01, ""sampler"": ""balanced"", ""tau"": 0}",50026,29,0,10,0.0738405797101449,NOT RECORDED IN ORIGINAL RUN,NOT RECORDED IN ORIGINAL RUN,0.3921529947100753,"[0.21052631578947367, 0.15384615384615385, 0.5454545454545454, 0.7142857142857143, 1.0, 0.6, 0.3333333333333333, 0.5833333333333334, 0.0, 0.5]",0.4454127178919021,real,historical; see aggregate family ledger,fixed endpoint; no new rerun,enriched development; ROI grouping only; full-proposal evaluation absent,PROMPT_3\ARCHITECTURES\A6\RESULTS\RUNS\p3_A6_real_s29_cv0\history.jsonl
3,A6,p3_A6_real_s29_cv1,A6,Prompt2 A1,"{""id"": ""p3_A6_real_s29_cv1"", ""architecture"": ""A6"", ""control"": ""real"", ""seed"": 29, ""fold"": 1, ""epochs"": 10, ""lr"": 0.001, ""weight_decay"": 0.01, ""sampler"": ""balanced"", ""tau"": 0}",50026,29,1,10,0.078125,NOT RECORDED IN ORIGINAL RUN,NOT RECORDED IN ORIGINAL RUN,0.35502247752247756,"[0.39285714285714285, 0.5, 0.3333333333333333, 0.2, 0.75, 0.6363636363636364, 0.125, 0.7142857142857143, 0.2222222222222222, 0.08333333333333333]",0.47111895051037317,real,historical; see aggregate family ledger,fixed endpoint; no new rerun,enriched development; ROI grouping only; full-proposal evaluation absent,PROMPT_3\ARCHITECTURES\A6\RESULTS\RUNS\p3_A6_real_s29_cv1\history.jsonl
3,A6,p3_A6_real_s29_cv2,A6,Prompt2 A1,"{""id"": ""p3_A6_real_s29_cv2"", ""architecture"": ""A6"", ""control"": ""real"", ""seed"": 29, ""fold"": 2, ""epochs"": 10, ""lr"": 0.001, ""weight_decay"": 0.01, ""sampler"": ""balanced"", ""tau"": 0}",50026,29,2,10,0.08602836879432624,NOT RECORDED IN ORIGINAL RUN,NOT RECORDED IN ORIGINAL RUN,0.4661145566732482,"[0.6666666666666666, 0.7222222222222222, 0.2857142857142857, 0.14285714285714285, 1.0, 0.375, 0.5, 0.6, 0.42857142857142855, 0.125]",0.4088595452175269,real,historical; see aggregate family ledger,fixed endpoint; no new rerun,enriched development; ROI grouping only; full-proposal evaluation absent,PROMPT_3\ARCHITECTURES\A6\RESULTS\RUNS\p3_A6_real_s29_cv2\history.jsonl
3,A6,p3_A6_real_s43_cv0,A6,Prompt2 A1,"{""id"": ""p3_A6_real_s43_cv0"", ""architecture"": ""A6"", ""control"": ""real"", ""seed"": 43, ""fold"": 0, ""epochs"": 10, ""lr"": 0.001, ""weight_decay"": 0.01, ""sampler"": ""balanced"", ""tau"": 0}",50026,43,0,10,0.07166666666666667,NOT RECORDED IN ORIGINAL RUN,NOT RECORDED IN ORIGINAL RUN,0.34940781440781443,"[0.42105263157894735, 0.46153846153846156, 0.36363636363636365, 0.2857142857142857, 1.0, 0.0, 0.3333333333333333, 0.5, 0.0, 0.5]",0.49460033031461603,real,historical; see aggregate family ledger,fixed endpoint; no new rerun,enriched development; ROI grouping only; full-proposal evaluation absent,PROMPT_3\ARCHITECTURES\A6\RESULTS\RUNS\p3_A6_real_s43_cv0\history.jsonl
3,A6,p3_A6_real_s43_cv1,A6,Prompt2 A1,"{""id"": ""p3_A6_real_s43_cv1"", ""architecture"": ""A6"", ""control"": ""real"", ""seed"": 43, ""fold"": 1, ""epochs"": 10, ""lr"": 0.001, ""weight_decay"": 0.01, ""sampler"": ""balanced"", ""tau"": 0}",50026,43,1,10,0.07194444444444445,NOT RECORDED IN ORIGINAL RUN,NOT RECORDED IN ORIGINAL RUN,0.3466326591058643,"[0.32142857142857145, 0.16666666666666666, 0.16666666666666666, 0.4, 0.4166666666666667, 0.6363636363636364, 0.25, 0.8571428571428571, 0.2222222222222222, 0.25]",0.49723896188402256,real,historical; see aggregate family ledger,fixed endpoint; no new rerun,enriched development; ROI grouping only; full-proposal evaluation absent,PROMPT_3\ARCHITECTURES\A6\RESULTS\RUNS\p3_A6_real_s43_cv1\history.jsonl
3,A6,p3_A6_real_s43_cv2,A6,Prompt2 A1,"{""id"": ""p3_A6_real_s43_cv2"", ""architecture"": ""A6"", ""control"": ""real"", ""seed"": 43, ""fold"": 2, ""epochs"": 10, ""lr"": 0.001, ""weight_decay"": 0.01, ""sampler"": ""balanced"", ""tau"": 0}",50026,43,2,10,0.08191489361702127,NOT RECORDED IN ORIGINAL RUN,NOT RECORDED IN ORIGINAL RUN,0.4584782606454432,"[0.5, 0.6111111111111112, 0.2857142857142857, 0.14285714285714285, 1.0, 0.5, 0.4, 0.6, 0.7142857142857143, 0.25]",0.4500737181398012,real,historical; see aggregate family ledger,fixed endpoint; no new rerun,enriched development; ROI grouping only; full-proposal evaluation absent,PROMPT_3\ARCHITECTURES\A6\RESULTS\RUNS\p3_A6_real_s43_cv2\history.jsonl
3,A6,p3_A6_shuffle_s17_cv0,A6,Prompt2 A1,"{""id"": ""p3_A6_shuffle_s17_cv0"", ""architecture"": ""A6"", ""control"": ""shuffle"", ""seed"": 17, ""fold"": 0, ""epochs"": 10, ""lr"": 0.001, ""weight_decay"": 0.01, ""sampler"": ""balanced"", ""tau"": 0}",50026,17,0,10,0.0757246376811594,NOT RECORDED IN ORIGINAL RUN,NOT RECORDED IN ORIGINAL RUN,0.3780477259238869,"[0.7368421052631579, 0.3076923076923077, 0.36363636363636365, 0.0, 1.0, 0.2, 0.3333333333333333, 0.4166666666666667, 0.125, 0.5]",0.46423342168830883,shuffle,historical; see aggregate family ledger,fixed endpoint; no new rerun,enriched development; ROI grouping only; full-proposal evaluation absent,PROMPT_3\ARCHITECTURES\A6\RESULTS\RUNS\p3_A6_shuffle_s17_cv0\history.jsonl
3,A6,p3_A6_shuffle_s17_cv1,A6,Prompt2 A1,"{""id"": ""p3_A6_shuffle_s17_cv1"", ""architecture"": ""A6"", ""control"": ""shuffle"", ""seed"": 17, ""fold"": 1, ""epochs"": 10, ""lr"": 0.001, ""weight_decay"": 0.01, ""sampler"": ""balanced"", ""tau"": 0}",50026,17,1,10,0.07888888888888888,NOT RECORDED IN ORIGINAL RUN,NOT RECORDED IN ORIGINAL RUN,0.3164340013281769,"[0.5357142857142857, 0.0, 0.0, 0.2, 0.8333333333333334, 0.45454545454545453, 0.0, 1.0, 0.2222222222222222, 0.3333333333333333]",0.5439787919498799,shuffle,historical; see aggregate family ledger,fixed endpoint; no new rerun,enriched development; ROI grouping only; full-proposal evaluation absent,PROMPT_3\ARCHITECTURES\A6\RESULTS\RUNS\p3_A6_shuffle_s17_cv1\history.jsonl
3,A6,p3_A6_shuffle_s17_cv2,A6,Prompt2 A1,"{""id"": ""p3_A6_shuffle_s17_cv2"", ""architecture"": ""A6"", ""control"": ""shuffle"", ""seed"": 17, ""fold"": 2, ""epochs"": 10, ""lr"": 0.001, ""weight_decay"": 0.01, ""sampler"": ""balanced"", ""tau"": 0}",50026,17,2,10,0.07468085106382978,NOT RECORDED IN ORIGINAL RUN,NOT RECORDED IN ORIGINAL RUN,0.40021104993721623,"[0.5416666666666666, 0.5555555555555556, 0.2857142857142857, 0.14285714285714285, 0.6, 0.75, 0.0, 0.6, 0.7142857142857143, 0.25]",0.48812670640128464,shuffle,historical; see aggregate family ledger,fixed endpoint; no new rerun,enriched development; ROI grouping only; full-proposal evaluation absent,PROMPT_3\ARCHITECTURES\A6\RESULTS\RUNS\p3_A6_shuffle_s17_cv2\history.jsonl
3,A6,p3_A6_shuffle_s29_cv0,A6,Prompt2 A1,"{""id"": ""p3_A6_shuffle_s29_cv0"", ""architecture"": ""A6"", ""control"": ""shuffle"", ""seed"": 29, ""fold"": 0, ""epochs"": 10, ""lr"": 0.001, ""weight_decay"": 0.01, ""sampler"": ""balanced"", ""tau"": 0}",50026,29,0,10,0.06963768115942029,NOT RECORDED IN ORIGINAL RUN,NOT RECORDED IN ORIGINAL RUN,0.3737655766118764,"[0.2631578947368421, 0.15384615384615385, 0.45454545454545453, 0.42857142857142855, 1.0, 0.6, 0.3333333333333333, 0.5833333333333334, 0.0, 0.5]",0.4403813902970603,shuffle,historical; see aggregate family ledger,fixed endpoint; no new rerun,enriched development; ROI grouping only; full-proposal evaluation absent,PROMPT_3\ARCHITECTURES\A6\RESULTS\RUNS\p3_A6_shuffle_s29_cv0\history.jsonl
3,A6,p3_A6_shuffle_s29_cv1,A6,Prompt2 A1,"{""id"": ""p3_A6_shuffle_s29_cv1"", ""architecture"": ""A6"", ""control"": ""shuffle"", ""seed"": 29, ""fold"": 1, ""epochs"": 10, ""lr"": 0.001, ""weight_decay"": 0.01, ""sampler"": ""balanced"", ""tau"": 0}",50026,29,1,10,0.0804861111111111,NOT RECORDED IN ORIGINAL RUN,NOT RECORDED IN ORIGINAL RUN,0.35991274094691506,"[0.32142857142857145, 0.5, 0.3333333333333333, 0.2, 0.8333333333333334, 0.7272727272727273, 0.125, 0.7142857142857143, 0.2222222222222222, 0.08333333333333333]",0.4749759456692456,shuffle,historical; see aggregate family ledger,fixed endpoint; no new rerun,enriched development; ROI grouping only; full-proposal evaluation absent,PROMPT_3\ARCHITECTURES\A6\RESULTS\RUNS\p3_A6_shuffle_s29_cv1\history.jsonl
3,A6,p3_A6_shuffle_s29_cv2,A6,Prompt2 A1,"{""id"": ""p3_A6_shuffle_s29_cv2"", ""architecture"": ""A6"", ""control"": ""shuffle"", ""seed"": 29, ""fold"": 2, ""epochs"": 10, ""lr"": 0.001, ""weight_decay"": 0.01, ""sampler"": ""balanced"", ""tau"": 0}",50026,29,2,10,0.0851063829787234,NOT RECORDED IN ORIGINAL RUN,NOT RECORDED IN ORIGINAL RUN,0.4568951791242813,"[0.625, 0.6111111111111112, 0.2857142857142857, 0.0, 1.0, 0.5, 0.6, 0.6, 0.5714285714285714, 0.125]",0.404681666645267,shuffle,historical; see aggregate family ledger,fixed endpoint; no new rerun,enriched development; ROI grouping only; full-proposal evaluation absent,PROMPT_3\ARCHITECTURES\A6\RESULTS\RUNS\p3_A6_shuffle_s29_cv2\history.jsonl
3,A6,p3_A6_shuffle_s43_cv0,A6,Prompt2 A1,"{""id"": ""p3_A6_shuffle_s43_cv0"", ""architecture"": ""A6"", ""control"": ""shuffle"", ""seed"": 43, ""fold"": 0, ""epochs"": 10, ""lr"": 0.001, ""weight_decay"": 0.01, ""sampler"": ""balanced"", ""tau"": 0}",50026,43,0,10,0.06920289855072463,NOT RECORDED IN ORIGINAL RUN,NOT RECORDED IN ORIGINAL RUN,0.3505629594991297,"[0.5263157894736842, 0.46153846153846156, 0.2727272727272727, 0.2857142857142857, 0.5714285714285714, 0.2, 0.16666666666666666, 0.5, 0.125, 0.25]",0.4929201057650105,shuffle,historical; see aggregate family ledger,fixed endpoint; no new rerun,enriched development; ROI grouping only; full-proposal evaluation absent,PROMPT_3\ARCHITECTURES\A6\RESULTS\RUNS\p3_A6_shuffle_s43_cv0\history.jsonl
3,A6,p3_A6_shuffle_s43_cv1,A6,Prompt2 A1,"{""id"": ""p3_A6_shuffle_s43_cv1"", ""architecture"": ""A6"", ""control"": ""shuffle"", ""seed"": 43, ""fold"": 1, ""epochs"": 10, ""lr"": 0.001, ""weight_decay"": 0.01, ""sampler"": ""balanced"", ""tau"": 0}",50026,43,1,10,0.06729166666666667,NOT RECORDED IN ORIGINAL RUN,NOT RECORDED IN ORIGINAL RUN,0.3322252069388214,"[0.32142857142857145, 0.16666666666666666, 0.16666666666666666, 0.2, 0.4166666666666667, 0.45454545454545453, 0.25, 0.8571428571428571, 0.2222222222222222, 0.4166666666666667]",0.515942024872992,shuffle,historical; see aggregate family ledger,fixed endpoint; no new rerun,enriched development; ROI grouping only; full-proposal evaluation absent,PROMPT_3\ARCHITECTURES\A6\RESULTS\RUNS\p3_A6_shuffle_s43_cv1\history.jsonl
3,A6,p3_A6_shuffle_s43_cv2,A6,Prompt2 A1,"{""id"": ""p3_A6_shuffle_s43_cv2"", ""architecture"": ""A6"", ""control"": ""shuffle"", ""seed"": 43, ""fold"": 2, ""epochs"": 10, ""lr"": 0.001, ""weight_decay"": 0.01, ""sampler"": ""balanced"", ""tau"": 0}",50026,43,2,10,0.07765957446808511,NOT RECORDED IN ORIGINAL RUN,NOT RECORDED IN ORIGINAL RUN,0.4497970321731931,"[0.4583333333333333, 0.5555555555555556, 0.2857142857142857, 0.14285714285714285, 1.0, 0.625, 0.4, 0.6, 0.5714285714285714, 0.25]",0.4558712758253862,shuffle,historical; see aggregate family ledger,fixed endpoint; no new rerun,enriched development; ROI grouping only; full-proposal evaluation absent,PROMPT_3\ARCHITECTURES\A6\RESULTS\RUNS\p3_A6_shuffle_s43_cv2\history.jsonl
3,B0,p3_B0_real_s17_cv0,B0,Prompt2 A1,"{""id"": ""p3_B0_real_s17_cv0"", ""architecture"": ""B0"", ""control"": ""real"", ""seed"": 17, ""fold"": 0, ""epochs"": 10, ""lr"": 0.001, ""weight_decay"": 0.01, ""sampler"": ""balanced"", ""tau"": 0}",210,17,0,10,0.023913043478260867,NOT RECORDED IN ORIGINAL RUN,NOT RECORDED IN ORIGINAL RUN,0.11528144078144079,"[0.10526315789473684, 0.07692307692307693, 0.09090909090909091, 0.2857142857142857, 0.0, 0.0, 0.6666666666666666, 0.0, 0.125, 0.5]",0.08874013165687739,real,historical; see aggregate family ledger,fixed endpoint; no new rerun,enriched development; ROI grouping only; full-proposal evaluation absent,PROMPT_3\ARCHITECTURES\B0\RESULTS\RUNS\p3_B0_real_s17_cv0\history.jsonl
3,B0,p3_B0_real_s17_cv1,B0,Prompt2 A1,"{""id"": ""p3_B0_real_s17_cv1"", ""architecture"": ""B0"", ""control"": ""real"", ""seed"": 17, ""fold"": 1, ""epochs"": 10, ""lr"": 0.001, ""weight_decay"": 0.01, ""sampler"": ""balanced"", ""tau"": 0}",210,17,1,10,0.02986111111111111,NOT RECORDED IN ORIGINAL RUN,NOT RECORDED IN ORIGINAL RUN,0.16627390039154746,"[0.0, 0.16666666666666666, 0.0, 0.2, 0.08333333333333333, 0.09090909090909091, 0.25, 0.2857142857142857, 0.1111111111111111, 0.5833333333333334]",-0.030783844638333807,real,historical; see aggregate family ledger,fixed endpoint; no new rerun,enriched development; ROI grouping only; full-proposal evaluation absent,PROMPT_3\ARCHITECTURES\B0\RESULTS\RUNS\p3_B0_real_s17_cv1\history.jsonl
3,B0,p3_B0_real_s17_cv2,B0,Prompt2 A1,"{""id"": ""p3_B0_real_s17_cv2"", ""architecture"": ""B0"", ""control"": ""real"", ""seed"": 17, ""fold"": 2, ""epochs"": 10, ""lr"": 0.001, ""weight_decay"": 0.01, ""sampler"": ""balanced"", ""tau"": 0}",210,17,2,10,0.034042553191489355,NOT RECORDED IN ORIGINAL RUN,NOT RECORDED IN ORIGINAL RUN,0.1592317827100436,"[0.0, 0.1111111111111111, 0.0, 0.14285714285714285, 0.2, 0.125, 0.7, 0.0, 0.14285714285714285, 0.625]",0.0028652465733948473,real,historical; see aggregate family ledger,fixed endpoint; no new rerun,enriched development; ROI grouping only; full-proposal evaluation absent,PROMPT_3\ARCHITECTURES\B0\RESULTS\RUNS\p3_B0_real_s17_cv2\history.jsonl
3,B0,p3_B0_real_s29_cv0,B0,Prompt2 A1,"{""id"": ""p3_B0_real_s29_cv0"", ""architecture"": ""B0"", ""control"": ""real"", ""seed"": 29, ""fold"": 0, ""epochs"": 10, ""lr"": 0.001, ""weight_decay"": 0.01, ""sampler"": ""balanced"", ""tau"": 0}",210,29,0,10,0.028260869565217395,NOT RECORDED IN ORIGINAL RUN,NOT RECORDED IN ORIGINAL RUN,0.11958213236985615,"[0.21052631578947367, 0.07692307692307693, 0.0, 0.0, 0.0, 0.0, 0.5, 0.25, 0.125, 0.5]",0.031332049561068,real,historical; see aggregate family ledger,fixed endpoint; no new rerun,enriched development; ROI grouping only; full-proposal evaluation absent,PROMPT_3\ARCHITECTURES\B0\RESULTS\RUNS\p3_B0_real_s29_cv0\history.jsonl
3,B0,p3_B0_real_s29_cv1,B0,Prompt2 A1,"{""id"": ""p3_B0_real_s29_cv1"", ""architecture"": ""B0"", ""control"": ""real"", ""seed"": 29, ""fold"": 1, ""epochs"": 10, ""lr"": 0.001, ""weight_decay"": 0.01, ""sampler"": ""balanced"", ""tau"": 0}",210,29,1,10,0.02847222222222222,NOT RECORDED IN ORIGINAL RUN,NOT RECORDED IN ORIGINAL RUN,0.1259698265271021,"[0.10714285714285714, 0.16666666666666666, 0.16666666666666666, 0.0, 0.0, 0.18181818181818182, 0.5, 0.14285714285714285, 0.1111111111111111, 0.25]",-0.0032454942915279145,real,historical; see aggregate family ledger,fixed endpoint; no new rerun,enriched development; ROI grouping only; full-proposal evaluation absent,PROMPT_3\ARCHITECTURES\B0\RESULTS\RUNS\p3_B0_real_s29_cv1\history.jsonl
3,B0,p3_B0_real_s29_cv2,B0,Prompt2 A1,"{""id"": ""p3_B0_real_s29_cv2"", ""architecture"": ""B0"", ""control"": ""real"", ""seed"": 29, ""fold"": 2, ""epochs"": 10, ""lr"": 0.001, ""weight_decay"": 0.01, ""sampler"": ""balanced"", ""tau"": 0}",210,29,2,10,0.03049645390070922,NOT RECORDED IN ORIGINAL RUN,NOT RECORDED IN ORIGINAL RUN,0.14569312169312168,"[0.041666666666666664, 0.05555555555555555, 0.42857142857142855, 0.0, 0.0, 0.0, 0.6, 0.4, 0.0, 0.375]",-0.025458852001143284,real,historical; see aggregate family ledger,fixed endpoint; no new rerun,enriched development; ROI grouping only; full-proposal evaluation absent,PROMPT_3\ARCHITECTURES\B0\RESULTS\RUNS\p3_B0_real_s29_cv2\history.jsonl
3,B0,p3_B0_real_s43_cv0,B0,Prompt2 A1,"{""id"": ""p3_B0_real_s43_cv0"", ""architecture"": ""B0"", ""control"": ""real"", ""seed"": 43, ""fold"": 0, ""epochs"": 10, ""lr"": 0.001, ""weight_decay"": 0.01, ""sampler"": ""balanced"", ""tau"": 0}",210,43,0,10,0.034782608695652174,NOT RECORDED IN ORIGINAL RUN,NOT RECORDED IN ORIGINAL RUN,0.15459763029557078,"[0.05263157894736842, 0.5384615384615384, 0.09090909090909091, 0.14285714285714285, 0.14285714285714285, 0.0, 0.5, 0.08333333333333333, 0.375, 0.0]",0.006390801770447485,real,historical; see aggregate family ledger,fixed endpoint; no new rerun,enriched development; ROI grouping only; full-proposal evaluation absent,PROMPT_3\ARCHITECTURES\B0\RESULTS\RUNS\p3_B0_real_s43_cv0\history.jsonl
3,B0,p3_B0_real_s43_cv1,B0,Prompt2 A1,"{""id"": ""p3_B0_real_s43_cv1"", ""architecture"": ""B0"", ""control"": ""real"", ""seed"": 43, ""fold"": 1, ""epochs"": 10, ""lr"": 0.001, ""weight_decay"": 0.01, ""sampler"": ""balanced"", ""tau"": 0}",210,43,1,10,0.027777777777777773,NOT RECORDED IN ORIGINAL RUN,NOT RECORDED IN ORIGINAL RUN,0.1262544461220665,"[0.03571428571428571, 0.16666666666666666, 0.0, 0.1, 0.0, 0.09090909090909091, 0.125, 0.2857142857142857, 0.4444444444444444, 0.3333333333333333]",0.008044171406708767,real,historical; see aggregate family ledger,fixed endpoint; no new rerun,enriched development; ROI grouping only; full-proposal evaluation absent,PROMPT_3\ARCHITECTURES\B0\RESULTS\RUNS\p3_B0_real_s43_cv1\history.jsonl
3,B0,p3_B0_real_s43_cv2,B0,Prompt2 A1,"{""id"": ""p3_B0_real_s43_cv2"", ""architecture"": ""B0"", ""control"": ""real"", ""seed"": 43, ""fold"": 2, ""epochs"": 10, ""lr"": 0.001, ""weight_decay"": 0.01, ""sampler"": ""balanced"", ""tau"": 0}",210,43,2,10,0.02234042553191489,NOT RECORDED IN ORIGINAL RUN,NOT RECORDED IN ORIGINAL RUN,0.12493251846193024,"[0.0, 0.5, 0.2857142857142857, 0.0, 0.2, 0.125, 0.0, 0.0, 0.0, 0.125]",0.04649173631170647,real,historical; see aggregate family ledger,fixed endpoint; no new rerun,enriched development; ROI grouping only; full-proposal evaluation absent,PROMPT_3\ARCHITECTURES\B0\RESULTS\RUNS\p3_B0_real_s43_cv2\history.jsonl
3,B1,p3_B1_real_s17_cv0,B1,Prompt2 A1,"{""id"": ""p3_B1_real_s17_cv0"", ""architecture"": ""B1"", ""control"": ""real"", ""seed"": 17, ""fold"": 0, ""epochs"": 10, ""lr"": 0.001, ""weight_decay"": 0.01, ""sampler"": ""balanced"", ""tau"": 0}",15450,17,0,10,0.07782608695652174,NOT RECORDED IN ORIGINAL RUN,NOT RECORDED IN ORIGINAL RUN,0.37592650103519665,"[0.6842105263157895, 0.5384615384615384, 0.2727272727272727, 0.0, 0.8571428571428571, 0.2, 0.3333333333333333, 0.5, 0.0, 0.75]",0.5325492170756191,real,historical; see aggregate family ledger,fixed endpoint; no new rerun,enriched development; ROI grouping only; full-proposal evaluation absent,PROMPT_3\ARCHITECTURES\B1\RESULTS\RUNS\p3_B1_real_s17_cv0\history.jsonl
3,B1,p3_B1_real_s17_cv1,B1,Prompt2 A1,"{""id"": ""p3_B1_real_s17_cv1"", ""architecture"": ""B1"", ""control"": ""real"", ""seed"": 17, ""fold"": 1, ""epochs"": 10, ""lr"": 0.001, ""weight_decay"": 0.01, ""sampler"": ""balanced"", ""tau"": 0}",15450,17,1,10,0.07222222222222222,NOT RECORDED IN ORIGINAL RUN,NOT RECORDED IN ORIGINAL RUN,0.3006824754193175,"[0.5714285714285714, 0.16666666666666666, 0.0, 0.1, 0.6666666666666666, 0.45454545454545453, 0.0, 1.0, 0.2222222222222222, 0.16666666666666666]",0.5936297817559357,real,historical; see aggregate family ledger,fixed endpoint; no new rerun,enriched development; ROI grouping only; full-proposal evaluation absent,PROMPT_3\ARCHITECTURES\B1\RESULTS\RUNS\p3_B1_real_s17_cv1\history.jsonl
3,B1,p3_B1_real_s17_cv2,B1,Prompt2 A1,"{""id"": ""p3_B1_real_s17_cv2"", ""architecture"": ""B1"", ""control"": ""real"", ""seed"": 17, ""fold"": 2, ""epochs"": 10, ""lr"": 0.001, ""weight_decay"": 0.01, ""sampler"": ""balanced"", ""tau"": 0}",15450,17,2,10,0.08276595744680851,NOT RECORDED IN ORIGINAL RUN,NOT RECORDED IN ORIGINAL RUN,0.45962436131733114,"[0.5833333333333334, 0.5555555555555556, 0.2857142857142857, 0.14285714285714285, 0.6, 0.875, 0.2, 0.6, 0.7142857142857143, 0.25]",0.4474284180646296,real,historical; see aggregate family ledger,fixed endpoint; no new rerun,enriched development; ROI grouping only; full-proposal evaluation absent,PROMPT_3\ARCHITECTURES\B1\RESULTS\RUNS\p3_B1_real_s17_cv2\history.jsonl
3,B1,p3_B1_real_s29_cv0,B1,Prompt2 A1,"{""id"": ""p3_B1_real_s29_cv0"", ""architecture"": ""B1"", ""control"": ""real"", ""seed"": 29, ""fold"": 0, ""epochs"": 10, ""lr"": 0.001, ""weight_decay"": 0.01, ""sampler"": ""balanced"", ""tau"": 0}",15450,29,0,10,0.06384057971014492,NOT RECORDED IN ORIGINAL RUN,NOT RECORDED IN ORIGINAL RUN,0.32139560874854994,"[0.3684210526315789, 0.07692307692307693, 0.36363636363636365, 0.42857142857142855, 1.0, 0.2, 0.16666666666666666, 0.5, 0.125, 0.5]",0.5843472303046497,real,historical; see aggregate family ledger,fixed endpoint; no new rerun,enriched development; ROI grouping only; full-proposal evaluation absent,PROMPT_3\ARCHITECTURES\B1\RESULTS\RUNS\p3_B1_real_s29_cv0\history.jsonl
3,B1,p3_B1_real_s29_cv1,B1,Prompt2 A1,"{""id"": ""p3_B1_real_s29_cv1"", ""architecture"": ""B1"", ""control"": ""real"", ""seed"": 29, ""fold"": 1, ""epochs"": 10, ""lr"": 0.001, ""weight_decay"": 0.01, ""sampler"": ""balanced"", ""tau"": 0}",15450,29,1,10,0.08020833333333333,NOT RECORDED IN ORIGINAL RUN,NOT RECORDED IN ORIGINAL RUN,0.3782248720546593,"[0.39285714285714285, 0.3333333333333333, 0.3333333333333333, 0.2, 0.6666666666666666, 0.5454545454545454, 0.25, 0.7142857142857143, 0.2222222222222222, 0.25]",0.5036298549647535,real,historical; see aggregate family ledger,fixed endpoint; no new rerun,enriched development; ROI grouping only; full-proposal evaluation absent,PROMPT_3\ARCHITECTURES\B1\RESULTS\RUNS\p3_B1_real_s29_cv1\history.jsonl
3,B1,p3_B1_real_s29_cv2,B1,Prompt2 A1,"{""id"": ""p3_B1_real_s29_cv2"", ""architecture"": ""B1"", ""control"": ""real"", ""seed"": 29, ""fold"": 2, ""epochs"": 10, ""lr"": 0.001, ""weight_decay"": 0.01, ""sampler"": ""balanced"", ""tau"": 0}",15450,29,2,10,0.0851063829787234,NOT RECORDED IN ORIGINAL RUN,NOT RECORDED IN ORIGINAL RUN,0.47968607414296105,"[0.625, 0.5555555555555556, 0.2857142857142857, 0.2857142857142857, 0.8, 0.625, 0.4, 0.6, 0.5714285714285714, 0.125]",0.4175835779725431,real,historical; see aggregate family ledger,fixed endpoint; no new rerun,enriched development; ROI grouping only; full-proposal evaluation absent,PROMPT_3\ARCHITECTURES\B1\RESULTS\RUNS\p3_B1_real_s29_cv2\history.jsonl
3,B1,p3_B1_real_s43_cv0,B1,Prompt2 A1,"{""id"": ""p3_B1_real_s43_cv0"", ""architecture"": ""B1"", ""control"": ""real"", ""seed"": 43, ""fold"": 0, ""epochs"": 10, ""lr"": 0.001, ""weight_decay"": 0.01, ""sampler"": ""balanced"", ""tau"": 0}",15450,43,0,10,0.0763768115942029,NOT RECORDED IN ORIGINAL RUN,NOT RECORDED IN ORIGINAL RUN,0.3920035911800618,"[0.6842105263157895, 0.46153846153846156, 0.2727272727272727, 0.2857142857142857, 0.8571428571428571, 0.2, 0.3333333333333333, 0.3333333333333333, 0.125, 0.5]",0.5399800838357915,real,historical; see aggregate family ledger,fixed endpoint; no new rerun,enriched development; ROI grouping only; full-proposal evaluation absent,PROMPT_3\ARCHITECTURES\B1\RESULTS\RUNS\p3_B1_real_s43_cv0\history.jsonl
3,B1,p3_B1_real_s43_cv1,B1,Prompt2 A1,"{""id"": ""p3_B1_real_s43_cv1"", ""architecture"": ""B1"", ""control"": ""real"", ""seed"": 43, ""fold"": 1, ""epochs"": 10, ""lr"": 0.001, ""weight_decay"": 0.01, ""sampler"": ""balanced"", ""tau"": 0}",15450,43,1,10,0.0795138888888889,NOT RECORDED IN ORIGINAL RUN,NOT RECORDED IN ORIGINAL RUN,0.36011412017314237,"[0.32142857142857145, 0.16666666666666666, 0.3333333333333333, 0.1, 0.6666666666666666, 0.6363636363636364, 0.25, 0.8571428571428571, 0.2222222222222222, 0.3333333333333333]",0.49860182862901337,real,historical; see aggregate family ledger,fixed endpoint; no new rerun,enriched development; ROI grouping only; full-proposal evaluation absent,PROMPT_3\ARCHITECTURES\B1\RESULTS\RUNS\p3_B1_real_s43_cv1\history.jsonl
3,B1,p3_B1_real_s43_cv2,B1,Prompt2 A1,"{""id"": ""p3_B1_real_s43_cv2"", ""architecture"": ""B1"", ""control"": ""real"", ""seed"": 43, ""fold"": 2, ""epochs"": 10, ""lr"": 0.001, ""weight_decay"": 0.01, ""sampler"": ""balanced"", ""tau"": 0}",15450,43,2,10,0.07638297872340424,NOT RECORDED IN ORIGINAL RUN,NOT RECORDED IN ORIGINAL RUN,0.43346619255365465,"[0.5, 0.5, 0.2857142857142857, 0.14285714285714285, 0.8, 0.75, 0.3, 0.6, 0.5714285714285714, 0.125]",0.48730955679741245,real,historical; see aggregate family ledger,fixed endpoint; no new rerun,enriched development; ROI grouping only; full-proposal evaluation absent,PROMPT_3\ARCHITECTURES\B1\RESULTS\RUNS\p3_B1_real_s43_cv2\history.jsonl
3,B2,p3_B2_real_s17_cv0,B2,Prompt2 A1,"{""id"": ""p3_B2_real_s17_cv0"", ""architecture"": ""B2"", ""control"": ""real"", ""seed"": 17, ""fold"": 0, ""epochs"": 10, ""lr"": 0.001, ""weight_decay"": 0.01, ""sampler"": ""balanced"", ""tau"": 0}",15430,17,0,10,0.07492753623188406,NOT RECORDED IN ORIGINAL RUN,NOT RECORDED IN ORIGINAL RUN,0.3682712407040515,"[0.6842105263157895, 0.5384615384615384, 0.2727272727272727, 0.0, 0.8571428571428571, 0.2, 0.3333333333333333, 0.4166666666666667, 0.0, 0.75]",0.5433411148118865,real,historical; see aggregate family ledger,fixed endpoint; no new rerun,enriched development; ROI grouping only; full-proposal evaluation absent,PROMPT_3\ARCHITECTURES\B2\RESULTS\RUNS\p3_B2_real_s17_cv0\history.jsonl
3,B2,p3_B2_real_s17_cv1,B2,Prompt2 A1,"{""id"": ""p3_B2_real_s17_cv1"", ""architecture"": ""B2"", ""control"": ""real"", ""seed"": 17, ""fold"": 1, ""epochs"": 10, ""lr"": 0.001, ""weight_decay"": 0.01, ""sampler"": ""balanced"", ""tau"": 0}",15430,17,1,10,0.07604166666666666,NOT RECORDED IN ORIGINAL RUN,NOT RECORDED IN ORIGINAL RUN,0.32663183156831066,"[0.5714285714285714, 0.3333333333333333, 0.0, 0.3, 0.6666666666666666, 0.45454545454545453, 0.0, 0.8571428571428571, 0.2222222222222222, 0.16666666666666666]",0.5579211458012233,real,historical; see aggregate family ledger,fixed endpoint; no new rerun,enriched development; ROI grouping only; full-proposal evaluation absent,PROMPT_3\ARCHITECTURES\B2\RESULTS\RUNS\p3_B2_real_s17_cv1\history.jsonl
3,B2,p3_B2_real_s17_cv2,B2,Prompt2 A1,"{""id"": ""p3_B2_real_s17_cv2"", ""architecture"": ""B2"", ""control"": ""real"", ""seed"": 17, ""fold"": 2, ""epochs"": 10, ""lr"": 0.001, ""weight_decay"": 0.01, ""sampler"": ""balanced"", ""tau"": 0}",15430,17,2,10,0.0853191489361702,NOT RECORDED IN ORIGINAL RUN,NOT RECORDED IN ORIGINAL RUN,0.4676385379326556,"[0.5416666666666666, 0.5555555555555556, 0.2857142857142857, 0.2857142857142857, 0.6, 0.875, 0.2, 0.6, 0.7142857142857143, 0.25]",0.42728628226252247,real,historical; see aggregate family ledger,fixed endpoint; no new rerun,enriched development; ROI grouping only; full-proposal evaluation absent,PROMPT_3\ARCHITECTURES\B2\RESULTS\RUNS\p3_B2_real_s17_cv2\history.jsonl
3,B2,p3_B2_real_s29_cv0,B2,Prompt2 A1,"{""id"": ""p3_B2_real_s29_cv0"", ""architecture"": ""B2"", ""control"": ""real"", ""seed"": 29, ""fold"": 0, ""epochs"": 10, ""lr"": 0.001, ""weight_decay"": 0.01, ""sampler"": ""balanced"", ""tau"": 0}",15430,29,0,10,0.06550724637681159,NOT RECORDED IN ORIGINAL RUN,NOT RECORDED IN ORIGINAL RUN,0.3280311355311355,"[0.42105263157894735, 0.07692307692307693, 0.36363636363636365, 0.42857142857142855, 1.0, 0.2, 0.16666666666666666, 0.5, 0.125, 0.5]",0.5705025389077114,real,historical; see aggregate family ledger,fixed endpoint; no new rerun,enriched development; ROI grouping only; full-proposal evaluation absent,PROMPT_3\ARCHITECTURES\B2\RESULTS\RUNS\p3_B2_real_s29_cv0\history.jsonl
3,B2,p3_B2_real_s29_cv1,B2,Prompt2 A1,"{""id"": ""p3_B2_real_s29_cv1"", ""architecture"": ""B2"", ""control"": ""real"", ""seed"": 29, ""fold"": 1, ""epochs"": 10, ""lr"": 0.001, ""weight_decay"": 0.01, ""sampler"": ""balanced"", ""tau"": 0}",15430,29,1,10,0.07743055555555556,NOT RECORDED IN ORIGINAL RUN,NOT RECORDED IN ORIGINAL RUN,0.3627467125330215,"[0.39285714285714285, 0.3333333333333333, 0.3333333333333333, 0.2, 0.6666666666666666, 0.5454545454545454, 0.25, 0.7142857142857143, 0.1111111111111111, 0.25]",0.5183464953038197,real,historical; see aggregate family ledger,fixed endpoint; no new rerun,enriched development; ROI grouping only; full-proposal evaluation absent,PROMPT_3\ARCHITECTURES\B2\RESULTS\RUNS\p3_B2_real_s29_cv1\history.jsonl
3,B2,p3_B2_real_s29_cv2,B2,Prompt2 A1,"{""id"": ""p3_B2_real_s29_cv2"", ""architecture"": ""B2"", ""control"": ""real"", ""seed"": 29, ""fold"": 2, ""epochs"": 10, ""lr"": 0.001, ""weight_decay"": 0.01, ""sampler"": ""balanced"", ""tau"": 0}",15430,29,2,10,0.09021276595744682,NOT RECORDED IN ORIGINAL RUN,NOT RECORDED IN ORIGINAL RUN,0.5044463026815968,"[0.6666666666666666, 0.6111111111111112, 0.2857142857142857, 0.2857142857142857, 0.8, 0.625, 0.5, 0.6, 0.5714285714285714, 0.125]",0.38654088190143976,real,historical; see aggregate family ledger,fixed endpoint; no new rerun,enriched development; ROI grouping only; full-proposal evaluation absent,PROMPT_3\ARCHITECTURES\B2\RESULTS\RUNS\p3_B2_real_s29_cv2\history.jsonl
3,B2,p3_B2_real_s43_cv0,B2,Prompt2 A1,"{""id"": ""p3_B2_real_s43_cv0"", ""architecture"": ""B2"", ""control"": ""real"", ""seed"": 43, ""fold"": 0, ""epochs"": 10, ""lr"": 0.001, ""weight_decay"": 0.01, ""sampler"": ""balanced"", ""tau"": 0}",15430,43,0,10,0.07855072463768115,NOT RECORDED IN ORIGINAL RUN,NOT RECORDED IN ORIGINAL RUN,0.39952480992396955,"[0.6842105263157895, 0.5384615384615384, 0.2727272727272727, 0.2857142857142857, 0.8571428571428571, 0.2, 0.3333333333333333, 0.3333333333333333, 0.125, 0.5]",0.5204396498695385,real,historical; see aggregate family ledger,fixed endpoint; no new rerun,enriched development; ROI grouping only; full-proposal evaluation absent,PROMPT_3\ARCHITECTURES\B2\RESULTS\RUNS\p3_B2_real_s43_cv0\history.jsonl
3,B2,p3_B2_real_s43_cv1,B2,Prompt2 A1,"{""id"": ""p3_B2_real_s43_cv1"", ""architecture"": ""B2"", ""control"": ""real"", ""seed"": 43, ""fold"": 1, ""epochs"": 10, ""lr"": 0.001, ""weight_decay"": 0.01, ""sampler"": ""balanced"", ""tau"": 0}",15430,43,1,10,0.07847222222222222,NOT RECORDED IN ORIGINAL RUN,NOT RECORDED IN ORIGINAL RUN,0.3626419908531869,"[0.32142857142857145, 0.3333333333333333, 0.3333333333333333, 0.1, 0.6666666666666666, 0.6363636363636364, 0.125, 0.8571428571428571, 0.2222222222222222, 0.3333333333333333]",0.4958786899841526,real,historical; see aggregate family ledger,fixed endpoint; no new rerun,enriched development; ROI grouping only; full-proposal evaluation absent,PROMPT_3\ARCHITECTURES\B2\RESULTS\RUNS\p3_B2_real_s43_cv1\history.jsonl
3,B2,p3_B2_real_s43_cv2,B2,Prompt2 A1,"{""id"": ""p3_B2_real_s43_cv2"", ""architecture"": ""B2"", ""control"": ""real"", ""seed"": 43, ""fold"": 2, ""epochs"": 10, ""lr"": 0.001, ""weight_decay"": 0.01, ""sampler"": ""balanced"", ""tau"": 0}",15430,43,2,10,0.08276595744680851,NOT RECORDED IN ORIGINAL RUN,NOT RECORDED IN ORIGINAL RUN,0.46259397465279817,"[0.5, 0.5555555555555556, 0.2857142857142857, 0.14285714285714285, 0.8, 0.75, 0.4, 0.6, 0.5714285714285714, 0.25]",0.45561201956476804,real,historical; see aggregate family ledger,fixed endpoint; no new rerun,enriched development; ROI grouping only; full-proposal evaluation absent,PROMPT_3\ARCHITECTURES\B2\RESULTS\RUNS\p3_B2_real_s43_cv2\history.jsonl
3,B3,p3_B3_placebo_s17_cv0,B3,Prompt2 A1,"{""id"": ""p3_B3_placebo_s17_cv0"", ""architecture"": ""B3"", ""control"": ""placebo"", ""seed"": 17, ""fold"": 0, ""epochs"": 10, ""lr"": 0.001, ""weight_decay"": 0.01, ""sampler"": ""balanced"", ""tau"": 0}",15570,17,0,10,0.07347826086956522,NOT RECORDED IN ORIGINAL RUN,NOT RECORDED IN ORIGINAL RUN,0.35316315327184894,"[0.6842105263157895, 0.46153846153846156, 0.2727272727272727, 0.0, 0.8571428571428571, 0.2, 0.3333333333333333, 0.5, 0.0, 0.5]",0.5526503009374013,placebo,historical; see aggregate family ledger,fixed endpoint; no new rerun,enriched development; ROI grouping only; full-proposal evaluation absent,PROMPT_3\ARCHITECTURES\B3\RESULTS\RUNS\p3_B3_placebo_s17_cv0\history.jsonl
3,B3,p3_B3_placebo_s17_cv1,B3,Prompt2 A1,"{""id"": ""p3_B3_placebo_s17_cv1"", ""architecture"": ""B3"", ""control"": ""placebo"", ""seed"": 17, ""fold"": 1, ""epochs"": 10, ""lr"": 0.001, ""weight_decay"": 0.01, ""sampler"": ""balanced"", ""tau"": 0}",15570,17,1,10,0.07222222222222222,NOT RECORDED IN ORIGINAL RUN,NOT RECORDED IN ORIGINAL RUN,0.2952076344707924,"[0.5714285714285714, 0.0, 0.0, 0.1, 0.6666666666666666, 0.45454545454545453, 0.0, 1.0, 0.2222222222222222, 0.25]",0.6029165089047241,placebo,historical; see aggregate family ledger,fixed endpoint; no new rerun,enriched development; ROI grouping only; full-proposal evaluation absent,PROMPT_3\ARCHITECTURES\B3\RESULTS\RUNS\p3_B3_placebo_s17_cv1\history.jsonl
3,B3,p3_B3_placebo_s17_cv2,B3,Prompt2 A1,"{""id"": ""p3_B3_placebo_s17_cv2"", ""architecture"": ""B3"", ""control"": ""placebo"", ""seed"": 17, ""fold"": 2, ""epochs"": 10, ""lr"": 0.001, ""weight_decay"": 0.01, ""sampler"": ""balanced"", ""tau"": 0}",15570,17,2,10,0.07822695035460993,NOT RECORDED IN ORIGINAL RUN,NOT RECORDED IN ORIGINAL RUN,0.424428163101047,"[0.5416666666666666, 0.5555555555555556, 0.2857142857142857, 0.14285714285714285, 0.6, 0.875, 0.1, 0.6, 0.7142857142857143, 0.125]",0.4701969291163845,placebo,historical; see aggregate family ledger,fixed endpoint; no new rerun,enriched development; ROI grouping only; full-proposal evaluation absent,PROMPT_3\ARCHITECTURES\B3\RESULTS\RUNS\p3_B3_placebo_s17_cv2\history.jsonl
3,B3,p3_B3_placebo_s29_cv0,B3,Prompt2 A1,"{""id"": ""p3_B3_placebo_s29_cv0"", ""architecture"": ""B3"", ""control"": ""placebo"", ""seed"": 29, ""fold"": 0, ""epochs"": 10, ""lr"": 0.001, ""weight_decay"": 0.01, ""sampler"": ""balanced"", ""tau"": 0}",15570,29,0,10,0.06188405797101448,NOT RECORDED IN ORIGINAL RUN,NOT RECORDED IN ORIGINAL RUN,0.30895232218761626,"[0.3684210526315789, 0.07692307692307693, 0.36363636363636365, 0.2857142857142857, 1.0, 0.2, 0.16666666666666666, 0.5, 0.125, 0.5]",0.5766295882602896,placebo,historical; see aggregate family ledger,fixed endpoint; no new rerun,enriched development; ROI grouping only; full-proposal evaluation absent,PROMPT_3\ARCHITECTURES\B3\RESULTS\RUNS\p3_B3_placebo_s29_cv0\history.jsonl
3,B3,p3_B3_placebo_s29_cv1,B3,Prompt2 A1,"{""id"": ""p3_B3_placebo_s29_cv1"", ""architecture"": ""B3"", ""control"": ""placebo"", ""seed"": 29, ""fold"": 1, ""epochs"": 10, ""lr"": 0.001, ""weight_decay"": 0.01, ""sampler"": ""balanced"", ""tau"": 0}",15570,29,1,10,0.07284722222222222,NOT RECORDED IN ORIGINAL RUN,NOT RECORDED IN ORIGINAL RUN,0.3381642822377522,"[0.35714285714285715, 0.3333333333333333, 0.3333333333333333, 0.2, 0.5833333333333334, 0.5454545454545454, 0.125, 0.7142857142857143, 0.1111111111111111, 0.25]",0.5436904447816607,placebo,historical; see aggregate family ledger,fixed endpoint; no new rerun,enriched development; ROI grouping only; full-proposal evaluation absent,PROMPT_3\ARCHITECTURES\B3\RESULTS\RUNS\p3_B3_placebo_s29_cv1\history.jsonl
3,B3,p3_B3_placebo_s29_cv2,B3,Prompt2 A1,"{""id"": ""p3_B3_placebo_s29_cv2"", ""architecture"": ""B3"", ""control"": ""placebo"", ""seed"": 29, ""fold"": 2, ""epochs"": 10, ""lr"": 0.001, ""weight_decay"": 0.01, ""sampler"": ""balanced"", ""tau"": 0}",15570,29,2,10,0.0872340425531915,NOT RECORDED IN ORIGINAL RUN,NOT RECORDED IN ORIGINAL RUN,0.48950373769922645,"[0.6666666666666666, 0.5555555555555556, 0.2857142857142857, 0.2857142857142857, 0.8, 0.625, 0.4, 0.6, 0.5714285714285714, 0.125]",0.41329769508871855,placebo,historical; see aggregate family ledger,fixed endpoint; no new rerun,enriched development; ROI grouping only; full-proposal evaluation absent,PROMPT_3\ARCHITECTURES\B3\RESULTS\RUNS\p3_B3_placebo_s29_cv2\history.jsonl
3,B3,p3_B3_placebo_s43_cv0,B3,Prompt2 A1,"{""id"": ""p3_B3_placebo_s43_cv0"", ""architecture"": ""B3"", ""control"": ""placebo"", ""seed"": 43, ""fold"": 0, ""epochs"": 10, ""lr"": 0.001, ""weight_decay"": 0.01, ""sampler"": ""balanced"", ""tau"": 0}",15570,43,0,10,0.0727536231884058,NOT RECORDED IN ORIGINAL RUN,NOT RECORDED IN ORIGINAL RUN,0.3699352374982627,"[0.631578947368421, 0.46153846153846156, 0.2727272727272727, 0.2857142857142857, 0.8571428571428571, 0.2, 0.3333333333333333, 0.3333333333333333, 0.125, 0.25]",0.5456907548806409,placebo,historical; see aggregate family ledger,fixed endpoint; no new rerun,enriched development; ROI grouping only; full-proposal evaluation absent,PROMPT_3\ARCHITECTURES\B3\RESULTS\RUNS\p3_B3_placebo_s43_cv0\history.jsonl
3,B3,p3_B3_placebo_s43_cv1,B3,Prompt2 A1,"{""id"": ""p3_B3_placebo_s43_cv1"", ""architecture"": ""B3"", ""control"": ""placebo"", ""seed"": 43, ""fold"": 1, ""epochs"": 10, ""lr"": 0.001, ""weight_decay"": 0.01, ""sampler"": ""balanced"", ""tau"": 0}",15570,43,1,10,0.07375,NOT RECORDED IN ORIGINAL RUN,NOT RECORDED IN ORIGINAL RUN,0.3354418310310759,"[0.25, 0.16666666666666666, 0.3333333333333333, 0.1, 0.6666666666666666, 0.6363636363636364, 0.125, 0.8571428571428571, 0.2222222222222222, 0.3333333333333333]",0.5080995700424127,placebo,historical; see aggregate family ledger,fixed endpoint; no new rerun,enriched development; ROI grouping only; full-proposal evaluation absent,PROMPT_3\ARCHITECTURES\B3\RESULTS\RUNS\p3_B3_placebo_s43_cv1\history.jsonl
3,B3,p3_B3_placebo_s43_cv2,B3,Prompt2 A1,"{""id"": ""p3_B3_placebo_s43_cv2"", ""architecture"": ""B3"", ""control"": ""placebo"", ""seed"": 43, ""fold"": 2, ""epochs"": 10, ""lr"": 0.001, ""weight_decay"": 0.01, ""sampler"": ""balanced"", ""tau"": 0}",15570,43,2,10,0.07921985815602836,NOT RECORDED IN ORIGINAL RUN,NOT RECORDED IN ORIGINAL RUN,0.44435814185814193,"[0.5416666666666666, 0.5555555555555556, 0.2857142857142857, 0.14285714285714285, 0.8, 0.75, 0.3, 0.6, 0.5714285714285714, 0.125]",0.46961668449915617,placebo,historical; see aggregate family ledger,fixed endpoint; no new rerun,enriched development; ROI grouping only; full-proposal evaluation absent,PROMPT_3\ARCHITECTURES\B3\RESULTS\RUNS\p3_B3_placebo_s43_cv2\history.jsonl
3,B3,p3_B3_real_s17_cv0,B3,Prompt2 A1,"{""id"": ""p3_B3_real_s17_cv0"", ""architecture"": ""B3"", ""control"": ""real"", ""seed"": 17, ""fold"": 0, ""epochs"": 10, ""lr"": 0.001, ""weight_decay"": 0.01, ""sampler"": ""balanced"", ""tau"": 0}",15570,17,0,10,0.07565217391304348,NOT RECORDED IN ORIGINAL RUN,NOT RECORDED IN ORIGINAL RUN,0.37713672356120864,"[0.6842105263157895, 0.46153846153846156, 0.2727272727272727, 0.14285714285714285, 0.8571428571428571, 0.2, 0.3333333333333333, 0.4166666666666667, 0.0, 0.75]",0.5413555614016645,real,historical; see aggregate family ledger,fixed endpoint; no new rerun,enriched development; ROI grouping only; full-proposal evaluation absent,PROMPT_3\ARCHITECTURES\B3\RESULTS\RUNS\p3_B3_real_s17_cv0\history.jsonl
3,B3,p3_B3_real_s17_cv1,B3,Prompt2 A1,"{""id"": ""p3_B3_real_s17_cv1"", ""architecture"": ""B3"", ""control"": ""real"", ""seed"": 17, ""fold"": 1, ""epochs"": 10, ""lr"": 0.001, ""weight_decay"": 0.01, ""sampler"": ""balanced"", ""tau"": 0}",15570,17,1,10,0.07604166666666666,NOT RECORDED IN ORIGINAL RUN,NOT RECORDED IN ORIGINAL RUN,0.32663183156831066,"[0.5714285714285714, 0.3333333333333333, 0.0, 0.3, 0.6666666666666666, 0.45454545454545453, 0.0, 0.8571428571428571, 0.2222222222222222, 0.16666666666666666]",0.5797544615031347,real,historical; see aggregate family ledger,fixed endpoint; no new rerun,enriched development; ROI grouping only; full-proposal evaluation absent,PROMPT_3\ARCHITECTURES\B3\RESULTS\RUNS\p3_B3_real_s17_cv1\history.jsonl
3,B3,p3_B3_real_s17_cv2,B3,Prompt2 A1,"{""id"": ""p3_B3_real_s17_cv2"", ""architecture"": ""B3"", ""control"": ""real"", ""seed"": 17, ""fold"": 2, ""epochs"": 10, ""lr"": 0.001, ""weight_decay"": 0.01, ""sampler"": ""balanced"", ""tau"": 0}",15570,17,2,10,0.0853191489361702,NOT RECORDED IN ORIGINAL RUN,NOT RECORDED IN ORIGINAL RUN,0.4739650206579905,"[0.5833333333333334, 0.5555555555555556, 0.2857142857142857, 0.14285714285714285, 0.6, 0.875, 0.3, 0.6, 0.7142857142857143, 0.25]",0.44361536131039647,real,historical; see aggregate family ledger,fixed endpoint; no new rerun,enriched development; ROI grouping only; full-proposal evaluation absent,PROMPT_3\ARCHITECTURES\B3\RESULTS\RUNS\p3_B3_real_s17_cv2\history.jsonl
3,B3,p3_B3_real_s29_cv0,B3,Prompt2 A1,"{""id"": ""p3_B3_real_s29_cv0"", ""architecture"": ""B3"", ""control"": ""real"", ""seed"": 29, ""fold"": 0, ""epochs"": 10, ""lr"": 0.001, ""weight_decay"": 0.01, ""sampler"": ""balanced"", ""tau"": 0}",15570,29,0,10,0.07181159420289854,NOT RECORDED IN ORIGINAL RUN,NOT RECORDED IN ORIGINAL RUN,0.3611037546331664,"[0.47368421052631576, 0.07692307692307693, 0.45454545454545453, 0.42857142857142855, 1.0, 0.2, 0.16666666666666666, 0.5, 0.25, 0.5]",0.5539167044279902,real,historical; see aggregate family ledger,fixed endpoint; no new rerun,enriched development; ROI grouping only; full-proposal evaluation absent,PROMPT_3\ARCHITECTURES\B3\RESULTS\RUNS\p3_B3_real_s29_cv0\history.jsonl
3,B3,p3_B3_real_s29_cv1,B3,Prompt2 A1,"{""id"": ""p3_B3_real_s29_cv1"", ""architecture"": ""B3"", ""control"": ""real"", ""seed"": 29, ""fold"": 1, ""epochs"": 10, ""lr"": 0.001, ""weight_decay"": 0.01, ""sampler"": ""balanced"", ""tau"": 0}",15570,29,1,10,0.08229166666666665,NOT RECORDED IN ORIGINAL RUN,NOT RECORDED IN ORIGINAL RUN,0.38498778998779,"[0.42857142857142855, 0.3333333333333333, 0.3333333333333333, 0.2, 0.6666666666666666, 0.5454545454545454, 0.25, 0.7142857142857143, 0.2222222222222222, 0.25]",0.5066020180230706,real,historical; see aggregate family ledger,fixed endpoint; no new rerun,enriched development; ROI grouping only; full-proposal evaluation absent,PROMPT_3\ARCHITECTURES\B3\RESULTS\RUNS\p3_B3_real_s29_cv1\history.jsonl
3,B3,p3_B3_real_s29_cv2,B3,Prompt2 A1,"{""id"": ""p3_B3_real_s29_cv2"", ""architecture"": ""B3"", ""control"": ""real"", ""seed"": 29, ""fold"": 2, ""epochs"": 10, ""lr"": 0.001, ""weight_decay"": 0.01, ""sampler"": ""balanced"", ""tau"": 0}",15570,29,2,10,0.08950354609929079,NOT RECORDED IN ORIGINAL RUN,NOT RECORDED IN ORIGINAL RUN,0.49601917425446845,"[0.6666666666666666, 0.6111111111111112, 0.2857142857142857, 0.2857142857142857, 0.8, 0.625, 0.5, 0.6, 0.5714285714285714, 0.125]",0.4168470642818987,real,historical; see aggregate family ledger,fixed endpoint; no new rerun,enriched development; ROI grouping only; full-proposal evaluation absent,PROMPT_3\ARCHITECTURES\B3\RESULTS\RUNS\p3_B3_real_s29_cv2\history.jsonl
3,B3,p3_B3_real_s43_cv0,B3,Prompt2 A1,"{""id"": ""p3_B3_real_s43_cv0"", ""architecture"": ""B3"", ""control"": ""real"", ""seed"": 43, ""fold"": 0, ""epochs"": 10, ""lr"": 0.001, ""weight_decay"": 0.01, ""sampler"": ""balanced"", ""tau"": 0}",15570,43,0,10,0.0836231884057971,NOT RECORDED IN ORIGINAL RUN,NOT RECORDED IN ORIGINAL RUN,0.4438621105543737,"[0.6842105263157895, 0.5384615384615384, 0.2727272727272727, 0.2857142857142857, 0.8571428571428571, 0.6, 0.3333333333333333, 0.3333333333333333, 0.125, 0.5]",0.4991396376973744,real,historical; see aggregate family ledger,fixed endpoint; no new rerun,enriched development; ROI grouping only; full-proposal evaluation absent,PROMPT_3\ARCHITECTURES\B3\RESULTS\RUNS\p3_B3_real_s43_cv0\history.jsonl
3,B3,p3_B3_real_s43_cv1,B3,Prompt2 A1,"{""id"": ""p3_B3_real_s43_cv1"", ""architecture"": ""B3"", ""control"": ""real"", ""seed"": 43, ""fold"": 1, ""epochs"": 10, ""lr"": 0.001, ""weight_decay"": 0.01, ""sampler"": ""balanced"", ""tau"": 0}",15570,43,1,10,0.08055555555555555,NOT RECORDED IN ORIGINAL RUN,NOT RECORDED IN ORIGINAL RUN,0.37598824668847547,"[0.32142857142857145, 0.3333333333333333, 0.3333333333333333, 0.1, 0.6666666666666666, 0.6363636363636364, 0.25, 0.8571428571428571, 0.2222222222222222, 0.3333333333333333]",0.4867084630681255,real,historical; see aggregate family ledger,fixed endpoint; no new rerun,enriched development; ROI grouping only; full-proposal evaluation absent,PROMPT_3\ARCHITECTURES\B3\RESULTS\RUNS\p3_B3_real_s43_cv1\history.jsonl
3,B3,p3_B3_real_s43_cv2,B3,Prompt2 A1,"{""id"": ""p3_B3_real_s43_cv2"", ""architecture"": ""B3"", ""control"": ""real"", ""seed"": 43, ""fold"": 2, ""epochs"": 10, ""lr"": 0.001, ""weight_decay"": 0.01, ""sampler"": ""balanced"", ""tau"": 0}",15570,43,2,10,0.08418439716312057,NOT RECORDED IN ORIGINAL RUN,NOT RECORDED IN ORIGINAL RUN,0.46784391395198516,"[0.5416666666666666, 0.5555555555555556, 0.2857142857142857, 0.14285714285714285, 0.8, 0.75, 0.4, 0.6, 0.5714285714285714, 0.25]",0.4629876352703631,real,historical; see aggregate family ledger,fixed endpoint; no new rerun,enriched development; ROI grouping only; full-proposal evaluation absent,PROMPT_3\ARCHITECTURES\B3\RESULTS\RUNS\p3_B3_real_s43_cv2\history.jsonl
3,B3,p3_B3_shuffle_s17_cv0,B3,Prompt2 A1,"{""id"": ""p3_B3_shuffle_s17_cv0"", ""architecture"": ""B3"", ""control"": ""shuffle"", ""seed"": 17, ""fold"": 0, ""epochs"": 10, ""lr"": 0.001, ""weight_decay"": 0.01, ""sampler"": ""balanced"", ""tau"": 0}",15570,17,0,10,0.07782608695652174,NOT RECORDED IN ORIGINAL RUN,NOT RECORDED IN ORIGINAL RUN,0.37592650103519665,"[0.6842105263157895, 0.5384615384615384, 0.2727272727272727, 0.0, 0.8571428571428571, 0.2, 0.3333333333333333, 0.5, 0.0, 0.75]",0.5323822170739565,shuffle,historical; see aggregate family ledger,fixed endpoint; no new rerun,enriched development; ROI grouping only; full-proposal evaluation absent,PROMPT_3\ARCHITECTURES\B3\RESULTS\RUNS\p3_B3_shuffle_s17_cv0\history.jsonl
3,B3,p3_B3_shuffle_s17_cv1,B3,Prompt2 A1,"{""id"": ""p3_B3_shuffle_s17_cv1"", ""architecture"": ""B3"", ""control"": ""shuffle"", ""seed"": 17, ""fold"": 1, ""epochs"": 10, ""lr"": 0.001, ""weight_decay"": 0.01, ""sampler"": ""balanced"", ""tau"": 0}",15570,17,1,10,0.07743055555555554,NOT RECORDED IN ORIGINAL RUN,NOT RECORDED IN ORIGINAL RUN,0.3187470204393979,"[0.6071428571428571, 0.16666666666666666, 0.0, 0.2, 0.6666666666666666, 0.45454545454545453, 0.0, 1.0, 0.2222222222222222, 0.16666666666666666]",0.5764310997720041,shuffle,historical; see aggregate family ledger,fixed endpoint; no new rerun,enriched development; ROI grouping only; full-proposal evaluation absent,PROMPT_3\ARCHITECTURES\B3\RESULTS\RUNS\p3_B3_shuffle_s17_cv1\history.jsonl
3,B3,p3_B3_shuffle_s17_cv2,B3,Prompt2 A1,"{""id"": ""p3_B3_shuffle_s17_cv2"", ""architecture"": ""B3"", ""control"": ""shuffle"", ""seed"": 17, ""fold"": 2, ""epochs"": 10, ""lr"": 0.001, ""weight_decay"": 0.01, ""sampler"": ""balanced"", ""tau"": 0}",15570,17,2,10,0.07680851063829787,NOT RECORDED IN ORIGINAL RUN,NOT RECORDED IN ORIGINAL RUN,0.40786536315589406,"[0.5416666666666666, 0.5555555555555556, 0.2857142857142857, 0.14285714285714285, 0.4, 0.875, 0.1, 0.6, 0.7142857142857143, 0.125]",0.4994049487655806,shuffle,historical; see aggregate family ledger,fixed endpoint; no new rerun,enriched development; ROI grouping only; full-proposal evaluation absent,PROMPT_3\ARCHITECTURES\B3\RESULTS\RUNS\p3_B3_shuffle_s17_cv2\history.jsonl
3,B3,p3_B3_shuffle_s29_cv0,B3,Prompt2 A1,"{""id"": ""p3_B3_shuffle_s29_cv0"", ""architecture"": ""B3"", ""control"": ""shuffle"", ""seed"": 29, ""fold"": 0, ""epochs"": 10, ""lr"": 0.001, ""weight_decay"": 0.01, ""sampler"": ""balanced"", ""tau"": 0}",15570,29,0,10,0.057536231884057966,NOT RECORDED IN ORIGINAL RUN,NOT RECORDED IN ORIGINAL RUN,0.29754539578068984,"[0.2631578947368421, 0.15384615384615385, 0.36363636363636365, 0.14285714285714285, 1.0, 0.2, 0.16666666666666666, 0.5, 0.125, 0.5]",0.5754177618681281,shuffle,historical; see aggregate family ledger,fixed endpoint; no new rerun,enriched development; ROI grouping only; full-proposal evaluation absent,PROMPT_3\ARCHITECTURES\B3\RESULTS\RUNS\p3_B3_shuffle_s29_cv0\history.jsonl
3,B3,p3_B3_shuffle_s29_cv1,B3,Prompt2 A1,"{""id"": ""p3_B3_shuffle_s29_cv1"", ""architecture"": ""B3"", ""control"": ""shuffle"", ""seed"": 29, ""fold"": 1, ""epochs"": 10, ""lr"": 0.001, ""weight_decay"": 0.01, ""sampler"": ""balanced"", ""tau"": 0}",15570,29,1,10,0.07673611111111112,NOT RECORDED IN ORIGINAL RUN,NOT RECORDED IN ORIGINAL RUN,0.3657178347967822,"[0.39285714285714285, 0.3333333333333333, 0.3333333333333333, 0.2, 0.5833333333333334, 0.5454545454545454, 0.25, 0.8571428571428571, 0.1111111111111111, 0.25]",0.5246848287016017,shuffle,historical; see aggregate family ledger,fixed endpoint; no new rerun,enriched development; ROI grouping only; full-proposal evaluation absent,PROMPT_3\ARCHITECTURES\B3\RESULTS\RUNS\p3_B3_shuffle_s29_cv1\history.jsonl
3,B3,p3_B3_shuffle_s29_cv2,B3,Prompt2 A1,"{""id"": ""p3_B3_shuffle_s29_cv2"", ""architecture"": ""B3"", ""control"": ""shuffle"", ""seed"": 29, ""fold"": 2, ""epochs"": 10, ""lr"": 0.001, ""weight_decay"": 0.01, ""sampler"": ""balanced"", ""tau"": 0}",15570,29,2,10,0.08723404255319148,NOT RECORDED IN ORIGINAL RUN,NOT RECORDED IN ORIGINAL RUN,0.491388888888889,"[0.625, 0.5555555555555556, 0.2857142857142857, 0.2857142857142857, 0.8, 0.625, 0.5, 0.6, 0.5714285714285714, 0.125]",0.41105274241022227,shuffle,historical; see aggregate family ledger,fixed endpoint; no new rerun,enriched development; ROI grouping only; full-proposal evaluation absent,PROMPT_3\ARCHITECTURES\B3\RESULTS\RUNS\p3_B3_shuffle_s29_cv2\history.jsonl
3,B3,p3_B3_shuffle_s43_cv0,B3,Prompt2 A1,"{""id"": ""p3_B3_shuffle_s43_cv0"", ""architecture"": ""B3"", ""control"": ""shuffle"", ""seed"": 43, ""fold"": 0, ""epochs"": 10, ""lr"": 0.001, ""weight_decay"": 0.01, ""sampler"": ""balanced"", ""tau"": 0}",15570,43,0,10,0.07492753623188406,NOT RECORDED IN ORIGINAL RUN,NOT RECORDED IN ORIGINAL RUN,0.38850548991526435,"[0.631578947368421, 0.46153846153846156, 0.2727272727272727, 0.2857142857142857, 0.8571428571428571, 0.2, 0.3333333333333333, 0.3333333333333333, 0.125, 0.5]",0.5267345415643457,shuffle,historical; see aggregate family ledger,fixed endpoint; no new rerun,enriched development; ROI grouping only; full-proposal evaluation absent,PROMPT_3\ARCHITECTURES\B3\RESULTS\RUNS\p3_B3_shuffle_s43_cv0\history.jsonl
3,B3,p3_B3_shuffle_s43_cv1,B3,Prompt2 A1,"{""id"": ""p3_B3_shuffle_s43_cv1"", ""architecture"": ""B3"", ""control"": ""shuffle"", ""seed"": 43, ""fold"": 1, ""epochs"": 10, ""lr"": 0.001, ""weight_decay"": 0.01, ""sampler"": ""balanced"", ""tau"": 0}",15570,43,1,10,0.07618055555555556,NOT RECORDED IN ORIGINAL RUN,NOT RECORDED IN ORIGINAL RUN,0.35143373449511556,"[0.2857142857142857, 0.3333333333333333, 0.3333333333333333, 0.1, 0.6666666666666666, 0.6363636363636364, 0.125, 0.8571428571428571, 0.2222222222222222, 0.3333333333333333]",0.4983258762418879,shuffle,historical; see aggregate family ledger,fixed endpoint; no new rerun,enriched development; ROI grouping only; full-proposal evaluation absent,PROMPT_3\ARCHITECTURES\B3\RESULTS\RUNS\p3_B3_shuffle_s43_cv1\history.jsonl
3,B3,p3_B3_shuffle_s43_cv2,B3,Prompt2 A1,"{""id"": ""p3_B3_shuffle_s43_cv2"", ""architecture"": ""B3"", ""control"": ""shuffle"", ""seed"": 43, ""fold"": 2, ""epochs"": 10, ""lr"": 0.001, ""weight_decay"": 0.01, ""sampler"": ""balanced"", ""tau"": 0}",15570,43,2,10,0.07425531914893617,NOT RECORDED IN ORIGINAL RUN,NOT RECORDED IN ORIGINAL RUN,0.42919985811290157,"[0.4583333333333333, 0.5, 0.2857142857142857, 0.14285714285714285, 0.8, 0.75, 0.3, 0.6, 0.5714285714285714, 0.125]",0.4856217756066305,shuffle,historical; see aggregate family ledger,fixed endpoint; no new rerun,enriched development; ROI grouping only; full-proposal evaluation absent,PROMPT_3\ARCHITECTURES\B3\RESULTS\RUNS\p3_B3_shuffle_s43_cv2\history.jsonl
3,B4,p3_B4_placebo_s17_cv0,B4,Prompt2 A1,"{""id"": ""p3_B4_placebo_s17_cv0"", ""architecture"": ""B4"", ""control"": ""placebo"", ""seed"": 17, ""fold"": 0, ""epochs"": 10, ""lr"": 0.001, ""weight_decay"": 0.01, ""sampler"": ""balanced"", ""tau"": 0}",15730,17,0,10,0.06985507246376813,NOT RECORDED IN ORIGINAL RUN,NOT RECORDED IN ORIGINAL RUN,0.35298116184586115,"[0.6842105263157895, 0.38461538461538464, 0.2727272727272727, 0.14285714285714285, 0.8571428571428571, 0.2, 0.3333333333333333, 0.4166666666666667, 0.0, 0.5]",0.5643245068928019,placebo,historical; see aggregate family ledger,fixed endpoint; no new rerun,enriched development; ROI grouping only; full-proposal evaluation absent,PROMPT_3\ARCHITECTURES\B4\RESULTS\RUNS\p3_B4_placebo_s17_cv0\history.jsonl
3,B4,p3_B4_placebo_s17_cv1,B4,Prompt2 A1,"{""id"": ""p3_B4_placebo_s17_cv1"", ""architecture"": ""B4"", ""control"": ""placebo"", ""seed"": 17, ""fold"": 1, ""epochs"": 10, ""lr"": 0.001, ""weight_decay"": 0.01, ""sampler"": ""balanced"", ""tau"": 0}",15730,17,1,10,0.07430555555555556,NOT RECORDED IN ORIGINAL RUN,NOT RECORDED IN ORIGINAL RUN,0.31478696741854634,"[0.5714285714285714, 0.3333333333333333, 0.0, 0.1, 0.6666666666666666, 0.45454545454545453, 0.0, 0.8571428571428571, 0.2222222222222222, 0.25]",0.5899391984864122,placebo,historical; see aggregate family ledger,fixed endpoint; no new rerun,enriched development; ROI grouping only; full-proposal evaluation absent,PROMPT_3\ARCHITECTURES\B4\RESULTS\RUNS\p3_B4_placebo_s17_cv1\history.jsonl
3,B4,p3_B4_placebo_s17_cv2,B4,Prompt2 A1,"{""id"": ""p3_B4_placebo_s17_cv2"", ""architecture"": ""B4"", ""control"": ""placebo"", ""seed"": 17, ""fold"": 2, ""epochs"": 10, ""lr"": 0.001, ""weight_decay"": 0.01, ""sampler"": ""balanced"", ""tau"": 0}",15730,17,2,10,0.08602836879432622,NOT RECORDED IN ORIGINAL RUN,NOT RECORDED IN ORIGINAL RUN,0.4692324832030715,"[0.5416666666666666, 0.5555555555555556, 0.2857142857142857, 0.2857142857142857, 0.6, 0.875, 0.1, 0.6, 0.7142857142857143, 0.375]",0.43622535092540754,placebo,historical; see aggregate family ledger,fixed endpoint; no new rerun,enriched development; ROI grouping only; full-proposal evaluation absent,PROMPT_3\ARCHITECTURES\B4\RESULTS\RUNS\p3_B4_placebo_s17_cv2\history.jsonl
3,B4,p3_B4_placebo_s29_cv0,B4,Prompt2 A1,"{""id"": ""p3_B4_placebo_s29_cv0"", ""architecture"": ""B4"", ""control"": ""placebo"", ""seed"": 29, ""fold"": 0, ""epochs"": 10, ""lr"": 0.001, ""weight_decay"": 0.01, ""sampler"": ""balanced"", ""tau"": 0}",15730,29,0,10,0.06768115942028985,NOT RECORDED IN ORIGINAL RUN,NOT RECORDED IN ORIGINAL RUN,0.3344081344912547,"[0.47368421052631576, 0.07692307692307693, 0.45454545454545453, 0.2857142857142857, 1.0, 0.2, 0.16666666666666666, 0.5, 0.125, 0.5]",0.5684225527643696,placebo,historical; see aggregate family ledger,fixed endpoint; no new rerun,enriched development; ROI grouping only; full-proposal evaluation absent,PROMPT_3\ARCHITECTURES\B4\RESULTS\RUNS\p3_B4_placebo_s29_cv0\history.jsonl
3,B4,p3_B4_placebo_s29_cv1,B4,Prompt2 A1,"{""id"": ""p3_B4_placebo_s29_cv1"", ""architecture"": ""B4"", ""control"": ""placebo"", ""seed"": 29, ""fold"": 1, ""epochs"": 10, ""lr"": 0.001, ""weight_decay"": 0.01, ""sampler"": ""balanced"", ""tau"": 0}",15730,29,1,10,0.07326388888888888,NOT RECORDED IN ORIGINAL RUN,NOT RECORDED IN ORIGINAL RUN,0.3447736056214317,"[0.39285714285714285, 0.3333333333333333, 0.3333333333333333, 0.2, 0.5833333333333334, 0.5454545454545454, 0.125, 0.7142857142857143, 0.1111111111111111, 0.25]",0.5441748019110164,placebo,historical; see aggregate family ledger,fixed endpoint; no new rerun,enriched development; ROI grouping only; full-proposal evaluation absent,PROMPT_3\ARCHITECTURES\B4\RESULTS\RUNS\p3_B4_placebo_s29_cv1\history.jsonl
3,B4,p3_B4_placebo_s29_cv2,B4,Prompt2 A1,"{""id"": ""p3_B4_placebo_s29_cv2"", ""architecture"": ""B4"", ""control"": ""placebo"", ""seed"": 29, ""fold"": 2, ""epochs"": 10, ""lr"": 0.001, ""weight_decay"": 0.01, ""sampler"": ""balanced"", ""tau"": 0}",15730,29,2,10,0.08808510638297874,NOT RECORDED IN ORIGINAL RUN,NOT RECORDED IN ORIGINAL RUN,0.49477918120996406,"[0.6666666666666666, 0.6111111111111112, 0.2857142857142857, 0.2857142857142857, 0.8, 0.625, 0.4, 0.6, 0.5714285714285714, 0.125]",0.4121118126717848,placebo,historical; see aggregate family ledger,fixed endpoint; no new rerun,enriched development; ROI grouping only; full-proposal evaluation absent,PROMPT_3\ARCHITECTURES\B4\RESULTS\RUNS\p3_B4_placebo_s29_cv2\history.jsonl
3,B4,p3_B4_placebo_s43_cv0,B4,Prompt2 A1,"{""id"": ""p3_B4_placebo_s43_cv0"", ""architecture"": ""B4"", ""control"": ""placebo"", ""seed"": 43, ""fold"": 0, ""epochs"": 10, ""lr"": 0.001, ""weight_decay"": 0.01, ""sampler"": ""balanced"", ""tau"": 0}",15730,43,0,10,0.07855072463768116,NOT RECORDED IN ORIGINAL RUN,NOT RECORDED IN ORIGINAL RUN,0.42690368455074335,"[0.6842105263157895, 0.46153846153846156, 0.2727272727272727, 0.2857142857142857, 0.7142857142857143, 0.6, 0.3333333333333333, 0.3333333333333333, 0.125, 0.5]",0.49476187156723284,placebo,historical; see aggregate family ledger,fixed endpoint; no new rerun,enriched development; ROI grouping only; full-proposal evaluation absent,PROMPT_3\ARCHITECTURES\B4\RESULTS\RUNS\p3_B4_placebo_s43_cv0\history.jsonl
3,B4,p3_B4_placebo_s43_cv1,B4,Prompt2 A1,"{""id"": ""p3_B4_placebo_s43_cv1"", ""architecture"": ""B4"", ""control"": ""placebo"", ""seed"": 43, ""fold"": 1, ""epochs"": 10, ""lr"": 0.001, ""weight_decay"": 0.01, ""sampler"": ""balanced"", ""tau"": 0}",15730,43,1,10,0.08055555555555555,NOT RECORDED IN ORIGINAL RUN,NOT RECORDED IN ORIGINAL RUN,0.375789760963674,"[0.32142857142857145, 0.3333333333333333, 0.3333333333333333, 0.1, 0.6666666666666666, 0.6363636363636364, 0.25, 0.8571428571428571, 0.2222222222222222, 0.3333333333333333]",0.4794675168798108,placebo,historical; see aggregate family ledger,fixed endpoint; no new rerun,enriched development; ROI grouping only; full-proposal evaluation absent,PROMPT_3\ARCHITECTURES\B4\RESULTS\RUNS\p3_B4_placebo_s43_cv1\history.jsonl
3,B4,p3_B4_placebo_s43_cv2,B4,Prompt2 A1,"{""id"": ""p3_B4_placebo_s43_cv2"", ""architecture"": ""B4"", ""control"": ""placebo"", ""seed"": 43, ""fold"": 2, ""epochs"": 10, ""lr"": 0.001, ""weight_decay"": 0.01, ""sampler"": ""balanced"", ""tau"": 0}",15730,43,2,10,0.08219858156028367,NOT RECORDED IN ORIGINAL RUN,NOT RECORDED IN ORIGINAL RUN,0.46239127835229066,"[0.5416666666666666, 0.6111111111111112, 0.2857142857142857, 0.14285714285714285, 0.8, 0.75, 0.3, 0.6, 0.5714285714285714, 0.25]",0.46616398816029025,placebo,historical; see aggregate family ledger,fixed endpoint; no new rerun,enriched development; ROI grouping only; full-proposal evaluation absent,PROMPT_3\ARCHITECTURES\B4\RESULTS\RUNS\p3_B4_placebo_s43_cv2\history.jsonl
3,B4,p3_B4_real_s17_cv0,B4,Prompt2 A1,"{""id"": ""p3_B4_real_s17_cv0"", ""architecture"": ""B4"", ""control"": ""real"", ""seed"": 17, ""fold"": 0, ""epochs"": 10, ""lr"": 0.001, ""weight_decay"": 0.01, ""sampler"": ""balanced"", ""tau"": 0}",15730,17,0,10,0.0771014492753623,NOT RECORDED IN ORIGINAL RUN,NOT RECORDED IN ORIGINAL RUN,0.3846480864050523,"[0.6842105263157895, 0.5384615384615384, 0.2727272727272727, 0.14285714285714285, 0.8571428571428571, 0.4, 0.3333333333333333, 0.4166666666666667, 0.0, 0.5]",0.5597693835207883,real,historical; see aggregate family ledger,fixed endpoint; no new rerun,enriched development; ROI grouping only; full-proposal evaluation absent,PROMPT_3\ARCHITECTURES\B4\RESULTS\RUNS\p3_B4_real_s17_cv0\history.jsonl
3,B4,p3_B4_real_s17_cv1,B4,Prompt2 A1,"{""id"": ""p3_B4_real_s17_cv1"", ""architecture"": ""B4"", ""control"": ""real"", ""seed"": 17, ""fold"": 1, ""epochs"": 10, ""lr"": 0.001, ""weight_decay"": 0.01, ""sampler"": ""balanced"", ""tau"": 0}",15730,17,1,10,0.07569444444444444,NOT RECORDED IN ORIGINAL RUN,NOT RECORDED IN ORIGINAL RUN,0.3286480601354743,"[0.5714285714285714, 0.3333333333333333, 0.0, 0.3, 0.6666666666666666, 0.45454545454545453, 0.0, 0.8571428571428571, 0.2222222222222222, 0.16666666666666666]",0.5877521620901,real,historical; see aggregate family ledger,fixed endpoint; no new rerun,enriched development; ROI grouping only; full-proposal evaluation absent,PROMPT_3\ARCHITECTURES\B4\RESULTS\RUNS\p3_B4_real_s17_cv1\history.jsonl
3,B4,p3_B4_real_s17_cv2,B4,Prompt2 A1,"{""id"": ""p3_B4_real_s17_cv2"", ""architecture"": ""B4"", ""control"": ""real"", ""seed"": 17, ""fold"": 2, ""epochs"": 10, ""lr"": 0.001, ""weight_decay"": 0.01, ""sampler"": ""balanced"", ""tau"": 0}",15730,17,2,10,0.0902836879432624,NOT RECORDED IN ORIGINAL RUN,NOT RECORDED IN ORIGINAL RUN,0.4935187210450369,"[0.5416666666666666, 0.6111111111111112, 0.2857142857142857, 0.2857142857142857, 0.6, 0.75, 0.2, 0.6, 0.8571428571428571, 0.375]",0.4226072944689834,real,historical; see aggregate family ledger,fixed endpoint; no new rerun,enriched development; ROI grouping only; full-proposal evaluation absent,PROMPT_3\ARCHITECTURES\B4\RESULTS\RUNS\p3_B4_real_s17_cv2\history.jsonl
3,B4,p3_B4_real_s29_cv0,B4,Prompt2 A1,"{""id"": ""p3_B4_real_s29_cv0"", ""architecture"": ""B4"", ""control"": ""real"", ""seed"": 29, ""fold"": 0, ""epochs"": 10, ""lr"": 0.001, ""weight_decay"": 0.01, ""sampler"": ""balanced"", ""tau"": 0}",15730,29,0,10,0.07253623188405797,NOT RECORDED IN ORIGINAL RUN,NOT RECORDED IN ORIGINAL RUN,0.3699700943179204,"[0.5263157894736842, 0.07692307692307693, 0.45454545454545453, 0.42857142857142855, 1.0, 0.4, 0.16666666666666666, 0.5, 0.125, 0.5]",0.5642240480817952,real,historical; see aggregate family ledger,fixed endpoint; no new rerun,enriched development; ROI grouping only; full-proposal evaluation absent,PROMPT_3\ARCHITECTURES\B4\RESULTS\RUNS\p3_B4_real_s29_cv0\history.jsonl
3,B4,p3_B4_real_s29_cv1,B4,Prompt2 A1,"{""id"": ""p3_B4_real_s29_cv1"", ""architecture"": ""B4"", ""control"": ""real"", ""seed"": 29, ""fold"": 1, ""epochs"": 10, ""lr"": 0.001, ""weight_decay"": 0.01, ""sampler"": ""balanced"", ""tau"": 0}",15730,29,1,10,0.07847222222222221,NOT RECORDED IN ORIGINAL RUN,NOT RECORDED IN ORIGINAL RUN,0.3767138657695933,"[0.4642857142857143, 0.3333333333333333, 0.3333333333333333, 0.2, 0.5, 0.5454545454545454, 0.25, 0.7142857142857143, 0.2222222222222222, 0.25]",0.5174443404753002,real,historical; see aggregate family ledger,fixed endpoint; no new rerun,enriched development; ROI grouping only; full-proposal evaluation absent,PROMPT_3\ARCHITECTURES\B4\RESULTS\RUNS\p3_B4_real_s29_cv1\history.jsonl
3,B4,p3_B4_real_s29_cv2,B4,Prompt2 A1,"{""id"": ""p3_B4_real_s29_cv2"", ""architecture"": ""B4"", ""control"": ""real"", ""seed"": 29, ""fold"": 2, ""epochs"": 10, ""lr"": 0.001, ""weight_decay"": 0.01, ""sampler"": ""balanced"", ""tau"": 0}",15730,29,2,10,0.0902127659574468,NOT RECORDED IN ORIGINAL RUN,NOT RECORDED IN ORIGINAL RUN,0.5042566448946849,"[0.625, 0.6111111111111112, 0.2857142857142857, 0.2857142857142857, 0.8, 0.625, 0.5, 0.6, 0.5714285714285714, 0.25]",0.41541480820289844,real,historical; see aggregate family ledger,fixed endpoint; no new rerun,enriched development; ROI grouping only; full-proposal evaluation absent,PROMPT_3\ARCHITECTURES\B4\RESULTS\RUNS\p3_B4_real_s29_cv2\history.jsonl
3,B4,p3_B4_real_s43_cv0,B4,Prompt2 A1,"{""id"": ""p3_B4_real_s43_cv0"", ""architecture"": ""B4"", ""control"": ""real"", ""seed"": 43, ""fold"": 0, ""epochs"": 10, ""lr"": 0.001, ""weight_decay"": 0.01, ""sampler"": ""balanced"", ""tau"": 0}",15730,43,0,10,0.0836231884057971,NOT RECORDED IN ORIGINAL RUN,NOT RECORDED IN ORIGINAL RUN,0.44029320819236784,"[0.6842105263157895, 0.6153846153846154, 0.2727272727272727, 0.2857142857142857, 0.7142857142857143, 0.6, 0.3333333333333333, 0.3333333333333333, 0.125, 0.5]",0.5068073579081984,real,historical; see aggregate family ledger,fixed endpoint; no new rerun,enriched development; ROI grouping only; full-proposal evaluation absent,PROMPT_3\ARCHITECTURES\B4\RESULTS\RUNS\p3_B4_real_s43_cv0\history.jsonl
3,B4,p3_B4_real_s43_cv1,B4,Prompt2 A1,"{""id"": ""p3_B4_real_s43_cv1"", ""architecture"": ""B4"", ""control"": ""real"", ""seed"": 43, ""fold"": 1, ""epochs"": 10, ""lr"": 0.001, ""weight_decay"": 0.01, ""sampler"": ""balanced"", ""tau"": 0}",15730,43,1,10,0.08090277777777778,NOT RECORDED IN ORIGINAL RUN,NOT RECORDED IN ORIGINAL RUN,0.37779079196928167,"[0.32142857142857145, 0.3333333333333333, 0.3333333333333333, 0.1, 0.6666666666666666, 0.6363636363636364, 0.25, 0.8571428571428571, 0.2222222222222222, 0.3333333333333333]",0.4899723456123678,real,historical; see aggregate family ledger,fixed endpoint; no new rerun,enriched development; ROI grouping only; full-proposal evaluation absent,PROMPT_3\ARCHITECTURES\B4\RESULTS\RUNS\p3_B4_real_s43_cv1\history.jsonl
3,B4,p3_B4_real_s43_cv2,B4,Prompt2 A1,"{""id"": ""p3_B4_real_s43_cv2"", ""architecture"": ""B4"", ""control"": ""real"", ""seed"": 43, ""fold"": 2, ""epochs"": 10, ""lr"": 0.001, ""weight_decay"": 0.01, ""sampler"": ""balanced"", ""tau"": 0}",15730,43,2,10,0.08858156028368794,NOT RECORDED IN ORIGINAL RUN,NOT RECORDED IN ORIGINAL RUN,0.4838353803059685,"[0.5833333333333334, 0.6666666666666666, 0.2857142857142857, 0.14285714285714285, 0.8, 0.75, 0.4, 0.6, 0.5714285714285714, 0.25]",0.4600904756367318,real,historical; see aggregate family ledger,fixed endpoint; no new rerun,enriched development; ROI grouping only; full-proposal evaluation absent,PROMPT_3\ARCHITECTURES\B4\RESULTS\RUNS\p3_B4_real_s43_cv2\history.jsonl
3,B4,p3_B4_shuffle_s17_cv0,B4,Prompt2 A1,"{""id"": ""p3_B4_shuffle_s17_cv0"", ""architecture"": ""B4"", ""control"": ""shuffle"", ""seed"": 17, ""fold"": 0, ""epochs"": 10, ""lr"": 0.001, ""weight_decay"": 0.01, ""sampler"": ""balanced"", ""tau"": 0}",15730,17,0,10,0.0727536231884058,NOT RECORDED IN ORIGINAL RUN,NOT RECORDED IN ORIGINAL RUN,0.3592700872735198,"[0.6842105263157895, 0.46153846153846156, 0.2727272727272727, 0.0, 0.8571428571428571, 0.2, 0.3333333333333333, 0.4166666666666667, 0.125, 0.5]",0.5580355814651432,shuffle,historical; see aggregate family ledger,fixed endpoint; no new rerun,enriched development; ROI grouping only; full-proposal evaluation absent,PROMPT_3\ARCHITECTURES\B4\RESULTS\RUNS\p3_B4_shuffle_s17_cv0\history.jsonl
3,B4,p3_B4_shuffle_s17_cv1,B4,Prompt2 A1,"{""id"": ""p3_B4_shuffle_s17_cv1"", ""architecture"": ""B4"", ""control"": ""shuffle"", ""seed"": 17, ""fold"": 1, ""epochs"": 10, ""lr"": 0.001, ""weight_decay"": 0.01, ""sampler"": ""balanced"", ""tau"": 0}",15730,17,1,10,0.07812499999999999,NOT RECORDED IN ORIGINAL RUN,NOT RECORDED IN ORIGINAL RUN,0.3353205663731979,"[0.5714285714285714, 0.3333333333333333, 0.0, 0.3, 0.6666666666666666, 0.45454545454545453, 0.0, 1.0, 0.2222222222222222, 0.16666666666666666]",0.565235828256726,shuffle,historical; see aggregate family ledger,fixed endpoint; no new rerun,enriched development; ROI grouping only; full-proposal evaluation absent,PROMPT_3\ARCHITECTURES\B4\RESULTS\RUNS\p3_B4_shuffle_s17_cv1\history.jsonl
3,B4,p3_B4_shuffle_s17_cv2,B4,Prompt2 A1,"{""id"": ""p3_B4_shuffle_s17_cv2"", ""architecture"": ""B4"", ""control"": ""shuffle"", ""seed"": 17, ""fold"": 2, ""epochs"": 10, ""lr"": 0.001, ""weight_decay"": 0.01, ""sampler"": ""balanced"", ""tau"": 0}",15730,17,2,10,0.08319148936170212,NOT RECORDED IN ORIGINAL RUN,NOT RECORDED IN ORIGINAL RUN,0.45082058464411406,"[0.5416666666666666, 0.5555555555555556, 0.2857142857142857, 0.2857142857142857, 0.4, 0.875, 0.2, 0.6, 0.7142857142857143, 0.25]",0.465092692261789,shuffle,historical; see aggregate family ledger,fixed endpoint; no new rerun,enriched development; ROI grouping only; full-proposal evaluation absent,PROMPT_3\ARCHITECTURES\B4\RESULTS\RUNS\p3_B4_shuffle_s17_cv2\history.jsonl
3,B4,p3_B4_shuffle_s29_cv0,B4,Prompt2 A1,"{""id"": ""p3_B4_shuffle_s29_cv0"", ""architecture"": ""B4"", ""control"": ""shuffle"", ""seed"": 29, ""fold"": 0, ""epochs"": 10, ""lr"": 0.001, ""weight_decay"": 0.01, ""sampler"": ""balanced"", ""tau"": 0}",15730,29,0,10,0.06333333333333332,NOT RECORDED IN ORIGINAL RUN,NOT RECORDED IN ORIGINAL RUN,0.310120902115787,"[0.3684210526315789, 0.15384615384615385, 0.45454545454545453, 0.2857142857142857, 1.0, 0.2, 0.16666666666666666, 0.5, 0.0, 0.5]",0.6063268384552633,shuffle,historical; see aggregate family ledger,fixed endpoint; no new rerun,enriched development; ROI grouping only; full-proposal evaluation absent,PROMPT_3\ARCHITECTURES\B4\RESULTS\RUNS\p3_B4_shuffle_s29_cv0\history.jsonl
3,B4,p3_B4_shuffle_s29_cv1,B4,Prompt2 A1,"{""id"": ""p3_B4_shuffle_s29_cv1"", ""architecture"": ""B4"", ""control"": ""shuffle"", ""seed"": 29, ""fold"": 1, ""epochs"": 10, ""lr"": 0.001, ""weight_decay"": 0.01, ""sampler"": ""balanced"", ""tau"": 0}",15730,29,1,10,0.07465277777777776,NOT RECORDED IN ORIGINAL RUN,NOT RECORDED IN ORIGINAL RUN,0.3565209235209235,"[0.42857142857142855, 0.3333333333333333, 0.3333333333333333, 0.2, 0.5, 0.5454545454545454, 0.25, 0.7142857142857143, 0.1111111111111111, 0.25]",0.5453756566982373,shuffle,historical; see aggregate family ledger,fixed endpoint; no new rerun,enriched development; ROI grouping only; full-proposal evaluation absent,PROMPT_3\ARCHITECTURES\B4\RESULTS\RUNS\p3_B4_shuffle_s29_cv1\history.jsonl
3,B4,p3_B4_shuffle_s29_cv2,B4,Prompt2 A1,"{""id"": ""p3_B4_shuffle_s29_cv2"", ""architecture"": ""B4"", ""control"": ""shuffle"", ""seed"": 29, ""fold"": 2, ""epochs"": 10, ""lr"": 0.001, ""weight_decay"": 0.01, ""sampler"": ""balanced"", ""tau"": 0}",15730,29,2,10,0.08936170212765958,NOT RECORDED IN ORIGINAL RUN,NOT RECORDED IN ORIGINAL RUN,0.4957823129251701,"[0.6666666666666666, 0.5555555555555556, 0.2857142857142857, 0.2857142857142857, 0.8, 0.625, 0.5, 0.6, 0.5714285714285714, 0.125]",0.41539329462011604,shuffle,historical; see aggregate family ledger,fixed endpoint; no new rerun,enriched development; ROI grouping only; full-proposal evaluation absent,PROMPT_3\ARCHITECTURES\B4\RESULTS\RUNS\p3_B4_shuffle_s29_cv2\history.jsonl
3,B4,p3_B4_shuffle_s43_cv0,B4,Prompt2 A1,"{""id"": ""p3_B4_shuffle_s43_cv0"", ""architecture"": ""B4"", ""control"": ""shuffle"", ""seed"": 43, ""fold"": 0, ""epochs"": 10, ""lr"": 0.001, ""weight_decay"": 0.01, ""sampler"": ""balanced"", ""tau"": 0}",15730,43,0,10,0.07927536231884058,NOT RECORDED IN ORIGINAL RUN,NOT RECORDED IN ORIGINAL RUN,0.4218470418470418,"[0.6842105263157895, 0.46153846153846156, 0.36363636363636365, 0.2857142857142857, 0.7142857142857143, 0.6, 0.3333333333333333, 0.3333333333333333, 0.125, 0.25]",0.49811741794646625,shuffle,historical; see aggregate family ledger,fixed endpoint; no new rerun,enriched development; ROI grouping only; full-proposal evaluation absent,PROMPT_3\ARCHITECTURES\B4\RESULTS\RUNS\p3_B4_shuffle_s43_cv0\history.jsonl
3,B4,p3_B4_shuffle_s43_cv1,B4,Prompt2 A1,"{""id"": ""p3_B4_shuffle_s43_cv1"", ""architecture"": ""B4"", ""control"": ""shuffle"", ""seed"": 43, ""fold"": 1, ""epochs"": 10, ""lr"": 0.001, ""weight_decay"": 0.01, ""sampler"": ""balanced"", ""tau"": 0}",15730,43,1,10,0.07826388888888888,NOT RECORDED IN ORIGINAL RUN,NOT RECORDED IN ORIGINAL RUN,0.3599385750278199,"[0.32142857142857145, 0.3333333333333333, 0.3333333333333333, 0.1, 0.6666666666666666, 0.6363636363636364, 0.125, 0.8571428571428571, 0.2222222222222222, 0.3333333333333333]",0.5233090098059718,shuffle,historical; see aggregate family ledger,fixed endpoint; no new rerun,enriched development; ROI grouping only; full-proposal evaluation absent,PROMPT_3\ARCHITECTURES\B4\RESULTS\RUNS\p3_B4_shuffle_s43_cv1\history.jsonl
3,B4,p3_B4_shuffle_s43_cv2,B4,Prompt2 A1,"{""id"": ""p3_B4_shuffle_s43_cv2"", ""architecture"": ""B4"", ""control"": ""shuffle"", ""seed"": 43, ""fold"": 2, ""epochs"": 10, ""lr"": 0.001, ""weight_decay"": 0.01, ""sampler"": ""balanced"", ""tau"": 0}",15730,43,2,10,0.07851063829787233,NOT RECORDED IN ORIGINAL RUN,NOT RECORDED IN ORIGINAL RUN,0.4387918089662276,"[0.5, 0.5555555555555556, 0.2857142857142857, 0.14285714285714285, 0.8, 0.75, 0.3, 0.6, 0.5714285714285714, 0.125]",0.4917313645927751,shuffle,historical; see aggregate family ledger,fixed endpoint; no new rerun,enriched development; ROI grouping only; full-proposal evaluation absent,PROMPT_3\ARCHITECTURES\B4\RESULTS\RUNS\p3_B4_shuffle_s43_cv2\history.jsonl
4,A0,A0_s17_cv0,A0,Prompt3 A5,"{""id"": ""A0_s17_cv0"", ""family"": ""A0"", ""seed"": 17, ""fold"": 0, ""epochs"": 10, ""representation"": ""A0""}",27866,17,0,10,0.07999999999999999,NOT RECORDED IN ORIGINAL RUN,NOT RECORDED IN ORIGINAL RUN,0.39724870657797484,"[0.631578947368421, 0.5384615384615384, 0.2727272727272727, 0.2857142857142857, 0.8571428571428571, 0.4, 0.3333333333333333, 0.4166666666666667, 0.125, 0.25]",0.5266249875039892,NOT RECORDED IN ORIGINAL RUN,historical; see aggregate family ledger,fixed endpoint; no new rerun,enriched development; ROI grouping only; full-proposal evaluation absent,PROMPT_4\RUNS\A0_s17_cv0\history.jsonl
4,A0,A0_s17_cv1,A0,Prompt3 A5,"{""id"": ""A0_s17_cv1"", ""family"": ""A0"", ""seed"": 17, ""fold"": 1, ""epochs"": 10, ""representation"": ""A0""}",27866,17,1,10,0.08645833333333333,NOT RECORDED IN ORIGINAL RUN,NOT RECORDED IN ORIGINAL RUN,0.385980396415179,"[0.5357142857142857, 0.3333333333333333, 0.16666666666666666, 0.3, 0.6666666666666666, 0.6363636363636364, 0.0, 0.8571428571428571, 0.4444444444444444, 0.16666666666666666]",0.5068963817379225,NOT RECORDED IN ORIGINAL RUN,historical; see aggregate family ledger,fixed endpoint; no new rerun,enriched development; ROI grouping only; full-proposal evaluation absent,PROMPT_4\RUNS\A0_s17_cv1\history.jsonl
4,A0,A0_s17_cv2,A0,Prompt3 A5,"{""id"": ""A0_s17_cv2"", ""family"": ""A0"", ""seed"": 17, ""fold"": 2, ""epochs"": 10, ""representation"": ""A0""}",27866,17,2,10,0.09148936170212765,NOT RECORDED IN ORIGINAL RUN,NOT RECORDED IN ORIGINAL RUN,0.4797403576815342,"[0.5416666666666666, 0.6666666666666666, 0.2857142857142857, 0.14285714285714285, 0.6, 0.75, 0.3, 0.6, 0.8571428571428571, 0.25]",0.4387389069659211,NOT RECORDED IN ORIGINAL RUN,historical; see aggregate family ledger,fixed endpoint; no new rerun,enriched development; ROI grouping only; full-proposal evaluation absent,PROMPT_4\RUNS\A0_s17_cv2\history.jsonl
4,A0,A0_s29_cv0,A0,Prompt3 A5,"{""id"": ""A0_s29_cv0"", ""family"": ""A0"", ""seed"": 29, ""fold"": 0, ""epochs"": 10, ""representation"": ""A0""}",27866,29,0,10,0.08289855072463767,NOT RECORDED IN ORIGINAL RUN,NOT RECORDED IN ORIGINAL RUN,0.42724762080025236,"[0.47368421052631576, 0.3076923076923077, 0.5454545454545454, 0.7142857142857143, 1.0, 0.2, 0.16666666666666666, 0.5, 0.125, 0.75]",0.4849787002385635,NOT RECORDED IN ORIGINAL RUN,historical; see aggregate family ledger,fixed endpoint; no new rerun,enriched development; ROI grouping only; full-proposal evaluation absent,PROMPT_4\RUNS\A0_s29_cv0\history.jsonl
4,A0,A0_s29_cv1,A0,Prompt3 A5,"{""id"": ""A0_s29_cv1"", ""family"": ""A0"", ""seed"": 29, ""fold"": 1, ""epochs"": 10, ""representation"": ""A0""}",27866,29,1,10,0.07048611111111111,NOT RECORDED IN ORIGINAL RUN,NOT RECORDED IN ORIGINAL RUN,0.3296897546897547,"[0.42857142857142855, 0.3333333333333333, 0.16666666666666666, 0.3, 0.5, 0.45454545454545453, 0.25, 0.7142857142857143, 0.0, 0.3333333333333333]",0.5568978925833642,NOT RECORDED IN ORIGINAL RUN,historical; see aggregate family ledger,fixed endpoint; no new rerun,enriched development; ROI grouping only; full-proposal evaluation absent,PROMPT_4\RUNS\A0_s29_cv1\history.jsonl
4,A0,A0_s29_cv2,A0,Prompt3 A5,"{""id"": ""A0_s29_cv2"", ""family"": ""A0"", ""seed"": 29, ""fold"": 2, ""epochs"": 10, ""representation"": ""A0""}",27866,29,2,10,0.08794326241134752,NOT RECORDED IN ORIGINAL RUN,NOT RECORDED IN ORIGINAL RUN,0.45315562360372336,"[0.5416666666666666, 0.7777777777777778, 0.2857142857142857, 0.14285714285714285, 0.8, 0.625, 0.3, 0.4, 0.5714285714285714, 0.25]",0.454872359215762,NOT RECORDED IN ORIGINAL RUN,historical; see aggregate family ledger,fixed endpoint; no new rerun,enriched development; ROI grouping only; full-proposal evaluation absent,PROMPT_4\RUNS\A0_s29_cv2\history.jsonl
4,A0,A0_s43_cv0,A0,Prompt3 A5,"{""id"": ""A0_s43_cv0"", ""family"": ""A0"", ""seed"": 43, ""fold"": 0, ""epochs"": 10, ""representation"": ""A0""}",27866,43,0,10,0.08144927536231884,NOT RECORDED IN ORIGINAL RUN,NOT RECORDED IN ORIGINAL RUN,0.4241137685843568,"[0.6842105263157895, 0.6153846153846154, 0.2727272727272727, 0.42857142857142855, 0.5714285714285714, 0.2, 0.3333333333333333, 0.3333333333333333, 0.25, 0.5]",0.5034206000661012,NOT RECORDED IN ORIGINAL RUN,historical; see aggregate family ledger,fixed endpoint; no new rerun,enriched development; ROI grouping only; full-proposal evaluation absent,PROMPT_4\RUNS\A0_s43_cv0\history.jsonl
4,A0,A0_s43_cv1,A0,Prompt3 A5,"{""id"": ""A0_s43_cv1"", ""family"": ""A0"", ""seed"": 43, ""fold"": 1, ""epochs"": 10, ""representation"": ""A0""}",27866,43,1,10,0.0826388888888889,NOT RECORDED IN ORIGINAL RUN,NOT RECORDED IN ORIGINAL RUN,0.3934948065079511,"[0.39285714285714285, 0.3333333333333333, 0.3333333333333333, 0.1, 0.5833333333333334, 0.6363636363636364, 0.375, 0.8571428571428571, 0.2222222222222222, 0.3333333333333333]",0.47107912832914167,NOT RECORDED IN ORIGINAL RUN,historical; see aggregate family ledger,fixed endpoint; no new rerun,enriched development; ROI grouping only; full-proposal evaluation absent,PROMPT_4\RUNS\A0_s43_cv1\history.jsonl
4,A0,A0_s43_cv2,A0,Prompt3 A5,"{""id"": ""A0_s43_cv2"", ""family"": ""A0"", ""seed"": 43, ""fold"": 2, ""epochs"": 10, ""representation"": ""A0""}",27866,43,2,10,0.09361702127659574,NOT RECORDED IN ORIGINAL RUN,NOT RECORDED IN ORIGINAL RUN,0.4804066109329267,"[0.5833333333333334, 0.7777777777777778, 0.2857142857142857, 0.14285714285714285, 0.8, 0.625, 0.2, 0.6, 0.8571428571428571, 0.25]",0.4709242271752946,NOT RECORDED IN ORIGINAL RUN,historical; see aggregate family ledger,fixed endpoint; no new rerun,enriched development; ROI grouping only; full-proposal evaluation absent,PROMPT_4\RUNS\A0_s43_cv2\history.jsonl
4,A1_broken,A1_broken_s17_cv0,A1_broken,Prompt3 A5,"{""id"": ""A1_broken_s17_cv0"", ""family"": ""A1_broken"", ""seed"": 17, ""fold"": 0, ""epochs"": 10, ""representation"": ""A1_broken""}",27866,17,0,10,0.04746376811594203,NOT RECORDED IN ORIGINAL RUN,NOT RECORDED IN ORIGINAL RUN,0.20092592592592595,"[0.3684210526315789, 0.38461538461538464, 0.2727272727272727, 0.0, 0.14285714285714285, 0.0, 0.0, 0.4166666666666667, 0.125, 0.5]",0.7769576029475601,NOT RECORDED IN ORIGINAL RUN,historical; see aggregate family ledger,fixed endpoint; no new rerun,enriched development; ROI grouping only; full-proposal evaluation absent,PROMPT_4\RUNS\A1_broken_s17_cv0\history.jsonl
4,A1_broken,A1_broken_s17_cv1,A1_broken,Prompt3 A5,"{""id"": ""A1_broken_s17_cv1"", ""family"": ""A1_broken"", ""seed"": 17, ""fold"": 1, ""epochs"": 10, ""representation"": ""A1_broken""}",27866,17,1,10,0.05916666666666666,NOT RECORDED IN ORIGINAL RUN,NOT RECORDED IN ORIGINAL RUN,0.26049653443096066,"[0.5714285714285714, 0.5, 0.0, 0.1, 0.25, 0.36363636363636365, 0.0, 0.42857142857142855, 0.2222222222222222, 0.16666666666666666]",0.7035215263612937,NOT RECORDED IN ORIGINAL RUN,historical; see aggregate family ledger,fixed endpoint; no new rerun,enriched development; ROI grouping only; full-proposal evaluation absent,PROMPT_4\RUNS\A1_broken_s17_cv1\history.jsonl
4,A1_broken,A1_broken_s17_cv2,A1_broken,Prompt3 A5,"{""id"": ""A1_broken_s17_cv2"", ""family"": ""A1_broken"", ""seed"": 17, ""fold"": 2, ""epochs"": 10, ""representation"": ""A1_broken""}",27866,17,2,10,0.05475177304964538,NOT RECORDED IN ORIGINAL RUN,NOT RECORDED IN ORIGINAL RUN,0.24160654509837814,"[0.5833333333333334, 0.3333333333333333, 0.2857142857142857, 0.2857142857142857, 0.2, 0.25, 0.0, 0.4, 0.2857142857142857, 0.0]",0.7242451498959315,NOT RECORDED IN ORIGINAL RUN,historical; see aggregate family ledger,fixed endpoint; no new rerun,enriched development; ROI grouping only; full-proposal evaluation absent,PROMPT_4\RUNS\A1_broken_s17_cv2\history.jsonl
4,A1_broken,A1_broken_s29_cv0,A1_broken,Prompt3 A5,"{""id"": ""A1_broken_s29_cv0"", ""family"": ""A1_broken"", ""seed"": 29, ""fold"": 0, ""epochs"": 10, ""representation"": ""A1_broken""}",27866,29,0,10,0.048188405797101444,NOT RECORDED IN ORIGINAL RUN,NOT RECORDED IN ORIGINAL RUN,0.2178345685961785,"[0.3157894736842105, 0.15384615384615385, 0.36363636363636365, 0.2857142857142857, 0.2857142857142857, 0.0, 0.0, 0.5, 0.0, 0.5]",0.75285186617429,NOT RECORDED IN ORIGINAL RUN,historical; see aggregate family ledger,fixed endpoint; no new rerun,enriched development; ROI grouping only; full-proposal evaluation absent,PROMPT_4\RUNS\A1_broken_s29_cv0\history.jsonl
4,A1_broken,A1_broken_s29_cv1,A1_broken,Prompt3 A5,"{""id"": ""A1_broken_s29_cv1"", ""family"": ""A1_broken"", ""seed"": 29, ""fold"": 1, ""epochs"": 10, ""representation"": ""A1_broken""}",27866,29,1,10,0.050416666666666665,NOT RECORDED IN ORIGINAL RUN,NOT RECORDED IN ORIGINAL RUN,0.20130978090536913,"[0.5357142857142857, 0.3333333333333333, 0.0, 0.2, 0.25, 0.18181818181818182, 0.0, 0.14285714285714285, 0.2222222222222222, 0.16666666666666666]",0.7604684808503818,NOT RECORDED IN ORIGINAL RUN,historical; see aggregate family ledger,fixed endpoint; no new rerun,enriched development; ROI grouping only; full-proposal evaluation absent,PROMPT_4\RUNS\A1_broken_s29_cv1\history.jsonl
4,A1_broken,A1_broken_s29_cv2,A1_broken,Prompt3 A5,"{""id"": ""A1_broken_s29_cv2"", ""family"": ""A1_broken"", ""seed"": 29, ""fold"": 2, ""epochs"": 10, ""representation"": ""A1_broken""}",27866,29,2,10,0.05971631205673759,NOT RECORDED IN ORIGINAL RUN,NOT RECORDED IN ORIGINAL RUN,0.2949081703736876,"[0.5833333333333334, 0.3333333333333333, 0.2857142857142857, 0.2857142857142857, 0.2, 0.375, 0.0, 0.6, 0.2857142857142857, 0.125]",0.6811190329550925,NOT RECORDED IN ORIGINAL RUN,historical; see aggregate family ledger,fixed endpoint; no new rerun,enriched development; ROI grouping only; full-proposal evaluation absent,PROMPT_4\RUNS\A1_broken_s29_cv2\history.jsonl
4,A1_broken,A1_broken_s43_cv0,A1_broken,Prompt3 A5,"{""id"": ""A1_broken_s43_cv0"", ""family"": ""A1_broken"", ""seed"": 43, ""fold"": 0, ""epochs"": 10, ""representation"": ""A1_broken""}",27866,43,0,10,0.05036231884057971,NOT RECORDED IN ORIGINAL RUN,NOT RECORDED IN ORIGINAL RUN,0.22223515614819958,"[0.3684210526315789, 0.3076923076923077, 0.36363636363636365, 0.0, 0.2857142857142857, 0.2, 0.0, 0.5, 0.0, 0.25]",0.7283128406954981,NOT RECORDED IN ORIGINAL RUN,historical; see aggregate family ledger,fixed endpoint; no new rerun,enriched development; ROI grouping only; full-proposal evaluation absent,PROMPT_4\RUNS\A1_broken_s43_cv0\history.jsonl
4,A1_broken,A1_broken_s43_cv1,A1_broken,Prompt3 A5,"{""id"": ""A1_broken_s43_cv1"", ""family"": ""A1_broken"", ""seed"": 43, ""fold"": 1, ""epochs"": 10, ""representation"": ""A1_broken""}",27866,43,1,10,0.05409722222222222,NOT RECORDED IN ORIGINAL RUN,NOT RECORDED IN ORIGINAL RUN,0.23684056853393237,"[0.4642857142857143, 0.3333333333333333, 0.3333333333333333, 0.1, 0.08333333333333333, 0.36363636363636365, 0.125, 0.14285714285714285, 0.2222222222222222, 0.25]",0.724215580403625,NOT RECORDED IN ORIGINAL RUN,historical; see aggregate family ledger,fixed endpoint; no new rerun,enriched development; ROI grouping only; full-proposal evaluation absent,PROMPT_4\RUNS\A1_broken_s43_cv1\history.jsonl
4,A1_broken,A1_broken_s43_cv2,A1_broken,Prompt3 A5,"{""id"": ""A1_broken_s43_cv2"", ""family"": ""A1_broken"", ""seed"": 43, ""fold"": 2, ""epochs"": 10, ""representation"": ""A1_broken""}",27866,43,2,10,0.05468085106382979,NOT RECORDED IN ORIGINAL RUN,NOT RECORDED IN ORIGINAL RUN,0.25824144409050065,"[0.5833333333333334, 0.2777777777777778, 0.42857142857142855, 0.42857142857142855, 0.0, 0.375, 0.0, 0.4, 0.2857142857142857, 0.0]",0.7179812626595895,NOT RECORDED IN ORIGINAL RUN,historical; see aggregate family ledger,fixed endpoint; no new rerun,enriched development; ROI grouping only; full-proposal evaluation absent,PROMPT_4\RUNS\A1_broken_s43_cv2\history.jsonl
4,A1,A1_s17_cv0,A1,Prompt3 A5,"{""id"": ""A1_s17_cv0"", ""family"": ""A1"", ""seed"": 17, ""fold"": 0, ""epochs"": 10, ""representation"": ""A1""}",27866,17,0,10,0.10028985507246377,NOT RECORDED IN ORIGINAL RUN,NOT RECORDED IN ORIGINAL RUN,0.5156791155704199,"[0.631578947368421, 0.6923076923076923, 0.45454545454545453, 0.5714285714285714, 0.7142857142857143, 0.6, 0.6666666666666666, 0.25, 0.125, 0.75]",0.44296458158455543,NOT RECORDED IN ORIGINAL RUN,historical; see aggregate family ledger,fixed endpoint; no new rerun,enriched development; ROI grouping only; full-proposal evaluation absent,PROMPT_4\RUNS\A1_s17_cv0\history.jsonl
4,A1,A1_s17_cv1,A1,Prompt3 A5,"{""id"": ""A1_s17_cv1"", ""family"": ""A1"", ""seed"": 17, ""fold"": 1, ""epochs"": 10, ""representation"": ""A1""}",27866,17,1,10,0.10868055555555556,NOT RECORDED IN ORIGINAL RUN,NOT RECORDED IN ORIGINAL RUN,0.4904453733401102,"[0.6071428571428571, 0.8333333333333334, 0.3333333333333333, 0.0, 0.6666666666666666, 0.6363636363636364, 0.25, 0.8571428571428571, 0.5555555555555556, 0.5]",0.44053463159471407,NOT RECORDED IN ORIGINAL RUN,historical; see aggregate family ledger,fixed endpoint; no new rerun,enriched development; ROI grouping only; full-proposal evaluation absent,PROMPT_4\RUNS\A1_s17_cv1\history.jsonl
4,A1,A1_s17_cv2,A1,Prompt3 A5,"{""id"": ""A1_s17_cv2"", ""family"": ""A1"", ""seed"": 17, ""fold"": 2, ""epochs"": 10, ""representation"": ""A1""}",27866,17,2,10,0.09574468085106383,NOT RECORDED IN ORIGINAL RUN,NOT RECORDED IN ORIGINAL RUN,0.5219781353837081,"[0.5833333333333334, 0.7222222222222222, 0.5714285714285714, 0.42857142857142855, 0.6, 0.75, 0.3, 0.4, 0.5714285714285714, 0.25]",0.43842127238412065,NOT RECORDED IN ORIGINAL RUN,historical; see aggregate family ledger,fixed endpoint; no new rerun,enriched development; ROI grouping only; full-proposal evaluation absent,PROMPT_4\RUNS\A1_s17_cv2\history.jsonl
4,A1,A1_s29_cv0,A1,Prompt3 A5,"{""id"": ""A1_s29_cv0"", ""family"": ""A1"", ""seed"": 29, ""fold"": 0, ""epochs"": 10, ""representation"": ""A1""}",27866,29,0,10,0.09782608695652173,NOT RECORDED IN ORIGINAL RUN,NOT RECORDED IN ORIGINAL RUN,0.5000744999754289,"[0.5789473684210527, 0.6153846153846154, 0.45454545454545453, 0.5714285714285714, 0.7142857142857143, 0.6, 0.5, 0.4166666666666667, 0.0, 1.0]",0.4543914389874044,NOT RECORDED IN ORIGINAL RUN,historical; see aggregate family ledger,fixed endpoint; no new rerun,enriched development; ROI grouping only; full-proposal evaluation absent,PROMPT_4\RUNS\A1_s29_cv0\history.jsonl
4,A1,A1_s29_cv1,A1,Prompt3 A5,"{""id"": ""A1_s29_cv1"", ""family"": ""A1"", ""seed"": 29, ""fold"": 1, ""epochs"": 10, ""representation"": ""A1""}",27866,29,1,10,0.11729166666666666,NOT RECORDED IN ORIGINAL RUN,NOT RECORDED IN ORIGINAL RUN,0.5739995357175098,"[0.5357142857142857, 0.8333333333333334, 0.6666666666666666, 0.3, 0.5, 0.6363636363636364, 0.625, 0.8571428571428571, 0.4444444444444444, 0.5833333333333334]",0.35286088164290763,NOT RECORDED IN ORIGINAL RUN,historical; see aggregate family ledger,fixed endpoint; no new rerun,enriched development; ROI grouping only; full-proposal evaluation absent,PROMPT_4\RUNS\A1_s29_cv1\history.jsonl
4,A1,A1_s29_cv2,A1,Prompt3 A5,"{""id"": ""A1_s29_cv2"", ""family"": ""A1"", ""seed"": 29, ""fold"": 2, ""epochs"": 10, ""representation"": ""A1""}",27866,29,2,10,0.0957953394123607,NOT RECORDED IN ORIGINAL RUN,NOT RECORDED IN ORIGINAL RUN,0.49037530618592307,"[0.625, 0.7777777777777778, 0.42857142857142855, 0.42857142857142855, 0.6, 0.875, 0.3, 0.0, 0.7142857142857143, 0.25]",0.45809211392783844,NOT RECORDED IN ORIGINAL RUN,historical; see aggregate family ledger,fixed endpoint; no new rerun,enriched development; ROI grouping only; full-proposal evaluation absent,PROMPT_4\RUNS\A1_s29_cv2\history.jsonl
4,A1,A1_s43_cv0,A1,Prompt3 A5,"{""id"": ""A1_s43_cv0"", ""family"": ""A1"", ""seed"": 43, ""fold"": 0, ""epochs"": 10, ""representation"": ""A1""}",27866,43,0,10,0.0967391304347826,NOT RECORDED IN ORIGINAL RUN,NOT RECORDED IN ORIGINAL RUN,0.4985529432204624,"[0.6842105263157895, 0.6153846153846154, 0.45454545454545453, 0.2857142857142857, 0.7142857142857143, 0.6, 0.6666666666666666, 0.4166666666666667, 0.125, 0.5]",0.46056240175202545,NOT RECORDED IN ORIGINAL RUN,historical; see aggregate family ledger,fixed endpoint; no new rerun,enriched development; ROI grouping only; full-proposal evaluation absent,PROMPT_4\RUNS\A1_s43_cv0\history.jsonl
4,A1,A1_s43_cv1,A1,Prompt3 A5,"{""id"": ""A1_s43_cv1"", ""family"": ""A1"", ""seed"": 43, ""fold"": 1, ""epochs"": 10, ""representation"": ""A1""}",27866,43,1,10,0.11138888888888887,NOT RECORDED IN ORIGINAL RUN,NOT RECORDED IN ORIGINAL RUN,0.5280214322162924,"[0.39285714285714285, 0.6666666666666666, 0.5, 0.2, 0.6666666666666666, 0.6363636363636364, 0.625, 1.0, 0.5555555555555556, 0.5]",0.3828783812384067,NOT RECORDED IN ORIGINAL RUN,historical; see aggregate family ledger,fixed endpoint; no new rerun,enriched development; ROI grouping only; full-proposal evaluation absent,PROMPT_4\RUNS\A1_s43_cv1\history.jsonl
4,A1,A1_s43_cv2,A1,Prompt3 A5,"{""id"": ""A1_s43_cv2"", ""family"": ""A1"", ""seed"": 43, ""fold"": 2, ""epochs"": 10, ""representation"": ""A1""}",27866,43,2,10,0.09092198581560283,NOT RECORDED IN ORIGINAL RUN,NOT RECORDED IN ORIGINAL RUN,0.5048478455831397,"[0.625, 0.6111111111111112, 0.42857142857142855, 0.2857142857142857, 0.6, 0.625, 0.2, 0.6, 0.7142857142857143, 0.25]",0.45094555984570595,NOT RECORDED IN ORIGINAL RUN,historical; see aggregate family ledger,fixed endpoint; no new rerun,enriched development; ROI grouping only; full-proposal evaluation absent,PROMPT_4\RUNS\A1_s43_cv2\history.jsonl
4,A2_broken,A2_broken_s17_cv0,A2_broken,Prompt3 A5,"{""id"": ""A2_broken_s17_cv0"", ""family"": ""A2_broken"", ""seed"": 17, ""fold"": 0, ""epochs"": 10, ""representation"": ""A2_broken""}",27866,17,0,10,0.05355072463768116,NOT RECORDED IN ORIGINAL RUN,NOT RECORDED IN ORIGINAL RUN,0.27305028305028306,"[0.3157894736842105, 0.38461538461538464, 0.2727272727272727, 0.14285714285714285, 0.14285714285714285, 0.4, 0.0, 0.5, 0.25, 0.5]",0.6659113489709463,NOT RECORDED IN ORIGINAL RUN,historical; see aggregate family ledger,fixed endpoint; no new rerun,enriched development; ROI grouping only; full-proposal evaluation absent,PROMPT_4\RUNS\A2_broken_s17_cv0\history.jsonl
4,A2_broken,A2_broken_s17_cv1,A2_broken,Prompt3 A5,"{""id"": ""A2_broken_s17_cv1"", ""family"": ""A2_broken"", ""seed"": 17, ""fold"": 1, ""epochs"": 10, ""representation"": ""A2_broken""}",27866,17,1,10,0.07395833333333332,NOT RECORDED IN ORIGINAL RUN,NOT RECORDED IN ORIGINAL RUN,0.3264305689337659,"[0.6428571428571429, 0.5, 0.0, 0.1, 0.3333333333333333, 0.6363636363636364, 0.125, 0.2857142857142857, 0.3333333333333333, 0.3333333333333333]",0.6105349668836498,NOT RECORDED IN ORIGINAL RUN,historical; see aggregate family ledger,fixed endpoint; no new rerun,enriched development; ROI grouping only; full-proposal evaluation absent,PROMPT_4\RUNS\A2_broken_s17_cv1\history.jsonl
4,A2_broken,A2_broken_s17_cv2,A2_broken,Prompt3 A5,"{""id"": ""A2_broken_s17_cv2"", ""family"": ""A2_broken"", ""seed"": 17, ""fold"": 2, ""epochs"": 10, ""representation"": ""A2_broken""}",27866,17,2,10,0.07900709219858157,NOT RECORDED IN ORIGINAL RUN,NOT RECORDED IN ORIGINAL RUN,0.3931394634776988,"[0.6666666666666666, 0.5, 0.2857142857142857, 0.5714285714285714, 0.6, 0.25, 0.2, 0.6, 0.42857142857142855, 0.0]",0.5419337596207855,NOT RECORDED IN ORIGINAL RUN,historical; see aggregate family ledger,fixed endpoint; no new rerun,enriched development; ROI grouping only; full-proposal evaluation absent,PROMPT_4\RUNS\A2_broken_s17_cv2\history.jsonl
4,A2_broken,A2_broken_s29_cv0,A2_broken,Prompt3 A5,"{""id"": ""A2_broken_s29_cv0"", ""family"": ""A2_broken"", ""seed"": 29, ""fold"": 0, ""epochs"": 10, ""representation"": ""A2_broken""}",27866,29,0,10,0.05463768115942028,NOT RECORDED IN ORIGINAL RUN,NOT RECORDED IN ORIGINAL RUN,0.2890379503537398,"[0.2631578947368421, 0.23076923076923078, 0.36363636363636365, 0.2857142857142857, 0.42857142857142855, 0.4, 0.16666666666666666, 0.5, 0.0, 0.5]",0.6525124796061895,NOT RECORDED IN ORIGINAL RUN,historical; see aggregate family ledger,fixed endpoint; no new rerun,enriched development; ROI grouping only; full-proposal evaluation absent,PROMPT_4\RUNS\A2_broken_s29_cv0\history.jsonl
4,A2_broken,A2_broken_s29_cv1,A2_broken,Prompt3 A5,"{""id"": ""A2_broken_s29_cv1"", ""family"": ""A2_broken"", ""seed"": 29, ""fold"": 1, ""epochs"": 10, ""representation"": ""A2_broken""}",27866,29,1,10,0.06736111111111111,NOT RECORDED IN ORIGINAL RUN,NOT RECORDED IN ORIGINAL RUN,0.29865903310122377,"[0.5357142857142857, 0.5, 0.0, 0.2, 0.3333333333333333, 0.36363636363636365, 0.125, 0.42857142857142855, 0.2222222222222222, 0.3333333333333333]",0.623563994053489,NOT RECORDED IN ORIGINAL RUN,historical; see aggregate family ledger,fixed endpoint; no new rerun,enriched development; ROI grouping only; full-proposal evaluation absent,PROMPT_4\RUNS\A2_broken_s29_cv1\history.jsonl
4,A2_broken,A2_broken_s29_cv2,A2_broken,Prompt3 A5,"{""id"": ""A2_broken_s29_cv2"", ""family"": ""A2_broken"", ""seed"": 29, ""fold"": 2, ""epochs"": 10, ""representation"": ""A2_broken""}",27866,29,2,10,0.08751773049645388,NOT RECORDED IN ORIGINAL RUN,NOT RECORDED IN ORIGINAL RUN,0.44874643874643877,"[0.6666666666666666, 0.6666666666666666, 0.2857142857142857, 0.5714285714285714, 0.2, 0.375, 0.3, 0.6, 0.42857142857142855, 0.25]",0.4760378192228982,NOT RECORDED IN ORIGINAL RUN,historical; see aggregate family ledger,fixed endpoint; no new rerun,enriched development; ROI grouping only; full-proposal evaluation absent,PROMPT_4\RUNS\A2_broken_s29_cv2\history.jsonl
4,A2_broken,A2_broken_s43_cv0,A2_broken,Prompt3 A5,"{""id"": ""A2_broken_s43_cv0"", ""family"": ""A2_broken"", ""seed"": 43, ""fold"": 0, ""epochs"": 10, ""representation"": ""A2_broken""}",27866,43,0,10,0.050652173913043476,NOT RECORDED IN ORIGINAL RUN,NOT RECORDED IN ORIGINAL RUN,0.25492063492063494,"[0.42105263157894735, 0.23076923076923078, 0.36363636363636365, 0.2857142857142857, 0.14285714285714285, 0.4, 0.0, 0.5, 0.0, 0.25]",0.6594898655372969,NOT RECORDED IN ORIGINAL RUN,historical; see aggregate family ledger,fixed endpoint; no new rerun,enriched development; ROI grouping only; full-proposal evaluation absent,PROMPT_4\RUNS\A2_broken_s43_cv0\history.jsonl
4,A2_broken,A2_broken_s43_cv1,A2_broken,Prompt3 A5,"{""id"": ""A2_broken_s43_cv1"", ""family"": ""A2_broken"", ""seed"": 43, ""fold"": 1, ""epochs"": 10, ""representation"": ""A2_broken""}",27866,43,1,10,0.07569444444444443,NOT RECORDED IN ORIGINAL RUN,NOT RECORDED IN ORIGINAL RUN,0.3597847090989506,"[0.5714285714285714, 0.5, 0.16666666666666666, 0.1, 0.5, 0.5454545454545454, 0.25, 0.42857142857142855, 0.2222222222222222, 0.3333333333333333]",0.578354240821328,NOT RECORDED IN ORIGINAL RUN,historical; see aggregate family ledger,fixed endpoint; no new rerun,enriched development; ROI grouping only; full-proposal evaluation absent,PROMPT_4\RUNS\A2_broken_s43_cv1\history.jsonl
4,A2_broken,A2_broken_s43_cv2,A2_broken,Prompt3 A5,"{""id"": ""A2_broken_s43_cv2"", ""family"": ""A2_broken"", ""seed"": 43, ""fold"": 2, ""epochs"": 10, ""representation"": ""A2_broken""}",27866,43,2,10,0.07907801418439717,NOT RECORDED IN ORIGINAL RUN,NOT RECORDED IN ORIGINAL RUN,0.4071933496745527,"[0.5416666666666666, 0.6111111111111112, 0.2857142857142857, 0.7142857142857143, 0.2, 0.375, 0.4, 0.6, 0.42857142857142855, 0.0]",0.5470920252212227,NOT RECORDED IN ORIGINAL RUN,historical; see aggregate family ledger,fixed endpoint; no new rerun,enriched development; ROI grouping only; full-proposal evaluation absent,PROMPT_4\RUNS\A2_broken_s43_cv2\history.jsonl
4,A2,A2_s17_cv0,A2,Prompt3 A5,"{""id"": ""A2_s17_cv0"", ""family"": ""A2"", ""seed"": 17, ""fold"": 0, ""epochs"": 10, ""representation"": ""A2""}",27866,17,0,10,0.10391304347826087,NOT RECORDED IN ORIGINAL RUN,NOT RECORDED IN ORIGINAL RUN,0.5612271938587727,"[0.6842105263157895, 0.6153846153846154, 0.5454545454545454, 0.2857142857142857, 0.5714285714285714, 0.6, 0.8333333333333334, 0.4166666666666667, 0.25, 1.0]",0.40547224921180436,NOT RECORDED IN ORIGINAL RUN,historical; see aggregate family ledger,fixed endpoint; no new rerun,enriched development; ROI grouping only; full-proposal evaluation absent,PROMPT_4\RUNS\A2_s17_cv0\history.jsonl
4,A2,A2_s17_cv1,A2,Prompt3 A5,"{""id"": ""A2_s17_cv1"", ""family"": ""A2"", ""seed"": 17, ""fold"": 1, ""epochs"": 10, ""representation"": ""A2""}",27866,17,1,10,0.11180555555555553,NOT RECORDED IN ORIGINAL RUN,NOT RECORDED IN ORIGINAL RUN,0.5172403398638423,"[0.6071428571428571, 0.6666666666666666, 0.3333333333333333, 0.2, 0.75, 0.6363636363636364, 0.25, 1.0, 0.5555555555555556, 0.4166666666666667]",0.41178580803422193,NOT RECORDED IN ORIGINAL RUN,historical; see aggregate family ledger,fixed endpoint; no new rerun,enriched development; ROI grouping only; full-proposal evaluation absent,PROMPT_4\RUNS\A2_s17_cv1\history.jsonl
4,A2,A2_s17_cv2,A2,Prompt3 A5,"{""id"": ""A2_s17_cv2"", ""family"": ""A2"", ""seed"": 17, ""fold"": 2, ""epochs"": 10, ""representation"": ""A2""}",27866,17,2,10,0.1013981762917933,NOT RECORDED IN ORIGINAL RUN,NOT RECORDED IN ORIGINAL RUN,0.5541422466422466,"[0.6666666666666666, 0.7777777777777778, 0.42857142857142855, 0.2857142857142857, 0.8, 0.75, 0.4, 0.6, 0.5714285714285714, 0.25]",0.39397404066521713,NOT RECORDED IN ORIGINAL RUN,historical; see aggregate family ledger,fixed endpoint; no new rerun,enriched development; ROI grouping only; full-proposal evaluation absent,PROMPT_4\RUNS\A2_s17_cv2\history.jsonl
4,A2,A2_s29_cv0,A2,Prompt3 A5,"{""id"": ""A2_s29_cv0"", ""family"": ""A2"", ""seed"": 29, ""fold"": 0, ""epochs"": 10, ""representation"": ""A2""}",27866,29,0,10,0.10028985507246377,NOT RECORDED IN ORIGINAL RUN,NOT RECORDED IN ORIGINAL RUN,0.524078873654725,"[0.5263157894736842, 0.6153846153846154, 0.6363636363636364, 0.5714285714285714, 0.7142857142857143, 0.6, 0.6666666666666666, 0.3333333333333333, 0.125, 1.0]",0.4171581528060866,NOT RECORDED IN ORIGINAL RUN,historical; see aggregate family ledger,fixed endpoint; no new rerun,enriched development; ROI grouping only; full-proposal evaluation absent,PROMPT_4\RUNS\A2_s29_cv0\history.jsonl
4,A2,A2_s29_cv1,A2,Prompt3 A5,"{""id"": ""A2_s29_cv1"", ""family"": ""A2"", ""seed"": 29, ""fold"": 1, ""epochs"": 10, ""representation"": ""A2""}",27866,29,1,10,0.11659722222222221,NOT RECORDED IN ORIGINAL RUN,NOT RECORDED IN ORIGINAL RUN,0.5541422095874243,"[0.5357142857142857, 0.6666666666666666, 0.5, 0.3, 0.75, 0.6363636363636364, 0.375, 0.8571428571428571, 0.4444444444444444, 0.6666666666666666]",0.39346886244550305,NOT RECORDED IN ORIGINAL RUN,historical; see aggregate family ledger,fixed endpoint; no new rerun,enriched development; ROI grouping only; full-proposal evaluation absent,PROMPT_4\RUNS\A2_s29_cv1\history.jsonl
4,A2,A2_s29_cv2,A2,Prompt3 A5,"{""id"": ""A2_s29_cv2"", ""family"": ""A2"", ""seed"": 29, ""fold"": 2, ""epochs"": 10, ""representation"": ""A2""}",27866,29,2,10,0.10919959473150964,NOT RECORDED IN ORIGINAL RUN,NOT RECORDED IN ORIGINAL RUN,0.5898736689666921,"[0.7083333333333334, 0.8333333333333334, 0.42857142857142855, 0.42857142857142855, 0.8, 0.75, 0.4, 0.6, 0.5714285714285714, 0.25]",0.35356251539002703,NOT RECORDED IN ORIGINAL RUN,historical; see aggregate family ledger,fixed endpoint; no new rerun,enriched development; ROI grouping only; full-proposal evaluation absent,PROMPT_4\RUNS\A2_s29_cv2\history.jsonl
4,A2,A2_s43_cv0,A2,Prompt3 A5,"{""id"": ""A2_s43_cv0"", ""family"": ""A2"", ""seed"": 43, ""fold"": 0, ""epochs"": 10, ""representation"": ""A2""}",27866,43,0,10,0.1017391304347826,NOT RECORDED IN ORIGINAL RUN,NOT RECORDED IN ORIGINAL RUN,0.5462715433190402,"[0.6842105263157895, 0.5384615384615384, 0.45454545454545453, 0.7142857142857143, 0.5714285714285714, 0.6, 0.6666666666666666, 0.4166666666666667, 0.125, 1.0]",0.4161593815439407,NOT RECORDED IN ORIGINAL RUN,historical; see aggregate family ledger,fixed endpoint; no new rerun,enriched development; ROI grouping only; full-proposal evaluation absent,PROMPT_4\RUNS\A2_s43_cv0\history.jsonl
4,A2,A2_s43_cv1,A2,Prompt3 A5,"{""id"": ""A2_s43_cv1"", ""family"": ""A2"", ""seed"": 43, ""fold"": 1, ""epochs"": 10, ""representation"": ""A2""}",27866,43,1,10,0.10555555555555556,NOT RECORDED IN ORIGINAL RUN,NOT RECORDED IN ORIGINAL RUN,0.48912462479564384,"[0.5357142857142857, 0.5, 0.3333333333333333, 0.2, 0.75, 0.6363636363636364, 0.375, 1.0, 0.5555555555555556, 0.3333333333333333]",0.4543123352204301,NOT RECORDED IN ORIGINAL RUN,historical; see aggregate family ledger,fixed endpoint; no new rerun,enriched development; ROI grouping only; full-proposal evaluation absent,PROMPT_4\RUNS\A2_s43_cv1\history.jsonl
4,A2,A2_s43_cv2,A2,Prompt3 A5,"{""id"": ""A2_s43_cv2"", ""family"": ""A2"", ""seed"": 43, ""fold"": 2, ""epochs"": 10, ""representation"": ""A2""}",27866,43,2,10,0.10879432624113476,NOT RECORDED IN ORIGINAL RUN,NOT RECORDED IN ORIGINAL RUN,0.5967703140635472,"[0.7083333333333334, 0.6666666666666666, 0.42857142857142855, 0.42857142857142855, 0.8, 0.625, 0.5, 0.8, 0.7142857142857143, 0.25]",0.34958238259874697,NOT RECORDED IN ORIGINAL RUN,historical; see aggregate family ledger,fixed endpoint; no new rerun,enriched development; ROI grouping only; full-proposal evaluation absent,PROMPT_4\RUNS\A2_s43_cv2\history.jsonl
4,A3_broken,A3_broken_s17_cv0,A3_broken,Prompt3 A5,"{""id"": ""A3_broken_s17_cv0"", ""family"": ""A3_broken"", ""seed"": 17, ""fold"": 0, ""epochs"": 10, ""representation"": ""A3_broken""}",27866,17,0,10,0.048840579710144924,NOT RECORDED IN ORIGINAL RUN,NOT RECORDED IN ORIGINAL RUN,0.23864502738032148,"[0.3684210526315789, 0.3076923076923077, 0.2727272727272727, 0.0, 0.14285714285714285, 0.4, 0.0, 0.4166666666666667, 0.125, 0.5]",0.7453848046388851,NOT RECORDED IN ORIGINAL RUN,historical; see aggregate family ledger,fixed endpoint; no new rerun,enriched development; ROI grouping only; full-proposal evaluation absent,PROMPT_4\RUNS\A3_broken_s17_cv0\history.jsonl
4,A3_broken,A3_broken_s17_cv1,A3_broken,Prompt3 A5,"{""id"": ""A3_broken_s17_cv1"", ""family"": ""A3_broken"", ""seed"": 17, ""fold"": 1, ""epochs"": 10, ""representation"": ""A3_broken""}",27866,17,1,10,0.07395833333333332,NOT RECORDED IN ORIGINAL RUN,NOT RECORDED IN ORIGINAL RUN,0.3470104405398523,"[0.6785714285714286, 0.5, 0.16666666666666666, 0.1, 0.3333333333333333, 0.45454545454545453, 0.125, 0.2857142857142857, 0.3333333333333333, 0.3333333333333333]",0.6098571596019414,NOT RECORDED IN ORIGINAL RUN,historical; see aggregate family ledger,fixed endpoint; no new rerun,enriched development; ROI grouping only; full-proposal evaluation absent,PROMPT_4\RUNS\A3_broken_s17_cv1\history.jsonl
4,A3_broken,A3_broken_s17_cv2,A3_broken,Prompt3 A5,"{""id"": ""A3_broken_s17_cv2"", ""family"": ""A3_broken"", ""seed"": 17, ""fold"": 2, ""epochs"": 10, ""representation"": ""A3_broken""}",27866,17,2,10,0.05645390070921985,NOT RECORDED IN ORIGINAL RUN,NOT RECORDED IN ORIGINAL RUN,0.26350884409707936,"[0.5833333333333334, 0.3333333333333333, 0.14285714285714285, 0.2857142857142857, 0.2, 0.125, 0.2, 0.4, 0.42857142857142855, 0.0]",0.6822291442271158,NOT RECORDED IN ORIGINAL RUN,historical; see aggregate family ledger,fixed endpoint; no new rerun,enriched development; ROI grouping only; full-proposal evaluation absent,PROMPT_4\RUNS\A3_broken_s17_cv2\history.jsonl
4,A3_broken,A3_broken_s29_cv0,A3_broken,Prompt3 A5,"{""id"": ""A3_broken_s29_cv0"", ""family"": ""A3_broken"", ""seed"": 29, ""fold"": 0, ""epochs"": 10, ""representation"": ""A3_broken""}",27866,29,0,10,0.04528985507246377,NOT RECORDED IN ORIGINAL RUN,NOT RECORDED IN ORIGINAL RUN,0.21126839826839827,"[0.3157894736842105, 0.23076923076923078, 0.18181818181818182, 0.14285714285714285, 0.2857142857142857, 0.2, 0.0, 0.5, 0.0, 0.5]",0.7482636189239515,NOT RECORDED IN ORIGINAL RUN,historical; see aggregate family ledger,fixed endpoint; no new rerun,enriched development; ROI grouping only; full-proposal evaluation absent,PROMPT_4\RUNS\A3_broken_s29_cv0\history.jsonl
4,A3_broken,A3_broken_s29_cv1,A3_broken,Prompt3 A5,"{""id"": ""A3_broken_s29_cv1"", ""family"": ""A3_broken"", ""seed"": 29, ""fold"": 1, ""epochs"": 10, ""representation"": ""A3_broken""}",27866,29,1,10,0.06833333333333333,NOT RECORDED IN ORIGINAL RUN,NOT RECORDED IN ORIGINAL RUN,0.2991164624848835,"[0.5357142857142857, 0.5, 0.16666666666666666, 0.2, 0.4166666666666667, 0.36363636363636365, 0.0, 0.2857142857142857, 0.2222222222222222, 0.3333333333333333]",0.6501241283419144,NOT RECORDED IN ORIGINAL RUN,historical; see aggregate family ledger,fixed endpoint; no new rerun,enriched development; ROI grouping only; full-proposal evaluation absent,PROMPT_4\RUNS\A3_broken_s29_cv1\history.jsonl
4,A3_broken,A3_broken_s29_cv2,A3_broken,Prompt3 A5,"{""id"": ""A3_broken_s29_cv2"", ""family"": ""A3_broken"", ""seed"": 29, ""fold"": 2, ""epochs"": 10, ""representation"": ""A3_broken""}",27866,29,2,10,0.06730496453900708,NOT RECORDED IN ORIGINAL RUN,NOT RECORDED IN ORIGINAL RUN,0.3191474335259019,"[0.5833333333333334, 0.5, 0.0, 0.5714285714285714, 0.2, 0.25, 0.2, 0.6, 0.2857142857142857, 0.125]",0.6356874788442834,NOT RECORDED IN ORIGINAL RUN,historical; see aggregate family ledger,fixed endpoint; no new rerun,enriched development; ROI grouping only; full-proposal evaluation absent,PROMPT_4\RUNS\A3_broken_s29_cv2\history.jsonl
4,A3_broken,A3_broken_s43_cv0,A3_broken,Prompt3 A5,"{""id"": ""A3_broken_s43_cv0"", ""family"": ""A3_broken"", ""seed"": 43, ""fold"": 0, ""epochs"": 10, ""representation"": ""A3_broken""}",27866,43,0,10,0.04123188405797101,NOT RECORDED IN ORIGINAL RUN,NOT RECORDED IN ORIGINAL RUN,0.20784134435029578,"[0.3157894736842105, 0.15384615384615385, 0.36363636363636365, 0.14285714285714285, 0.14285714285714285, 0.4, 0.0, 0.4166666666666667, 0.0, 0.25]",0.7189734575761952,NOT RECORDED IN ORIGINAL RUN,historical; see aggregate family ledger,fixed endpoint; no new rerun,enriched development; ROI grouping only; full-proposal evaluation absent,PROMPT_4\RUNS\A3_broken_s43_cv0\history.jsonl
4,A3_broken,A3_broken_s43_cv1,A3_broken,Prompt3 A5,"{""id"": ""A3_broken_s43_cv1"", ""family"": ""A3_broken"", ""seed"": 43, ""fold"": 1, ""epochs"": 10, ""representation"": ""A3_broken""}",27866,43,1,10,0.0638888888888889,NOT RECORDED IN ORIGINAL RUN,NOT RECORDED IN ORIGINAL RUN,0.28961874382927016,"[0.5, 0.5, 0.16666666666666666, 0.1, 0.4166666666666667, 0.36363636363636365, 0.25, 0.14285714285714285, 0.1111111111111111, 0.3333333333333333]",0.6594915067495402,NOT RECORDED IN ORIGINAL RUN,historical; see aggregate family ledger,fixed endpoint; no new rerun,enriched development; ROI grouping only; full-proposal evaluation absent,PROMPT_4\RUNS\A3_broken_s43_cv1\history.jsonl
4,A3_broken,A3_broken_s43_cv2,A3_broken,Prompt3 A5,"{""id"": ""A3_broken_s43_cv2"", ""family"": ""A3_broken"", ""seed"": 43, ""fold"": 2, ""epochs"": 10, ""representation"": ""A3_broken""}",27866,43,2,10,0.06021276595744681,NOT RECORDED IN ORIGINAL RUN,NOT RECORDED IN ORIGINAL RUN,0.2848420293157135,"[0.5416666666666666, 0.4444444444444444, 0.14285714285714285, 0.5714285714285714, 0.2, 0.25, 0.0, 0.4, 0.2857142857142857, 0.125]",0.6773871412460981,NOT RECORDED IN ORIGINAL RUN,historical; see aggregate family ledger,fixed endpoint; no new rerun,enriched development; ROI grouping only; full-proposal evaluation absent,PROMPT_4\RUNS\A3_broken_s43_cv2\history.jsonl
4,A3,A3_s17_cv0,A3,Prompt3 A5,"{""id"": ""A3_s17_cv0"", ""family"": ""A3"", ""seed"": 17, ""fold"": 0, ""epochs"": 10, ""representation"": ""A3""}",27866,17,0,10,0.10391304347826084,NOT RECORDED IN ORIGINAL RUN,NOT RECORDED IN ORIGINAL RUN,0.5410286985946214,"[0.5789473684210527, 0.6923076923076923, 0.5454545454545454, 0.42857142857142855, 0.7142857142857143, 0.6, 0.6666666666666666, 0.3333333333333333, 0.25, 1.0]",0.4271530988994865,NOT RECORDED IN ORIGINAL RUN,historical; see aggregate family ledger,fixed endpoint; no new rerun,enriched development; ROI grouping only; full-proposal evaluation absent,PROMPT_4\RUNS\A3_s17_cv0\history.jsonl
4,A3,A3_s17_cv1,A3,Prompt3 A5,"{""id"": ""A3_s17_cv1"", ""family"": ""A3"", ""seed"": 17, ""fold"": 1, ""epochs"": 10, ""representation"": ""A3""}",27866,17,1,10,0.11840277777777777,NOT RECORDED IN ORIGINAL RUN,NOT RECORDED IN ORIGINAL RUN,0.555614911404385,"[0.6428571428571429, 0.6666666666666666, 0.5, 0.3, 0.75, 0.6363636363636364, 0.375, 1.0, 0.5555555555555556, 0.3333333333333333]",0.3633050240241713,NOT RECORDED IN ORIGINAL RUN,historical; see aggregate family ledger,fixed endpoint; no new rerun,enriched development; ROI grouping only; full-proposal evaluation absent,PROMPT_4\RUNS\A3_s17_cv1\history.jsonl
4,A3,A3_s17_cv2,A3,Prompt3 A5,"{""id"": ""A3_s17_cv2"", ""family"": ""A3"", ""seed"": 17, ""fold"": 2, ""epochs"": 10, ""representation"": ""A3""}",27866,17,2,10,0.10778115501519758,NOT RECORDED IN ORIGINAL RUN,NOT RECORDED IN ORIGINAL RUN,0.5891542770954535,"[0.6666666666666666, 0.7777777777777778, 0.42857142857142855, 0.2857142857142857, 0.8, 1.0, 0.5, 0.6, 0.5714285714285714, 0.25]",0.3675265742208379,NOT RECORDED IN ORIGINAL RUN,historical; see aggregate family ledger,fixed endpoint; no new rerun,enriched development; ROI grouping only; full-proposal evaluation absent,PROMPT_4\RUNS\A3_s17_cv2\history.jsonl
4,A3,A3_s29_cv0,A3,Prompt3 A5,"{""id"": ""A3_s29_cv0"", ""family"": ""A3"", ""seed"": 29, ""fold"": 0, ""epochs"": 10, ""representation"": ""A3""}",27866,29,0,10,0.1036231884057971,NOT RECORDED IN ORIGINAL RUN,NOT RECORDED IN ORIGINAL RUN,0.528142785319256,"[0.5789473684210527, 0.6153846153846154, 0.6363636363636364, 0.5714285714285714, 0.7142857142857143, 0.6, 0.5, 0.4166666666666667, 0.125, 1.0]",0.430906809359746,NOT RECORDED IN ORIGINAL RUN,historical; see aggregate family ledger,fixed endpoint; no new rerun,enriched development; ROI grouping only; full-proposal evaluation absent,PROMPT_4\RUNS\A3_s29_cv0\history.jsonl
4,A3,A3_s29_cv1,A3,Prompt3 A5,"{""id"": ""A3_s29_cv1"", ""family"": ""A3"", ""seed"": 29, ""fold"": 1, ""epochs"": 10, ""representation"": ""A3""}",27866,29,1,10,0.12145833333333333,NOT RECORDED IN ORIGINAL RUN,NOT RECORDED IN ORIGINAL RUN,0.586106346844958,"[0.5357142857142857, 0.8333333333333334, 0.6666666666666666, 0.3, 0.75, 0.6363636363636364, 0.5, 0.8571428571428571, 0.5555555555555556, 0.5]",0.3592156337156127,NOT RECORDED IN ORIGINAL RUN,historical; see aggregate family ledger,fixed endpoint; no new rerun,enriched development; ROI grouping only; full-proposal evaluation absent,PROMPT_4\RUNS\A3_s29_cv1\history.jsonl
4,A3,A3_s29_cv2,A3,Prompt3 A5,"{""id"": ""A3_s29_cv2"", ""family"": ""A3"", ""seed"": 29, ""fold"": 2, ""epochs"": 10, ""representation"": ""A3""}",27866,29,2,10,0.11033434650455927,NOT RECORDED IN ORIGINAL RUN,NOT RECORDED IN ORIGINAL RUN,0.5989490705373058,"[0.6666666666666666, 0.7777777777777778, 0.42857142857142855, 0.2857142857142857, 0.8, 1.0, 0.5, 0.6, 0.7142857142857143, 0.125]",0.3632591920672982,NOT RECORDED IN ORIGINAL RUN,historical; see aggregate family ledger,fixed endpoint; no new rerun,enriched development; ROI grouping only; full-proposal evaluation absent,PROMPT_4\RUNS\A3_s29_cv2\history.jsonl
4,A3,A3_s43_cv0,A3,Prompt3 A5,"{""id"": ""A3_s43_cv0"", ""family"": ""A3"", ""seed"": 43, ""fold"": 0, ""epochs"": 10, ""representation"": ""A3""}",27866,43,0,10,0.10536231884057971,NOT RECORDED IN ORIGINAL RUN,NOT RECORDED IN ORIGINAL RUN,0.5697970911470802,"[0.7894736842105263, 0.5384615384615384, 0.45454545454545453, 0.42857142857142855, 0.7142857142857143, 0.6, 0.6666666666666666, 0.4166666666666667, 0.25, 1.0]",0.3974546953939051,NOT RECORDED IN ORIGINAL RUN,historical; see aggregate family ledger,fixed endpoint; no new rerun,enriched development; ROI grouping only; full-proposal evaluation absent,PROMPT_4\RUNS\A3_s43_cv0\history.jsonl
4,A3,A3_s43_cv1,A3,Prompt3 A5,"{""id"": ""A3_s43_cv1"", ""family"": ""A3"", ""seed"": 43, ""fold"": 1, ""epochs"": 10, ""representation"": ""A3""}",27866,43,1,10,0.10694444444444444,NOT RECORDED IN ORIGINAL RUN,NOT RECORDED IN ORIGINAL RUN,0.49683020711658477,"[0.5, 0.5, 0.5, 0.1, 0.75, 0.6363636363636364, 0.5, 1.0, 0.5555555555555556, 0.3333333333333333]",0.43311336608255324,NOT RECORDED IN ORIGINAL RUN,historical; see aggregate family ledger,fixed endpoint; no new rerun,enriched development; ROI grouping only; full-proposal evaluation absent,PROMPT_4\RUNS\A3_s43_cv1\history.jsonl
4,A3,A3_s43_cv2,A3,Prompt3 A5,"{""id"": ""A3_s43_cv2"", ""family"": ""A3"", ""seed"": 43, ""fold"": 2, ""epochs"": 10, ""representation"": ""A3""}",27866,43,2,10,0.10028368794326241,NOT RECORDED IN ORIGINAL RUN,NOT RECORDED IN ORIGINAL RUN,0.5669391882627177,"[0.625, 0.6666666666666666, 0.42857142857142855, 0.2857142857142857, 0.8, 0.625, 0.5, 0.6, 0.7142857142857143, 0.25]",0.3850043913588804,NOT RECORDED IN ORIGINAL RUN,historical; see aggregate family ledger,fixed endpoint; no new rerun,enriched development; ROI grouping only; full-proposal evaluation absent,PROMPT_4\RUNS\A3_s43_cv2\history.jsonl
4,A4_broken,A4_broken_s17_cv0,A4_broken,Prompt3 A5,"{""id"": ""A4_broken_s17_cv0"", ""family"": ""A4_broken"", ""seed"": 17, ""fold"": 0, ""epochs"": 10, ""representation"": ""A4_broken""}",27866,17,0,10,0.060072463768115925,NOT RECORDED IN ORIGINAL RUN,NOT RECORDED IN ORIGINAL RUN,0.31675691458300154,"[0.3157894736842105, 0.38461538461538464, 0.2727272727272727, 0.14285714285714285, 0.7142857142857143, 0.4, 0.16666666666666666, 0.4166666666666667, 0.0, 0.75]",0.6392384732416743,NOT RECORDED IN ORIGINAL RUN,historical; see aggregate family ledger,fixed endpoint; no new rerun,enriched development; ROI grouping only; full-proposal evaluation absent,PROMPT_4\RUNS\A4_broken_s17_cv0\history.jsonl
4,A4_broken,A4_broken_s17_cv1,A4_broken,Prompt3 A5,"{""id"": ""A4_broken_s17_cv1"", ""family"": ""A4_broken"", ""seed"": 17, ""fold"": 1, ""epochs"": 10, ""representation"": ""A4_broken""}",27866,17,1,10,0.08819444444444444,NOT RECORDED IN ORIGINAL RUN,NOT RECORDED IN ORIGINAL RUN,0.4013780827016121,"[0.5714285714285714, 0.3333333333333333, 0.16666666666666666, 0.1, 0.75, 0.5454545454545454, 0.125, 1.0, 0.3333333333333333, 0.25]",0.5263552255625609,NOT RECORDED IN ORIGINAL RUN,historical; see aggregate family ledger,fixed endpoint; no new rerun,enriched development; ROI grouping only; full-proposal evaluation absent,PROMPT_4\RUNS\A4_broken_s17_cv1\history.jsonl
4,A4_broken,A4_broken_s17_cv2,A4_broken,Prompt3 A5,"{""id"": ""A4_broken_s17_cv2"", ""family"": ""A4_broken"", ""seed"": 17, ""fold"": 2, ""epochs"": 10, ""representation"": ""A4_broken""}",27866,17,2,10,0.0926241134751773,NOT RECORDED IN ORIGINAL RUN,NOT RECORDED IN ORIGINAL RUN,0.488504451634026,"[0.6666666666666666, 0.5555555555555556, 0.2857142857142857, 0.2857142857142857, 0.6, 0.5, 0.4, 0.6, 0.7142857142857143, 0.25]",0.4663505499951691,NOT RECORDED IN ORIGINAL RUN,historical; see aggregate family ledger,fixed endpoint; no new rerun,enriched development; ROI grouping only; full-proposal evaluation absent,PROMPT_4\RUNS\A4_broken_s17_cv2\history.jsonl
4,A4_broken,A4_broken_s29_cv0,A4_broken,Prompt3 A5,"{""id"": ""A4_broken_s29_cv0"", ""family"": ""A4_broken"", ""seed"": 29, ""fold"": 0, ""epochs"": 10, ""representation"": ""A4_broken""}",27866,29,0,10,0.08108695652173911,NOT RECORDED IN ORIGINAL RUN,NOT RECORDED IN ORIGINAL RUN,0.4327490083016398,"[0.42105263157894735, 0.3076923076923077, 0.5454545454545454, 0.2857142857142857, 1.0, 0.6, 0.5, 0.5, 0.0, 0.75]",0.5029417921260027,NOT RECORDED IN ORIGINAL RUN,historical; see aggregate family ledger,fixed endpoint; no new rerun,enriched development; ROI grouping only; full-proposal evaluation absent,PROMPT_4\RUNS\A4_broken_s29_cv0\history.jsonl
4,A4_broken,A4_broken_s29_cv1,A4_broken,Prompt3 A5,"{""id"": ""A4_broken_s29_cv1"", ""family"": ""A4_broken"", ""seed"": 29, ""fold"": 1, ""epochs"": 10, ""representation"": ""A4_broken""}",27866,29,1,10,0.07986111111111109,NOT RECORDED IN ORIGINAL RUN,NOT RECORDED IN ORIGINAL RUN,0.3805782985130811,"[0.5714285714285714, 0.5, 0.16666666666666666, 0.2, 0.5833333333333334, 0.5454545454545454, 0.125, 0.7142857142857143, 0.2222222222222222, 0.25]",0.5541492534565918,NOT RECORDED IN ORIGINAL RUN,historical; see aggregate family ledger,fixed endpoint; no new rerun,enriched development; ROI grouping only; full-proposal evaluation absent,PROMPT_4\RUNS\A4_broken_s29_cv1\history.jsonl
4,A4_broken,A4_broken_s29_cv2,A4_broken,Prompt3 A5,"{""id"": ""A4_broken_s29_cv2"", ""family"": ""A4_broken"", ""seed"": 29, ""fold"": 2, ""epochs"": 10, ""representation"": ""A4_broken""}",27866,29,2,10,0.10629179331306993,NOT RECORDED IN ORIGINAL RUN,NOT RECORDED IN ORIGINAL RUN,0.5680467590123528,"[0.75, 0.8333333333333334, 0.2857142857142857, 0.2857142857142857, 0.8, 0.875, 0.3, 0.6, 0.7142857142857143, 0.25]",0.38500938594451517,NOT RECORDED IN ORIGINAL RUN,historical; see aggregate family ledger,fixed endpoint; no new rerun,enriched development; ROI grouping only; full-proposal evaluation absent,PROMPT_4\RUNS\A4_broken_s29_cv2\history.jsonl
4,A4_broken,A4_broken_s43_cv0,A4_broken,Prompt3 A5,"{""id"": ""A4_broken_s43_cv0"", ""family"": ""A4_broken"", ""seed"": 43, ""fold"": 0, ""epochs"": 10, ""representation"": ""A4_broken""}",27866,43,0,10,0.07094202898550725,NOT RECORDED IN ORIGINAL RUN,NOT RECORDED IN ORIGINAL RUN,0.374155978180746,"[0.47368421052631576, 0.46153846153846156, 0.2727272727272727, 0.14285714285714285, 0.42857142857142855, 0.6, 0.3333333333333333, 0.4166666666666667, 0.125, 0.75]",0.5624739945616897,NOT RECORDED IN ORIGINAL RUN,historical; see aggregate family ledger,fixed endpoint; no new rerun,enriched development; ROI grouping only; full-proposal evaluation absent,PROMPT_4\RUNS\A4_broken_s43_cv0\history.jsonl
4,A4_broken,A4_broken_s43_cv1,A4_broken,Prompt3 A5,"{""id"": ""A4_broken_s43_cv1"", ""family"": ""A4_broken"", ""seed"": 43, ""fold"": 1, ""epochs"": 10, ""representation"": ""A4_broken""}",27866,43,1,10,0.09444444444444444,NOT RECORDED IN ORIGINAL RUN,NOT RECORDED IN ORIGINAL RUN,0.44170261301941205,"[0.5357142857142857, 0.5, 0.16666666666666666, 0.1, 0.6666666666666666, 0.6363636363636364, 0.25, 1.0, 0.3333333333333333, 0.4166666666666667]",0.475927296541532,NOT RECORDED IN ORIGINAL RUN,historical; see aggregate family ledger,fixed endpoint; no new rerun,enriched development; ROI grouping only; full-proposal evaluation absent,PROMPT_4\RUNS\A4_broken_s43_cv1\history.jsonl
4,A4_broken,A4_broken_s43_cv2,A4_broken,Prompt3 A5,"{""id"": ""A4_broken_s43_cv2"", ""family"": ""A4_broken"", ""seed"": 43, ""fold"": 2, ""epochs"": 10, ""representation"": ""A4_broken""}",27866,43,2,10,0.10317122593718339,NOT RECORDED IN ORIGINAL RUN,NOT RECORDED IN ORIGINAL RUN,0.5390604049250667,"[0.75, 0.7777777777777778, 0.2857142857142857, 0.2857142857142857, 0.6, 0.5, 0.4, 0.6, 0.8571428571428571, 0.375]",0.4168785240380558,NOT RECORDED IN ORIGINAL RUN,historical; see aggregate family ledger,fixed endpoint; no new rerun,enriched development; ROI grouping only; full-proposal evaluation absent,PROMPT_4\RUNS\A4_broken_s43_cv2\history.jsonl
4,A4,A4_s17_cv0,A4,Prompt3 A5,"{""id"": ""A4_s17_cv0"", ""family"": ""A4"", ""seed"": 17, ""fold"": 0, ""epochs"": 10, ""representation"": ""A4""}",27866,17,0,10,0.1010144927536232,NOT RECORDED IN ORIGINAL RUN,NOT RECORDED IN ORIGINAL RUN,0.5438616354405827,"[0.631578947368421, 0.6923076923076923, 0.45454545454545453, 0.2857142857142857, 0.7142857142857143, 0.8, 0.6666666666666666, 0.3333333333333333, 0.125, 1.0]",0.4177835292900016,NOT RECORDED IN ORIGINAL RUN,historical; see aggregate family ledger,fixed endpoint; no new rerun,enriched development; ROI grouping only; full-proposal evaluation absent,PROMPT_4\RUNS\A4_s17_cv0\history.jsonl
4,A4,A4_s17_cv1,A4,Prompt3 A5,"{""id"": ""A4_s17_cv1"", ""family"": ""A4"", ""seed"": 17, ""fold"": 1, ""epochs"": 10, ""representation"": ""A4""}",27866,17,1,10,0.10763888888888887,NOT RECORDED IN ORIGINAL RUN,NOT RECORDED IN ORIGINAL RUN,0.5081799522281802,"[0.5714285714285714, 0.6666666666666666, 0.3333333333333333, 0.3, 0.75, 0.6363636363636364, 0.125, 1.0, 0.5555555555555556, 0.4166666666666667]",0.426723835582154,NOT RECORDED IN ORIGINAL RUN,historical; see aggregate family ledger,fixed endpoint; no new rerun,enriched development; ROI grouping only; full-proposal evaluation absent,PROMPT_4\RUNS\A4_s17_cv1\history.jsonl
4,A4,A4_s17_cv2,A4,Prompt3 A5,"{""id"": ""A4_s17_cv2"", ""family"": ""A4"", ""seed"": 17, ""fold"": 2, ""epochs"": 10, ""representation"": ""A4""}",27866,17,2,10,0.09460992907801417,NOT RECORDED IN ORIGINAL RUN,NOT RECORDED IN ORIGINAL RUN,0.5146393261570127,"[0.6666666666666666, 0.6666666666666666, 0.2857142857142857, 0.2857142857142857, 1.0, 0.75, 0.3, 0.6, 0.5714285714285714, 0.125]",0.43940612005762125,NOT RECORDED IN ORIGINAL RUN,historical; see aggregate family ledger,fixed endpoint; no new rerun,enriched development; ROI grouping only; full-proposal evaluation absent,PROMPT_4\RUNS\A4_s17_cv2\history.jsonl
4,A4,A4_s29_cv0,A4,Prompt3 A5,"{""id"": ""A4_s29_cv0"", ""family"": ""A4"", ""seed"": 29, ""fold"": 0, ""epochs"": 10, ""representation"": ""A4""}",27866,29,0,10,0.10391304347826087,NOT RECORDED IN ORIGINAL RUN,NOT RECORDED IN ORIGINAL RUN,0.5373087696617108,"[0.5263157894736842, 0.6153846153846154, 0.5454545454545454, 0.42857142857142855, 0.8571428571428571, 0.6, 0.5, 0.5833333333333334, 0.125, 1.0]",0.4237494820281198,NOT RECORDED IN ORIGINAL RUN,historical; see aggregate family ledger,fixed endpoint; no new rerun,enriched development; ROI grouping only; full-proposal evaluation absent,PROMPT_4\RUNS\A4_s29_cv0\history.jsonl
4,A4,A4_s29_cv1,A4,Prompt3 A5,"{""id"": ""A4_s29_cv1"", ""family"": ""A4"", ""seed"": 29, ""fold"": 1, ""epochs"": 10, ""representation"": ""A4""}",27866,29,1,10,0.11041666666666665,NOT RECORDED IN ORIGINAL RUN,NOT RECORDED IN ORIGINAL RUN,0.5412037991397931,"[0.5714285714285714, 0.6666666666666666, 0.3333333333333333, 0.3, 0.6666666666666666, 0.6363636363636364, 0.625, 0.8571428571428571, 0.4444444444444444, 0.4166666666666667]",0.43005185579962957,NOT RECORDED IN ORIGINAL RUN,historical; see aggregate family ledger,fixed endpoint; no new rerun,enriched development; ROI grouping only; full-proposal evaluation absent,PROMPT_4\RUNS\A4_s29_cv1\history.jsonl
4,A4,A4_s29_cv2,A4,Prompt3 A5,"{""id"": ""A4_s29_cv2"", ""family"": ""A4"", ""seed"": 29, ""fold"": 2, ""epochs"": 10, ""representation"": ""A4""}",27866,29,2,10,0.10423505572441742,NOT RECORDED IN ORIGINAL RUN,NOT RECORDED IN ORIGINAL RUN,0.5599780219780219,"[0.7083333333333334, 0.8333333333333334, 0.2857142857142857, 0.2857142857142857, 0.8, 0.75, 0.5, 0.6, 0.5714285714285714, 0.25]",0.3994689309374908,NOT RECORDED IN ORIGINAL RUN,historical; see aggregate family ledger,fixed endpoint; no new rerun,enriched development; ROI grouping only; full-proposal evaluation absent,PROMPT_4\RUNS\A4_s29_cv2\history.jsonl
4,A4,A4_s43_cv0,A4,Prompt3 A5,"{""id"": ""A4_s43_cv0"", ""family"": ""A4"", ""seed"": 43, ""fold"": 0, ""epochs"": 10, ""representation"": ""A4""}",27866,43,0,10,0.10608695652173913,NOT RECORDED IN ORIGINAL RUN,NOT RECORDED IN ORIGINAL RUN,0.5719537815126051,"[0.6842105263157895, 0.6923076923076923, 0.45454545454545453, 0.5714285714285714, 0.7142857142857143, 0.8, 0.5, 0.3333333333333333, 0.25, 0.75]",0.40627292641776314,NOT RECORDED IN ORIGINAL RUN,historical; see aggregate family ledger,fixed endpoint; no new rerun,enriched development; ROI grouping only; full-proposal evaluation absent,PROMPT_4\RUNS\A4_s43_cv0\history.jsonl
4,A4,A4_s43_cv1,A4,Prompt3 A5,"{""id"": ""A4_s43_cv1"", ""family"": ""A4"", ""seed"": 43, ""fold"": 1, ""epochs"": 10, ""representation"": ""A4""}",27866,43,1,10,0.11493055555555554,NOT RECORDED IN ORIGINAL RUN,NOT RECORDED IN ORIGINAL RUN,0.5473487751237112,"[0.5714285714285714, 0.5, 0.6666666666666666, 0.2, 0.75, 0.7272727272727273, 0.5, 1.0, 0.4444444444444444, 0.4166666666666667]",0.39782379497959897,NOT RECORDED IN ORIGINAL RUN,historical; see aggregate family ledger,fixed endpoint; no new rerun,enriched development; ROI grouping only; full-proposal evaluation absent,PROMPT_4\RUNS\A4_s43_cv1\history.jsonl
4,A4,A4_s43_cv2,A4,Prompt3 A5,"{""id"": ""A4_s43_cv2"", ""family"": ""A4"", ""seed"": 43, ""fold"": 2, ""epochs"": 10, ""representation"": ""A4""}",27866,43,2,10,0.09886524822695034,NOT RECORDED IN ORIGINAL RUN,NOT RECORDED IN ORIGINAL RUN,0.5331409331409331,"[0.7916666666666666, 0.6666666666666666, 0.42857142857142855, 0.2857142857142857, 0.6, 0.75, 0.3, 0.6, 0.7142857142857143, 0.125]",0.4263780243192007,NOT RECORDED IN ORIGINAL RUN,historical; see aggregate family ledger,fixed endpoint; no new rerun,enriched development; ROI grouping only; full-proposal evaluation absent,PROMPT_4\RUNS\A4_s43_cv2\history.jsonl
4,B1,B1_s17_cv0,B1,Prompt3 A5,"{""id"": ""B1_s17_cv0"", ""family"": ""B1"", ""seed"": 17, ""fold"": 0, ""epochs"": 10, ""scales"": [64]}",40234,17,0,10,0.07855072463768115,NOT RECORDED IN ORIGINAL RUN,NOT RECORDED IN ORIGINAL RUN,0.39298128342245986,"[0.5789473684210527, 0.5384615384615384, 0.2727272727272727, 0.2857142857142857, 0.7142857142857143, 0.4, 0.5, 0.4166666666666667, 0.125, 0.25]",0.5346095768738709,NOT RECORDED IN ORIGINAL RUN,historical; see aggregate family ledger,fixed endpoint; no new rerun,enriched development; ROI grouping only; full-proposal evaluation absent,PROMPT_4\RUNS\B1_s17_cv0\history.jsonl
4,B1,B1_s17_cv1,B1,Prompt3 A5,"{""id"": ""B1_s17_cv1"", ""family"": ""B1"", ""seed"": 17, ""fold"": 1, ""epochs"": 10, ""scales"": [64]}",40234,17,1,10,0.08645833333333333,NOT RECORDED IN ORIGINAL RUN,NOT RECORDED IN ORIGINAL RUN,0.385980396415179,"[0.5357142857142857, 0.3333333333333333, 0.16666666666666666, 0.3, 0.6666666666666666, 0.6363636363636364, 0.0, 0.8571428571428571, 0.4444444444444444, 0.16666666666666666]",0.5231439486138968,NOT RECORDED IN ORIGINAL RUN,historical; see aggregate family ledger,fixed endpoint; no new rerun,enriched development; ROI grouping only; full-proposal evaluation absent,PROMPT_4\RUNS\B1_s17_cv1\history.jsonl
4,B1,B1_s17_cv2,B1,Prompt3 A5,"{""id"": ""B1_s17_cv2"", ""family"": ""B1"", ""seed"": 17, ""fold"": 2, ""epochs"": 10, ""scales"": [64]}",40234,17,2,10,0.0900709219858156,NOT RECORDED IN ORIGINAL RUN,NOT RECORDED IN ORIGINAL RUN,0.47655922846592214,"[0.5, 0.6666666666666666, 0.2857142857142857, 0.2857142857142857, 0.6, 0.75, 0.2, 0.6, 0.8571428571428571, 0.25]",0.4419200361815332,NOT RECORDED IN ORIGINAL RUN,historical; see aggregate family ledger,fixed endpoint; no new rerun,enriched development; ROI grouping only; full-proposal evaluation absent,PROMPT_4\RUNS\B1_s17_cv2\history.jsonl
4,B1,B1_s29_cv0,B1,Prompt3 A5,"{""id"": ""B1_s29_cv0"", ""family"": ""B1"", ""seed"": 29, ""fold"": 0, ""epochs"": 10, ""scales"": [64]}",40234,29,0,10,0.08289855072463767,NOT RECORDED IN ORIGINAL RUN,NOT RECORDED IN ORIGINAL RUN,0.4291154531742767,"[0.42105263157894735, 0.38461538461538464, 0.5454545454545454, 0.7142857142857143, 1.0, 0.2, 0.16666666666666666, 0.5, 0.125, 0.75]",0.48623289413120463,NOT RECORDED IN ORIGINAL RUN,historical; see aggregate family ledger,fixed endpoint; no new rerun,enriched development; ROI grouping only; full-proposal evaluation absent,PROMPT_4\RUNS\B1_s29_cv0\history.jsonl
4,B1,B1_s29_cv1,B1,Prompt3 A5,"{""id"": ""B1_s29_cv1"", ""family"": ""B1"", ""seed"": 29, ""fold"": 1, ""epochs"": 10, ""scales"": [64]}",40234,29,1,10,0.07048611111111111,NOT RECORDED IN ORIGINAL RUN,NOT RECORDED IN ORIGINAL RUN,0.3301970010665663,"[0.42857142857142855, 0.3333333333333333, 0.16666666666666666, 0.3, 0.5, 0.45454545454545453, 0.25, 0.7142857142857143, 0.0, 0.3333333333333333]",0.5660051878623391,NOT RECORDED IN ORIGINAL RUN,historical; see aggregate family ledger,fixed endpoint; no new rerun,enriched development; ROI grouping only; full-proposal evaluation absent,PROMPT_4\RUNS\B1_s29_cv1\history.jsonl
4,B1,B1_s29_cv2,B1,Prompt3 A5,"{""id"": ""B1_s29_cv2"", ""family"": ""B1"", ""seed"": 29, ""fold"": 2, ""epochs"": 10, ""scales"": [64]}",40234,29,2,10,0.0900709219858156,NOT RECORDED IN ORIGINAL RUN,NOT RECORDED IN ORIGINAL RUN,0.4657202519578254,"[0.5416666666666666, 0.7777777777777778, 0.2857142857142857, 0.14285714285714285, 0.8, 0.625, 0.3, 0.4, 0.7142857142857143, 0.25]",0.4481755278601709,NOT RECORDED IN ORIGINAL RUN,historical; see aggregate family ledger,fixed endpoint; no new rerun,enriched development; ROI grouping only; full-proposal evaluation absent,PROMPT_4\RUNS\B1_s29_cv2\history.jsonl
4,B1,B1_s43_cv0,B1,Prompt3 A5,"{""id"": ""B1_s43_cv0"", ""family"": ""B1"", ""seed"": 43, ""fold"": 0, ""epochs"": 10, ""scales"": [64]}",40234,43,0,10,0.0836231884057971,NOT RECORDED IN ORIGINAL RUN,NOT RECORDED IN ORIGINAL RUN,0.4483640344475259,"[0.6842105263157895, 0.6153846153846154, 0.2727272727272727, 0.42857142857142855, 0.5714285714285714, 0.4, 0.3333333333333333, 0.3333333333333333, 0.25, 0.5]",0.48695235610260135,NOT RECORDED IN ORIGINAL RUN,historical; see aggregate family ledger,fixed endpoint; no new rerun,enriched development; ROI grouping only; full-proposal evaluation absent,PROMPT_4\RUNS\B1_s43_cv0\history.jsonl
4,B1,B1_s43_cv1,B1,Prompt3 A5,"{""id"": ""B1_s43_cv1"", ""family"": ""B1"", ""seed"": 43, ""fold"": 1, ""epochs"": 10, ""scales"": [64]}",40234,43,1,10,0.08333333333333333,NOT RECORDED IN ORIGINAL RUN,NOT RECORDED IN ORIGINAL RUN,0.39840795741253404,"[0.39285714285714285, 0.3333333333333333, 0.3333333333333333, 0.1, 0.6666666666666666, 0.6363636363636364, 0.25, 0.8571428571428571, 0.2222222222222222, 0.4166666666666667]",0.47005486631344745,NOT RECORDED IN ORIGINAL RUN,historical; see aggregate family ledger,fixed endpoint; no new rerun,enriched development; ROI grouping only; full-proposal evaluation absent,PROMPT_4\RUNS\B1_s43_cv1\history.jsonl
4,B1,B1_s43_cv2,B1,Prompt3 A5,"{""id"": ""B1_s43_cv2"", ""family"": ""B1"", ""seed"": 43, ""fold"": 2, ""epochs"": 10, ""scales"": [64]}",40234,43,2,10,0.09361702127659574,NOT RECORDED IN ORIGINAL RUN,NOT RECORDED IN ORIGINAL RUN,0.4804066109329267,"[0.5833333333333334, 0.7777777777777778, 0.2857142857142857, 0.14285714285714285, 0.8, 0.625, 0.2, 0.6, 0.8571428571428571, 0.25]",0.4729490721413162,NOT RECORDED IN ORIGINAL RUN,historical; see aggregate family ledger,fixed endpoint; no new rerun,enriched development; ROI grouping only; full-proposal evaluation absent,PROMPT_4\RUNS\B1_s43_cv2\history.jsonl
4,B2,B2_s17_cv0,B2,Prompt3 A5,"{""id"": ""B2_s17_cv0"", ""family"": ""B2"", ""seed"": 17, ""fold"": 0, ""epochs"": 10, ""scales"": [128]}",40234,17,0,10,0.07855072463768116,NOT RECORDED IN ORIGINAL RUN,NOT RECORDED IN ORIGINAL RUN,0.38637526629276986,"[0.631578947368421, 0.5384615384615384, 0.2727272727272727, 0.2857142857142857, 0.7142857142857143, 0.4, 0.3333333333333333, 0.4166666666666667, 0.125, 0.25]",0.5374984277891942,NOT RECORDED IN ORIGINAL RUN,historical; see aggregate family ledger,fixed endpoint; no new rerun,enriched development; ROI grouping only; full-proposal evaluation absent,PROMPT_4\RUNS\B2_s17_cv0\history.jsonl
4,B2,B2_s17_cv1,B2,Prompt3 A5,"{""id"": ""B2_s17_cv1"", ""family"": ""B2"", ""seed"": 17, ""fold"": 1, ""epochs"": 10, ""scales"": [128]}",40234,17,1,10,0.08854166666666666,NOT RECORDED IN ORIGINAL RUN,NOT RECORDED IN ORIGINAL RUN,0.39709150752629013,"[0.5357142857142857, 0.3333333333333333, 0.16666666666666666, 0.3, 0.6666666666666666, 0.6363636363636364, 0.0, 1.0, 0.4444444444444444, 0.16666666666666666]",0.5021684299511473,NOT RECORDED IN ORIGINAL RUN,historical; see aggregate family ledger,fixed endpoint; no new rerun,enriched development; ROI grouping only; full-proposal evaluation absent,PROMPT_4\RUNS\B2_s17_cv1\history.jsonl
4,B2,B2_s17_cv2,B2,Prompt3 A5,"{""id"": ""B2_s17_cv2"", ""family"": ""B2"", ""seed"": 17, ""fold"": 2, ""epochs"": 10, ""scales"": [128]}",40234,17,2,10,0.09432624113475176,NOT RECORDED IN ORIGINAL RUN,NOT RECORDED IN ORIGINAL RUN,0.49361182934712344,"[0.5416666666666666, 0.6666666666666666, 0.2857142857142857, 0.2857142857142857, 0.6, 0.75, 0.3, 0.6, 0.8571428571428571, 0.25]",0.4248674353003319,NOT RECORDED IN ORIGINAL RUN,historical; see aggregate family ledger,fixed endpoint; no new rerun,enriched development; ROI grouping only; full-proposal evaluation absent,PROMPT_4\RUNS\B2_s17_cv2\history.jsonl
4,B2,B2_s29_cv0,B2,Prompt3 A5,"{""id"": ""B2_s29_cv0"", ""family"": ""B2"", ""seed"": 29, ""fold"": 0, ""epochs"": 10, ""scales"": [128]}",40234,29,0,10,0.08652173913043479,NOT RECORDED IN ORIGINAL RUN,NOT RECORDED IN ORIGINAL RUN,0.44590404040404036,"[0.5263157894736842, 0.38461538461538464, 0.5454545454545454, 0.7142857142857143, 1.0, 0.2, 0.3333333333333333, 0.5, 0.125, 0.5]",0.46944430690144096,NOT RECORDED IN ORIGINAL RUN,historical; see aggregate family ledger,fixed endpoint; no new rerun,enriched development; ROI grouping only; full-proposal evaluation absent,PROMPT_4\RUNS\B2_s29_cv0\history.jsonl
4,B2,B2_s29_cv1,B2,Prompt3 A5,"{""id"": ""B2_s29_cv1"", ""family"": ""B2"", ""seed"": 29, ""fold"": 1, ""epochs"": 10, ""scales"": [128]}",40234,29,1,10,0.07048611111111111,NOT RECORDED IN ORIGINAL RUN,NOT RECORDED IN ORIGINAL RUN,0.32947584996457174,"[0.42857142857142855, 0.3333333333333333, 0.16666666666666666, 0.3, 0.5, 0.45454545454545453, 0.25, 0.7142857142857143, 0.0, 0.3333333333333333]",0.5634109547655994,NOT RECORDED IN ORIGINAL RUN,historical; see aggregate family ledger,fixed endpoint; no new rerun,enriched development; ROI grouping only; full-proposal evaluation absent,PROMPT_4\RUNS\B2_s29_cv1\history.jsonl
4,B2,B2_s29_cv2,B2,Prompt3 A5,"{""id"": ""B2_s29_cv2"", ""family"": ""B2"", ""seed"": 29, ""fold"": 2, ""epochs"": 10, ""scales"": [128]}",40234,29,2,10,0.0879432624113475,NOT RECORDED IN ORIGINAL RUN,NOT RECORDED IN ORIGINAL RUN,0.462026862026862,"[0.5833333333333334, 0.7777777777777778, 0.2857142857142857, 0.14285714285714285, 0.8, 0.625, 0.3, 0.4, 0.5714285714285714, 0.25]",0.44887973175944834,NOT RECORDED IN ORIGINAL RUN,historical; see aggregate family ledger,fixed endpoint; no new rerun,enriched development; ROI grouping only; full-proposal evaluation absent,PROMPT_4\RUNS\B2_s29_cv2\history.jsonl
4,B2,B2_s43_cv0,B2,Prompt3 A5,"{""id"": ""B2_s43_cv0"", ""family"": ""B2"", ""seed"": 43, ""fold"": 0, ""epochs"": 10, ""scales"": [128]}",40234,43,0,10,0.08434782608695653,NOT RECORDED IN ORIGINAL RUN,NOT RECORDED IN ORIGINAL RUN,0.4391727716727717,"[0.6842105263157895, 0.6153846153846154, 0.2727272727272727, 0.42857142857142855, 0.5714285714285714, 0.4, 0.3333333333333333, 0.4166666666666667, 0.125, 0.5]",0.4885398500971162,NOT RECORDED IN ORIGINAL RUN,historical; see aggregate family ledger,fixed endpoint; no new rerun,enriched development; ROI grouping only; full-proposal evaluation absent,PROMPT_4\RUNS\B2_s43_cv0\history.jsonl
4,B2,B2_s43_cv1,B2,Prompt3 A5,"{""id"": ""B2_s43_cv1"", ""family"": ""B2"", ""seed"": 43, ""fold"": 1, ""epochs"": 10, ""scales"": [128]}",40234,43,1,10,0.08520833333333332,NOT RECORDED IN ORIGINAL RUN,NOT RECORDED IN ORIGINAL RUN,0.410988060685012,"[0.39285714285714285, 0.3333333333333333, 0.3333333333333333, 0.1, 0.6666666666666666, 0.6363636363636364, 0.375, 0.8571428571428571, 0.2222222222222222, 0.4166666666666667]",0.4508518840042975,NOT RECORDED IN ORIGINAL RUN,historical; see aggregate family ledger,fixed endpoint; no new rerun,enriched development; ROI grouping only; full-proposal evaluation absent,PROMPT_4\RUNS\B2_s43_cv1\history.jsonl
4,B2,B2_s43_cv2,B2,Prompt3 A5,"{""id"": ""B2_s43_cv2"", ""family"": ""B2"", ""seed"": 43, ""fold"": 2, ""epochs"": 10, ""scales"": [128]}",40234,43,2,10,0.09574468085106383,NOT RECORDED IN ORIGINAL RUN,NOT RECORDED IN ORIGINAL RUN,0.49443258495890074,"[0.5833333333333334, 0.7777777777777778, 0.2857142857142857, 0.14285714285714285, 0.8, 0.75, 0.2, 0.6, 0.8571428571428571, 0.25]",0.4495489272311005,NOT RECORDED IN ORIGINAL RUN,historical; see aggregate family ledger,fixed endpoint; no new rerun,enriched development; ROI grouping only; full-proposal evaluation absent,PROMPT_4\RUNS\B2_s43_cv2\history.jsonl
4,B_duplicate,B_duplicate_s17_cv0,B_duplicate,Prompt3 A5,"{""id"": ""B_duplicate_s17_cv0"", ""family"": ""B_duplicate"", ""seed"": 17, ""fold"": 0, ""epochs"": 10, ""scales"": [96]}",40234,17,0,10,0.07855072463768116,NOT RECORDED IN ORIGINAL RUN,NOT RECORDED IN ORIGINAL RUN,0.38637526629276986,"[0.631578947368421, 0.5384615384615384, 0.2727272727272727, 0.2857142857142857, 0.7142857142857143, 0.4, 0.3333333333333333, 0.4166666666666667, 0.125, 0.25]",0.5374984277891942,NOT RECORDED IN ORIGINAL RUN,historical; see aggregate family ledger,fixed endpoint; no new rerun,enriched development; ROI grouping only; full-proposal evaluation absent,PROMPT_4\RUNS\B_duplicate_s17_cv0\history.jsonl
4,B_duplicate,B_duplicate_s17_cv1,B_duplicate,Prompt3 A5,"{""id"": ""B_duplicate_s17_cv1"", ""family"": ""B_duplicate"", ""seed"": 17, ""fold"": 1, ""epochs"": 10, ""scales"": [96]}",40234,17,1,10,0.08645833333333333,NOT RECORDED IN ORIGINAL RUN,NOT RECORDED IN ORIGINAL RUN,0.385980396415179,"[0.5357142857142857, 0.3333333333333333, 0.16666666666666666, 0.3, 0.6666666666666666, 0.6363636363636364, 0.0, 0.8571428571428571, 0.4444444444444444, 0.16666666666666666]",0.5143173921001094,NOT RECORDED IN ORIGINAL RUN,historical; see aggregate family ledger,fixed endpoint; no new rerun,enriched development; ROI grouping only; full-proposal evaluation absent,PROMPT_4\RUNS\B_duplicate_s17_cv1\history.jsonl
4,B_duplicate,B_duplicate_s17_cv2,B_duplicate,Prompt3 A5,"{""id"": ""B_duplicate_s17_cv2"", ""family"": ""B_duplicate"", ""seed"": 17, ""fold"": 2, ""epochs"": 10, ""scales"": [96]}",40234,17,2,10,0.09148936170212765,NOT RECORDED IN ORIGINAL RUN,NOT RECORDED IN ORIGINAL RUN,0.47882765926883575,"[0.5416666666666666, 0.6666666666666666, 0.2857142857142857, 0.14285714285714285, 0.6, 0.75, 0.3, 0.6, 0.8571428571428571, 0.25]",0.4396516053786196,NOT RECORDED IN ORIGINAL RUN,historical; see aggregate family ledger,fixed endpoint; no new rerun,enriched development; ROI grouping only; full-proposal evaluation absent,PROMPT_4\RUNS\B_duplicate_s17_cv2\history.jsonl
4,B_duplicate,B_duplicate_s29_cv0,B_duplicate,Prompt3 A5,"{""id"": ""B_duplicate_s29_cv0"", ""family"": ""B_duplicate"", ""seed"": 29, ""fold"": 0, ""epochs"": 10, ""scales"": [96]}",40234,29,0,10,0.08507246376811592,NOT RECORDED IN ORIGINAL RUN,NOT RECORDED IN ORIGINAL RUN,0.4369885114885115,"[0.47368421052631576, 0.38461538461538464, 0.5454545454545454, 0.7142857142857143, 1.0, 0.2, 0.16666666666666666, 0.5, 0.125, 0.75]",0.47341637561035166,NOT RECORDED IN ORIGINAL RUN,historical; see aggregate family ledger,fixed endpoint; no new rerun,enriched development; ROI grouping only; full-proposal evaluation absent,PROMPT_4\RUNS\B_duplicate_s29_cv0\history.jsonl
4,B_duplicate,B_duplicate_s29_cv1,B_duplicate,Prompt3 A5,"{""id"": ""B_duplicate_s29_cv1"", ""family"": ""B_duplicate"", ""seed"": 29, ""fold"": 1, ""epochs"": 10, ""scales"": [96]}",40234,29,1,10,0.07048611111111111,NOT RECORDED IN ORIGINAL RUN,NOT RECORDED IN ORIGINAL RUN,0.3318081718506694,"[0.42857142857142855, 0.3333333333333333, 0.16666666666666666, 0.3, 0.5, 0.45454545454545453, 0.25, 0.7142857142857143, 0.0, 0.3333333333333333]",0.5591964347546632,NOT RECORDED IN ORIGINAL RUN,historical; see aggregate family ledger,fixed endpoint; no new rerun,enriched development; ROI grouping only; full-proposal evaluation absent,PROMPT_4\RUNS\B_duplicate_s29_cv1\history.jsonl
4,B_duplicate,B_duplicate_s29_cv2,B_duplicate,Prompt3 A5,"{""id"": ""B_duplicate_s29_cv2"", ""family"": ""B_duplicate"", ""seed"": 29, ""fold"": 2, ""epochs"": 10, ""scales"": [96]}",40234,29,2,10,0.08723404255319148,NOT RECORDED IN ORIGINAL RUN,NOT RECORDED IN ORIGINAL RUN,0.4618803418803418,"[0.5833333333333334, 0.7777777777777778, 0.2857142857142857, 0.14285714285714285, 0.8, 0.625, 0.3, 0.4, 0.5714285714285714, 0.25]",0.4490262519059685,NOT RECORDED IN ORIGINAL RUN,historical; see aggregate family ledger,fixed endpoint; no new rerun,enriched development; ROI grouping only; full-proposal evaluation absent,PROMPT_4\RUNS\B_duplicate_s29_cv2\history.jsonl
4,B_duplicate,B_duplicate_s43_cv0,B_duplicate,Prompt3 A5,"{""id"": ""B_duplicate_s43_cv0"", ""family"": ""B_duplicate"", ""seed"": 43, ""fold"": 0, ""epochs"": 10, ""scales"": [96]}",40234,43,0,10,0.0836231884057971,NOT RECORDED IN ORIGINAL RUN,NOT RECORDED IN ORIGINAL RUN,0.44715524323873473,"[0.6842105263157895, 0.6153846153846154, 0.2727272727272727, 0.42857142857142855, 0.5714285714285714, 0.4, 0.3333333333333333, 0.3333333333333333, 0.25, 0.5]",0.4842734035346365,NOT RECORDED IN ORIGINAL RUN,historical; see aggregate family ledger,fixed endpoint; no new rerun,enriched development; ROI grouping only; full-proposal evaluation absent,PROMPT_4\RUNS\B_duplicate_s43_cv0\history.jsonl
4,B_duplicate,B_duplicate_s43_cv1,B_duplicate,Prompt3 A5,"{""id"": ""B_duplicate_s43_cv1"", ""family"": ""B_duplicate"", ""seed"": 43, ""fold"": 1, ""epochs"": 10, ""scales"": [96]}",40234,43,1,10,0.08312499999999999,NOT RECORDED IN ORIGINAL RUN,NOT RECORDED IN ORIGINAL RUN,0.3972960035133949,"[0.39285714285714285, 0.3333333333333333, 0.3333333333333333, 0.1, 0.6666666666666666, 0.6363636363636364, 0.25, 0.8571428571428571, 0.2222222222222222, 0.4166666666666667]",0.469430873117641,NOT RECORDED IN ORIGINAL RUN,historical; see aggregate family ledger,fixed endpoint; no new rerun,enriched development; ROI grouping only; full-proposal evaluation absent,PROMPT_4\RUNS\B_duplicate_s43_cv1\history.jsonl
4,B_duplicate,B_duplicate_s43_cv2,B_duplicate,Prompt3 A5,"{""id"": ""B_duplicate_s43_cv2"", ""family"": ""B_duplicate"", ""seed"": 43, ""fold"": 2, ""epochs"": 10, ""scales"": [96]}",40234,43,2,10,0.09361702127659574,NOT RECORDED IN ORIGINAL RUN,NOT RECORDED IN ORIGINAL RUN,0.4804066109329267,"[0.5833333333333334, 0.7777777777777778, 0.2857142857142857, 0.14285714285714285, 0.8, 0.625, 0.2, 0.6, 0.8571428571428571, 0.25]",0.4635712538850062,NOT RECORDED IN ORIGINAL RUN,historical; see aggregate family ledger,fixed endpoint; no new rerun,enriched development; ROI grouping only; full-proposal evaluation absent,PROMPT_4\RUNS\B_duplicate_s43_cv2\history.jsonl
4,C_GTTRAIN,C_GTTRAIN_s17,C_GTTRAIN,Prompt3 A5,"{""id"": ""C_GTTRAIN_s17"", ""family"": ""C_GTTRAIN"", ""seed"": 17, ""fold"": -1, ""epochs"": 10, ""sampler"": ""balanced"", ""population"": ""matched historicalfold0 originalsplit"", ""train_coordinates"": ""GT"", ""representation"": ""A3""}",27866,17,-1,10,0.23900226757369616,NOT RECORDED IN ORIGINAL RUN,NOT RECORDED IN ORIGINAL RUN,0.5922029760520809,"[0.3333333333333333, 0.5555555555555556, 0.625, 0.75, 1.0, 0.9166666666666666, 0.25, 0.25, 0.5, 1.0]",0.2990508681429398,NOT RECORDED IN ORIGINAL RUN,historical; see aggregate family ledger,fixed endpoint; no new rerun,enriched development; ROI grouping only; full-proposal evaluation absent,PROMPT_4\RUNS\C_GTTRAIN_s17\history.jsonl
4,C_GTTRAIN,C_GTTRAIN_s29,C_GTTRAIN,Prompt3 A5,"{""id"": ""C_GTTRAIN_s29"", ""family"": ""C_GTTRAIN"", ""seed"": 29, ""fold"": -1, ""epochs"": 10, ""sampler"": ""balanced"", ""population"": ""matched historicalfold0 originalsplit"", ""train_coordinates"": ""GT"", ""representation"": ""A3""}",27866,29,-1,10,0.21753968253968256,NOT RECORDED IN ORIGINAL RUN,NOT RECORDED IN ORIGINAL RUN,0.5277805667508184,"[0.5, 0.2222222222222222, 0.625, 0.625, 0.875, 0.9166666666666666, 0.25, 0.25, 0.5, 0.5]",0.4254923503905199,NOT RECORDED IN ORIGINAL RUN,historical; see aggregate family ledger,fixed endpoint; no new rerun,enriched development; ROI grouping only; full-proposal evaluation absent,PROMPT_4\RUNS\C_GTTRAIN_s29\history.jsonl
4,C_GTTRAIN,C_GTTRAIN_s43,C_GTTRAIN,Prompt3 A5,"{""id"": ""C_GTTRAIN_s43"", ""family"": ""C_GTTRAIN"", ""seed"": 43, ""fold"": -1, ""epochs"": 10, ""sampler"": ""balanced"", ""population"": ""matched historicalfold0 originalsplit"", ""train_coordinates"": ""GT"", ""representation"": ""A3""}",27866,43,-1,10,0.2255422168867547,NOT RECORDED IN ORIGINAL RUN,NOT RECORDED IN ORIGINAL RUN,0.5552105011991941,"[0.5833333333333334, 0.5555555555555556, 0.5, 0.5, 0.875, 0.8333333333333334, 0.25, 0.25, 0.5, 0.75]",0.39967838768969477,NOT RECORDED IN ORIGINAL RUN,historical; see aggregate family ledger,fixed endpoint; no new rerun,enriched development; ROI grouping only; full-proposal evaluation absent,PROMPT_4\RUNS\C_GTTRAIN_s43\history.jsonl
4,C_STAGE1TRAIN,C_STAGE1TRAIN_s17,C_STAGE1TRAIN,Prompt3 A5,"{""id"": ""C_STAGE1TRAIN_s17"", ""family"": ""C_STAGE1TRAIN"", ""seed"": 17, ""fold"": -1, ""epochs"": 10, ""sampler"": ""balanced"", ""population"": ""matched historicalfold0 originalsplit"", ""train_coordinates"": ""Stage1"", ""representation"": ""A3""}",27866,17,-1,10,0.20326330532212883,NOT RECORDED IN ORIGINAL RUN,NOT RECORDED IN ORIGINAL RUN,0.5164249639249638,"[0.3333333333333333, 0.6666666666666666, 0.625, 0.5, 1.0, 0.8333333333333334, 0.25, 0.25, 0.3333333333333333, 0.5]",0.4016170044266021,NOT RECORDED IN ORIGINAL RUN,historical; see aggregate family ledger,fixed endpoint; no new rerun,enriched development; ROI grouping only; full-proposal evaluation absent,PROMPT_4\RUNS\C_STAGE1TRAIN_s17\history.jsonl
4,C_STAGE1TRAIN,C_STAGE1TRAIN_s29,C_STAGE1TRAIN,Prompt3 A5,"{""id"": ""C_STAGE1TRAIN_s29"", ""family"": ""C_STAGE1TRAIN"", ""seed"": 29, ""fold"": -1, ""epochs"": 10, ""sampler"": ""balanced"", ""population"": ""matched historicalfold0 originalsplit"", ""train_coordinates"": ""Stage1"", ""representation"": ""A3""}",27866,29,-1,10,0.22063492063492066,NOT RECORDED IN ORIGINAL RUN,NOT RECORDED IN ORIGINAL RUN,0.5247339693106283,"[0.5, 0.3333333333333333, 0.625, 0.625, 1.0, 0.9166666666666666, 0.25, 0.25, 0.5, 0.25]",0.41791041571610954,NOT RECORDED IN ORIGINAL RUN,historical; see aggregate family ledger,fixed endpoint; no new rerun,enriched development; ROI grouping only; full-proposal evaluation absent,PROMPT_4\RUNS\C_STAGE1TRAIN_s29\history.jsonl
4,C_STAGE1TRAIN,C_STAGE1TRAIN_s43,C_STAGE1TRAIN,Prompt3 A5,"{""id"": ""C_STAGE1TRAIN_s43"", ""family"": ""C_STAGE1TRAIN"", ""seed"": 43, ""fold"": -1, ""epochs"": 10, ""sampler"": ""balanced"", ""population"": ""matched historicalfold0 originalsplit"", ""train_coordinates"": ""Stage1"", ""representation"": ""A3""}",27866,43,-1,10,0.21930272108843543,NOT RECORDED IN ORIGINAL RUN,NOT RECORDED IN ORIGINAL RUN,0.5500074332272474,"[0.6666666666666666, 0.5555555555555556, 0.5, 0.375, 0.875, 0.75, 0.25, 0.25, 0.6666666666666666, 0.5]",0.3908236849722918,NOT RECORDED IN ORIGINAL RUN,historical; see aggregate family ledger,fixed endpoint; no new rerun,enriched development; ROI grouping only; full-proposal evaluation absent,PROMPT_4\RUNS\C_STAGE1TRAIN_s43\history.jsonl
4,D1,D1_s17_cv0,D1,Prompt3 A5,"{""id"": ""D1_s17_cv0"", ""family"": ""D1"", ""seed"": 17, ""fold"": 0, ""epochs"": 10, ""sampler"": ""roi_class""}",27866,17,0,10,0.0836231884057971,NOT RECORDED IN ORIGINAL RUN,NOT RECORDED IN ORIGINAL RUN,0.410582612083868,"[0.7894736842105263, 0.5384615384615384, 0.36363636363636365, 0.42857142857142855, 0.8571428571428571, 0.4, 0.3333333333333333, 0.3333333333333333, 0.0, 0.25]",0.5241589887349962,NOT RECORDED IN ORIGINAL RUN,historical; see aggregate family ledger,fixed endpoint; no new rerun,enriched development; ROI grouping only; full-proposal evaluation absent,PROMPT_4\RUNS\D1_s17_cv0\history.jsonl
4,D1,D1_s17_cv1,D1,Prompt3 A5,"{""id"": ""D1_s17_cv1"", ""family"": ""D1"", ""seed"": 17, ""fold"": 1, ""epochs"": 10, ""sampler"": ""roi_class""}",27866,17,1,10,0.07388888888888889,NOT RECORDED IN ORIGINAL RUN,NOT RECORDED IN ORIGINAL RUN,0.3575060840507065,"[0.5714285714285714, 0.3333333333333333, 0.16666666666666666, 0.3, 0.3333333333333333, 0.45454545454545453, 0.0, 0.8571428571428571, 0.4444444444444444, 0.25]",0.5446327978768537,NOT RECORDED IN ORIGINAL RUN,historical; see aggregate family ledger,fixed endpoint; no new rerun,enriched development; ROI grouping only; full-proposal evaluation absent,PROMPT_4\RUNS\D1_s17_cv1\history.jsonl
4,D1,D1_s17_cv2,D1,Prompt3 A5,"{""id"": ""D1_s17_cv2"", ""family"": ""D1"", ""seed"": 17, ""fold"": 2, ""epochs"": 10, ""sampler"": ""roi_class""}",27866,17,2,10,0.08156028368794324,NOT RECORDED IN ORIGINAL RUN,NOT RECORDED IN ORIGINAL RUN,0.41413394133475273,"[0.5833333333333334, 0.6666666666666666, 0.2857142857142857, 0.0, 0.6, 0.375, 0.2, 0.6, 0.8571428571428571, 0.25]",0.46064313554758735,NOT RECORDED IN ORIGINAL RUN,historical; see aggregate family ledger,fixed endpoint; no new rerun,enriched development; ROI grouping only; full-proposal evaluation absent,PROMPT_4\RUNS\D1_s17_cv2\history.jsonl
4,D1,D1_s29_cv0,D1,Prompt3 A5,"{""id"": ""D1_s29_cv0"", ""family"": ""D1"", ""seed"": 29, ""fold"": 0, ""epochs"": 10, ""sampler"": ""roi_class""}",27866,29,0,10,0.09847826086956521,NOT RECORDED IN ORIGINAL RUN,NOT RECORDED IN ORIGINAL RUN,0.4694704710494184,"[0.8947368421052632, 0.6153846153846154, 0.2727272727272727, 0.5714285714285714, 1.0, 0.2, 0.3333333333333333, 0.5, 0.125, 0.25]",0.44105198935862566,NOT RECORDED IN ORIGINAL RUN,historical; see aggregate family ledger,fixed endpoint; no new rerun,enriched development; ROI grouping only; full-proposal evaluation absent,PROMPT_4\RUNS\D1_s29_cv0\history.jsonl
4,D1,D1_s29_cv1,D1,Prompt3 A5,"{""id"": ""D1_s29_cv1"", ""family"": ""D1"", ""seed"": 29, ""fold"": 1, ""epochs"": 10, ""sampler"": ""roi_class""}",27866,29,1,10,0.08402777777777777,NOT RECORDED IN ORIGINAL RUN,NOT RECORDED IN ORIGINAL RUN,0.3951108469703671,"[0.6071428571428571, 0.5, 0.16666666666666666, 0.1, 0.4166666666666667, 0.5454545454545454, 0.25, 0.7142857142857143, 0.5555555555555556, 0.25]",0.5462207449644509,NOT RECORDED IN ORIGINAL RUN,historical; see aggregate family ledger,fixed endpoint; no new rerun,enriched development; ROI grouping only; full-proposal evaluation absent,PROMPT_4\RUNS\D1_s29_cv1\history.jsonl
4,D1,D1_s29_cv2,D1,Prompt3 A5,"{""id"": ""D1_s29_cv2"", ""family"": ""D1"", ""seed"": 29, ""fold"": 2, ""epochs"": 10, ""sampler"": ""roi_class""}",27866,29,2,10,0.0930496453900709,NOT RECORDED IN ORIGINAL RUN,NOT RECORDED IN ORIGINAL RUN,0.4863614535150602,"[0.5416666666666666, 0.8333333333333334, 0.2857142857142857, 0.14285714285714285, 1.0, 0.625, 0.4, 0.4, 0.5714285714285714, 0.25]",0.4235586730476808,NOT RECORDED IN ORIGINAL RUN,historical; see aggregate family ledger,fixed endpoint; no new rerun,enriched development; ROI grouping only; full-proposal evaluation absent,PROMPT_4\RUNS\D1_s29_cv2\history.jsonl
4,D1,D1_s43_cv0,D1,Prompt3 A5,"{""id"": ""D1_s43_cv0"", ""family"": ""D1"", ""seed"": 43, ""fold"": 0, ""epochs"": 10, ""sampler"": ""roi_class""}",27866,43,0,10,0.0803623188405797,NOT RECORDED IN ORIGINAL RUN,NOT RECORDED IN ORIGINAL RUN,0.4314786142649919,"[0.7894736842105263, 0.38461538461538464, 0.36363636363636365, 0.42857142857142855, 0.5714285714285714, 0.2, 0.3333333333333333, 0.3333333333333333, 0.25, 0.5]",0.4981635492867462,NOT RECORDED IN ORIGINAL RUN,historical; see aggregate family ledger,fixed endpoint; no new rerun,enriched development; ROI grouping only; full-proposal evaluation absent,PROMPT_4\RUNS\D1_s43_cv0\history.jsonl
4,D1,D1_s43_cv1,D1,Prompt3 A5,"{""id"": ""D1_s43_cv1"", ""family"": ""D1"", ""seed"": 43, ""fold"": 1, ""epochs"": 10, ""sampler"": ""roi_class""}",27866,43,1,10,0.07791666666666666,NOT RECORDED IN ORIGINAL RUN,NOT RECORDED IN ORIGINAL RUN,0.31004854794328474,"[0.75, 0.5, 0.0, 0.1, 0.3333333333333333, 0.6363636363636364, 0.0, 0.8571428571428571, 0.2222222222222222, 0.08333333333333333]",0.5761668742041809,NOT RECORDED IN ORIGINAL RUN,historical; see aggregate family ledger,fixed endpoint; no new rerun,enriched development; ROI grouping only; full-proposal evaluation absent,PROMPT_4\RUNS\D1_s43_cv1\history.jsonl
4,D1,D1_s43_cv2,D1,Prompt3 A5,"{""id"": ""D1_s43_cv2"", ""family"": ""D1"", ""seed"": 43, ""fold"": 2, ""epochs"": 10, ""sampler"": ""roi_class""}",27866,43,2,10,0.08397163120567375,NOT RECORDED IN ORIGINAL RUN,NOT RECORDED IN ORIGINAL RUN,0.4345707778060719,"[0.6666666666666666, 0.7222222222222222, 0.2857142857142857, 0.14285714285714285, 0.4, 0.5, 0.2, 0.6, 0.5714285714285714, 0.25]",0.43281409565567874,NOT RECORDED IN ORIGINAL RUN,historical; see aggregate family ledger,fixed endpoint; no new rerun,enriched development; ROI grouping only; full-proposal evaluation absent,PROMPT_4\RUNS\D1_s43_cv2\history.jsonl
4,DIAG_A3LINEAR,DIAG_A3LINEAR_s17_cv0,DIAG_A3LINEAR,Prompt3 A5,"{""id"": ""DIAG_A3LINEAR_s17_cv0"", ""family"": ""DIAG_A3LINEAR"", ""seed"": 17, ""fold"": 0, ""epochs"": 10, ""representation"": ""A3"", ""sampler"": ""balanced"", ""selection_eligible"": false}",15370,17,0,10,0.10318840579710145,NOT RECORDED IN ORIGINAL RUN,NOT RECORDED IN ORIGINAL RUN,0.5326093353957131,"[0.631578947368421, 0.6153846153846154, 0.45454545454545453, 0.5714285714285714, 0.7142857142857143, 0.6, 0.6666666666666666, 0.4166666666666667, 0.125, 1.0]",0.4236261861521189,NOT RECORDED IN ORIGINAL RUN,historical; see aggregate family ledger,fixed endpoint; no new rerun,enriched development; ROI grouping only; full-proposal evaluation absent,PROMPT_4\RUNS\DIAG_A3LINEAR_s17_cv0\history.jsonl
4,DIAG_A3LINEAR,DIAG_A3LINEAR_s17_cv1,DIAG_A3LINEAR,Prompt3 A5,"{""id"": ""DIAG_A3LINEAR_s17_cv1"", ""family"": ""DIAG_A3LINEAR"", ""seed"": 17, ""fold"": 1, ""epochs"": 10, ""representation"": ""A3"", ""sampler"": ""balanced"", ""selection_eligible"": false}",15370,17,1,10,0.1173611111111111,NOT RECORDED IN ORIGINAL RUN,NOT RECORDED IN ORIGINAL RUN,0.5458533231474407,"[0.6071428571428571, 0.8333333333333334, 0.5, 0.2, 0.75, 0.6363636363636364, 0.375, 1.0, 0.5555555555555556, 0.3333333333333333]",0.3624704233489706,NOT RECORDED IN ORIGINAL RUN,historical; see aggregate family ledger,fixed endpoint; no new rerun,enriched development; ROI grouping only; full-proposal evaluation absent,PROMPT_4\RUNS\DIAG_A3LINEAR_s17_cv1\history.jsonl
4,DIAG_A3LINEAR,DIAG_A3LINEAR_s17_cv2,DIAG_A3LINEAR,Prompt3 A5,"{""id"": ""DIAG_A3LINEAR_s17_cv2"", ""family"": ""DIAG_A3LINEAR"", ""seed"": 17, ""fold"": 2, ""epochs"": 10, ""representation"": ""A3"", ""sampler"": ""balanced"", ""selection_eligible"": false}",15370,17,2,10,0.10735562310030396,NOT RECORDED IN ORIGINAL RUN,NOT RECORDED IN ORIGINAL RUN,0.5892074154464643,"[0.6666666666666666, 0.7777777777777778, 0.42857142857142855, 0.2857142857142857, 0.8, 1.0, 0.5, 0.6, 0.5714285714285714, 0.25]",0.35755400543222826,NOT RECORDED IN ORIGINAL RUN,historical; see aggregate family ledger,fixed endpoint; no new rerun,enriched development; ROI grouping only; full-proposal evaluation absent,PROMPT_4\RUNS\DIAG_A3LINEAR_s17_cv2\history.jsonl
4,DIAG_A3LINEAR,DIAG_A3LINEAR_s29_cv0,DIAG_A3LINEAR,Prompt3 A5,"{""id"": ""DIAG_A3LINEAR_s29_cv0"", ""family"": ""DIAG_A3LINEAR"", ""seed"": 29, ""fold"": 0, ""epochs"": 10, ""representation"": ""A3"", ""sampler"": ""balanced"", ""selection_eligible"": false}",15370,29,0,10,0.1,NOT RECORDED IN ORIGINAL RUN,NOT RECORDED IN ORIGINAL RUN,0.5160640572018281,"[0.5789473684210527, 0.46153846153846156, 0.5454545454545454, 0.5714285714285714, 0.8571428571428571, 0.6, 0.5, 0.4166666666666667, 0.125, 1.0]",0.42854809967999163,NOT RECORDED IN ORIGINAL RUN,historical; see aggregate family ledger,fixed endpoint; no new rerun,enriched development; ROI grouping only; full-proposal evaluation absent,PROMPT_4\RUNS\DIAG_A3LINEAR_s29_cv0\history.jsonl
4,DIAG_A3LINEAR,DIAG_A3LINEAR_s29_cv1,DIAG_A3LINEAR,Prompt3 A5,"{""id"": ""DIAG_A3LINEAR_s29_cv1"", ""family"": ""DIAG_A3LINEAR"", ""seed"": 29, ""fold"": 1, ""epochs"": 10, ""representation"": ""A3"", ""sampler"": ""balanced"", ""selection_eligible"": false}",15370,29,1,10,0.12145833333333333,NOT RECORDED IN ORIGINAL RUN,NOT RECORDED IN ORIGINAL RUN,0.5817028198839344,"[0.5357142857142857, 0.8333333333333334, 0.6666666666666666, 0.3, 0.75, 0.6363636363636364, 0.5, 0.8571428571428571, 0.5555555555555556, 0.5]",0.34707938101185687,NOT RECORDED IN ORIGINAL RUN,historical; see aggregate family ledger,fixed endpoint; no new rerun,enriched development; ROI grouping only; full-proposal evaluation absent,PROMPT_4\RUNS\DIAG_A3LINEAR_s29_cv1\history.jsonl
4,DIAG_A3LINEAR,DIAG_A3LINEAR_s29_cv2,DIAG_A3LINEAR,Prompt3 A5,"{""id"": ""DIAG_A3LINEAR_s29_cv2"", ""family"": ""DIAG_A3LINEAR"", ""seed"": 29, ""fold"": 2, ""epochs"": 10, ""representation"": ""A3"", ""sampler"": ""balanced"", ""selection_eligible"": false}",15370,29,2,10,0.11302938196555219,NOT RECORDED IN ORIGINAL RUN,NOT RECORDED IN ORIGINAL RUN,0.6296137196137196,"[0.625, 0.8333333333333334, 0.42857142857142855, 0.2857142857142857, 0.8, 1.0, 0.6, 0.6, 0.7142857142857143, 0.375]",0.29812957873638435,NOT RECORDED IN ORIGINAL RUN,historical; see aggregate family ledger,fixed endpoint; no new rerun,enriched development; ROI grouping only; full-proposal evaluation absent,PROMPT_4\RUNS\DIAG_A3LINEAR_s29_cv2\history.jsonl
4,DIAG_A3LINEAR,DIAG_A3LINEAR_s43_cv0,DIAG_A3LINEAR,Prompt3 A5,"{""id"": ""DIAG_A3LINEAR_s43_cv0"", ""family"": ""DIAG_A3LINEAR"", ""seed"": 43, ""fold"": 0, ""epochs"": 10, ""representation"": ""A3"", ""sampler"": ""balanced"", ""selection_eligible"": false}",15370,43,0,10,0.10144927536231882,NOT RECORDED IN ORIGINAL RUN,NOT RECORDED IN ORIGINAL RUN,0.52212407375822,"[0.7368421052631579, 0.46153846153846156, 0.45454545454545453, 0.42857142857142855, 0.8571428571428571, 0.6, 0.6666666666666666, 0.3333333333333333, 0.125, 1.0]",0.4304152852986147,NOT RECORDED IN ORIGINAL RUN,historical; see aggregate family ledger,fixed endpoint; no new rerun,enriched development; ROI grouping only; full-proposal evaluation absent,PROMPT_4\RUNS\DIAG_A3LINEAR_s43_cv0\history.jsonl
4,DIAG_A3LINEAR,DIAG_A3LINEAR_s43_cv1,DIAG_A3LINEAR,Prompt3 A5,"{""id"": ""DIAG_A3LINEAR_s43_cv1"", ""family"": ""DIAG_A3LINEAR"", ""seed"": 43, ""fold"": 1, ""epochs"": 10, ""representation"": ""A3"", ""sampler"": ""balanced"", ""selection_eligible"": false}",15370,43,1,10,0.10763888888888888,NOT RECORDED IN ORIGINAL RUN,NOT RECORDED IN ORIGINAL RUN,0.5041677153877602,"[0.5357142857142857, 0.5, 0.5, 0.1, 0.75, 0.6363636363636364, 0.5, 1.0, 0.5555555555555556, 0.3333333333333333]",0.42051269991664086,NOT RECORDED IN ORIGINAL RUN,historical; see aggregate family ledger,fixed endpoint; no new rerun,enriched development; ROI grouping only; full-proposal evaluation absent,PROMPT_4\RUNS\DIAG_A3LINEAR_s43_cv1\history.jsonl
4,DIAG_A3LINEAR,DIAG_A3LINEAR_s43_cv2,DIAG_A3LINEAR,Prompt3 A5,"{""id"": ""DIAG_A3LINEAR_s43_cv2"", ""family"": ""DIAG_A3LINEAR"", ""seed"": 43, ""fold"": 2, ""epochs"": 10, ""representation"": ""A3"", ""sampler"": ""balanced"", ""selection_eligible"": false}",15370,43,2,10,0.09957446808510637,NOT RECORDED IN ORIGINAL RUN,NOT RECORDED IN ORIGINAL RUN,0.5642455751723485,"[0.5833333333333334, 0.6666666666666666, 0.42857142857142855, 0.42857142857142855, 0.8, 0.625, 0.6, 0.6, 0.5714285714285714, 0.25]",0.3876980044492496,NOT RECORDED IN ORIGINAL RUN,historical; see aggregate family ledger,fixed endpoint; no new rerun,enriched development; ROI grouping only; full-proposal evaluation absent,PROMPT_4\RUNS\DIAG_A3LINEAR_s43_cv2\history.jsonl
4,E0_FROZEN,E0_FROZEN_s17,E0_FROZEN,Prompt3 A5,"{""id"": ""E0_FROZEN_s17"", ""family"": ""E0_FROZEN"", ""seed"": 17, ""fold"": -1, ""epochs"": 5, ""representation"": ""A3"", ""sampler"": ""balanced""}",27866,17,-1,5,0.14064529914529916,NOT RECORDED IN ORIGINAL RUN,NOT RECORDED IN ORIGINAL RUN,0.5544376598171665,"[0.3076923076923077, 0.5333333333333333, 0.6666666666666666, 0.3333333333333333, 0.9166666666666666, 0.9166666666666666, 0.5833333333333334, 0.5, 0.5, 0.6666666666666666]",0.2618303214383957,NOT RECORDED IN ORIGINAL RUN,historical; see aggregate family ledger,fixed endpoint; no new rerun,enriched development; ROI grouping only; full-proposal evaluation absent,PROMPT_4\RUNS\E0_FROZEN_s17\history.jsonl
4,E0_FROZEN,E0_FROZEN_s29,E0_FROZEN,Prompt3 A5,"{""id"": ""E0_FROZEN_s29"", ""family"": ""E0_FROZEN"", ""seed"": 29, ""fold"": -1, ""epochs"": 5, ""representation"": ""A3"", ""sampler"": ""balanced""}",27866,29,-1,5,0.15778174603174605,NOT RECORDED IN ORIGINAL RUN,NOT RECORDED IN ORIGINAL RUN,0.5984242809687454,"[0.5384615384615384, 0.6, 0.6666666666666666, 0.5, 0.8333333333333334, 0.9166666666666666, 0.5, 0.5833333333333334, 0.5, 0.5]",0.20904586987425755,NOT RECORDED IN ORIGINAL RUN,historical; see aggregate family ledger,fixed endpoint; no new rerun,enriched development; ROI grouping only; full-proposal evaluation absent,PROMPT_4\RUNS\E0_FROZEN_s29\history.jsonl
4,E0_FROZEN,E0_FROZEN_s43,E0_FROZEN,Prompt3 A5,"{""id"": ""E0_FROZEN_s43"", ""family"": ""E0_FROZEN"", ""seed"": 43, ""fold"": -1, ""epochs"": 5, ""representation"": ""A3"", ""sampler"": ""balanced""}",27866,43,-1,5,0.15938888888888886,NOT RECORDED IN ORIGINAL RUN,NOT RECORDED IN ORIGINAL RUN,0.6271098174566112,"[0.48717948717948717, 0.5333333333333333, 0.6666666666666666, 0.5833333333333334, 0.9166666666666666, 0.9166666666666666, 0.5833333333333334, 0.6666666666666666, 0.5, 0.6666666666666666]",0.19804921025703837,NOT RECORDED IN ORIGINAL RUN,historical; see aggregate family ledger,fixed endpoint; no new rerun,enriched development; ROI grouping only; full-proposal evaluation absent,PROMPT_4\RUNS\E0_FROZEN_s43\history.jsonl
4,FINAL_A3,FINAL_A3_s17,FINAL_A3,Prompt3 A5,"{""id"": ""FINAL_A3_s17"", ""family"": ""FINAL_A3"", ""seed"": 17, ""fold"": -1, ""epochs"": 10, ""representation"": ""A3"", ""sampler"": ""balanced"", ""role"": ""fixed candidate confirmation on reused original150; no runner-up shopping""}",27866,17,-1,10,0.15821474358974358,NOT RECORDED IN ORIGINAL RUN,NOT RECORDED IN ORIGINAL RUN,0.5685924486956069,"[0.6410256410256411, 0.5333333333333333, 0.6666666666666666, 0.16666666666666666, 0.9166666666666666, 0.75, 0.4166666666666667, 0.5, 0.5, 0.6666666666666666]",0.4011505168658205,NOT RECORDED IN ORIGINAL RUN,historical; see aggregate family ledger,fixed endpoint; no new rerun,enriched development; ROI grouping only; full-proposal evaluation absent,PROMPT_4\RUNS\FINAL_A3_s17\history.jsonl
4,FINAL_A3,FINAL_A3_s29,FINAL_A3,Prompt3 A5,"{""id"": ""FINAL_A3_s29"", ""family"": ""FINAL_A3"", ""seed"": 29, ""fold"": -1, ""epochs"": 10, ""representation"": ""A3"", ""sampler"": ""balanced"", ""role"": ""fixed candidate confirmation on reused original150; no runner-up shopping""}",27866,29,-1,10,0.15595482295482296,NOT RECORDED IN ORIGINAL RUN,NOT RECORDED IN ORIGINAL RUN,0.5854633196222402,"[0.5641025641025641, 0.5333333333333333, 0.6666666666666666, 0.25, 0.9166666666666666, 0.9166666666666666, 0.5, 0.5, 0.5, 0.6666666666666666]",0.3745695005233619,NOT RECORDED IN ORIGINAL RUN,historical; see aggregate family ledger,fixed endpoint; no new rerun,enriched development; ROI grouping only; full-proposal evaluation absent,PROMPT_4\RUNS\FINAL_A3_s29\history.jsonl
4,FINAL_A3,FINAL_A3_s43,FINAL_A3,Prompt3 A5,"{""id"": ""FINAL_A3_s43"", ""family"": ""FINAL_A3"", ""seed"": 43, ""fold"": -1, ""epochs"": 10, ""representation"": ""A3"", ""sampler"": ""balanced"", ""role"": ""fixed candidate confirmation on reused original150; no runner-up shopping""}",27866,43,-1,10,0.16514856711915538,NOT RECORDED IN ORIGINAL RUN,NOT RECORDED IN ORIGINAL RUN,0.6225763097638924,"[0.6666666666666666, 0.6, 0.5833333333333334, 0.3333333333333333, 0.9166666666666666, 0.8333333333333334, 0.5833333333333334, 0.5, 0.5, 0.6666666666666666]",0.3303369315437765,NOT RECORDED IN ORIGINAL RUN,historical; see aggregate family ledger,fixed endpoint; no new rerun,enriched development; ROI grouping only; full-proposal evaluation absent,PROMPT_4\RUNS\FINAL_A3_s43\history.jsonl
4,F_A3,F_A3_s17,F_A3,Prompt3 A5,"{""id"": ""F_A3_s17"", ""family"": ""F_A3"", ""seed"": 17, ""fold"": -1, ""epochs"": 10, ""sampler"": ""balanced"", ""population"": ""all GT nuclei historical fold0 original membership; clean GT-only mask"", ""representation"": ""F_A3""}",27866,17,-1,10,0.22297619047619044,NOT RECORDED IN ORIGINAL RUN,NOT RECORDED IN ORIGINAL RUN,0.5355938505938506,"[0.08333333333333333, 0.6666666666666666, 0.625, 0.625, 1.0, 0.75, 0.4, 0.25, 0.5, 0.75]",0.3521960044786132,NOT RECORDED IN ORIGINAL RUN,historical; see aggregate family ledger,fixed endpoint; no new rerun,enriched development; ROI grouping only; full-proposal evaluation absent,PROMPT_4\RUNS\F_A3_s17\history.jsonl
4,F_A3,F_A3_s29,F_A3,Prompt3 A5,"{""id"": ""F_A3_s29"", ""family"": ""F_A3"", ""seed"": 29, ""fold"": -1, ""epochs"": 10, ""sampler"": ""balanced"", ""population"": ""all GT nuclei historical fold0 original membership; clean GT-only mask"", ""representation"": ""F_A3""}",27866,29,-1,10,0.22111111111111112,NOT RECORDED IN ORIGINAL RUN,NOT RECORDED IN ORIGINAL RUN,0.5484337884337884,"[0.5, 0.3333333333333333, 0.625, 0.5, 0.875, 0.9166666666666666, 0.4, 0.25, 0.5, 0.5]",0.3889282062966274,NOT RECORDED IN ORIGINAL RUN,historical; see aggregate family ledger,fixed endpoint; no new rerun,enriched development; ROI grouping only; full-proposal evaluation absent,PROMPT_4\RUNS\F_A3_s29\history.jsonl
4,F_A3,F_A3_s43,F_A3,Prompt3 A5,"{""id"": ""F_A3_s43"", ""family"": ""F_A3"", ""seed"": 43, ""fold"": -1, ""epochs"": 10, ""sampler"": ""balanced"", ""population"": ""all GT nuclei historical fold0 original membership; clean GT-only mask"", ""representation"": ""F_A3""}",27866,43,-1,10,0.23833333333333337,NOT RECORDED IN ORIGINAL RUN,NOT RECORDED IN ORIGINAL RUN,0.5800082206795761,"[0.5833333333333334, 0.5555555555555556, 0.5, 0.5, 0.875, 0.75, 0.4, 0.25, 0.5, 1.0]",0.36228402955385053,NOT RECORDED IN ORIGINAL RUN,historical; see aggregate family ledger,fixed endpoint; no new rerun,enriched development; ROI grouping only; full-proposal evaluation absent,PROMPT_4\RUNS\F_A3_s43\history.jsonl
4,F_CLS_MASK,F_CLS_MASK_s17,F_CLS_MASK,Prompt3 A5,"{""id"": ""F_CLS_MASK_s17"", ""family"": ""F_CLS_MASK"", ""seed"": 17, ""fold"": -1, ""epochs"": 10, ""sampler"": ""balanced"", ""population"": ""all GT nuclei historical fold0 original membership; clean GT-only mask"", ""representation"": ""F_CLS_MASK""}",27866,17,-1,10,0.20777777777777778,NOT RECORDED IN ORIGINAL RUN,NOT RECORDED IN ORIGINAL RUN,0.5459246465384574,"[0.3333333333333333, 0.7777777777777778, 0.375, 0.125, 1.0, 0.9166666666666666, 0.6, 0.25, 0.6666666666666666, 0.75]",0.3775169119031011,NOT RECORDED IN ORIGINAL RUN,historical; see aggregate family ledger,fixed endpoint; no new rerun,enriched development; ROI grouping only; full-proposal evaluation absent,PROMPT_4\RUNS\F_CLS_MASK_s17\history.jsonl
4,F_CLS_MASK,F_CLS_MASK_s29,F_CLS_MASK,Prompt3 A5,"{""id"": ""F_CLS_MASK_s29"", ""family"": ""F_CLS_MASK"", ""seed"": 29, ""fold"": -1, ""epochs"": 10, ""sampler"": ""balanced"", ""population"": ""all GT nuclei historical fold0 original membership; clean GT-only mask"", ""representation"": ""F_CLS_MASK""}",27866,29,-1,10,0.20778911564625852,NOT RECORDED IN ORIGINAL RUN,NOT RECORDED IN ORIGINAL RUN,0.5439446124248459,"[0.5, 0.3333333333333333, 0.5, 0.625, 1.0, 1.0, 0.4, 0.25, 0.5, 0.25]",0.3857274801884232,NOT RECORDED IN ORIGINAL RUN,historical; see aggregate family ledger,fixed endpoint; no new rerun,enriched development; ROI grouping only; full-proposal evaluation absent,PROMPT_4\RUNS\F_CLS_MASK_s29\history.jsonl
4,F_CLS_MASK,F_CLS_MASK_s43,F_CLS_MASK,Prompt3 A5,"{""id"": ""F_CLS_MASK_s43"", ""family"": ""F_CLS_MASK"", ""seed"": 43, ""fold"": -1, ""epochs"": 10, ""sampler"": ""balanced"", ""population"": ""all GT nuclei historical fold0 original membership; clean GT-only mask"", ""representation"": ""F_CLS_MASK""}",27866,43,-1,10,0.2248701298701299,NOT RECORDED IN ORIGINAL RUN,NOT RECORDED IN ORIGINAL RUN,0.5276093885830193,"[0.6666666666666666, 0.4444444444444444, 0.5, 0.375, 1.0, 0.3333333333333333, 0.6, 0.25, 0.5, 0.75]",0.4098918002865908,NOT RECORDED IN ORIGINAL RUN,historical; see aggregate family ledger,fixed endpoint; no new rerun,enriched development; ROI grouping only; full-proposal evaluation absent,PROMPT_4\RUNS\F_CLS_MASK_s43\history.jsonl
4,F_CLS_SHUFFLE,F_CLS_SHUFFLE_s17,F_CLS_SHUFFLE,Prompt3 A5,"{""id"": ""F_CLS_SHUFFLE_s17"", ""family"": ""F_CLS_SHUFFLE"", ""seed"": 17, ""fold"": -1, ""epochs"": 10, ""sampler"": ""balanced"", ""population"": ""all GT nuclei historical fold0 original membership; clean GT-only mask"", ""representation"": ""F_CLS_SHUFFLE""}",27866,17,-1,10,0.1925830332132853,NOT RECORDED IN ORIGINAL RUN,NOT RECORDED IN ORIGINAL RUN,0.5019829877724614,"[0.3333333333333333, 0.5555555555555556, 0.375, 0.125, 1.0, 0.8333333333333334, 0.6, 0.25, 0.5, 0.75]",0.44672821330716084,NOT RECORDED IN ORIGINAL RUN,historical; see aggregate family ledger,fixed endpoint; no new rerun,enriched development; ROI grouping only; full-proposal evaluation absent,PROMPT_4\RUNS\F_CLS_SHUFFLE_s17\history.jsonl
4,F_CLS_SHUFFLE,F_CLS_SHUFFLE_s29,F_CLS_SHUFFLE,Prompt3 A5,"{""id"": ""F_CLS_SHUFFLE_s29"", ""family"": ""F_CLS_SHUFFLE"", ""seed"": 29, ""fold"": -1, ""epochs"": 10, ""sampler"": ""balanced"", ""population"": ""all GT nuclei historical fold0 original membership; clean GT-only mask"", ""representation"": ""F_CLS_SHUFFLE""}",27866,29,-1,10,0.20921150278293138,NOT RECORDED IN ORIGINAL RUN,NOT RECORDED IN ORIGINAL RUN,0.5161760461760462,"[0.5833333333333334, 0.1111111111111111, 0.5, 0.625, 1.0, 1.0, 0.2, 0.25, 0.5, 0.5]",0.4358952262048238,NOT RECORDED IN ORIGINAL RUN,historical; see aggregate family ledger,fixed endpoint; no new rerun,enriched development; ROI grouping only; full-proposal evaluation absent,PROMPT_4\RUNS\F_CLS_SHUFFLE_s29\history.jsonl
4,F_CLS_SHUFFLE,F_CLS_SHUFFLE_s43,F_CLS_SHUFFLE,Prompt3 A5,"{""id"": ""F_CLS_SHUFFLE_s43"", ""family"": ""F_CLS_SHUFFLE"", ""seed"": 43, ""fold"": -1, ""epochs"": 10, ""sampler"": ""balanced"", ""population"": ""all GT nuclei historical fold0 original membership; clean GT-only mask"", ""representation"": ""F_CLS_SHUFFLE""}",27866,43,-1,10,0.23558441558441562,NOT RECORDED IN ORIGINAL RUN,NOT RECORDED IN ORIGINAL RUN,0.5334180278281911,"[0.6666666666666666, 0.4444444444444444, 0.5, 0.375, 1.0, 0.3333333333333333, 0.6, 0.25, 0.5, 0.75]",0.41410822369806044,NOT RECORDED IN ORIGINAL RUN,historical; see aggregate family ledger,fixed endpoint; no new rerun,enriched development; ROI grouping only; full-proposal evaluation absent,PROMPT_4\RUNS\F_CLS_SHUFFLE_s43\history.jsonl
4,F_GAUSSIAN,F_GAUSSIAN_s17,F_GAUSSIAN,Prompt3 A5,"{""id"": ""F_GAUSSIAN_s17"", ""family"": ""F_GAUSSIAN"", ""seed"": 17, ""fold"": -1, ""epochs"": 10, ""sampler"": ""balanced"", ""population"": ""all GT nuclei historical fold0 original membership; clean GT-only mask"", ""representation"": ""F_GAUSSIAN""}",27866,17,-1,10,0.2517857142857143,NOT RECORDED IN ORIGINAL RUN,NOT RECORDED IN ORIGINAL RUN,0.5966662980981867,"[0.5, 0.6666666666666666, 0.625, 0.375, 1.0, 0.6666666666666666, 0.6, 0.25, 0.6666666666666666, 0.75]",0.2548857772774181,NOT RECORDED IN ORIGINAL RUN,historical; see aggregate family ledger,fixed endpoint; no new rerun,enriched development; ROI grouping only; full-proposal evaluation absent,PROMPT_4\RUNS\F_GAUSSIAN_s17\history.jsonl
4,F_GAUSSIAN,F_GAUSSIAN_s29,F_GAUSSIAN,Prompt3 A5,"{""id"": ""F_GAUSSIAN_s29"", ""family"": ""F_GAUSSIAN"", ""seed"": 29, ""fold"": -1, ""epochs"": 10, ""sampler"": ""balanced"", ""population"": ""all GT nuclei historical fold0 original membership; clean GT-only mask"", ""representation"": ""F_GAUSSIAN""}",27866,29,-1,10,0.23253968253968252,NOT RECORDED IN ORIGINAL RUN,NOT RECORDED IN ORIGINAL RUN,0.5861260568300547,"[0.5, 0.3333333333333333, 0.625, 0.5, 0.875, 0.9166666666666666, 0.6, 0.25, 0.5, 0.75]",0.3421274635287287,NOT RECORDED IN ORIGINAL RUN,historical; see aggregate family ledger,fixed endpoint; no new rerun,enriched development; ROI grouping only; full-proposal evaluation absent,PROMPT_4\RUNS\F_GAUSSIAN_s29\history.jsonl
4,F_GAUSSIAN,F_GAUSSIAN_s43,F_GAUSSIAN,Prompt3 A5,"{""id"": ""F_GAUSSIAN_s43"", ""family"": ""F_GAUSSIAN"", ""seed"": 43, ""fold"": -1, ""epochs"": 10, ""sampler"": ""balanced"", ""population"": ""all GT nuclei historical fold0 original membership; clean GT-only mask"", ""representation"": ""F_GAUSSIAN""}",27866,43,-1,10,0.2336904761904762,NOT RECORDED IN ORIGINAL RUN,NOT RECORDED IN ORIGINAL RUN,0.5718018575851394,"[0.6666666666666666, 0.4444444444444444, 0.5, 0.375, 0.875, 0.6666666666666666, 0.6, 0.25, 0.5, 1.0]",0.37958563074352547,NOT RECORDED IN ORIGINAL RUN,historical; see aggregate family ledger,fixed endpoint; no new rerun,enriched development; ROI grouping only; full-proposal evaluation absent,PROMPT_4\RUNS\F_GAUSSIAN_s43\history.jsonl
4,F_MASK,F_MASK_s17,F_MASK,Prompt3 A5,"{""id"": ""F_MASK_s17"", ""family"": ""F_MASK"", ""seed"": 17, ""fold"": -1, ""epochs"": 10, ""sampler"": ""balanced"", ""population"": ""all GT nuclei historical fold0 original membership; clean GT-only mask"", ""representation"": ""F_MASK""}",27866,17,-1,10,0.2116300366300366,NOT RECORDED IN ORIGINAL RUN,NOT RECORDED IN ORIGINAL RUN,0.5041182099634112,"[0.4166666666666667, 0.6666666666666666, 0.625, 0.0, 1.0, 0.4166666666666667, 0.6, 0.25, 0.6666666666666666, 0.75]",0.38102814522938355,NOT RECORDED IN ORIGINAL RUN,historical; see aggregate family ledger,fixed endpoint; no new rerun,enriched development; ROI grouping only; full-proposal evaluation absent,PROMPT_4\RUNS\F_MASK_s17\history.jsonl
4,F_MASK,F_MASK_s29,F_MASK,Prompt3 A5,"{""id"": ""F_MASK_s29"", ""family"": ""F_MASK"", ""seed"": 29, ""fold"": -1, ""epochs"": 10, ""sampler"": ""balanced"", ""population"": ""all GT nuclei historical fold0 original membership; clean GT-only mask"", ""representation"": ""F_MASK""}",27866,29,-1,10,0.23849206349206353,NOT RECORDED IN ORIGINAL RUN,NOT RECORDED IN ORIGINAL RUN,0.5955974749887794,"[0.6666666666666666, 0.3333333333333333, 0.625, 0.5, 1.0, 0.9166666666666666, 0.6, 0.25, 0.5, 0.5]",0.33451501972897857,NOT RECORDED IN ORIGINAL RUN,historical; see aggregate family ledger,fixed endpoint; no new rerun,enriched development; ROI grouping only; full-proposal evaluation absent,PROMPT_4\RUNS\F_MASK_s29\history.jsonl
4,F_MASK,F_MASK_s43,F_MASK,Prompt3 A5,"{""id"": ""F_MASK_s43"", ""family"": ""F_MASK"", ""seed"": 43, ""fold"": -1, ""epochs"": 10, ""sampler"": ""balanced"", ""population"": ""all GT nuclei historical fold0 original membership; clean GT-only mask"", ""representation"": ""F_MASK""}",27866,43,-1,10,0.23448717948717954,NOT RECORDED IN ORIGINAL RUN,NOT RECORDED IN ORIGINAL RUN,0.5527253938012453,"[0.75, 0.5555555555555556, 0.5, 0.25, 1.0, 0.5, 0.6, 0.25, 0.5, 0.75]",0.3946366009291705,NOT RECORDED IN ORIGINAL RUN,historical; see aggregate family ledger,fixed endpoint; no new rerun,enriched development; ROI grouping only; full-proposal evaluation absent,PROMPT_4\RUNS\F_MASK_s43\history.jsonl
4,F_SHUFFLE,F_SHUFFLE_s17,F_SHUFFLE,Prompt3 A5,"{""id"": ""F_SHUFFLE_s17"", ""family"": ""F_SHUFFLE"", ""seed"": 17, ""fold"": -1, ""epochs"": 10, ""sampler"": ""balanced"", ""population"": ""all GT nuclei historical fold0 original membership; clean GT-only mask"", ""representation"": ""F_SHUFFLE""}",27866,17,-1,10,0.20974025974025973,NOT RECORDED IN ORIGINAL RUN,NOT RECORDED IN ORIGINAL RUN,0.4835518207282913,"[0.4166666666666667, 0.5555555555555556, 0.625, 0.25, 1.0, 0.25, 0.6, 0.25, 0.5, 0.75]",0.4372426788897379,NOT RECORDED IN ORIGINAL RUN,historical; see aggregate family ledger,fixed endpoint; no new rerun,enriched development; ROI grouping only; full-proposal evaluation absent,PROMPT_4\RUNS\F_SHUFFLE_s17\history.jsonl
4,F_SHUFFLE,F_SHUFFLE_s29,F_SHUFFLE,Prompt3 A5,"{""id"": ""F_SHUFFLE_s29"", ""family"": ""F_SHUFFLE"", ""seed"": 29, ""fold"": -1, ""epochs"": 10, ""sampler"": ""balanced"", ""population"": ""all GT nuclei historical fold0 original membership; clean GT-only mask"", ""representation"": ""F_SHUFFLE""}",27866,29,-1,10,0.22706349206349205,NOT RECORDED IN ORIGINAL RUN,NOT RECORDED IN ORIGINAL RUN,0.5793803418803419,"[0.6666666666666666, 0.2222222222222222, 0.625, 0.375, 0.875, 0.9166666666666666, 0.6, 0.25, 0.5, 0.75]",0.3723298971983181,NOT RECORDED IN ORIGINAL RUN,historical; see aggregate family ledger,fixed endpoint; no new rerun,enriched development; ROI grouping only; full-proposal evaluation absent,PROMPT_4\RUNS\F_SHUFFLE_s29\history.jsonl
4,F_SHUFFLE,F_SHUFFLE_s43,F_SHUFFLE,Prompt3 A5,"{""id"": ""F_SHUFFLE_s43"", ""family"": ""F_SHUFFLE"", ""seed"": 43, ""fold"": -1, ""epochs"": 10, ""sampler"": ""balanced"", ""population"": ""all GT nuclei historical fold0 original membership; clean GT-only mask"", ""representation"": ""F_SHUFFLE""}",27866,43,-1,10,0.20891774891774895,NOT RECORDED IN ORIGINAL RUN,NOT RECORDED IN ORIGINAL RUN,0.48324115971174786,"[0.6666666666666666, 0.3333333333333333, 0.5, 0.25, 0.875, 0.3333333333333333, 0.6, 0.25, 0.5, 0.75]",0.4195114079819964,NOT RECORDED IN ORIGINAL RUN,historical; see aggregate family ledger,fixed endpoint; no new rerun,enriched development; ROI grouping only; full-proposal evaluation absent,PROMPT_4\RUNS\F_SHUFFLE_s43\history.jsonl
