roi,GT_component_array_index,V17_class_id,x,y
training_set_metastatic_roi_001,465,0,816.1764526367188,977.7647094726562
training_set_metastatic_roi_001,531,0,453.0952453613281,166.57142639160156
training_set_metastatic_roi_001,562,0,726.5,929.25
training_set_metastatic_roi_001,565,0,1017.75,940.4166870117188
training_set_metastatic_roi_001,571,0,777.25,684.5
training_set_metastatic_roi_001,580,0,675.1666870117188,551.4666748046875
training_set_metastatic_roi_001,585,0,764.3095092773438,766.15478515625
training_set_metastatic_roi_001,590,0,584.5999755859375,723.4000244140625
training_set_metastatic_roi_001,608,0,139.84097290039062,331.0945129394531
training_set_metastatic_roi_001,624,9,285.25,77.25
training_set_metastatic_roi_001,626,0,274.30767822265625,10.179487228393555
training_set_metastatic_roi_002,1072,0,480.0833435058594,260.5833435058594
training_set_metastatic_roi_002,1104,0,313.78125,477.6875
training_set_metastatic_roi_002,1112,6,286.8571472167969,681.7619018554688
training_set_metastatic_roi_002,1137,0,994.9166870117188,217.5
training_set_metastatic_roi_002,1154,0,810.9091186523438,1010.272705078125
training_set_metastatic_roi_002,1171,0,762.9000244140625,677.2999877929688
training_set_metastatic_roi_002,1197,6,89.20587921142578,685.3136596679688
training_set_metastatic_roi_002,1204,0,933.0968017578125,314.0
training_set_metastatic_roi_002,1210,0,99.70130157470703,361.18182373046875
training_set_metastatic_roi_002,1261,0,951.2692260742188,321.1538391113281
training_set_metastatic_roi_002,1274,0,705.7571411132812,28.55714225769043
training_set_metastatic_roi_002,1276,0,423.05633544921875,42.056339263916016
training_set_metastatic_roi_002,1284,0,910.8947143554688,131.2105255126953
training_set_metastatic_roi_002,1286,0,985.8400268554688,987.1400146484375
training_set_metastatic_roi_002,1287,0,185.59259033203125,731.3518676757812
training_set_metastatic_roi_002,1288,0,343.1052551269531,269.5789489746094
training_set_metastatic_roi_002,1298,0,556.1428833007812,363.2436828613281
training_set_metastatic_roi_002,1301,0,708.6538696289062,242.92308044433594
training_set_metastatic_roi_002,1304,0,779.3428344726562,260.971435546875
training_set_metastatic_roi_002,1312,0,810.122802734375,491.7017517089844
training_set_metastatic_roi_002,1314,1,776.6551513671875,652.4483032226562
training_set_metastatic_roi_002,1334,1,669.5,521.2999877929688
training_set_metastatic_roi_002,1352,0,490.75,680.5
training_set_metastatic_roi_002,1381,0,972.2615356445312,287.5384521484375
training_set_metastatic_roi_002,1401,0,349.8333435058594,759.2750244140625
training_set_metastatic_roi_002,1411,0,437.478271484375,34.043479919433594
training_set_metastatic_roi_002,1429,0,168.58824157714844,447.6470642089844
training_set_metastatic_roi_002,1430,0,251.1627960205078,421.9534912109375
training_set_metastatic_roi_002,1436,0,130.0,449.3999938964844
training_set_metastatic_roi_002,1437,0,141.94186401367188,462.5011901855469
training_set_metastatic_roi_002,1454,0,650.941162109375,660.2941284179688
training_set_metastatic_roi_002,1456,0,306.8666687011719,742.8666381835938
training_set_metastatic_roi_003,1473,0,640.4285888671875,2.5714285373687744
training_set_metastatic_roi_003,1493,0,472.8604736328125,63.79069900512695
training_set_metastatic_roi_003,1577,0,302.6666564941406,300.8717956542969
training_set_metastatic_roi_003,1602,0,540.109375,381.1875
training_set_metastatic_roi_003,1615,0,550.8717651367188,398.4102478027344
training_set_metastatic_roi_003,1836,0,110.3255844116211,974.8720703125
training_set_metastatic_roi_003,1839,0,365.5,665.25
training_set_metastatic_roi_003,1845,0,746.024658203125,308.82720947265625
training_set_metastatic_roi_004,1908,0,10.631579399108887,101.52631378173828
training_set_metastatic_roi_004,1917,0,305.76666259765625,116.66666412353516
training_set_metastatic_roi_004,1931,0,3.3636362552642822,154.0
training_set_metastatic_roi_004,1977,0,106.625,238.5
training_set_metastatic_roi_004,1982,0,338.1363525390625,250.59091186523438
training_set_metastatic_roi_004,1987,0,5.857142925262451,257.9285583496094
training_set_metastatic_roi_004,2020,0,2.6666667461395264,327.1666564941406
training_set_metastatic_roi_004,2024,0,56.13793182373047,333.5172424316406
training_set_metastatic_roi_004,2025,0,691.5625,334.5625
training_set_metastatic_roi_004,2056,0,246.9130401611328,387.2608642578125
training_set_metastatic_roi_004,2066,0,822.3513793945312,401.3513488769531
training_set_metastatic_roi_004,2075,0,912.6956787109375,414.13043212890625
training_set_metastatic_roi_004,2132,0,250.36363220214844,507.81817626953125
training_set_metastatic_roi_004,2133,0,362.0714416503906,507.3571472167969
training_set_metastatic_roi_004,2149,0,379.2083435058594,527.6666870117188
training_set_metastatic_roi_004,2204,0,600.0384521484375,625.6923217773438
training_set_metastatic_roi_004,2207,0,605.6842041015625,633.2105102539062
training_set_metastatic_roi_004,2215,0,435.20001220703125,651.5999755859375
training_set_metastatic_roi_004,2245,1,690.5238037109375,699.5714111328125
training_set_metastatic_roi_004,2271,0,307.11322021484375,741.2453002929688
training_set_metastatic_roi_004,2290,0,645.3912963867188,768.478271484375
training_set_metastatic_roi_004,2291,0,367.30767822265625,773.423095703125
training_set_metastatic_roi_004,2334,0,575.0540771484375,851.7838134765625
training_set_metastatic_roi_004,2373,0,904.111083984375,915.4166870117188
training_set_metastatic_roi_004,2389,0,559.227294921875,944.3181762695312
training_set_metastatic_roi_004,2400,0,731.611083984375,967.6944580078125
training_set_metastatic_roi_004,2429,0,767.9105834960938,128.04019165039062
training_set_metastatic_roi_004,2439,0,23.174999237060547,907.2416381835938
training_set_metastatic_roi_004,2444,0,1011.625,355.95806884765625
training_set_metastatic_roi_005,2490,0,141.7415771484375,477.0224609375
training_set_metastatic_roi_005,2614,0,167.77999877929688,711.8200073242188
training_set_metastatic_roi_005,2666,0,520.9749755859375,1005.8499755859375
training_set_metastatic_roi_005,2675,0,466.71429443359375,672.0
training_set_metastatic_roi_005,2702,3,471.5333251953125,41.84000015258789
training_set_metastatic_roi_005,2710,1,929.0999755859375,87.0
training_set_metastatic_roi_005,2712,6,326.6000061035156,123.5999984741211
training_set_metastatic_roi_005,2718,0,454.70001220703125,776.1300048828125
training_set_metastatic_roi_005,2721,1,968.2083129882812,823.6875
training_set_metastatic_roi_005,2730,7,752.0250244140625,134.4250030517578
training_set_metastatic_roi_005,2736,3,423.5581359863281,81.9534912109375
training_set_metastatic_roi_005,2741,9,902.5721435546875,588.0515747070312
training_set_metastatic_roi_005,2742,0,548.7354125976562,620.8883666992188
training_set_metastatic_roi_006,2839,0,923.0892944335938,657.8928833007812
training_set_metastatic_roi_006,2962,0,944.8695678710938,40.173912048339844
training_set_metastatic_roi_006,2975,0,333.5106506347656,578.5957641601562
training_set_metastatic_roi_006,2983,0,945.2105102539062,695.8947143554688
training_set_metastatic_roi_006,2990,0,979.3157958984375,953.5789184570312
training_set_metastatic_roi_007,3196,0,275.5161437988281,10.22580623626709
training_set_metastatic_roi_007,3257,0,292.10205078125,674.7958984375
training_set_metastatic_roi_007,3260,0,137.86045837402344,673.1395263671875
training_set_metastatic_roi_007,3263,0,460.09259033203125,754.888916015625
training_set_metastatic_roi_007,3265,0,337.20928955078125,735.1162719726562
training_set_metastatic_roi_007,3270,0,426.83782958984375,726.8648681640625
training_set_metastatic_roi_007,3272,0,315.631591796875,987.76318359375
training_set_metastatic_roi_007,3278,7,25.9350643157959,195.79220581054688
training_set_metastatic_roi_007,3279,0,693.036376953125,443.81817626953125
training_set_metastatic_roi_008,3444,0,147.83999633789062,266.9599914550781
training_set_metastatic_roi_008,3448,0,745.1500244140625,255.89999389648438
training_set_metastatic_roi_008,3451,0,285.93548583984375,209.16128540039062
training_set_metastatic_roi_008,3454,0,306.03448486328125,177.3103485107422
training_set_metastatic_roi_008,3460,0,465.0,391.6181945800781
training_set_metastatic_roi_009,3926,0,69.5,735.25
training_set_metastatic_roi_009,3928,0,318.5806579589844,863.0
training_set_metastatic_roi_009,3941,0,619.4000244140625,0.4000000059604645
training_set_metastatic_roi_009,3949,0,142.39999389648438,539.5999755859375
training_set_metastatic_roi_009,3962,0,884.9347534179688,253.2391357421875
training_set_metastatic_roi_010,3997,0,961.370361328125,961.888916015625
training_set_metastatic_roi_010,4003,0,593.5416870117188,804.7750244140625
training_set_metastatic_roi_010,4009,0,371.90667724609375,556.9466552734375
training_set_metastatic_roi_010,4041,0,795.5753173828125,991.5068359375
training_set_metastatic_roi_010,4113,0,73.2448959350586,268.551025390625
training_set_metastatic_roi_010,4126,0,33.621212005615234,670.3787841796875
training_set_metastatic_roi_010,4155,6,473.5666809082031,309.1666564941406
training_set_metastatic_roi_010,4162,0,736.727294921875,17.93181800842285
training_set_metastatic_roi_010,4168,0,996.4375,922.28125
training_set_metastatic_roi_010,4172,0,841.59375,158.09375
training_set_metastatic_roi_010,4173,0,482.4561462402344,866.9122924804688
training_set_metastatic_roi_010,4175,6,729.7333374023438,287.4333190917969
training_set_metastatic_roi_010,4176,0,131.270263671875,254.64865112304688
training_set_metastatic_roi_010,4177,6,827.9166870117188,244.63888549804688
training_set_metastatic_roi_010,4178,0,217.89361572265625,452.32977294921875
training_set_metastatic_roi_010,4180,0,324.72515869140625,901.0592041015625
training_set_metastatic_roi_010,4181,0,350.5,937.125
training_set_metastatic_roi_010,4182,0,289.6000061035156,869.5999755859375
training_set_metastatic_roi_010,4185,9,829.4000244140625,697.4000244140625
training_set_metastatic_roi_010,4186,9,825.25,712.75
training_set_metastatic_roi_010,4188,9,988.875,625.25
training_set_metastatic_roi_010,4202,9,758.0908813476562,206.77272033691406
training_set_metastatic_roi_010,4209,6,929.8975219726562,344.4840393066406
training_set_metastatic_roi_010,4218,0,127.0509262084961,930.8240966796875
training_set_metastatic_roi_010,4219,0,259.8235168457031,1015.3235473632812
training_set_metastatic_roi_010,4221,6,949.4241943359375,261.4171142578125
training_set_metastatic_roi_011,4468,0,647.4857177734375,842.8857421875
training_set_metastatic_roi_011,4583,4,193.5,101.6875
training_set_metastatic_roi_011,4587,0,227.75,944.5
training_set_metastatic_roi_012,4975,0,78.42424011230469,677.3939208984375
training_set_metastatic_roi_012,4983,0,530.1428833007812,311.4285583496094
training_set_metastatic_roi_012,4986,0,638.6842041015625,5.052631378173828
training_set_metastatic_roi_012,4991,0,474.4285583496094,9.428571701049805
training_set_metastatic_roi_012,4992,0,571.9749755859375,625.2000122070312
training_set_metastatic_roi_012,4994,0,161.22500610351562,931.8499755859375
training_set_metastatic_roi_012,4995,0,462.4651184082031,98.3255844116211
training_set_metastatic_roi_012,4998,0,77.90243530273438,238.243896484375
training_set_metastatic_roi_012,5004,0,182.0677947998047,192.0
training_set_metastatic_roi_012,5007,0,93.96078491210938,294.941162109375
training_set_metastatic_roi_012,5009,0,417.9659118652344,557.7386474609375
training_set_metastatic_roi_013,5017,0,419.0,2.0
training_set_metastatic_roi_013,5043,0,333.56756591796875,33.783782958984375
training_set_metastatic_roi_013,5064,0,168.76922607421875,62.80769348144531
training_set_metastatic_roi_013,5074,0,583.1923217773438,78.42308044433594
training_set_metastatic_roi_013,5095,0,702.9444580078125,102.61111450195312
training_set_metastatic_roi_013,5106,0,631.1142578125,120.77143096923828
training_set_metastatic_roi_013,5128,0,115.0,146.26922607421875
training_set_metastatic_roi_013,5138,0,564.9130249023438,155.69564819335938
training_set_metastatic_roi_013,5140,0,124.17500305175781,165.47500610351562
training_set_metastatic_roi_013,5174,0,514.9600219726562,202.0399932861328
training_set_metastatic_roi_013,5200,0,618.8709716796875,234.6774139404297
training_set_metastatic_roi_013,5226,0,588.1621704101562,262.56756591796875
training_set_metastatic_roi_013,5245,0,834.258056640625,288.9677429199219
training_set_metastatic_roi_013,5279,0,820.4500122070312,327.76666259765625
training_set_metastatic_roi_013,5296,0,342.7209167480469,345.1395263671875
training_set_metastatic_roi_013,5301,0,772.4444580078125,349.9259338378906
training_set_metastatic_roi_013,5309,0,328.75,359.40625
training_set_metastatic_roi_013,5356,0,637.0999755859375,416.8500061035156
training_set_metastatic_roi_013,5403,0,923.2857055664062,505.3928527832031
training_set_metastatic_roi_013,5430,0,908.9000244140625,537.2000122070312
training_set_metastatic_roi_013,5444,0,956.6904907226562,554.6190185546875
training_set_metastatic_roi_013,5462,0,252.625,569.75
training_set_metastatic_roi_013,5480,0,994.566650390625,592.6666870117188
training_set_metastatic_roi_013,5481,0,416.3666687011719,598.433349609375
training_set_metastatic_roi_013,5498,0,1020.7777709960938,619.111083984375
training_set_metastatic_roi_013,5510,0,783.3125,633.03125
training_set_metastatic_roi_013,5512,0,926.9375,638.8125
training_set_metastatic_roi_013,5515,0,1003.0487670898438,648.8780517578125
training_set_metastatic_roi_013,5523,0,613.5882568359375,653.2647094726562
training_set_metastatic_roi_013,5525,0,789.0606079101562,659.1212158203125
training_set_metastatic_roi_013,5551,0,608.4000244140625,691.0999755859375
training_set_metastatic_roi_013,5564,0,12.039999961853027,698.5999755859375
training_set_metastatic_roi_013,5575,0,883.125,711.75
training_set_metastatic_roi_013,5579,0,680.47998046875,719.3599853515625
training_set_metastatic_roi_013,5580,1,89.95454406738281,719.727294921875
training_set_metastatic_roi_013,5608,0,366.0,751.25
training_set_metastatic_roi_013,5609,0,661.4000244140625,752.9199829101562
training_set_metastatic_roi_013,5641,0,804.558837890625,795.2647094726562
training_set_metastatic_roi_013,5642,0,879.0606079101562,795.48486328125
training_set_metastatic_roi_013,5644,0,166.60000610351562,795.2999877929688
training_set_metastatic_roi_013,5669,0,1000.727294921875,833.5
training_set_metastatic_roi_013,5670,0,151.04762268066406,833.3333129882812
training_set_metastatic_roi_013,5672,0,170.5,843.5908813476562
training_set_metastatic_roi_013,5695,0,143.92591857910156,876.4815063476562
training_set_metastatic_roi_013,5700,0,864.239990234375,881.1599731445312
training_set_metastatic_roi_013,5713,0,258.1111145019531,904.6666870117188
training_set_metastatic_roi_013,5726,0,449.73077392578125,921.923095703125
training_set_metastatic_roi_013,5749,0,151.95652770996094,955.1304321289062
training_set_metastatic_roi_013,5762,1,1015.1199951171875,971.1599731445312
training_set_metastatic_roi_013,5804,0,305.5555419921875,635.3333129882812
training_set_metastatic_roi_013,5805,0,421.3492126464844,571.6666870117188
training_set_metastatic_roi_013,5807,0,763.272705078125,801.4545288085938
training_set_metastatic_roi_013,5814,7,871.1774291992188,94.40322875976562
training_set_metastatic_roi_013,5817,0,898.0543212890625,285.3369445800781
training_set_metastatic_roi_013,5828,0,838.1818237304688,441.75
training_set_metastatic_roi_013,5835,0,344.08929443359375,528.7321166992188
training_set_metastatic_roi_013,5846,0,801.4745483398438,672.9491577148438
training_set_metastatic_roi_013,5848,0,871.9166870117188,707.4833374023438
training_set_metastatic_roi_013,5858,0,640.6333618164062,456.70001220703125
training_set_metastatic_roi_013,5860,0,706.6097412109375,1000.756103515625
training_set_metastatic_roi_014,5869,0,252.0,2.125
training_set_metastatic_roi_014,5870,0,421.29998779296875,16.266666412353516
training_set_metastatic_roi_014,5971,0,3.9473683834075928,261.15789794921875
training_set_metastatic_roi_014,6055,0,1005.5,484.75
training_set_metastatic_roi_014,6074,9,354.25,521.25
training_set_metastatic_roi_014,6120,9,231.10345458984375,637.6551513671875
training_set_metastatic_roi_014,6165,0,396.5227355957031,772.0
training_set_metastatic_roi_014,6167,0,6.956521511077881,772.478271484375
training_set_metastatic_roi_014,6172,6,988.0277709960938,784.5
training_set_metastatic_roi_014,6177,0,273.7317199707031,796.51220703125
training_set_metastatic_roi_014,6212,0,589.9189453125,873.810791015625
training_set_metastatic_roi_014,6230,0,850.6666870117188,922.9091186523438
training_set_metastatic_roi_014,6273,0,97.59259033203125,995.9629516601562
training_set_metastatic_roi_014,6297,0,738.1538696289062,936.8076782226562
training_set_metastatic_roi_014,6300,0,732.4745483398438,498.16949462890625
training_set_metastatic_roi_014,6305,0,856.2533569335938,184.71844482421875
training_set_metastatic_roi_014,6309,7,685.1068115234375,354.7579345703125
training_set_metastatic_roi_014,6323,0,395.8576965332031,717.5405883789062
training_set_metastatic_roi_014,6333,9,866.2182006835938,555.7091064453125
training_set_metastatic_roi_014,6337,0,781.0384521484375,762.0576782226562
training_set_metastatic_roi_014,6339,0,621.091552734375,636.2042236328125
training_set_metastatic_roi_014,6340,0,669.0578002929688,766.64892578125
training_set_metastatic_roi_015,6410,0,594.28125,210.53125
training_set_metastatic_roi_015,6422,0,3.0833332538604736,249.8333282470703
training_set_metastatic_roi_015,6430,0,653.0645141601562,275.0
training_set_metastatic_roi_015,6503,0,771.8333129882812,579.066650390625
training_set_metastatic_roi_016,6972,0,564.2069091796875,208.55172729492188
training_set_metastatic_roi_016,6975,0,617.9459228515625,251.59458923339844
training_set_metastatic_roi_016,6992,0,666.0322875976562,416.8709716796875
training_set_metastatic_roi_016,6993,6,688.0454711914062,188.34091186523438
training_set_metastatic_roi_016,6994,6,734.0,276.20001220703125
training_set_metastatic_roi_016,7020,6,966.7999877929688,430.8999938964844
training_set_metastatic_roi_017,7026,0,463.5161437988281,11.677419662475586
training_set_metastatic_roi_017,7035,0,909.5882568359375,8.882352828979492
training_set_metastatic_roi_017,7040,0,675.0800170898438,15.079999923706055
training_set_metastatic_roi_017,7042,0,536.2325439453125,21.9069766998291
training_set_metastatic_roi_017,7043,0,706.0399780273438,25.520000457763672
training_set_metastatic_roi_017,7055,0,476.7272644042969,44.05454635620117
training_set_metastatic_roi_017,7069,0,476.75,88.5
training_set_metastatic_roi_017,7100,0,613.2000122070312,112.5999984741211
training_set_metastatic_roi_017,7136,0,268.6785583496094,170.7857208251953
training_set_metastatic_roi_017,7176,0,864.04345703125,250.52174377441406
training_set_metastatic_roi_017,7201,0,786.4210815429688,291.52630615234375
training_set_metastatic_roi_017,7210,0,336.80767822265625,310.9038391113281
training_set_metastatic_roi_017,7233,0,504.4117736816406,342.5
training_set_metastatic_roi_017,7270,0,574.3809814453125,399.6666564941406
training_set_metastatic_roi_017,7291,0,944.3018798828125,444.9433898925781
training_set_metastatic_roi_017,7295,0,362.4693908691406,455.28570556640625
training_set_metastatic_roi_017,7315,0,95.97916412353516,499.0833435058594
training_set_metastatic_roi_017,7319,0,745.760009765625,518.3599853515625
training_set_metastatic_roi_017,7325,0,729.0,516.3142700195312
training_set_metastatic_roi_017,7326,0,188.8378448486328,520.270263671875
training_set_metastatic_roi_017,7345,0,105.5,553.25
training_set_metastatic_roi_017,7352,0,68.95237731933594,565.40478515625
training_set_metastatic_roi_017,7359,0,392.8723449707031,577.2127685546875
training_set_metastatic_roi_017,7368,0,974.2321166992188,590.5357055664062
training_set_metastatic_roi_017,7390,0,279.9864807128906,634.9865112304688
training_set_metastatic_roi_017,7440,0,826.0232543945312,713.5581665039062
training_set_metastatic_roi_017,7456,0,106.39534759521484,736.1162719726562
training_set_metastatic_roi_017,7458,0,354.60870361328125,732.9130249023438
training_set_metastatic_roi_017,7465,1,399.0,747.629638671875
training_set_metastatic_roi_017,7467,0,572.7571411132812,763.0142822265625
training_set_metastatic_roi_017,7520,0,412.6111145019531,861.0
training_set_metastatic_roi_017,7538,0,707.8658447265625,902.8780517578125
training_set_metastatic_roi_017,7546,0,602.0,903.058837890625
training_set_metastatic_roi_017,7547,0,809.362060546875,907.1034545898438
training_set_metastatic_roi_017,7552,0,1015.5714111328125,907.1071166992188
training_set_metastatic_roi_017,7557,0,807.75,923.5
training_set_metastatic_roi_017,7558,0,808.25,924.5
training_set_metastatic_roi_017,7560,0,544.4615478515625,916.576904296875
training_set_metastatic_roi_017,7567,0,696.9000244140625,934.0
training_set_metastatic_roi_017,7568,0,539.6451416015625,936.51611328125
training_set_metastatic_roi_017,7569,0,448.90625,936.5
training_set_metastatic_roi_017,7571,0,726.5789184570312,944.0175170898438
training_set_metastatic_roi_017,7582,0,63.63829803466797,962.3616943359375
training_set_metastatic_roi_017,7591,0,583.1749877929688,977.375
training_set_metastatic_roi_017,7606,0,825.3225708007812,1004.9354858398438
training_set_metastatic_roi_017,7620,0,478.3888854980469,1019.4444580078125
training_set_metastatic_roi_017,7626,0,320.8448181152344,138.98275756835938
training_set_metastatic_roi_017,7631,0,30.91666603088379,120.25
training_set_metastatic_roi_017,7636,0,918.9642944335938,79.30714416503906
training_set_metastatic_roi_017,7651,0,587.7973022460938,461.6486511230469
training_set_metastatic_roi_017,7658,0,546.5972290039062,578.5555419921875
training_set_metastatic_roi_017,7663,0,255.54615783691406,546.076904296875
training_set_metastatic_roi_017,7672,0,82.21428680419922,722.30517578125
training_set_metastatic_roi_017,7673,0,912.4451904296875,858.6781005859375
training_set_metastatic_roi_017,7674,0,895.5,867.2750244140625
training_set_metastatic_roi_017,7675,0,662.2346801757812,823.2958984375
training_set_metastatic_roi_017,7681,0,295.774658203125,987.0985717773438
training_set_metastatic_roi_018,7860,0,17.133333206176758,650.7999877929688
training_set_metastatic_roi_018,7870,0,408.79998779296875,172.39999389648438
training_set_metastatic_roi_018,7874,0,655.3713989257812,205.60000610351562
training_set_metastatic_roi_018,7876,0,452.69232177734375,292.1538391113281
training_set_metastatic_roi_018,7878,0,198.0,634.5
training_set_metastatic_roi_018,7899,0,745.888916015625,1.6666666269302368
training_set_metastatic_roi_018,7915,6,909.0740966796875,166.11111450195312
training_set_metastatic_roi_018,7917,0,181.07691955566406,900.5384521484375
training_set_metastatic_roi_018,7923,0,253.8125,126.33333587646484
training_set_metastatic_roi_018,7926,0,3.0833332538604736,160.25
training_set_metastatic_roi_018,7927,0,673.0968017578125,540.5806274414062
training_set_metastatic_roi_018,7930,0,756.0535888671875,113.42857360839844
training_set_metastatic_roi_018,7931,0,305.6666564941406,229.13888549804688
training_set_metastatic_roi_018,7934,0,26.31884002685547,249.0869598388672
training_set_metastatic_roi_019,8272,0,837.6666870117188,664.8461303710938
training_set_metastatic_roi_019,8284,6,28.183332443237305,389.45001220703125
training_set_metastatic_roi_019,8315,0,92.78378295898438,70.0810775756836
training_set_metastatic_roi_019,8317,0,297.86956787109375,260.5652160644531
training_set_metastatic_roi_019,8321,0,310.97369384765625,627.4473876953125
training_set_metastatic_roi_019,8322,0,875.8571166992188,902.1428833007812
training_set_metastatic_roi_019,8346,0,23.5,634.75
training_set_metastatic_roi_020,8365,0,7.125,14.75
training_set_metastatic_roi_020,8374,0,824.2548828125,22.176469802856445
training_set_metastatic_roi_020,8403,0,902.4385986328125,221.6666717529297
training_set_metastatic_roi_020,8416,9,797.4000244140625,303.20001220703125
training_set_metastatic_roi_020,8434,0,12.068965911865234,413.5517272949219
training_set_metastatic_roi_020,8456,0,587.0465087890625,521.2092895507812
training_set_metastatic_roi_020,8486,0,967.18603515625,662.2092895507812
training_set_metastatic_roi_020,8518,0,680.734375,758.0625
training_set_metastatic_roi_020,8523,0,773.1607055664062,761.7142944335938
training_set_metastatic_roi_020,8579,0,700.6097412109375,929.6097412109375
training_set_metastatic_roi_020,8597,0,370.0799865722656,992.5599975585938
training_set_metastatic_roi_020,8602,0,482.25,1009.6428833007812
training_set_metastatic_roi_020,8610,0,158.11538696289062,324.7115478515625
training_set_metastatic_roi_020,8617,0,430.10809326171875,942.4865112304688
training_set_metastatic_roi_020,8618,0,58.17647171020508,984.313720703125
training_set_metastatic_roi_020,8619,0,629.3319702148438,376.17767333984375
training_set_metastatic_roi_020,8620,9,889.433349609375,418.9291687011719
training_set_metastatic_roi_020,8625,1,275.8809509277344,760.8333129882812
training_set_metastatic_roi_020,8626,0,65.50471496582031,68.00957489013672
training_set_metastatic_roi_020,8630,0,1010.038330078125,132.11753845214844
training_set_metastatic_roi_020,8641,6,133.07142639160156,713.8392944335938
training_set_metastatic_roi_020,8649,0,484.47705078125,877.4249267578125
training_set_metastatic_roi_021,8828,0,365.69232177734375,79.75
training_set_metastatic_roi_021,9039,0,596.1578979492188,228.23684692382812
training_set_metastatic_roi_021,9042,0,89.4375,19.076457977294922
training_set_metastatic_roi_021,9051,0,644.772705078125,4.5
training_set_metastatic_roi_021,9058,0,902.6153564453125,80.64615631103516
training_set_metastatic_roi_021,9061,0,1018.525634765625,111.87179565429688
training_set_metastatic_roi_021,9067,0,840.8809814453125,122.21428680419922
training_set_metastatic_roi_021,9068,0,826.0,170.2181854248047
training_set_metastatic_roi_021,9081,0,210.2786865234375,289.8524475097656
training_set_metastatic_roi_021,9082,0,209.32142639160156,249.92857360839844
training_set_metastatic_roi_021,9084,0,328.34820556640625,238.29464721679688
training_set_metastatic_roi_021,9088,0,503.6153869628906,303.974365234375
training_set_metastatic_roi_021,9120,0,310.9827575683594,452.71844482421875
training_set_metastatic_roi_021,9125,0,138.5,519.5555419921875
training_set_metastatic_roi_021,9158,0,585.4909057617188,707.3818359375
training_set_metastatic_roi_021,9161,0,276.7340393066406,679.9042358398438
training_set_metastatic_roi_021,9180,0,465.1388854980469,730.9444580078125
training_set_metastatic_roi_021,9188,0,260.8970642089844,863.3382568359375
training_set_metastatic_roi_022,9748,0,7.588235378265381,234.94117736816406
training_set_metastatic_roi_022,9770,0,883.9193725585938,114.16129302978516
training_set_metastatic_roi_022,9774,7,302.52630615234375,151.4736785888672
training_set_metastatic_roi_022,9784,9,784.4222412109375,355.8444519042969
training_set_metastatic_roi_022,9820,6,350.2083435058594,202.2291717529297
training_set_metastatic_roi_023,9837,0,126.25926208496094,8.037036895751953
training_set_metastatic_roi_023,9848,0,426.05126953125,20.153846740722656
training_set_metastatic_roi_023,9860,0,985.8699951171875,52.880001068115234
training_set_metastatic_roi_023,9888,0,974.7879028320312,123.09091186523438
training_set_metastatic_roi_023,10206,0,310.1365661621094,110.76508331298828
training_set_metastatic_roi_023,10210,1,1000.9622802734375,172.60377502441406
training_set_metastatic_roi_023,10212,0,793.7857055664062,226.17857360839844
training_set_metastatic_roi_023,10217,0,530.9295654296875,192.6901397705078
training_set_metastatic_roi_023,10219,0,174.1278076171875,232.55245971679688
training_set_metastatic_roi_023,10223,0,400.75640869140625,342.1025695800781
training_set_metastatic_roi_023,10239,0,924.7432250976562,795.5270385742188
training_set_metastatic_roi_023,10240,9,993.3855590820312,828.2891845703125
training_set_metastatic_roi_023,10249,0,188.83096313476562,863.0274047851562
training_set_metastatic_roi_023,10251,0,209.93650817871094,927.4127197265625
training_set_metastatic_roi_024,10312,0,946.0606079101562,824.1716918945312
training_set_metastatic_roi_024,10387,0,509.06817626953125,739.1363525390625
training_set_metastatic_roi_024,10389,0,273.036376953125,414.2363586425781
training_set_metastatic_roi_024,10447,0,194.56666564941406,93.46666717529297
training_set_metastatic_roi_024,10465,0,146.80555725097656,70.83333587646484
training_set_metastatic_roi_024,10466,0,839.1224365234375,108.10204315185547
training_set_metastatic_roi_024,10479,0,666.4390258789062,767.6829223632812
training_set_metastatic_roi_024,10483,9,653.7036743164062,968.0740966796875
training_set_metastatic_roi_024,10485,0,603.719970703125,580.6799926757812
training_set_metastatic_roi_024,10486,0,469.4761962890625,475.0238037109375
training_set_metastatic_roi_024,10487,0,815.94873046875,655.6923217773438
training_set_metastatic_roi_024,10490,0,985.25,151.75
training_set_metastatic_roi_024,10495,0,446.5963439941406,597.1559448242188
training_set_metastatic_roi_024,10497,0,770.6644897460938,552.0032958984375
training_set_metastatic_roi_024,10500,9,317.5094299316406,957.1886596679688
training_set_metastatic_roi_024,10504,0,176.58407592773438,538.2212524414062
training_set_metastatic_roi_024,10507,0,145.60177612304688,221.50442504882812
training_set_metastatic_roi_024,10521,0,679.6458129882812,82.015625
training_set_metastatic_roi_024,10525,0,227.79808044433594,394.6346130371094
training_set_metastatic_roi_025,10550,1,895.047607421875,23.619047164916992
training_set_metastatic_roi_025,10587,1,586.8928833007812,83.46428680419922
training_set_metastatic_roi_025,10630,1,151.15383911132812,155.61538696289062
training_set_metastatic_roi_025,10671,1,160.3913116455078,220.56521606445312
training_set_metastatic_roi_025,10693,0,223.25,244.0
training_set_metastatic_roi_025,10765,1,831.25,392.0833435058594
training_set_metastatic_roi_025,10783,6,735.0,420.4666748046875
training_set_metastatic_roi_025,10786,1,311.1199951171875,429.55999755859375
training_set_metastatic_roi_025,10797,0,772.1514892578125,455.57574462890625
training_set_metastatic_roi_025,10886,6,821.2142944335938,621.1428833007812
training_set_metastatic_roi_025,10928,6,866.4000244140625,680.5999755859375
training_set_metastatic_roi_025,10982,6,976.3499755859375,796.9500122070312
training_set_metastatic_roi_025,11095,1,314.0869445800781,1016.0869750976562
training_set_metastatic_roi_025,11100,0,532.8333129882812,1020.8333129882812
training_set_metastatic_roi_025,11110,1,669.7391357421875,202.69564819335938
training_set_metastatic_roi_025,11113,0,903.3578491210938,372.4313659667969
training_set_metastatic_roi_025,11135,2,86.47222137451172,675.9444580078125
training_set_metastatic_roi_025,11146,6,916.3223876953125,430.1644592285156
training_set_metastatic_roi_025,11149,2,904.5425415039062,87.54255676269531
training_set_metastatic_roi_025,11168,3,1009.9199829101562,316.5199890136719
training_set_metastatic_roi_026,11548,0,95.9259262084961,621.25927734375
training_set_metastatic_roi_026,11578,0,267.3999938964844,26.96666717529297
training_set_metastatic_roi_026,11581,1,326.0833435058594,850.375
training_set_metastatic_roi_026,11590,1,309.0,1017.862060546875
training_set_metastatic_roi_026,11598,3,482.0,653.9222412109375
training_set_metastatic_roi_026,11609,0,928.5999755859375,32.599998474121094
training_set_metastatic_roi_026,11616,1,418.77777099609375,745.7777709960938
training_set_metastatic_roi_026,11630,0,8.372093200683594,149.48837280273438
training_set_metastatic_roi_026,11646,3,317.67901611328125,804.56787109375
training_set_metastatic_roi_026,11648,1,857.1351318359375,365.8648681640625
training_set_metastatic_roi_026,11670,1,497.7391357421875,1004.6956787109375
training_set_metastatic_roi_026,11673,1,502.1153869628906,985.8076782226562
training_set_metastatic_roi_026,11684,1,324.6415100097656,876.8113403320312
training_set_metastatic_roi_026,11685,1,341.4200134277344,888.6599731445312
training_set_metastatic_roi_026,11687,1,480.6341552734375,693.3414916992188
training_set_metastatic_roi_026,11692,1,514.5076904296875,738.046142578125
training_set_metastatic_roi_026,11696,0,665.8571166992188,936.2321166992188
training_set_metastatic_roi_026,11701,1,875.0555419921875,624.0
training_set_metastatic_roi_026,11703,0,866.6210327148438,403.6421203613281
training_set_metastatic_roi_026,11712,0,514.8163452148438,321.8265380859375
training_set_metastatic_roi_026,11723,1,120.0465087890625,777.5814208984375
training_set_metastatic_roi_026,11726,6,31.899999618530273,821.7833251953125
training_set_metastatic_roi_027,11744,9,543.5555419921875,15.833333015441895
training_set_metastatic_roi_027,11746,5,363.29998779296875,23.066667556762695
training_set_metastatic_roi_027,11756,0,198.93548583984375,41.83871078491211
training_set_metastatic_roi_027,11760,9,182.9130401611328,52.69565200805664
training_set_metastatic_roi_027,11764,9,366.5238037109375,62.904762268066406
training_set_metastatic_roi_027,11779,9,220.38095092773438,89.14286041259766
training_set_metastatic_roi_027,11781,9,178.0,91.0
training_set_metastatic_roi_027,11796,3,209.0,112.94999694824219
training_set_metastatic_roi_027,11848,1,358.952392578125,272.4285583496094
training_set_metastatic_roi_027,11853,9,264.1052551269531,277.6842041015625
training_set_metastatic_roi_027,11882,5,1019.7692260742188,344.76922607421875
training_set_metastatic_roi_027,11885,0,694.5357055664062,353.21429443359375
training_set_metastatic_roi_027,11926,5,672.2380981445312,505.0952453613281
training_set_metastatic_roi_027,11984,5,125.05000305175781,684.9500122070312
training_set_metastatic_roi_027,11990,9,1005.772705078125,716.772705078125
training_set_metastatic_roi_027,12028,0,282.3863525390625,853.6818237304688
training_set_metastatic_roi_027,12070,1,819.25,979.8333129882812
training_set_metastatic_roi_027,12071,9,59.11111068725586,981.4444580078125
training_set_metastatic_roi_027,12091,5,56.400001525878906,613.2000122070312
training_set_metastatic_roi_027,12098,5,508.4821472167969,58.76785659790039
training_set_metastatic_roi_027,12131,9,595.1428833007812,76.92857360839844
training_set_metastatic_roi_027,12132,0,661.0725708007812,25.65322494506836
training_set_metastatic_roi_027,12135,5,646.5,63.125
training_set_metastatic_roi_027,12180,9,776.3599853515625,356.32000732421875
training_set_metastatic_roi_027,12184,0,201.24305725097656,426.4750671386719
training_set_metastatic_roi_028,12581,0,224.0,554.8800048828125
training_set_metastatic_roi_028,12677,0,556.4000244140625,205.1999969482422
training_set_metastatic_roi_028,12720,0,837.4615478515625,697.7692260742188
training_set_metastatic_roi_028,12723,4,90.80769348144531,65.23076629638672
training_set_metastatic_roi_028,12727,0,45.4571418762207,885.5142822265625
training_set_metastatic_roi_028,12728,0,23.53125,881.34375
training_set_metastatic_roi_028,12745,1,523.8857421875,639.7142944335938
training_set_metastatic_roi_028,12763,0,512.2911376953125,301.02532958984375
training_set_metastatic_roi_028,12766,0,343.3150634765625,296.1917724609375
training_set_metastatic_roi_028,12767,0,354.5072326660156,260.13043212890625
training_set_metastatic_roi_028,12769,0,68.24073791503906,354.9259338378906
training_set_metastatic_roi_028,12782,1,882.78125,559.59375
training_set_metastatic_roi_028,12790,1,476.20587158203125,90.17646789550781
training_set_metastatic_roi_028,12794,1,938.242431640625,532.0908813476562
training_set_metastatic_roi_028,12803,7,448.7474670410156,120.16161346435547
training_set_metastatic_roi_028,12806,1,265.7550964355469,165.38775634765625
training_set_metastatic_roi_028,12812,0,609.9729614257812,391.7567443847656
training_set_metastatic_roi_028,12817,1,733.477294921875,563.1818237304688
training_set_metastatic_roi_028,12819,1,823.9629516601562,578.7036743164062
training_set_metastatic_roi_029,13020,0,413.3999938964844,300.3999938964844
training_set_metastatic_roi_029,13024,0,347.17242431640625,464.17242431640625
training_set_metastatic_roi_029,13241,0,109.08000183105469,527.760009765625
training_set_metastatic_roi_029,13243,0,497.2368469238281,851.0526123046875
training_set_metastatic_roi_029,13246,0,511.9565124511719,498.2173767089844
training_set_metastatic_roi_029,13282,0,439.3214416503906,625.9642944335938
training_set_metastatic_roi_029,13289,0,628.631591796875,6.1052632331848145
training_set_metastatic_roi_029,13317,0,604.3499755859375,548.25
training_set_metastatic_roi_029,13339,0,626.25,488.75
training_set_metastatic_roi_029,13341,0,533.46875,427.84375
training_set_metastatic_roi_029,13352,0,694.242431640625,366.242431640625
training_set_metastatic_roi_029,13364,0,36.459999084472656,638.7999877929688
training_set_metastatic_roi_030,13409,0,110.94117736816406,27.52941131591797
training_set_metastatic_roi_030,13422,0,19.264705657958984,50.35293960571289
training_set_metastatic_roi_030,13444,9,482.4375,74.1875
training_set_metastatic_roi_030,13460,0,652.2307739257812,97.5
training_set_metastatic_roi_030,13474,0,907.25927734375,123.70370483398438
training_set_metastatic_roi_030,13481,0,751.2249755859375,145.52499389648438
training_set_metastatic_roi_030,13493,0,809.0,155.03846740722656
training_set_metastatic_roi_030,13508,0,426.3999938964844,172.56666564941406
training_set_metastatic_roi_030,13523,0,586.3076782226562,195.64102172851562
training_set_metastatic_roi_030,13547,0,252.07894897460938,225.2894744873047
training_set_metastatic_roi_030,13555,0,557.368408203125,230.42105102539062
training_set_metastatic_roi_030,13597,0,578.774169921875,295.19354248046875
training_set_metastatic_roi_030,13613,0,666.5484008789062,322.2903137207031
training_set_metastatic_roi_030,13656,0,388.629638671875,388.8148193359375
training_set_metastatic_roi_030,13685,1,794.8400268554688,418.0799865722656
training_set_metastatic_roi_030,13707,0,892.3793334960938,463.0
training_set_metastatic_roi_030,13720,0,613.9302368164062,468.0465087890625
training_set_metastatic_roi_030,13745,0,259.3928527832031,510.6428527832031
training_set_metastatic_roi_030,13764,0,508.77777099609375,552.0
training_set_metastatic_roi_030,13781,0,117.97058868408203,577.88232421875
training_set_metastatic_roi_030,13854,1,413.1428527832031,664.028564453125
training_set_metastatic_roi_030,13858,1,386.7894592285156,670.4210815429688
training_set_metastatic_roi_030,13864,0,327.19049072265625,678.1428833007812
training_set_metastatic_roi_030,13870,0,381.6785583496094,685.7142944335938
training_set_metastatic_roi_030,13913,9,757.625,740.75
training_set_metastatic_roi_030,13923,9,769.7692260742188,749.6153564453125
training_set_metastatic_roi_030,13945,0,502.1333312988281,781.5
training_set_metastatic_roi_030,14019,0,957.71875,898.125
training_set_metastatic_roi_030,14055,0,948.0,951.7647094726562
training_set_metastatic_roi_030,14092,0,669.2069091796875,1013.6206665039062
training_set_metastatic_roi_030,14099,0,74.40789794921875,40.06578826904297
training_set_metastatic_roi_030,14100,0,326.13580322265625,43.38271713256836
training_set_metastatic_roi_030,14102,0,572.125,151.3249969482422
training_set_metastatic_roi_030,14104,0,726.2307739257812,815.0384521484375
training_set_metastatic_roi_030,14136,0,468.5961608886719,891.673095703125
training_set_metastatic_roi_031,14219,0,988.6216430664062,197.55404663085938
training_set_metastatic_roi_031,14321,0,587.8643798828125,280.2033996582031
training_set_metastatic_roi_031,14368,0,266.25,728.9318237304688
training_set_metastatic_roi_031,14372,0,311.28570556640625,229.25714111328125
training_set_metastatic_roi_031,14377,0,632.443603515625,823.2255859375
training_set_metastatic_roi_032,14397,0,8.105262756347656,27.473684310913086
training_set_metastatic_roi_032,14447,0,516.4339599609375,213.132080078125
training_set_metastatic_roi_032,14500,0,168.59524536132812,396.71429443359375
training_set_metastatic_roi_032,14501,1,648.8148193359375,398.22222900390625
training_set_metastatic_roi_032,14516,6,1020.8181762695312,426.9090881347656
training_set_metastatic_roi_032,14632,1,554.4615478515625,791.6153564453125
training_set_metastatic_roi_032,14660,1,753.8695678710938,833.95654296875
training_set_metastatic_roi_032,14752,0,105.21428680419922,9.821428298950195
training_set_metastatic_roi_032,14756,0,76.67105102539062,552.1710815429688
training_set_metastatic_roi_032,14766,0,357.1590881347656,342.8863525390625
training_set_metastatic_roi_032,14767,1,328.9166564941406,106.33333587646484
training_set_metastatic_roi_032,14797,0,262.33953857421875,42.02523422241211
training_set_metastatic_roi_032,14800,1,516.3787231445312,158.3545379638672
training_set_metastatic_roi_032,14807,0,600.37255859375,397.9607849121094
training_set_metastatic_roi_032,14809,0,617.8239135742188,459.0220031738281
training_set_metastatic_roi_033,14914,0,571.5660400390625,592.0377197265625
training_set_metastatic_roi_033,15019,4,181.4776153564453,226.59701538085938
training_set_metastatic_roi_033,15025,0,70.35713958740234,63.095237731933594
training_set_metastatic_roi_033,15028,0,713.4571533203125,58.371429443359375
training_set_metastatic_roi_033,15030,0,311.93939208984375,846.757568359375
training_set_metastatic_roi_033,15048,0,18.19444465637207,48.90277862548828
training_set_metastatic_roi_033,15084,0,436.6000061035156,750.4000244140625
training_set_metastatic_roi_034,15096,0,4.357142925262451,5.357142925262451
training_set_metastatic_roi_034,15245,0,211.64515686035156,413.1612854003906
training_set_metastatic_roi_034,15261,0,126.86206817626953,464.9310302734375
training_set_metastatic_roi_034,15264,0,462.3333435058594,467.6000061035156
training_set_metastatic_roi_034,15287,0,892.6774291992188,523.6774291992188
training_set_metastatic_roi_034,15324,0,356.3125,603.625
training_set_metastatic_roi_034,15447,1,546.3846435546875,1017.3076782226562
training_set_metastatic_roi_034,15454,0,1021.1714477539062,734.5428466796875
training_set_metastatic_roi_034,15461,0,845.8666381835938,63.11111068725586
training_set_metastatic_roi_034,15472,2,95.67346954345703,458.8365173339844
training_set_metastatic_roi_035,15742,0,216.0625,121.375
training_set_metastatic_roi_035,15747,0,250.2608642578125,878.5652465820312
training_set_metastatic_roi_035,15757,0,849.8038940429688,727.4117431640625
training_set_metastatic_roi_035,15760,0,797.5172119140625,281.2758483886719
training_set_metastatic_roi_035,15761,0,127.84210205078125,97.78947448730469
training_set_metastatic_roi_035,15762,0,942.1363525390625,516.1363525390625
training_set_metastatic_roi_035,15764,0,265.3902587890625,304.0
training_set_metastatic_roi_035,15766,0,449.258056640625,410.3548278808594
training_set_metastatic_roi_035,15767,0,260.60870361328125,653.9130249023438
training_set_metastatic_roi_035,15769,0,244.89654541015625,327.96551513671875
training_set_metastatic_roi_036,15849,1,1.3333333730697632,161.11111450195312
training_set_metastatic_roi_036,15865,1,135.72413635253906,187.9310302734375
training_set_metastatic_roi_036,15881,0,770.1212158203125,235.0
training_set_metastatic_roi_036,15968,1,3.1818182468414307,444.18182373046875
training_set_metastatic_roi_036,15985,1,16.600000381469727,493.79998779296875
training_set_metastatic_roi_036,15992,6,1014.631591796875,511.2631530761719
training_set_metastatic_roi_036,16116,4,331.13043212890625,736.021728515625
training_set_metastatic_roi_036,16137,4,314.1111145019531,768.3555297851562
training_set_metastatic_roi_036,16201,1,363.25,872.0833129882812
training_set_metastatic_roi_036,16209,1,538.75,885.25
training_set_metastatic_roi_036,16265,0,846.4418334960938,978.1627807617188
training_set_metastatic_roi_036,16304,0,932.1875,1017.3125
training_set_metastatic_roi_036,16309,0,895.4000244140625,1020.066650390625
training_set_metastatic_roi_036,16311,1,102.0,1021.375
training_set_metastatic_roi_036,16320,0,195.51559448242188,227.9199981689453
training_set_metastatic_roi_036,16321,0,789.9794311523438,393.47259521484375
training_set_metastatic_roi_036,16328,4,74.86672973632812,293.9332580566406
training_set_metastatic_roi_036,16342,0,996.6458129882812,734.2291870117188
training_set_metastatic_roi_037,16805,0,4.82608699798584,692.7825927734375
training_set_metastatic_roi_037,16813,0,530.88232421875,190.1764678955078
training_set_metastatic_roi_037,16819,1,535.25,552.5
training_set_metastatic_roi_037,16820,1,549.4000244140625,549.5999755859375
training_set_metastatic_roi_037,16835,0,967.3666381835938,206.61111450195312
training_set_metastatic_roi_037,16844,1,1021.7333374023438,582.8666381835938
training_set_metastatic_roi_037,16846,1,272.120361328125,420.02777099609375
training_set_metastatic_roi_037,16847,0,377.50616455078125,251.5802459716797
training_set_metastatic_roi_037,16873,6,6.2936506271362305,936.3015747070312
training_set_metastatic_roi_037,16875,0,207.37974548339844,514.658203125
training_set_metastatic_roi_038,17163,0,173.11627197265625,656.6976928710938
training_set_metastatic_roi_038,17214,0,147.34146118164062,511.243896484375
training_set_metastatic_roi_038,17305,0,259.83782958984375,831.45947265625
training_set_metastatic_roi_038,17336,0,509.8571472167969,39.14285659790039
training_set_metastatic_roi_038,17382,0,970.4000244140625,580.7999877929688
training_set_metastatic_roi_039,17388,0,198.03846740722656,8.538461685180664
training_set_metastatic_roi_039,17392,0,429.0869445800781,6.130434989929199
training_set_metastatic_roi_039,17400,0,762.8333129882812,3.1666667461395264
training_set_metastatic_roi_039,17414,0,83.04878234863281,28.560976028442383
training_set_metastatic_roi_039,17415,0,615.933349609375,26.566667556762695
training_set_metastatic_roi_039,17418,0,930.8333129882812,21.16666603088379
training_set_metastatic_roi_039,17433,0,473.8939514160156,64.69696807861328
training_set_metastatic_roi_039,17441,0,880.729736328125,68.29729461669922
training_set_metastatic_roi_039,17468,0,819.6875,112.34375
training_set_metastatic_roi_039,17523,0,988.7391357421875,196.95652770996094
training_set_metastatic_roi_039,17527,0,634.03125,208.25
training_set_metastatic_roi_039,17568,9,967.0357055664062,280.71429443359375
training_set_metastatic_roi_039,17596,0,791.4705810546875,320.4705810546875
training_set_metastatic_roi_039,17600,0,617.75,335.25
training_set_metastatic_roi_039,17603,0,403.6000061035156,344.79998779296875
training_set_metastatic_roi_039,17605,0,749.2857055664062,337.8571472167969
training_set_metastatic_roi_039,17611,0,738.6500244140625,348.75
training_set_metastatic_roi_039,17614,0,544.1282348632812,351.1025695800781
training_set_metastatic_roi_039,17645,0,961.1395263671875,406.5813903808594
training_set_metastatic_roi_039,17656,0,361.79412841796875,427.058837890625
training_set_metastatic_roi_039,17672,0,975.4761962890625,450.4761962890625
training_set_metastatic_roi_039,17676,0,155.14285278320312,468.8571472167969
training_set_metastatic_roi_039,17696,9,808.4210815429688,488.8947448730469
training_set_metastatic_roi_039,17711,9,937.0800170898438,521.3599853515625
training_set_metastatic_roi_039,17744,0,106.19999694824219,578.5999755859375
training_set_metastatic_roi_039,17754,0,11.30434799194336,587.1738891601562
training_set_metastatic_roi_039,17757,0,418.242431640625,590.51513671875
training_set_metastatic_roi_039,17772,0,673.0188598632812,622.660400390625
training_set_metastatic_roi_039,17779,0,166.09756469726562,641.5609741210938
training_set_metastatic_roi_039,17785,9,855.6666870117188,631.7333374023438
training_set_metastatic_roi_039,17795,0,48.71428680419922,654.5714111328125
training_set_metastatic_roi_039,17796,9,954.0333251953125,660.0
training_set_metastatic_roi_039,17818,9,1020.1666870117188,683.0833129882812
training_set_metastatic_roi_039,17824,0,375.8723449707031,697.5531616210938
training_set_metastatic_roi_039,17841,9,935.2000122070312,723.4500122070312
training_set_metastatic_roi_039,17842,9,847.2105102539062,724.73681640625
training_set_metastatic_roi_039,17845,0,683.8529663085938,729.441162109375
training_set_metastatic_roi_039,17890,9,937.5999755859375,815.028564453125
training_set_metastatic_roi_039,17928,0,984.5908813476562,889.3181762695312
training_set_metastatic_roi_039,17940,0,27.319149017333984,913.7872314453125
training_set_metastatic_roi_039,17965,0,1020.4444580078125,962.2222290039062
training_set_metastatic_roi_039,17967,0,450.4285583496094,968.1224365234375
training_set_metastatic_roi_039,17986,0,990.3793334960938,1000.2069091796875
training_set_metastatic_roi_039,17996,0,717.2000122070312,1013.7999877929688
training_set_metastatic_roi_039,17999,0,469.1764831542969,1016.4117431640625
training_set_metastatic_roi_039,18014,0,279.74627685546875,379.4029846191406
training_set_metastatic_roi_039,18015,0,285.1380920410156,410.1000061035156
training_set_metastatic_roi_039,18016,0,290.4634094238281,631.0
training_set_metastatic_roi_039,18026,0,360.6373596191406,370.0659484863281
training_set_metastatic_roi_039,18032,0,749.9697265625,475.1515197753906
training_set_metastatic_roi_039,18035,0,739.647705078125,744.102294921875
training_set_metastatic_roi_039,18050,0,282.2592468261719,219.6666717529297
training_set_metastatic_roi_039,18058,0,907.756103515625,234.0487823486328
training_set_metastatic_roi_039,18072,0,245.84573364257812,783.024658203125
training_set_metastatic_roi_039,18077,0,323.4710693359375,962.0247802734375
training_set_metastatic_roi_040,18273,0,57.588233947753906,439.6470642089844
training_set_metastatic_roi_040,18297,0,437.80767822265625,377.73077392578125
training_set_metastatic_roi_040,18332,0,631.8214111328125,964.5
training_set_metastatic_roi_040,18341,7,403.24139404296875,526.8275756835938
training_set_metastatic_roi_040,18345,0,366.1176452636719,382.23529052734375
training_set_metastatic_roi_040,18347,0,502.3999938964844,209.39999389648438
training_set_metastatic_roi_040,18352,0,572.3250122070312,423.375
training_set_metastatic_roi_040,18355,0,899.7999877929688,421.6000061035156
training_set_metastatic_roi_040,18356,0,316.6666564941406,942.8666381835938
training_set_metastatic_roi_040,18358,0,59.3870964050293,994.8386840820312
training_set_metastatic_roi_040,18359,0,545.4390258789062,419.07318115234375
training_set_metastatic_roi_040,18362,0,751.3548583984375,797.8870849609375
training_set_metastatic_roi_041,18629,0,174.25,856.5
training_set_metastatic_roi_041,18678,0,12.625,251.28125
training_set_metastatic_roi_041,18694,0,97.4000015258789,877.3200073242188
training_set_metastatic_roi_041,18699,0,128.75,625.1071166992188
training_set_metastatic_roi_041,18719,0,505.4711608886719,18.855770111083984
training_set_metastatic_roi_041,18743,0,1016.6666870117188,195.2083282470703
training_set_metastatic_roi_041,18752,1,418.1842041015625,174.5
training_set_metastatic_roi_041,18783,0,879.7470703125,659.941162109375
training_set_metastatic_roi_041,18784,0,898.6304321289062,663.4202880859375
training_set_metastatic_roi_041,18844,0,945.6097412109375,396.6585388183594
training_set_metastatic_roi_041,18883,0,19.911291122436523,823.8386840820312
training_set_metastatic_roi_041,18891,4,687.0333251953125,814.9666748046875
training_set_metastatic_roi_041,18895,0,241.42222595214844,971.6859741210938
training_set_metastatic_roi_041,18902,6,876.8589477539062,990.8333129882812
training_set_metastatic_roi_042,19102,0,58.57575607299805,144.5454559326172
training_set_metastatic_roi_042,19255,0,223.8709716796875,467.241943359375
training_set_metastatic_roi_042,19284,0,13.183098793029785,17.788732528686523
training_set_metastatic_roi_042,19293,0,249.83181762695312,79.45454406738281
training_set_metastatic_roi_042,19300,0,621.3775634765625,66.01020050048828
training_set_metastatic_roi_042,19301,0,654.3552856445312,18.447368621826172
training_set_metastatic_roi_042,19303,0,717.772705078125,69.84343719482422
training_set_metastatic_roi_042,19305,0,1017.2453002929688,78.24528503417969
training_set_metastatic_roi_042,19324,0,946.111083984375,1019.7777709960938
training_set_metastatic_roi_042,19338,0,189.6210479736328,419.4105224609375
training_set_metastatic_roi_042,19340,0,198.54730224609375,159.5878448486328
training_set_metastatic_roi_042,19342,0,373.0555419921875,175.52777099609375
training_set_metastatic_roi_042,19346,0,244.06541442871094,390.6214904785156
training_set_metastatic_roi_042,19350,0,373.45947265625,434.52703857421875
training_set_metastatic_roi_042,19353,0,267.07208251953125,840.828857421875
training_set_metastatic_roi_042,19355,0,250.9852294921875,878.933349609375
training_set_metastatic_roi_042,19356,0,194.02667236328125,959.7733154296875
training_set_metastatic_roi_042,19366,0,936.1124877929688,123.91874694824219
training_set_metastatic_roi_042,19375,0,868.2951049804688,152.5901641845703
training_set_metastatic_roi_042,19386,0,798.7304077148438,819.602783203125
training_set_metastatic_roi_042,19387,0,711.4185791015625,814.4185791015625
training_set_metastatic_roi_043,19394,0,583.5384521484375,9.15384578704834
training_set_metastatic_roi_043,19431,6,821.0,243.76470947265625
training_set_metastatic_roi_043,19445,0,834.4166870117188,313.5416564941406
training_set_metastatic_roi_043,19466,0,335.906982421875,413.2558288574219
training_set_metastatic_roi_043,19473,0,746.1738891601562,442.521728515625
training_set_metastatic_roi_043,19479,0,1020.3529663085938,461.70587158203125
training_set_metastatic_roi_043,19490,0,957.9285888671875,521.0238037109375
training_set_metastatic_roi_043,19500,0,586.74072265625,570.0
training_set_metastatic_roi_043,19612,0,102.0,1017.4091186523438
training_set_metastatic_roi_043,19619,6,961.3614501953125,159.51806640625
training_set_metastatic_roi_043,19624,0,81.59344482421875,303.8865661621094
training_set_metastatic_roi_043,19626,6,689.6195068359375,99.75160217285156
training_set_metastatic_roi_043,19630,0,716.2429809570312,358.9532775878906
training_set_metastatic_roi_043,19631,0,691.8060302734375,281.3146667480469
training_set_metastatic_roi_044,19655,0,1012.1923217773438,12.65384578704834
training_set_metastatic_roi_044,19661,0,1014.521728515625,28.173913955688477
training_set_metastatic_roi_044,19663,0,962.5399780273438,32.86000061035156
training_set_metastatic_roi_044,19667,0,818.9666748046875,42.56666564941406
training_set_metastatic_roi_044,19676,0,638.9354858398438,57.290321350097656
training_set_metastatic_roi_044,19698,0,694.6551513671875,102.55172729492188
training_set_metastatic_roi_044,19701,0,497.70001220703125,115.05000305175781
training_set_metastatic_roi_044,19705,0,5.714285850524902,119.76190185546875
training_set_metastatic_roi_044,19707,0,531.4285888671875,133.03175354003906
training_set_metastatic_roi_044,19739,0,617.6470336914062,215.64706420898438
training_set_metastatic_roi_044,19779,0,7.960000038146973,310.44000244140625
training_set_metastatic_roi_044,19813,6,705.2307739257812,425.1794738769531
training_set_metastatic_roi_044,19841,3,633.0689697265625,505.5517272949219
training_set_metastatic_roi_044,19845,0,2.799999952316284,507.79998779296875
training_set_metastatic_roi_044,19870,3,832.2222290039062,574.9166870117188
training_set_metastatic_roi_044,19877,1,1020.4666748046875,589.5999755859375
training_set_metastatic_roi_044,19884,3,955.6666870117188,608.433349609375
training_set_metastatic_roi_044,19895,0,639.8400268554688,632.9600219726562
training_set_metastatic_roi_044,19898,3,947.6799926757812,627.4000244140625
training_set_metastatic_roi_044,19908,0,387.4222106933594,652.3110961914062
training_set_metastatic_roi_044,19912,0,63.19512176513672,655.0244140625
training_set_metastatic_roi_044,19921,1,785.2916870117188,665.5
training_set_metastatic_roi_044,19923,3,926.780029296875,672.239990234375
training_set_metastatic_roi_044,19925,0,274.6271057128906,684.559326171875
training_set_metastatic_roi_044,19970,0,276.6571350097656,785.3428344726562
training_set_metastatic_roi_044,19983,1,967.0833129882812,794.9583129882812
training_set_metastatic_roi_044,20001,3,750.971435546875,856.1857299804688
training_set_metastatic_roi_044,20021,0,89.0,879.6774291992188
training_set_metastatic_roi_044,20029,0,571.3589477539062,913.1282348632812
training_set_metastatic_roi_044,20068,0,23.586206436157227,1008.6896362304688
training_set_metastatic_roi_044,20076,0,165.14285278320312,1017.4285888671875
training_set_metastatic_roi_044,20079,0,465.80657958984375,148.93931579589844
training_set_metastatic_roi_044,20083,0,387.4358825683594,126.43589782714844
training_set_metastatic_roi_044,20084,0,716.3928833007812,349.03570556640625
training_set_metastatic_roi_044,20088,3,891.3857421875,801.2571411132812
training_set_metastatic_roi_044,20092,0,183.19886779785156,40.56177520751953
training_set_metastatic_roi_044,20098,0,506.37255859375,313.1960754394531
training_set_metastatic_roi_044,20100,6,933.0454711914062,310.5909118652344
training_set_metastatic_roi_044,20102,6,782.3295288085938,420.3579406738281
training_set_metastatic_roi_044,20103,0,623.9405517578125,452.761962890625
training_set_metastatic_roi_044,20107,0,176.525634765625,435.28204345703125
training_set_metastatic_roi_044,20111,0,455.6214294433594,751.9357299804688
training_set_metastatic_roi_044,20116,0,270.6730651855469,1009.5384521484375
training_set_metastatic_roi_044,20119,6,531.1129150390625,922.0645141601562
training_set_metastatic_roi_045,20292,0,437.1697998046875,463.54718017578125
training_set_metastatic_roi_045,20391,0,236.17857360839844,279.46429443359375
training_set_metastatic_roi_045,20397,0,973.5999755859375,194.9499969482422
training_set_metastatic_roi_045,20400,0,400.4666748046875,457.3555603027344
training_set_metastatic_roi_045,20405,0,316.1388854980469,478.4166564941406
training_set_metastatic_roi_045,20407,0,723.6470336914062,709.7647094726562
training_set_metastatic_roi_045,20416,0,767.0,106.7368392944336
training_set_metastatic_roi_045,20417,0,854.40478515625,425.19049072265625
training_set_metastatic_roi_045,20419,0,30.305084228515625,931.8305053710938
training_set_metastatic_roi_045,20420,0,330.9032287597656,937.6451416015625
training_set_metastatic_roi_046,20447,0,647.4615478515625,2.461538553237915
training_set_metastatic_roi_046,20561,0,269.6499938964844,259.70001220703125
training_set_metastatic_roi_046,20589,0,930.2069091796875,346.10345458984375
training_set_metastatic_roi_046,20646,1,28.049999237060547,514.5
training_set_metastatic_roi_046,20676,0,647.625,580.3125
training_set_metastatic_roi_046,20683,1,332.75,592.0625
training_set_metastatic_roi_046,20687,1,314.8666687011719,605.7333374023438
training_set_metastatic_roi_046,20688,0,635.280029296875,607.239990234375
training_set_metastatic_roi_046,20691,0,807.6896362304688,609.2413940429688
training_set_metastatic_roi_046,20695,9,396.6190490722656,614.7619018554688
training_set_metastatic_roi_046,20696,0,656.3125,623.71875
training_set_metastatic_roi_046,20739,1,870.2307739257812,744.1923217773438
training_set_metastatic_roi_046,20793,1,927.6923217773438,882.0
training_set_metastatic_roi_046,20824,6,340.0,968.0625
training_set_metastatic_roi_046,20882,5,884.5972290039062,157.8541717529297
training_set_metastatic_roi_047,21156,6,647.25,310.5
training_set_metastatic_roi_047,21229,1,82.05555725097656,898.0
training_set_metastatic_roi_047,21264,0,491.9375,475.1875
training_set_metastatic_roi_047,21293,1,356.67742919921875,164.35484313964844
training_set_metastatic_roi_047,21304,1,725.7115478515625,81.94230651855469
training_set_metastatic_roi_047,21330,0,555.887939453125,835.836181640625
training_set_metastatic_roi_047,21335,1,720.3194580078125,14.88888931274414
training_set_metastatic_roi_047,21338,2,811.1527709960938,56.48611068725586
training_set_metastatic_roi_047,21341,1,40.17647171020508,304.4705810546875
training_set_metastatic_roi_047,21346,1,46.09090805053711,777.772705078125
training_set_metastatic_roi_047,21354,9,452.8666687011719,384.70001220703125
training_set_metastatic_roi_047,21359,3,979.1346435546875,640.0961303710938
training_set_metastatic_roi_047,21361,6,981.26318359375,409.631591796875
training_set_metastatic_roi_048,21384,0,360.20001220703125,137.39999389648438
training_set_metastatic_roi_048,21465,4,234.6086883544922,82.50724792480469
training_set_metastatic_roi_048,21475,0,366.82977294921875,198.7872314453125
training_set_metastatic_roi_048,21478,0,393.19049072265625,165.09524536132812
training_set_metastatic_roi_048,21484,0,202.0,200.9600067138672
training_set_metastatic_roi_048,21494,0,582.1290283203125,329.6451721191406
training_set_metastatic_roi_048,21495,0,593.328369140625,274.1194152832031
training_set_metastatic_roi_048,21501,0,637.4816284179688,78.7935791015625
training_set_metastatic_roi_048,21508,0,924.75,134.25
training_set_metastatic_roi_048,21509,0,925.5999755859375,135.60000610351562
training_set_metastatic_roi_048,21512,0,817.3854370117188,288.4895935058594
training_set_metastatic_roi_048,21547,0,700.986083984375,998.8194580078125
training_set_metastatic_roi_048,21550,0,707.2105102539062,961.4078979492188
training_set_metastatic_roi_048,21574,4,92.32499694824219,703.4749755859375
training_set_metastatic_roi_048,21584,0,221.88571166992188,458.79998779296875
training_set_metastatic_roi_048,21591,0,894.1694946289062,179.9322052001953
training_set_metastatic_roi_048,21594,0,731.227294921875,203.15908813476562
training_set_metastatic_roi_048,21602,0,335.2793884277344,488.15521240234375
training_set_metastatic_roi_048,21641,0,59.55421829223633,576.3283081054688
training_set_metastatic_roi_048,21643,0,763.559326171875,130.4915313720703
training_set_metastatic_roi_048,21652,0,955.6599731445312,782.2000122070312
training_set_metastatic_roi_048,21653,0,844.1923217773438,790.3846435546875
training_set_metastatic_roi_048,21659,0,193.7058868408203,579.6764526367188
training_set_metastatic_roi_048,21666,0,537.6923217773438,463.76922607421875
training_set_metastatic_roi_048,21691,0,223.98936462402344,537.2036743164062
training_set_metastatic_roi_048,21695,4,723.8727416992188,753.92724609375
training_set_metastatic_roi_048,21701,4,548.4605102539062,633.1907958984375
training_set_metastatic_roi_049,21927,0,151.0,907.5
training_set_metastatic_roi_049,21942,0,426.18182373046875,618.3636474609375
training_set_metastatic_roi_049,21963,6,181.48275756835938,435.4827575683594
training_set_metastatic_roi_049,22013,6,904.5,893.25
training_set_metastatic_roi_049,22035,6,820.3846435546875,319.0769348144531
training_set_metastatic_roi_049,22039,0,617.8863525390625,407.1136474609375
training_set_metastatic_roi_049,22043,0,645.45556640625,521.1666870117188
training_set_metastatic_roi_050,22089,1,998.6896362304688,18.931034088134766
training_set_metastatic_roi_050,22120,1,907.4210815429688,78.52631378173828
training_set_metastatic_roi_050,22144,1,904.4761962890625,124.47618865966797
training_set_metastatic_roi_050,22165,3,1013.47998046875,162.9600067138672
training_set_metastatic_roi_050,22227,3,627.95654296875,301.7391357421875
training_set_metastatic_roi_050,22292,3,847.5454711914062,408.7272644042969
training_set_metastatic_roi_050,22336,0,520.11767578125,495.0
training_set_metastatic_roi_050,22361,0,190.84375,533.15625
training_set_metastatic_roi_050,22366,1,82.0,534.125
training_set_metastatic_roi_050,22395,1,582.3200073242188,579.6400146484375
training_set_metastatic_roi_050,22401,1,753.611083984375,586.1666870117188
training_set_metastatic_roi_050,22440,0,592.5,651.5999755859375
training_set_metastatic_roi_050,22448,1,857.0,663.4166870117188
training_set_metastatic_roi_050,22485,6,994.9285888671875,764.6428833007812
training_set_metastatic_roi_050,22511,3,1006.1578979492188,821.73681640625
training_set_metastatic_roi_050,22546,1,1019.0,914.3333129882812
training_set_metastatic_roi_050,22593,3,835.25,479.45001220703125
training_set_metastatic_roi_050,22597,7,950.0350952148438,881.7719116210938
training_set_metastatic_roi_050,22606,1,957.3404541015625,380.0851135253906
training_set_metastatic_roi_050,22612,1,967.729736328125,493.3783874511719
training_set_metastatic_roi_050,22616,0,111.57353210449219,681.13232421875
training_set_metastatic_roi_050,22620,0,819.69677734375,879.1707153320312
training_set_metastatic_roi_050,22627,3,936.7916870117188,83.85416412353516
training_set_metastatic_roi_050,22630,3,985.1153564453125,621.7692260742188
training_set_metastatic_roi_051,23146,0,295.4666748046875,66.06666564941406
training_set_metastatic_roi_051,23180,0,95.16363525390625,895.0908813476562
training_set_metastatic_roi_051,23222,0,676.2000122070312,647.4000244140625
training_set_metastatic_roi_051,23224,0,678.125,600.75
training_set_metastatic_roi_051,23248,0,320.3457336425781,154.3642578125
training_set_metastatic_roi_051,23250,0,439.234375,58.203125
training_set_metastatic_roi_051,23276,0,807.5,185.25
training_set_metastatic_roi_051,23301,0,949.4000244140625,562.7999877929688
training_set_metastatic_roi_051,23313,0,839.0833129882812,419.29998779296875
training_set_metastatic_roi_051,23367,0,665.743896484375,442.6402587890625
training_set_metastatic_roi_051,23380,0,933.25,974.5
training_set_metastatic_roi_051,23386,0,926.3541870117188,354.7291564941406
training_set_metastatic_roi_051,23406,0,936.4000244140625,532.4000244140625
training_set_metastatic_roi_051,23408,0,426.67242431640625,578.0516967773438
training_set_metastatic_roi_052,23658,0,922.7548828125,682.3921508789062
training_set_metastatic_roi_052,23773,9,817.203369140625,323.8644104003906
training_set_metastatic_roi_052,23803,0,411.5,1.5
training_set_metastatic_roi_052,23807,0,593.0833129882812,273.625
training_set_metastatic_roi_052,23820,1,379.8611145019531,943.888916015625
training_set_metastatic_roi_052,23825,1,263.9166564941406,936.4722290039062
training_set_metastatic_roi_052,23832,1,142.0,132.64865112304688
training_set_metastatic_roi_052,23836,1,223.88888549804688,106.69444274902344
training_set_metastatic_roi_052,23840,1,282.23809814453125,919.5714111328125
training_set_metastatic_roi_052,23849,0,965.5471801757812,244.5471649169922
training_set_metastatic_roi_052,23854,1,137.65383911132812,941.2884521484375
training_set_metastatic_roi_052,23856,1,2.5217392444610596,900.9130249023438
training_set_metastatic_roi_052,23859,1,237.0416717529297,843.3125
training_set_metastatic_roi_052,23864,0,517.7091674804688,1004.9219360351562
training_set_metastatic_roi_052,23883,1,359.2794189453125,842.8038330078125
training_set_metastatic_roi_053,23944,0,354.5294189453125,107.70587921142578
training_set_metastatic_roi_053,23950,0,326.8604736328125,112.3255844116211
training_set_metastatic_roi_053,24034,0,916.0,288.6000061035156
training_set_metastatic_roi_053,24084,0,356.89794921875,408.4285583496094
training_set_metastatic_roi_053,24140,0,887.5357055664062,520.7857055664062
training_set_metastatic_roi_053,24147,0,4.875,530.625
training_set_metastatic_roi_053,24172,0,444.3955993652344,587.1318969726562
training_set_metastatic_roi_053,24386,0,585.9655151367188,113.6551742553711
training_set_metastatic_roi_053,24392,0,453.2786865234375,304.2622985839844
training_set_metastatic_roi_053,24415,0,928.74560546875,938.3245849609375
training_set_metastatic_roi_053,24416,0,233.95523071289062,998.7014770507812
training_set_metastatic_roi_054,24764,0,992.1428833007812,345.05712890625
training_set_metastatic_roi_054,24773,0,704.90478515625,458.80950927734375
training_set_metastatic_roi_054,24791,1,715.111083984375,296.5555419921875
training_set_metastatic_roi_054,24806,7,638.6666870117188,263.13043212890625
training_set_metastatic_roi_054,24814,0,975.4888916015625,521.7222290039062
training_set_metastatic_roi_055,24840,1,818.5,1.8333333730697632
training_set_metastatic_roi_055,24841,6,843.8235473632812,3.8235294818878174
training_set_metastatic_roi_055,24888,3,437.69232177734375,36.96154022216797
training_set_metastatic_roi_055,24948,6,831.066650390625,89.33333587646484
training_set_metastatic_roi_055,24967,6,583.6521606445312,106.78260803222656
training_set_metastatic_roi_055,24970,6,342.7241516113281,112.20689392089844
training_set_metastatic_roi_055,24988,6,975.941162109375,125.17646789550781
training_set_metastatic_roi_055,24997,6,305.5428466796875,140.1999969482422
training_set_metastatic_roi_055,25002,6,596.7777709960938,138.72222900390625
training_set_metastatic_roi_055,25024,1,912.2069091796875,156.79310607910156
training_set_metastatic_roi_055,25076,1,797.6500244140625,216.64999389648438
training_set_metastatic_roi_055,25321,0,491.9375,474.71875
training_set_metastatic_roi_055,25346,1,960.4285888671875,497.8571472167969
training_set_metastatic_roi_055,25480,1,938.7307739257812,675.8846435546875
training_set_metastatic_roi_055,25577,1,140.51724243164062,794.2069091796875
training_set_metastatic_roi_055,25590,1,881.90478515625,798.1428833007812
training_set_metastatic_roi_055,25597,0,264.70001220703125,803.4500122070312
training_set_metastatic_roi_055,25671,1,722.7999877929688,874.5499877929688
training_set_metastatic_roi_055,25750,1,639.5,935.25
training_set_metastatic_roi_055,25760,1,991.0,938.7692260742188
training_set_metastatic_roi_055,25774,1,896.0384521484375,949.8461303710938
training_set_metastatic_roi_055,25822,1,454.5416564941406,988.2083129882812
training_set_metastatic_roi_055,25881,1,574.125,1016.625
training_set_metastatic_roi_055,25893,1,243.1666717529297,262.0
training_set_metastatic_roi_055,25895,1,197.55555725097656,619.2666625976562
training_set_metastatic_roi_055,25898,1,77.65625,363.28125
training_set_metastatic_roi_055,25911,6,272.4507141113281,421.5070495605469
training_set_metastatic_roi_055,25912,0,672.1724243164062,894.7930908203125
training_set_metastatic_roi_055,25914,6,805.1166381835938,89.68333435058594
training_set_metastatic_roi_055,25916,1,676.2754516601562,132.17691040039062
training_set_metastatic_roi_055,25923,1,965.0652465820312,839.8478393554688
training_set_metastatic_roi_055,25932,1,813.8181762695312,773.3333129882812
training_set_metastatic_roi_055,25939,1,917.8431396484375,418.86273193359375
training_set_metastatic_roi_056,26219,9,856.7777709960938,12.259259223937988
training_set_metastatic_roi_056,26234,7,1010.48388671875,681.0806274414062
training_set_metastatic_roi_056,26240,1,939.77587890625,268.5172424316406
training_set_metastatic_roi_056,26241,1,926.125,244.60714721679688
training_set_metastatic_roi_056,26254,0,631.7662353515625,233.91558837890625
training_set_metastatic_roi_056,26261,9,908.7442016601562,900.6511840820312
training_set_metastatic_roi_056,26269,9,470.1953125,684.09375
training_set_metastatic_roi_056,26273,9,541.7307739257812,488.73077392578125
training_set_metastatic_roi_056,26277,9,891.7036743164062,33.33333206176758
training_set_metastatic_roi_056,26284,9,120.5846176147461,308.70770263671875
training_set_metastatic_roi_057,26740,0,512.3529663085938,693.1764526367188
training_set_metastatic_roi_057,26741,0,387.30303955078125,819.0
training_set_metastatic_roi_057,26760,2,795.3043212890625,305.34783935546875
training_set_metastatic_roi_057,26771,0,447.4545593261719,627.0454711914062
training_set_metastatic_roi_057,26843,1,511.3243103027344,951.189208984375
training_set_metastatic_roi_057,26847,1,459.3548278808594,979.8064575195312
training_set_metastatic_roi_057,26881,7,420.06060791015625,532.6337890625
training_set_metastatic_roi_057,26893,2,549.436279296875,774.2579345703125
training_set_metastatic_roi_058,26978,0,472.3529357910156,123.94117736816406
training_set_metastatic_roi_058,27119,0,406.0454406738281,359.5
training_set_metastatic_roi_058,27213,0,2.230769157409668,517.3846435546875
training_set_metastatic_roi_058,27306,0,906.9615478515625,668.6538696289062
training_set_metastatic_roi_058,27452,0,789.5384521484375,896.6923217773438
training_set_metastatic_roi_058,27523,0,170.67391967773438,178.71739196777344
training_set_metastatic_roi_058,27530,0,27.276596069335938,961.14892578125
training_set_metastatic_roi_058,27531,0,31.66666603088379,943.40478515625
training_set_metastatic_roi_058,27533,0,192.2708282470703,951.3125
training_set_metastatic_roi_058,27540,0,406.5957336425781,630.7659301757812
training_set_metastatic_roi_058,27546,0,715.40478515625,230.2857208251953
training_set_metastatic_roi_058,27564,9,81.4000015258789,695.2000122070312
training_set_metastatic_roi_059,27715,0,896.5294189453125,194.4705810546875
training_set_metastatic_roi_059,27902,0,1019.8333129882812,455.77777099609375
training_set_metastatic_roi_059,27926,0,494.6666564941406,487.3333435058594
training_set_metastatic_roi_059,27981,0,988.3571166992188,558.1785888671875
training_set_metastatic_roi_059,28245,0,633.9189453125,938.4865112304688
training_set_metastatic_roi_059,28298,0,831.0,1019.5454711914062
training_set_metastatic_roi_059,28300,0,160.80392456054688,78.2450942993164
training_set_metastatic_roi_059,28301,0,946.623291015625,135.82876586914062
training_set_metastatic_roi_059,28308,0,629.8333129882812,852.7000122070312
training_set_metastatic_roi_059,28311,0,519.2391357421875,546.3261108398438
training_set_metastatic_roi_059,28312,7,1004.213134765625,209.9672088623047
training_set_metastatic_roi_059,28313,7,1019.9091186523438,178.4242401123047
training_set_metastatic_roi_059,28314,0,5.244897842407227,374.7040710449219
training_set_metastatic_roi_060,28554,0,61.70000076293945,140.9499969482422
training_set_metastatic_roi_060,28592,9,796.2857055664062,964.952392578125
training_set_metastatic_roi_060,28607,9,454.9599914550781,773.4000244140625
training_set_metastatic_roi_060,28614,9,620.8965454101562,974.72412109375
training_set_metastatic_roi_060,28635,0,68.93333435058594,5.566666603088379
training_set_metastatic_roi_060,28636,0,36.64516067504883,115.1505355834961
training_set_metastatic_roi_060,28641,9,317.6363525390625,595.3842163085938
training_set_metastatic_roi_060,28643,9,427.6000061035156,813.4000244140625
training_set_metastatic_roi_060,28652,7,342.07000732421875,459.9200134277344
training_set_metastatic_roi_060,28657,9,177.13333129882812,134.76666259765625
training_set_metastatic_roi_060,28663,0,475.9766540527344,293.8596496582031
training_set_metastatic_roi_061,28924,0,1005.0,384.5
training_set_metastatic_roi_061,28989,0,5.222222328186035,28.0
training_set_metastatic_roi_061,28998,0,1001.7142944335938,834.9642944335938
training_set_metastatic_roi_061,29004,0,182.61289978027344,448.9032287597656
training_set_metastatic_roi_061,29014,0,243.6901397705078,938.3662109375
training_set_metastatic_roi_061,29016,0,293.5636291503906,850.963623046875
training_set_metastatic_roi_061,29020,0,274.8254699707031,115.58343505859375
training_set_metastatic_roi_061,29021,0,232.9875030517578,95.30000305175781
training_set_metastatic_roi_061,29054,0,432.7291564941406,525.3333129882812
training_set_metastatic_roi_062,29081,0,726.3125,68.375
training_set_metastatic_roi_062,29103,0,739.4000244140625,145.60000610351562
training_set_metastatic_roi_062,29137,6,88.03704071044922,231.8148193359375
training_set_metastatic_roi_062,29148,0,778.0740966796875,265.1481628417969
training_set_metastatic_roi_062,29263,0,745.7380981445312,595.0
training_set_metastatic_roi_062,29270,0,1003.3939208984375,607.8485107421875
training_set_metastatic_roi_062,29338,1,1.5555555820465088,792.2222290039062
training_set_metastatic_roi_062,29384,0,385.86956787109375,908.7391357421875
training_set_metastatic_roi_062,29397,9,892.2777709960938,933.7222290039062
training_set_metastatic_roi_062,29418,0,469.0,989.6923217773438
training_set_metastatic_roi_062,29424,9,846.923095703125,991.7692260742188
training_set_metastatic_roi_062,29427,0,1013.90478515625,996.7142944335938
training_set_metastatic_roi_062,29447,0,1007.4545288085938,979.8485107421875
training_set_metastatic_roi_063,29846,0,184.6086883544922,285.13043212890625
training_set_metastatic_roi_063,29851,0,80.96875,457.71875
training_set_metastatic_roi_063,29855,0,538.48388671875,445.4193420410156
training_set_metastatic_roi_063,29863,0,1001.6129150390625,328.5161437988281
training_set_metastatic_roi_063,29872,0,929.1764526367188,711.8235473632812
training_set_metastatic_roi_063,29879,0,618.52001953125,530.5999755859375
training_set_metastatic_roi_063,29881,0,577.0,202.45945739746094
training_set_metastatic_roi_063,29908,0,431.6190490722656,364.28570556640625
training_set_metastatic_roi_063,29910,0,570.9491577148438,395.9674987792969
training_set_metastatic_roi_064,30456,1,77.5,495.75
training_set_metastatic_roi_064,30467,1,507.10638427734375,36.77659606933594
training_set_metastatic_roi_064,30474,0,947.25,545.5
training_set_metastatic_roi_064,30484,1,146.21153259277344,873.9423217773438
training_set_metastatic_roi_064,30501,1,72.82499694824219,530.4749755859375
training_set_metastatic_roi_064,30519,0,758.5,441.25
training_set_metastatic_roi_064,30551,1,65.5999984741211,804.4000244140625
training_set_metastatic_roi_064,30554,1,68.13333129882812,774.7999877929688
training_set_metastatic_roi_064,30556,1,230.9166717529297,778.3833618164062
training_set_metastatic_roi_064,30560,3,13.25903606414795,474.0722961425781
training_set_metastatic_roi_064,30568,1,113.37142944335938,345.5142822265625
training_set_metastatic_roi_064,30580,0,457.5255432128906,622.2887573242188
training_set_metastatic_roi_064,30588,0,750.75,410.70001220703125
training_set_metastatic_roi_065,31069,0,437.6000061035156,0.6000000238418579
training_set_metastatic_roi_065,31086,0,502.73077392578125,929.2692260742188
training_set_metastatic_roi_065,31088,0,522.4117431640625,1021.88232421875
training_set_metastatic_roi_065,31105,0,324.9761962890625,630.3809814453125
training_set_metastatic_roi_065,31138,1,977.9091186523438,639.4091186523438
training_set_metastatic_roi_066,31563,0,881.0,514.0213012695312
training_set_metastatic_roi_066,31653,1,158.26666259765625,425.3333435058594
training_set_metastatic_roi_066,31723,0,683.772705078125,1000.0
training_set_metastatic_roi_066,31774,0,140.84375,586.234375
training_set_metastatic_roi_066,31799,1,348.0,322.0
training_set_metastatic_roi_066,31811,1,333.25,395.5
training_set_metastatic_roi_066,31813,1,209.75,410.625
training_set_metastatic_roi_066,31826,0,44.0,818.4000244140625
training_set_metastatic_roi_066,31837,0,148.0625,1018.8333129882812
training_set_metastatic_roi_066,31838,0,120.85713958740234,1023.5714111328125
training_set_metastatic_roi_066,31842,0,184.25,911.5
training_set_metastatic_roi_066,31843,0,182.39999389648438,914.5999755859375
training_set_metastatic_roi_066,31847,0,542.6885375976562,929.9508056640625
training_set_metastatic_roi_066,31860,0,597.5999755859375,443.3999938964844
training_set_metastatic_roi_066,31861,0,598.75,444.25
training_set_metastatic_roi_066,31862,0,599.5999755859375,445.6000061035156
training_set_metastatic_roi_066,31873,0,876.5714111328125,940.5892944335938
training_set_metastatic_roi_066,31874,0,886.75,966.5
training_set_metastatic_roi_066,31876,6,905.5230712890625,813.1846313476562
training_set_metastatic_roi_066,31885,0,634.4000244140625,819.5999755859375
training_set_metastatic_roi_066,31888,0,435.30517578125,818.1348266601562
training_set_metastatic_roi_066,31894,0,360.3999938964844,660.5999755859375
training_set_metastatic_roi_066,31899,0,369.3398132324219,538.203857421875
training_set_metastatic_roi_066,31904,0,435.18988037109375,629.8228149414062
training_set_metastatic_roi_066,31909,6,768.9771118164062,990.719970703125
training_set_metastatic_roi_066,31911,6,813.5999755859375,994.4000244140625
training_set_metastatic_roi_066,31912,6,814.25,992.25
training_set_metastatic_roi_066,31913,0,588.7528076171875,963.544921875
training_set_metastatic_roi_066,31914,0,243.61538696289062,987.7230834960938
training_set_metastatic_roi_066,31915,0,252.8780517578125,891.5853881835938
training_set_metastatic_roi_066,31922,0,345.2758483886719,757.5344848632812
training_set_metastatic_roi_066,31924,0,253.73973083496094,598.5342407226562
training_set_metastatic_roi_066,31932,1,51.6363639831543,172.84091186523438
training_set_metastatic_roi_066,31934,0,144.4269256591797,853.0192260742188
training_set_metastatic_roi_066,31935,0,108.61585235595703,940.9573364257812
training_set_metastatic_roi_066,31945,0,613.9725952148438,136.96575927734375
training_set_metastatic_roi_066,31952,1,225.59091186523438,380.5
training_set_metastatic_roi_066,31955,9,407.952392578125,314.9047546386719
training_set_metastatic_roi_066,31965,1,855.7442016601562,696.3488159179688
training_set_metastatic_roi_066,31973,0,672.5999755859375,611.4000244140625
training_set_metastatic_roi_067,32334,6,494.3333435058594,552.933349609375
training_set_metastatic_roi_067,32427,1,588.4815063476562,670.4074096679688
training_set_metastatic_roi_067,32444,0,1008.5,688.5
training_set_metastatic_roi_067,32467,1,11.973684310913086,715.6842041015625
training_set_metastatic_roi_067,32494,1,173.8148193359375,737.8518676757812
training_set_metastatic_roi_067,32528,6,626.2000122070312,784.5999755859375
training_set_metastatic_roi_067,32553,1,476.23809814453125,799.3333129882812
training_set_metastatic_roi_067,32568,6,629.729736328125,812.6216430664062
training_set_metastatic_roi_067,32569,6,613.8076782226562,815.5
training_set_metastatic_roi_067,32604,1,1021.4545288085938,839.0
training_set_metastatic_roi_067,32660,1,775.125,885.4166870117188
training_set_metastatic_roi_067,32672,1,986.2647094726562,897.7058715820312
training_set_metastatic_roi_067,32675,1,619.1738891601562,898.8695678710938
training_set_metastatic_roi_067,32737,1,222.39999389648438,951.0333251953125
training_set_metastatic_roi_067,32760,1,332.1333312988281,977.433349609375
training_set_metastatic_roi_067,32785,1,464.2592468261719,993.2222290039062
training_set_metastatic_roi_067,32824,1,671.1333618164062,1017.8666381835938
training_set_metastatic_roi_067,32830,1,543.1454467773438,102.29090881347656
training_set_metastatic_roi_067,32833,1,32.814815521240234,776.2222290039062
training_set_metastatic_roi_067,32837,0,23.20652198791504,662.4674072265625
training_set_metastatic_roi_067,32843,0,221.99185180664062,83.10304260253906
training_set_metastatic_roi_067,32852,6,657.5466918945312,482.09332275390625
training_set_metastatic_roi_067,32870,1,165.88888549804688,895.9722290039062
training_set_metastatic_roi_068,33125,0,327.44000244140625,69.0
training_set_metastatic_roi_068,33132,0,903.3829956054688,894.7872314453125
training_set_metastatic_roi_068,33162,0,718.4000244140625,7.066666603088379
training_set_metastatic_roi_068,33167,9,203.60000610351562,282.6000061035156
training_set_metastatic_roi_068,33170,1,796.6428833007812,1004.8571166992188
training_set_metastatic_roi_068,33183,1,9.746190071105957,389.0318908691406
training_set_metastatic_roi_069,33203,0,79.5999984741211,23.31999969482422
training_set_metastatic_roi_069,33227,0,914.5,54.25
training_set_metastatic_roi_069,33300,0,784.5,203.25
training_set_metastatic_roi_069,33632,0,603.88232421875,895.5
training_set_metastatic_roi_069,33661,0,720.5999755859375,969.0
training_set_metastatic_roi_069,33705,0,913.058837890625,215.44117736816406
training_set_metastatic_roi_069,33717,0,856.6627807617188,913.31396484375
training_set_metastatic_roi_069,33722,0,754.8727416992188,523.69091796875
training_set_metastatic_roi_069,33743,0,269.57745361328125,453.6511535644531
training_set_metastatic_roi_069,33745,7,918.84033203125,279.8235168457031
training_set_metastatic_roi_070,33996,0,921.4285888671875,417.8571472167969
training_set_metastatic_roi_070,34058,0,456.51513671875,45.51515197753906
training_set_metastatic_roi_070,34142,0,174.448974609375,969.7958984375
training_set_metastatic_roi_070,34157,0,32.349998474121094,52.25
training_set_metastatic_roi_070,34174,0,188.80555725097656,858.0277709960938
training_set_metastatic_roi_070,34176,0,98.21212005615234,344.0909118652344
training_set_metastatic_roi_070,34182,0,1003.5999755859375,915.4000244140625
training_set_metastatic_roi_070,34185,0,821.0,480.3650817871094
training_set_metastatic_roi_070,34195,0,385.1021423339844,611.1666870117188
training_set_metastatic_roi_070,34197,0,368.40740966796875,453.129638671875
training_set_metastatic_roi_071,34291,1,861.5,106.2727279663086
training_set_metastatic_roi_071,34376,1,663.5714111328125,272.3809509277344
training_set_metastatic_roi_071,34396,1,1021.6363525390625,320.5454406738281
training_set_metastatic_roi_071,34443,0,508.6666564941406,441.9230651855469
training_set_metastatic_roi_071,34477,6,698.2973022460938,534.4053955078125
training_set_metastatic_roi_071,34506,0,595.7026977539062,649.0540771484375
training_set_metastatic_roi_071,34564,6,739.5090942382812,859.6181640625
training_set_metastatic_roi_071,34612,0,47.25,579.5
training_set_metastatic_roi_071,34623,7,822.1752319335938,383.226806640625
training_set_metastatic_roi_071,34644,1,778.4285888671875,414.6856994628906
training_set_metastatic_roi_072,35056,0,410.1666564941406,11.433333396911621
training_set_metastatic_roi_072,35188,1,719.1333618164062,776.7999877929688
training_set_metastatic_roi_072,35201,7,176.20289611816406,688.2608642578125
training_set_metastatic_roi_072,35205,1,343.89654541015625,743.9310302734375
training_set_metastatic_roi_072,35226,0,111.24674987792969,124.42857360839844
training_set_metastatic_roi_072,35235,0,583.3146362304688,14.393258094787598
training_set_metastatic_roi_072,35259,0,890.0562133789062,452.7218322753906
training_set_metastatic_roi_072,35272,0,945.0344848632812,778.6206665039062
training_set_metastatic_roi_072,35287,0,699.046142578125,840.3961791992188
training_set_metastatic_roi_072,35303,0,206.60784912109375,880.7451171875
training_set_metastatic_roi_072,35375,0,853.5861206054688,603.5364379882812
training_set_metastatic_roi_072,35382,1,837.94873046875,601.2307739257812
training_set_metastatic_roi_072,35385,1,435.94287109375,950.8285522460938
training_set_metastatic_roi_072,35410,0,203.60952758789062,327.4468994140625
training_set_metastatic_roi_072,35411,0,121.01470947265625,278.1323547363281
training_set_metastatic_roi_072,35419,0,209.8709716796875,794.5322875976562
training_set_metastatic_roi_072,35424,0,356.6000061035156,48.75
training_set_metastatic_roi_072,35425,0,973.019775390625,287.4245300292969
training_set_metastatic_roi_073,35742,0,693.5,723.25
training_set_metastatic_roi_073,35827,0,280.71429443359375,977.7142944335938
training_set_metastatic_roi_073,35971,0,274.4166564941406,238.0416717529297
training_set_metastatic_roi_073,36019,0,95.19999694824219,0.6000000238418579
training_set_metastatic_roi_073,36022,0,175.38461303710938,2.846153736114502
training_set_metastatic_roi_073,36046,0,1022.3548583984375,169.25807189941406
training_set_metastatic_roi_073,36060,0,1020.4097290039062,998.414306640625
training_set_metastatic_roi_073,36074,0,608.9393920898438,945.3636474609375
training_set_metastatic_roi_073,36085,0,205.62745666503906,892.9607543945312
training_set_metastatic_roi_073,36094,0,182.38392639160156,529.4553833007812
training_set_metastatic_roi_073,36103,0,35.375,278.1875
training_set_metastatic_roi_073,36105,0,10.98245620727539,248.5263214111328
training_set_metastatic_roi_073,36107,0,217.75,322.25
training_set_metastatic_roi_073,36126,0,311.6129150390625,833.2903442382812
training_set_metastatic_roi_073,36128,0,384.5769348144531,938.6153564453125
training_set_metastatic_roi_073,36134,0,930.923095703125,959.576904296875
training_set_metastatic_roi_073,36137,0,948.2678833007812,707.0178833007812
training_set_metastatic_roi_073,36148,0,702.3898315429688,845.88134765625
training_set_metastatic_roi_073,36166,0,137.72549438476562,455.941162109375
training_set_metastatic_roi_073,36175,0,1006.1875,2.5625
training_set_metastatic_roi_073,36183,0,275.3157958984375,527.7894897460938
training_set_metastatic_roi_073,36186,0,71.1276626586914,428.7234191894531
training_set_metastatic_roi_074,36573,0,713.5,578.4375
training_set_metastatic_roi_074,36604,0,90.83721160888672,351.1395263671875
training_set_metastatic_roi_074,36609,0,746.028564453125,543.4000244140625
training_set_metastatic_roi_074,36611,0,1012.91748046875,55.41749954223633
training_set_metastatic_roi_075,36939,7,350.70587158203125,253.30882263183594
training_set_metastatic_roi_075,36963,0,152.85714721679688,1021.2857055664062
training_set_metastatic_roi_075,36985,0,95.96363830566406,433.50909423828125
training_set_metastatic_roi_076,37381,0,45.38461685180664,434.8846130371094
training_set_metastatic_roi_076,37389,0,405.1538391113281,3.692307710647583
training_set_metastatic_roi_076,37391,0,679.0,490.5454406738281
training_set_metastatic_roi_076,37406,1,89.75,898.25
training_set_metastatic_roi_076,37408,0,493.3396301269531,170.50942993164062
training_set_metastatic_roi_076,37416,9,233.13043212890625,400.34783935546875
training_set_metastatic_roi_076,37418,0,525.2786865234375,742.4098510742188
training_set_metastatic_roi_077,37775,0,29.272727966308594,181.60606384277344
training_set_metastatic_roi_077,37791,0,405.3500061035156,947.7999877929688
training_set_metastatic_roi_077,37795,0,7.0,607.8518676757812
training_set_metastatic_roi_077,37862,6,165.57009887695312,564.4392700195312
training_set_metastatic_roi_078,38176,0,59.653846740722656,363.80767822265625
training_set_metastatic_roi_078,38181,0,752.522705078125,810.6363525390625
training_set_metastatic_roi_078,38200,0,11.739130020141602,72.21739196777344
training_set_metastatic_roi_078,38204,0,2.0,787.7692260742188
training_set_metastatic_roi_078,38207,0,879.4318237304688,1000.522705078125
training_set_metastatic_roi_078,38221,0,981.2941284179688,399.6470642089844
training_set_metastatic_roi_078,38230,0,174.71697998046875,821.6981201171875
training_set_metastatic_roi_078,38264,0,332.26153564453125,219.3076934814453
training_set_metastatic_roi_078,38270,6,935.9031982421875,437.258056640625
training_set_metastatic_roi_079,38552,0,302.25640869140625,951.7692260742188
training_set_metastatic_roi_079,38572,0,893.4888916015625,317.0888977050781
training_set_metastatic_roi_079,38600,0,105.35897064208984,722.6666870117188
training_set_metastatic_roi_079,38601,0,592.4102783203125,701.4615478515625
training_set_metastatic_roi_079,38603,0,785.0454711914062,721.477294921875
training_set_metastatic_roi_080,38667,1,1021.0,84.33333587646484
training_set_metastatic_roi_080,38671,1,992.0869750976562,95.73912811279297
training_set_metastatic_roi_080,38677,0,7.760000228881836,123.19999694824219
training_set_metastatic_roi_080,38688,6,149.72413635253906,191.9310302734375
training_set_metastatic_roi_080,38727,1,1021.5,346.125
training_set_metastatic_roi_080,38739,0,342.0,422.4146423339844
training_set_metastatic_roi_080,38783,4,429.68084716796875,606.9786987304688
training_set_metastatic_roi_080,38824,1,651.0,721.5625
training_set_metastatic_roi_080,38907,4,1014.5,944.0
training_set_metastatic_roi_080,38960,4,785.262939453125,456.5513916015625
training_set_metastatic_roi_080,38970,4,481.24676513671875,554.2207641601562
training_set_metastatic_roi_080,38980,4,158.13888549804688,702.0555419921875
training_set_metastatic_roi_081,39315,0,818.1785888671875,825.5357055664062
training_set_metastatic_roi_081,39369,0,199.4750518798828,705.0076904296875
training_set_metastatic_roi_082,39785,0,291.1499938964844,464.6499938964844
training_set_metastatic_roi_082,39788,0,769.4545288085938,463.2272644042969
training_set_metastatic_roi_082,39793,0,933.6470336914062,48.235294342041016
training_set_metastatic_roi_082,39821,0,488.6000061035156,712.9600219726562
training_set_metastatic_roi_082,39824,0,1.7692307233810425,25.769229888916016
training_set_metastatic_roi_082,39870,0,385.75,273.8541564941406
training_set_metastatic_roi_082,39885,0,944.5999755859375,627.5999755859375
training_set_metastatic_roi_082,39890,0,1011.2222290039062,985.0277709960938
training_set_metastatic_roi_083,39929,0,74.19999694824219,204.39999389648438
training_set_metastatic_roi_083,40085,0,677.4114379882812,236.7395782470703
training_set_metastatic_roi_083,40087,0,1018.6041870117188,48.95833206176758
training_set_metastatic_roi_083,40095,0,86.35962677001953,212.61573791503906
training_set_metastatic_roi_083,40099,0,972.8636474609375,442.5303039550781
training_set_metastatic_roi_084,40250,0,579.6341552734375,623.9268188476562
training_set_metastatic_roi_084,40439,0,581.90625,679.8125
training_set_metastatic_roi_084,40441,0,992.02001953125,494.05999755859375
training_set_metastatic_roi_084,40448,0,6.0,558.7391357421875
training_set_metastatic_roi_084,40454,0,961.9749755859375,506.32501220703125
training_set_metastatic_roi_085,40899,0,1020.3448486328125,841.2413940429688
training_set_metastatic_roi_085,40945,1,286.8666687011719,224.88888549804688
training_set_metastatic_roi_086,41278,4,733.862060546875,62.72413635253906
training_set_metastatic_roi_086,41295,0,992.5263061523438,317.7368469238281
training_set_metastatic_roi_086,41304,0,944.3333129882812,510.5
training_set_metastatic_roi_086,41319,1,28.133333206176758,377.79998779296875
training_set_metastatic_roi_086,41323,6,75.0882339477539,520.5882568359375
training_set_metastatic_roi_086,41325,6,106.15555572509766,569.1777954101562
training_set_metastatic_roi_086,41337,6,134.16128540039062,825.7903442382812
training_set_metastatic_roi_086,41339,6,100.16831970214844,739.0989990234375
training_set_metastatic_roi_086,41343,0,287.4464416503906,55.69643020629883
training_set_metastatic_roi_086,41349,4,874.1500244140625,4.300000190734863
training_set_metastatic_roi_086,41379,0,528.1851806640625,228.70370483398438
training_set_metastatic_roi_086,41386,0,361.1333312988281,301.79998779296875
training_set_metastatic_roi_086,41404,0,922.0232543945312,580.7907104492188
training_set_metastatic_roi_086,41421,4,565.1521606445312,66.8043441772461
training_set_metastatic_roi_086,41423,4,292.15216064453125,156.80435180664062
training_set_metastatic_roi_087,41720,0,576.1666870117188,849.5333251953125
training_set_metastatic_roi_087,41872,7,183.36734008789062,1000.9591674804688
training_set_metastatic_roi_087,41976,0,298.01666259765625,833.4000244140625
training_set_metastatic_roi_087,41984,0,690.978271484375,670.8043212890625
training_set_metastatic_roi_087,41986,0,711.3720703125,621.3488159179688
training_set_metastatic_roi_087,41993,0,850.8863525390625,110.19318389892578
training_set_metastatic_roi_087,41999,0,318.3721008300781,604.9767456054688
training_set_metastatic_roi_087,42004,0,164.0,277.5178527832031
training_set_metastatic_roi_087,42020,0,371.01470947265625,512.5147094726562
training_set_metastatic_roi_087,42021,0,330.0172424316406,465.2930908203125
training_set_metastatic_roi_087,42026,0,580.7846069335938,727.5538330078125
training_set_metastatic_roi_087,42029,0,829.4000244140625,160.8333282470703
training_set_metastatic_roi_087,42032,0,866.6666870117188,220.0
training_set_metastatic_roi_088,42365,0,488.5714416503906,10.809523582458496
training_set_metastatic_roi_088,42378,6,787.3809814453125,722.047607421875
training_set_metastatic_roi_088,42379,0,603.4351806640625,17.185184478759766
training_set_metastatic_roi_088,42381,1,941.4400024414062,80.18000030517578
training_set_metastatic_roi_088,42394,0,881.7650146484375,39.21670150756836
training_set_metastatic_roi_089,42440,0,626.0,79.5
training_set_metastatic_roi_089,42539,0,287.51513671875,325.51513671875
training_set_metastatic_roi_089,42552,0,47.25,353.0833435058594
training_set_metastatic_roi_089,42662,9,51.730770111083984,695.2692260742188
training_set_metastatic_roi_089,42825,0,17.136363983154297,676.4091186523438
training_set_metastatic_roi_090,43275,0,786.7083129882812,769.5416870117188
training_set_metastatic_roi_090,43301,9,918.40478515625,745.1428833007812
training_set_metastatic_roi_090,43304,9,688.0208129882812,62.9375
training_set_metastatic_roi_090,43311,0,441.22222900390625,34.51852035522461
training_set_metastatic_roi_090,43315,9,610.125,257.4375
training_set_metastatic_roi_091,43341,0,776.89111328125,491.9010009765625
training_set_metastatic_roi_091,43533,3,278.6285705566406,439.9142761230469
training_set_metastatic_roi_091,43564,0,684.8485107421875,625.1212158203125
training_set_metastatic_roi_091,43575,0,650.3333129882812,155.42857360839844
training_set_metastatic_roi_091,43579,0,500.3500061035156,521.0499877929688
training_set_metastatic_roi_091,43581,3,321.631591796875,330.2368469238281
training_set_metastatic_roi_091,43583,0,505.5428466796875,1009.085693359375
training_set_metastatic_roi_091,43585,0,99.0727310180664,519.4909057617188
training_set_metastatic_roi_091,43586,0,567.6428833007812,812.5714111328125
training_set_metastatic_roi_091,43587,0,633.4615478515625,441.76922607421875
training_set_metastatic_roi_091,43599,6,835.385009765625,46.314998626708984
training_set_metastatic_roi_091,43609,1,345.29412841796875,324.941162109375
training_set_metastatic_roi_091,43613,1,749.6470336914062,316.29412841796875
training_set_metastatic_roi_092,43837,0,224.50942993164062,29.79245376586914
training_set_metastatic_roi_092,43857,0,702.8262329101562,971.1182250976562
training_set_metastatic_roi_093,44381,1,648.94287109375,364.79998779296875
training_set_metastatic_roi_093,44391,1,1003.8846435546875,416.8269348144531
training_set_metastatic_roi_093,44418,3,853.6363525390625,296.5454406738281
training_set_metastatic_roi_093,44421,0,936.5423583984375,245.4067840576172
training_set_metastatic_roi_093,44424,1,272.8333435058594,483.3888854980469
training_set_metastatic_roi_094,44836,0,578.1132202148438,438.73583984375
training_set_metastatic_roi_094,44845,1,932.0,993.2999877929688
training_set_metastatic_roi_094,44850,0,35.0461540222168,618.6307983398438
training_set_metastatic_roi_094,44862,0,380.0,292.6170349121094
training_set_metastatic_roi_094,44868,0,677.8038940429688,585.3333129882812
training_set_metastatic_roi_094,44869,0,619.0755004882812,642.0
training_set_metastatic_roi_094,44879,0,183.40740966796875,945.7777709960938
training_set_metastatic_roi_094,44881,0,285.30767822265625,111.53845977783203
training_set_metastatic_roi_094,44883,1,157.5454559326172,985.9091186523438
training_set_metastatic_roi_094,44888,0,519.4181518554688,825.0545654296875
training_set_metastatic_roi_094,44890,0,256.3448181152344,140.37930297851562
training_set_metastatic_roi_094,44904,1,351.2727355957031,26.636363983154297
training_set_metastatic_roi_094,44920,0,82.70967864990234,60.086021423339844
training_set_metastatic_roi_094,44923,0,754.522705078125,98.01515197753906
training_set_metastatic_roi_094,44935,1,1013.0,452.5
training_set_metastatic_roi_094,44938,1,1012.4666748046875,633.1333618164062
training_set_metastatic_roi_094,44943,1,925.7999877929688,600.0999755859375
training_set_metastatic_roi_094,44957,1,669.7777709960938,512.7777709960938
training_set_metastatic_roi_094,44959,1,688.375,533.4375
training_set_metastatic_roi_094,44960,1,696.1666870117188,517.0
training_set_metastatic_roi_094,45009,1,956.4444580078125,554.6666870117188
training_set_metastatic_roi_094,45013,0,790.4711303710938,575.5625
training_set_metastatic_roi_094,45028,1,1017.5999755859375,873.0
training_set_metastatic_roi_094,45040,1,779.2857055664062,1018.7142944335938
training_set_metastatic_roi_094,45047,1,584.1666870117188,880.4166870117188
training_set_metastatic_roi_094,45053,1,647.0908813476562,745.272705078125
training_set_metastatic_roi_094,45059,1,872.6153564453125,715.8461303710938
training_set_metastatic_roi_094,45060,1,858.888916015625,699.2222290039062
training_set_metastatic_roi_094,45065,3,913.8181762695312,648.3636474609375
training_set_metastatic_roi_094,45067,1,1001.0,323.8888854980469
training_set_metastatic_roi_094,45069,9,133.3103485107422,335.92529296875
training_set_metastatic_roi_094,45071,3,769.0,983.3333129882812
training_set_metastatic_roi_094,45088,0,74.19982147216797,890.996826171875
training_set_metastatic_roi_094,45091,1,993.611083984375,814.8333129882812
training_set_metastatic_roi_094,45092,1,868.0833129882812,658.638916015625
training_set_metastatic_roi_094,45096,1,739.1142578125,988.5142822265625
training_set_metastatic_roi_094,45098,1,995.5384521484375,919.7307739257812
training_set_metastatic_roi_094,45107,3,705.2432250976562,682.6756591796875
training_set_metastatic_roi_094,45114,1,721.75146484375,1005.160400390625
training_set_metastatic_roi_094,45115,0,962.3279418945312,271.4022521972656
training_set_metastatic_roi_095,45349,0,341.80328369140625,330.5737609863281
training_set_metastatic_roi_095,45358,0,408.26666259765625,493.4666748046875
training_set_metastatic_roi_095,45362,0,657.1666870117188,12.466666221618652
training_set_metastatic_roi_095,45384,0,818.2608642578125,837.8261108398438
training_set_metastatic_roi_095,45387,0,389.1025695800781,448.1282043457031
training_set_metastatic_roi_095,45388,9,903.4390258789062,485.80487060546875
training_set_metastatic_roi_095,45391,0,511.1428527832031,102.42857360839844
training_set_metastatic_roi_095,45400,9,205.88888549804688,452.9166564941406
training_set_metastatic_roi_095,45402,0,331.91070556640625,472.78570556640625
training_set_metastatic_roi_096,45626,0,398.9152526855469,603.4576416015625
training_set_metastatic_roi_096,45633,0,735.4473876953125,164.34210205078125
training_set_metastatic_roi_096,45681,0,639.7333374023438,60.400001525878906
training_set_metastatic_roi_096,45723,0,361.4053955078125,931.4053955078125
training_set_metastatic_roi_096,45742,0,586.7941284179688,444.0294189453125
training_set_metastatic_roi_096,45762,0,277.3650817871094,798.5079345703125
training_set_metastatic_roi_096,45767,0,418.6000061035156,475.3143005371094
training_set_metastatic_roi_096,45774,0,117.38157653808594,314.6447448730469
training_set_metastatic_roi_096,45793,0,641.2941284179688,82.4117660522461
training_set_metastatic_roi_097,46086,0,1003.51220703125,711.5609741210938
training_set_metastatic_roi_097,46125,0,669.7659301757812,967.4468383789062
training_set_metastatic_roi_097,46164,0,635.7838134765625,616.1621704101562
training_set_metastatic_roi_098,46754,0,839.6666870117188,495.0
training_set_metastatic_roi_098,46767,0,225.8000030517578,315.71429443359375
training_set_metastatic_roi_098,46782,0,472.70001220703125,526.25
training_set_metastatic_roi_098,46783,0,480.4827575683594,513.137939453125
training_set_metastatic_roi_098,46793,0,628.6393432617188,51.96721267700195
training_set_metastatic_roi_098,46839,1,122.0625,284.25
training_set_metastatic_roi_098,46842,1,193.25,329.5
training_set_metastatic_roi_098,46845,1,302.0,231.39999389648438
training_set_metastatic_roi_099,47161,0,888.2553100585938,185.44680786132812
training_set_metastatic_roi_099,47202,0,679.6666870117188,93.0
training_set_metastatic_roi_099,47213,0,981.1666870117188,18.04166603088379
training_set_metastatic_roi_099,47216,0,333.3043518066406,6.956521511077881
training_set_metastatic_roi_099,47241,0,3.9375,463.6875
training_set_metastatic_roi_099,47242,0,173.85365295410156,521.3170776367188
training_set_metastatic_roi_099,47247,0,979.7142944335938,568.8857421875
training_set_metastatic_roi_099,47252,0,767.25,630.75
training_set_metastatic_roi_099,47253,0,776.4761962890625,498.4285583496094
training_set_metastatic_roi_099,47256,0,826.3599853515625,530.47998046875
training_set_metastatic_roi_099,47257,0,46.730770111083984,140.57691955566406
training_set_metastatic_roi_099,47261,0,710.5999755859375,142.60000610351562
training_set_metastatic_roi_099,47262,0,745.125,150.875
training_set_metastatic_roi_099,47263,0,709.5,141.75
training_set_metastatic_roi_099,47264,0,709.5999755859375,145.39999389648438
training_set_metastatic_roi_099,47265,0,710.5,149.25
training_set_metastatic_roi_099,47272,0,415.8333435058594,1023.3333129882812
training_set_metastatic_roi_099,47275,0,176.5,513.75
training_set_metastatic_roi_099,47278,0,150.13333129882812,492.79998779296875
training_set_metastatic_roi_099,47279,1,367.45001220703125,483.625
training_set_metastatic_roi_099,47285,0,952.6821899414062,25.194915771484375
training_set_metastatic_roi_099,47286,0,680.8302001953125,152.39622497558594
training_set_metastatic_roi_099,47291,0,594.370361328125,298.3825988769531
training_set_metastatic_roi_099,47294,0,800.8648681640625,502.1891784667969
training_set_metastatic_roi_100,47375,0,648.52001953125,310.79998779296875
training_set_metastatic_roi_100,47381,0,12.146341323852539,338.5365905761719
training_set_metastatic_roi_100,47428,0,499.77777099609375,516.9506225585938
training_set_metastatic_roi_100,47452,0,7.294117450714111,627.1764526367188
training_set_metastatic_roi_100,47504,0,963.5599975585938,848.5599975585938
training_set_metastatic_roi_100,47545,0,1020.25,1008.5833129882812
training_set_metastatic_roi_100,47556,0,886.8518676757812,86.00926208496094
training_set_metastatic_roi_100,47558,0,944.0509643554688,116.97981262207031
training_set_metastatic_roi_100,47561,0,833.2857055664062,364.5714416503906
training_set_metastatic_roi_100,47562,0,862.1194458007812,632.4911499023438
training_set_metastatic_roi_100,47565,0,421.9200134277344,542.780029296875
training_set_metastatic_roi_100,47571,0,918.0681762695312,1004.6818237304688
training_set_metastatic_roi_100,47587,0,604.1758422851562,195.8423614501953
training_set_metastatic_roi_100,47588,0,592.9637451171875,225.6086883544922
training_set_metastatic_roi_100,47590,0,426.7621765136719,270.6800842285156
training_set_metastatic_roi_100,47596,0,57.07462692260742,569.3134155273438
training_set_metastatic_roi_100,47605,0,58.3125,920.8125
training_set_metastatic_roi_101,47613,9,819.933349609375,7.111111164093018
training_set_metastatic_roi_101,47693,0,348.5142822265625,185.6857147216797
training_set_metastatic_roi_101,47810,0,8.121212005615234,521.0
training_set_metastatic_roi_101,47835,0,292.8780517578125,578.0244140625
training_set_metastatic_roi_101,47863,9,415.20001220703125,667.933349609375
training_set_metastatic_roi_101,47885,9,443.7391357421875,733.3043212890625
training_set_metastatic_roi_101,47912,9,843.05126953125,834.4615478515625
training_set_metastatic_roi_101,47914,9,817.4857177734375,841.8285522460938
training_set_metastatic_roi_101,47918,9,726.4285888671875,859.7142944335938
training_set_metastatic_roi_101,47919,9,820.219482421875,862.4634399414062
training_set_metastatic_roi_101,47922,9,850.3829956054688,866.5319213867188
training_set_metastatic_roi_101,47924,9,883.37255859375,868.941162109375
training_set_metastatic_roi_101,47927,9,877.7999877929688,889.7999877929688
training_set_metastatic_roi_101,47951,9,884.5116577148438,663.279052734375
training_set_metastatic_roi_101,47952,9,814.6842041015625,619.2894897460938
training_set_metastatic_roi_101,47955,0,9.181818008422852,807.3939208984375
training_set_metastatic_roi_101,47956,0,63.373619079589844,681.3046264648438
training_set_metastatic_roi_101,47972,9,669.0,812.4091186523438
training_set_metastatic_roi_101,47975,9,168.13333129882812,645.7666625976562
training_set_metastatic_roi_101,47978,0,121.74359130859375,84.66666412353516
training_set_metastatic_roi_102,48031,9,213.26829528808594,131.31707763671875
training_set_metastatic_roi_102,48064,0,734.2432250976562,215.43243408203125
training_set_metastatic_roi_102,48097,0,674.1555786132812,281.24444580078125
training_set_metastatic_roi_102,48160,0,1011.4545288085938,507.9090881347656
training_set_metastatic_roi_102,48167,0,1017.8285522460938,529.085693359375
training_set_metastatic_roi_102,48198,0,822.2182006835938,637.8363647460938
training_set_metastatic_roi_102,48279,0,969.5853881835938,973.3170776367188
training_set_metastatic_roi_102,48282,0,1016.0322875976562,995.0
training_set_metastatic_roi_102,48288,0,309.8823547363281,1021.3529663085938
training_set_primary_roi_001,48294,0,383.5,3.0
training_set_primary_roi_001,48298,0,727.888916015625,1.8888888359069824
training_set_primary_roi_001,48300,0,807.0,5.636363506317139
training_set_primary_roi_001,48301,0,844.0,3.9375
training_set_primary_roi_001,48303,0,1001.7825927734375,12.913043022155762
training_set_primary_roi_001,48383,0,1019.9285888671875,208.7857208251953
training_set_primary_roi_001,48397,0,344.0400085449219,237.16000366210938
training_set_primary_roi_001,48419,6,875.6190185546875,273.19049072265625
training_set_primary_roi_001,48431,6,999.760009765625,295.8399963378906
training_set_primary_roi_001,48434,7,780.9000244140625,299.54998779296875
training_set_primary_roi_001,48466,9,981.2352905273438,357.1176452636719
training_set_primary_roi_001,48467,0,581.5,357.8846130371094
training_set_primary_roi_001,48481,1,836.8333129882812,373.27777099609375
training_set_primary_roi_001,48484,6,1009.6551513671875,375.10345458984375
training_set_primary_roi_001,48485,1,826.7894897460938,379.52630615234375
training_set_primary_roi_001,48519,6,663.1153564453125,444.6538391113281
training_set_primary_roi_001,48528,6,719.7999877929688,457.75
training_set_primary_roi_001,48543,1,884.6538696289062,474.30767822265625
training_set_primary_roi_001,48544,1,582.9500122070312,476.1000061035156
training_set_primary_roi_001,48545,1,1020.5,475.5
training_set_primary_roi_001,48547,0,304.76190185546875,478.8571472167969
training_set_primary_roi_001,48570,1,997.3529663085938,500.3529357910156
training_set_primary_roi_001,48583,1,830.368408203125,520.2105102539062
training_set_primary_roi_001,48619,4,522.0344848632812,582.2413940429688
training_set_primary_roi_001,48622,7,914.4500122070312,586.7999877929688
training_set_primary_roi_001,48641,1,770.3499755859375,618.4500122070312
training_set_primary_roi_001,48664,1,507.75,652.0
training_set_primary_roi_001,48683,1,984.375,690.0625
training_set_primary_roi_001,48703,0,249.0869598388672,717.2174072265625
training_set_primary_roi_001,48707,6,547.5,718.1428833007812
training_set_primary_roi_001,48715,1,813.3928833007812,732.0357055664062
training_set_primary_roi_001,48724,6,471.15789794921875,751.1052856445312
training_set_primary_roi_001,48734,0,127.95833587646484,768.75
training_set_primary_roi_001,48737,6,275.3636474609375,765.8181762695312
training_set_primary_roi_001,48783,6,706.0,828.5333251953125
training_set_primary_roi_001,48819,6,986.7999877929688,888.1333618164062
training_set_primary_roi_001,48832,6,491.5,902.0714111328125
training_set_primary_roi_001,48855,6,898.4000244140625,936.6799926757812
training_set_primary_roi_001,48857,0,117.52381134033203,936.047607421875
training_set_primary_roi_001,48861,1,715.1738891601562,947.521728515625
training_set_primary_roi_001,48881,6,927.0,984.0416870117188
training_set_primary_roi_001,48890,1,469.3999938964844,998.9666748046875
training_set_primary_roi_001,48895,6,927.5357055664062,1003.4642944335938
training_set_primary_roi_001,48905,3,298.1000061035156,1020.0999755859375
training_set_primary_roi_001,48909,0,46.71428680419922,892.9796142578125
training_set_primary_roi_001,48911,3,948.25,454.5
training_set_primary_roi_001,48915,3,862.1851806640625,461.629638671875
training_set_primary_roi_001,48921,6,743.89794921875,328.6938781738281
training_set_primary_roi_001,48922,9,962.0,207.9166717529297
training_set_primary_roi_001,48923,9,976.3200073242188,164.44000244140625
training_set_primary_roi_001,48925,6,923.0,234.0
training_set_primary_roi_002,48926,0,51.400001525878906,1.7999999523162842
training_set_primary_roi_002,48927,0,697.25,1.25
training_set_primary_roi_002,48928,0,183.5,1.25
training_set_primary_roi_002,48971,0,842.5833129882812,126.83333587646484
training_set_primary_roi_002,48978,0,389.3636474609375,164.81817626953125
training_set_primary_roi_002,48989,0,230.0,196.0833282470703
training_set_primary_roi_002,49007,0,732.1875,262.375
training_set_primary_roi_002,49016,0,376.0,278.75
training_set_primary_roi_002,49039,0,860.4545288085938,341.9090881347656
training_set_primary_roi_002,49068,0,640.5,423.125
training_set_primary_roi_002,49100,0,530.1666870117188,530.6666870117188
training_set_primary_roi_002,49115,0,1021.4000244140625,584.5999755859375
training_set_primary_roi_002,49116,0,713.0,591.6428833007812
training_set_primary_roi_002,49160,0,742.5,692.75
training_set_primary_roi_002,49163,0,566.3333129882812,694.2222290039062
training_set_primary_roi_002,49174,0,1022.5,737.25
training_set_primary_roi_002,49202,0,477.5454406738281,785.9091186523438
training_set_primary_roi_002,49205,0,37.92856979370117,795.2857055664062
training_set_primary_roi_002,49206,0,511.18182373046875,798.0908813476562
training_set_primary_roi_002,49230,0,228.3000030517578,848.2999877929688
training_set_primary_roi_002,49233,0,743.375,854.375
training_set_primary_roi_002,49258,0,256.0,902.111083984375
training_set_primary_roi_002,49274,0,251.2857208251953,938.2142944335938
training_set_primary_roi_002,49288,0,606.625,963.5
training_set_primary_roi_002,49301,0,890.0,983.25
training_set_primary_roi_002,49310,0,658.625,1009.5
training_set_primary_roi_002,49323,0,695.888916015625,1017.0555419921875
training_set_primary_roi_002,49331,0,263.058837890625,529.6470336914062
training_set_primary_roi_002,49346,0,524.952392578125,39.82539749145508
training_set_primary_roi_003,49351,0,328.3999938964844,3.0
training_set_primary_roi_003,49352,0,422.0,3.5999999046325684
training_set_primary_roi_003,49356,1,605.2000122070312,2.200000047683716
training_set_primary_roi_003,49360,1,792.5714111328125,5.714285850524902
training_set_primary_roi_003,49405,1,593.5,74.625
training_set_primary_roi_003,49426,0,154.92308044433594,104.46154022216797
training_set_primary_roi_003,49429,1,1021.7999877929688,96.0
training_set_primary_roi_003,49448,0,216.0,127.80000305175781
training_set_primary_roi_003,49469,0,209.8000030517578,151.60000610351562
training_set_primary_roi_003,49481,6,836.3333129882812,171.5
training_set_primary_roi_003,49522,1,903.875,222.75
training_set_primary_roi_003,49548,6,913.4000244140625,249.1999969482422
training_set_primary_roi_003,49552,6,1000.4444580078125,261.8888854980469
training_set_primary_roi_003,49583,6,1021.1666870117188,309.8333435058594
training_set_primary_roi_003,49606,0,130.8000030517578,348.3999938964844
training_set_primary_roi_003,49668,0,259.1111145019531,438.4444580078125
training_set_primary_roi_003,49674,1,1001.0,445.5555419921875
training_set_primary_roi_003,49700,0,365.3999938964844,482.8999938964844
training_set_primary_roi_003,49767,0,23.636363983154297,619.1818237304688
training_set_primary_roi_003,49794,0,1022.75,668.0
training_set_primary_roi_003,49810,7,775.0,685.9000244140625
training_set_primary_roi_003,49824,0,935.0,723.4000244140625
training_set_primary_roi_003,49865,1,1019.8571166992188,777.1428833007812
training_set_primary_roi_003,49876,0,632.4444580078125,794.6666870117188
training_set_primary_roi_003,49915,0,259.25,859.625
training_set_primary_roi_003,49945,1,748.2000122070312,899.5
training_set_primary_roi_003,49973,0,118.15384674072266,962.2307739257812
training_set_primary_roi_003,49999,0,54.0,1012.5714111328125
training_set_primary_roi_003,50007,0,768.2000122070312,1018.4000244140625
training_set_primary_roi_003,50008,0,839.2000122070312,1021.2000122070312
training_set_primary_roi_003,50023,0,111.35294342041016,609.7058715820312
training_set_primary_roi_003,50027,0,288.75,358.6875
training_set_primary_roi_004,50064,0,779.3333129882812,100.70833587646484
training_set_primary_roi_004,50169,8,1003.0,426.97369384765625
training_set_primary_roi_004,50259,0,767.5,699.9117431640625
training_set_primary_roi_004,50263,3,124.86956787109375,707.0869750976562
training_set_primary_roi_004,50282,3,181.75999450683594,747.2000122070312
training_set_primary_roi_004,50294,1,1.3333333730697632,785.8333129882812
training_set_primary_roi_004,50305,1,31.30769157409668,808.4615478515625
training_set_primary_roi_004,50314,0,860.1153564453125,836.1153564453125
training_set_primary_roi_004,50360,7,183.8000030517578,925.2000122070312
training_set_primary_roi_004,50368,0,1017.3846435546875,944.923095703125
training_set_primary_roi_004,50394,0,467.1666564941406,1014.6666870117188
training_set_primary_roi_004,50397,0,344.27777099609375,1008.0833129882812
training_set_primary_roi_004,50404,0,944.8648681640625,966.2432250976562
training_set_primary_roi_005,50684,1,793.5,534.25
training_set_primary_roi_005,50724,3,309.8999938964844,614.5999755859375
training_set_primary_roi_005,50815,0,567.0,973.8333129882812
training_set_primary_roi_005,50826,0,510.79998779296875,1021.4000244140625
training_set_primary_roi_005,50827,0,549.8571166992188,1020.5714111328125
training_set_primary_roi_005,50828,0,573.7142944335938,1021.8571166992188
training_set_primary_roi_006,50831,7,788.6363525390625,8.909090995788574
training_set_primary_roi_006,50832,7,807.0,7.833333492279053
training_set_primary_roi_006,50836,0,8.142857551574707,15.428571701049805
training_set_primary_roi_006,50846,0,258.5555419921875,61.44444274902344
training_set_primary_roi_006,50851,7,782.478271484375,80.78260803222656
training_set_primary_roi_006,50861,0,52.25,110.625
training_set_primary_roi_006,50862,0,292.0,111.77777862548828
training_set_primary_roi_006,50864,7,774.8571166992188,119.14286041259766
training_set_primary_roi_006,50870,0,162.72222900390625,160.05555725097656
training_set_primary_roi_006,50887,7,761.7000122070312,214.39999389648438
training_set_primary_roi_006,50937,0,180.0,382.5555419921875
training_set_primary_roi_006,50940,7,724.2000122070312,390.20001220703125
training_set_primary_roi_006,50956,0,346.3999938964844,447.29998779296875
training_set_primary_roi_006,50986,6,315.18182373046875,541.1818237304688
training_set_primary_roi_006,50993,0,6.4285712242126465,566.4285888671875
training_set_primary_roi_006,51033,7,639.875,705.5
training_set_primary_roi_006,51057,1,236.625,772.0
training_set_primary_roi_006,51094,3,237.2857208251953,982.8571166992188
training_set_primary_roi_006,51100,4,1006.9285888671875,431.4285583496094
training_set_primary_roi_006,51107,0,25.33333396911621,134.0
training_set_primary_roi_006,51110,0,38.375,290.1875
training_set_primary_roi_006,51113,6,126.56749725341797,695.59375
training_set_primary_roi_007,51115,0,988.1666870117188,2.6666667461395264
training_set_primary_roi_007,51138,0,321.9285583496094,96.14286041259766
training_set_primary_roi_007,51168,6,679.5599975585938,178.1199951171875
training_set_primary_roi_007,51181,0,855.272705078125,213.09091186523438
training_set_primary_roi_007,51206,7,1005.5454711914062,297.3636474609375
training_set_primary_roi_007,51217,7,937.8333129882812,331.5
training_set_primary_roi_007,51260,4,786.3333129882812,438.1111145019531
training_set_primary_roi_007,51303,4,408.4615478515625,591.5384521484375
training_set_primary_roi_007,51304,6,560.875,594.75
training_set_primary_roi_007,51310,6,408.9444580078125,645.6666870117188
training_set_primary_roi_007,51329,6,361.5,720.9000244140625
training_set_primary_roi_007,51340,4,402.6666564941406,753.111083984375
training_set_primary_roi_007,51354,4,341.0909118652344,828.4545288085938
training_set_primary_roi_007,51364,7,855.75,862.5
training_set_primary_roi_007,51374,1,696.6666870117188,932.8333129882812
training_set_primary_roi_007,51388,7,724.0,1018.2000122070312
training_set_primary_roi_007,51401,6,706.73681640625,111.89473724365234
training_set_primary_roi_007,51410,4,626.5047607421875,980.8475952148438
training_set_primary_roi_007,51411,4,660.875,965.2916870117188
training_set_primary_roi_007,51412,4,336.7391357421875,665.45654296875
training_set_primary_roi_007,51415,0,981.3076782226562,73.53845977783203
training_set_primary_roi_007,51417,0,923.5454711914062,32.54545593261719
training_set_primary_roi_007,51418,0,843.0555419921875,27.83333396911621
training_set_primary_roi_007,51419,0,763.4666748046875,106.80000305175781
training_set_primary_roi_007,51427,0,792.7825927734375,285.7608642578125
training_set_primary_roi_008,51435,0,126.26087188720703,4.3913044929504395
training_set_primary_roi_008,51436,0,202.09091186523438,3.3636362552642822
training_set_primary_roi_008,51441,0,944.0,5.095238208770752
training_set_primary_roi_008,51450,0,790.0392456054688,30.039215087890625
training_set_primary_roi_008,51459,0,657.9629516601562,43.925926208496094
training_set_primary_roi_008,51463,0,794.0800170898438,45.79999923706055
training_set_primary_roi_008,51464,0,986.8333129882812,50.41666793823242
training_set_primary_roi_008,51539,0,263.9677429199219,241.0
training_set_primary_roi_008,51557,0,664.4193725585938,275.1290283203125
training_set_primary_roi_008,51573,0,691.5925903320312,296.370361328125
training_set_primary_roi_008,51608,7,593.7857055664062,370.73809814453125
training_set_primary_roi_008,51611,0,207.2127685546875,381.5957336425781
training_set_primary_roi_008,51619,0,1019.8571166992188,397.9047546386719
training_set_primary_roi_008,51634,0,962.6451416015625,428.1290283203125
training_set_primary_roi_008,51640,0,598.441162109375,446.0
training_set_primary_roi_008,51657,0,48.945945739746094,471.02703857421875
training_set_primary_roi_008,51701,0,67.13888549804688,574.0833129882812
training_set_primary_roi_008,51712,0,632.9285888671875,596.0
training_set_primary_roi_008,51714,0,156.31666564941406,610.6166381835938
training_set_primary_roi_008,51715,0,528.7045288085938,604.3181762695312
training_set_primary_roi_008,51732,0,132.10000610351562,642.4666748046875
training_set_primary_roi_008,51750,0,751.59521484375,681.59521484375
training_set_primary_roi_008,51780,0,453.741943359375,756.9515991210938
training_set_primary_roi_008,51806,0,9.692307472229004,809.423095703125
training_set_primary_roi_008,51808,0,201.028564453125,804.5142822265625
training_set_primary_roi_008,51812,0,478.10870361328125,816.6738891601562
training_set_primary_roi_008,51822,0,439.44000244140625,834.4000244140625
training_set_primary_roi_008,51869,0,692.4444580078125,953.75
training_set_primary_roi_008,51874,0,321.4193420410156,967.0968017578125
training_set_primary_roi_008,51886,0,673.7777709960938,1000.111083984375
training_set_primary_roi_008,51887,0,134.71641540527344,1007.7164306640625
training_set_primary_roi_008,51898,0,276.46392822265625,990.7216796875
training_set_primary_roi_008,51899,0,865.4197387695312,994.0123291015625
training_set_primary_roi_008,51903,0,714.3800048828125,59.939998626708984
training_set_primary_roi_008,51915,0,433.7323913574219,536.957763671875
training_set_primary_roi_009,51923,0,467.77777099609375,5.0
training_set_primary_roi_009,51929,0,841.1538696289062,14.615385055541992
training_set_primary_roi_009,51993,0,890.2352905273438,150.64706420898438
training_set_primary_roi_009,52031,0,389.81817626953125,221.09091186523438
training_set_primary_roi_009,52050,1,1020.4000244140625,248.39999389648438
training_set_primary_roi_009,52144,0,153.3333282470703,461.3333435058594
training_set_primary_roi_009,52147,0,127.38461303710938,467.76922607421875
training_set_primary_roi_009,52203,0,678.2999877929688,568.2000122070312
training_set_primary_roi_009,52230,0,64.22222137451172,613.3333129882812
training_set_primary_roi_009,52244,0,184.85714721679688,628.0
training_set_primary_roi_009,52252,0,772.6400146484375,645.9199829101562
training_set_primary_roi_009,52253,0,824.3333129882812,639.111083984375
training_set_primary_roi_009,52270,0,729.625,669.625
training_set_primary_roi_009,52340,0,804.4545288085938,821.6363525390625
training_set_primary_roi_009,52345,0,606.0,830.272705078125
training_set_primary_roi_009,52353,0,207.5454559326172,844.8181762695312
training_set_primary_roi_009,52357,0,986.5454711914062,851.272705078125
training_set_primary_roi_009,52365,0,184.5,857.3333129882812
training_set_primary_roi_009,52382,0,829.5833129882812,904.1666870117188
training_set_primary_roi_009,52430,0,372.3846130371094,991.2307739257812
training_set_primary_roi_009,52432,0,903.521728515625,996.1738891601562
training_set_primary_roi_009,52434,0,1019.5,998.0
training_set_primary_roi_009,52441,0,574.375,1015.875
training_set_primary_roi_009,52444,0,141.3333282470703,1021.3333129882812
training_set_primary_roi_009,52445,0,290.71429443359375,904.25
training_set_primary_roi_009,52446,0,232.91488647460938,842.7659301757812
training_set_primary_roi_009,52464,0,462.4210510253906,667.4736938476562
training_set_primary_roi_009,52474,0,351.35577392578125,859.1578979492188
training_set_primary_roi_009,52475,0,405.0,607.25
training_set_primary_roi_010,52521,3,798.2963256835938,85.66666412353516
training_set_primary_roi_010,52631,0,839.4000244140625,418.5
training_set_primary_roi_010,52832,8,17.714284896850586,1018.5714111328125
training_set_primary_roi_010,52833,8,625.75,1022.0
training_set_primary_roi_010,52836,0,88.94444274902344,609.5
training_set_primary_roi_010,52839,0,148.0,557.7894897460938
training_set_primary_roi_010,52841,4,151.3333282470703,165.1999969482422
training_set_primary_roi_010,52851,8,401.3235168457031,885.7691040039062
training_set_primary_roi_011,52910,8,204.0,124.625
training_set_primary_roi_011,52930,8,987.7999877929688,170.89999389648438
training_set_primary_roi_011,52956,8,763.058837890625,238.2941131591797
training_set_primary_roi_011,52969,0,662.8181762695312,263.2727355957031
training_set_primary_roi_011,53028,0,659.4000244140625,411.70001220703125
training_set_primary_roi_011,53033,0,734.933349609375,437.1333312988281
training_set_primary_roi_011,53042,3,1016.8571166992188,445.71429443359375
training_set_primary_roi_011,53148,6,1016.2000122070312,719.5
training_set_primary_roi_011,53175,1,997.0,797.375
training_set_primary_roi_011,53230,8,364.3333435058594,947.4444580078125
training_set_primary_roi_011,53247,8,450.0,979.0
training_set_primary_roi_011,53248,8,715.2999877929688,984.2000122070312
training_set_primary_roi_011,53267,8,736.5,1019.3333129882812
training_set_primary_roi_011,53272,3,560.0652465820312,699.6956787109375
training_set_primary_roi_011,53275,8,426.39215087890625,66.86274719238281
training_set_primary_roi_011,53276,0,613.0908813476562,325.4254455566406
training_set_primary_roi_011,53277,6,317.8717956542969,398.21795654296875
training_set_primary_roi_011,53281,8,333.6901550292969,915.3239135742188
training_set_primary_roi_012,53290,8,962.8571166992188,6.142857074737549
training_set_primary_roi_012,53291,8,984.625,4.5
training_set_primary_roi_012,53336,7,564.1538696289062,188.3076934814453
training_set_primary_roi_012,53464,3,701.6363525390625,585.6363525390625
training_set_primary_roi_012,53483,8,1020.7142944335938,651.5714111328125
training_set_primary_roi_012,53599,8,877.5675659179688,15.810811042785645
training_set_primary_roi_013,53612,0,91.5,24.6875
training_set_primary_roi_013,53620,3,698.0,39.599998474121094
training_set_primary_roi_013,53647,8,229.3333282470703,93.58333587646484
training_set_primary_roi_013,53660,3,911.625,127.625
training_set_primary_roi_013,53688,0,258.1333312988281,221.39999389648438
training_set_primary_roi_013,53726,0,62.0,347.4285583496094
training_set_primary_roi_013,53737,8,346.1111145019531,400.0
training_set_primary_roi_013,53758,1,497.4285583496094,439.0
training_set_primary_roi_013,53759,8,267.3999938964844,438.6000061035156
training_set_primary_roi_013,53846,3,449.4285583496094,663.7142944335938
training_set_primary_roi_013,53898,3,583.111083984375,779.7777709960938
training_set_primary_roi_013,54034,7,858.3333129882812,1020.8333129882812
training_set_primary_roi_013,54036,3,160.85714721679688,1011.5
training_set_primary_roi_013,54038,4,164.20614624023438,530.390380859375
training_set_primary_roi_014,54059,0,1018.9444580078125,45.38888931274414
training_set_primary_roi_014,54062,6,220.0,47.421051025390625
training_set_primary_roi_014,54134,0,877.3636474609375,432.0
training_set_primary_roi_014,54163,0,769.05712890625,535.1428833007812
training_set_primary_roi_014,54196,3,186.6923065185547,691.5384521484375
training_set_primary_roi_014,54255,0,890.5925903320312,939.111083984375
training_set_primary_roi_014,54274,0,376.4034118652344,1013.0965576171875
training_set_primary_roi_014,54280,6,687.8485107421875,396.242431640625
training_set_primary_roi_014,54282,6,770.1818237304688,490.4181823730469
training_set_primary_roi_014,54296,6,828.8786010742188,18.135713577270508
training_set_primary_roi_015,54316,0,1015.5294189453125,11.588234901428223
training_set_primary_roi_015,54337,3,246.65516662597656,48.55172348022461
training_set_primary_roi_015,54361,0,981.9796142578125,104.48979949951172
training_set_primary_roi_015,54378,0,755.5609741210938,141.8292694091797
training_set_primary_roi_015,54390,1,261.625,152.4375
training_set_primary_roi_015,54423,0,703.772705078125,222.81817626953125
training_set_primary_roi_015,54426,0,655.0,242.9375
training_set_primary_roi_015,54452,0,587.48779296875,312.6585388183594
training_set_primary_roi_015,54491,0,720.25,398.0416564941406
training_set_primary_roi_015,54647,0,911.75,774.625
training_set_primary_roi_015,54721,0,146.06349182128906,965.015869140625
training_set_primary_roi_015,54756,6,858.3863525390625,192.43182373046875
training_set_primary_roi_015,54760,0,921.2884521484375,927.2307739257812
training_set_primary_roi_015,54768,1,317.0869445800781,111.4565200805664
training_set_primary_roi_015,54777,1,432.0,845.6666870117188
training_set_primary_roi_015,54782,0,886.5,335.95001220703125
training_set_primary_roi_015,54784,0,960.4000244140625,696.90771484375
training_set_primary_roi_015,54792,0,976.0302734375,389.81817626953125
training_set_primary_roi_015,54793,0,986.6400146484375,355.9599914550781
training_set_primary_roi_016,55148,0,868.6749877929688,508.17498779296875
training_set_primary_roi_016,55210,0,1020.5,603.6666870117188
training_set_primary_roi_016,55240,0,610.88525390625,669.0491943359375
training_set_primary_roi_016,55243,0,775.9786987304688,678.425537109375
training_set_primary_roi_016,55316,1,698.0244140625,810.8536376953125
training_set_primary_roi_016,55326,0,102.75,818.75
training_set_primary_roi_016,55364,0,717.0625,901.625
training_set_primary_roi_016,55435,0,789.3103637695312,470.0
training_set_primary_roi_016,55439,0,174.73529052734375,78.85294342041016
training_set_primary_roi_016,55449,0,903.559326171875,412.0
training_set_primary_roi_016,55450,0,27.24242401123047,718.9293212890625
training_set_primary_roi_017,55465,3,716.5499877929688,5.150000095367432
training_set_primary_roi_017,55497,1,818.0,92.52381134033203
training_set_primary_roi_017,55503,0,503.7916564941406,116.45833587646484
training_set_primary_roi_017,55537,7,875.6666870117188,245.44444274902344
training_set_primary_roi_017,55563,3,820.0833129882812,355.8888854980469
training_set_primary_roi_017,55592,3,1018.1363525390625,483.7272644042969
training_set_primary_roi_017,55644,3,946.0,649.3333129882812
training_set_primary_roi_017,55695,0,582.3636474609375,814.6363525390625
training_set_primary_roi_017,55768,6,950.1975708007812,115.93548583984375
training_set_primary_roi_018,55826,3,839.0,71.0
training_set_primary_roi_018,55883,3,790.625,184.875
training_set_primary_roi_018,55993,0,858.75,633.125
training_set_primary_roi_018,56025,7,119.2727279663086,805.0908813476562
training_set_primary_roi_018,56097,0,552.5294189453125,988.3333129882812
training_set_primary_roi_018,56100,0,730.2380981445312,523.8095092773438
training_set_primary_roi_018,56107,3,972.28125,181.46875
training_set_primary_roi_019,56256,7,126.70370483398438,356.0
training_set_primary_roi_019,56303,0,904.3555297851562,567.3778076171875
training_set_primary_roi_019,56308,6,155.27777099609375,577.0
training_set_primary_roi_019,56361,0,732.7857055664062,816.7142944335938
training_set_primary_roi_019,56396,0,643.1500244140625,971.7000122070312
training_set_primary_roi_019,56398,3,90.54762268066406,990.4761962890625
training_set_primary_roi_019,56415,6,195.41790771484375,828.0372924804688
training_set_primary_roi_019,56416,0,1011.7108154296875,686.1385498046875
training_set_primary_roi_019,56419,7,12.05660343170166,520.6792602539062
training_set_primary_roi_019,56421,7,177.60992431640625,411.10992431640625
training_set_primary_roi_020,56469,3,282.39129638671875,45.0
training_set_primary_roi_020,56749,0,929.0,641.7999877929688
training_set_primary_roi_020,56785,6,302.76470947265625,727.11767578125
training_set_primary_roi_020,56915,3,149.07272338867188,527.1272583007812
training_set_primary_roi_020,56917,3,20.457626342773438,114.03389739990234
training_set_primary_roi_020,56924,0,829.1182861328125,648.1935424804688
training_set_primary_roi_020,56942,6,245.65330505371094,442.9032897949219
training_set_primary_roi_021,56950,0,318.6153869628906,2.0
training_set_primary_roi_021,56954,0,627.4615478515625,4.846153736114502
training_set_primary_roi_021,57002,7,733.268310546875,59.53658676147461
training_set_primary_roi_021,57113,0,902.0499877929688,176.89999389648438
training_set_primary_roi_021,57144,7,649.7954711914062,227.34091186523438
training_set_primary_roi_021,57178,6,1020.8333129882812,267.0
training_set_primary_roi_021,57240,0,489.1000061035156,342.79998779296875
training_set_primary_roi_021,57242,0,438.28570556640625,343.80950927734375
training_set_primary_roi_021,57258,0,765.1599731445312,372.0400085449219
training_set_primary_roi_021,57308,0,683.5333251953125,423.20001220703125
training_set_primary_roi_021,57309,0,945.1764526367188,429.1470642089844
training_set_primary_roi_021,57342,9,351.8999938964844,468.3999938964844
training_set_primary_roi_021,57412,6,976.1538696289062,560.923095703125
training_set_primary_roi_021,57416,0,682.8055419921875,573.611083984375
training_set_primary_roi_021,57463,0,676.26318359375,621.4736938476562
training_set_primary_roi_021,57499,0,814.48486328125,668.272705078125
training_set_primary_roi_021,57502,0,577.8157958984375,666.631591796875
training_set_primary_roi_021,57590,0,897.5908813476562,776.5454711914062
training_set_primary_roi_021,57609,0,80.08333587646484,805.9166870117188
training_set_primary_roi_021,57637,0,253.3478240966797,840.0869750976562
training_set_primary_roi_021,57657,0,402.23809814453125,865.1428833007812
training_set_primary_roi_021,57681,0,7.4375,904.5625
training_set_primary_roi_021,57730,0,460.5,958.5
training_set_primary_roi_021,57776,0,59.979591369628906,872.4693603515625
training_set_primary_roi_021,57779,0,446.7916564941406,898.7291870117188
training_set_primary_roi_022,57813,7,589.3636474609375,59.95454406738281
training_set_primary_roi_022,57840,0,922.9583129882812,115.70833587646484
training_set_primary_roi_022,57865,6,593.9583129882812,165.5833282470703
training_set_primary_roi_022,57935,7,112.59091186523438,375.93182373046875
training_set_primary_roi_022,58051,8,460.28125,755.53125
training_set_primary_roi_022,58161,7,258.96429443359375,275.98809814453125
training_set_primary_roi_023,58176,0,606.4091186523438,23.863636016845703
training_set_primary_roi_023,58218,0,794.9310302734375,122.55172729492188
training_set_primary_roi_023,58274,6,688.0370483398438,273.8148193359375
training_set_primary_roi_023,58316,0,911.131591796875,385.368408203125
training_set_primary_roi_023,58433,0,895.47998046875,689.3200073242188
training_set_primary_roi_023,58490,0,628.3448486328125,817.4483032226562
training_set_primary_roi_023,58535,6,785.9199829101562,909.4400024414062
training_set_primary_roi_023,58537,0,562.6666870117188,921.0370483398438
training_set_primary_roi_023,58576,0,424.6153869628906,1013.9615478515625
training_set_primary_roi_023,58587,0,428.20001220703125,11.871428489685059
training_set_primary_roi_023,58588,0,720.84375,228.84375
training_set_primary_roi_023,58589,6,460.5882263183594,367.29412841796875
training_set_primary_roi_023,58594,0,805.5820922851562,87.9552230834961
training_set_primary_roi_023,58595,0,496.2755126953125,153.37754821777344
training_set_primary_roi_023,58596,4,319.75,669.701416015625
training_set_primary_roi_023,58599,6,483.2096862792969,967.5
training_set_primary_roi_023,58602,6,714.3076782226562,274.0769348144531
training_set_primary_roi_023,58605,0,871.2750244140625,300.63751220703125
training_set_primary_roi_023,58607,6,208.74359130859375,453.6153869628906
training_set_primary_roi_024,58611,1,86.75,3.5833332538604736
training_set_primary_roi_024,58618,0,665.4444580078125,5.94444465637207
training_set_primary_roi_024,58632,3,76.59091186523438,49.068180084228516
training_set_primary_roi_024,58656,0,851.47998046875,119.4800033569336
training_set_primary_roi_024,58689,0,894.2941284179688,177.23529052734375
training_set_primary_roi_024,58727,0,669.047607421875,266.19049072265625
training_set_primary_roi_024,58730,0,606.5714111328125,288.653076171875
training_set_primary_roi_024,58735,0,703.9375,291.53125
training_set_primary_roi_024,58744,0,990.4545288085938,302.4545593261719
training_set_primary_roi_024,58757,0,132.625,339.9166564941406
training_set_primary_roi_024,58770,1,33.20000076293945,384.3999938964844
training_set_primary_roi_024,58781,0,316.6190490722656,407.5714416503906
training_set_primary_roi_024,58797,0,622.7000122070312,446.73333740234375
training_set_primary_roi_024,58841,3,837.9091186523438,522.4545288085938
training_set_primary_roi_024,58845,0,574.7714233398438,532.5714111328125
training_set_primary_roi_024,58982,0,227.0,764.11767578125
training_set_primary_roi_024,59005,0,188.5294189453125,790.88232421875
training_set_primary_roi_024,59013,0,176.3333282470703,808.2142944335938
training_set_primary_roi_024,59017,0,284.25,816.6071166992188
training_set_primary_roi_024,59021,0,363.26922607421875,814.9615478515625
training_set_primary_roi_024,59038,0,33.5,844.73681640625
training_set_primary_roi_024,59043,0,1003.75,849.53125
training_set_primary_roi_024,59060,0,63.77777862548828,870.888916015625
training_set_primary_roi_024,59092,6,244.25,915.5
training_set_primary_roi_024,59148,7,244.2105255126953,374.40350341796875
training_set_primary_roi_024,59150,7,215.98924255371094,374.5376281738281
training_set_primary_roi_024,59155,0,520.0487670898438,820.3414916992188
training_set_primary_roi_024,59161,1,870.2391357421875,633.3695678710938
training_set_primary_roi_025,59242,0,509.631591796875,348.8947448730469
training_set_primary_roi_025,59295,0,384.4814758300781,552.6666870117188
training_set_primary_roi_025,59435,0,768.3716430664062,822.8648681640625
training_set_primary_roi_026,59480,8,991.4615478515625,100.61538696289062
training_set_primary_roi_026,59564,3,387.4347839355469,403.0434875488281
training_set_primary_roi_026,59607,6,573.5757446289062,634.8787841796875
training_set_primary_roi_026,59608,6,584.0731811523438,643.0975341796875
training_set_primary_roi_026,59628,0,697.9302368164062,726.18603515625
training_set_primary_roi_026,59650,0,747.4000244140625,827.4666748046875
training_set_primary_roi_026,59696,0,484.9333190917969,1017.933349609375
training_set_primary_roi_026,59701,4,624.8846435546875,238.03846740722656
training_set_primary_roi_026,59707,8,472.3666687011719,932.316650390625
training_set_primary_roi_027,59805,0,589.0,335.20001220703125
training_set_primary_roi_027,59971,0,1007.7999877929688,1002.4210815429688
training_set_primary_roi_027,59978,0,647.98388671875,711.48388671875
training_set_primary_roi_027,59985,9,407.23529052734375,67.47058868408203
training_set_primary_roi_027,59989,0,163.39385986328125,140.68994140625
training_set_primary_roi_028,60052,0,917.2000122070312,205.53334045410156
training_set_primary_roi_028,60091,0,448.2272644042969,380.75
training_set_primary_roi_028,60116,0,275.6785583496094,493.5
training_set_primary_roi_028,60201,0,322.0,889.6666870117188
training_set_primary_roi_028,60235,0,96.39622497558594,371.82073974609375
training_set_primary_roi_028,60244,0,868.977294921875,144.18182373046875
training_set_primary_roi_028,60245,0,942.7249755859375,215.5500030517578
training_set_primary_roi_028,60252,0,396.306396484375,319.8768615722656
training_set_primary_roi_028,60255,0,67.81481170654297,505.03704833984375
training_set_primary_roi_028,60270,1,763.0853881835938,575.6951293945312
training_set_primary_roi_028,60273,0,190.34230041503906,504.4230651855469
training_set_primary_roi_028,60277,0,926.2561645507812,287.1058349609375
training_set_primary_roi_028,60278,0,974.5265502929688,846.9107055664062
training_set_primary_roi_028,60279,0,757.164794921875,914.3798828125
training_set_primary_roi_028,60282,0,778.5062866210938,759.3383178710938
training_set_primary_roi_029,60295,6,554.2222290039062,13.666666984558105
training_set_primary_roi_029,60306,1,755.5384521484375,52.153846740722656
training_set_primary_roi_029,60527,6,422.86956787109375,601.4347534179688
training_set_primary_roi_029,60672,6,1012.8181762695312,1018.5454711914062
training_set_primary_roi_029,60675,6,511.1470642089844,318.3235168457031
training_set_primary_roi_030,60700,0,360.97222900390625,104.91666412353516
training_set_primary_roi_030,60718,0,441.2727355957031,228.09091186523438
training_set_primary_roi_030,60756,0,544.6153564453125,431.5
training_set_primary_roi_030,60765,3,1015.862060546875,486.3793029785156
training_set_primary_roi_030,60795,1,802.8499755859375,617.5499877929688
training_set_primary_roi_030,60807,0,266.9310302734375,677.5516967773438
training_set_primary_roi_030,60827,3,1020.5555419921875,760.3333129882812
training_set_primary_roi_030,60829,0,296.9032287597656,771.741943359375
training_set_primary_roi_030,60914,3,948.2963256835938,674.3333129882812
training_set_primary_roi_031,61016,1,1.125,160.875
training_set_primary_roi_031,61055,0,850.131591796875,263.7368469238281
training_set_primary_roi_031,61072,1,289.368408203125,314.631591796875
training_set_primary_roi_031,61147,3,270.6216125488281,597.2161865234375
training_set_primary_roi_031,61154,1,209.57142639160156,626.1428833007812
training_set_primary_roi_031,61226,4,263.1136474609375,929.272705078125
training_set_primary_roi_031,61252,4,320.4328308105469,947.8059692382812
training_set_primary_roi_031,61263,4,901.980224609375,760.2079467773438
training_set_primary_roi_031,61266,4,1016.9642944335938,643.5
training_set_primary_roi_031,61269,0,781.9479370117188,540.3854370117188
training_set_primary_roi_031,61279,4,438.4117736816406,557.11767578125
training_set_primary_roi_031,61283,0,862.6336669921875,584.5148315429688
training_set_primary_roi_031,61289,1,595.9302368164062,467.8604736328125
training_set_primary_roi_032,61295,0,113.0,1.5
training_set_primary_roi_032,61304,0,107.3043441772461,15.043478012084961
training_set_primary_roi_032,61305,0,74.46428680419922,19.535715103149414
training_set_primary_roi_032,61348,0,318.9459533691406,98.0810775756836
training_set_primary_roi_032,61379,0,705.0908813476562,146.77272033691406
training_set_primary_roi_032,61388,6,496.941162109375,171.0
training_set_primary_roi_032,61452,3,851.51611328125,292.258056640625
training_set_primary_roi_032,61453,0,15.5,297.9615478515625
training_set_primary_roi_032,61484,0,506.952392578125,362.23809814453125
training_set_primary_roi_032,61655,0,11.19565200805664,864.2391357421875
training_set_primary_roi_032,61703,4,109.63605499267578,945.3745727539062
training_set_primary_roi_032,61704,4,391.4200134277344,225.0800018310547
training_set_primary_roi_033,61743,0,1015.6666870117188,124.33333587646484
training_set_primary_roi_033,61818,6,2.904761791229248,320.3809509277344
training_set_primary_roi_033,61851,6,609.5555419921875,411.5555419921875
training_set_primary_roi_033,61864,0,433.6551818847656,428.4482727050781
training_set_primary_roi_033,61913,0,356.2368469238281,589.7894897460938
training_set_primary_roi_033,61923,6,681.0968017578125,636.9354858398438
training_set_primary_roi_033,62066,1,353.9599914550781,1001.8800048828125
training_set_primary_roi_034,62101,0,725.2963256835938,5.037036895751953
training_set_primary_roi_034,62248,0,409.18182373046875,495.18182373046875
training_set_primary_roi_034,62304,0,353.7105407714844,670.5526123046875
training_set_primary_roi_034,62362,0,818.0714111328125,874.1190185546875
training_set_primary_roi_034,62410,4,572.719482421875,320.7803649902344
training_set_primary_roi_035,62420,0,335.375,9.0
training_set_primary_roi_035,62422,0,525.0,0.4000000059604645
training_set_primary_roi_035,62447,0,157.2941131591797,43.911766052246094
training_set_primary_roi_035,62574,0,941.977294921875,331.5454406738281
training_set_primary_roi_035,62616,6,326.1111145019531,404.27777099609375
training_set_primary_roi_035,62901,0,174.1764678955078,1017.2941284179688
training_set_primary_roi_035,62911,0,794.6551513671875,553.1034545898438
training_set_primary_roi_036,62919,6,8.3125,6.3125
training_set_primary_roi_036,62920,0,250.1999969482422,4.849999904632568
training_set_primary_roi_036,62942,0,295.26666259765625,18.5
training_set_primary_roi_036,62961,8,704.9629516601562,62.11111068725586
training_set_primary_roi_036,63001,8,658.4185791015625,144.8372039794922
training_set_primary_roi_036,63007,0,1021.7999877929688,139.39999389648438
training_set_primary_roi_036,63030,8,602.6666870117188,205.92857360839844
training_set_primary_roi_036,63038,6,275.625,222.75
training_set_primary_roi_036,63043,0,965.4444580078125,238.0
training_set_primary_roi_036,63064,6,292.8333435058594,307.6666564941406
training_set_primary_roi_036,63076,6,20.935483932495117,303.0
training_set_primary_roi_036,63090,6,122.5,320.1875
training_set_primary_roi_036,63092,0,615.4117431640625,327.26470947265625
training_set_primary_roi_036,63102,0,916.2857055664062,340.1785583496094
training_set_primary_roi_036,63123,0,807.5428466796875,376.8571472167969
training_set_primary_roi_036,63133,6,207.64515686035156,388.1612854003906
training_set_primary_roi_036,63155,0,964.9285888671875,427.5
training_set_primary_roi_036,63165,6,288.2758483886719,447.4137878417969
training_set_primary_roi_036,63194,8,1015.2222290039062,539.5555419921875
training_set_primary_roi_036,63230,1,260.1052551269531,562.0
training_set_primary_roi_036,63234,6,631.75,565.5
training_set_primary_roi_036,63238,6,521.1290283203125,570.3870849609375
training_set_primary_roi_036,63278,1,500.95001220703125,651.7000122070312
training_set_primary_roi_036,63299,6,43.0,710.1538696289062
training_set_primary_roi_036,63303,1,407.9599914550781,713.5999755859375
training_set_primary_roi_036,63340,6,249.08570861816406,792.8285522460938
training_set_primary_roi_036,63396,6,723.8197021484375,912.2459106445312
training_set_primary_roi_036,63403,6,57.1566276550293,949.831298828125
training_set_primary_roi_036,63418,6,689.7999877929688,988.52001953125
training_set_primary_roi_036,63446,0,595.727294921875,763.7120971679688
training_set_primary_roi_036,63447,6,557.260009765625,585.3800048828125
training_set_primary_roi_036,63450,6,256.5797119140625,168.6666717529297
training_set_primary_roi_037,63565,0,644.7647094726562,317.3529357910156
training_set_primary_roi_037,63692,0,382.9259338378906,636.8518676757812
training_set_primary_roi_037,63808,0,8.384614944458008,1014.8461303710938
training_set_primary_roi_037,63810,4,424.40740966796875,745.8518676757812
training_set_primary_roi_037,63813,6,32.11111068725586,825.5
training_set_primary_roi_037,63816,3,957.6145629882812,360.0625
training_set_primary_roi_037,63817,3,689.88232421875,437.6666564941406
training_set_primary_roi_037,63820,1,657.9285888671875,461.5714416503906
training_set_primary_roi_037,63822,1,710.1052856445312,505.6842041015625
training_set_primary_roi_037,63824,6,356.4626770019531,731.7959594726562
training_set_primary_roi_038,63827,0,747.368408203125,5.315789699554443
training_set_primary_roi_038,63831,8,939.6666870117188,14.55555534362793
training_set_primary_roi_038,63861,0,729.5484008789062,122.80644989013672
training_set_primary_roi_038,63887,0,592.5,236.0
training_set_primary_roi_038,63907,0,702.3333129882812,288.27777099609375
training_set_primary_roi_038,63920,0,48.876922607421875,335.5846252441406
training_set_primary_roi_038,63922,0,618.7777709960938,331.4444580078125
training_set_primary_roi_038,63943,6,466.6153869628906,384.6153869628906
training_set_primary_roi_038,63946,6,354.7391357421875,394.39129638671875
training_set_primary_roi_038,63996,1,411.239990234375,528.8800048828125
training_set_primary_roi_038,64036,0,818.6935424804688,677.3709716796875
training_set_primary_roi_038,64077,1,416.5,813.25
training_set_primary_roi_038,64103,6,4.384615421295166,864.3846435546875
training_set_primary_roi_038,64108,3,196.13333129882812,879.4666748046875
training_set_primary_roi_038,64127,0,758.0,915.6400146484375
training_set_primary_roi_038,64129,3,62.33333206176758,917.6666870117188
training_set_primary_roi_038,64149,6,736.4444580078125,963.3333129882812
training_set_primary_roi_038,64170,6,986.25,981.9500122070312
training_set_primary_roi_038,64171,6,982.25,984.5
training_set_primary_roi_038,64186,1,174.3157958984375,1014.4736938476562
training_set_primary_roi_038,64187,6,71.125,1015.6875
training_set_primary_roi_038,64201,0,292.484130859375,814.5555419921875
training_set_primary_roi_038,64208,1,795.3333129882812,62.04166793823242
training_set_primary_roi_038,64209,0,824.7222290039062,359.0
training_set_primary_roi_039,64287,6,339.29412841796875,130.1764678955078
training_set_primary_roi_039,64298,6,962.1785888671875,163.67857360839844
training_set_primary_roi_039,64325,0,98.69999694824219,215.8249969482422
training_set_primary_roi_039,64388,6,265.8235168457031,336.70587158203125
training_set_primary_roi_039,64467,0,96.10526275634766,537.7894897460938
training_set_primary_roi_039,64533,0,242.89999389648438,672.739990234375
training_set_primary_roi_039,64545,1,248.9199981689453,693.5999755859375
training_set_primary_roi_039,64629,1,766.7777709960938,931.25927734375
training_set_primary_roi_039,64635,3,635.4833374023438,964.3333129882812
training_set_primary_roi_039,64658,6,28.176469802856445,1018.5294189453125
training_set_primary_roi_039,64664,0,77.11701965332031,704.7978515625
training_set_primary_roi_039,64666,1,290.3571472167969,86.5
training_set_primary_roi_039,64667,4,888.1101684570312,752.0508422851562
training_set_primary_roi_039,64671,3,653.6666870117188,1019.7999877929688
training_set_primary_roi_039,64678,6,841.7999877929688,292.6000061035156
training_set_primary_roi_040,64723,6,651.242431640625,101.24242401123047
training_set_primary_roi_040,64779,0,776.4285888671875,255.5357208251953
training_set_primary_roi_040,64866,0,804.066650390625,499.26666259765625
training_set_primary_roi_040,64936,0,475.3333435058594,614.138916015625
training_set_primary_roi_040,65053,0,686.225830078125,779.225830078125
training_set_primary_roi_040,65104,0,72.96154022216797,847.2692260742188
training_set_primary_roi_040,65201,0,816.5499877929688,1019.25
training_set_primary_roi_040,65211,3,55.6224479675293,33.53061294555664
training_set_primary_roi_040,65218,0,544.5,337.6511535644531
training_set_primary_roi_040,65222,0,454.6470642089844,429.37255859375
training_set_primary_roi_041,65237,3,897.0526123046875,19.842105865478516
training_set_primary_roi_041,65372,0,30.295454025268555,257.0909118652344
training_set_primary_roi_041,65375,0,71.0,269.5555419921875
training_set_primary_roi_041,65389,3,715.5908813476562,284.9090881347656
training_set_primary_roi_041,65467,0,806.375,438.5625
training_set_primary_roi_041,65490,3,490.28125,491.15625
training_set_primary_roi_041,65559,0,431.09375,641.875
training_set_primary_roi_041,65579,0,688.7083129882812,676.5
training_set_primary_roi_041,65591,0,468.39129638671875,702.1738891601562
training_set_primary_roi_041,65626,6,105.5142822265625,776.971435546875
training_set_primary_roi_041,65701,6,574.4074096679688,940.111083984375
training_set_primary_roi_041,65704,6,601.1818237304688,945.9393920898438
training_set_primary_roi_041,65707,6,428.0,952.8235473632812
training_set_primary_roi_041,65726,0,466.8666687011719,1019.2666625976562
training_set_primary_roi_041,65729,1,854.25,165.25
training_set_primary_roi_041,65732,1,843.0731811523438,171.7073211669922
training_set_primary_roi_041,65733,0,682.8965454101562,727.0516967773438
training_set_primary_roi_042,65748,0,683.5,8.583333015441895
training_set_primary_roi_042,65754,0,5.0,14.571428298950195
training_set_primary_roi_042,65776,0,523.5294189453125,104.05882263183594
training_set_primary_roi_042,65842,0,672.5714111328125,303.19049072265625
training_set_primary_roi_042,65852,0,544.5,332.1153869628906
training_set_primary_roi_042,65963,8,307.3636474609375,661.727294921875
training_set_primary_roi_042,65973,0,944.629638671875,685.4815063476562
training_set_primary_roi_042,65975,6,988.227294921875,682.0908813476562
training_set_primary_roi_042,66012,8,753.5599975585938,752.52001953125
training_set_primary_roi_042,66097,8,111.07691955566406,888.6153564453125
training_set_primary_roi_042,66118,8,848.375,927.7916870117188
training_set_primary_roi_042,66173,0,265.8706970214844,581.1998901367188
training_set_primary_roi_042,66174,0,247.5436248779297,571.4161376953125
training_set_primary_roi_042,66178,0,921.5353393554688,90.6868667602539
training_set_primary_roi_042,66194,8,645.0975341796875,964.3170776367188
training_set_primary_roi_042,66199,8,101.26829528808594,577.9512329101562
training_set_primary_roi_043,66221,3,90.24137878417969,28.20689582824707
training_set_primary_roi_043,66279,3,215.53846740722656,104.46154022216797
training_set_primary_roi_043,66454,6,2.769230842590332,326.0
training_set_primary_roi_043,66460,3,987.5516967773438,339.862060546875
training_set_primary_roi_043,66464,3,820.6363525390625,349.5454406738281
training_set_primary_roi_043,66470,3,470.5,357.6176452636719
training_set_primary_roi_043,66543,1,679.2999877929688,478.0
training_set_primary_roi_043,66549,3,561.8857421875,488.6000061035156
training_set_primary_roi_043,66595,3,1017.772705078125,576.9545288085938
training_set_primary_roi_043,66631,3,136.5,652.388916015625
training_set_primary_roi_043,66764,3,801.73681640625,1016.8947143554688
training_set_primary_roi_043,66779,4,669.8404541015625,617.074462890625
training_set_primary_roi_043,66790,4,18.847457885742188,928.1016845703125
training_set_primary_roi_043,66798,4,1008.7755126953125,1004.7142944335938
training_set_primary_roi_044,66842,3,361.4814758300781,128.0370330810547
training_set_primary_roi_044,66927,1,729.1666870117188,406.0
training_set_primary_roi_044,66931,1,725.9199829101562,418.6000061035156
training_set_primary_roi_044,67216,1,544.3599853515625,647.0
training_set_primary_roi_045,67236,1,1019.7000122070312,2.5999999046325684
training_set_primary_roi_045,67401,1,776.5,206.84375
training_set_primary_roi_045,67547,0,813.5999755859375,481.79998779296875
training_set_primary_roi_045,67553,1,646.5263061523438,501.47369384765625
training_set_primary_roi_045,67582,0,23.97916603088379,581.5
training_set_primary_roi_045,67632,0,1018.7777709960938,732.3333129882812
training_set_primary_roi_045,67712,0,8.809523582458496,934.1428833007812
training_set_primary_roi_045,67715,0,810.7026977539062,951.0540771484375
training_set_primary_roi_045,67740,0,1012.90478515625,1014.09521484375
training_set_primary_roi_045,67750,0,147.97225952148438,396.6408386230469
training_set_primary_roi_045,67752,0,371.4444580078125,170.0
training_set_primary_roi_045,67753,0,380.75,165.25
training_set_primary_roi_045,67763,0,169.6615447998047,531.6538696289062
training_set_primary_roi_045,67770,0,309.7019348144531,495.3846130371094
training_set_primary_roi_045,67771,0,298.8133239746094,527.0266723632812
training_set_primary_roi_045,67785,0,830.729736328125,961.3783569335938
training_set_primary_roi_045,67796,0,401.5227355957031,837.647705078125
training_set_primary_roi_046,67945,0,104.30000305175781,439.26666259765625
training_set_primary_roi_046,67970,0,613.5106201171875,501.85107421875
training_set_primary_roi_046,67988,0,389.5282897949219,538.2453002929688
training_set_primary_roi_046,67989,0,355.2894592285156,540.2894897460938
training_set_primary_roi_046,68035,6,468.478271484375,652.2174072265625
training_set_primary_roi_046,68037,3,584.1333618164062,660.9000244140625
training_set_primary_roi_046,68200,3,577.9697265625,927.8787841796875
training_set_primary_roi_046,68239,3,1011.5263061523438,984.2105102539062
training_set_primary_roi_046,68267,3,1000.5454711914062,1019.9091186523438
training_set_primary_roi_046,68280,3,675.8529663085938,839.4215698242188
training_set_primary_roi_046,68284,0,817.547607421875,557.5238037109375
training_set_primary_roi_047,68402,1,185.6666717529297,713.8333129882812
training_set_primary_roi_047,68473,1,511.20001220703125,1021.2000122070312
training_set_primary_roi_047,68522,1,452.77777099609375,910.111083984375
training_set_primary_roi_047,68539,1,431.71429443359375,135.2857208251953
training_set_primary_roi_047,68696,1,584.1428833007812,317.71429443359375
training_set_primary_roi_047,68714,1,391.875,468.0
training_set_primary_roi_047,68803,1,159.14285278320312,898.7142944335938
training_set_primary_roi_047,68988,1,316.875,964.5
training_set_primary_roi_047,69002,1,688.7333374023438,940.7999877929688
training_set_primary_roi_047,69030,1,73.57142639160156,384.8571472167969
training_set_primary_roi_048,69105,1,83.875,16.125
training_set_primary_roi_048,69134,0,1021.2000122070312,65.5999984741211
training_set_primary_roi_048,69141,6,414.625,68.625
training_set_primary_roi_048,69200,1,158.4166717529297,163.75
training_set_primary_roi_048,69325,3,714.5555419921875,340.77777099609375
training_set_primary_roi_048,69372,1,52.28571319580078,402.0
training_set_primary_roi_048,69573,9,606.6666870117188,631.0
training_set_primary_roi_048,69642,6,746.625,746.0
training_set_primary_roi_048,69688,1,329.1000061035156,807.0999755859375
training_set_primary_roi_048,69729,1,996.25,862.25
training_set_primary_roi_048,69738,9,446.22222900390625,867.111083984375
training_set_primary_roi_048,69802,9,753.625,940.5
training_set_primary_roi_048,69841,1,241.8333282470703,980.3333129882812
training_set_primary_roi_048,69881,1,83.80000305175781,1021.2000122070312
training_set_primary_roi_048,69891,6,642.3636474609375,194.0
training_set_primary_roi_049,69902,7,120.66666412353516,6.333333492279053
training_set_primary_roi_049,69924,0,1018.4285888671875,60.0
training_set_primary_roi_049,69958,3,167.625,153.625
training_set_primary_roi_049,69963,6,793.0,172.36842346191406
training_set_primary_roi_049,70076,0,422.95001220703125,438.75
training_set_primary_roi_049,70113,0,915.3043212890625,521.4347534179688
training_set_primary_roi_049,70143,7,108.65217590332031,610.2608642578125
training_set_primary_roi_049,70169,6,799.5,619.8333129882812
training_set_primary_roi_049,70229,1,227.3333282470703,783.0
training_set_primary_roi_049,70242,4,249.3076934814453,816.2307739257812
training_set_primary_roi_049,70307,0,982.25,1022.5
training_set_primary_roi_049,70313,0,501.5,1020.1666870117188
training_set_primary_roi_049,70314,0,941.7692260742188,89.46154022216797
training_set_primary_roi_049,70326,4,337.4090881347656,959.272705078125
training_set_primary_roi_049,70344,4,669.4347534179688,990.0
training_set_primary_roi_049,70349,0,277.31182861328125,553.9569702148438
training_set_primary_roi_049,70352,0,331.52703857421875,129.41891479492188
training_set_primary_roi_049,70361,7,735.6790771484375,114.66417694091797
training_set_primary_roi_049,70363,3,632.59033203125,637.168701171875
training_set_primary_roi_050,70368,1,126.33333587646484,1.8333333730697632
training_set_primary_roi_050,70375,3,602.8571166992188,4.5714287757873535
training_set_primary_roi_050,70523,0,1020.7142944335938,203.7142791748047
training_set_primary_roi_050,70534,0,1018.6666870117188,221.1666717529297
training_set_primary_roi_050,70594,0,238.72727966308594,305.7272644042969
training_set_primary_roi_050,70664,6,1021.7999877929688,404.3999938964844
training_set_primary_roi_050,70734,1,620.4444580078125,535.5555419921875
training_set_primary_roi_050,70761,1,634.3125,582.5
training_set_primary_roi_050,70855,0,628.0,756.9000244140625
training_set_primary_roi_050,70883,7,380.0,812.888916015625
training_set_primary_roi_050,70915,1,706.9166870117188,862.9166870117188
training_set_primary_roi_050,70919,0,796.3076782226562,870.8461303710938
training_set_primary_roi_050,70975,3,2.2857143878936768,933.8571166992188
training_set_primary_roi_050,71008,1,894.2999877929688,970.0
training_set_primary_roi_050,71053,7,422.20001220703125,139.3000030517578
training_set_primary_roi_050,71055,7,544.5882568359375,167.23529052734375
training_set_primary_roi_050,71059,7,1004.9166870117188,726.25
training_set_primary_roi_050,71061,7,1012.0,686.272705078125
training_set_primary_roi_050,71063,1,33.5,980.7000122070312
training_set_primary_roi_050,71064,1,590.875,82.625
training_set_primary_roi_050,71066,3,575.1538696289062,96.76923370361328
training_set_primary_roi_050,71069,1,849.7777709960938,157.11111450195312
training_set_primary_roi_050,71071,1,689.2000122070312,258.3999938964844
training_set_primary_roi_050,71074,1,4.75,948.375
training_set_primary_roi_050,71084,0,260.4038391113281,664.2115478515625
training_set_primary_roi_050,71089,0,813.0114135742188,648.2142944335938
training_set_primary_roi_051,71261,3,608.375,653.375
training_set_primary_roi_051,71366,1,858.0,879.5714111328125
training_set_primary_roi_051,71461,1,971.3333129882812,595.3333129882812
training_set_primary_roi_051,71466,1,363.0,1005.3333129882812
training_set_primary_roi_051,71467,1,170.1999969482422,821.4000244140625
training_set_primary_roi_051,71475,6,691.5625,977.8125
training_set_primary_roi_051,71481,3,278.7391357421875,613.8551025390625
training_set_primary_roi_051,71483,7,940.2000122070312,602.7333374023438
training_set_primary_roi_051,71484,7,724.123046875,986.9500122070312
training_set_primary_roi_052,71498,1,1020.2000122070312,2.799999952316284
training_set_primary_roi_052,71509,1,152.75,21.875
training_set_primary_roi_052,71514,1,1019.1666870117188,30.33333396911621
training_set_primary_roi_052,71551,1,831.6666870117188,76.66666412353516
training_set_primary_roi_052,71638,9,957.5714111328125,222.14285278320312
training_set_primary_roi_052,71660,1,646.1428833007812,252.85714721679688
training_set_primary_roi_052,71661,1,656.4444580078125,252.55555725097656
training_set_primary_roi_052,71693,1,974.4000244140625,299.20001220703125
training_set_primary_roi_052,71759,0,571.0,412.5
training_set_primary_roi_052,71782,1,408.8571472167969,446.5714416503906
training_set_primary_roi_052,71815,1,249.8333282470703,505.1666564941406
training_set_primary_roi_052,71822,9,801.0,515.7999877929688
training_set_primary_roi_052,71826,9,712.0,516.0
training_set_primary_roi_052,71846,9,115.57142639160156,553.2857055664062
training_set_primary_roi_052,71857,1,27.299999237060547,563.7000122070312
training_set_primary_roi_052,71873,1,2.7142856121063232,588.5714111328125
training_set_primary_roi_052,71885,1,725.1428833007812,611.5714111328125
training_set_primary_roi_052,71937,7,515.7999877929688,696.5999755859375
training_set_primary_roi_052,71938,1,318.375,693.25
training_set_primary_roi_052,72002,9,830.0,826.0
training_set_primary_roi_052,72003,3,264.3999938964844,831.2999877929688
training_set_primary_roi_052,72019,1,200.11111450195312,859.2222290039062
training_set_primary_roi_052,72032,1,978.4444580078125,880.4444580078125
training_set_primary_roi_052,72135,9,113.0999984741211,750.5499877929688
training_set_primary_roi_052,72139,9,190.2432403564453,708.270263671875
training_set_primary_roi_052,72140,9,164.8235321044922,755.8235473632812
training_set_primary_roi_052,72141,9,260.2173767089844,243.71739196777344
training_set_primary_roi_052,72157,5,804.75,314.0
training_set_primary_roi_052,72164,5,292.25,482.0199890136719
training_set_primary_roi_052,72166,5,353.4166564941406,597.6666870117188
training_set_primary_roi_052,72167,5,347.1690979003906,601.7872924804688
training_set_primary_roi_052,72174,5,202.55128479003906,886.826904296875
training_set_primary_roi_052,72179,9,92.75,764.25
training_set_primary_roi_052,72195,9,928.3529663085938,55.411766052246094
training_set_primary_roi_053,72494,3,484.29998779296875,640.9000244140625
training_set_primary_roi_053,72553,0,460.8571472167969,791.3571166992188
training_set_primary_roi_053,72689,1,171.1999969482422,1020.5999755859375
training_set_primary_roi_053,72694,3,656.8666381835938,364.26666259765625
training_set_primary_roi_053,72697,3,239.0,41.6363639831543
training_set_primary_roi_053,72698,4,650.4666748046875,96.13333129882812
training_set_primary_roi_053,72699,7,16.563846588134766,751.3330688476562
training_set_primary_roi_054,72709,3,197.1666717529297,4.333333492279053
training_set_primary_roi_054,72731,0,1019.7142944335938,26.714284896850586
training_set_primary_roi_054,72732,3,257.6666564941406,31.33333396911621
training_set_primary_roi_054,72787,1,180.55555725097656,166.55555725097656
training_set_primary_roi_054,72810,1,572.125,204.75
training_set_primary_roi_054,72824,3,512.8571166992188,228.14285278320312
training_set_primary_roi_054,72832,0,614.0,249.5
training_set_primary_roi_054,72884,3,472.1428527832031,359.8571472167969
training_set_primary_roi_054,72907,3,120.25,400.25
training_set_primary_roi_054,73036,3,858.2999877929688,612.5999755859375
training_set_primary_roi_054,73065,3,1018.7777709960938,663.5555419921875
training_set_primary_roi_054,73086,1,50.14285659790039,684.7142944335938
training_set_primary_roi_054,73156,3,1019.6666870117188,791.0
training_set_primary_roi_054,73186,7,317.1111145019531,836.888916015625
training_set_primary_roi_054,73225,3,920.2000122070312,898.2000122070312
training_set_primary_roi_054,73228,1,30.625,905.25
training_set_primary_roi_054,73234,3,395.0,915.125
training_set_primary_roi_054,73301,3,773.5555419921875,1019.6666870117188
training_set_primary_roi_054,73306,3,318.21875,351.3125
training_set_primary_roi_054,73309,3,166.65277099609375,412.7855529785156
training_set_primary_roi_054,73310,3,169.02142333984375,396.47857666015625
training_set_primary_roi_054,73311,3,31.219411849975586,500.4135437011719
training_set_primary_roi_054,73314,6,941.27587890625,995.5927734375
training_set_primary_roi_055,73321,3,109.11111450195312,5.44444465637207
training_set_primary_roi_055,73346,3,1.8333333730697632,91.83333587646484
training_set_primary_roi_055,73359,0,939.625,135.75
training_set_primary_roi_055,73372,1,151.0625,182.0625
training_set_primary_roi_055,73373,0,240.44444274902344,194.22222900390625
training_set_primary_roi_055,73376,0,411.3333435058594,202.0
training_set_primary_roi_055,73395,6,318.8571472167969,258.5714416503906
training_set_primary_roi_055,73429,1,381.1428527832031,357.71429443359375
training_set_primary_roi_055,73472,1,175.875,458.625
training_set_primary_roi_055,73543,1,2.4285714626312256,575.0
training_set_primary_roi_055,73553,3,341.875,583.5
training_set_primary_roi_055,73556,3,947.9000244140625,582.0
training_set_primary_roi_055,73562,3,364.1176452636719,591.4705810546875
training_set_primary_roi_055,73580,1,477.9285583496094,619.2857055664062
training_set_primary_roi_055,73582,3,836.2857055664062,617.5714111328125
training_set_primary_roi_055,73588,3,55.117645263671875,640.2352905273438
training_set_primary_roi_055,73620,1,580.1428833007812,663.7142944335938
training_set_primary_roi_055,73622,1,160.375,670.375
training_set_primary_roi_055,73635,1,375.8888854980469,685.0
training_set_primary_roi_055,73667,1,513.111083984375,741.2222290039062
training_set_primary_roi_055,73716,1,362.5,798.2142944335938
training_set_primary_roi_055,73729,1,365.0,816.9000244140625
training_set_primary_roi_055,73745,6,1019.75,846.0
training_set_primary_roi_055,73770,1,691.2999877929688,892.9000244140625
training_set_primary_roi_055,73782,1,386.375,898.875
training_set_primary_roi_055,73789,3,547.8461303710938,917.4615478515625
training_set_primary_roi_055,73833,0,287.6000061035156,1021.0
training_set_primary_roi_055,73835,3,37.272727966308594,820.0
training_set_primary_roi_055,73838,6,637.6071166992188,997.75
training_set_primary_roi_055,73850,0,770.3253784179688,349.24334716796875
training_set_primary_roi_055,73856,1,97.34124755859375,549.549560546875
training_set_primary_roi_056,73865,0,30.22222137451172,7.55555534362793
training_set_primary_roi_056,73868,0,169.375,9.25
training_set_primary_roi_056,73957,0,460.093017578125,200.37208557128906
training_set_primary_roi_056,74016,0,112.80769348144531,349.26922607421875
training_set_primary_roi_056,74017,0,329.4375,346.0
training_set_primary_roi_056,74054,0,891.4166870117188,437.75
training_set_primary_roi_056,74055,9,301.5,430.0
training_set_primary_roi_056,74178,0,699.25,741.25
training_set_primary_roi_056,74192,0,1022.2000122070312,762.0
training_set_primary_roi_056,74234,0,564.272705078125,880.3636474609375
training_set_primary_roi_056,74272,0,601.0,961.0
training_set_primary_roi_056,74275,0,536.25,975.1666870117188
training_set_primary_roi_056,74276,0,816.2941284179688,977.5882568359375
training_set_primary_roi_056,74290,0,541.7777709960938,991.0
training_set_primary_roi_056,74304,0,318.8333435058594,1019.0
training_set_primary_roi_056,74306,0,333.8333435058594,1021.0
training_set_primary_roi_056,74307,0,67.44444274902344,1019.888916015625
training_set_primary_roi_056,74308,0,905.0,1021.1666870117188
training_set_primary_roi_056,74311,0,669.25,981.25
training_set_primary_roi_056,74316,0,89.0,793.52001953125
training_set_primary_roi_056,74323,0,802.2222290039062,95.33333587646484
training_set_primary_roi_056,74329,0,397.1000061035156,309.0
training_set_primary_roi_056,74331,0,242.18182373046875,528.6363525390625
training_set_primary_roi_056,74333,0,692.3571166992188,446.0
training_set_primary_roi_056,74335,0,1017.0,476.5555419921875
training_set_primary_roi_057,74461,6,8.899999618530273,243.0
training_set_primary_roi_057,74480,6,477.5454406738281,272.2727355957031
training_set_primary_roi_057,74495,6,1020.111083984375,294.4444580078125
training_set_primary_roi_057,74517,6,1016.5999755859375,328.79998779296875
training_set_primary_roi_057,74670,9,104.11111450195312,497.3333435058594
training_set_primary_roi_057,74734,3,726.3333129882812,569.2222290039062
training_set_primary_roi_057,74752,9,234.11111450195312,592.888916015625
training_set_primary_roi_057,74800,0,666.5,672.75
training_set_primary_roi_057,74877,9,111.625,789.625
training_set_primary_roi_057,74941,0,2.5714285373687744,927.7142944335938
training_set_primary_roi_057,74986,0,296.0,115.15384674072266
training_set_primary_roi_057,74990,6,100.92857360839844,263.9285583496094
training_set_primary_roi_057,74995,0,512.2941284179688,168.05882263183594
training_set_primary_roi_057,75004,3,89.90908813476562,53.272727966308594
training_set_primary_roi_057,75006,3,610.0,416.8571472167969
training_set_primary_roi_057,75011,3,763.272705078125,649.8181762695312
training_set_primary_roi_057,75015,7,832.5,435.125
training_set_primary_roi_057,75020,1,934.6500244140625,535.9000244140625
training_set_primary_roi_057,75025,3,26.028846740722656,140.47116088867188
training_set_primary_roi_058,75028,0,351.20001220703125,4.0
training_set_primary_roi_058,75031,0,965.0,4.666666507720947
training_set_primary_roi_058,75058,0,155.15383911132812,109.46154022216797
training_set_primary_roi_058,75062,0,972.1818237304688,114.45454406738281
training_set_primary_roi_058,75103,0,250.14285278320312,271.8571472167969
training_set_primary_roi_059,75454,3,597.6428833007812,49.64285659790039
training_set_primary_roi_059,75464,3,621.0,58.272727966308594
training_set_primary_roi_059,75515,3,705.888916015625,172.11111450195312
training_set_primary_roi_059,75519,0,271.76922607421875,190.23077392578125
training_set_primary_roi_059,75547,3,739.1428833007812,236.2857208251953
training_set_primary_roi_059,75632,3,182.3333282470703,399.5833435058594
training_set_primary_roi_059,75842,0,625.5454711914062,787.9091186523438
training_set_primary_roi_059,75868,0,985.625,881.625
training_set_primary_roi_059,75877,0,158.6999969482422,947.5999755859375
training_set_primary_roi_059,75891,0,712.888916015625,1003.111083984375
training_set_primary_roi_059,75897,0,115.14286041259766,1017.8571166992188
training_set_primary_roi_059,75901,0,198.1764678955078,978.7647094726562
training_set_primary_roi_059,75911,1,838.2222290039062,384.3333435058594
training_set_primary_roi_059,75922,0,1005.4666748046875,855.8666381835938
training_set_primary_roi_059,75927,0,187.52272033691406,173.72727966308594
training_set_primary_roi_059,75933,0,387.6219482421875,933.4512329101562
training_set_primary_roi_059,75947,0,127.8302993774414,267.43438720703125
training_set_primary_roi_059,75948,0,51.68421173095703,339.7894592285156
training_set_primary_roi_059,75956,3,249.39999389648438,497.4888916015625
training_set_primary_roi_059,75970,3,201.65625,808.46875
training_set_primary_roi_059,75974,0,563.0693969726562,695.0570678710938
training_set_primary_roi_059,75977,0,487.1562805175781,803.902099609375
training_set_primary_roi_059,75981,0,682.5173950195312,948.2326049804688
training_set_primary_roi_059,75984,0,620.4912109375,929.7426147460938
training_set_primary_roi_059,75985,0,533.8065795898438,928.5094604492188
training_set_primary_roi_059,75986,0,535.7210693359375,973.718017578125
training_set_primary_roi_059,75990,0,787.5346069335938,828.7938232421875
training_set_primary_roi_059,75993,0,227.495849609375,33.414390563964844
training_set_primary_roi_060,76024,3,418.4583435058594,58.75
training_set_primary_roi_060,76064,3,121.8125,145.0
training_set_primary_roi_060,76199,1,846.2857055664062,539.0
training_set_primary_roi_060,76259,6,822.1666870117188,841.0
training_set_primary_roi_060,76285,3,885.2857055664062,1015.0
training_set_primary_roi_060,76286,0,592.7999877929688,1014.2000122070312
training_set_primary_roi_060,76296,0,43.181819915771484,668.8408813476562
training_set_primary_roi_060,76311,0,941.0,630.1818237304688
training_set_primary_roi_060,76322,3,861.6402587890625,353.2743835449219
training_set_primary_roi_060,76330,3,150.16603088378906,473.1029357910156
training_set_primary_roi_060,76335,3,846.0147094726562,714.11767578125
training_set_primary_roi_061,76402,8,178.5625,162.1875
training_set_primary_roi_061,76576,8,625.5,482.25
training_set_primary_roi_061,76604,8,1019.1538696289062,522.3846435546875
training_set_primary_roi_061,76759,0,745.6451416015625,848.9354858398438
training_set_primary_roi_061,76814,0,1015.5263061523438,921.4736938476562
training_set_primary_roi_061,76820,0,763.72412109375,925.586181640625
training_set_primary_roi_061,76866,0,36.13333511352539,1020.066650390625
training_set_primary_roi_061,76875,8,252.0731658935547,131.8292694091797
training_set_primary_roi_062,76908,3,701.6666870117188,1.1666666269302368
training_set_primary_roi_062,76919,3,575.0,16.375
training_set_primary_roi_062,76941,3,625.2222290039062,58.27777862548828
training_set_primary_roi_062,76962,1,1012.6190185546875,102.42857360839844
training_set_primary_roi_062,77364,3,636.2453002929688,547.6414794921875
training_set_primary_roi_062,77367,1,597.0302734375,368.3636474609375
training_set_primary_roi_062,77370,0,31.964284896850586,861.8214111328125
training_set_primary_roi_063,77394,0,109.86666870117188,20.066667556762695
training_set_primary_roi_063,77538,0,29.227272033691406,278.18182373046875
training_set_primary_roi_063,77553,3,729.8709716796875,311.93548583984375
training_set_primary_roi_063,77582,3,624.4193725585938,363.0
training_set_primary_roi_063,77625,0,8.739130020141602,455.39129638671875
training_set_primary_roi_063,77627,3,790.1724243164062,461.17242431640625
training_set_primary_roi_063,77734,3,793.3214111328125,707.1428833007812
training_set_primary_roi_063,77752,0,384.4090881347656,744.1363525390625
training_set_primary_roi_063,77766,0,382.1290283203125,764.7096557617188
training_set_primary_roi_063,77821,0,346.0909118652344,887.0908813476562
training_set_primary_roi_063,77837,0,260.20001220703125,916.5999755859375
training_set_primary_roi_063,77847,0,139.38888549804688,933.7777709960938
training_set_primary_roi_063,77872,0,13.21212100982666,996.51513671875
training_set_primary_roi_063,77889,0,427.0,140.0
training_set_primary_roi_063,77893,6,800.5066528320312,156.82666015625
training_set_primary_roi_063,77896,0,90.48648834228516,421.7567443847656
training_set_primary_roi_063,77898,1,566.1666870117188,193.04762268066406
training_set_primary_roi_064,77932,0,499.3599853515625,66.68000030517578
training_set_primary_roi_064,77948,6,987.6818237304688,119.2727279663086
training_set_primary_roi_064,77961,3,29.838708877563477,147.61289978027344
training_set_primary_roi_064,77966,0,747.72412109375,149.7586212158203
training_set_primary_roi_064,77967,3,18.576923370361328,156.15383911132812
training_set_primary_roi_064,77981,3,53.956520080566406,194.30435180664062
training_set_primary_roi_064,78002,0,761.4761962890625,232.4761962890625
training_set_primary_roi_064,78003,0,418.0526428222656,238.5263214111328
training_set_primary_roi_064,78009,0,227.7142791748047,246.7857208251953
training_set_primary_roi_064,78095,1,514.1333618164062,473.26666259765625
training_set_primary_roi_064,78207,1,980.2941284179688,702.2941284179688
training_set_primary_roi_064,78249,3,268.5555419921875,763.370361328125
training_set_primary_roi_064,78401,0,594.4500122070312,166.0
training_set_primary_roi_064,78409,3,37.37704849243164,398.9344177246094
training_set_primary_roi_064,78411,3,108.59259033203125,441.03704833984375
training_set_primary_roi_064,78419,1,363.28570556640625,598.6286010742188
training_set_primary_roi_064,78432,1,739.8571166992188,936.7999877929688
training_set_primary_roi_064,78436,3,765.5320434570312,969.3119506835938
training_set_primary_roi_064,78437,9,724.085693359375,783.7142944335938
training_set_primary_roi_065,78535,0,397.4333190917969,207.93333435058594
training_set_primary_roi_065,78654,3,899.25,477.46429443359375
training_set_primary_roi_065,78859,7,655.8204956054688,893.4102783203125
training_set_primary_roi_065,78948,6,216.40908813476562,192.81817626953125
training_set_primary_roi_065,78952,3,111.67142486572266,921.4571533203125
training_set_primary_roi_065,78953,3,313.4375,669.65625
training_set_primary_roi_065,78958,3,750.3289184570312,971.1710815429688
training_set_primary_roi_066,78965,0,854.8333129882812,6.916666507720947
training_set_primary_roi_066,78966,0,990.3076782226562,3.692307710647583
training_set_primary_roi_066,79072,0,9.458333015441895,547.0416870117188
training_set_primary_roi_066,79162,0,533.6774291992188,1013.7096557617188
training_set_primary_roi_066,79163,0,931.631591796875,1013.9473876953125
training_set_primary_roi_066,79182,0,560.5901489257812,101.60364532470703
training_set_primary_roi_066,79193,0,601.39111328125,933.7574462890625
training_set_primary_roi_066,79194,0,821.4042358398438,595.1063842773438
training_set_primary_roi_067,79201,8,1017.6428833007812,8.0
training_set_primary_roi_067,79284,0,425.4130554199219,225.7608642578125
training_set_primary_roi_067,79301,0,358.3461608886719,282.3846130371094
training_set_primary_roi_067,79341,0,962.8214111328125,374.3928527832031
training_set_primary_roi_067,79405,6,433.75,528.5277709960938
training_set_primary_roi_067,79430,0,772.0714111328125,585.25
training_set_primary_roi_067,79454,0,624.0399780273438,631.719970703125
training_set_primary_roi_067,79467,0,417.0625,660.625
training_set_primary_roi_067,79484,0,670.0526123046875,698.4210815429688
training_set_primary_roi_067,79493,0,427.4666748046875,713.7333374023438
training_set_primary_roi_067,79633,3,1000.8846435546875,369.0
training_set_primary_roi_067,79640,6,446.5789489746094,499.6710510253906
training_set_primary_roi_067,79641,0,409.6142883300781,179.12857055664062
training_set_primary_roi_068,79755,0,45.52777862548828,232.02777099609375
training_set_primary_roi_068,79802,3,895.7999877929688,358.44000244140625
training_set_primary_roi_068,79831,1,426.53125,434.5
training_set_primary_roi_068,79838,3,1000.0,450.1851806640625
training_set_primary_roi_068,79845,0,8.482758522033691,474.4137878417969
training_set_primary_roi_068,79940,3,842.0399780273438,687.760009765625
training_set_primary_roi_068,79972,3,880.4666748046875,748.5333251953125
training_set_primary_roi_068,79979,1,950.5454711914062,769.727294921875
training_set_primary_roi_068,80015,1,741.368408203125,837.1052856445312
training_set_primary_roi_068,80061,1,846.26318359375,929.368408203125
training_set_primary_roi_068,80063,3,1009.9444580078125,933.1666870117188
training_set_primary_roi_068,80088,9,685.2222290039062,982.2222290039062
training_set_primary_roi_068,80114,1,916.1599731445312,506.44000244140625
training_set_primary_roi_068,80121,3,770.647705078125,908.9431762695312
training_set_primary_roi_068,80125,1,413.22222900390625,231.8222198486328
training_set_primary_roi_068,80126,0,418.3333435058594,419.7894592285156
training_set_primary_roi_068,80133,1,761.1428833007812,1006.6190185546875
training_set_primary_roi_068,80145,9,647.5,866.25
training_set_primary_roi_068,80148,9,614.25,74.875
training_set_primary_roi_069,80192,3,659.25,26.4375
training_set_primary_roi_069,80346,3,799.3157958984375,180.36842346191406
training_set_primary_roi_069,80471,3,5.0,328.4210510253906
training_set_primary_roi_069,80496,1,1021.0,367.1428527832031
training_set_primary_roi_069,80530,3,632.5499877929688,406.3999938964844
training_set_primary_roi_069,80543,0,367.78125,424.6875
training_set_primary_roi_069,80553,0,375.1290283203125,442.54840087890625
training_set_primary_roi_069,80560,0,441.8888854980469,452.77777099609375
training_set_primary_roi_069,80561,0,197.09616088867188,458.55767822265625
training_set_primary_roi_069,80696,0,122.13888549804688,675.361083984375
training_set_primary_roi_069,80707,0,857.4339599609375,693.132080078125
training_set_primary_roi_069,80860,0,89.44680786132812,967.276611328125
training_set_primary_roi_069,80892,0,81.68181610107422,1015.5454711914062
training_set_primary_roi_069,80895,0,169.07142639160156,1020.7857055664062
training_set_primary_roi_069,80896,0,830.0,1020.4545288085938
training_set_primary_roi_069,80910,3,875.3461303710938,384.0769348144531
training_set_primary_roi_069,80920,1,853.5999755859375,505.20001220703125
training_set_primary_roi_069,80928,0,479.8083190917969,818.8416748046875
training_set_primary_roi_070,81360,0,1008.75,172.3333282470703
training_set_primary_roi_070,81362,0,999.6774291992188,235.06451416015625
training_set_primary_roi_070,81380,0,985.6410522460938,30.820512771606445
training_set_primary_roi_070,81384,0,133.51063537597656,832.1914672851562
training_set_primary_roi_070,81389,9,927.8499755859375,787.5
training_set_primary_roi_070,81392,9,1018.631591796875,195.26315307617188
training_set_primary_roi_070,81430,3,731.5999755859375,146.39999389648438
training_set_primary_roi_070,81433,3,671.576904296875,685.576904296875
training_set_primary_roi_070,81438,4,351.3805847167969,349.0671691894531
training_set_primary_roi_070,81443,3,416.25640869140625,116.25640869140625
training_set_primary_roi_070,81446,3,160.32000732421875,40.220001220703125
training_set_primary_roi_070,81449,3,342.29730224609375,788.6756591796875
training_set_primary_roi_071,81477,0,631.1666870117188,40.13333511352539
training_set_primary_roi_071,81522,0,917.3157958984375,173.3157958984375
training_set_primary_roi_071,81688,0,823.5955200195312,950.6741333007812
training_set_primary_roi_071,81706,0,215.6835479736328,217.2784881591797
training_set_primary_roi_071,81711,0,38.78125,1018.21875
training_set_primary_roi_072,81724,0,1020.5,2.375
training_set_primary_roi_072,82007,0,1019.8666381835938,667.933349609375
training_set_primary_roi_072,82042,0,321.5,759.25
training_set_primary_roi_072,82085,0,286.6129150390625,881.9031982421875
training_set_primary_roi_072,82091,0,271.25,917.75
training_set_primary_roi_072,82131,0,987.4000244140625,1010.47998046875
training_set_primary_roi_072,82140,0,335.5229187011719,946.6494750976562
training_set_primary_roi_072,82159,0,827.1666870117188,185.8333282470703
training_set_primary_roi_072,82174,0,921.2072143554688,794.009033203125
training_set_primary_roi_073,82440,3,671.3513793945312,297.83782958984375
training_set_primary_roi_073,82589,8,367.03509521484375,923.2105102539062
training_set_primary_roi_073,82607,1,203.5,682.25
training_set_primary_roi_073,82613,6,767.7555541992188,1012.4000244140625
training_set_primary_roi_074,82945,6,478.4333190917969,155.8333282470703
training_set_primary_roi_074,82982,6,424.5,755.75
training_set_primary_roi_074,82986,1,682.780029296875,580.5800170898438
training_set_primary_roi_074,83009,1,759.25,394.5
training_set_primary_roi_074,83013,1,814.0800170898438,416.44000244140625
training_set_primary_roi_074,83031,0,324.6000061035156,711.5999755859375
training_set_primary_roi_074,83036,6,250.91175842285156,50.18235397338867
training_set_primary_roi_074,83044,6,540.25,426.75
training_set_primary_roi_074,83045,6,494.6153869628906,205.7179412841797
training_set_primary_roi_074,83050,9,946.0908813476562,74.81818389892578
training_set_primary_roi_074,83055,1,940.52001953125,456.3599853515625
training_set_primary_roi_074,83058,1,999.1063842773438,475.45745849609375
training_set_primary_roi_074,83059,3,986.884033203125,578.31884765625
training_set_primary_roi_074,83061,1,986.0833129882812,683.4166870117188
training_set_primary_roi_074,83062,1,1002.7036743164062,749.629638671875
training_set_primary_roi_074,83063,4,203.88311767578125,1002.467529296875
training_set_primary_roi_074,83071,1,735.5,565.75
training_set_primary_roi_074,83073,1,772.54052734375,556.45947265625
training_set_primary_roi_074,83074,1,738.0,524.780029296875
training_set_primary_roi_074,83076,3,758.4117431640625,465.3235168457031
training_set_primary_roi_074,83077,3,691.07275390625,363.12725830078125
training_set_primary_roi_074,83079,1,680.6153564453125,410.8717956542969
training_set_primary_roi_074,83084,1,1022.2000122070312,177.36000061035156
training_set_primary_roi_074,83085,6,844.3636474609375,443.4545593261719
training_set_primary_roi_074,83086,6,859.76318359375,459.3157958984375
training_set_primary_roi_074,83092,1,810.1219482421875,154.756103515625
training_set_primary_roi_074,83097,1,851.258056640625,366.258056640625
training_set_primary_roi_074,83099,3,660.8958129882812,676.8541870117188
training_set_primary_roi_074,83100,3,965.8615112304688,711.0615234375
training_set_primary_roi_074,83101,3,645.6511840820312,684.720947265625
training_set_primary_roi_074,83103,3,995.4629516601562,101.27777862548828
training_set_primary_roi_075,83107,0,325.8947448730469,5.473684310913086
training_set_primary_roi_075,83122,0,570.75,43.78571319580078
training_set_primary_roi_075,83166,0,1013.3599853515625,209.44000244140625
training_set_primary_roi_075,83199,0,661.4705810546875,339.1470642089844
training_set_primary_roi_075,83247,0,1018.4000244140625,531.2999877929688
training_set_primary_roi_075,83389,0,316.1538391113281,1015.5
training_set_primary_roi_075,83399,0,438.53192138671875,502.7659606933594
training_set_primary_roi_076,83767,0,676.875,899.875
training_set_primary_roi_076,83800,0,768.0370483398438,678.9629516601562
training_set_primary_roi_076,83803,0,748.9130249023438,800.1738891601562
training_set_primary_roi_076,83818,1,812.9146118164062,371.43902587890625
training_set_primary_roi_076,83822,3,839.8648681640625,480.3783874511719
training_set_primary_roi_076,83827,7,301.3292541503906,236.0731658935547
training_set_primary_roi_076,83829,7,356.7959289550781,213.4081573486328
training_set_primary_roi_076,83834,9,94.30850982666016,599.223388671875
training_set_primary_roi_077,83844,0,461.729736328125,24.54054069519043
training_set_primary_roi_077,83947,0,687.1935424804688,254.93548583984375
training_set_primary_roi_077,84307,0,454.0,1021.888916015625
training_set_primary_roi_077,84320,0,973.2307739257812,219.8076934814453
training_set_primary_roi_078,84324,0,525.888916015625,5.592592716217041
training_set_primary_roi_078,84330,0,613.8485107421875,30.454545974731445
training_set_primary_roi_078,84386,0,387.25,240.375
training_set_primary_roi_078,84483,0,1020.6666870117188,578.4444580078125
training_set_primary_roi_078,84593,0,953.5322875976562,537.3548583984375
training_set_primary_roi_078,84598,0,821.7610473632812,299.13275146484375
training_set_primary_roi_078,84604,0,664.8197021484375,830.8360595703125
training_set_primary_roi_078,84608,0,1001.3618774414062,122.56190490722656
training_set_primary_roi_079,84783,3,855.5516967773438,456.5862121582031
training_set_primary_roi_079,84810,0,702.1428833007812,518.0
training_set_primary_roi_079,84981,3,540.1935424804688,872.0645141601562
training_set_primary_roi_079,85054,3,183.8125,1017.1875
training_set_primary_roi_079,85061,3,242.5614013671875,300.75439453125
training_set_primary_roi_079,85079,3,883.4461669921875,531.7230834960938
training_set_primary_roi_079,85088,0,248.32362365722656,348.00970458984375
training_set_primary_roi_080,85278,1,725.1052856445312,204.6842041015625
training_set_primary_roi_080,85290,3,229.75999450683594,221.24000549316406
training_set_primary_roi_080,85375,0,634.1829223632812,361.5243835449219
training_set_primary_roi_080,85499,0,530.375,618.125
training_set_primary_roi_080,85518,7,34.0,673.5333251953125
training_set_primary_roi_080,85535,0,392.71429443359375,715.7714233398438
training_set_primary_roi_080,85593,0,138.46340942382812,941.243896484375
training_set_primary_roi_080,85619,0,984.423095703125,1013.423095703125
training_set_primary_roi_080,85622,0,1020.0,1011.7857055664062
training_set_primary_roi_080,85626,1,66.09615325927734,22.115385055541992
training_set_primary_roi_080,85631,1,306.21429443359375,289.452392578125
training_set_primary_roi_080,85639,3,934.1206665039062,158.46551513671875
training_set_primary_roi_080,85640,1,778.760009765625,232.39999389648438
training_set_primary_roi_080,85654,3,91.4206314086914,527.1746215820312
training_set_primary_roi_080,85656,0,308.20001220703125,445.25
training_set_primary_roi_080,85662,1,244.13157653808594,295.7894592285156
training_set_primary_roi_080,85664,1,213.0800018310547,209.32000732421875
training_set_primary_roi_080,85669,1,119.30327606201172,65.63934326171875
training_set_primary_roi_080,85674,9,663.4500122070312,256.75
training_set_primary_roi_081,85683,0,337.1000061035156,1.7999999523162842
training_set_primary_roi_081,85686,0,585.5184936523438,10.814814567565918
training_set_primary_roi_081,85688,0,653.5555419921875,3.8888888359069824
training_set_primary_roi_081,85700,0,965.7777709960938,22.037036895751953
training_set_primary_roi_081,85748,0,383.6836853027344,146.39796447753906
training_set_primary_roi_081,85755,0,6.960000038146973,135.1199951171875
training_set_primary_roi_081,85764,0,473.5,165.25
training_set_primary_roi_081,85790,0,249.48484802246094,209.84848022460938
training_set_primary_roi_081,85798,0,338.7391357421875,240.06521606445312
training_set_primary_roi_081,85880,3,568.7058715820312,397.0
training_set_primary_roi_081,85901,3,888.53125,441.5
training_set_primary_roi_081,85929,0,543.1538696289062,498.5
training_set_primary_roi_081,86016,1,292.30303955078125,636.1514892578125
training_set_primary_roi_081,86066,1,309.875,711.6875
training_set_primary_roi_081,86086,0,508.3783874511719,746.54052734375
training_set_primary_roi_081,86096,1,277.2962951660156,759.25927734375
training_set_primary_roi_081,86101,3,840.8485107421875,765.0606079101562
training_set_primary_roi_081,86195,1,251.0,884.5999755859375
training_set_primary_roi_081,86225,0,532.388916015625,931.0555419921875
training_set_primary_roi_081,86240,3,1007.5599975585938,945.1199951171875
training_set_primary_roi_081,86305,0,504.0,1020.7999877929688
training_set_primary_roi_081,86307,3,147.1368408203125,38.26315689086914
training_set_primary_roi_081,86308,7,478.4556884765625,466.10125732421875
training_set_primary_roi_081,86310,7,314.08642578125,841.716064453125
training_set_primary_roi_081,86320,1,859.3103637695312,476.862060546875
training_set_primary_roi_081,86325,3,900.5555419921875,739.8222045898438
training_set_primary_roi_081,86328,3,451.9866638183594,995.3200073242188
training_set_primary_roi_081,86329,0,203.28427124023438,820.2794189453125
training_set_primary_roi_081,86330,0,163.90411376953125,974.1643676757812
training_set_primary_roi_081,86332,1,177.15789794921875,913.3157958984375
training_set_primary_roi_081,86336,3,957.4285888671875,391.21429443359375
training_set_primary_roi_081,86338,0,3.115384578704834,516.3846435546875
training_set_primary_roi_081,86347,1,1008.4052124023438,801.4091186523438
training_set_primary_roi_081,86350,1,994.5,625.78125
training_set_primary_roi_081,86352,1,464.5254211425781,436.2796630859375
training_set_primary_roi_081,86359,9,685.913818359375,879.7413940429688
training_set_primary_roi_082,86499,0,946.3965454101562,350.74139404296875
training_set_primary_roi_082,86573,7,151.6666717529297,962.5833129882812
training_set_primary_roi_082,86575,0,97.15555572509766,187.86666870117188
training_set_primary_roi_082,86589,4,735.872314453125,104.04255676269531
training_set_primary_roi_082,86607,9,298.5,311.25
training_set_primary_roi_082,86613,9,820.36767578125,852.5882568359375
training_set_primary_roi_083,86632,3,356.1538391113281,4.538461685180664
training_set_primary_roi_083,86693,3,698.0,56.875
training_set_primary_roi_083,86779,1,541.7142944335938,168.42857360839844
training_set_primary_roi_083,86787,1,549.625,181.3125
training_set_primary_roi_083,86867,0,842.5999755859375,329.6000061035156
training_set_primary_roi_083,86894,3,578.125,350.375
training_set_primary_roi_083,87028,3,859.27587890625,545.1724243164062
training_set_primary_roi_083,87058,0,266.0967712402344,590.1613159179688
training_set_primary_roi_083,87085,3,394.76190185546875,630.7142944335938
training_set_primary_roi_083,87166,3,819.5999755859375,749.3599853515625
training_set_primary_roi_083,87176,3,880.3125,774.2291870117188
training_set_primary_roi_083,87302,1,703.51220703125,963.4634399414062
training_set_primary_roi_083,87342,3,47.69444274902344,34.01852035522461
training_set_primary_roi_083,87343,0,94.234375,330.4375
training_set_primary_roi_083,87346,0,228.8734130859375,277.7974548339844
training_set_primary_roi_083,87349,3,52.56097412109375,525.219482421875
training_set_primary_roi_083,87355,1,413.3888854980469,419.8333435058594
training_set_primary_roi_083,87357,3,310.42608642578125,256.1565246582031
training_set_primary_roi_083,87373,1,474.5686340332031,460.39215087890625
training_set_primary_roi_083,87380,3,512.55712890625,763.3428344726562
training_set_primary_roi_083,87391,0,780.8275756835938,225.79310607910156
training_set_primary_roi_083,87399,3,1019.38232421875,692.11767578125
training_set_primary_roi_083,87400,7,912.5581665039062,883.9302368164062
training_set_primary_roi_083,87413,7,704.5531616210938,836.5957641601562
training_set_primary_roi_084,87417,0,375.78570556640625,8.75
training_set_primary_roi_084,87419,0,554.4615478515625,6.384615421295166
training_set_primary_roi_084,87422,0,801.9444580078125,7.222222328186035
training_set_primary_roi_084,87477,0,22.384614944458008,157.1923065185547
training_set_primary_roi_084,87521,0,4.857142925262451,316.1428527832031
training_set_primary_roi_084,87523,3,882.125,325.53125
training_set_primary_roi_084,87582,6,515.6818237304688,462.4545593261719
training_set_primary_roi_084,87661,0,178.0,611.7619018554688
training_set_primary_roi_084,87742,3,728.2608642578125,776.3043212890625
training_set_primary_roi_084,87766,3,790.1738891601562,822.7391357421875
training_set_primary_roi_084,87788,1,666.5,853.8461303710938
training_set_primary_roi_084,87804,1,1018.2142944335938,880.5714111328125
training_set_primary_roi_084,87807,0,544.40625,888.3125
training_set_primary_roi_084,87861,0,240.53334045410156,999.066650390625
training_set_primary_roi_084,87872,0,122.43678283691406,918.5287475585938
training_set_primary_roi_084,87883,9,944.8666381835938,213.1999969482422
training_set_primary_roi_085,88137,0,465.1290283203125,600.6451416015625
training_set_primary_roi_085,88168,0,815.3616943359375,465.31915283203125
training_set_primary_roi_085,88174,0,36.73684310913086,716.8421020507812
training_set_primary_roi_085,88199,0,71.5,3.0833332538604736
training_set_primary_roi_085,88204,0,392.30767822265625,473.3846130371094
training_set_primary_roi_085,88208,0,507.478271484375,911.3478393554688
training_set_primary_roi_085,88210,0,716.90625,892.65625
training_set_primary_roi_085,88212,0,372.0,626.5
training_set_primary_roi_085,88213,0,362.1428527832031,622.1428833007812
training_set_primary_roi_085,88233,0,8.818181991577148,574.272705078125
training_set_primary_roi_086,88653,0,745.9791870117188,683.3958129882812
training_set_primary_roi_086,88712,0,517.2692260742188,404.8846130371094
training_set_primary_roi_086,88738,9,679.8400268554688,1001.47998046875
training_set_primary_roi_086,88742,9,598.4000244140625,877.3499755859375
training_set_primary_roi_086,88744,0,691.4444580078125,1020.3333129882812
training_set_primary_roi_086,88776,9,156.3333282470703,237.36363220214844
training_set_primary_roi_086,88778,9,162.38095092773438,145.76190185546875
training_set_primary_roi_086,88782,1,275.19354248046875,339.3548278808594
training_set_primary_roi_086,88796,1,310.1666564941406,493.25
training_set_primary_roi_086,88806,9,820.5555419921875,449.8148193359375
training_set_primary_roi_086,88815,0,835.9655151367188,57.034481048583984
training_set_primary_roi_087,88837,0,443.18182373046875,1.9090908765792847
training_set_primary_roi_087,88840,0,604.3809814453125,3.190476179122925
training_set_primary_roi_087,88851,1,182.23077392578125,21.69230842590332
training_set_primary_roi_087,88914,0,816.7825927734375,121.26087188720703
training_set_primary_roi_087,88939,1,182.3333282470703,168.11111450195312
training_set_primary_roi_087,88947,6,210.3333282470703,183.3333282470703
training_set_primary_roi_087,89001,1,4.0,269.2727355957031
training_set_primary_roi_087,89027,1,47.703704833984375,320.2592468261719
training_set_primary_roi_087,89113,0,526.1514892578125,443.51513671875
training_set_primary_roi_087,89142,1,488.7916564941406,478.2083435058594
training_set_primary_roi_087,89150,1,943.1785888671875,487.6785583496094
training_set_primary_roi_087,89174,1,972.7142944335938,516.2380981445312
training_set_primary_roi_087,89222,1,211.27272033691406,585.727294921875
training_set_primary_roi_087,89241,1,50.20000076293945,623.4000244140625
training_set_primary_roi_087,89262,0,1015.137939453125,636.4827880859375
training_set_primary_roi_087,89263,0,1021.8571166992188,644.2857055664062
training_set_primary_roi_087,89305,0,890.3902587890625,698.6585083007812
training_set_primary_roi_087,89306,1,90.87179565429688,697.7179565429688
training_set_primary_roi_087,89308,1,128.96665954589844,697.1333618164062
training_set_primary_roi_087,89362,1,152.23809814453125,783.5714111328125
training_set_primary_roi_087,89381,0,269.8888854980469,810.74072265625
training_set_primary_roi_087,89387,0,761.5714111328125,812.5238037109375
training_set_primary_roi_087,89420,3,44.4878044128418,877.219482421875
training_set_primary_roi_087,89490,0,426.20001220703125,974.5999755859375
training_set_primary_roi_087,89496,1,66.48275756835938,979.4827880859375
training_set_primary_roi_087,89526,1,86.92308044433594,209.4423065185547
training_set_primary_roi_087,89528,0,223.68055725097656,288.6979064941406
training_set_primary_roi_088,89729,0,699.4166870117188,231.2083282470703
training_set_primary_roi_088,89774,0,826.8485107421875,298.242431640625
training_set_primary_roi_088,89806,0,274.862060546875,199.03448486328125
training_set_primary_roi_088,89815,0,277.5,920.375
training_set_primary_roi_088,89821,0,753.90625,714.59375
training_set_primary_roi_088,89824,0,1014.1304321289062,401.0869445800781
training_set_primary_roi_089,90036,8,10.448275566101074,695.2413940429688
training_set_primary_roi_089,90054,8,229.62962341308594,380.3333435058594
training_set_primary_roi_089,90062,8,251.13636779785156,406.8636474609375
training_set_primary_roi_089,90065,8,30.11111068725586,814.388916015625
training_set_primary_roi_089,90074,0,275.8947448730469,416.34210205078125
training_set_primary_roi_089,90075,8,48.89743423461914,21.230770111083984
training_set_primary_roi_089,90077,8,221.69444274902344,493.3055419921875
training_set_primary_roi_089,90078,8,24.60869598388672,836.478271484375
training_set_primary_roi_089,90083,0,847.5,950.9642944335938
training_set_primary_roi_089,90088,8,932.576904296875,79.11538696289062
training_set_primary_roi_089,90089,0,358.478271484375,906.478271484375
training_set_primary_roi_089,90094,8,215.15625,963.71875
training_set_primary_roi_089,90095,8,224.37930297851562,433.75860595703125
training_set_primary_roi_089,90098,8,67.64102935791016,19.256410598754883
training_set_primary_roi_089,90100,8,656.4500122070312,182.3000030517578
training_set_primary_roi_089,90101,8,0.800000011920929,595.7999877929688
training_set_primary_roi_090,90419,0,840.6923217773438,410.5384521484375
training_set_primary_roi_090,90481,9,834.755126953125,766.0203857421875
training_set_primary_roi_090,90498,7,744.0,854.75
training_set_primary_roi_090,90499,0,904.2666625976562,223.60000610351562
training_set_primary_roi_090,90507,0,609.4166870117188,268.5833435058594
training_set_primary_roi_090,90517,0,845.48486328125,152.242431640625
training_set_primary_roi_090,90520,0,837.62744140625,586.4705810546875
training_set_primary_roi_090,90531,0,123.95812225341797,333.3056335449219
training_set_primary_roi_090,90532,6,281.6973571777344,364.90789794921875
training_set_primary_roi_090,90539,0,918.3297729492188,733.5213012695312
training_set_primary_roi_090,90557,0,472.4615478515625,235.76922607421875
training_set_primary_roi_090,90560,0,986.780517578125,369.3414611816406
training_set_primary_roi_090,90582,0,486.0422668457031,45.0704231262207
training_set_primary_roi_091,90595,0,897.2777709960938,4.722222328186035
training_set_primary_roi_091,90662,1,527.2222290039062,102.88888549804688
training_set_primary_roi_091,90690,0,50.74074172973633,138.55555725097656
training_set_primary_roi_091,90714,1,110.97058868408203,170.64706420898438
training_set_primary_roi_091,90715,1,524.0302734375,169.757568359375
training_set_primary_roi_091,90758,0,1020.7857055664062,230.0
training_set_primary_roi_091,90768,3,480.8333435058594,245.47222900390625
training_set_primary_roi_091,90804,0,781.3225708007812,321.93548583984375
training_set_primary_roi_091,90827,3,181.3249969482422,341.17498779296875
training_set_primary_roi_091,90865,0,1012.6153564453125,390.3846130371094
training_set_primary_roi_091,91085,1,2.384615421295166,692.5384521484375
training_set_primary_roi_091,91244,3,737.8571166992188,884.6666870117188
training_set_primary_roi_091,91254,3,118.92857360839844,883.6071166992188
training_set_primary_roi_091,91257,1,510.558837890625,887.1470336914062
training_set_primary_roi_091,91322,7,847.2051391601562,972.3333129882812
training_set_primary_roi_091,91353,1,992.5399780273438,752.6400146484375
training_set_primary_roi_091,91369,3,142.4130401611328,954.8912963867188
training_set_primary_roi_091,91372,3,180.3614501953125,864.0361328125
training_set_primary_roi_091,91380,0,128.01388549804688,217.26388549804688
training_set_primary_roi_091,91384,0,37.25806427001953,86.96774291992188
training_set_primary_roi_091,91389,1,451.0882263183594,131.55882263183594
training_set_primary_roi_091,91392,3,531.9285888671875,44.70408248901367
training_set_primary_roi_091,91393,0,663.9480590820312,117.80519104003906
training_set_primary_roi_091,91395,1,942.3778076171875,75.9111099243164
training_set_primary_roi_091,91396,7,842.1463623046875,89.09756469726562
training_set_primary_roi_091,91397,7,910.9078979492188,89.34210205078125
training_set_primary_roi_091,91403,0,869.5233764648438,614.1401977539062
training_set_primary_roi_091,91408,0,741.6500244140625,771.2416381835938
training_set_primary_roi_091,91410,1,650.5806274414062,200.9193572998047
training_set_primary_roi_091,91411,0,615.5640869140625,6.846153736114502
training_set_primary_roi_091,91414,3,562.8717651367188,125.38461303710938
training_set_primary_roi_091,91418,3,560.6849365234375,442.71234130859375
training_set_primary_roi_091,91419,1,499.1499938964844,544.6500244140625
training_set_primary_roi_091,91422,1,665.3043212890625,699.6304321289062
training_set_primary_roi_091,91438,1,294.270263671875,229.79730224609375
training_set_primary_roi_091,91449,3,26.18556785583496,298.8247375488281
training_set_primary_roi_091,91453,1,210.25,592.6363525390625
training_set_primary_roi_091,91460,1,36.44285583496094,725.3285522460938
training_set_primary_roi_091,91462,3,111.52325439453125,765.2092895507812
training_set_primary_roi_091,91467,3,73.44303894042969,935.759521484375
training_set_primary_roi_091,91472,1,849.1842041015625,823.23681640625
training_set_primary_roi_091,91477,1,101.0625,347.4166564941406
training_set_primary_roi_091,91481,3,410.78570556640625,342.4678649902344
training_set_primary_roi_091,91486,3,465.1000061035156,347.8399963378906
training_set_primary_roi_091,91487,0,973.168701171875,38.632530212402344
training_set_primary_roi_091,91494,0,973.975830078125,427.991943359375
training_set_primary_roi_091,91497,7,95.41071319580078,644.7083740234375
training_set_primary_roi_092,91503,0,706.1666870117188,3.6666667461395264
training_set_primary_roi_092,91504,0,741.7777709960938,5.222222328186035
training_set_primary_roi_092,91525,0,200.10000610351562,127.4000015258789
training_set_primary_roi_092,91526,0,698.875,133.125
training_set_primary_roi_092,91546,0,81.25,235.25
training_set_primary_roi_092,91561,0,2.2857143878936768,319.0
training_set_primary_roi_092,91579,9,159.0,414.0
training_set_primary_roi_092,91580,0,1018.375,422.0
training_set_primary_roi_092,91602,0,419.6000061035156,553.9000244140625
training_set_primary_roi_092,91619,6,716.0,680.5
training_set_primary_roi_092,91635,6,706.3333129882812,762.3333129882812
training_set_primary_roi_092,91644,0,566.0714111328125,799.0
training_set_primary_roi_092,91646,0,4.142857074737549,800.2857055664062
training_set_primary_roi_092,91650,0,587.0714111328125,826.2142944335938
training_set_primary_roi_092,91707,0,681.25,32.83333206176758
training_set_primary_roi_092,91733,0,27.518518447875977,633.1851806640625
training_set_primary_roi_092,91734,0,80.30952453613281,707.5714111328125
training_set_primary_roi_092,91736,0,60.35293960571289,906.8235473632812
training_set_primary_roi_092,91746,0,821.0499877929688,654.3499755859375
training_set_primary_roi_092,91749,0,947.2198486328125,503.687255859375
training_set_primary_roi_092,91754,0,579.8324584960938,211.06378173828125
training_set_primary_roi_092,91759,0,854.8552856445312,247.48219299316406
training_set_primary_roi_092,91766,0,755.8726196289062,313.98583984375
training_set_primary_roi_092,91774,0,47.82954406738281,336.0
training_set_primary_roi_092,91775,0,88.52173614501953,454.4565124511719
training_set_primary_roi_092,91790,0,425.3465881347656,820.0315551757812
training_set_primary_roi_092,91793,0,897.8208618164062,421.9183044433594
training_set_primary_roi_093,91810,0,456.20001220703125,1.0
training_set_primary_roi_093,91819,0,1020.0,20.399999618530273
training_set_primary_roi_093,91939,0,252.76922607421875,249.23077392578125
training_set_primary_roi_093,92367,0,717.058837890625,177.1764678955078
training_set_primary_roi_093,92369,0,398.1333312988281,327.1333312988281
training_set_primary_roi_094,92416,0,767.0,51.44444274902344
training_set_primary_roi_094,92421,9,1021.4000244140625,59.20000076293945
training_set_primary_roi_094,92441,0,332.4375,103.0
training_set_primary_roi_094,92541,0,1021.4000244140625,277.3999938964844
training_set_primary_roi_094,92639,0,1017.1428833007812,440.71429443359375
training_set_primary_roi_094,92650,6,532.2000122070312,463.6000061035156
training_set_primary_roi_094,92663,0,722.2571411132812,501.0857238769531
training_set_primary_roi_094,92756,0,994.4400024414062,652.5999755859375
training_set_primary_roi_094,92822,0,1016.1428833007812,764.4285888671875
training_set_primary_roi_094,92848,0,1018.1428833007812,811.1428833007812
training_set_primary_roi_094,92973,0,536.375,1011.75
training_set_primary_roi_094,92982,0,89.16666412353516,1018.8333129882812
training_set_primary_roi_094,93001,0,979.9058837890625,828.1148071289062
training_set_primary_roi_094,93005,0,547.436279296875,208.30874633789062
training_set_primary_roi_094,93008,0,557.5092163085938,435.3740539550781
training_set_primary_roi_094,93021,7,228.20370483398438,520.5925903320312
training_set_primary_roi_095,93026,0,512.5714111328125,3.7142856121063232
training_set_primary_roi_095,93032,0,1015.1428833007812,2.0
training_set_primary_roi_095,93062,1,67.77777862548828,64.88888549804688
training_set_primary_roi_095,93073,1,41.0,85.66666412353516
training_set_primary_roi_095,93082,1,398.1000061035156,106.9000015258789
training_set_primary_roi_095,93102,4,227.44444274902344,159.55555725097656
training_set_primary_roi_095,93107,1,245.6666717529297,171.44444274902344
training_set_primary_roi_095,93276,3,72.88888549804688,703.7777709960938
training_set_primary_roi_095,93301,0,622.25,751.5
training_set_primary_roi_095,93304,0,546.9091186523438,771.0908813476562
training_set_primary_roi_095,93310,0,1021.2000122070312,775.4000244140625
training_set_primary_roi_095,93357,6,311.058837890625,872.3529663085938
training_set_primary_roi_095,93367,0,852.1818237304688,907.272705078125
training_set_primary_roi_095,93402,3,162.1666717529297,808.8333129882812
training_set_primary_roi_095,93407,4,887.0416870117188,977.9166870117188
training_set_primary_roi_095,93408,4,865.4545288085938,929.6363525390625
training_set_primary_roi_095,93416,0,911.4285888671875,352.6428527832031
training_set_primary_roi_095,93420,0,755.4444580078125,5.111111164093018
training_set_primary_roi_095,93429,0,518.7650146484375,287.88214111328125
training_set_primary_roi_095,93430,0,327.9481201171875,147.21875
training_set_primary_roi_096,93511,1,376.28570556640625,144.2857208251953
training_set_primary_roi_096,93701,1,607.875,440.25
training_set_primary_roi_096,93708,1,621.7142944335938,447.0
training_set_primary_roi_096,93746,6,271.125,493.375
training_set_primary_roi_096,93799,1,295.1111145019531,555.888916015625
training_set_primary_roi_096,93818,1,40.57143020629883,584.7142944335938
training_set_primary_roi_096,93836,1,92.625,624.3125
training_set_primary_roi_096,93854,3,317.8888854980469,653.0
training_set_primary_roi_096,93860,1,324.0,663.0
training_set_primary_roi_096,93867,0,843.5,681.7000122070312
training_set_primary_roi_096,93920,0,26.58823585510254,812.0
training_set_primary_roi_096,93921,0,523.7142944335938,806.7142944335938
training_set_primary_roi_096,93931,0,2.200000047683716,834.2000122070312
training_set_primary_roi_096,93987,3,594.0,955.875
training_set_primary_roi_096,94000,7,827.6666870117188,975.0
training_set_primary_roi_096,94020,1,627.8333129882812,1019.5
training_set_primary_roi_096,94027,1,677.4545288085938,984.0
training_set_primary_roi_096,94029,7,672.25,952.25
training_set_primary_roi_096,94030,7,662.2999877929688,952.2999877929688
training_set_primary_roi_096,94032,0,602.2000122070312,711.2000122070312
training_set_primary_roi_096,94034,1,502.22222900390625,458.3333435058594
training_set_primary_roi_096,94037,3,292.375,568.875
training_set_primary_roi_096,94039,7,115.55555725097656,110.44444274902344
training_set_primary_roi_096,94040,1,283.125,372.5
training_set_primary_roi_096,94042,0,1015.721435546875,290.6785583496094
training_set_primary_roi_096,94043,0,914.3666381835938,417.57501220703125
training_set_primary_roi_096,94051,3,303.4659118652344,471.4090881347656
training_set_primary_roi_097,94065,0,452.71429443359375,3.7142856121063232
training_set_primary_roi_097,94074,0,1014.4000244140625,1.600000023841858
training_set_primary_roi_097,94095,0,634.0,41.0
training_set_primary_roi_097,94120,0,326.25,94.0
training_set_primary_roi_097,94290,0,507.625,367.9375
training_set_primary_roi_097,94532,0,752.3076782226562,791.4615478515625
training_set_primary_roi_097,94641,7,395.5384521484375,540.1538696289062
training_set_primary_roi_097,94650,0,503.6363525390625,72.81818389892578
training_set_primary_roi_098,95140,1,963.5999755859375,0.4000000059604645
training_set_primary_roi_098,95148,1,372.75,327.5
training_set_primary_roi_098,95152,1,390.20001220703125,0.6000000238418579
training_set_primary_roi_098,95154,1,421.6000061035156,0.6000000238418579
training_set_primary_roi_098,95156,1,447.20001220703125,0.6000000238418579
training_set_primary_roi_098,95168,1,90.0,214.39999389648438
training_set_primary_roi_098,95169,1,94.25,216.5
training_set_primary_roi_098,95172,1,309.5,153.25
training_set_primary_roi_098,95197,0,1014.75,884.5
training_set_primary_roi_098,95202,6,323.28570556640625,502.6142883300781
training_set_primary_roi_098,95211,1,803.3921508789062,83.13725280761719
training_set_primary_roi_099,95410,0,581.1190185546875,215.8095245361328
training_set_primary_roi_099,95644,0,185.9166717529297,345.0833435058594
training_set_primary_roi_099,95656,0,3.0625,12.625
training_set_primary_roi_099,95666,0,175.52113342285156,541.1056518554688
training_set_primary_roi_099,95673,7,378.43023681640625,192.11627197265625
training_set_primary_roi_099,95674,7,361.010986328125,208.15383911132812
training_set_primary_roi_099,95717,0,926.6818237304688,550.3863525390625
training_set_primary_roi_099,95723,1,48.900001525878906,959.9923095703125
training_set_primary_roi_099,95732,0,48.67692184448242,160.09230041503906
training_set_primary_roi_099,95736,4,983.75,918.2142944335938
training_set_primary_roi_099,95743,7,70.25640869140625,646.94873046875
training_set_primary_roi_100,95744,0,121.05882263183594,6.176470756530762
training_set_primary_roi_100,95770,1,595.5,82.04545593261719
training_set_primary_roi_100,95850,0,126.0999984741211,288.0
training_set_primary_roi_100,96034,0,204.05882263183594,755.2352905273438
training_set_primary_roi_100,96041,6,653.2222290039062,775.1666870117188
training_set_primary_roi_100,96148,0,356.0,1022.4000244140625
training_set_primary_roi_100,96152,6,409.6176452636719,245.03675842285156
training_set_primary_roi_100,96153,3,109.38888549804688,534.2666625976562
training_set_primary_roi_100,96156,6,852.9375,991.4375
training_set_primary_roi_100,96162,3,903.9483032226562,612.5172119140625
training_set_primary_roi_101,96188,8,735.7999877929688,230.3428497314453
training_set_primary_roi_101,96197,6,800.5882568359375,644.3529663085938
training_set_primary_roi_101,96334,8,41.79999923706055,509.3999938964844
training_set_primary_roi_101,96380,3,911.4000244140625,890.7999877929688
training_set_primary_roi_101,96402,4,930.9622802734375,921.3773803710938
training_set_primary_roi_101,96406,1,756.2941284179688,252.23529052734375
training_set_primary_roi_101,96495,1,467.3999938964844,964.7999877929688
training_set_primary_roi_101,96533,3,260.0857238769531,847.971435546875
training_set_primary_roi_101,96538,0,507.74359130859375,406.79486083984375
training_set_primary_roi_101,96540,8,33.38775634765625,500.71429443359375
training_set_primary_roi_101,96550,1,767.1333618164062,894.7999877929688
training_set_primary_roi_102,96562,7,1017.90478515625,275.9047546386719
training_set_primary_roi_102,96669,8,1018.7879028320312,499.242431640625
training_set_primary_roi_102,96990,8,814.9259033203125,974.370361328125
training_set_primary_roi_102,96994,8,666.5423583984375,629.0508422851562
training_set_primary_roi_102,96999,8,1023.875,462.66497802734375
training_set_primary_roi_102,97005,4,152.5238037109375,139.32737731933594
training_set_primary_roi_102,97021,0,13.114285469055176,587.4000244140625
training_set_primary_roi_102,97022,0,236.35903930664062,497.8013610839844
training_set_primary_roi_103,97032,8,32.06666564941406,7.688889026641846
training_set_primary_roi_103,97034,8,6.275862216949463,23.44827651977539
training_set_primary_roi_103,97088,8,382.7611999511719,8.059701919555664
training_set_primary_roi_103,97089,8,283.8780517578125,7.853658676147461
training_set_primary_roi_103,97090,8,332.61224365234375,7.448979377746582
training_set_primary_roi_103,97113,8,9.170212745666504,129.12765502929688
training_set_primary_roi_103,97125,8,892.7999877929688,193.88888549804688
training_set_primary_roi_103,97126,8,8.0,192.86045837402344
training_set_primary_roi_103,97134,8,7.848484992980957,224.78787231445312
training_set_primary_roi_103,97150,0,765.3713989257812,284.05712890625
training_set_primary_roi_103,97323,0,856.3404541015625,985.127685546875
training_set_primary_roi_103,97335,0,494.1463317871094,1014.3902587890625
training_set_primary_roi_103,97351,8,39.65957260131836,122.36170196533203
training_set_primary_roi_103,97366,1,980.3448486328125,1004.6206665039062
