uid,roi,group,image,x,y,label,split,coordinate_source,eval_x,eval_y,eval_centroids,class_name,sampling_seed,provenance,cv_fold
training_set_metastatic_roi_001:187,training_set_metastatic_roi_001,training_set_metastatic_roi_001,D:\Research\PUMA\Code\TRAINING CODE\Dataset\01_training_dataset_tif_ROIs\training_set_metastatic_roi_001.tif,274.68967784352395,969.3510848126232,9,train,gt,274.0370483398437,970.4074096679688,"[[274.03704833984375, 970.4074096679688]]",apoptosis,17,prior ROI split; area-centroid crop; V17 exterior-component evaluation,0
training_set_metastatic_roi_002:710,training_set_metastatic_roi_002,training_set_metastatic_roi_002,D:\Research\PUMA\Code\TRAINING CODE\Dataset\01_training_dataset_tif_ROIs\training_set_metastatic_roi_002.tif,506.0455938697318,670.4091954022989,2,train,gt,507.7069091796875,671.22412109375,"[[507.7069091796875, 671.22412109375]]",plasma_cell,17,prior ROI split; area-centroid crop; V17 exterior-component evaluation,0
training_set_metastatic_roi_003:139,training_set_metastatic_roi_003,training_set_metastatic_roi_003,D:\Research\PUMA\Code\TRAINING CODE\Dataset\01_training_dataset_tif_ROIs\training_set_metastatic_roi_003.tif,964.3677649154052,382.7825764321757,0,train,gt,967.2142944335938,381.71429443359375,"[[967.2142944335938, 381.71429443359375]]",tumor,17,prior ROI split; area-centroid crop; V17 exterior-component evaluation,1
training_set_metastatic_roi_004:432,training_set_metastatic_roi_004,training_set_metastatic_roi_004,D:\Research\PUMA\Code\TRAINING CODE\Dataset\01_training_dataset_tif_ROIs\training_set_metastatic_roi_004.tif,192.4309895833333,772.8061755952382,0,train,gt,191.2592620849609,775.1481323242188,"[[191.25926208496094, 775.1481323242188]]",tumor,17,prior ROI split; area-centroid crop; V17 exterior-component evaluation,1
training_set_metastatic_roi_005:138,training_set_metastatic_roi_005,training_set_metastatic_roi_005,D:\Research\PUMA\Code\TRAINING CODE\Dataset\01_training_dataset_tif_ROIs\training_set_metastatic_roi_005.tif,800.2323232323232,227.15572390572396,8,val,gt,799.7626953125,227.2372894287109,"[[799.7626953125, 227.23728942871094]]",endothelium,17,prior ROI split; area-centroid crop; V17 exterior-component evaluation,-1
training_set_metastatic_roi_005:223,training_set_metastatic_roi_005,training_set_metastatic_roi_005,D:\Research\PUMA\Code\TRAINING CODE\Dataset\01_training_dataset_tif_ROIs\training_set_metastatic_roi_005.tif,972.8358208955224,790.8175787728027,6,val,gt,973.3846435546876,789.7307739257812,"[[973.3846435546875, 789.7307739257812]]",stroma,17,prior ROI split; area-centroid crop; V17 exterior-component evaluation,-1
training_set_metastatic_roi_006:235,training_set_metastatic_roi_006,training_set_metastatic_roi_006,D:\Research\PUMA\Code\TRAINING CODE\Dataset\01_training_dataset_tif_ROIs\training_set_metastatic_roi_006.tif,347.6727053140097,753.7427536231884,6,val,gt,348.3333435058594,752.5,"[[348.3333435058594, 752.5]]",stroma,17,prior ROI split; area-centroid crop; V17 exterior-component evaluation,-1
training_set_metastatic_roi_007:98,training_set_metastatic_roi_007,training_set_metastatic_roi_007,D:\Research\PUMA\Code\TRAINING CODE\Dataset\01_training_dataset_tif_ROIs\training_set_metastatic_roi_007.tif,574.2025473749612,850.8981050015533,8,val,gt,573.3200073242188,849.0399780273438,"[[573.3200073242188, 849.0399780273438]]",endothelium,17,prior ROI split; area-centroid crop; V17 exterior-component evaluation,-1
training_set_metastatic_roi_007:176,training_set_metastatic_roi_007,training_set_metastatic_roi_007,D:\Research\PUMA\Code\TRAINING CODE\Dataset\01_training_dataset_tif_ROIs\training_set_metastatic_roi_007.tif,353.62439362439363,294.973665973666,1,val,gt,354.4285583496094,295.7142944335937,"[[354.4285583496094, 295.71429443359375]]",lymphocyte,17,prior ROI split; area-centroid crop; V17 exterior-component evaluation,-1
training_set_metastatic_roi_008:120,training_set_metastatic_roi_008,training_set_metastatic_roi_008,D:\Research\PUMA\Code\TRAINING CODE\Dataset\01_training_dataset_tif_ROIs\training_set_metastatic_roi_008.tif,333.114619883041,334.9239766081871,9,train,gt,332.9047546386719,335.3333435058594,"[[332.9047546386719, 335.3333435058594]]",apoptosis,17,prior ROI split; area-centroid crop; V17 exterior-component evaluation,1
training_set_metastatic_roi_010:117,training_set_metastatic_roi_010,training_set_metastatic_roi_010,D:\Research\PUMA\Code\TRAINING CODE\Dataset\01_training_dataset_tif_ROIs\training_set_metastatic_roi_010.tif,232.1278399457443,321.3794506612411,6,train,gt,232.46807861328125,321.3404235839844,"[[232.46807861328125, 321.3404235839844]]",stroma,17,prior ROI split; area-centroid crop; V17 exterior-component evaluation,1
training_set_metastatic_roi_010:129,training_set_metastatic_roi_010,training_set_metastatic_roi_010,D:\Research\PUMA\Code\TRAINING CODE\Dataset\01_training_dataset_tif_ROIs\training_set_metastatic_roi_010.tif,426.32623106060606,118.77272727272728,9,train,gt,426.23333740234375,116.5,"[[426.23333740234375, 116.5]]",apoptosis,17,prior ROI split; area-centroid crop; V17 exterior-component evaluation,1
training_set_metastatic_roi_011:217,training_set_metastatic_roi_011,training_set_metastatic_roi_011,D:\Research\PUMA\Code\TRAINING CODE\Dataset\01_training_dataset_tif_ROIs\training_set_metastatic_roi_011.tif,273.1090629800307,746.1041474654378,4,train,gt,271.70587158203125,745.9705810546875,"[[271.70587158203125, 745.9705810546875]]",melanophage,17,prior ROI split; area-centroid crop; V17 exterior-component evaluation,0
training_set_metastatic_roi_011:265,training_set_metastatic_roi_011,training_set_metastatic_roi_011,D:\Research\PUMA\Code\TRAINING CODE\Dataset\01_training_dataset_tif_ROIs\training_set_metastatic_roi_011.tif,708.318663406683,515.7726161369193,0,train,gt,710.3235473632812,516.0294189453125,"[[710.3235473632812, 516.0294189453125]]",tumor,17,prior ROI split; area-centroid crop; V17 exterior-component evaluation,0
training_set_metastatic_roi_012:305,training_set_metastatic_roi_012,training_set_metastatic_roi_012,D:\Research\PUMA\Code\TRAINING CODE\Dataset\01_training_dataset_tif_ROIs\training_set_metastatic_roi_012.tif,728.5789222699094,582.2680019074869,0,train,gt,729.8125,579.5625,"[[729.8125, 579.5625]]",tumor,17,prior ROI split; area-centroid crop; V17 exterior-component evaluation,2
training_set_metastatic_roi_014:372,training_set_metastatic_roi_014,training_set_metastatic_roi_014,D:\Research\PUMA\Code\TRAINING CODE\Dataset\01_training_dataset_tif_ROIs\training_set_metastatic_roi_014.tif,451.5719225449516,944.1286307053942,9,train,gt,451.971435546875,942.7714233398438,"[[451.971435546875, 942.7714233398438]]",apoptosis,17,prior ROI split; area-centroid crop; V17 exterior-component evaluation,2
training_set_metastatic_roi_015:113,training_set_metastatic_roi_015,training_set_metastatic_roi_015,D:\Research\PUMA\Code\TRAINING CODE\Dataset\01_training_dataset_tif_ROIs\training_set_metastatic_roi_015.tif,740.4489862124899,377.2011354420114,0,train,gt,738.6738891601562,376.2391357421875,"[[738.6738891601562, 376.2391357421875]]",tumor,17,prior ROI split; area-centroid crop; V17 exterior-component evaluation,1
training_set_metastatic_roi_016:40,training_set_metastatic_roi_016,training_set_metastatic_roi_016,D:\Research\PUMA\Code\TRAINING CODE\Dataset\01_training_dataset_tif_ROIs\training_set_metastatic_roi_016.tif,246.2737483342852,82.97296782790785,0,train,gt,242.5102081298828,81.0204086303711,"[[242.5102081298828, 81.0204086303711]]",tumor,17,prior ROI split; area-centroid crop; V17 exterior-component evaluation,1
training_set_metastatic_roi_016:199,training_set_metastatic_roi_016,training_set_metastatic_roi_016,D:\Research\PUMA\Code\TRAINING CODE\Dataset\01_training_dataset_tif_ROIs\training_set_metastatic_roi_016.tif,321.8507063764796,772.8228331424208,6,train,gt,322.7317199707031,774.6341552734375,"[[322.7317199707031, 774.6341552734375]]",stroma,17,prior ROI split; area-centroid crop; V17 exterior-component evaluation,1
training_set_metastatic_roi_016:289,training_set_metastatic_roi_016,training_set_metastatic_roi_016,D:\Research\PUMA\Code\TRAINING CODE\Dataset\01_training_dataset_tif_ROIs\training_set_metastatic_roi_016.tif,320.92863849765257,483.8492957746479,9,train,gt,323.5599975585937,484.8399963378906,"[[323.55999755859375, 484.8399963378906]]",apoptosis,17,prior ROI split; area-centroid crop; V17 exterior-component evaluation,1
training_set_metastatic_roi_016:370,training_set_metastatic_roi_016,training_set_metastatic_roi_016,D:\Research\PUMA\Code\TRAINING CODE\Dataset\01_training_dataset_tif_ROIs\training_set_metastatic_roi_016.tif,8.127792672028596,794.0,2,train,gt,9.800000190734863,793.4500122070312,"[[9.800000190734863, 793.4500122070312]]",plasma_cell,17,prior ROI split; area-centroid crop; V17 exterior-component evaluation,1
training_set_metastatic_roi_017:598,training_set_metastatic_roi_017,training_set_metastatic_roi_017,D:\Research\PUMA\Code\TRAINING CODE\Dataset\01_training_dataset_tif_ROIs\training_set_metastatic_roi_017.tif,983.8148608092724,954.3242264307152,2,train,gt,986.3235473632812,953.88232421875,"[[986.3235473632812, 953.88232421875]]",plasma_cell,17,prior ROI split; area-centroid crop; V17 exterior-component evaluation,2
training_set_metastatic_roi_017:599,training_set_metastatic_roi_017,training_set_metastatic_roi_017,D:\Research\PUMA\Code\TRAINING CODE\Dataset\01_training_dataset_tif_ROIs\training_set_metastatic_roi_017.tif,952.5387079551522,984.4125289197368,2,train,gt,951.0,982.6458129882812,"[[951.0, 982.6458129882812]]",plasma_cell,17,prior ROI split; area-centroid crop; V17 exterior-component evaluation,2
training_set_metastatic_roi_017:608,training_set_metastatic_roi_017,training_set_metastatic_roi_017,D:\Research\PUMA\Code\TRAINING CODE\Dataset\01_training_dataset_tif_ROIs\training_set_metastatic_roi_017.tif,372.6703246456333,6.849108367626887,9,train,gt,371.9285583496094,8.607142448425293,"[[371.9285583496094, 8.607142448425293]]",apoptosis,17,prior ROI split; area-centroid crop; V17 exterior-component evaluation,2
training_set_metastatic_roi_018:120,training_set_metastatic_roi_018,training_set_metastatic_roi_018,D:\Research\PUMA\Code\TRAINING CODE\Dataset\01_training_dataset_tif_ROIs\training_set_metastatic_roi_018.tif,108.10796460176992,582.303244837758,5,train,gt,108.52777862548828,582.4166870117188,"[[108.52777862548828, 582.4166870117188]]",neutrophil,17,prior ROI split; area-centroid crop; V17 exterior-component evaluation,1
training_set_metastatic_roi_020:84,training_set_metastatic_roi_020,training_set_metastatic_roi_020,D:\Research\PUMA\Code\TRAINING CODE\Dataset\01_training_dataset_tif_ROIs\training_set_metastatic_roi_020.tif,844.2578714545928,486.0122300286234,0,train,gt,843.137939453125,486.7413940429688,"[[843.137939453125, 486.74139404296875]]",tumor,17,prior ROI split; area-centroid crop; V17 exterior-component evaluation,0
training_set_metastatic_roi_021:223,training_set_metastatic_roi_021,training_set_metastatic_roi_021,D:\Research\PUMA\Code\TRAINING CODE\Dataset\01_training_dataset_tif_ROIs\training_set_metastatic_roi_021.tif,592.7930500221337,836.3027888446215,0,val,gt,593.7958984375,836.1632690429688,"[[593.7958984375, 836.1632690429688]]",tumor,17,prior ROI split; area-centroid crop; V17 exterior-component evaluation,-1
training_set_metastatic_roi_022:385,training_set_metastatic_roi_022,training_set_metastatic_roi_022,D:\Research\PUMA\Code\TRAINING CODE\Dataset\01_training_dataset_tif_ROIs\training_set_metastatic_roi_022.tif,403.6824769433465,288.9328063241107,0,train,gt,403.047607421875,289.5714416503906,"[[403.047607421875, 289.5714416503906]]",tumor,17,prior ROI split; area-centroid crop; V17 exterior-component evaluation,2
training_set_metastatic_roi_022:506,training_set_metastatic_roi_022,training_set_metastatic_roi_022,D:\Research\PUMA\Code\TRAINING CODE\Dataset\01_training_dataset_tif_ROIs\training_set_metastatic_roi_022.tif,1012.8370646766168,164.3320895522388,0,train,gt,1012.4515991210938,164.61289978027344,"[[1012.4515991210938, 164.61289978027344]]",tumor,17,prior ROI split; area-centroid crop; V17 exterior-component evaluation,2
training_set_metastatic_roi_022:565,training_set_metastatic_roi_022,training_set_metastatic_roi_022,D:\Research\PUMA\Code\TRAINING CODE\Dataset\01_training_dataset_tif_ROIs\training_set_metastatic_roi_022.tif,258.98306233062334,255.5718157181572,8,train,gt,259.8333435058594,261.1388854980469,"[[259.8333435058594, 261.1388854980469]]",endothelium,17,prior ROI split; area-centroid crop; V17 exterior-component evaluation,2
training_set_metastatic_roi_023:403,training_set_metastatic_roi_023,training_set_metastatic_roi_023,D:\Research\PUMA\Code\TRAINING CODE\Dataset\01_training_dataset_tif_ROIs\training_set_metastatic_roi_023.tif,536.9638814355487,549.4416840041339,9,val,gt,537.7357177734375,547.2874145507812,"[[537.7357177734375, 547.2874145507812]]",apoptosis,17,prior ROI split; area-centroid crop; V17 exterior-component evaluation,-1
training_set_metastatic_roi_024:193,training_set_metastatic_roi_024,training_set_metastatic_roi_024,D:\Research\PUMA\Code\TRAINING CODE\Dataset\01_training_dataset_tif_ROIs\training_set_metastatic_roi_024.tif,466.620945681907,1001.4071903087143,5,train,gt,468.3409118652344,1001.0,"[[468.3409118652344, 1001.0]]",neutrophil,17,prior ROI split; area-centroid crop; V17 exterior-component evaluation,1
training_set_metastatic_roi_025:6,training_set_metastatic_roi_025,training_set_metastatic_roi_025,D:\Research\PUMA\Code\TRAINING CODE\Dataset\01_training_dataset_tif_ROIs\training_set_metastatic_roi_025.tif,706.2407582938389,11.663823064770932,0,train,gt,706.5,15.30555534362793,"[[706.5, 15.30555534362793]]",tumor,17,prior ROI split; area-centroid crop; V17 exterior-component evaluation,1
training_set_metastatic_roi_025:287,training_set_metastatic_roi_025,training_set_metastatic_roi_025,D:\Research\PUMA\Code\TRAINING CODE\Dataset\01_training_dataset_tif_ROIs\training_set_metastatic_roi_025.tif,708.5142394822007,489.67346278317154,0,train,gt,706.375,489.9750061035156,"[[706.375, 489.9750061035156]]",tumor,17,prior ROI split; area-centroid crop; V17 exterior-component evaluation,1
training_set_metastatic_roi_025:544,training_set_metastatic_roi_025,training_set_metastatic_roi_025,D:\Research\PUMA\Code\TRAINING CODE\Dataset\01_training_dataset_tif_ROIs\training_set_metastatic_roi_025.tif,323.8859840232389,983.6056644880174,2,train,gt,323.7948608398437,983.2564086914062,"[[323.79486083984375, 983.2564086914062]]",plasma_cell,17,prior ROI split; area-centroid crop; V17 exterior-component evaluation,1
training_set_metastatic_roi_025:614,training_set_metastatic_roi_025,training_set_metastatic_roi_025,D:\Research\PUMA\Code\TRAINING CODE\Dataset\01_training_dataset_tif_ROIs\training_set_metastatic_roi_025.tif,915.8956821642928,430.11730717549045,6,train,gt,916.3223876953124,430.1644592285156,"[[916.3223876953125, 430.1644592285156]]",stroma,17,prior ROI split; area-centroid crop; V17 exterior-component evaluation,1
training_set_metastatic_roi_026:12,training_set_metastatic_roi_026,training_set_metastatic_roi_026,D:\Research\PUMA\Code\TRAINING CODE\Dataset\01_training_dataset_tif_ROIs\training_set_metastatic_roi_026.tif,342.7604575163399,423.4325163398693,0,train,gt,342.758056640625,422.56451416015625,"[[342.758056640625, 422.56451416015625]]",tumor,17,prior ROI split; area-centroid crop; V17 exterior-component evaluation,0
training_set_metastatic_roi_026:115,training_set_metastatic_roi_026,training_set_metastatic_roi_026,D:\Research\PUMA\Code\TRAINING CODE\Dataset\01_training_dataset_tif_ROIs\training_set_metastatic_roi_026.tif,27.896597291047243,323.8605880409646,0,train,gt,28.62162208557129,324.3783874511719,"[[28.62162208557129, 324.3783874511719]]",tumor,17,prior ROI split; area-centroid crop; V17 exterior-component evaluation,0
training_set_metastatic_roi_026:403,training_set_metastatic_roi_026,training_set_metastatic_roi_026,D:\Research\PUMA\Code\TRAINING CODE\Dataset\01_training_dataset_tif_ROIs\training_set_metastatic_roi_026.tif,369.5518102372035,828.8274032459425,3,train,gt,370.0,829.6326293945312,"[[370.0, 829.6326293945312]]",histiocyte,17,prior ROI split; area-centroid crop; V17 exterior-component evaluation,0
training_set_metastatic_roi_026:414,training_set_metastatic_roi_026,training_set_metastatic_roi_026,D:\Research\PUMA\Code\TRAINING CODE\Dataset\01_training_dataset_tif_ROIs\training_set_metastatic_roi_026.tif,249.01204055766797,869.2298267849599,1,train,gt,249.5877227783203,869.4210815429688,"[[249.5877227783203, 869.4210815429688]]",lymphocyte,17,prior ROI split; area-centroid crop; V17 exterior-component evaluation,0
training_set_metastatic_roi_026:503,training_set_metastatic_roi_026,training_set_metastatic_roi_026,D:\Research\PUMA\Code\TRAINING CODE\Dataset\01_training_dataset_tif_ROIs\training_set_metastatic_roi_026.tif,98.06694560669456,999.8307763830776,5,train,gt,98.4047622680664,998.8095092773438,"[[98.4047622680664, 998.8095092773438]]",neutrophil,17,prior ROI split; area-centroid crop; V17 exterior-component evaluation,0
training_set_metastatic_roi_026:508,training_set_metastatic_roi_026,training_set_metastatic_roi_026,D:\Research\PUMA\Code\TRAINING CODE\Dataset\01_training_dataset_tif_ROIs\training_set_metastatic_roi_026.tif,174.16465863453817,956.7740051113544,2,train,gt,175.25424194335938,957.559326171875,"[[175.25424194335938, 957.559326171875]]",plasma_cell,17,prior ROI split; area-centroid crop; V17 exterior-component evaluation,0
training_set_metastatic_roi_027:97,training_set_metastatic_roi_027,training_set_metastatic_roi_027,D:\Research\PUMA\Code\TRAINING CODE\Dataset\01_training_dataset_tif_ROIs\training_set_metastatic_roi_027.tif,368.3544648943422,225.78277664167237,6,val,gt,367.2222290039063,225.42857360839844,"[[367.22222900390625, 225.42857360839844]]",stroma,17,prior ROI split; area-centroid crop; V17 exterior-component evaluation,-1
training_set_metastatic_roi_027:106,training_set_metastatic_roi_027,training_set_metastatic_roi_027,D:\Research\PUMA\Code\TRAINING CODE\Dataset\01_training_dataset_tif_ROIs\training_set_metastatic_roi_027.tif,1013.8289280469896,246.2819383259912,5,val,gt,1013.7222290039062,247.94444274902344,"[[1013.7222290039062, 247.94444274902344]]",neutrophil,17,prior ROI split; area-centroid crop; V17 exterior-component evaluation,-1
training_set_metastatic_roi_027:150,training_set_metastatic_roi_027,training_set_metastatic_roi_027,D:\Research\PUMA\Code\TRAINING CODE\Dataset\01_training_dataset_tif_ROIs\training_set_metastatic_roi_027.tif,250.5072463768116,353.7558965615232,0,val,gt,251.7749938964844,353.57501220703125,"[[251.77499389648438, 353.57501220703125]]",tumor,17,prior ROI split; area-centroid crop; V17 exterior-component evaluation,-1
training_set_metastatic_roi_027:154,training_set_metastatic_roi_027,training_set_metastatic_roi_027,D:\Research\PUMA\Code\TRAINING CODE\Dataset\01_training_dataset_tif_ROIs\training_set_metastatic_roi_027.tif,599.7973421926911,358.8084163898117,5,val,gt,599.5484008789062,359.06451416015625,"[[599.5484008789062, 359.06451416015625]]",neutrophil,17,prior ROI split; area-centroid crop; V17 exterior-component evaluation,-1
training_set_metastatic_roi_027:174,training_set_metastatic_roi_027,training_set_metastatic_roi_027,D:\Research\PUMA\Code\TRAINING CODE\Dataset\01_training_dataset_tif_ROIs\training_set_metastatic_roi_027.tif,937.7129987129988,430.1891891891892,9,val,gt,938.9722290039062,430.0833435058594,"[[938.9722290039062, 430.0833435058594]]",apoptosis,17,prior ROI split; area-centroid crop; V17 exterior-component evaluation,-1
training_set_metastatic_roi_027:237,training_set_metastatic_roi_027,training_set_metastatic_roi_027,D:\Research\PUMA\Code\TRAINING CODE\Dataset\01_training_dataset_tif_ROIs\training_set_metastatic_roi_027.tif,176.5194968553459,647.6377358490566,5,val,gt,175.86666870117188,648.3333129882812,"[[175.86666870117188, 648.3333129882812]]",neutrophil,17,prior ROI split; area-centroid crop; V17 exterior-component evaluation,-1
training_set_metastatic_roi_027:241,training_set_metastatic_roi_027,training_set_metastatic_roi_027,D:\Research\PUMA\Code\TRAINING CODE\Dataset\01_training_dataset_tif_ROIs\training_set_metastatic_roi_027.tif,177.87593984962405,667.437343358396,5,val,gt,177.5,665.611083984375,"[[177.5, 665.611083984375]]",neutrophil,17,prior ROI split; area-centroid crop; V17 exterior-component evaluation,-1
training_set_metastatic_roi_027:268,training_set_metastatic_roi_027,training_set_metastatic_roi_027,D:\Research\PUMA\Code\TRAINING CODE\Dataset\01_training_dataset_tif_ROIs\training_set_metastatic_roi_027.tif,119.8525641025641,762.2243589743589,5,val,gt,121.46154022216795,763.1923217773438,"[[121.46154022216797, 763.1923217773438]]",neutrophil,17,prior ROI split; area-centroid crop; V17 exterior-component evaluation,-1
training_set_metastatic_roi_027:348,training_set_metastatic_roi_027,training_set_metastatic_roi_027,D:\Research\PUMA\Code\TRAINING CODE\Dataset\01_training_dataset_tif_ROIs\training_set_metastatic_roi_027.tif,718.9747235387046,1019.873617693523,3,val,gt,718.521728515625,1018.521728515625,"[[718.521728515625, 1018.521728515625]]",histiocyte,17,prior ROI split; area-centroid crop; V17 exterior-component evaluation,-1
training_set_metastatic_roi_027:386,training_set_metastatic_roi_027,training_set_metastatic_roi_027,D:\Research\PUMA\Code\TRAINING CODE\Dataset\01_training_dataset_tif_ROIs\training_set_metastatic_roi_027.tif,200.87026264762912,795.479111581174,5,val,gt,200.02655029296875,795.78759765625,"[[200.02655029296875, 795.78759765625], [198.60000610351562, 783.0]]",neutrophil,17,prior ROI split; area-centroid crop; V17 exterior-component evaluation,-1
training_set_metastatic_roi_027:387,training_set_metastatic_roi_027,training_set_metastatic_roi_027,D:\Research\PUMA\Code\TRAINING CODE\Dataset\01_training_dataset_tif_ROIs\training_set_metastatic_roi_027.tif,46.63463463463464,709.6786786786787,5,val,gt,48.69565200805664,711.1956787109375,"[[48.69565200805664, 711.1956787109375]]",neutrophil,17,prior ROI split; area-centroid crop; V17 exterior-component evaluation,-1
training_set_metastatic_roi_027:392,training_set_metastatic_roi_027,training_set_metastatic_roi_027,D:\Research\PUMA\Code\TRAINING CODE\Dataset\01_training_dataset_tif_ROIs\training_set_metastatic_roi_027.tif,584.8482328482329,59.41094941094941,5,val,gt,583.8113403320312,61.660377502441406,"[[583.8113403320312, 61.660377502441406]]",neutrophil,17,prior ROI split; area-centroid crop; V17 exterior-component evaluation,-1
training_set_metastatic_roi_027:426,training_set_metastatic_roi_027,training_set_metastatic_roi_027,D:\Research\PUMA\Code\TRAINING CODE\Dataset\01_training_dataset_tif_ROIs\training_set_metastatic_roi_027.tif,643.2629262926292,286.74807480748075,5,val,gt,643.1010131835938,287.97979736328125,"[[643.1010131835938, 287.97979736328125]]",neutrophil,17,prior ROI split; area-centroid crop; V17 exterior-component evaluation,-1
training_set_metastatic_roi_028:632,training_set_metastatic_roi_028,training_set_metastatic_roi_028,D:\Research\PUMA\Code\TRAINING CODE\Dataset\01_training_dataset_tif_ROIs\training_set_metastatic_roi_028.tif,220.67289466558356,357.5727051177904,2,train,gt,223.2833404541016,357.5,"[[223.28334045410156, 357.5]]",plasma_cell,17,prior ROI split; area-centroid crop; V17 exterior-component evaluation,1
training_set_metastatic_roi_029:28,training_set_metastatic_roi_029,training_set_metastatic_roi_029,D:\Research\PUMA\Code\TRAINING CODE\Dataset\01_training_dataset_tif_ROIs\training_set_metastatic_roi_029.tif,664.8800755429651,75.34324834749765,0,val,gt,665.1333618164062,75.0999984741211,"[[665.1333618164062, 75.0999984741211]]",tumor,17,prior ROI split; area-centroid crop; V17 exterior-component evaluation,-1
training_set_metastatic_roi_029:93,training_set_metastatic_roi_029,training_set_metastatic_roi_029,D:\Research\PUMA\Code\TRAINING CODE\Dataset\01_training_dataset_tif_ROIs\training_set_metastatic_roi_029.tif,691.4651483781919,209.21256038647343,0,val,gt,692.5814208984375,209.55813598632807,"[[692.5814208984375, 209.55813598632812]]",tumor,17,prior ROI split; area-centroid crop; V17 exterior-component evaluation,-1
training_set_metastatic_roi_029:334,training_set_metastatic_roi_029,training_set_metastatic_roi_029,D:\Research\PUMA\Code\TRAINING CODE\Dataset\01_training_dataset_tif_ROIs\training_set_metastatic_roi_029.tif,1005.6508924865088,23.90535491905355,0,val,gt,1002.7428588867188,24.22857093811035,"[[1002.7428588867188, 24.22857093811035]]",tumor,17,prior ROI split; area-centroid crop; V17 exterior-component evaluation,-1
training_set_metastatic_roi_029:362,training_set_metastatic_roi_029,training_set_metastatic_roi_029,D:\Research\PUMA\Code\TRAINING CODE\Dataset\01_training_dataset_tif_ROIs\training_set_metastatic_roi_029.tif,708.8365853658537,600.8821138211382,9,val,gt,709.34375,599.65625,"[[709.34375, 599.65625]]",apoptosis,17,prior ROI split; area-centroid crop; V17 exterior-component evaluation,-1
training_set_metastatic_roi_029:427,training_set_metastatic_roi_029,training_set_metastatic_roi_029,D:\Research\PUMA\Code\TRAINING CODE\Dataset\01_training_dataset_tif_ROIs\training_set_metastatic_roi_029.tif,889.0,757.2196620583717,0,val,gt,887.7333374023438,756.3333129882812,"[[887.7333374023438, 756.3333129882812]]",tumor,17,prior ROI split; area-centroid crop; V17 exterior-component evaluation,-1
training_set_metastatic_roi_030:199,training_set_metastatic_roi_030,training_set_metastatic_roi_030,D:\Research\PUMA\Code\TRAINING CODE\Dataset\01_training_dataset_tif_ROIs\training_set_metastatic_roi_030.tif,347.4173228346457,269.00787401574803,1,val,gt,347.7096862792969,269.8387145996094,"[[347.7096862792969, 269.8387145996094]]",lymphocyte,17,prior ROI split; area-centroid crop; V17 exterior-component evaluation,-1
training_set_metastatic_roi_030:277,training_set_metastatic_roi_030,training_set_metastatic_roi_030,D:\Research\PUMA\Code\TRAINING CODE\Dataset\01_training_dataset_tif_ROIs\training_set_metastatic_roi_030.tif,389.3080168776372,389.4364074743822,0,val,gt,388.629638671875,388.8148193359375,"[[388.629638671875, 388.8148193359375]]",tumor,17,prior ROI split; area-centroid crop; V17 exterior-component evaluation,-1
training_set_metastatic_roi_030:375,training_set_metastatic_roi_030,training_set_metastatic_roi_030,D:\Research\PUMA\Code\TRAINING CODE\Dataset\01_training_dataset_tif_ROIs\training_set_metastatic_roi_030.tif,303.3073967339097,535.3330131284022,9,val,gt,303.95123291015625,534.8780517578125,"[[303.95123291015625, 534.8780517578125]]",apoptosis,17,prior ROI split; area-centroid crop; V17 exterior-component evaluation,-1
training_set_metastatic_roi_030:727,training_set_metastatic_roi_030,training_set_metastatic_roi_030,D:\Research\PUMA\Code\TRAINING CODE\Dataset\01_training_dataset_tif_ROIs\training_set_metastatic_roi_030.tif,528.8715383745903,117.95727365208543,2,val,gt,530.8229370117188,114.58333587646484,"[[530.8229370117188, 114.58333587646484]]",plasma_cell,17,prior ROI split; area-centroid crop; V17 exterior-component evaluation,-1
training_set_metastatic_roi_031:126,training_set_metastatic_roi_031,training_set_metastatic_roi_031,D:\Research\PUMA\Code\TRAINING CODE\Dataset\01_training_dataset_tif_ROIs\training_set_metastatic_roi_031.tif,658.1261701261702,638.9299959299959,9,train,gt,658.0499877929688,639.3499755859375,"[[658.0499877929688, 639.3499755859375]]",apoptosis,17,prior ROI split; area-centroid crop; V17 exterior-component evaluation,0
training_set_metastatic_roi_032:288,training_set_metastatic_roi_032,training_set_metastatic_roi_032,D:\Research\PUMA\Code\TRAINING CODE\Dataset\01_training_dataset_tif_ROIs\training_set_metastatic_roi_032.tif,684.2145002145002,866.7471042471043,2,train,gt,684.8222045898438,865.0888671875,"[[684.8222045898438, 865.0888671875]]",plasma_cell,17,prior ROI split; area-centroid crop; V17 exterior-component evaluation,0
training_set_metastatic_roi_034:365,training_set_metastatic_roi_034,training_set_metastatic_roi_034,D:\Research\PUMA\Code\TRAINING CODE\Dataset\01_training_dataset_tif_ROIs\training_set_metastatic_roi_034.tif,845.9144115796098,61.81162156492553,0,train,gt,845.8666381835938,63.11111068725586,"[[845.8666381835938, 63.11111068725586]]",tumor,17,prior ROI split; area-centroid crop; V17 exterior-component evaluation,0
training_set_metastatic_roi_035:17,training_set_metastatic_roi_035,training_set_metastatic_roi_035,D:\Research\PUMA\Code\TRAINING CODE\Dataset\01_training_dataset_tif_ROIs\training_set_metastatic_roi_035.tif,747.2200211304806,340.70760697305866,0,train,gt,747.9302368164062,338.6046447753906,"[[747.9302368164062, 338.6046447753906]]",tumor,17,prior ROI split; area-centroid crop; V17 exterior-component evaluation,1
training_set_metastatic_roi_035:98,training_set_metastatic_roi_035,training_set_metastatic_roi_035,D:\Research\PUMA\Code\TRAINING CODE\Dataset\01_training_dataset_tif_ROIs\training_set_metastatic_roi_035.tif,308.1350762527233,321.4880174291939,0,train,gt,307.9375,320.53125,"[[307.9375, 320.53125]]",tumor,17,prior ROI split; area-centroid crop; V17 exterior-component evaluation,1
training_set_metastatic_roi_035:273,training_set_metastatic_roi_035,training_set_metastatic_roi_035,D:\Research\PUMA\Code\TRAINING CODE\Dataset\01_training_dataset_tif_ROIs\training_set_metastatic_roi_035.tif,135.34748427672957,376.42138364779873,0,train,gt,134.8076934814453,375.80767822265625,"[[134.8076934814453, 375.80767822265625]]",tumor,17,prior ROI split; area-centroid crop; V17 exterior-component evaluation,1
training_set_metastatic_roi_036:238,training_set_metastatic_roi_036,training_set_metastatic_roi_036,D:\Research\PUMA\Code\TRAINING CODE\Dataset\01_training_dataset_tif_ROIs\training_set_metastatic_roi_036.tif,289.7407585985214,555.0102860816457,0,train,gt,287.5733337402344,554.1466674804688,"[[287.5733337402344, 554.1466674804688]]",tumor,17,prior ROI split; area-centroid crop; V17 exterior-component evaluation,2
training_set_metastatic_roi_037:276,training_set_metastatic_roi_037,training_set_metastatic_roi_037,D:\Research\PUMA\Code\TRAINING CODE\Dataset\01_training_dataset_tif_ROIs\training_set_metastatic_roi_037.tif,286.3908045977012,306.9404001702852,0,train,gt,285.6499938964844,306.3999938964844,"[[285.6499938964844, 306.3999938964844]]",tumor,17,prior ROI split; area-centroid crop; V17 exterior-component evaluation,2
training_set_metastatic_roi_037:432,training_set_metastatic_roi_037,training_set_metastatic_roi_037,D:\Research\PUMA\Code\TRAINING CODE\Dataset\01_training_dataset_tif_ROIs\training_set_metastatic_roi_037.tif,195.5575849822425,843.9355657026889,5,train,gt,195.94444274902344,843.9722290039062,"[[195.94444274902344, 843.9722290039062]]",neutrophil,17,prior ROI split; area-centroid crop; V17 exterior-component evaluation,2
training_set_metastatic_roi_039:255,training_set_metastatic_roi_039,training_set_metastatic_roi_039,D:\Research\PUMA\Code\TRAINING CODE\Dataset\01_training_dataset_tif_ROIs\training_set_metastatic_roi_039.tif,832.0135253054102,399.2652705061082,9,train,gt,834.085693359375,399.3428649902344,"[[834.085693359375, 399.3428649902344]]",apoptosis,17,prior ROI split; area-centroid crop; V17 exterior-component evaluation,0
training_set_metastatic_roi_040:47,training_set_metastatic_roi_040,training_set_metastatic_roi_040,D:\Research\PUMA\Code\TRAINING CODE\Dataset\01_training_dataset_tif_ROIs\training_set_metastatic_roi_040.tif,75.91553133514986,926.3399939448988,0,train,gt,76.19149017333984,925.3616943359376,"[[76.19149017333984, 925.3616943359375]]",tumor,17,prior ROI split; area-centroid crop; V17 exterior-component evaluation,2
training_set_metastatic_roi_041:79,training_set_metastatic_roi_041,training_set_metastatic_roi_041,D:\Research\PUMA\Code\TRAINING CODE\Dataset\01_training_dataset_tif_ROIs\training_set_metastatic_roi_041.tif,980.934698723657,225.9572573463936,0,val,gt,979.4035034179688,224.71929931640625,"[[979.4035034179688, 224.71929931640625]]",tumor,17,prior ROI split; area-centroid crop; V17 exterior-component evaluation,-1
training_set_metastatic_roi_041:99,training_set_metastatic_roi_041,training_set_metastatic_roi_041,D:\Research\PUMA\Code\TRAINING CODE\Dataset\01_training_dataset_tif_ROIs\training_set_metastatic_roi_041.tif,542.7157320872275,299.7180685358255,4,val,gt,542.6774291992188,299.54840087890625,"[[542.6774291992188, 299.54840087890625]]",melanophage,17,prior ROI split; area-centroid crop; V17 exterior-component evaluation,-1
training_set_metastatic_roi_041:226,training_set_metastatic_roi_041,training_set_metastatic_roi_041,D:\Research\PUMA\Code\TRAINING CODE\Dataset\01_training_dataset_tif_ROIs\training_set_metastatic_roi_041.tif,904.3031522468144,757.7162977867204,2,val,gt,903.941162109375,758.4117431640625,"[[903.941162109375, 758.4117431640625]]",plasma_cell,17,prior ROI split; area-centroid crop; V17 exterior-component evaluation,-1
training_set_metastatic_roi_041:360,training_set_metastatic_roi_041,training_set_metastatic_roi_041,D:\Research\PUMA\Code\TRAINING CODE\Dataset\01_training_dataset_tif_ROIs\training_set_metastatic_roi_041.tif,974.245208642586,144.84493375116827,0,val,gt,975.9628295898438,144.3285675048828,"[[975.9628295898438, 144.3285675048828]]",tumor,17,prior ROI split; area-centroid crop; V17 exterior-component evaluation,-1
training_set_metastatic_roi_041:518,training_set_metastatic_roi_041,training_set_metastatic_roi_041,D:\Research\PUMA\Code\TRAINING CODE\Dataset\01_training_dataset_tif_ROIs\training_set_metastatic_roi_041.tif,381.7,67.51666666666667,0,val,gt,381.9090881347656,68.84091186523438,"[[381.9090881347656, 68.84091186523438]]",tumor,17,prior ROI split; area-centroid crop; V17 exterior-component evaluation,-1
training_set_metastatic_roi_042:125,training_set_metastatic_roi_042,training_set_metastatic_roi_042,D:\Research\PUMA\Code\TRAINING CODE\Dataset\01_training_dataset_tif_ROIs\training_set_metastatic_roi_042.tif,529.4070676180768,116.37682636765206,0,val,gt,528.7161865234375,117.48648834228516,"[[528.7161865234375, 117.48648834228516]]",tumor,17,prior ROI split; area-centroid crop; V17 exterior-component evaluation,-1
training_set_metastatic_roi_042:395,training_set_metastatic_roi_042,training_set_metastatic_roi_042,D:\Research\PUMA\Code\TRAINING CODE\Dataset\01_training_dataset_tif_ROIs\training_set_metastatic_roi_042.tif,959.5726872246696,975.90266414936,4,val,gt,959.5844116210938,975.6233520507812,"[[959.5844116210938, 975.6233520507812]]",melanophage,17,prior ROI split; area-centroid crop; V17 exterior-component evaluation,-1
training_set_metastatic_roi_043:38,training_set_metastatic_roi_043,training_set_metastatic_roi_043,D:\Research\PUMA\Code\TRAINING CODE\Dataset\01_training_dataset_tif_ROIs\training_set_metastatic_roi_043.tif,820.7732732732733,242.90540540540545,6,val,gt,821.0,243.76470947265625,"[[821.0, 243.76470947265625]]",stroma,17,prior ROI split; area-centroid crop; V17 exterior-component evaluation,-1
training_set_metastatic_roi_043:57,training_set_metastatic_roi_043,training_set_metastatic_roi_043,D:\Research\PUMA\Code\TRAINING CODE\Dataset\01_training_dataset_tif_ROIs\training_set_metastatic_roi_043.tif,1002.4063093880654,338.4773850247055,3,val,gt,1004.219482421875,338.8780517578125,"[[1004.219482421875, 338.8780517578125]]",histiocyte,17,prior ROI split; area-centroid crop; V17 exterior-component evaluation,-1
training_set_metastatic_roi_043:132,training_set_metastatic_roi_043,training_set_metastatic_roi_043,D:\Research\PUMA\Code\TRAINING CODE\Dataset\01_training_dataset_tif_ROIs\training_set_metastatic_roi_043.tif,947.9359236537152,666.5562372188139,0,val,gt,947.4705810546876,666.6764526367188,"[[947.4705810546875, 666.6764526367188]]",tumor,17,prior ROI split; area-centroid crop; V17 exterior-component evaluation,-1
training_set_metastatic_roi_043:187,training_set_metastatic_roi_043,training_set_metastatic_roi_043,D:\Research\PUMA\Code\TRAINING CODE\Dataset\01_training_dataset_tif_ROIs\training_set_metastatic_roi_043.tif,236.961253894081,895.0104166666666,0,val,gt,236.7727203369141,894.7386474609375,"[[236.77272033691406, 894.7386474609375]]",tumor,17,prior ROI split; area-centroid crop; V17 exterior-component evaluation,-1
training_set_metastatic_roi_043:229,training_set_metastatic_roi_043,training_set_metastatic_roi_043,D:\Research\PUMA\Code\TRAINING CODE\Dataset\01_training_dataset_tif_ROIs\training_set_metastatic_roi_043.tif,993.9667836257312,915.607485380117,2,val,gt,994.6734619140624,915.3265380859376,"[[994.6734619140625, 915.3265380859375]]",plasma_cell,17,prior ROI split; area-centroid crop; V17 exterior-component evaluation,-1
training_set_metastatic_roi_045:284,training_set_metastatic_roi_045,training_set_metastatic_roi_045,D:\Research\PUMA\Code\TRAINING CODE\Dataset\01_training_dataset_tif_ROIs\training_set_metastatic_roi_045.tif,943.4180555555556,190.3875,9,val,gt,942.8261108398438,190.86956787109372,"[[942.8261108398438, 190.86956787109375]]",apoptosis,17,prior ROI split; area-centroid crop; V17 exterior-component evaluation,-1
training_set_metastatic_roi_046:335,training_set_metastatic_roi_046,training_set_metastatic_roi_046,D:\Research\PUMA\Code\TRAINING CODE\Dataset\01_training_dataset_tif_ROIs\training_set_metastatic_roi_046.tif,794.2586206896551,852.926724137931,5,train,gt,793.7879028320312,852.6666870117188,"[[793.7879028320312, 852.6666870117188]]",neutrophil,17,prior ROI split; area-centroid crop; V17 exterior-component evaluation,2
training_set_metastatic_roi_046:426,training_set_metastatic_roi_046,training_set_metastatic_roi_046,D:\Research\PUMA\Code\TRAINING CODE\Dataset\01_training_dataset_tif_ROIs\training_set_metastatic_roi_046.tif,11.164852255054432,84.7926386728875,9,train,gt,11.421052932739258,83.75438690185547,"[[11.421052932739258, 83.75438690185547]]",apoptosis,17,prior ROI split; area-centroid crop; V17 exterior-component evaluation,2
training_set_metastatic_roi_047:404,training_set_metastatic_roi_047,training_set_metastatic_roi_047,D:\Research\PUMA\Code\TRAINING CODE\Dataset\01_training_dataset_tif_ROIs\training_set_metastatic_roi_047.tif,246.47125925925928,57.39362962962963,6,train,gt,244.8376617431641,60.18831253051758,"[[244.83766174316406, 60.18831253051758]]",stroma,17,prior ROI split; area-centroid crop; V17 exterior-component evaluation,1
training_set_metastatic_roi_047:417,training_set_metastatic_roi_047,training_set_metastatic_roi_047,D:\Research\PUMA\Code\TRAINING CODE\Dataset\01_training_dataset_tif_ROIs\training_set_metastatic_roi_047.tif,692.9467485919099,44.99180747567844,9,train,gt,692.4745483398438,44.81356048583984,"[[692.4745483398438, 44.813560485839844]]",apoptosis,17,prior ROI split; area-centroid crop; V17 exterior-component evaluation,1
training_set_metastatic_roi_047:454,training_set_metastatic_roi_047,training_set_metastatic_roi_047,D:\Research\PUMA\Code\TRAINING CODE\Dataset\01_training_dataset_tif_ROIs\training_set_metastatic_roi_047.tif,811.3680656054029,56.6777616980222,2,train,gt,811.1527709960938,56.48611068725586,"[[811.1527709960938, 56.48611068725586]]",plasma_cell,17,prior ROI split; area-centroid crop; V17 exterior-component evaluation,1
training_set_metastatic_roi_048:108,training_set_metastatic_roi_048,training_set_metastatic_roi_048,D:\Research\PUMA\Code\TRAINING CODE\Dataset\01_training_dataset_tif_ROIs\training_set_metastatic_roi_048.tif,404.0102977389747,202.4980971569286,0,val,gt,404.88525390625,201.6229553222656,"[[404.88525390625, 201.62295532226562]]",tumor,17,prior ROI split; area-centroid crop; V17 exterior-component evaluation,-1
training_set_metastatic_roi_048:172,training_set_metastatic_roi_048,training_set_metastatic_roi_048,D:\Research\PUMA\Code\TRAINING CODE\Dataset\01_training_dataset_tif_ROIs\training_set_metastatic_roi_048.tif,827.1328703703704,907.8199074074074,4,val,gt,826.9722290039062,908.2083129882812,"[[826.9722290039062, 908.2083129882812]]",melanophage,17,prior ROI split; area-centroid crop; V17 exterior-component evaluation,-1
training_set_metastatic_roi_049:32,training_set_metastatic_roi_049,training_set_metastatic_roi_049,D:\Research\PUMA\Code\TRAINING CODE\Dataset\01_training_dataset_tif_ROIs\training_set_metastatic_roi_049.tif,820.6039215686275,444.0779956427015,0,train,gt,819.9705810546875,444.73529052734375,"[[819.9705810546875, 444.73529052734375]]",tumor,17,prior ROI split; area-centroid crop; V17 exterior-component evaluation,2
training_set_metastatic_roi_049:229,training_set_metastatic_roi_049,training_set_metastatic_roi_049,D:\Research\PUMA\Code\TRAINING CODE\Dataset\01_training_dataset_tif_ROIs\training_set_metastatic_roi_049.tif,749.8565573770492,505.9112021857923,0,train,gt,751.719970703125,506.8399963378906,"[[751.719970703125, 506.8399963378906]]",tumor,17,prior ROI split; area-centroid crop; V17 exterior-component evaluation,2
training_set_metastatic_roi_051:726,training_set_metastatic_roi_051,training_set_metastatic_roi_051,D:\Research\PUMA\Code\TRAINING CODE\Dataset\01_training_dataset_tif_ROIs\training_set_metastatic_roi_051.tif,748.6236691236691,391.7260442260442,0,train,gt,748.7564086914062,391.19232177734375,"[[748.7564086914062, 391.19232177734375]]",tumor,17,prior ROI split; area-centroid crop; V17 exterior-component evaluation,2
training_set_metastatic_roi_052:7,training_set_metastatic_roi_052,training_set_metastatic_roi_052,D:\Research\PUMA\Code\TRAINING CODE\Dataset\01_training_dataset_tif_ROIs\training_set_metastatic_roi_052.tif,795.928931355771,600.2101635291881,0,val,gt,793.8674926757812,599.0241088867188,"[[793.8674926757812, 599.0241088867188]]",tumor,17,prior ROI split; area-centroid crop; V17 exterior-component evaluation,-1
training_set_metastatic_roi_052:258,training_set_metastatic_roi_052,training_set_metastatic_roi_052,D:\Research\PUMA\Code\TRAINING CODE\Dataset\01_training_dataset_tif_ROIs\training_set_metastatic_roi_052.tif,508.9907590759076,545.0534653465346,1,val,gt,508.7727355957031,545.9545288085938,"[[508.7727355957031, 545.9545288085938]]",lymphocyte,17,prior ROI split; area-centroid crop; V17 exterior-component evaluation,-1
training_set_metastatic_roi_052:325,training_set_metastatic_roi_052,training_set_metastatic_roi_052,D:\Research\PUMA\Code\TRAINING CODE\Dataset\01_training_dataset_tif_ROIs\training_set_metastatic_roi_052.tif,198.72916666666663,932.4532828282828,8,val,gt,198.46340942382807,932.268310546875,"[[198.46340942382812, 932.268310546875]]",endothelium,17,prior ROI split; area-centroid crop; V17 exterior-component evaluation,-1
training_set_metastatic_roi_052:455,training_set_metastatic_roi_052,training_set_metastatic_roi_052,D:\Research\PUMA\Code\TRAINING CODE\Dataset\01_training_dataset_tif_ROIs\training_set_metastatic_roi_052.tif,603.0,744.0,9,val,gt,603.1333618164062,743.7666625976562,"[[603.1333618164062, 743.7666625976562]]",apoptosis,17,prior ROI split; area-centroid crop; V17 exterior-component evaluation,-1
training_set_metastatic_roi_053:487,training_set_metastatic_roi_053,training_set_metastatic_roi_053,D:\Research\PUMA\Code\TRAINING CODE\Dataset\01_training_dataset_tif_ROIs\training_set_metastatic_roi_053.tif,194.06053902110412,795.9019272857668,9,train,gt,198.97540283203125,793.0901489257812,"[[198.97540283203125, 793.0901489257812]]",apoptosis,17,prior ROI split; area-centroid crop; V17 exterior-component evaluation,1
training_set_metastatic_roi_054:268,training_set_metastatic_roi_054,training_set_metastatic_roi_054,D:\Research\PUMA\Code\TRAINING CODE\Dataset\01_training_dataset_tif_ROIs\training_set_metastatic_roi_054.tif,125.19655034095469,686.8892900120337,0,train,gt,124.88888549804688,686.0277709960938,"[[124.88888549804688, 686.0277709960938]]",tumor,17,prior ROI split; area-centroid crop; V17 exterior-component evaluation,0
training_set_metastatic_roi_055:394,training_set_metastatic_roi_055,training_set_metastatic_roi_055,D:\Research\PUMA\Code\TRAINING CODE\Dataset\01_training_dataset_tif_ROIs\training_set_metastatic_roi_055.tif,519.4147982062781,355.9439461883408,1,train,gt,520.3846435546875,353.4615478515625,"[[520.3846435546875, 353.4615478515625]]",lymphocyte,17,prior ROI split; area-centroid crop; V17 exterior-component evaluation,2
training_set_metastatic_roi_055:665,training_set_metastatic_roi_055,training_set_metastatic_roi_055,D:\Research\PUMA\Code\TRAINING CODE\Dataset\01_training_dataset_tif_ROIs\training_set_metastatic_roi_055.tif,91.43849206349206,688.2751322751324,2,train,gt,90.55172729492188,686.6896362304688,"[[90.55172729492188, 686.6896362304688]]",plasma_cell,17,prior ROI split; area-centroid crop; V17 exterior-component evaluation,2
training_set_metastatic_roi_055:721,training_set_metastatic_roi_055,training_set_metastatic_roi_055,D:\Research\PUMA\Code\TRAINING CODE\Dataset\01_training_dataset_tif_ROIs\training_set_metastatic_roi_055.tif,146.61203844208396,759.2787051087506,1,train,gt,144.4761962890625,760.7142944335938,"[[144.4761962890625, 760.7142944335938]]",lymphocyte,17,prior ROI split; area-centroid crop; V17 exterior-component evaluation,2
training_set_metastatic_roi_055:786,training_set_metastatic_roi_055,training_set_metastatic_roi_055,D:\Research\PUMA\Code\TRAINING CODE\Dataset\01_training_dataset_tif_ROIs\training_set_metastatic_roi_055.tif,623.4393580636674,823.9116022099447,0,train,gt,624.611083984375,824.138916015625,"[[624.611083984375, 824.138916015625]]",tumor,17,prior ROI split; area-centroid crop; V17 exterior-component evaluation,2
training_set_metastatic_roi_055:885,training_set_metastatic_roi_055,training_set_metastatic_roi_055,D:\Research\PUMA\Code\TRAINING CODE\Dataset\01_training_dataset_tif_ROIs\training_set_metastatic_roi_055.tif,555.2043010752689,912.8902329749104,1,train,gt,554.8571166992188,912.0,"[[554.8571166992188, 912.0]]",lymphocyte,17,prior ROI split; area-centroid crop; V17 exterior-component evaluation,2
training_set_metastatic_roi_056:177,training_set_metastatic_roi_056,training_set_metastatic_roi_056,D:\Research\PUMA\Code\TRAINING CODE\Dataset\01_training_dataset_tif_ROIs\training_set_metastatic_roi_056.tif,958.087074829932,976.304081632653,8,train,gt,958.9512329101562,974.3902587890624,"[[958.9512329101562, 974.3902587890625]]",endothelium,17,prior ROI split; area-centroid crop; V17 exterior-component evaluation,1
training_set_metastatic_roi_056:261,training_set_metastatic_roi_056,training_set_metastatic_roi_056,D:\Research\PUMA\Code\TRAINING CODE\Dataset\01_training_dataset_tif_ROIs\training_set_metastatic_roi_056.tif,589.6272727272727,242.62626262626264,0,train,gt,589.2916870117188,242.625,"[[589.2916870117188, 242.625]]",tumor,17,prior ROI split; area-centroid crop; V17 exterior-component evaluation,1
training_set_metastatic_roi_056:306,training_set_metastatic_roi_056,training_set_metastatic_roi_056,D:\Research\PUMA\Code\TRAINING CODE\Dataset\01_training_dataset_tif_ROIs\training_set_metastatic_roi_056.tif,577.1904761904761,790.1825396825396,5,train,gt,577.0810546875,789.2161865234375,"[[577.0810546875, 789.2161865234375]]",neutrophil,17,prior ROI split; area-centroid crop; V17 exterior-component evaluation,1
training_set_metastatic_roi_056:321,training_set_metastatic_roi_056,training_set_metastatic_roi_056,D:\Research\PUMA\Code\TRAINING CODE\Dataset\01_training_dataset_tif_ROIs\training_set_metastatic_roi_056.tif,14.046783625730994,170.046783625731,9,train,gt,14.133333206176758,169.8000030517578,"[[14.133333206176758, 169.8000030517578]]",apoptosis,17,prior ROI split; area-centroid crop; V17 exterior-component evaluation,1
training_set_metastatic_roi_057:348,training_set_metastatic_roi_057,training_set_metastatic_roi_057,D:\Research\PUMA\Code\TRAINING CODE\Dataset\01_training_dataset_tif_ROIs\training_set_metastatic_roi_057.tif,778.8075048732944,87.8406432748538,2,train,gt,778.8695678710938,86.82608795166016,"[[778.8695678710938, 86.82608795166016]]",plasma_cell,17,prior ROI split; area-centroid crop; V17 exterior-component evaluation,0
training_set_metastatic_roi_057:476,training_set_metastatic_roi_057,training_set_metastatic_roi_057,D:\Research\PUMA\Code\TRAINING CODE\Dataset\01_training_dataset_tif_ROIs\training_set_metastatic_roi_057.tif,823.7297008547008,150.7051282051282,1,train,gt,823.75,151.35714721679688,"[[823.75, 151.35714721679688]]",lymphocyte,17,prior ROI split; area-centroid crop; V17 exterior-component evaluation,0
training_set_metastatic_roi_057:497,training_set_metastatic_roi_057,training_set_metastatic_roi_057,D:\Research\PUMA\Code\TRAINING CODE\Dataset\01_training_dataset_tif_ROIs\training_set_metastatic_roi_057.tif,797.0515873015873,652.7910052910053,2,train,gt,797.6463623046875,654.0609741210938,"[[797.6463623046875, 654.0609741210938]]",plasma_cell,17,prior ROI split; area-centroid crop; V17 exterior-component evaluation,0
training_set_metastatic_roi_058:325,training_set_metastatic_roi_058,training_set_metastatic_roi_058,D:\Research\PUMA\Code\TRAINING CODE\Dataset\01_training_dataset_tif_ROIs\training_set_metastatic_roi_058.tif,477.3491949050709,544.0096130737803,0,val,gt,477.3448181152344,542.6551513671875,"[[477.3448181152344, 542.6551513671875]]",tumor,17,prior ROI split; area-centroid crop; V17 exterior-component evaluation,-1
training_set_metastatic_roi_058:408,training_set_metastatic_roi_058,training_set_metastatic_roi_058,D:\Research\PUMA\Code\TRAINING CODE\Dataset\01_training_dataset_tif_ROIs\training_set_metastatic_roi_058.tif,443.74904013961606,675.76369982548,0,val,gt,443.1600036621094,677.4400024414062,"[[443.1600036621094, 677.4400024414062]]",tumor,17,prior ROI split; area-centroid crop; V17 exterior-component evaluation,-1
training_set_metastatic_roi_059:121,training_set_metastatic_roi_059,training_set_metastatic_roi_059,D:\Research\PUMA\Code\TRAINING CODE\Dataset\01_training_dataset_tif_ROIs\training_set_metastatic_roi_059.tif,369.37277648878575,170.11910286156223,0,train,gt,370.2195129394531,170.73170471191406,"[[370.2195129394531, 170.73170471191406]]",tumor,17,prior ROI split; area-centroid crop; V17 exterior-component evaluation,0
training_set_metastatic_roi_059:744,training_set_metastatic_roi_059,training_set_metastatic_roi_059,D:\Research\PUMA\Code\TRAINING CODE\Dataset\01_training_dataset_tif_ROIs\training_set_metastatic_roi_059.tif,1020.8473684210526,178.31052631578947,8,train,gt,1019.9091186523438,178.4242401123047,"[[1019.9091186523438, 178.4242401123047]]",endothelium,17,prior ROI split; area-centroid crop; V17 exterior-component evaluation,0
training_set_metastatic_roi_060:335,training_set_metastatic_roi_060,training_set_metastatic_roi_060,D:\Research\PUMA\Code\TRAINING CODE\Dataset\01_training_dataset_tif_ROIs\training_set_metastatic_roi_060.tif,798.8702408702409,169.4864024864025,9,val,gt,798.4117431640625,168.8431396484375,"[[798.4117431640625, 168.8431396484375]]",apoptosis,17,prior ROI split; area-centroid crop; V17 exterior-component evaluation,-1
training_set_metastatic_roi_061:196,training_set_metastatic_roi_061,training_set_metastatic_roi_061,D:\Research\PUMA\Code\TRAINING CODE\Dataset\01_training_dataset_tif_ROIs\training_set_metastatic_roi_061.tif,694.6520894071914,960.9939261418854,0,train,gt,695.09521484375,961.09521484375,"[[695.09521484375, 961.09521484375]]",tumor,17,prior ROI split; area-centroid crop; V17 exterior-component evaluation,0
training_set_metastatic_roi_061:215,training_set_metastatic_roi_061,training_set_metastatic_roi_061,D:\Research\PUMA\Code\TRAINING CODE\Dataset\01_training_dataset_tif_ROIs\training_set_metastatic_roi_061.tif,856.5982192543128,328.7623817473567,5,train,gt,855.888916015625,328.370361328125,"[[855.888916015625, 328.370361328125]]",neutrophil,17,prior ROI split; area-centroid crop; V17 exterior-component evaluation,0
training_set_metastatic_roi_062:384,training_set_metastatic_roi_062,training_set_metastatic_roi_062,D:\Research\PUMA\Code\TRAINING CODE\Dataset\01_training_dataset_tif_ROIs\training_set_metastatic_roi_062.tif,924.945114798056,906.1512485336016,5,train,gt,924.3221435546876,906.6778564453124,"[[924.3221435546875, 906.6778564453125]]",neutrophil,17,prior ROI split; area-centroid crop; V17 exterior-component evaluation,1
training_set_metastatic_roi_063:187,training_set_metastatic_roi_063,training_set_metastatic_roi_063,D:\Research\PUMA\Code\TRAINING CODE\Dataset\01_training_dataset_tif_ROIs\training_set_metastatic_roi_063.tif,340.6218487394958,8.47836912542795,0,train,gt,338.9642944335937,10.964285850524902,"[[338.96429443359375, 10.964285850524902]]",tumor,17,prior ROI split; area-centroid crop; V17 exterior-component evaluation,2
training_set_metastatic_roi_063:487,training_set_metastatic_roi_063,training_set_metastatic_roi_063,D:\Research\PUMA\Code\TRAINING CODE\Dataset\01_training_dataset_tif_ROIs\training_set_metastatic_roi_063.tif,392.6674191121144,650.5933032355154,0,train,gt,392.742431640625,649.8939208984375,"[[392.742431640625, 649.8939208984375]]",tumor,17,prior ROI split; area-centroid crop; V17 exterior-component evaluation,2
training_set_metastatic_roi_064:53,training_set_metastatic_roi_064,training_set_metastatic_roi_064,D:\Research\PUMA\Code\TRAINING CODE\Dataset\01_training_dataset_tif_ROIs\training_set_metastatic_roi_064.tif,796.7361018084393,438.8734092431346,0,val,gt,795.066650390625,437.0666809082031,"[[795.066650390625, 437.0666809082031]]",tumor,17,prior ROI split; area-centroid crop; V17 exterior-component evaluation,-1
training_set_metastatic_roi_064:160,training_set_metastatic_roi_064,training_set_metastatic_roi_064,D:\Research\PUMA\Code\TRAINING CODE\Dataset\01_training_dataset_tif_ROIs\training_set_metastatic_roi_064.tif,199.46923417441343,1005.3116423196104,1,val,gt,198.40740966796875,1004.25927734375,"[[198.40740966796875, 1004.25927734375]]",lymphocyte,17,prior ROI split; area-centroid crop; V17 exterior-component evaluation,-1
training_set_metastatic_roi_064:345,training_set_metastatic_roi_064,training_set_metastatic_roi_064,D:\Research\PUMA\Code\TRAINING CODE\Dataset\01_training_dataset_tif_ROIs\training_set_metastatic_roi_064.tif,540.9089026915113,589.8835978835979,2,val,gt,541.2083129882812,590.0,"[[541.2083129882812, 590.0]]",plasma_cell,17,prior ROI split; area-centroid crop; V17 exterior-component evaluation,-1
training_set_metastatic_roi_064:437,training_set_metastatic_roi_064,training_set_metastatic_roi_064,D:\Research\PUMA\Code\TRAINING CODE\Dataset\01_training_dataset_tif_ROIs\training_set_metastatic_roi_064.tif,60.26030428769018,1012.6802213001384,3,val,gt,57.38888931274414,1007.888916015625,"[[57.38888931274414, 1007.888916015625]]",histiocyte,17,prior ROI split; area-centroid crop; V17 exterior-component evaluation,-1
training_set_metastatic_roi_064:626,training_set_metastatic_roi_064,training_set_metastatic_roi_064,D:\Research\PUMA\Code\TRAINING CODE\Dataset\01_training_dataset_tif_ROIs\training_set_metastatic_roi_064.tif,42.28490608735008,140.21271780945915,8,val,gt,43.30864334106445,139.91357421875,"[[43.30864334106445, 139.91357421875]]",endothelium,17,prior ROI split; area-centroid crop; V17 exterior-component evaluation,-1
training_set_metastatic_roi_065:145,training_set_metastatic_roi_065,training_set_metastatic_roi_065,D:\Research\PUMA\Code\TRAINING CODE\Dataset\01_training_dataset_tif_ROIs\training_set_metastatic_roi_065.tif,411.9277566539924,342.58217152513726,0,val,gt,411.3611145019531,341.1388854980469,"[[411.3611145019531, 341.1388854980469]]",tumor,17,prior ROI split; area-centroid crop; V17 exterior-component evaluation,-1
training_set_metastatic_roi_065:328,training_set_metastatic_roi_065,training_set_metastatic_roi_065,D:\Research\PUMA\Code\TRAINING CODE\Dataset\01_training_dataset_tif_ROIs\training_set_metastatic_roi_065.tif,972.5904977375566,26.31108597285068,5,val,gt,971.7567749023438,26.891891479492188,"[[971.7567749023438, 26.891891479492188]]",neutrophil,17,prior ROI split; area-centroid crop; V17 exterior-component evaluation,-1
training_set_metastatic_roi_065:532,training_set_metastatic_roi_065,training_set_metastatic_roi_065,D:\Research\PUMA\Code\TRAINING CODE\Dataset\01_training_dataset_tif_ROIs\training_set_metastatic_roi_065.tif,974.6398337112624,586.5702947845805,2,val,gt,977.1666870117188,587.6166381835938,"[[977.1666870117188, 587.6166381835938]]",plasma_cell,17,prior ROI split; area-centroid crop; V17 exterior-component evaluation,-1
training_set_metastatic_roi_066:83,training_set_metastatic_roi_066,training_set_metastatic_roi_066,D:\Research\PUMA\Code\TRAINING CODE\Dataset\01_training_dataset_tif_ROIs\training_set_metastatic_roi_066.tif,269.7598253275109,976.6095342066958,0,train,gt,271.68292236328125,976.2926635742188,"[[271.68292236328125, 976.2926635742188]]",tumor,17,prior ROI split; area-centroid crop; V17 exterior-component evaluation,2
training_set_metastatic_roi_066:786,training_set_metastatic_roi_066,training_set_metastatic_roi_066,D:\Research\PUMA\Code\TRAINING CODE\Dataset\01_training_dataset_tif_ROIs\training_set_metastatic_roi_066.tif,882.9065702545431,354.5679172046255,9,train,gt,883.8482666015625,353.93426513671875,"[[883.8482666015625, 353.93426513671875]]",apoptosis,17,prior ROI split; area-centroid crop; V17 exterior-component evaluation,2
training_set_metastatic_roi_067:694,training_set_metastatic_roi_067,training_set_metastatic_roi_067,D:\Research\PUMA\Code\TRAINING CODE\Dataset\01_training_dataset_tif_ROIs\training_set_metastatic_roi_067.tif,58.57134986225895,900.1482093663911,1,train,gt,58.71428680419922,900.3928833007812,"[[58.71428680419922, 900.3928833007812]]",lymphocyte,17,prior ROI split; area-centroid crop; V17 exterior-component evaluation,2
training_set_metastatic_roi_068:102,training_set_metastatic_roi_068,training_set_metastatic_roi_068,D:\Research\PUMA\Code\TRAINING CODE\Dataset\01_training_dataset_tif_ROIs\training_set_metastatic_roi_068.tif,639.8107197844496,390.8267898383372,0,train,gt,640.2647094726562,388.2058715820313,"[[640.2647094726562, 388.20587158203125]]",tumor,17,prior ROI split; area-centroid crop; V17 exterior-component evaluation,2
training_set_metastatic_roi_069:128,training_set_metastatic_roi_069,training_set_metastatic_roi_069,D:\Research\PUMA\Code\TRAINING CODE\Dataset\01_training_dataset_tif_ROIs\training_set_metastatic_roi_069.tif,558.6045291355979,240.3070974868821,0,train,gt,555.522705078125,238.8863677978516,"[[555.522705078125, 238.88636779785156]]",tumor,17,prior ROI split; area-centroid crop; V17 exterior-component evaluation,1
training_set_metastatic_roi_069:556,training_set_metastatic_roi_069,training_set_metastatic_roi_069,D:\Research\PUMA\Code\TRAINING CODE\Dataset\01_training_dataset_tif_ROIs\training_set_metastatic_roi_069.tif,919.4046610169491,278.5404896421845,8,train,gt,918.84033203125,279.8235168457031,"[[918.84033203125, 279.8235168457031]]",endothelium,17,prior ROI split; area-centroid crop; V17 exterior-component evaluation,1
training_set_metastatic_roi_070:24,training_set_metastatic_roi_070,training_set_metastatic_roi_070,D:\Research\PUMA\Code\TRAINING CODE\Dataset\01_training_dataset_tif_ROIs\training_set_metastatic_roi_070.tif,881.1343146274149,851.39374425023,0,val,gt,878.5714111328125,847.6785888671875,"[[878.5714111328125, 847.6785888671875]]",tumor,17,prior ROI split; area-centroid crop; V17 exterior-component evaluation,-1
training_set_metastatic_roi_070:108,training_set_metastatic_roi_070,training_set_metastatic_roi_070,D:\Research\PUMA\Code\TRAINING CODE\Dataset\01_training_dataset_tif_ROIs\training_set_metastatic_roi_070.tif,69.64691358024692,1003.679012345679,0,val,gt,69.3043441772461,1002.9347534179688,"[[69.3043441772461, 1002.9347534179688]]",tumor,17,prior ROI split; area-centroid crop; V17 exterior-component evaluation,-1
training_set_metastatic_roi_070:132,training_set_metastatic_roi_070,training_set_metastatic_roi_070,D:\Research\PUMA\Code\TRAINING CODE\Dataset\01_training_dataset_tif_ROIs\training_set_metastatic_roi_070.tif,663.9497474747475,221.60757575757572,0,val,gt,662.7460327148438,221.76190185546875,"[[662.7460327148438, 221.76190185546875]]",tumor,17,prior ROI split; area-centroid crop; V17 exterior-component evaluation,-1
training_set_metastatic_roi_071:61,training_set_metastatic_roi_071,training_set_metastatic_roi_071,D:\Research\PUMA\Code\TRAINING CODE\Dataset\01_training_dataset_tif_ROIs\training_set_metastatic_roi_071.tif,902.0114006514658,103.557003257329,1,train,gt,901.0263061523438,102.84210205078124,"[[901.0263061523438, 102.84210205078125]]",lymphocyte,17,prior ROI split; area-centroid crop; V17 exterior-component evaluation,0
training_set_metastatic_roi_071:399,training_set_metastatic_roi_071,training_set_metastatic_roi_071,D:\Research\PUMA\Code\TRAINING CODE\Dataset\01_training_dataset_tif_ROIs\training_set_metastatic_roi_071.tif,952.37478541856,988.9012925376148,2,train,gt,950.2847900390624,988.9303588867188,"[[950.2847900390625, 988.9303588867188]]",plasma_cell,17,prior ROI split; area-centroid crop; V17 exterior-component evaluation,0
training_set_metastatic_roi_072:111,training_set_metastatic_roi_072,training_set_metastatic_roi_072,D:\Research\PUMA\Code\TRAINING CODE\Dataset\01_training_dataset_tif_ROIs\training_set_metastatic_roi_072.tif,341.0504138449963,674.6489841986456,5,train,gt,341.4444580078125,674.25,"[[341.4444580078125, 674.25]]",neutrophil,17,prior ROI split; area-centroid crop; V17 exterior-component evaluation,2
training_set_metastatic_roi_072:374,training_set_metastatic_roi_072,training_set_metastatic_roi_072,D:\Research\PUMA\Code\TRAINING CODE\Dataset\01_training_dataset_tif_ROIs\training_set_metastatic_roi_072.tif,817.1385416666667,76.23072916666666,2,train,gt,815.2000122070312,76.06666564941406,"[[815.2000122070312, 76.06666564941406]]",plasma_cell,17,prior ROI split; area-centroid crop; V17 exterior-component evaluation,2
training_set_metastatic_roi_072:524,training_set_metastatic_roi_072,training_set_metastatic_roi_072,D:\Research\PUMA\Code\TRAINING CODE\Dataset\01_training_dataset_tif_ROIs\training_set_metastatic_roi_072.tif,167.01832760595647,861.7090492554411,1,train,gt,166.84210205078125,861.9736938476562,"[[166.84210205078125, 861.9736938476562]]",lymphocyte,17,prior ROI split; area-centroid crop; V17 exterior-component evaluation,2
training_set_metastatic_roi_072:529,training_set_metastatic_roi_072,training_set_metastatic_roi_072,D:\Research\PUMA\Code\TRAINING CODE\Dataset\01_training_dataset_tif_ROIs\training_set_metastatic_roi_072.tif,296.3669186550122,667.4193243562485,8,train,gt,295.6474304199219,666.8461303710938,"[[295.6474304199219, 666.8461303710938]]",endothelium,17,prior ROI split; area-centroid crop; V17 exterior-component evaluation,2
training_set_metastatic_roi_073:260,training_set_metastatic_roi_073,training_set_metastatic_roi_073,D:\Research\PUMA\Code\TRAINING CODE\Dataset\01_training_dataset_tif_ROIs\training_set_metastatic_roi_073.tif,576.7703549060543,112.27742983066574,0,train,gt,578.906982421875,112.18604278564452,"[[578.906982421875, 112.18604278564453]]",tumor,17,prior ROI split; area-centroid crop; V17 exterior-component evaluation,1
training_set_metastatic_roi_073:745,training_set_metastatic_roi_073,training_set_metastatic_roi_073,D:\Research\PUMA\Code\TRAINING CODE\Dataset\01_training_dataset_tif_ROIs\training_set_metastatic_roi_073.tif,664.6749881122207,573.4037089871612,2,train,gt,664.7944946289062,571.890380859375,"[[664.7944946289062, 571.890380859375]]",plasma_cell,17,prior ROI split; area-centroid crop; V17 exterior-component evaluation,1
training_set_metastatic_roi_075:310,training_set_metastatic_roi_075,training_set_metastatic_roi_075,D:\Research\PUMA\Code\TRAINING CODE\Dataset\01_training_dataset_tif_ROIs\training_set_metastatic_roi_075.tif,966.3207349081364,221.08031496062992,1,train,gt,968.423095703125,223.84616088867188,"[[968.423095703125, 223.84616088867188]]",lymphocyte,17,prior ROI split; area-centroid crop; V17 exterior-component evaluation,2
training_set_metastatic_roi_075:367,training_set_metastatic_roi_075,training_set_metastatic_roi_075,D:\Research\PUMA\Code\TRAINING CODE\Dataset\01_training_dataset_tif_ROIs\training_set_metastatic_roi_075.tif,385.77655192703736,638.7007943512798,9,train,gt,385.620361328125,639.0,"[[385.620361328125, 639.0]]",apoptosis,17,prior ROI split; area-centroid crop; V17 exterior-component evaluation,2
training_set_metastatic_roi_076:125,training_set_metastatic_roi_076,training_set_metastatic_roi_076,D:\Research\PUMA\Code\TRAINING CODE\Dataset\01_training_dataset_tif_ROIs\training_set_metastatic_roi_076.tif,883.4825396825397,753.8296296296296,0,val,gt,881.8076782226562,754.1923217773438,"[[881.8076782226562, 754.1923217773438]]",tumor,17,prior ROI split; area-centroid crop; V17 exterior-component evaluation,-1
training_set_metastatic_roi_076:415,training_set_metastatic_roi_076,training_set_metastatic_roi_076,D:\Research\PUMA\Code\TRAINING CODE\Dataset\01_training_dataset_tif_ROIs\training_set_metastatic_roi_076.tif,477.4623655913978,347.9498207885305,6,val,gt,477.6000061035156,348.67999267578125,"[[477.6000061035156, 348.67999267578125]]",stroma,17,prior ROI split; area-centroid crop; V17 exterior-component evaluation,-1
training_set_metastatic_roi_078:17,training_set_metastatic_roi_078,training_set_metastatic_roi_078,D:\Research\PUMA\Code\TRAINING CODE\Dataset\01_training_dataset_tif_ROIs\training_set_metastatic_roi_078.tif,16.22505524392317,453.5301716811151,0,train,gt,17.071428298950195,454.2678527832031,"[[17.071428298950195, 454.2678527832031]]",tumor,17,prior ROI split; area-centroid crop; V17 exterior-component evaluation,2
training_set_metastatic_roi_078:121,training_set_metastatic_roi_078,training_set_metastatic_roi_078,D:\Research\PUMA\Code\TRAINING CODE\Dataset\01_training_dataset_tif_ROIs\training_set_metastatic_roi_078.tif,905.420458553792,257.12980599647267,0,train,gt,905.5,252.34210205078125,"[[905.5, 252.34210205078125]]",tumor,17,prior ROI split; area-centroid crop; V17 exterior-component evaluation,2
training_set_metastatic_roi_079:65,training_set_metastatic_roi_079,training_set_metastatic_roi_079,D:\Research\PUMA\Code\TRAINING CODE\Dataset\01_training_dataset_tif_ROIs\training_set_metastatic_roi_079.tif,683.4050279329609,427.9871508379889,0,val,gt,683.2000122070312,428.5,"[[683.2000122070312, 428.5]]",tumor,17,prior ROI split; area-centroid crop; V17 exterior-component evaluation,-1
training_set_metastatic_roi_079:168,training_set_metastatic_roi_079,training_set_metastatic_roi_079,D:\Research\PUMA\Code\TRAINING CODE\Dataset\01_training_dataset_tif_ROIs\training_set_metastatic_roi_079.tif,919.53949524746,182.73582431989516,0,val,gt,919.6585083007812,180.63414001464844,"[[919.6585083007812, 180.63414001464844]]",tumor,17,prior ROI split; area-centroid crop; V17 exterior-component evaluation,-1
training_set_metastatic_roi_079:198,training_set_metastatic_roi_079,training_set_metastatic_roi_079,D:\Research\PUMA\Code\TRAINING CODE\Dataset\01_training_dataset_tif_ROIs\training_set_metastatic_roi_079.tif,243.1524334251607,26.07805325987144,2,val,gt,242.8163299560547,25.85714340209961,"[[242.8163299560547, 25.85714340209961]]",plasma_cell,17,prior ROI split; area-centroid crop; V17 exterior-component evaluation,-1
training_set_metastatic_roi_080:11,training_set_metastatic_roi_080,training_set_metastatic_roi_080,D:\Research\PUMA\Code\TRAINING CODE\Dataset\01_training_dataset_tif_ROIs\training_set_metastatic_roi_080.tif,1016.3606060606062,65.14545454545454,1,val,gt,1013.8695678710938,65.60869598388672,"[[1013.8695678710938, 65.60869598388672]]",lymphocyte,17,prior ROI split; area-centroid crop; V17 exterior-component evaluation,-1
training_set_metastatic_roi_080:96,training_set_metastatic_roi_080,training_set_metastatic_roi_080,D:\Research\PUMA\Code\TRAINING CODE\Dataset\01_training_dataset_tif_ROIs\training_set_metastatic_roi_080.tif,581.5205158264947,458.4994138335287,0,val,gt,582.8421020507812,457.8070068359375,"[[582.8421020507812, 457.8070068359375]]",tumor,17,prior ROI split; area-centroid crop; V17 exterior-component evaluation,-1
training_set_metastatic_roi_080:218,training_set_metastatic_roi_080,training_set_metastatic_roi_080,D:\Research\PUMA\Code\TRAINING CODE\Dataset\01_training_dataset_tif_ROIs\training_set_metastatic_roi_080.tif,463.5046854082999,863.8808567603749,1,val,gt,463.5454406738281,862.8636474609375,"[[463.5454406738281, 862.8636474609375]]",lymphocyte,17,prior ROI split; area-centroid crop; V17 exterior-component evaluation,-1
training_set_metastatic_roi_080:283,training_set_metastatic_roi_080,training_set_metastatic_roi_080,D:\Research\PUMA\Code\TRAINING CODE\Dataset\01_training_dataset_tif_ROIs\training_set_metastatic_roi_080.tif,1001.3681858802502,1018.1849865951742,4,val,gt,1002.7619018554688,1017.3809814453124,"[[1002.7619018554688, 1017.3809814453125]]",melanophage,17,prior ROI split; area-centroid crop; V17 exterior-component evaluation,-1
training_set_metastatic_roi_080:306,training_set_metastatic_roi_080,training_set_metastatic_roi_080,D:\Research\PUMA\Code\TRAINING CODE\Dataset\01_training_dataset_tif_ROIs\training_set_metastatic_roi_080.tif,907.030708057871,248.24360448404715,2,val,gt,907.0230712890624,248.1769256591797,"[[907.0230712890625, 248.1769256591797]]",plasma_cell,17,prior ROI split; area-centroid crop; V17 exterior-component evaluation,-1
training_set_metastatic_roi_080:310,training_set_metastatic_roi_080,training_set_metastatic_roi_080,D:\Research\PUMA\Code\TRAINING CODE\Dataset\01_training_dataset_tif_ROIs\training_set_metastatic_roi_080.tif,720.1699449252557,456.2677681615526,4,val,gt,719.9268188476562,455.5365905761719,"[[719.9268188476562, 455.5365905761719]]",melanophage,17,prior ROI split; area-centroid crop; V17 exterior-component evaluation,-1
training_set_metastatic_roi_081:22,training_set_metastatic_roi_081,training_set_metastatic_roi_081,D:\Research\PUMA\Code\TRAINING CODE\Dataset\01_training_dataset_tif_ROIs\training_set_metastatic_roi_081.tif,499.1323624595469,875.1330097087379,0,train,gt,500.6486511230469,873.2161865234375,"[[500.6486511230469, 873.2161865234375]]",tumor,17,prior ROI split; area-centroid crop; V17 exterior-component evaluation,2
training_set_metastatic_roi_083:210,training_set_metastatic_roi_083,training_set_metastatic_roi_083,D:\Research\PUMA\Code\TRAINING CODE\Dataset\01_training_dataset_tif_ROIs\training_set_metastatic_roi_083.tif,61.00209314495029,713.5111634397348,0,train,gt,60.5514030456543,714.59814453125,"[[60.5514030456543, 714.59814453125]]",tumor,17,prior ROI split; area-centroid crop; V17 exterior-component evaluation,1
training_set_metastatic_roi_084:244,training_set_metastatic_roi_084,training_set_metastatic_roi_084,D:\Research\PUMA\Code\TRAINING CODE\Dataset\01_training_dataset_tif_ROIs\training_set_metastatic_roi_084.tif,540.1350621285791,745.1917882225823,1,train,gt,540.2777709960938,743.8055419921875,"[[540.2777709960938, 743.8055419921875]]",lymphocyte,17,prior ROI split; area-centroid crop; V17 exterior-component evaluation,0
training_set_metastatic_roi_085:318,training_set_metastatic_roi_085,training_set_metastatic_roi_085,D:\Research\PUMA\Code\TRAINING CODE\Dataset\01_training_dataset_tif_ROIs\training_set_metastatic_roi_085.tif,6.099903006789525,864.8279987067572,4,train,gt,7.030303001403809,867.0,"[[7.030303001403809, 867.0]]",melanophage,17,prior ROI split; area-centroid crop; V17 exterior-component evaluation,1
training_set_metastatic_roi_085:390,training_set_metastatic_roi_085,training_set_metastatic_roi_085,D:\Research\PUMA\Code\TRAINING CODE\Dataset\01_training_dataset_tif_ROIs\training_set_metastatic_roi_085.tif,15.726623840114204,336.7822983583156,3,train,gt,14.219511985778809,337.95123291015625,"[[14.219511985778809, 337.95123291015625]]",histiocyte,17,prior ROI split; area-centroid crop; V17 exterior-component evaluation,1
training_set_metastatic_roi_086:32,training_set_metastatic_roi_086,training_set_metastatic_roi_086,D:\Research\PUMA\Code\TRAINING CODE\Dataset\01_training_dataset_tif_ROIs\training_set_metastatic_roi_086.tif,385.8021308980213,752.517503805175,4,train,gt,385.1290283203125,752.3870849609375,"[[385.1290283203125, 752.3870849609375]]",melanophage,17,prior ROI split; area-centroid crop; V17 exterior-component evaluation,1
training_set_metastatic_roi_086:455,training_set_metastatic_roi_086,training_set_metastatic_roi_086,D:\Research\PUMA\Code\TRAINING CODE\Dataset\01_training_dataset_tif_ROIs\training_set_metastatic_roi_086.tif,240.32100708103852,936.4454497770784,5,train,gt,240.5614013671875,935.8333129882812,"[[240.5614013671875, 935.8333129882812]]",neutrophil,17,prior ROI split; area-centroid crop; V17 exterior-component evaluation,1
training_set_metastatic_roi_087:218,training_set_metastatic_roi_087,training_set_metastatic_roi_087,D:\Research\PUMA\Code\TRAINING CODE\Dataset\01_training_dataset_tif_ROIs\training_set_metastatic_roi_087.tif,474.9967598217902,672.6391251518834,0,train,gt,476.5882263183594,672.3529663085938,"[[476.5882263183594, 672.3529663085938]]",tumor,17,prior ROI split; area-centroid crop; V17 exterior-component evaluation,0
training_set_metastatic_roi_087:448,training_set_metastatic_roi_087,training_set_metastatic_roi_087,D:\Research\PUMA\Code\TRAINING CODE\Dataset\01_training_dataset_tif_ROIs\training_set_metastatic_roi_087.tif,182.6003390548845,1002.868192413647,8,train,gt,183.36734008789065,1000.9591674804688,"[[183.36734008789062, 1000.9591674804688]]",endothelium,17,prior ROI split; area-centroid crop; V17 exterior-component evaluation,0
training_set_metastatic_roi_088:128,training_set_metastatic_roi_088,training_set_metastatic_roi_088,D:\Research\PUMA\Code\TRAINING CODE\Dataset\01_training_dataset_tif_ROIs\training_set_metastatic_roi_088.tif,824.7434869739479,752.5203740814964,1,train,gt,824.8846435546875,752.9615478515625,"[[824.8846435546875, 752.9615478515625]]",lymphocyte,17,prior ROI split; area-centroid crop; V17 exterior-component evaluation,1
training_set_metastatic_roi_089:342,training_set_metastatic_roi_089,training_set_metastatic_roi_089,D:\Research\PUMA\Code\TRAINING CODE\Dataset\01_training_dataset_tif_ROIs\training_set_metastatic_roi_089.tif,996.3844025157232,934.2875471698112,0,val,gt,994.7750244140624,936.125,"[[994.7750244140625, 936.125]]",tumor,17,prior ROI split; area-centroid crop; V17 exterior-component evaluation,-1
training_set_metastatic_roi_090:277,training_set_metastatic_roi_090,training_set_metastatic_roi_090,D:\Research\PUMA\Code\TRAINING CODE\Dataset\01_training_dataset_tif_ROIs\training_set_metastatic_roi_090.tif,722.5656213704995,950.184668989547,0,val,gt,722.914306640625,950.4000244140624,"[[722.914306640625, 950.4000244140625]]",tumor,17,prior ROI split; area-centroid crop; V17 exterior-component evaluation,-1
training_set_metastatic_roi_090:393,training_set_metastatic_roi_090,training_set_metastatic_roi_090,D:\Research\PUMA\Code\TRAINING CODE\Dataset\01_training_dataset_tif_ROIs\training_set_metastatic_roi_090.tif,688.6464646464647,50.42676767676768,9,val,gt,689.2307739257812,51.07692337036133,"[[689.2307739257812, 51.07692337036133]]",apoptosis,17,prior ROI split; area-centroid crop; V17 exterior-component evaluation,-1
training_set_metastatic_roi_091:39,training_set_metastatic_roi_091,training_set_metastatic_roi_091,D:\Research\PUMA\Code\TRAINING CODE\Dataset\01_training_dataset_tif_ROIs\training_set_metastatic_roi_091.tif,983.8427263969172,255.0125240847784,3,train,gt,984.9796142578124,255.02040100097656,"[[984.9796142578125, 255.02040100097656]]",histiocyte,17,prior ROI split; area-centroid crop; V17 exterior-component evaluation,0
training_set_metastatic_roi_091:235,training_set_metastatic_roi_091,training_set_metastatic_roi_091,D:\Research\PUMA\Code\TRAINING CODE\Dataset\01_training_dataset_tif_ROIs\training_set_metastatic_roi_091.tif,378.9660852713178,136.68992248062017,6,train,gt,378.9615478515625,138.26922607421875,"[[378.9615478515625, 138.26922607421875]]",stroma,17,prior ROI split; area-centroid crop; V17 exterior-component evaluation,0
training_set_metastatic_roi_092:143,training_set_metastatic_roi_092,training_set_metastatic_roi_092,D:\Research\PUMA\Code\TRAINING CODE\Dataset\01_training_dataset_tif_ROIs\training_set_metastatic_roi_092.tif,77.79932829554996,670.6675062972292,8,train,gt,77.12245178222656,671.4898071289062,"[[77.12245178222656, 671.4898071289062]]",endothelium,17,prior ROI split; area-centroid crop; V17 exterior-component evaluation,1
training_set_metastatic_roi_092:166,training_set_metastatic_roi_092,training_set_metastatic_roi_092,D:\Research\PUMA\Code\TRAINING CODE\Dataset\01_training_dataset_tif_ROIs\training_set_metastatic_roi_092.tif,481.33659217877096,525.2662942271882,4,train,gt,480.74359130859375,525.5384521484375,"[[480.74359130859375, 525.5384521484375]]",melanophage,17,prior ROI split; area-centroid crop; V17 exterior-component evaluation,1
training_set_metastatic_roi_093:163,training_set_metastatic_roi_093,training_set_metastatic_roi_093,D:\Research\PUMA\Code\TRAINING CODE\Dataset\01_training_dataset_tif_ROIs\training_set_metastatic_roi_093.tif,600.8886583679115,400.1694329183956,1,train,gt,601.0357055664062,400.25,"[[601.0357055664062, 400.25]]",lymphocyte,17,prior ROI split; area-centroid crop; V17 exterior-component evaluation,0
training_set_metastatic_roi_094:167,training_set_metastatic_roi_094,training_set_metastatic_roi_094,D:\Research\PUMA\Code\TRAINING CODE\Dataset\01_training_dataset_tif_ROIs\training_set_metastatic_roi_094.tif,72.15998663994657,213.8974615898464,9,train,gt,71.82221984863281,214.9555511474609,"[[71.82221984863281, 214.95555114746094]]",apoptosis,17,prior ROI split; area-centroid crop; V17 exterior-component evaluation,0
training_set_metastatic_roi_094:598,training_set_metastatic_roi_094,training_set_metastatic_roi_094,D:\Research\PUMA\Code\TRAINING CODE\Dataset\01_training_dataset_tif_ROIs\training_set_metastatic_roi_094.tif,625.9422193040052,931.5121470781352,2,train,gt,625.7857055664062,931.5,"[[625.7857055664062, 931.5]]",plasma_cell,17,prior ROI split; area-centroid crop; V17 exterior-component evaluation,0
training_set_metastatic_roi_095:283,training_set_metastatic_roi_095,training_set_metastatic_roi_095,D:\Research\PUMA\Code\TRAINING CODE\Dataset\01_training_dataset_tif_ROIs\training_set_metastatic_roi_095.tif,271.43465909090907,481.219696969697,5,train,gt,271.0555419921875,481.6944580078125,"[[271.0555419921875, 481.6944580078125]]",neutrophil,17,prior ROI split; area-centroid crop; V17 exterior-component evaluation,2
training_set_metastatic_roi_097:286,training_set_metastatic_roi_097,training_set_metastatic_roi_097,D:\Research\PUMA\Code\TRAINING CODE\Dataset\01_training_dataset_tif_ROIs\training_set_metastatic_roi_097.tif,891.7611367127496,1016.2081413210444,0,train,gt,893.5555419921875,1014.5,"[[893.5555419921875, 1014.5]]",tumor,17,prior ROI split; area-centroid crop; V17 exterior-component evaluation,0
training_set_metastatic_roi_097:326,training_set_metastatic_roi_097,training_set_metastatic_roi_097,D:\Research\PUMA\Code\TRAINING CODE\Dataset\01_training_dataset_tif_ROIs\training_set_metastatic_roi_097.tif,382.4029697900666,554.4306195596517,1,train,gt,382.3103332519531,554.1034545898438,"[[382.3103332519531, 554.1034545898438]]",lymphocyte,17,prior ROI split; area-centroid crop; V17 exterior-component evaluation,0
training_set_metastatic_roi_098:138,training_set_metastatic_roi_098,training_set_metastatic_roi_098,D:\Research\PUMA\Code\TRAINING CODE\Dataset\01_training_dataset_tif_ROIs\training_set_metastatic_roi_098.tif,282.53466921119593,538.1456743002544,2,val,gt,281.7142944335937,540.9285888671875,"[[281.71429443359375, 540.9285888671875]]",plasma_cell,17,prior ROI split; area-centroid crop; V17 exterior-component evaluation,-1
training_set_metastatic_roi_098:183,training_set_metastatic_roi_098,training_set_metastatic_roi_098,D:\Research\PUMA\Code\TRAINING CODE\Dataset\01_training_dataset_tif_ROIs\training_set_metastatic_roi_098.tif,1010.7152941176472,147.6321568627451,0,val,gt,1011.0384521484376,148.03846740722656,"[[1011.0384521484375, 148.03846740722656]]",tumor,17,prior ROI split; area-centroid crop; V17 exterior-component evaluation,-1
training_set_metastatic_roi_098:512,training_set_metastatic_roi_098,training_set_metastatic_roi_098,D:\Research\PUMA\Code\TRAINING CODE\Dataset\01_training_dataset_tif_ROIs\training_set_metastatic_roi_098.tif,691.3378684807257,491.90589569161,1,val,gt,693.0,491.5833435058594,"[[693.0, 491.5833435058594]]",lymphocyte,17,prior ROI split; area-centroid crop; V17 exterior-component evaluation,-1
training_set_metastatic_roi_099:378,training_set_metastatic_roi_099,training_set_metastatic_roi_099,D:\Research\PUMA\Code\TRAINING CODE\Dataset\01_training_dataset_tif_ROIs\training_set_metastatic_roi_099.tif,357.2331575864089,465.3678968951376,1,val,gt,356.4893493652344,465.0212707519531,"[[356.4893493652344, 465.0212707519531]]",lymphocyte,17,prior ROI split; area-centroid crop; V17 exterior-component evaluation,-1
training_set_metastatic_roi_100:72,training_set_metastatic_roi_100,training_set_metastatic_roi_100,D:\Research\PUMA\Code\TRAINING CODE\Dataset\01_training_dataset_tif_ROIs\training_set_metastatic_roi_100.tif,26.11769005847953,302.1067251461988,5,train,gt,25.4761905670166,301.2142944335937,"[[25.4761905670166, 301.21429443359375]]",neutrophil,17,prior ROI split; area-centroid crop; V17 exterior-component evaluation,2
training_set_metastatic_roi_101:127,training_set_metastatic_roi_101,training_set_metastatic_roi_101,D:\Research\PUMA\Code\TRAINING CODE\Dataset\01_training_dataset_tif_ROIs\training_set_metastatic_roi_101.tif,963.0749385749384,309.0184275184276,9,train,gt,962.8627319335938,309.0392150878906,"[[962.8627319335938, 309.0392150878906]]",apoptosis,17,prior ROI split; area-centroid crop; V17 exterior-component evaluation,1
training_set_metastatic_roi_101:207,training_set_metastatic_roi_101,training_set_metastatic_roi_101,D:\Research\PUMA\Code\TRAINING CODE\Dataset\01_training_dataset_tif_ROIs\training_set_metastatic_roi_101.tif,349.8027888446215,529.9900398406375,9,train,gt,349.89361572265625,530.5106201171875,"[[349.89361572265625, 530.5106201171875]]",apoptosis,17,prior ROI split; area-centroid crop; V17 exterior-component evaluation,1
training_set_metastatic_roi_101:343,training_set_metastatic_roi_101,training_set_metastatic_roi_101,D:\Research\PUMA\Code\TRAINING CODE\Dataset\01_training_dataset_tif_ROIs\training_set_metastatic_roi_101.tif,946.7494212962962,719.0662615740741,5,train,gt,944.45947265625,718.0810546875,"[[944.45947265625, 718.0810546875]]",neutrophil,17,prior ROI split; area-centroid crop; V17 exterior-component evaluation,1
training_set_metastatic_roi_102:20,training_set_metastatic_roi_102,training_set_metastatic_roi_102,D:\Research\PUMA\Code\TRAINING CODE\Dataset\01_training_dataset_tif_ROIs\training_set_metastatic_roi_102.tif,418.32933333333335,50.705333333333336,9,train,gt,416.7090759277344,49.47272872924805,"[[416.7090759277344, 49.47272872924805]]",apoptosis,17,prior ROI split; area-centroid crop; V17 exterior-component evaluation,2
training_set_primary_roi_001:528,training_set_primary_roi_001,training_set_primary_roi_001,D:\Research\PUMA\Code\TRAINING CODE\Dataset\01_training_dataset_tif_ROIs\training_set_primary_roi_001.tif,986.171617161716,888.0330033003299,6,train,gt,986.7999877929688,888.1333618164062,"[[986.7999877929688, 888.1333618164062]]",stroma,17,prior ROI split; area-centroid crop; V17 exterior-component evaluation,2
training_set_primary_roi_002:159,training_set_primary_roi_002,training_set_primary_roi_002,D:\Research\PUMA\Code\TRAINING CODE\Dataset\01_training_dataset_tif_ROIs\training_set_primary_roi_002.tif,346.28479853479854,494.1422466422467,6,train,gt,345.23077392578125,490.69232177734375,"[[345.23077392578125, 490.69232177734375]]",stroma,17,prior ROI split; area-centroid crop; V17 exterior-component evaluation,2
training_set_primary_roi_004:206,training_set_primary_roi_004,training_set_primary_roi_004,D:\Research\PUMA\Code\TRAINING CODE\Dataset\01_training_dataset_tif_ROIs\training_set_primary_roi_004.tif,640.1111853832442,679.4015151515151,7,train,gt,639.7692260742188,674.7948608398438,"[[639.7692260742188, 674.7948608398438]]",epithelium,17,prior ROI split; area-centroid crop; V17 exterior-component evaluation,1
training_set_primary_roi_004:320,training_set_primary_roi_004,training_set_primary_roi_004,D:\Research\PUMA\Code\TRAINING CODE\Dataset\01_training_dataset_tif_ROIs\training_set_primary_roi_004.tif,184.1761006289308,925.5446540880504,8,train,gt,183.8000030517578,925.2000122070312,"[[183.8000030517578, 925.2000122070312]]",endothelium,17,prior ROI split; area-centroid crop; V17 exterior-component evaluation,1
training_set_primary_roi_005:174,training_set_primary_roi_005,training_set_primary_roi_005,D:\Research\PUMA\Code\TRAINING CODE\Dataset\01_training_dataset_tif_ROIs\training_set_primary_roi_005.tif,576.9696509863429,378.1694486595852,1,train,gt,575.923095703125,377.5384521484375,"[[575.923095703125, 377.5384521484375]]",lymphocyte,17,prior ROI split; area-centroid crop; V17 exterior-component evaluation,0
training_set_primary_roi_005:370,training_set_primary_roi_005,training_set_primary_roi_005,D:\Research\PUMA\Code\TRAINING CODE\Dataset\01_training_dataset_tif_ROIs\training_set_primary_roi_005.tif,756.8325925925925,801.2397037037036,4,train,gt,757.272705078125,799.1818237304688,"[[757.272705078125, 799.1818237304688]]",melanophage,17,prior ROI split; area-centroid crop; V17 exterior-component evaluation,0
training_set_primary_roi_006:104,training_set_primary_roi_006,training_set_primary_roi_006,D:\Research\PUMA\Code\TRAINING CODE\Dataset\01_training_dataset_tif_ROIs\training_set_primary_roi_006.tif,926.2270693512304,371.4921700223714,6,val,gt,926.2222290039062,370.3333435058594,"[[926.2222290039062, 370.3333435058594]]",stroma,17,prior ROI split; area-centroid crop; V17 exterior-component evaluation,-1
training_set_primary_roi_006:122,training_set_primary_roi_006,training_set_primary_roi_006,D:\Research\PUMA\Code\TRAINING CODE\Dataset\01_training_dataset_tif_ROIs\training_set_primary_roi_006.tif,640.4024822695036,433.51773049645385,8,val,gt,640.1428833007812,432.1428527832031,"[[640.1428833007812, 432.1428527832031]]",endothelium,17,prior ROI split; area-centroid crop; V17 exterior-component evaluation,-1
training_set_primary_roi_006:131,training_set_primary_roi_006,training_set_primary_roi_006,D:\Research\PUMA\Code\TRAINING CODE\Dataset\01_training_dataset_tif_ROIs\training_set_primary_roi_006.tif,840.6703952274422,463.24571215510815,3,val,gt,840.7333374023438,461.0,"[[840.7333374023438, 461.0]]",histiocyte,17,prior ROI split; area-centroid crop; V17 exterior-component evaluation,-1
training_set_primary_roi_006:188,training_set_primary_roi_006,training_set_primary_roi_006,D:\Research\PUMA\Code\TRAINING CODE\Dataset\01_training_dataset_tif_ROIs\training_set_primary_roi_006.tif,651.2984218077474,657.597800095648,4,val,gt,650.8499755859375,657.1500244140625,"[[650.8499755859375, 657.1500244140625]]",melanophage,17,prior ROI split; area-centroid crop; V17 exterior-component evaluation,-1
training_set_primary_roi_007:73,training_set_primary_roi_007,training_set_primary_roi_007,D:\Research\PUMA\Code\TRAINING CODE\Dataset\01_training_dataset_tif_ROIs\training_set_primary_roi_007.tif,100.4556040756914,254.10128578360025,7,train,gt,101.66666412353516,253.2727203369141,"[[101.66666412353516, 253.27272033691406]]",epithelium,17,prior ROI split; area-centroid crop; V17 exterior-component evaluation,2
training_set_primary_roi_007:189,training_set_primary_roi_007,training_set_primary_roi_007,D:\Research\PUMA\Code\TRAINING CODE\Dataset\01_training_dataset_tif_ROIs\training_set_primary_roi_007.tif,406.48855721393033,592.8975124378109,4,train,gt,408.4615478515625,591.5384521484375,"[[408.4615478515625, 591.5384521484375]]",melanophage,17,prior ROI split; area-centroid crop; V17 exterior-component evaluation,2
training_set_primary_roi_007:214,training_set_primary_roi_007,training_set_primary_roi_007,D:\Research\PUMA\Code\TRAINING CODE\Dataset\01_training_dataset_tif_ROIs\training_set_primary_roi_007.tif,790.9325551232166,716.0612191958495,3,train,gt,790.0833129882812,715.4166870117188,"[[790.0833129882812, 715.4166870117188]]",histiocyte,17,prior ROI split; area-centroid crop; V17 exterior-component evaluation,2
training_set_primary_roi_007:231,training_set_primary_roi_007,training_set_primary_roi_007,D:\Research\PUMA\Code\TRAINING CODE\Dataset\01_training_dataset_tif_ROIs\training_set_primary_roi_007.tif,712.9165446559297,786.6588579795022,6,train,gt,713.076904296875,786.8461303710938,"[[713.076904296875, 786.8461303710938]]",stroma,17,prior ROI split; area-centroid crop; V17 exterior-component evaluation,2
training_set_primary_roi_007:304,training_set_primary_roi_007,training_set_primary_roi_007,D:\Research\PUMA\Code\TRAINING CODE\Dataset\01_training_dataset_tif_ROIs\training_set_primary_roi_007.tif,764.1428571428571,107.97486772486774,0,train,gt,763.4666748046875,106.8000030517578,"[[763.4666748046875, 106.80000305175781]]",tumor,17,prior ROI split; area-centroid crop; V17 exterior-component evaluation,2
training_set_primary_roi_009:114,training_set_primary_roi_009,training_set_primary_roi_009,D:\Research\PUMA\Code\TRAINING CODE\Dataset\01_training_dataset_tif_ROIs\training_set_primary_roi_009.tif,12.843933243121334,222.4957149300857,1,val,gt,13.5,220.6000061035156,"[[13.5, 220.60000610351562]]",lymphocyte,17,prior ROI split; area-centroid crop; V17 exterior-component evaluation,-1
training_set_primary_roi_009:132,training_set_primary_roi_009,training_set_primary_roi_009,D:\Research\PUMA\Code\TRAINING CODE\Dataset\01_training_dataset_tif_ROIs\training_set_primary_roi_009.tif,8.167985927880387,259.6930518909411,0,val,gt,8.714285850524902,258.1428527832031,"[[8.714285850524902, 258.1428527832031]]",tumor,17,prior ROI split; area-centroid crop; V17 exterior-component evaluation,-1
training_set_primary_roi_010:3,training_set_primary_roi_010,training_set_primary_roi_010,D:\Research\PUMA\Code\TRAINING CODE\Dataset\01_training_dataset_tif_ROIs\training_set_primary_roi_010.tif,545.4877136752136,10.932425213675211,4,train,gt,543.0,11.916666984558104,"[[543.0, 11.916666984558105]]",melanophage,17,prior ROI split; area-centroid crop; V17 exterior-component evaluation,0
training_set_primary_roi_010:329,training_set_primary_roi_010,training_set_primary_roi_010,D:\Research\PUMA\Code\TRAINING CODE\Dataset\01_training_dataset_tif_ROIs\training_set_primary_roi_010.tif,183.08578332662103,947.1719693918646,7,train,gt,179.26666259765625,948.3333129882812,"[[179.26666259765625, 948.3333129882812]]",epithelium,17,prior ROI split; area-centroid crop; V17 exterior-component evaluation,0
training_set_primary_roi_011:176,training_set_primary_roi_011,training_set_primary_roi_011,D:\Research\PUMA\Code\TRAINING CODE\Dataset\01_training_dataset_tif_ROIs\training_set_primary_roi_011.tif,155.35025197984163,423.3833693304536,8,train,gt,157.63636779785156,421.4545593261719,"[[157.63636779785156, 421.4545593261719]]",endothelium,17,prior ROI split; area-centroid crop; V17 exterior-component evaluation,0
training_set_primary_roi_011:396,training_set_primary_roi_011,training_set_primary_roi_011,D:\Research\PUMA\Code\TRAINING CODE\Dataset\01_training_dataset_tif_ROIs\training_set_primary_roi_011.tif,886.4327917282127,993.1496799606106,6,train,gt,885.88232421875,992.2941284179688,"[[885.88232421875, 992.2941284179688]]",stroma,17,prior ROI split; area-centroid crop; V17 exterior-component evaluation,0
training_set_primary_roi_011:398,training_set_primary_roi_011,training_set_primary_roi_011,D:\Research\PUMA\Code\TRAINING CODE\Dataset\01_training_dataset_tif_ROIs\training_set_primary_roi_011.tif,522.1249459576308,992.1301340250756,7,train,gt,520.888916015625,990.5555419921876,"[[520.888916015625, 990.5555419921875]]",epithelium,17,prior ROI split; area-centroid crop; V17 exterior-component evaluation,0
training_set_primary_roi_012:10,training_set_primary_roi_012,training_set_primary_roi_012,D:\Research\PUMA\Code\TRAINING CODE\Dataset\01_training_dataset_tif_ROIs\training_set_primary_roi_012.tif,981.9239558707644,16.96138691883373,7,train,gt,980.5,14.399999618530272,"[[980.5, 14.399999618530273]]",epithelium,17,prior ROI split; area-centroid crop; V17 exterior-component evaluation,0
training_set_primary_roi_012:138,training_set_primary_roi_012,training_set_primary_roi_012,D:\Research\PUMA\Code\TRAINING CODE\Dataset\01_training_dataset_tif_ROIs\training_set_primary_roi_012.tif,147.66243386243386,483.11449735449736,8,train,gt,149.14285278320312,481.0,"[[149.14285278320312, 481.0]]",endothelium,17,prior ROI split; area-centroid crop; V17 exterior-component evaluation,0
training_set_primary_roi_013:22,training_set_primary_roi_013,training_set_primary_roi_013,D:\Research\PUMA\Code\TRAINING CODE\Dataset\01_training_dataset_tif_ROIs\training_set_primary_roi_013.tif,244.8520218579235,41.61267759562842,7,train,gt,242.0,39.52941131591797,"[[242.0, 39.52941131591797]]",epithelium,17,prior ROI split; area-centroid crop; V17 exterior-component evaluation,0
training_set_primary_roi_013:104,training_set_primary_roi_013,training_set_primary_roi_013,D:\Research\PUMA\Code\TRAINING CODE\Dataset\01_training_dataset_tif_ROIs\training_set_primary_roi_013.tif,766.7464070468243,273.5526193787668,3,train,gt,767.1818237304688,272.6363525390625,"[[767.1818237304688, 272.6363525390625]]",histiocyte,17,prior ROI split; area-centroid crop; V17 exterior-component evaluation,0
training_set_primary_roi_013:443,training_set_primary_roi_013,training_set_primary_roi_013,D:\Research\PUMA\Code\TRAINING CODE\Dataset\01_training_dataset_tif_ROIs\training_set_primary_roi_013.tif,493.05287958115184,207.48813263525304,5,train,gt,493.3461608886719,207.15383911132807,"[[493.3461608886719, 207.15383911132812]]",neutrophil,17,prior ROI split; area-centroid crop; V17 exterior-component evaluation,0
training_set_primary_roi_014:140,training_set_primary_roi_014,training_set_primary_roi_014,D:\Research\PUMA\Code\TRAINING CODE\Dataset\01_training_dataset_tif_ROIs\training_set_primary_roi_014.tif,567.0264517462285,670.4562926224427,0,val,gt,567.7636108398438,667.4545288085938,"[[567.7636108398438, 667.4545288085938]]",tumor,17,prior ROI split; area-centroid crop; V17 exterior-component evaluation,-1
training_set_primary_roi_014:230,training_set_primary_roi_014,training_set_primary_roi_014,D:\Research\PUMA\Code\TRAINING CODE\Dataset\01_training_dataset_tif_ROIs\training_set_primary_roi_014.tif,100.95482006829523,646.3112687155241,2,val,gt,104.81818389892578,644.9318237304688,"[[104.81818389892578, 644.9318237304688]]",plasma_cell,17,prior ROI split; area-centroid crop; V17 exterior-component evaluation,-1
training_set_primary_roi_015:301,training_set_primary_roi_015,training_set_primary_roi_015,D:\Research\PUMA\Code\TRAINING CODE\Dataset\01_training_dataset_tif_ROIs\training_set_primary_roi_015.tif,416.1558061821219,668.437343358396,0,train,gt,415.6491088867188,667.4561157226562,"[[415.64910888671875, 667.4561157226562]]",tumor,17,prior ROI split; area-centroid crop; V17 exterior-component evaluation,0
training_set_primary_roi_015:452,training_set_primary_roi_015,training_set_primary_roi_015,D:\Research\PUMA\Code\TRAINING CODE\Dataset\01_training_dataset_tif_ROIs\training_set_primary_roi_015.tif,8.348016244923462,190.0468603561387,8,train,gt,7.75,191.26785278320312,"[[7.75, 191.26785278320312]]",endothelium,17,prior ROI split; area-centroid crop; V17 exterior-component evaluation,0
training_set_primary_roi_016:73,training_set_primary_roi_016,training_set_primary_roi_016,D:\Research\PUMA\Code\TRAINING CODE\Dataset\01_training_dataset_tif_ROIs\training_set_primary_roi_016.tif,682.2483588621444,86.89204959883297,0,train,gt,682.5184936523438,89.22222137451172,"[[682.5184936523438, 89.22222137451172]]",tumor,17,prior ROI split; area-centroid crop; V17 exterior-component evaluation,1
training_set_primary_roi_016:95,training_set_primary_roi_016,training_set_primary_roi_016,D:\Research\PUMA\Code\TRAINING CODE\Dataset\01_training_dataset_tif_ROIs\training_set_primary_roi_016.tif,343.7607559308404,112.45114595898671,1,train,gt,342.72222900390625,112.38888549804688,"[[342.72222900390625, 112.38888549804688]]",lymphocyte,17,prior ROI split; area-centroid crop; V17 exterior-component evaluation,1
training_set_primary_roi_016:498,training_set_primary_roi_016,training_set_primary_roi_016,D:\Research\PUMA\Code\TRAINING CODE\Dataset\01_training_dataset_tif_ROIs\training_set_primary_roi_016.tif,747.3340631271666,772.8438241196862,3,train,gt,746.7142944335938,774.5555419921875,"[[746.7142944335938, 774.5555419921875]]",histiocyte,17,prior ROI split; area-centroid crop; V17 exterior-component evaluation,1
training_set_primary_roi_016:542,training_set_primary_roi_016,training_set_primary_roi_016,D:\Research\PUMA\Code\TRAINING CODE\Dataset\01_training_dataset_tif_ROIs\training_set_primary_roi_016.tif,900.1511922881787,855.0537798072045,4,train,gt,900.1795043945312,854.6153564453125,"[[900.1795043945312, 854.6153564453125]]",melanophage,17,prior ROI split; area-centroid crop; V17 exterior-component evaluation,1
training_set_primary_roi_017:168,training_set_primary_roi_017,training_set_primary_roi_017,D:\Research\PUMA\Code\TRAINING CODE\Dataset\01_training_dataset_tif_ROIs\training_set_primary_roi_017.tif,974.8850241545894,610.8193236714975,1,train,gt,974.862060546875,611.3103637695312,"[[974.862060546875, 611.3103637695312]]",lymphocyte,17,prior ROI split; area-centroid crop; V17 exterior-component evaluation,2
training_set_primary_roi_018:27,training_set_primary_roi_018,training_set_primary_roi_018,D:\Research\PUMA\Code\TRAINING CODE\Dataset\01_training_dataset_tif_ROIs\training_set_primary_roi_018.tif,599.9784349969193,61.00862600123228,2,train,gt,598.0,62.06666564941406,"[[598.0, 62.06666564941406]]",plasma_cell,17,prior ROI split; area-centroid crop; V17 exterior-component evaluation,0
training_set_primary_roi_020:147,training_set_primary_roi_020,training_set_primary_roi_020,D:\Research\PUMA\Code\TRAINING CODE\Dataset\01_training_dataset_tif_ROIs\training_set_primary_roi_020.tif,295.62685459940656,248.27893175074183,3,train,gt,296.8947448730469,246.4385986328125,"[[296.8947448730469, 246.4385986328125]]",histiocyte,17,prior ROI split; area-centroid crop; V17 exterior-component evaluation,1
training_set_primary_roi_020:489,training_set_primary_roi_020,training_set_primary_roi_020,D:\Research\PUMA\Code\TRAINING CODE\Dataset\01_training_dataset_tif_ROIs\training_set_primary_roi_020.tif,179.48824343015215,207.2600276625173,8,train,gt,179.80392456054688,206.4117584228516,"[[179.80392456054688, 206.41175842285156]]",endothelium,17,prior ROI split; area-centroid crop; V17 exterior-component evaluation,1
training_set_primary_roi_021:49,training_set_primary_roi_021,training_set_primary_roi_021,D:\Research\PUMA\Code\TRAINING CODE\Dataset\01_training_dataset_tif_ROIs\training_set_primary_roi_021.tif,745.1214953271028,61.26618206992039,8,train,gt,743.4000244140625,64.26000213623047,"[[743.4000244140625, 64.26000213623047]]",endothelium,17,prior ROI split; area-centroid crop; V17 exterior-component evaluation,1
training_set_primary_roi_021:99,training_set_primary_roi_021,training_set_primary_roi_021,D:\Research\PUMA\Code\TRAINING CODE\Dataset\01_training_dataset_tif_ROIs\training_set_primary_roi_021.tif,607.2922143579373,101.3222109875295,0,train,gt,609.4210815429688,99.52631378173828,"[[609.4210815429688, 99.52631378173828]]",tumor,17,prior ROI split; area-centroid crop; V17 exterior-component evaluation,1
training_set_primary_roi_022:141,training_set_primary_roi_022,training_set_primary_roi_022,D:\Research\PUMA\Code\TRAINING CODE\Dataset\01_training_dataset_tif_ROIs\training_set_primary_roi_022.tif,468.96853625171,332.52713178294573,8,train,gt,469.8999938964844,329.4666748046875,"[[469.8999938964844, 329.4666748046875]]",endothelium,17,prior ROI split; area-centroid crop; V17 exterior-component evaluation,2
training_set_primary_roi_022:329,training_set_primary_roi_022,training_set_primary_roi_022,D:\Research\PUMA\Code\TRAINING CODE\Dataset\01_training_dataset_tif_ROIs\training_set_primary_roi_022.tif,538.641186299081,922.8809523809524,7,train,gt,538.23681640625,922.73681640625,"[[538.23681640625, 922.73681640625]]",epithelium,17,prior ROI split; area-centroid crop; V17 exterior-component evaluation,2
training_set_primary_roi_022:355,training_set_primary_roi_022,training_set_primary_roi_022,D:\Research\PUMA\Code\TRAINING CODE\Dataset\01_training_dataset_tif_ROIs\training_set_primary_roi_022.tif,456.7966049382716,988.2929012345678,0,train,gt,457.8888854980469,988.0555419921876,"[[457.8888854980469, 988.0555419921875]]",tumor,17,prior ROI split; area-centroid crop; V17 exterior-component evaluation,2
training_set_primary_roi_023:168,training_set_primary_roi_023,training_set_primary_roi_023,D:\Research\PUMA\Code\TRAINING CODE\Dataset\01_training_dataset_tif_ROIs\training_set_primary_roi_023.tif,677.3792379237924,440.0559555955596,0,train,gt,675.8983154296875,439.559326171875,"[[675.8983154296875, 439.559326171875]]",tumor,17,prior ROI split; area-centroid crop; V17 exterior-component evaluation,1
training_set_primary_roi_023:230,training_set_primary_roi_023,training_set_primary_roi_023,D:\Research\PUMA\Code\TRAINING CODE\Dataset\01_training_dataset_tif_ROIs\training_set_primary_roi_023.tif,185.7841463414634,588.1186991869919,6,train,gt,185.23077392578125,587.5961303710938,"[[185.23077392578125, 587.5961303710938]]",stroma,17,prior ROI split; area-centroid crop; V17 exterior-component evaluation,1
training_set_primary_roi_023:415,training_set_primary_roi_023,training_set_primary_roi_023,D:\Research\PUMA\Code\TRAINING CODE\Dataset\01_training_dataset_tif_ROIs\training_set_primary_roi_023.tif,408.0809128630705,1016.8520055325037,0,train,gt,408.2380981445313,1014.2380981445312,"[[408.23809814453125, 1014.2380981445312]]",tumor,17,prior ROI split; area-centroid crop; V17 exterior-component evaluation,1
training_set_primary_roi_024:24,training_set_primary_roi_024,training_set_primary_roi_024,D:\Research\PUMA\Code\TRAINING CODE\Dataset\01_training_dataset_tif_ROIs\training_set_primary_roi_024.tif,208.27315541601257,53.79801151229723,1,train,gt,207.4375,54.40625,"[[207.4375, 54.40625]]",lymphocyte,17,prior ROI split; area-centroid crop; V17 exterior-component evaluation,1
training_set_primary_roi_024:71,training_set_primary_roi_024,training_set_primary_roi_024,D:\Research\PUMA\Code\TRAINING CODE\Dataset\01_training_dataset_tif_ROIs\training_set_primary_roi_024.tif,396.3753180661577,169.24872773536896,6,train,gt,395.7833251953125,168.43333435058594,"[[395.7833251953125, 168.43333435058594]]",stroma,17,prior ROI split; area-centroid crop; V17 exterior-component evaluation,1
training_set_primary_roi_024:344,training_set_primary_roi_024,training_set_primary_roi_024,D:\Research\PUMA\Code\TRAINING CODE\Dataset\01_training_dataset_tif_ROIs\training_set_primary_roi_024.tif,117.16058700209643,735.2247379454926,0,train,gt,118.5999984741211,734.6307983398438,"[[118.5999984741211, 734.6307983398438]]",tumor,17,prior ROI split; area-centroid crop; V17 exterior-component evaluation,1
training_set_primary_roi_025:247,training_set_primary_roi_025,training_set_primary_roi_025,D:\Research\PUMA\Code\TRAINING CODE\Dataset\01_training_dataset_tif_ROIs\training_set_primary_roi_025.tif,45.94496155402671,961.0743288816942,4,train,gt,43.35384750366211,959.5230712890624,"[[43.35384750366211, 959.5230712890625]]",melanophage,17,prior ROI split; area-centroid crop; V17 exterior-component evaluation,1
training_set_primary_roi_025:265,training_set_primary_roi_025,training_set_primary_roi_025,D:\Research\PUMA\Code\TRAINING CODE\Dataset\01_training_dataset_tif_ROIs\training_set_primary_roi_025.tif,303.6488230827639,1005.5155656795748,9,train,gt,306.21875,1004.3125,"[[306.21875, 1004.3125]]",apoptosis,17,prior ROI split; area-centroid crop; V17 exterior-component evaluation,1
training_set_primary_roi_025:283,training_set_primary_roi_025,training_set_primary_roi_025,D:\Research\PUMA\Code\TRAINING CODE\Dataset\01_training_dataset_tif_ROIs\training_set_primary_roi_025.tif,522.0256163944924,121.12904258725584,5,train,gt,521.7708129882812,120.82291412353516,"[[521.7708129882812, 120.82291412353516]]",neutrophil,17,prior ROI split; area-centroid crop; V17 exterior-component evaluation,1
training_set_primary_roi_026:39,training_set_primary_roi_026,training_set_primary_roi_026,D:\Research\PUMA\Code\TRAINING CODE\Dataset\01_training_dataset_tif_ROIs\training_set_primary_roi_026.tif,87.5954415954416,134.3852484963596,8,val,gt,86.7254867553711,135.27450561523438,"[[86.7254867553711, 135.27450561523438]]",endothelium,17,prior ROI split; area-centroid crop; V17 exterior-component evaluation,-1
training_set_primary_roi_026:175,training_set_primary_roi_026,training_set_primary_roi_026,D:\Research\PUMA\Code\TRAINING CODE\Dataset\01_training_dataset_tif_ROIs\training_set_primary_roi_026.tif,388.0509259259259,721.8813657407408,3,val,gt,387.4893493652344,724.3191528320312,"[[387.4893493652344, 724.3191528320312]]",histiocyte,17,prior ROI split; area-centroid crop; V17 exterior-component evaluation,-1
training_set_primary_roi_026:201,training_set_primary_roi_026,training_set_primary_roi_026,D:\Research\PUMA\Code\TRAINING CODE\Dataset\01_training_dataset_tif_ROIs\training_set_primary_roi_026.tif,280.69846373704894,827.2579492675956,3,val,gt,279.9787292480469,827.0425415039062,"[[279.9787292480469, 827.0425415039062]]",histiocyte,17,prior ROI split; area-centroid crop; V17 exterior-component evaluation,-1
training_set_primary_roi_026:219,training_set_primary_roi_026,training_set_primary_roi_026,D:\Research\PUMA\Code\TRAINING CODE\Dataset\01_training_dataset_tif_ROIs\training_set_primary_roi_026.tif,494.381679389313,928.7872773536895,7,val,gt,495.3170776367188,929.8780517578124,"[[495.31707763671875, 929.8780517578125]]",epithelium,17,prior ROI split; area-centroid crop; V17 exterior-component evaluation,-1
training_set_primary_roi_026:252,training_set_primary_roi_026,training_set_primary_roi_026,D:\Research\PUMA\Code\TRAINING CODE\Dataset\01_training_dataset_tif_ROIs\training_set_primary_roi_026.tif,386.5999877315667,361.1137897190529,4,val,gt,384.80120849609375,359.777099609375,"[[384.80120849609375, 359.777099609375]]",melanophage,17,prior ROI split; area-centroid crop; V17 exterior-component evaluation,-1
training_set_primary_roi_027:74,training_set_primary_roi_027,training_set_primary_roi_027,D:\Research\PUMA\Code\TRAINING CODE\Dataset\01_training_dataset_tif_ROIs\training_set_primary_roi_027.tif,378.59726962457336,268.8346605991657,1,train,gt,378.131591796875,268.7368469238281,"[[378.131591796875, 268.7368469238281]]",lymphocyte,17,prior ROI split; area-centroid crop; V17 exterior-component evaluation,2
training_set_primary_roi_028:150,training_set_primary_roi_028,training_set_primary_roi_028,D:\Research\PUMA\Code\TRAINING CODE\Dataset\01_training_dataset_tif_ROIs\training_set_primary_roi_028.tif,637.2976939203354,601.7940251572327,5,train,gt,637.7777709960938,600.888916015625,"[[637.7777709960938, 600.888916015625]]",neutrophil,17,prior ROI split; area-centroid crop; V17 exterior-component evaluation,1
training_set_primary_roi_029:28,training_set_primary_roi_029,training_set_primary_roi_029,D:\Research\PUMA\Code\TRAINING CODE\Dataset\01_training_dataset_tif_ROIs\training_set_primary_roi_029.tif,742.8099206349207,83.7986111111111,8,train,gt,742.6964111328125,83.23213958740234,"[[742.6964111328125, 83.23213958740234]]",endothelium,17,prior ROI split; area-centroid crop; V17 exterior-component evaluation,2
training_set_primary_roi_029:103,training_set_primary_roi_029,training_set_primary_roi_029,D:\Research\PUMA\Code\TRAINING CODE\Dataset\01_training_dataset_tif_ROIs\training_set_primary_roi_029.tif,416.40821256038646,291.843685300207,2,train,gt,416.6600036621094,292.17999267578125,"[[416.6600036621094, 292.17999267578125]]",plasma_cell,17,prior ROI split; area-centroid crop; V17 exterior-component evaluation,2
training_set_primary_roi_029:113,training_set_primary_roi_029,training_set_primary_roi_029,D:\Research\PUMA\Code\TRAINING CODE\Dataset\01_training_dataset_tif_ROIs\training_set_primary_roi_029.tif,365.68040621266425,314.2132616487455,6,train,gt,366.8292541503906,314.80487060546875,"[[366.8292541503906, 314.80487060546875]]",stroma,17,prior ROI split; area-centroid crop; V17 exterior-component evaluation,2
training_set_primary_roi_030:90,training_set_primary_roi_030,training_set_primary_roi_030,D:\Research\PUMA\Code\TRAINING CODE\Dataset\01_training_dataset_tif_ROIs\training_set_primary_roi_030.tif,865.9777131782945,503.1497093023256,6,train,gt,867.7142944335938,500.5178527832031,"[[867.7142944335938, 500.5178527832031]]",stroma,17,prior ROI split; area-centroid crop; V17 exterior-component evaluation,2
training_set_primary_roi_030:111,training_set_primary_roi_030,training_set_primary_roi_030,D:\Research\PUMA\Code\TRAINING CODE\Dataset\01_training_dataset_tif_ROIs\training_set_primary_roi_030.tif,623.554424778761,615.5884955752213,7,train,gt,624.5178833007812,617.125,"[[624.5178833007812, 617.125]]",epithelium,17,prior ROI split; area-centroid crop; V17 exterior-component evaluation,2
training_set_primary_roi_031:60,training_set_primary_roi_031,training_set_primary_roi_031,D:\Research\PUMA\Code\TRAINING CODE\Dataset\01_training_dataset_tif_ROIs\training_set_primary_roi_031.tif,687.4853146853147,120.84522144522144,1,train,gt,687.3488159179688,120.5813980102539,"[[687.3488159179688, 120.5813980102539]]",lymphocyte,17,prior ROI split; area-centroid crop; V17 exterior-component evaluation,2
training_set_primary_roi_031:297,training_set_primary_roi_031,training_set_primary_roi_031,D:\Research\PUMA\Code\TRAINING CODE\Dataset\01_training_dataset_tif_ROIs\training_set_primary_roi_031.tif,514.3657375934738,931.0514389304328,4,train,gt,515.1525268554688,930.4237060546876,"[[515.1525268554688, 930.4237060546875]]",melanophage,17,prior ROI split; area-centroid crop; V17 exterior-component evaluation,2
training_set_primary_roi_032:60,training_set_primary_roi_032,training_set_primary_roi_032,D:\Research\PUMA\Code\TRAINING CODE\Dataset\01_training_dataset_tif_ROIs\training_set_primary_roi_032.tif,933.5575134605972,111.19358786098871,4,train,gt,931.5714111328124,109.40816497802734,"[[931.5714111328125, 109.40816497802734]]",melanophage,17,prior ROI split; area-centroid crop; V17 exterior-component evaluation,0
training_set_primary_roi_032:185,training_set_primary_roi_032,training_set_primary_roi_032,D:\Research\PUMA\Code\TRAINING CODE\Dataset\01_training_dataset_tif_ROIs\training_set_primary_roi_032.tif,583.2266988987376,360.7316680096697,7,train,gt,583.5238037109375,362.6428527832031,"[[583.5238037109375, 362.6428527832031]]",epithelium,17,prior ROI split; area-centroid crop; V17 exterior-component evaluation,0
training_set_primary_roi_032:212,training_set_primary_roi_032,training_set_primary_roi_032,D:\Research\PUMA\Code\TRAINING CODE\Dataset\01_training_dataset_tif_ROIs\training_set_primary_roi_032.tif,453.3953703703704,420.79629629629625,1,train,gt,452.7307739257813,420.19232177734375,"[[452.73077392578125, 420.19232177734375]]",lymphocyte,17,prior ROI split; area-centroid crop; V17 exterior-component evaluation,0
training_set_primary_roi_032:311,training_set_primary_roi_032,training_set_primary_roi_032,D:\Research\PUMA\Code\TRAINING CODE\Dataset\01_training_dataset_tif_ROIs\training_set_primary_roi_032.tif,395.9498404012768,649.8274053807569,0,train,gt,398.2000122070313,647.2444458007812,"[[398.20001220703125, 647.2444458007812]]",tumor,17,prior ROI split; area-centroid crop; V17 exterior-component evaluation,0
training_set_primary_roi_032:387,training_set_primary_roi_032,training_set_primary_roi_032,D:\Research\PUMA\Code\TRAINING CODE\Dataset\01_training_dataset_tif_ROIs\training_set_primary_roi_032.tif,231.59322033898303,956.0808344198176,6,train,gt,232.7045440673828,956.772705078125,"[[232.7045440673828, 956.772705078125]]",stroma,17,prior ROI split; area-centroid crop; V17 exterior-component evaluation,0
training_set_primary_roi_033:46,training_set_primary_roi_033,training_set_primary_roi_033,D:\Research\PUMA\Code\TRAINING CODE\Dataset\01_training_dataset_tif_ROIs\training_set_primary_roi_033.tif,355.7078787878788,172.23939393939395,7,val,gt,355.862060546875,170.86207580566406,"[[355.862060546875, 170.86207580566406]]",epithelium,17,prior ROI split; area-centroid crop; V17 exterior-component evaluation,-1
training_set_primary_roi_033:248,training_set_primary_roi_033,training_set_primary_roi_033,D:\Research\PUMA\Code\TRAINING CODE\Dataset\01_training_dataset_tif_ROIs\training_set_primary_roi_033.tif,302.71969131192435,739.588996763754,8,val,gt,300.3673400878906,738.4898071289062,"[[300.3673400878906, 738.4898071289062]]",endothelium,17,prior ROI split; area-centroid crop; V17 exterior-component evaluation,-1
training_set_primary_roi_033:307,training_set_primary_roi_033,training_set_primary_roi_033,D:\Research\PUMA\Code\TRAINING CODE\Dataset\01_training_dataset_tif_ROIs\training_set_primary_roi_033.tif,569.3512154233026,913.5378597373568,2,val,gt,569.1153564453125,911.1346435546876,"[[569.1153564453125, 911.1346435546875]]",plasma_cell,17,prior ROI split; area-centroid crop; V17 exterior-component evaluation,-1
training_set_primary_roi_033:345,training_set_primary_roi_033,training_set_primary_roi_033,D:\Research\PUMA\Code\TRAINING CODE\Dataset\01_training_dataset_tif_ROIs\training_set_primary_roi_033.tif,261.748437924477,987.3439282803586,4,val,gt,261.31109619140625,987.0888671875,"[[261.31109619140625, 987.0888671875]]",melanophage,17,prior ROI split; area-centroid crop; V17 exterior-component evaluation,-1
training_set_primary_roi_033:364,training_set_primary_roi_033,training_set_primary_roi_033,D:\Research\PUMA\Code\TRAINING CODE\Dataset\01_training_dataset_tif_ROIs\training_set_primary_roi_033.tif,571.1175595238095,1017.5141369047618,6,val,gt,570.0,1015.1363525390624,"[[570.0, 1015.1363525390625]]",stroma,17,prior ROI split; area-centroid crop; V17 exterior-component evaluation,-1
training_set_primary_roi_034:138,training_set_primary_roi_034,training_set_primary_roi_034,D:\Research\PUMA\Code\TRAINING CODE\Dataset\01_training_dataset_tif_ROIs\training_set_primary_roi_034.tif,996.1739341085272,459.70235788113695,0,train,gt,998.4788818359376,460.8591613769531,"[[998.4788818359375, 460.8591613769531]]",tumor,17,prior ROI split; area-centroid crop; V17 exterior-component evaluation,0
training_set_primary_roi_034:241,training_set_primary_roi_034,training_set_primary_roi_034,D:\Research\PUMA\Code\TRAINING CODE\Dataset\01_training_dataset_tif_ROIs\training_set_primary_roi_034.tif,650.3174714252391,797.8250524842547,7,train,gt,648.867919921875,798.3585205078125,"[[648.867919921875, 798.3585205078125]]",epithelium,17,prior ROI split; area-centroid crop; V17 exterior-component evaluation,0
training_set_primary_roi_036:160,training_set_primary_roi_036,training_set_primary_roi_036,D:\Research\PUMA\Code\TRAINING CODE\Dataset\01_training_dataset_tif_ROIs\training_set_primary_roi_036.tif,743.0731707317074,312.4308943089431,0,train,gt,742.3428344726562,313.1714172363281,"[[742.3428344726562, 313.1714172363281]]",tumor,17,prior ROI split; area-centroid crop; V17 exterior-component evaluation,1
training_set_primary_roi_036:276,training_set_primary_roi_036,training_set_primary_roi_036,D:\Research\PUMA\Code\TRAINING CODE\Dataset\01_training_dataset_tif_ROIs\training_set_primary_roi_036.tif,578.6278133143805,514.2513622364369,7,train,gt,578.9285888671875,513.5178833007812,"[[578.9285888671875, 513.5178833007812]]",epithelium,17,prior ROI split; area-centroid crop; V17 exterior-component evaluation,1
training_set_primary_roi_036:441,training_set_primary_roi_036,training_set_primary_roi_036,D:\Research\PUMA\Code\TRAINING CODE\Dataset\01_training_dataset_tif_ROIs\training_set_primary_roi_036.tif,885.3740985576923,851.6040665064103,6,train,gt,888.9354858398438,852.6021728515625,"[[888.9354858398438, 852.6021728515625]]",stroma,17,prior ROI split; area-centroid crop; V17 exterior-component evaluation,1
training_set_primary_roi_036:510,training_set_primary_roi_036,training_set_primary_roi_036,D:\Research\PUMA\Code\TRAINING CODE\Dataset\01_training_dataset_tif_ROIs\training_set_primary_roi_036.tif,488.1459369817578,1018.1592039800996,0,train,gt,487.8421020507813,1016.73681640625,"[[487.84210205078125, 1016.73681640625]]",tumor,17,prior ROI split; area-centroid crop; V17 exterior-component evaluation,1
training_set_primary_roi_037:140,training_set_primary_roi_037,training_set_primary_roi_037,D:\Research\PUMA\Code\TRAINING CODE\Dataset\01_training_dataset_tif_ROIs\training_set_primary_roi_037.tif,801.6468253968254,387.6402116402117,2,train,gt,800.5,388.0,"[[800.5, 388.0]]",plasma_cell,17,prior ROI split; area-centroid crop; V17 exterior-component evaluation,2
training_set_primary_roi_037:198,training_set_primary_roi_037,training_set_primary_roi_037,D:\Research\PUMA\Code\TRAINING CODE\Dataset\01_training_dataset_tif_ROIs\training_set_primary_roi_037.tif,575.5520669806384,546.683411826269,6,train,gt,573.3142700195312,549.7142944335938,"[[573.3142700195312, 549.7142944335938]]",stroma,17,prior ROI split; area-centroid crop; V17 exterior-component evaluation,2
training_set_primary_roi_037:245,training_set_primary_roi_037,training_set_primary_roi_037,D:\Research\PUMA\Code\TRAINING CODE\Dataset\01_training_dataset_tif_ROIs\training_set_primary_roi_037.tif,647.0937740199846,657.8811170894185,4,train,gt,645.3103637695312,655.586181640625,"[[645.3103637695312, 655.586181640625]]",melanophage,17,prior ROI split; area-centroid crop; V17 exterior-component evaluation,2
training_set_primary_roi_038:206,training_set_primary_roi_038,training_set_primary_roi_038,D:\Research\PUMA\Code\TRAINING CODE\Dataset\01_training_dataset_tif_ROIs\training_set_primary_roi_038.tif,689.4454106280193,669.6734299516909,7,train,gt,688.5,670.625,"[[688.5, 670.625]]",epithelium,17,prior ROI split; area-centroid crop; V17 exterior-component evaluation,2
training_set_primary_roi_038:225,training_set_primary_roi_038,training_set_primary_roi_038,D:\Research\PUMA\Code\TRAINING CODE\Dataset\01_training_dataset_tif_ROIs\training_set_primary_roi_038.tif,549.1159169550173,715.0582468281431,8,train,gt,550.3076782226562,715.1538696289062,"[[550.3076782226562, 715.1538696289062]]",endothelium,17,prior ROI split; area-centroid crop; V17 exterior-component evaluation,2
training_set_primary_roi_039:395,training_set_primary_roi_039,training_set_primary_roi_039,D:\Research\PUMA\Code\TRAINING CODE\Dataset\01_training_dataset_tif_ROIs\training_set_primary_roi_039.tif,703.6007519680413,907.8788626483376,0,train,gt,703.0740966796875,907.5308837890624,"[[703.0740966796875, 907.5308837890625]]",tumor,17,prior ROI split; area-centroid crop; V17 exterior-component evaluation,0
training_set_primary_roi_040:3,training_set_primary_roi_040,training_set_primary_roi_040,D:\Research\PUMA\Code\TRAINING CODE\Dataset\01_training_dataset_tif_ROIs\training_set_primary_roi_040.tif,352.7452978056426,8.54153605015674,7,train,gt,353.6129150390625,11.935483932495115,"[[353.6129150390625, 11.935483932495117]]",epithelium,17,prior ROI split; area-centroid crop; V17 exterior-component evaluation,1
training_set_primary_roi_041:6,training_set_primary_roi_041,training_set_primary_roi_041,D:\Research\PUMA\Code\TRAINING CODE\Dataset\01_training_dataset_tif_ROIs\training_set_primary_roi_041.tif,108.04659498207886,18.334310850439884,4,train,gt,106.66071319580078,17.696428298950195,"[[106.66071319580078, 17.696428298950195]]",melanophage,17,prior ROI split; area-centroid crop; V17 exterior-component evaluation,1
training_set_primary_roi_041:402,training_set_primary_roi_041,training_set_primary_roi_041,D:\Research\PUMA\Code\TRAINING CODE\Dataset\01_training_dataset_tif_ROIs\training_set_primary_roi_041.tif,105.1159420289855,775.8421900161031,6,train,gt,105.5142822265625,776.971435546875,"[[105.5142822265625, 776.971435546875]]",stroma,17,prior ROI split; area-centroid crop; V17 exterior-component evaluation,1
training_set_primary_roi_042:5,training_set_primary_roi_042,training_set_primary_roi_042,D:\Research\PUMA\Code\TRAINING CODE\Dataset\01_training_dataset_tif_ROIs\training_set_primary_roi_042.tif,447.3605236656596,6.689325276938569,0,train,gt,446.4166564941406,8.333333015441895,"[[446.4166564941406, 8.333333015441895]]",tumor,17,prior ROI split; area-centroid crop; V17 exterior-component evaluation,1
training_set_primary_roi_042:13,training_set_primary_roi_042,training_set_primary_roi_042,D:\Research\PUMA\Code\TRAINING CODE\Dataset\01_training_dataset_tif_ROIs\training_set_primary_roi_042.tif,4.593818984547461,14.18543046357616,0,train,gt,5.0,14.571428298950195,"[[5.0, 14.571428298950195]]",tumor,17,prior ROI split; area-centroid crop; V17 exterior-component evaluation,1
training_set_primary_roi_042:56,training_set_primary_roi_042,training_set_primary_roi_042,D:\Research\PUMA\Code\TRAINING CODE\Dataset\01_training_dataset_tif_ROIs\training_set_primary_roi_042.tif,181.2776089159068,163.5450861195542,0,train,gt,181.10638427734372,164.08511352539062,"[[181.10638427734375, 164.08511352539062]]",tumor,17,prior ROI split; area-centroid crop; V17 exterior-component evaluation,1
training_set_primary_roi_042:397,training_set_primary_roi_042,training_set_primary_roi_042,D:\Research\PUMA\Code\TRAINING CODE\Dataset\01_training_dataset_tif_ROIs\training_set_primary_roi_042.tif,937.247619047619,974.4197994987468,7,train,gt,938.8367309570312,972.5101928710938,"[[938.8367309570312, 972.5101928710938]]",epithelium,17,prior ROI split; area-centroid crop; V17 exterior-component evaluation,1
training_set_primary_roi_043:597,training_set_primary_roi_043,training_set_primary_roi_043,D:\Research\PUMA\Code\TRAINING CODE\Dataset\01_training_dataset_tif_ROIs\training_set_primary_roi_043.tif,1007.725400457666,1004.5213577421816,4,train,gt,1008.7755126953124,1004.7142944335938,"[[1008.7755126953125, 1004.7142944335938]]",melanophage,17,prior ROI split; area-centroid crop; V17 exterior-component evaluation,0
training_set_primary_roi_044:160,training_set_primary_roi_044,training_set_primary_roi_044,D:\Research\PUMA\Code\TRAINING CODE\Dataset\01_training_dataset_tif_ROIs\training_set_primary_roi_044.tif,803.6501692047378,516.8447546531303,3,train,gt,803.6818237304688,516.3408813476562,"[[803.6818237304688, 516.3408813476562]]",histiocyte,17,prior ROI split; area-centroid crop; V17 exterior-component evaluation,1
training_set_primary_roi_044:215,training_set_primary_roi_044,training_set_primary_roi_044,D:\Research\PUMA\Code\TRAINING CODE\Dataset\01_training_dataset_tif_ROIs\training_set_primary_roi_044.tif,1008.5693012600228,647.3127147766323,7,train,gt,1007.8863525390624,646.272705078125,"[[1007.8863525390625, 646.272705078125]]",epithelium,17,prior ROI split; area-centroid crop; V17 exterior-component evaluation,1
training_set_primary_roi_044:272,training_set_primary_roi_044,training_set_primary_roi_044,D:\Research\PUMA\Code\TRAINING CODE\Dataset\01_training_dataset_tif_ROIs\training_set_primary_roi_044.tif,444.4782986111111,774.0542534722222,4,train,gt,443.5714416503906,773.9365234375,"[[443.5714416503906, 773.9365234375]]",melanophage,17,prior ROI split; area-centroid crop; V17 exterior-component evaluation,1
training_set_primary_roi_044:415,training_set_primary_roi_044,training_set_primary_roi_044,D:\Research\PUMA\Code\TRAINING CODE\Dataset\01_training_dataset_tif_ROIs\training_set_primary_roi_044.tif,144.8037430450177,682.9833080424886,8,train,gt,143.05796813964844,684.478271484375,"[[143.05796813964844, 684.478271484375]]",endothelium,17,prior ROI split; area-centroid crop; V17 exterior-component evaluation,1
training_set_primary_roi_045:533,training_set_primary_roi_045,training_set_primary_roi_045,D:\Research\PUMA\Code\TRAINING CODE\Dataset\01_training_dataset_tif_ROIs\training_set_primary_roi_045.tif,799.0039603960396,487.3379537953795,0,train,gt,797.7391357421875,487.9130554199219,"[[797.7391357421875, 487.9130554199219]]",tumor,17,prior ROI split; area-centroid crop; V17 exterior-component evaluation,0
training_set_primary_roi_045:561,training_set_primary_roi_045,training_set_primary_roi_045,D:\Research\PUMA\Code\TRAINING CODE\Dataset\01_training_dataset_tif_ROIs\training_set_primary_roi_045.tif,850.6326664911819,962.768930420286,0,train,gt,846.9918212890625,964.0409545898438,"[[846.9918212890625, 964.0409545898438]]",tumor,17,prior ROI split; area-centroid crop; V17 exterior-component evaluation,0
training_set_primary_roi_046:55,training_set_primary_roi_046,training_set_primary_roi_046,D:\Research\PUMA\Code\TRAINING CODE\Dataset\01_training_dataset_tif_ROIs\training_set_primary_roi_046.tif,236.91009174311927,187.14984709480123,0,val,gt,236.97727966308597,184.5454559326172,"[[236.97727966308594, 184.5454559326172]]",tumor,17,prior ROI split; area-centroid crop; V17 exterior-component evaluation,-1
training_set_primary_roi_046:235,training_set_primary_roi_046,training_set_primary_roi_046,D:\Research\PUMA\Code\TRAINING CODE\Dataset\01_training_dataset_tif_ROIs\training_set_primary_roi_046.tif,1013.9248658318426,644.5408467501491,3,val,gt,1011.4166870117188,645.2916870117188,"[[1011.4166870117188, 645.2916870117188]]",histiocyte,17,prior ROI split; area-centroid crop; V17 exterior-component evaluation,-1
training_set_primary_roi_046:257,training_set_primary_roi_046,training_set_primary_roi_046,D:\Research\PUMA\Code\TRAINING CODE\Dataset\01_training_dataset_tif_ROIs\training_set_primary_roi_046.tif,295.3484848484848,689.8415977961432,6,val,gt,295.19049072265625,690.1904907226562,"[[295.19049072265625, 690.1904907226562]]",stroma,17,prior ROI split; area-centroid crop; V17 exterior-component evaluation,-1
training_set_primary_roi_046:336,training_set_primary_roi_046,training_set_primary_roi_046,D:\Research\PUMA\Code\TRAINING CODE\Dataset\01_training_dataset_tif_ROIs\training_set_primary_roi_046.tif,355.7123226950355,832.6205673758865,3,val,gt,355.6842041015625,833.3421020507812,"[[355.6842041015625, 833.3421020507812]]",histiocyte,17,prior ROI split; area-centroid crop; V17 exterior-component evaluation,-1
training_set_primary_roi_046:421,training_set_primary_roi_046,training_set_primary_roi_046,D:\Research\PUMA\Code\TRAINING CODE\Dataset\01_training_dataset_tif_ROIs\training_set_primary_roi_046.tif,866.8771310993533,956.6972369194592,1,val,gt,866.7096557617188,955.1613159179688,"[[866.7096557617188, 955.1613159179688]]",lymphocyte,17,prior ROI split; area-centroid crop; V17 exterior-component evaluation,-1
training_set_primary_roi_047:82,training_set_primary_roi_047,training_set_primary_roi_047,D:\Research\PUMA\Code\TRAINING CODE\Dataset\01_training_dataset_tif_ROIs\training_set_primary_roi_047.tif,264.50142857142856,961.70873015873,3,train,gt,265.70587158203125,959.5882568359376,"[[265.70587158203125, 959.5882568359375]]",histiocyte,17,prior ROI split; area-centroid crop; V17 exterior-component evaluation,2
training_set_primary_roi_047:507,training_set_primary_roi_047,training_set_primary_roi_047,D:\Research\PUMA\Code\TRAINING CODE\Dataset\01_training_dataset_tif_ROIs\training_set_primary_roi_047.tif,94.43258891645988,547.7535153019023,1,train,gt,93.63636016845705,546.8181762695312,"[[93.63636016845703, 546.8181762695312]]",lymphocyte,17,prior ROI split; area-centroid crop; V17 exterior-component evaluation,2
training_set_primary_roi_047:775,training_set_primary_roi_047,training_set_primary_roi_047,D:\Research\PUMA\Code\TRAINING CODE\Dataset\01_training_dataset_tif_ROIs\training_set_primary_roi_047.tif,496.2186046511628,333.6992248062015,1,train,gt,495.5454406738281,332.9090881347656,"[[495.5454406738281, 332.9090881347656]]",lymphocyte,17,prior ROI split; area-centroid crop; V17 exterior-component evaluation,2
training_set_primary_roi_048:16,training_set_primary_roi_048,training_set_primary_roi_048,D:\Research\PUMA\Code\TRAINING CODE\Dataset\01_training_dataset_tif_ROIs\training_set_primary_roi_048.tif,558.2895559724827,14.57285803627267,4,train,gt,558.0714111328125,14.285714149475098,"[[558.0714111328125, 14.285714149475098]]",melanophage,17,prior ROI split; area-centroid crop; V17 exterior-component evaluation,1
training_set_primary_roi_048:173,training_set_primary_roi_048,training_set_primary_roi_048,D:\Research\PUMA\Code\TRAINING CODE\Dataset\01_training_dataset_tif_ROIs\training_set_primary_roi_048.tif,989.8456561922366,245.25077017868145,3,train,gt,990.9166870117188,243.5,"[[990.9166870117188, 243.5]]",histiocyte,17,prior ROI split; area-centroid crop; V17 exterior-component evaluation,1
training_set_primary_roi_048:432,training_set_primary_roi_048,training_set_primary_roi_048,D:\Research\PUMA\Code\TRAINING CODE\Dataset\01_training_dataset_tif_ROIs\training_set_primary_roi_048.tif,288.85258620689655,578.869540229885,8,train,gt,288.76922607421875,578.076904296875,"[[288.76922607421875, 578.076904296875]]",endothelium,17,prior ROI split; area-centroid crop; V17 exterior-component evaluation,1
training_set_primary_roi_048:693,training_set_primary_roi_048,training_set_primary_roi_048,D:\Research\PUMA\Code\TRAINING CODE\Dataset\01_training_dataset_tif_ROIs\training_set_primary_roi_048.tif,956.5591985428052,919.6047358834244,9,train,gt,956.875,918.625,"[[956.875, 918.625]]",apoptosis,17,prior ROI split; area-centroid crop; V17 exterior-component evaluation,1
training_set_primary_roi_048:796,training_set_primary_roi_048,training_set_primary_roi_048,D:\Research\PUMA\Code\TRAINING CODE\Dataset\01_training_dataset_tif_ROIs\training_set_primary_roi_048.tif,414.078853046595,698.6677419354838,5,train,gt,415.2941284179688,697.0,"[[415.29412841796875, 697.0]]",neutrophil,17,prior ROI split; area-centroid crop; V17 exterior-component evaluation,1
training_set_primary_roi_049:221,training_set_primary_roi_049,training_set_primary_roi_049,D:\Research\PUMA\Code\TRAINING CODE\Dataset\01_training_dataset_tif_ROIs\training_set_primary_roi_049.tif,784.4004474272931,542.1812080536913,8,train,gt,784.2222290039062,540.2222290039062,"[[784.2222290039062, 540.2222290039062]]",endothelium,17,prior ROI split; area-centroid crop; V17 exterior-component evaluation,0
training_set_primary_roi_049:364,training_set_primary_roi_049,training_set_primary_roi_049,D:\Research\PUMA\Code\TRAINING CODE\Dataset\01_training_dataset_tif_ROIs\training_set_primary_roi_049.tif,221.63883089770357,870.3340292275574,2,train,gt,221.55555725097656,869.4444580078125,"[[221.55555725097656, 869.4444580078125]]",plasma_cell,17,prior ROI split; area-centroid crop; V17 exterior-component evaluation,0
training_set_primary_roi_051:148,training_set_primary_roi_051,training_set_primary_roi_051,D:\Research\PUMA\Code\TRAINING CODE\Dataset\01_training_dataset_tif_ROIs\training_set_primary_roi_051.tif,682.7989045383412,576.6048513302035,1,train,gt,681.7999877929688,576.2999877929688,"[[681.7999877929688, 576.2999877929688]]",lymphocyte,17,prior ROI split; area-centroid crop; V17 exterior-component evaluation,1
training_set_primary_roi_052:127,training_set_primary_roi_052,training_set_primary_roi_052,D:\Research\PUMA\Code\TRAINING CODE\Dataset\01_training_dataset_tif_ROIs\training_set_primary_roi_052.tif,984.1397771317828,202.21996124031008,3,train,gt,985.2777709960938,200.11111450195312,"[[985.2777709960938, 200.11111450195312]]",histiocyte,17,prior ROI split; area-centroid crop; V17 exterior-component evaluation,1
training_set_primary_roi_052:130,training_set_primary_roi_052,training_set_primary_roi_052,D:\Research\PUMA\Code\TRAINING CODE\Dataset\01_training_dataset_tif_ROIs\training_set_primary_roi_052.tif,37.5475751995089,203.14732965009208,2,train,gt,37.25,201.875,"[[37.25, 201.875]]",plasma_cell,17,prior ROI split; area-centroid crop; V17 exterior-component evaluation,1
training_set_primary_roi_052:557,training_set_primary_roi_052,training_set_primary_roi_052,D:\Research\PUMA\Code\TRAINING CODE\Dataset\01_training_dataset_tif_ROIs\training_set_primary_roi_052.tif,125.66666666666669,911.4365781710914,9,train,gt,125.22222137451172,911.2222290039062,"[[125.22222137451172, 911.2222290039062]]",apoptosis,17,prior ROI split; area-centroid crop; V17 exterior-component evaluation,1
training_set_primary_roi_052:633,training_set_primary_roi_052,training_set_primary_roi_052,D:\Research\PUMA\Code\TRAINING CODE\Dataset\01_training_dataset_tif_ROIs\training_set_primary_roi_052.tif,4.310006138735421,733.8146101903008,5,train,gt,4.75,732.125,"[[4.75, 732.125]]",neutrophil,17,prior ROI split; area-centroid crop; V17 exterior-component evaluation,1
training_set_primary_roi_053:103,training_set_primary_roi_053,training_set_primary_roi_053,D:\Research\PUMA\Code\TRAINING CODE\Dataset\01_training_dataset_tif_ROIs\training_set_primary_roi_053.tif,541.700153609831,216.9963133640553,3,val,gt,541.0999755859375,214.5,"[[541.0999755859375, 214.5]]",histiocyte,17,prior ROI split; area-centroid crop; V17 exterior-component evaluation,-1
training_set_primary_roi_053:189,training_set_primary_roi_053,training_set_primary_roi_053,D:\Research\PUMA\Code\TRAINING CODE\Dataset\01_training_dataset_tif_ROIs\training_set_primary_roi_053.tif,255.90455082742315,414.6480496453901,6,val,gt,257.9375,413.25,"[[257.9375, 413.25]]",stroma,17,prior ROI split; area-centroid crop; V17 exterior-component evaluation,-1
training_set_primary_roi_053:273,training_set_primary_roi_053,training_set_primary_roi_053,D:\Research\PUMA\Code\TRAINING CODE\Dataset\01_training_dataset_tif_ROIs\training_set_primary_roi_053.tif,136.50559610705596,589.156204379562,8,val,gt,138.3333282470703,587.5,"[[138.3333282470703, 587.5]]",endothelium,17,prior ROI split; area-centroid crop; V17 exterior-component evaluation,-1
training_set_primary_roi_054:291,training_set_primary_roi_054,training_set_primary_roi_054,D:\Research\PUMA\Code\TRAINING CODE\Dataset\01_training_dataset_tif_ROIs\training_set_primary_roi_054.tif,174.60176991150442,543.3480825958702,3,train,gt,174.125,542.875,"[[174.125, 542.875]]",histiocyte,17,prior ROI split; area-centroid crop; V17 exterior-component evaluation,2
training_set_primary_roi_054:324,training_set_primary_roi_054,training_set_primary_roi_054,D:\Research\PUMA\Code\TRAINING CODE\Dataset\01_training_dataset_tif_ROIs\training_set_primary_roi_054.tif,90.09183673469389,609.9426627793976,1,train,gt,90.16666412353516,609.3333129882812,"[[90.16666412353516, 609.3333129882812]]",lymphocyte,17,prior ROI split; area-centroid crop; V17 exterior-component evaluation,2
training_set_primary_roi_055:502,training_set_primary_roi_055,training_set_primary_roi_055,D:\Research\PUMA\Code\TRAINING CODE\Dataset\01_training_dataset_tif_ROIs\training_set_primary_roi_055.tif,117.95486111111111,984.7256944444443,3,train,gt,117.08333587646484,983.8333129882812,"[[117.08333587646484, 983.8333129882812]]",histiocyte,17,prior ROI split; area-centroid crop; V17 exterior-component evaluation,2
training_set_primary_roi_056:74,training_set_primary_roi_056,training_set_primary_roi_056,D:\Research\PUMA\Code\TRAINING CODE\Dataset\01_training_dataset_tif_ROIs\training_set_primary_roi_056.tif,836.7217453505007,155.24034334763948,9,val,gt,836.5454711914062,155.09091186523438,"[[836.5454711914062, 155.09091186523438]]",apoptosis,17,prior ROI split; area-centroid crop; V17 exterior-component evaluation,-1
training_set_primary_roi_056:342,training_set_primary_roi_056,training_set_primary_roi_056,D:\Research\PUMA\Code\TRAINING CODE\Dataset\01_training_dataset_tif_ROIs\training_set_primary_roi_056.tif,803.3194444444445,817.638599537037,0,val,gt,801.7857055664062,816.6428833007812,"[[801.7857055664062, 816.6428833007812]]",tumor,17,prior ROI split; area-centroid crop; V17 exterior-component evaluation,-1
training_set_primary_roi_056:392,training_set_primary_roi_056,training_set_primary_roi_056,D:\Research\PUMA\Code\TRAINING CODE\Dataset\01_training_dataset_tif_ROIs\training_set_primary_roi_056.tif,949.1206581352834,928.9628275441804,0,val,gt,949.4545288085938,926.727294921875,"[[949.4545288085938, 926.727294921875]]",tumor,17,prior ROI split; area-centroid crop; V17 exterior-component evaluation,-1
training_set_primary_roi_056:475,training_set_primary_roi_056,training_set_primary_roi_056,D:\Research\PUMA\Code\TRAINING CODE\Dataset\01_training_dataset_tif_ROIs\training_set_primary_roi_056.tif,653.027456027456,783.5529815529815,0,val,gt,653.9285888671875,783.0714111328125,"[[653.9285888671875, 783.0714111328125]]",tumor,17,prior ROI split; area-centroid crop; V17 exterior-component evaluation,-1
training_set_primary_roi_057:198,training_set_primary_roi_057,training_set_primary_roi_057,D:\Research\PUMA\Code\TRAINING CODE\Dataset\01_training_dataset_tif_ROIs\training_set_primary_roi_057.tif,521.3068783068783,363.6300705467372,6,train,gt,521.4000244140625,363.8666687011719,"[[521.4000244140625, 363.8666687011719]]",stroma,17,prior ROI split; area-centroid crop; V17 exterior-component evaluation,2
training_set_primary_roi_057:203,training_set_primary_roi_057,training_set_primary_roi_057,D:\Research\PUMA\Code\TRAINING CODE\Dataset\01_training_dataset_tif_ROIs\training_set_primary_roi_057.tif,39.08228730822873,377.768479776848,5,train,gt,38.41666793823242,375.9166564941406,"[[38.41666793823242, 375.9166564941406]]",neutrophil,17,prior ROI split; area-centroid crop; V17 exterior-component evaluation,2
training_set_primary_roi_057:233,training_set_primary_roi_057,training_set_primary_roi_057,D:\Research\PUMA\Code\TRAINING CODE\Dataset\01_training_dataset_tif_ROIs\training_set_primary_roi_057.tif,534.6651469098277,409.8941236068896,1,train,gt,535.6363525390625,409.0909118652344,"[[535.6363525390625, 409.0909118652344]]",lymphocyte,17,prior ROI split; area-centroid crop; V17 exterior-component evaluation,2
training_set_primary_roi_057:440,training_set_primary_roi_057,training_set_primary_roi_057,D:\Research\PUMA\Code\TRAINING CODE\Dataset\01_training_dataset_tif_ROIs\training_set_primary_roi_057.tif,912.625,645.0977564102565,1,train,gt,912.9000244140624,644.2000122070312,"[[912.9000244140625, 644.2000122070312]]",lymphocyte,17,prior ROI split; area-centroid crop; V17 exterior-component evaluation,2
training_set_primary_roi_057:659,training_set_primary_roi_057,training_set_primary_roi_057,D:\Research\PUMA\Code\TRAINING CODE\Dataset\01_training_dataset_tif_ROIs\training_set_primary_roi_057.tif,77.8546209761163,43.188992731048806,3,train,gt,79.08333587646484,42.41666793823242,"[[79.08333587646484, 42.41666793823242]]",histiocyte,17,prior ROI split; area-centroid crop; V17 exterior-component evaluation,2
training_set_primary_roi_057:679,training_set_primary_roi_057,training_set_primary_roi_057,D:\Research\PUMA\Code\TRAINING CODE\Dataset\01_training_dataset_tif_ROIs\training_set_primary_roi_057.tif,204.88455183808344,874.0675340768278,9,train,gt,205.0614013671875,874.0438842773438,"[[205.0614013671875, 874.0438842773438]]",apoptosis,17,prior ROI split; area-centroid crop; V17 exterior-component evaluation,2
training_set_primary_roi_058:45,training_set_primary_roi_058,training_set_primary_roi_058,D:\Research\PUMA\Code\TRAINING CODE\Dataset\01_training_dataset_tif_ROIs\training_set_primary_roi_058.tif,610.1120840630473,149.39346176298892,7,train,gt,609.1538696289062,149.07691955566406,"[[609.1538696289062, 149.07691955566406]]",epithelium,17,prior ROI split; area-centroid crop; V17 exterior-component evaluation,0
training_set_primary_roi_058:346,training_set_primary_roi_058,training_set_primary_roi_058,D:\Research\PUMA\Code\TRAINING CODE\Dataset\01_training_dataset_tif_ROIs\training_set_primary_roi_058.tif,530.7704590818364,919.6097804391218,6,train,gt,531.1818237304688,918.9091186523438,"[[531.1818237304688, 918.9091186523438]]",stroma,17,prior ROI split; area-centroid crop; V17 exterior-component evaluation,0
training_set_primary_roi_059:444,training_set_primary_roi_059,training_set_primary_roi_059,D:\Research\PUMA\Code\TRAINING CODE\Dataset\01_training_dataset_tif_ROIs\training_set_primary_roi_059.tif,1020.328787878788,957.2484848484848,1,train,gt,1020.1428833007812,953.8571166992188,"[[1020.1428833007812, 953.8571166992188]]",lymphocyte,17,prior ROI split; area-centroid crop; V17 exterior-component evaluation,0
training_set_primary_roi_059:463,training_set_primary_roi_059,training_set_primary_roi_059,D:\Research\PUMA\Code\TRAINING CODE\Dataset\01_training_dataset_tif_ROIs\training_set_primary_roi_059.tif,142.73296244784422,470.5558646267965,2,train,gt,144.14285278320312,469.71429443359375,"[[144.14285278320312, 469.71429443359375]]",plasma_cell,17,prior ROI split; area-centroid crop; V17 exterior-component evaluation,0
training_set_primary_roi_059:469,training_set_primary_roi_059,training_set_primary_roi_059,D:\Research\PUMA\Code\TRAINING CODE\Dataset\01_training_dataset_tif_ROIs\training_set_primary_roi_059.tif,505.9983599835999,319.8019680196802,5,train,gt,505.5882263183594,320.3529357910156,"[[505.5882263183594, 320.3529357910156]]",neutrophil,17,prior ROI split; area-centroid crop; V17 exterior-component evaluation,0
training_set_primary_roi_060:80,training_set_primary_roi_060,training_set_primary_roi_060,D:\Research\PUMA\Code\TRAINING CODE\Dataset\01_training_dataset_tif_ROIs\training_set_primary_roi_060.tif,959.2462983026364,169.77753701697364,0,train,gt,959.0908813476562,169.18182373046875,"[[959.0908813476562, 169.18182373046875]]",tumor,17,prior ROI split; area-centroid crop; V17 exterior-component evaluation,1
training_set_primary_roi_060:132,training_set_primary_roi_060,training_set_primary_roi_060,D:\Research\PUMA\Code\TRAINING CODE\Dataset\01_training_dataset_tif_ROIs\training_set_primary_roi_060.tif,538.675235646958,343.0784061696658,3,train,gt,539.076904296875,341.76922607421875,"[[539.076904296875, 341.76922607421875]]",histiocyte,17,prior ROI split; area-centroid crop; V17 exterior-component evaluation,1
training_set_primary_roi_060:314,training_set_primary_roi_060,training_set_primary_roi_060,D:\Research\PUMA\Code\TRAINING CODE\Dataset\01_training_dataset_tif_ROIs\training_set_primary_roi_060.tif,670.1873795761079,862.968689788054,5,train,gt,669.2000122070312,861.9000244140625,"[[669.2000122070312, 861.9000244140625]]",neutrophil,17,prior ROI split; area-centroid crop; V17 exterior-component evaluation,1
training_set_primary_roi_061:322,training_set_primary_roi_061,training_set_primary_roi_061,D:\Research\PUMA\Code\TRAINING CODE\Dataset\01_training_dataset_tif_ROIs\training_set_primary_roi_061.tif,819.1366695932104,642.3125548726954,7,train,gt,818.0188598632812,641.7735595703125,"[[818.0188598632812, 641.7735595703125]]",epithelium,17,prior ROI split; area-centroid crop; V17 exterior-component evaluation,0
training_set_primary_roi_062:304,training_set_primary_roi_062,training_set_primary_roi_062,D:\Research\PUMA\Code\TRAINING CODE\Dataset\01_training_dataset_tif_ROIs\training_set_primary_roi_062.tif,783.8266100495399,560.0375088464261,3,train,gt,781.4285888671875,558.2000122070312,"[[781.4285888671875, 558.2000122070312]]",histiocyte,17,prior ROI split; area-centroid crop; V17 exterior-component evaluation,0
training_set_primary_roi_063:236,training_set_primary_roi_063,training_set_primary_roi_063,D:\Research\PUMA\Code\TRAINING CODE\Dataset\01_training_dataset_tif_ROIs\training_set_primary_roi_063.tif,614.8916023993145,444.7414310197086,3,train,gt,616.0555419921875,445.6851806640625,"[[616.0555419921875, 445.6851806640625]]",histiocyte,17,prior ROI split; area-centroid crop; V17 exterior-component evaluation,1
training_set_primary_roi_063:508,training_set_primary_roi_063,training_set_primary_roi_063,D:\Research\PUMA\Code\TRAINING CODE\Dataset\01_training_dataset_tif_ROIs\training_set_primary_roi_063.tif,447.6666666666666,1020.6335403726708,0,train,gt,442.7000122070313,1019.7000122070312,"[[442.70001220703125, 1019.7000122070312]]",tumor,17,prior ROI split; area-centroid crop; V17 exterior-component evaluation,1
training_set_primary_roi_064:468,training_set_primary_roi_064,training_set_primary_roi_064,D:\Research\PUMA\Code\TRAINING CODE\Dataset\01_training_dataset_tif_ROIs\training_set_primary_roi_064.tif,143.53333333333333,982.281913303438,4,train,gt,144.11111450195312,981.2666625976562,"[[144.11111450195312, 981.2666625976562]]",melanophage,17,prior ROI split; area-centroid crop; V17 exterior-component evaluation,1
training_set_primary_roi_065:57,training_set_primary_roi_065,training_set_primary_roi_065,D:\Research\PUMA\Code\TRAINING CODE\Dataset\01_training_dataset_tif_ROIs\training_set_primary_roi_065.tif,130.5897435897436,135.34671125975473,6,train,gt,130.12765502929688,134.36170959472656,"[[130.12765502929688, 134.36170959472656]]",stroma,17,prior ROI split; area-centroid crop; V17 exterior-component evaluation,2
training_set_primary_roi_067:73,training_set_primary_roi_067,training_set_primary_roi_067,D:\Research\PUMA\Code\TRAINING CODE\Dataset\01_training_dataset_tif_ROIs\training_set_primary_roi_067.tif,643.1204994192799,186.22590011614403,7,train,gt,641.731689453125,185.21951293945312,"[[641.731689453125, 185.21951293945312]]",epithelium,17,prior ROI split; area-centroid crop; V17 exterior-component evaluation,1
training_set_primary_roi_068:32,training_set_primary_roi_068,training_set_primary_roi_068,D:\Research\PUMA\Code\TRAINING CODE\Dataset\01_training_dataset_tif_ROIs\training_set_primary_roi_068.tif,615.920041536864,53.49221183800623,5,train,gt,615.0,52.89473724365234,"[[615.0, 52.894737243652344]]",neutrophil,17,prior ROI split; area-centroid crop; V17 exterior-component evaluation,2
training_set_primary_roi_068:247,training_set_primary_roi_068,training_set_primary_roi_068,D:\Research\PUMA\Code\TRAINING CODE\Dataset\01_training_dataset_tif_ROIs\training_set_primary_roi_068.tif,764.9666269368296,593.4823202224871,2,train,gt,765.111083984375,593.638916015625,"[[765.111083984375, 593.638916015625]]",plasma_cell,17,prior ROI split; area-centroid crop; V17 exterior-component evaluation,2
training_set_primary_roi_068:326,training_set_primary_roi_068,training_set_primary_roi_068,D:\Research\PUMA\Code\TRAINING CODE\Dataset\01_training_dataset_tif_ROIs\training_set_primary_roi_068.tif,881.203354297694,748.3165618448637,3,train,gt,880.4666748046875,748.5333251953125,"[[880.4666748046875, 748.5333251953125]]",histiocyte,17,prior ROI split; area-centroid crop; V17 exterior-component evaluation,2
training_set_primary_roi_068:389,training_set_primary_roi_068,training_set_primary_roi_068,D:\Research\PUMA\Code\TRAINING CODE\Dataset\01_training_dataset_tif_ROIs\training_set_primary_roi_068.tif,235.83824640967495,891.8442932728647,4,train,gt,235.46153259277344,891.3076782226562,"[[235.46153259277344, 891.3076782226562]]",melanophage,17,prior ROI split; area-centroid crop; V17 exterior-component evaluation,2
training_set_primary_roi_068:439,training_set_primary_roi_068,training_set_primary_roi_068,D:\Research\PUMA\Code\TRAINING CODE\Dataset\01_training_dataset_tif_ROIs\training_set_primary_roi_068.tif,514.4092715231789,986.3779249448124,0,train,gt,516.4375,987.1458129882812,"[[516.4375, 987.1458129882812]]",tumor,17,prior ROI split; area-centroid crop; V17 exterior-component evaluation,2
training_set_primary_roi_068:498,training_set_primary_roi_068,training_set_primary_roi_068,D:\Research\PUMA\Code\TRAINING CODE\Dataset\01_training_dataset_tif_ROIs\training_set_primary_roi_068.tif,652.4585798816568,855.6331360946746,9,train,gt,652.1500244140625,858.4749755859375,"[[652.1500244140625, 858.4749755859375], [647.5, 866.25]]",apoptosis,17,prior ROI split; area-centroid crop; V17 exterior-component evaluation,2
training_set_primary_roi_069:7,training_set_primary_roi_069,training_set_primary_roi_069,D:\Research\PUMA\Code\TRAINING CODE\Dataset\01_training_dataset_tif_ROIs\training_set_primary_roi_069.tif,391.06272401433694,5.727598566308243,1,train,gt,393.8928527832031,6.8214287757873535,"[[393.8928527832031, 6.8214287757873535]]",lymphocyte,17,prior ROI split; area-centroid crop; V17 exterior-component evaluation,2
training_set_primary_roi_070:56,training_set_primary_roi_070,training_set_primary_roi_070,D:\Research\PUMA\Code\TRAINING CODE\Dataset\01_training_dataset_tif_ROIs\training_set_primary_roi_070.tif,178.22132505175983,466.2944099378882,0,val,gt,178.0,466.8461608886719,"[[178.0, 466.8461608886719]]",tumor,17,prior ROI split; area-centroid crop; V17 exterior-component evaluation,-1
training_set_primary_roi_070:134,training_set_primary_roi_070,training_set_primary_roi_070,D:\Research\PUMA\Code\TRAINING CODE\Dataset\01_training_dataset_tif_ROIs\training_set_primary_roi_070.tif,286.6760299625468,668.2146535580524,4,val,gt,285.3999938964844,666.7999877929688,"[[285.3999938964844, 666.7999877929688]]",melanophage,17,prior ROI split; area-centroid crop; V17 exterior-component evaluation,-1
training_set_primary_roi_070:206,training_set_primary_roi_070,training_set_primary_roi_070,D:\Research\PUMA\Code\TRAINING CODE\Dataset\01_training_dataset_tif_ROIs\training_set_primary_roi_070.tif,715.9978710462286,273.4717153284672,8,val,gt,715.5090942382812,274.16363525390625,"[[715.5090942382812, 274.16363525390625]]",endothelium,17,prior ROI split; area-centroid crop; V17 exterior-component evaluation,-1
training_set_primary_roi_070:238,training_set_primary_roi_070,training_set_primary_roi_070,D:\Research\PUMA\Code\TRAINING CODE\Dataset\01_training_dataset_tif_ROIs\training_set_primary_roi_070.tif,354.9311678267595,500.092807424594,3,val,gt,354.40625,499.03125,"[[354.40625, 499.03125]]",histiocyte,17,prior ROI split; area-centroid crop; V17 exterior-component evaluation,-1
training_set_primary_roi_070:325,training_set_primary_roi_070,training_set_primary_roi_070,D:\Research\PUMA\Code\TRAINING CODE\Dataset\01_training_dataset_tif_ROIs\training_set_primary_roi_070.tif,511.3148514851485,890.5056105610561,1,val,gt,511.3103332519531,890.1034545898438,"[[511.3103332519531, 890.1034545898438]]",lymphocyte,17,prior ROI split; area-centroid crop; V17 exterior-component evaluation,-1
training_set_primary_roi_070:420,training_set_primary_roi_070,training_set_primary_roi_070,D:\Research\PUMA\Code\TRAINING CODE\Dataset\01_training_dataset_tif_ROIs\training_set_primary_roi_070.tif,365.6758539458186,427.8864546525324,4,val,gt,365.6724243164063,429.10345458984375,"[[365.67242431640625, 429.10345458984375]]",melanophage,17,prior ROI split; area-centroid crop; V17 exterior-component evaluation,-1
training_set_primary_roi_070:463,training_set_primary_roi_070,training_set_primary_roi_070,D:\Research\PUMA\Code\TRAINING CODE\Dataset\01_training_dataset_tif_ROIs\training_set_primary_roi_070.tif,461.35129906025423,130.2399115533444,2,val,gt,458.3255920410156,131.72093200683594,"[[458.3255920410156, 131.72093200683594]]",plasma_cell,17,prior ROI split; area-centroid crop; V17 exterior-component evaluation,-1
training_set_primary_roi_070:487,training_set_primary_roi_070,training_set_primary_roi_070,D:\Research\PUMA\Code\TRAINING CODE\Dataset\01_training_dataset_tif_ROIs\training_set_primary_roi_070.tif,116.42045454545456,857.3219696969696,9,val,gt,115.93103790283205,857.5516967773438,"[[115.93103790283203, 857.5516967773438]]",apoptosis,17,prior ROI split; area-centroid crop; V17 exterior-component evaluation,-1
training_set_primary_roi_070:525,training_set_primary_roi_070,training_set_primary_roi_070,D:\Research\PUMA\Code\TRAINING CODE\Dataset\01_training_dataset_tif_ROIs\training_set_primary_roi_070.tif,1016.7190949227372,715.1153421633554,0,val,gt,1015.95556640625,713.7777709960938,"[[1015.95556640625, 713.7777709960938]]",tumor,17,prior ROI split; area-centroid crop; V17 exterior-component evaluation,-1
training_set_primary_roi_073:247,training_set_primary_roi_073,training_set_primary_roi_073,D:\Research\PUMA\Code\TRAINING CODE\Dataset\01_training_dataset_tif_ROIs\training_set_primary_roi_073.tif,806.9106699751861,195.98097601323408,7,train,gt,807.2380981445312,195.2857208251953,"[[807.2380981445312, 195.2857208251953]]",epithelium,17,prior ROI split; area-centroid crop; V17 exterior-component evaluation,1
training_set_primary_roi_073:263,training_set_primary_roi_073,training_set_primary_roi_073,D:\Research\PUMA\Code\TRAINING CODE\Dataset\01_training_dataset_tif_ROIs\training_set_primary_roi_073.tif,373.3771746694502,327.5104384133612,4,train,gt,372.1818237304688,328.0,"[[372.18182373046875, 328.0]]",melanophage,17,prior ROI split; area-centroid crop; V17 exterior-component evaluation,1
training_set_primary_roi_074:68,training_set_primary_roi_074,training_set_primary_roi_074,D:\Research\PUMA\Code\TRAINING CODE\Dataset\01_training_dataset_tif_ROIs\training_set_primary_roi_074.tif,287.5099862258953,635.4641873278238,7,train,gt,289.1538391113281,634.8204956054688,"[[289.1538391113281, 634.8204956054688]]",epithelium,17,prior ROI split; area-centroid crop; V17 exterior-component evaluation,0
training_set_primary_roi_074:476,training_set_primary_roi_074,training_set_primary_roi_074,D:\Research\PUMA\Code\TRAINING CODE\Dataset\01_training_dataset_tif_ROIs\training_set_primary_roi_074.tif,792.8035714285714,339.67857142857144,1,train,gt,792.6896362304688,339.2758483886719,"[[792.6896362304688, 339.2758483886719]]",lymphocyte,17,prior ROI split; area-centroid crop; V17 exterior-component evaluation,0
training_set_primary_roi_075:233,training_set_primary_roi_075,training_set_primary_roi_075,D:\Research\PUMA\Code\TRAINING CODE\Dataset\01_training_dataset_tif_ROIs\training_set_primary_roi_075.tif,458.2948409516172,812.1847099705961,0,train,gt,457.5306091308594,812.4081420898438,"[[457.5306091308594, 812.4081420898438]]",tumor,17,prior ROI split; area-centroid crop; V17 exterior-component evaluation,1
training_set_primary_roi_076:394,training_set_primary_roi_076,training_set_primary_roi_076,D:\Research\PUMA\Code\TRAINING CODE\Dataset\01_training_dataset_tif_ROIs\training_set_primary_roi_076.tif,1.8059071729957803,116.66244725738396,1,train,gt,1.899999976158142,115.9000015258789,"[[1.899999976158142, 115.9000015258789]]",lymphocyte,17,prior ROI split; area-centroid crop; V17 exterior-component evaluation,2
training_set_primary_roi_076:419,training_set_primary_roi_076,training_set_primary_roi_076,D:\Research\PUMA\Code\TRAINING CODE\Dataset\01_training_dataset_tif_ROIs\training_set_primary_roi_076.tif,301.1804180418042,236.2959295929593,8,train,gt,301.3292541503906,236.0731658935547,"[[301.3292541503906, 236.0731658935547]]",endothelium,17,prior ROI split; area-centroid crop; V17 exterior-component evaluation,2
training_set_primary_roi_079:78,training_set_primary_roi_079,training_set_primary_roi_079,D:\Research\PUMA\Code\TRAINING CODE\Dataset\01_training_dataset_tif_ROIs\training_set_primary_roi_079.tif,364.7929334428924,243.6407376974345,4,train,gt,364.0724487304688,242.1739196777344,"[[364.07244873046875, 242.17391967773438]]",melanophage,17,prior ROI split; area-centroid crop; V17 exterior-component evaluation,0
training_set_primary_roi_079:392,training_set_primary_roi_079,training_set_primary_roi_079,D:\Research\PUMA\Code\TRAINING CODE\Dataset\01_training_dataset_tif_ROIs\training_set_primary_roi_079.tif,35.54379332073094,907.4369880277252,7,train,gt,35.65306091308594,907.1428833007812,"[[35.65306091308594, 907.1428833007812]]",epithelium,17,prior ROI split; area-centroid crop; V17 exterior-component evaluation,0
training_set_primary_roi_079:479,training_set_primary_roi_079,training_set_primary_roi_079,D:\Research\PUMA\Code\TRAINING CODE\Dataset\01_training_dataset_tif_ROIs\training_set_primary_roi_079.tif,431.1285909712722,1007.622891016872,6,train,gt,430.9473571777344,1006.7105102539062,"[[430.9473571777344, 1006.7105102539062]]",stroma,17,prior ROI split; area-centroid crop; V17 exterior-component evaluation,0
training_set_primary_roi_080:13,training_set_primary_roi_080,training_set_primary_roi_080,D:\Research\PUMA\Code\TRAINING CODE\Dataset\01_training_dataset_tif_ROIs\training_set_primary_roi_080.tif,738.5071038251366,4.765027322404372,1,train,gt,736.2380981445312,5.476190567016602,"[[736.2380981445312, 5.476190567016602]]",lymphocyte,17,prior ROI split; area-centroid crop; V17 exterior-component evaluation,0
training_set_primary_roi_080:545,training_set_primary_roi_080,training_set_primary_roi_080,D:\Research\PUMA\Code\TRAINING CODE\Dataset\01_training_dataset_tif_ROIs\training_set_primary_roi_080.tif,517.2113402061856,500.1975945017182,6,train,gt,517.4385986328125,501.2017517089844,"[[517.4385986328125, 501.2017517089844]]",stroma,17,prior ROI split; area-centroid crop; V17 exterior-component evaluation,0
training_set_primary_roi_080:547,training_set_primary_roi_080,training_set_primary_roi_080,D:\Research\PUMA\Code\TRAINING CODE\Dataset\01_training_dataset_tif_ROIs\training_set_primary_roi_080.tif,346.54672897196264,432.9439252336449,0,train,gt,346.5384521484375,432.1730651855469,"[[346.5384521484375, 432.1730651855469]]",tumor,17,prior ROI split; area-centroid crop; V17 exterior-component evaluation,0
training_set_primary_roi_081:20,training_set_primary_roi_081,training_set_primary_roi_081,D:\Research\PUMA\Code\TRAINING CODE\Dataset\01_training_dataset_tif_ROIs\training_set_primary_roi_081.tif,295.5757774857643,27.39049496276829,0,train,gt,294.8409118652344,27.590909957885746,"[[294.8409118652344, 27.590909957885742]]",tumor,17,prior ROI split; area-centroid crop; V17 exterior-component evaluation,0
training_set_primary_roi_081:392,training_set_primary_roi_081,training_set_primary_roi_081,D:\Research\PUMA\Code\TRAINING CODE\Dataset\01_training_dataset_tif_ROIs\training_set_primary_roi_081.tif,913.5810564663024,727.9883424408015,1,train,gt,912.4318237304688,725.8408813476562,"[[912.4318237304688, 725.8408813476562]]",lymphocyte,17,prior ROI split; area-centroid crop; V17 exterior-component evaluation,0
training_set_primary_roi_082:65,training_set_primary_roi_082,training_set_primary_roi_082,D:\Research\PUMA\Code\TRAINING CODE\Dataset\01_training_dataset_tif_ROIs\training_set_primary_roi_082.tif,166.35522926326635,783.2671303451829,8,val,gt,167.93333435058594,783.5333251953125,"[[167.93333435058594, 783.5333251953125]]",endothelium,17,prior ROI split; area-centroid crop; V17 exterior-component evaluation,-1
training_set_primary_roi_082:189,training_set_primary_roi_082,training_set_primary_roi_082,D:\Research\PUMA\Code\TRAINING CODE\Dataset\01_training_dataset_tif_ROIs\training_set_primary_roi_082.tif,44.42824601366743,174.56998228296632,4,val,gt,45.596153259277344,175.23077392578125,"[[45.596153259277344, 175.23077392578125]]",melanophage,17,prior ROI split; area-centroid crop; V17 exterior-component evaluation,-1
training_set_primary_roi_082:230,training_set_primary_roi_082,training_set_primary_roi_082,D:\Research\PUMA\Code\TRAINING CODE\Dataset\01_training_dataset_tif_ROIs\training_set_primary_roi_082.tif,922.409055296391,518.3426918197256,5,val,gt,923.2981567382812,518.4297485351562,"[[923.2981567382812, 518.4297485351562]]",neutrophil,17,prior ROI split; area-centroid crop; V17 exterior-component evaluation,-1
training_set_primary_roi_082:249,training_set_primary_roi_082,training_set_primary_roi_082,D:\Research\PUMA\Code\TRAINING CODE\Dataset\01_training_dataset_tif_ROIs\training_set_primary_roi_082.tif,1016.5606762427396,116.43496102306534,9,val,gt,1014.5635986328124,114.87857055664062,"[[1014.5635986328125, 114.87857055664062]]",apoptosis,17,prior ROI split; area-centroid crop; V17 exterior-component evaluation,-1
training_set_primary_roi_083:18,training_set_primary_roi_083,training_set_primary_roi_083,D:\Research\PUMA\Code\TRAINING CODE\Dataset\01_training_dataset_tif_ROIs\training_set_primary_roi_083.tif,253.84753787878788,16.24715909090909,1,train,gt,254.4594573974609,16.945945739746094,"[[254.45945739746094, 16.945945739746094]]",lymphocyte,17,prior ROI split; area-centroid crop; V17 exterior-component evaluation,1
training_set_primary_roi_083:86,training_set_primary_roi_083,training_set_primary_roi_083,D:\Research\PUMA\Code\TRAINING CODE\Dataset\01_training_dataset_tif_ROIs\training_set_primary_roi_083.tif,473.2730158730159,90.2010582010582,3,train,gt,473.6388854980469,90.44444274902344,"[[473.6388854980469, 90.44444274902344]]",histiocyte,17,prior ROI split; area-centroid crop; V17 exterior-component evaluation,1
training_set_primary_roi_083:450,training_set_primary_roi_083,training_set_primary_roi_083,D:\Research\PUMA\Code\TRAINING CODE\Dataset\01_training_dataset_tif_ROIs\training_set_primary_roi_083.tif,357.4074074074074,625.4553606237818,3,train,gt,357.3055419921875,626.138916015625,"[[357.3055419921875, 626.138916015625]]",histiocyte,17,prior ROI split; area-centroid crop; V17 exterior-component evaluation,1
training_set_primary_roi_083:561,training_set_primary_roi_083,training_set_primary_roi_083,D:\Research\PUMA\Code\TRAINING CODE\Dataset\01_training_dataset_tif_ROIs\training_set_primary_roi_083.tif,906.6862922705312,794.2032004830918,4,train,gt,906.3636474609376,793.727294921875,"[[906.3636474609375, 793.727294921875]]",melanophage,17,prior ROI split; area-centroid crop; V17 exterior-component evaluation,1
training_set_primary_roi_083:623,training_set_primary_roi_083,training_set_primary_roi_083,D:\Research\PUMA\Code\TRAINING CODE\Dataset\01_training_dataset_tif_ROIs\training_set_primary_roi_083.tif,893.760145535964,883.3274559193954,8,train,gt,894.125,882.5416870117188,"[[894.125, 882.5416870117188]]",endothelium,17,prior ROI split; area-centroid crop; V17 exterior-component evaluation,1
training_set_primary_roi_083:780,training_set_primary_roi_083,training_set_primary_roi_083,D:\Research\PUMA\Code\TRAINING CODE\Dataset\01_training_dataset_tif_ROIs\training_set_primary_roi_083.tif,919.9298903402675,421.5345911949685,0,train,gt,916.2077026367188,419.69232177734375,"[[916.2077026367188, 419.69232177734375]]",tumor,17,prior ROI split; area-centroid crop; V17 exterior-component evaluation,1
training_set_primary_roi_084:131,training_set_primary_roi_084,training_set_primary_roi_084,D:\Research\PUMA\Code\TRAINING CODE\Dataset\01_training_dataset_tif_ROIs\training_set_primary_roi_084.tif,563.8800379326696,393.4871977240399,3,train,gt,563.5681762695312,392.9772644042969,"[[563.5681762695312, 392.9772644042969]]",histiocyte,17,prior ROI split; area-centroid crop; V17 exterior-component evaluation,2
training_set_primary_roi_084:237,training_set_primary_roi_084,training_set_primary_roi_084,D:\Research\PUMA\Code\TRAINING CODE\Dataset\01_training_dataset_tif_ROIs\training_set_primary_roi_084.tif,900.8377635197066,593.8838985640086,8,train,gt,899.1395263671875,593.8604736328125,"[[899.1395263671875, 593.8604736328125]]",endothelium,17,prior ROI split; area-centroid crop; V17 exterior-component evaluation,2
training_set_primary_roi_084:471,training_set_primary_roi_084,training_set_primary_roi_084,D:\Research\PUMA\Code\TRAINING CODE\Dataset\01_training_dataset_tif_ROIs\training_set_primary_roi_084.tif,228.437106918239,355.972068072512,0,train,gt,230.1351318359375,355.4053955078125,"[[230.1351318359375, 355.4053955078125]]",tumor,17,prior ROI split; area-centroid crop; V17 exterior-component evaluation,2
training_set_primary_roi_086:235,training_set_primary_roi_086,training_set_primary_roi_086,D:\Research\PUMA\Code\TRAINING CODE\Dataset\01_training_dataset_tif_ROIs\training_set_primary_roi_086.tif,320.463503649635,793.074209245742,4,train,gt,318.3448181152344,792.862060546875,"[[318.3448181152344, 792.862060546875]]",melanophage,17,prior ROI split; area-centroid crop; V17 exterior-component evaluation,1
training_set_primary_roi_086:484,training_set_primary_roi_086,training_set_primary_roi_086,D:\Research\PUMA\Code\TRAINING CODE\Dataset\01_training_dataset_tif_ROIs\training_set_primary_roi_086.tif,654.5382031905962,450.527287993283,0,train,gt,655.3333129882812,449.8888854980469,"[[655.3333129882812, 449.8888854980469]]",tumor,17,prior ROI split; area-centroid crop; V17 exterior-component evaluation,1
training_set_primary_roi_086:598,training_set_primary_roi_086,training_set_primary_roi_086,D:\Research\PUMA\Code\TRAINING CODE\Dataset\01_training_dataset_tif_ROIs\training_set_primary_roi_086.tif,442.2620889748549,384.4503546099291,9,train,gt,442.3735046386719,383.6867370605469,"[[442.3735046386719, 383.6867370605469]]",apoptosis,17,prior ROI split; area-centroid crop; V17 exterior-component evaluation,1
training_set_primary_roi_087:101,training_set_primary_roi_087,training_set_primary_roi_087,D:\Research\PUMA\Code\TRAINING CODE\Dataset\01_training_dataset_tif_ROIs\training_set_primary_roi_087.tif,902.3976582184674,175.1130872980584,0,train,gt,902.1356201171876,172.8474578857422,"[[902.1356201171875, 172.8474578857422]]",tumor,17,prior ROI split; area-centroid crop; V17 exterior-component evaluation,2
training_set_primary_roi_087:236,training_set_primary_roi_087,training_set_primary_roi_087,D:\Research\PUMA\Code\TRAINING CODE\Dataset\01_training_dataset_tif_ROIs\training_set_primary_roi_087.tif,2.976543209876543,381.5074074074074,1,train,gt,3.933333396911621,380.4666748046875,"[[3.933333396911621, 380.4666748046875]]",lymphocyte,17,prior ROI split; area-centroid crop; V17 exterior-component evaluation,2
training_set_primary_roi_087:451,training_set_primary_roi_087,training_set_primary_roi_087,D:\Research\PUMA\Code\TRAINING CODE\Dataset\01_training_dataset_tif_ROIs\training_set_primary_roi_087.tif,608.9219858156029,672.7600472813239,0,train,gt,609.4736938476562,672.631591796875,"[[609.4736938476562, 672.631591796875]]",tumor,17,prior ROI split; area-centroid crop; V17 exterior-component evaluation,2
training_set_primary_roi_087:507,training_set_primary_roi_087,training_set_primary_roi_087,D:\Research\PUMA\Code\TRAINING CODE\Dataset\01_training_dataset_tif_ROIs\training_set_primary_roi_087.tif,8.021505376344086,755.1867057673509,1,train,gt,10.899999618530272,754.7666625976562,"[[10.899999618530273, 754.7666625976562]]",lymphocyte,17,prior ROI split; area-centroid crop; V17 exterior-component evaluation,2
training_set_primary_roi_089:230,training_set_primary_roi_089,training_set_primary_roi_089,D:\Research\PUMA\Code\TRAINING CODE\Dataset\01_training_dataset_tif_ROIs\training_set_primary_roi_089.tif,7.631578947368421,915.79044834308,7,train,gt,10.0,916.5,"[[10.0, 916.5]]",epithelium,17,prior ROI split; area-centroid crop; V17 exterior-component evaluation,0
training_set_primary_roi_090:10,training_set_primary_roi_090,training_set_primary_roi_090,D:\Research\PUMA\Code\TRAINING CODE\Dataset\01_training_dataset_tif_ROIs\training_set_primary_roi_090.tif,808.6935654008438,934.490506329114,1,val,gt,808.3225708007812,934.0,"[[808.3225708007812, 934.0]]",lymphocyte,17,prior ROI split; area-centroid crop; V17 exterior-component evaluation,-1
training_set_primary_roi_090:80,training_set_primary_roi_090,training_set_primary_roi_090,D:\Research\PUMA\Code\TRAINING CODE\Dataset\01_training_dataset_tif_ROIs\training_set_primary_roi_090.tif,351.35718769617074,19.16635279347144,6,val,gt,350.8780517578125,20.92682838439941,"[[350.8780517578125, 20.926828384399414]]",stroma,17,prior ROI split; area-centroid crop; V17 exterior-component evaluation,-1
training_set_primary_roi_090:143,training_set_primary_roi_090,training_set_primary_roi_090,D:\Research\PUMA\Code\TRAINING CODE\Dataset\01_training_dataset_tif_ROIs\training_set_primary_roi_090.tif,219.9257142857143,463.6063492063493,4,val,gt,217.8214263916016,462.96429443359375,"[[217.82142639160156, 462.96429443359375]]",melanophage,17,prior ROI split; area-centroid crop; V17 exterior-component evaluation,-1
training_set_primary_roi_090:161,training_set_primary_roi_090,training_set_primary_roi_090,D:\Research\PUMA\Code\TRAINING CODE\Dataset\01_training_dataset_tif_ROIs\training_set_primary_roi_090.tif,31.73,488.594,7,val,gt,30.823530197143555,488.0882263183594,"[[30.823530197143555, 488.0882263183594]]",epithelium,17,prior ROI split; area-centroid crop; V17 exterior-component evaluation,-1
training_set_primary_roi_090:356,training_set_primary_roi_090,training_set_primary_roi_090,D:\Research\PUMA\Code\TRAINING CODE\Dataset\01_training_dataset_tif_ROIs\training_set_primary_roi_090.tif,122.19294294294292,988.9594594594596,8,val,gt,120.10713958740234,989.0,"[[120.10713958740234, 989.0]]",endothelium,17,prior ROI split; area-centroid crop; V17 exterior-component evaluation,-1
training_set_primary_roi_091:252,training_set_primary_roi_091,training_set_primary_roi_091,D:\Research\PUMA\Code\TRAINING CODE\Dataset\01_training_dataset_tif_ROIs\training_set_primary_roi_091.tif,342.5653472740851,355.3761513567339,2,train,gt,342.1538391113281,355.2884521484375,"[[342.1538391113281, 355.2884521484375]]",plasma_cell,17,prior ROI split; area-centroid crop; V17 exterior-component evaluation,0
training_set_primary_roi_091:684,training_set_primary_roi_091,training_set_primary_roi_091,D:\Research\PUMA\Code\TRAINING CODE\Dataset\01_training_dataset_tif_ROIs\training_set_primary_roi_091.tif,522.9801751959428,900.5467957584141,1,train,gt,522.3023071289062,901.465087890625,"[[522.3023071289062, 901.465087890625]]",lymphocyte,17,prior ROI split; area-centroid crop; V17 exterior-component evaluation,0
training_set_primary_roi_091:786,training_set_primary_roi_091,training_set_primary_roi_091,D:\Research\PUMA\Code\TRAINING CODE\Dataset\01_training_dataset_tif_ROIs\training_set_primary_roi_091.tif,158.45253390435403,848.5389007851535,3,train,gt,155.23214721679688,850.8035888671875,"[[155.23214721679688, 850.8035888671875]]",histiocyte,17,prior ROI split; area-centroid crop; V17 exterior-component evaluation,0
training_set_primary_roi_093:424,training_set_primary_roi_093,training_set_primary_roi_093,D:\Research\PUMA\Code\TRAINING CODE\Dataset\01_training_dataset_tif_ROIs\training_set_primary_roi_093.tif,444.9634615384616,779.5833333333333,1,train,gt,445.25,778.3333129882812,"[[445.25, 778.3333129882812]]",lymphocyte,17,prior ROI split; area-centroid crop; V17 exterior-component evaluation,1
training_set_primary_roi_094:139,training_set_primary_roi_094,training_set_primary_roi_094,D:\Research\PUMA\Code\TRAINING CODE\Dataset\01_training_dataset_tif_ROIs\training_set_primary_roi_094.tif,254.5788906838988,242.17501346257407,1,val,gt,254.6666717529297,241.44444274902344,"[[254.6666717529297, 241.44444274902344]]",lymphocyte,17,prior ROI split; area-centroid crop; V17 exterior-component evaluation,-1
training_set_primary_roi_094:257,training_set_primary_roi_094,training_set_primary_roi_094,D:\Research\PUMA\Code\TRAINING CODE\Dataset\01_training_dataset_tif_ROIs\training_set_primary_roi_094.tif,210.74216524216524,433.44017094017096,9,val,gt,210.55555725097656,432.6666564941406,"[[210.55555725097656, 432.6666564941406]]",apoptosis,17,prior ROI split; area-centroid crop; V17 exterior-component evaluation,-1
training_set_primary_roi_094:475,training_set_primary_roi_094,training_set_primary_roi_094,D:\Research\PUMA\Code\TRAINING CODE\Dataset\01_training_dataset_tif_ROIs\training_set_primary_roi_094.tif,312.0897338403042,818.2730038022813,0,val,gt,310.20001220703125,818.8666381835938,"[[310.20001220703125, 818.8666381835938]]",tumor,17,prior ROI split; area-centroid crop; V17 exterior-component evaluation,-1
training_set_primary_roi_094:608,training_set_primary_roi_094,training_set_primary_roi_094,D:\Research\PUMA\Code\TRAINING CODE\Dataset\01_training_dataset_tif_ROIs\training_set_primary_roi_094.tif,386.9453386988599,111.23977196512408,5,val,gt,386.2999877929688,109.6999969482422,"[[386.29998779296875, 109.69999694824219]]",neutrophil,17,prior ROI split; area-centroid crop; V17 exterior-component evaluation,-1
training_set_primary_roi_095:363,training_set_primary_roi_095,training_set_primary_roi_095,D:\Research\PUMA\Code\TRAINING CODE\Dataset\01_training_dataset_tif_ROIs\training_set_primary_roi_095.tif,577.9603060736489,951.0884744141558,4,train,gt,578.272705078125,949.5454711914062,"[[578.272705078125, 949.5454711914062]]",melanophage,17,prior ROI split; area-centroid crop; V17 exterior-component evaluation,2
training_set_primary_roi_095:382,training_set_primary_roi_095,training_set_primary_roi_095,D:\Research\PUMA\Code\TRAINING CODE\Dataset\01_training_dataset_tif_ROIs\training_set_primary_roi_095.tif,786.739003998546,1006.7030170846964,5,train,gt,786.888916015625,1005.3333129882812,"[[786.888916015625, 1005.3333129882812]]",neutrophil,17,prior ROI split; area-centroid crop; V17 exterior-component evaluation,2
training_set_primary_roi_096:27,training_set_primary_roi_096,training_set_primary_roi_096,D:\Research\PUMA\Code\TRAINING CODE\Dataset\01_training_dataset_tif_ROIs\training_set_primary_roi_096.tif,152.4546381243629,59.45412844036697,8,train,gt,153.0,58.20000076293945,"[[153.0, 58.20000076293945]]",endothelium,17,prior ROI split; area-centroid crop; V17 exterior-component evaluation,0
training_set_primary_roi_096:205,training_set_primary_roi_096,training_set_primary_roi_096,D:\Research\PUMA\Code\TRAINING CODE\Dataset\01_training_dataset_tif_ROIs\training_set_primary_roi_096.tif,12.091849148418492,383.90997566909977,3,train,gt,9.93333339691162,385.2000122070313,"[[9.933333396911621, 385.20001220703125]]",histiocyte,17,prior ROI split; area-centroid crop; V17 exterior-component evaluation,0
training_set_primary_roi_096:603,training_set_primary_roi_096,training_set_primary_roi_096,D:\Research\PUMA\Code\TRAINING CODE\Dataset\01_training_dataset_tif_ROIs\training_set_primary_roi_096.tif,19.36885698509111,208.2170992085404,0,train,gt,21.851852416992188,211.6666717529297,"[[21.851852416992188, 211.6666717529297]]",tumor,17,prior ROI split; area-centroid crop; V17 exterior-component evaluation,0
training_set_primary_roi_097:25,training_set_primary_roi_097,training_set_primary_roi_097,D:\Research\PUMA\Code\TRAINING CODE\Dataset\01_training_dataset_tif_ROIs\training_set_primary_roi_097.tif,957.6712842712842,25.8,0,train,gt,957.9166870117188,24.16666603088379,"[[957.9166870117188, 24.16666603088379]]",tumor,17,prior ROI split; area-centroid crop; V17 exterior-component evaluation,2
training_set_primary_roi_098:338,training_set_primary_roi_098,training_set_primary_roi_098,D:\Research\PUMA\Code\TRAINING CODE\Dataset\01_training_dataset_tif_ROIs\training_set_primary_roi_098.tif,426.4773333333333,488.764,6,train,gt,427.375,488.7083435058594,"[[427.375, 488.7083435058594]]",stroma,17,prior ROI split; area-centroid crop; V17 exterior-component evaluation,2
training_set_primary_roi_099:52,training_set_primary_roi_099,training_set_primary_roi_099,D:\Research\PUMA\Code\TRAINING CODE\Dataset\01_training_dataset_tif_ROIs\training_set_primary_roi_099.tif,792.1322751322751,565.6016184251479,4,train,gt,792.022216796875,565.4666748046875,"[[792.022216796875, 565.4666748046875]]",melanophage,17,prior ROI split; area-centroid crop; V17 exterior-component evaluation,0
training_set_primary_roi_099:184,training_set_primary_roi_099,training_set_primary_roi_099,D:\Research\PUMA\Code\TRAINING CODE\Dataset\01_training_dataset_tif_ROIs\training_set_primary_roi_099.tif,552.4615747289014,610.7826496935407,3,train,gt,552.7567749023438,610.2973022460938,"[[552.7567749023438, 610.2973022460938]]",histiocyte,17,prior ROI split; area-centroid crop; V17 exterior-component evaluation,0
training_set_primary_roi_099:521,training_set_primary_roi_099,training_set_primary_roi_099,D:\Research\PUMA\Code\TRAINING CODE\Dataset\01_training_dataset_tif_ROIs\training_set_primary_roi_099.tif,45.46754807692308,675.8461538461538,5,train,gt,44.65517425537109,672.7586059570312,"[[44.655174255371094, 672.7586059570312]]",neutrophil,17,prior ROI split; area-centroid crop; V17 exterior-component evaluation,0
training_set_primary_roi_100:57,training_set_primary_roi_100,training_set_primary_roi_100,D:\Research\PUMA\Code\TRAINING CODE\Dataset\01_training_dataset_tif_ROIs\training_set_primary_roi_100.tif,351.67899061032864,148.67605633802816,6,val,gt,350.6000061035156,147.93333435058594,"[[350.6000061035156, 147.93333435058594]]",stroma,17,prior ROI split; area-centroid crop; V17 exterior-component evaluation,-1
training_set_primary_roi_100:74,training_set_primary_roi_100,training_set_primary_roi_100,D:\Research\PUMA\Code\TRAINING CODE\Dataset\01_training_dataset_tif_ROIs\training_set_primary_roi_100.tif,918.449074074074,195.9560185185185,3,val,gt,919.7857055664062,196.5714263916016,"[[919.7857055664062, 196.57142639160156]]",histiocyte,17,prior ROI split; area-centroid crop; V17 exterior-component evaluation,-1
training_set_primary_roi_100:97,training_set_primary_roi_100,training_set_primary_roi_100,D:\Research\PUMA\Code\TRAINING CODE\Dataset\01_training_dataset_tif_ROIs\training_set_primary_roi_100.tif,910.4777213761986,262.90975747320925,7,val,gt,907.8275756835938,263.2758483886719,"[[907.8275756835938, 263.2758483886719]]",epithelium,17,prior ROI split; area-centroid crop; V17 exterior-component evaluation,-1
training_set_primary_roi_100:140,training_set_primary_roi_100,training_set_primary_roi_100,D:\Research\PUMA\Code\TRAINING CODE\Dataset\01_training_dataset_tif_ROIs\training_set_primary_roi_100.tif,871.9086312748284,390.2369086312749,2,val,gt,872.3513793945312,390.4053955078125,"[[872.3513793945312, 390.4053955078125]]",plasma_cell,17,prior ROI split; area-centroid crop; V17 exterior-component evaluation,-1
training_set_primary_roi_100:168,training_set_primary_roi_100,training_set_primary_roi_100,D:\Research\PUMA\Code\TRAINING CODE\Dataset\01_training_dataset_tif_ROIs\training_set_primary_roi_100.tif,432.8522756165777,482.2672260361048,3,val,gt,428.7999877929688,482.77777099609375,"[[428.79998779296875, 482.77777099609375]]",histiocyte,17,prior ROI split; area-centroid crop; V17 exterior-component evaluation,-1
training_set_primary_roi_100:214,training_set_primary_roi_100,training_set_primary_roi_100,D:\Research\PUMA\Code\TRAINING CODE\Dataset\01_training_dataset_tif_ROIs\training_set_primary_roi_100.tif,76.17832469775475,581.4628670120898,1,val,gt,76.55000305175781,581.8250122070312,"[[76.55000305175781, 581.8250122070312]]",lymphocyte,17,prior ROI split; area-centroid crop; V17 exterior-component evaluation,-1
training_set_primary_roi_100:256,training_set_primary_roi_100,training_set_primary_roi_100,D:\Research\PUMA\Code\TRAINING CODE\Dataset\01_training_dataset_tif_ROIs\training_set_primary_roi_100.tif,146.64318181818183,664.0954545454546,0,val,gt,146.3478240966797,663.4347534179688,"[[146.3478240966797, 663.4347534179688]]",tumor,17,prior ROI split; area-centroid crop; V17 exterior-component evaluation,-1
training_set_primary_roi_100:357,training_set_primary_roi_100,training_set_primary_roi_100,D:\Research\PUMA\Code\TRAINING CODE\Dataset\01_training_dataset_tif_ROIs\training_set_primary_roi_100.tif,853.2504553734062,918.8315118397084,1,val,gt,854.6956787109375,918.1304321289062,"[[854.6956787109375, 918.1304321289062]]",lymphocyte,17,prior ROI split; area-centroid crop; V17 exterior-component evaluation,-1
training_set_primary_roi_101:57,training_set_primary_roi_101,training_set_primary_roi_101,D:\Research\PUMA\Code\TRAINING CODE\Dataset\01_training_dataset_tif_ROIs\training_set_primary_roi_101.tif,575.6818181818181,736.0,6,train,gt,576.3529663085938,735.4705810546875,"[[576.3529663085938, 735.4705810546875]]",stroma,17,prior ROI split; area-centroid crop; V17 exterior-component evaluation,2
training_set_primary_roi_101:127,training_set_primary_roi_101,training_set_primary_roi_101,D:\Research\PUMA\Code\TRAINING CODE\Dataset\01_training_dataset_tif_ROIs\training_set_primary_roi_101.tif,88.88777777777777,321.1166666666667,7,train,gt,88.82716369628906,320.456787109375,"[[88.82716369628906, 320.456787109375]]",epithelium,17,prior ROI split; area-centroid crop; V17 exterior-component evaluation,2
training_set_primary_roi_102:265,training_set_primary_roi_102,training_set_primary_roi_102,D:\Research\PUMA\Code\TRAINING CODE\Dataset\01_training_dataset_tif_ROIs\training_set_primary_roi_102.tif,883.2405247813412,255.8046647230321,8,train,gt,883.840576171875,256.60870361328125,"[[883.840576171875, 256.60870361328125]]",endothelium,17,prior ROI split; area-centroid crop; V17 exterior-component evaluation,0
training_set_primary_roi_102:426,training_set_primary_roi_102,training_set_primary_roi_102,D:\Research\PUMA\Code\TRAINING CODE\Dataset\01_training_dataset_tif_ROIs\training_set_primary_roi_102.tif,708.9095351294242,1002.507275608702,7,train,gt,709.9891357421875,1001.9275512695312,"[[709.9891357421875, 1001.9275512695312]]",epithelium,17,prior ROI split; area-centroid crop; V17 exterior-component evaluation,0
training_set_primary_roi_103:17,training_set_primary_roi_103,training_set_primary_roi_103,D:\Research\PUMA\Code\TRAINING CODE\Dataset\01_training_dataset_tif_ROIs\training_set_primary_roi_103.tif,192.7423469387755,259.2423469387755,7,val,gt,192.09803771972656,258.0196228027344,"[[192.09803771972656, 258.0196228027344]]",epithelium,17,prior ROI split; area-centroid crop; V17 exterior-component evaluation,-1
training_set_primary_roi_103:35,training_set_primary_roi_103,training_set_primary_roi_103,D:\Research\PUMA\Code\TRAINING CODE\Dataset\01_training_dataset_tif_ROIs\training_set_primary_roi_103.tif,490.2763157894737,520.9473684210526,8,val,gt,489.96295166015625,520.4074096679688,"[[489.96295166015625, 520.4074096679688]]",endothelium,17,prior ROI split; area-centroid crop; V17 exterior-component evaluation,-1
training_set_primary_roi_103:47,training_set_primary_roi_103,training_set_primary_roi_103,D:\Research\PUMA\Code\TRAINING CODE\Dataset\01_training_dataset_tif_ROIs\training_set_primary_roi_103.tif,56.31318681318681,111.62087912087912,7,val,gt,56.80644989013672,111.32257843017578,"[[56.80644989013672, 111.32257843017578]]",epithelium,17,prior ROI split; area-centroid crop; V17 exterior-component evaluation,-1
training_set_primary_roi_103:72,training_set_primary_roi_103,training_set_primary_roi_103,D:\Research\PUMA\Code\TRAINING CODE\Dataset\01_training_dataset_tif_ROIs\training_set_primary_roi_103.tif,7.927272727272728,90.16727272727272,7,val,gt,8.463414192199707,91.0243911743164,"[[8.463414192199707, 91.0243911743164]]",epithelium,17,prior ROI split; area-centroid crop; V17 exterior-component evaluation,-1
training_set_primary_roi_103:91,training_set_primary_roi_103,training_set_primary_roi_103,D:\Research\PUMA\Code\TRAINING CODE\Dataset\01_training_dataset_tif_ROIs\training_set_primary_roi_103.tif,877.3676470588235,189.83823529411765,7,val,gt,876.872314453125,189.0425567626953,"[[876.872314453125, 189.0425567626953]]",epithelium,17,prior ROI split; area-centroid crop; V17 exterior-component evaluation,-1
training_set_primary_roi_103:119,training_set_primary_roi_103,training_set_primary_roi_103,D:\Research\PUMA\Code\TRAINING CODE\Dataset\01_training_dataset_tif_ROIs\training_set_primary_roi_103.tif,964.68715393134,284.25083056478405,7,val,gt,964.0756225585938,282.8823547363281,"[[964.0756225585938, 282.8823547363281]]",epithelium,17,prior ROI split; area-centroid crop; V17 exterior-component evaluation,-1
training_set_primary_roi_103:122,training_set_primary_roi_103,training_set_primary_roi_103,D:\Research\PUMA\Code\TRAINING CODE\Dataset\01_training_dataset_tif_ROIs\training_set_primary_roi_103.tif,203.52995008319468,289.4267886855241,7,val,gt,202.92727661132807,290.12725830078125,"[[202.92727661132812, 290.12725830078125]]",epithelium,17,prior ROI split; area-centroid crop; V17 exterior-component evaluation,-1
training_set_primary_roi_103:136,training_set_primary_roi_103,training_set_primary_roi_103,D:\Research\PUMA\Code\TRAINING CODE\Dataset\01_training_dataset_tif_ROIs\training_set_primary_roi_103.tif,57.20666666666666,401.12444444444446,7,val,gt,58.47169876098633,400.84906005859375,"[[58.47169876098633, 400.84906005859375]]",epithelium,17,prior ROI split; area-centroid crop; V17 exterior-component evaluation,-1
training_set_primary_roi_103:318,training_set_primary_roi_103,training_set_primary_roi_103,D:\Research\PUMA\Code\TRAINING CODE\Dataset\01_training_dataset_tif_ROIs\training_set_primary_roi_103.tif,979.368,927.366,6,val,gt,982.7911987304688,925.7692260742188,"[[982.7911987304688, 925.7692260742188]]",stroma,17,prior ROI split; area-centroid crop; V17 exterior-component evaluation,-1
training_set_primary_roi_103:344,training_set_primary_roi_103,training_set_primary_roi_103,D:\Research\PUMA\Code\TRAINING CODE\Dataset\01_training_dataset_tif_ROIs\training_set_primary_roi_103.tif,751.1458333333333,4.857843137254902,7,val,gt,749.2380981445312,6.238095283508301,"[[749.2380981445312, 6.238095283508301]]",epithelium,17,prior ROI split; area-centroid crop; V17 exterior-component evaluation,-1
