prompt,run_id,seed,fold,epoch,split,true_class,predicted_class,count
1,LORA_EXCLUDED_frozen,NOT RECORDED IN ORIGINAL RUN,NOT RECORDED IN ORIGINAL RUN,1,train,tumor,tumor,0
1,LORA_EXCLUDED_frozen,NOT RECORDED IN ORIGINAL RUN,NOT RECORDED IN ORIGINAL RUN,1,train,tumor,lymphocyte,0
1,LORA_EXCLUDED_frozen,NOT RECORDED IN ORIGINAL RUN,NOT RECORDED IN ORIGINAL RUN,1,train,tumor,plasma_cell,0
1,LORA_EXCLUDED_frozen,NOT RECORDED IN ORIGINAL RUN,NOT RECORDED IN ORIGINAL RUN,1,train,tumor,histiocyte,0
1,LORA_EXCLUDED_frozen,NOT RECORDED IN ORIGINAL RUN,NOT RECORDED IN ORIGINAL RUN,1,train,tumor,melanophage,1
1,LORA_EXCLUDED_frozen,NOT RECORDED IN ORIGINAL RUN,NOT RECORDED IN ORIGINAL RUN,1,train,tumor,neutrophil,0
1,LORA_EXCLUDED_frozen,NOT RECORDED IN ORIGINAL RUN,NOT RECORDED IN ORIGINAL RUN,1,train,tumor,stroma,1
1,LORA_EXCLUDED_frozen,NOT RECORDED IN ORIGINAL RUN,NOT RECORDED IN ORIGINAL RUN,1,train,tumor,epithelium,1
1,LORA_EXCLUDED_frozen,NOT RECORDED IN ORIGINAL RUN,NOT RECORDED IN ORIGINAL RUN,1,train,tumor,endothelium,0
1,LORA_EXCLUDED_frozen,NOT RECORDED IN ORIGINAL RUN,NOT RECORDED IN ORIGINAL RUN,1,train,tumor,apoptosis,0
1,LORA_EXCLUDED_frozen,NOT RECORDED IN ORIGINAL RUN,NOT RECORDED IN ORIGINAL RUN,1,train,lymphocyte,tumor,0
1,LORA_EXCLUDED_frozen,NOT RECORDED IN ORIGINAL RUN,NOT RECORDED IN ORIGINAL RUN,1,train,lymphocyte,lymphocyte,3
1,LORA_EXCLUDED_frozen,NOT RECORDED IN ORIGINAL RUN,NOT RECORDED IN ORIGINAL RUN,1,train,lymphocyte,plasma_cell,0
1,LORA_EXCLUDED_frozen,NOT RECORDED IN ORIGINAL RUN,NOT RECORDED IN ORIGINAL RUN,1,train,lymphocyte,histiocyte,0
1,LORA_EXCLUDED_frozen,NOT RECORDED IN ORIGINAL RUN,NOT RECORDED IN ORIGINAL RUN,1,train,lymphocyte,melanophage,0
1,LORA_EXCLUDED_frozen,NOT RECORDED IN ORIGINAL RUN,NOT RECORDED IN ORIGINAL RUN,1,train,lymphocyte,neutrophil,0
1,LORA_EXCLUDED_frozen,NOT RECORDED IN ORIGINAL RUN,NOT RECORDED IN ORIGINAL RUN,1,train,lymphocyte,stroma,0
1,LORA_EXCLUDED_frozen,NOT RECORDED IN ORIGINAL RUN,NOT RECORDED IN ORIGINAL RUN,1,train,lymphocyte,epithelium,0
1,LORA_EXCLUDED_frozen,NOT RECORDED IN ORIGINAL RUN,NOT RECORDED IN ORIGINAL RUN,1,train,lymphocyte,endothelium,0
1,LORA_EXCLUDED_frozen,NOT RECORDED IN ORIGINAL RUN,NOT RECORDED IN ORIGINAL RUN,1,train,lymphocyte,apoptosis,0
1,LORA_EXCLUDED_frozen,NOT RECORDED IN ORIGINAL RUN,NOT RECORDED IN ORIGINAL RUN,1,train,plasma_cell,tumor,0
1,LORA_EXCLUDED_frozen,NOT RECORDED IN ORIGINAL RUN,NOT RECORDED IN ORIGINAL RUN,1,train,plasma_cell,lymphocyte,0
1,LORA_EXCLUDED_frozen,NOT RECORDED IN ORIGINAL RUN,NOT RECORDED IN ORIGINAL RUN,1,train,plasma_cell,plasma_cell,0
1,LORA_EXCLUDED_frozen,NOT RECORDED IN ORIGINAL RUN,NOT RECORDED IN ORIGINAL RUN,1,train,plasma_cell,histiocyte,0
1,LORA_EXCLUDED_frozen,NOT RECORDED IN ORIGINAL RUN,NOT RECORDED IN ORIGINAL RUN,1,train,plasma_cell,melanophage,0
1,LORA_EXCLUDED_frozen,NOT RECORDED IN ORIGINAL RUN,NOT RECORDED IN ORIGINAL RUN,1,train,plasma_cell,neutrophil,0
1,LORA_EXCLUDED_frozen,NOT RECORDED IN ORIGINAL RUN,NOT RECORDED IN ORIGINAL RUN,1,train,plasma_cell,stroma,1
1,LORA_EXCLUDED_frozen,NOT RECORDED IN ORIGINAL RUN,NOT RECORDED IN ORIGINAL RUN,1,train,plasma_cell,epithelium,2
1,LORA_EXCLUDED_frozen,NOT RECORDED IN ORIGINAL RUN,NOT RECORDED IN ORIGINAL RUN,1,train,plasma_cell,endothelium,0
1,LORA_EXCLUDED_frozen,NOT RECORDED IN ORIGINAL RUN,NOT RECORDED IN ORIGINAL RUN,1,train,plasma_cell,apoptosis,0
1,LORA_EXCLUDED_frozen,NOT RECORDED IN ORIGINAL RUN,NOT RECORDED IN ORIGINAL RUN,1,train,histiocyte,tumor,0
1,LORA_EXCLUDED_frozen,NOT RECORDED IN ORIGINAL RUN,NOT RECORDED IN ORIGINAL RUN,1,train,histiocyte,lymphocyte,0
1,LORA_EXCLUDED_frozen,NOT RECORDED IN ORIGINAL RUN,NOT RECORDED IN ORIGINAL RUN,1,train,histiocyte,plasma_cell,0
1,LORA_EXCLUDED_frozen,NOT RECORDED IN ORIGINAL RUN,NOT RECORDED IN ORIGINAL RUN,1,train,histiocyte,histiocyte,1
1,LORA_EXCLUDED_frozen,NOT RECORDED IN ORIGINAL RUN,NOT RECORDED IN ORIGINAL RUN,1,train,histiocyte,melanophage,0
1,LORA_EXCLUDED_frozen,NOT RECORDED IN ORIGINAL RUN,NOT RECORDED IN ORIGINAL RUN,1,train,histiocyte,neutrophil,0
1,LORA_EXCLUDED_frozen,NOT RECORDED IN ORIGINAL RUN,NOT RECORDED IN ORIGINAL RUN,1,train,histiocyte,stroma,2
1,LORA_EXCLUDED_frozen,NOT RECORDED IN ORIGINAL RUN,NOT RECORDED IN ORIGINAL RUN,1,train,histiocyte,epithelium,0
1,LORA_EXCLUDED_frozen,NOT RECORDED IN ORIGINAL RUN,NOT RECORDED IN ORIGINAL RUN,1,train,histiocyte,endothelium,0
1,LORA_EXCLUDED_frozen,NOT RECORDED IN ORIGINAL RUN,NOT RECORDED IN ORIGINAL RUN,1,train,histiocyte,apoptosis,0
1,LORA_EXCLUDED_frozen,NOT RECORDED IN ORIGINAL RUN,NOT RECORDED IN ORIGINAL RUN,1,train,melanophage,tumor,0
1,LORA_EXCLUDED_frozen,NOT RECORDED IN ORIGINAL RUN,NOT RECORDED IN ORIGINAL RUN,1,train,melanophage,lymphocyte,0
1,LORA_EXCLUDED_frozen,NOT RECORDED IN ORIGINAL RUN,NOT RECORDED IN ORIGINAL RUN,1,train,melanophage,plasma_cell,0
1,LORA_EXCLUDED_frozen,NOT RECORDED IN ORIGINAL RUN,NOT RECORDED IN ORIGINAL RUN,1,train,melanophage,histiocyte,0
1,LORA_EXCLUDED_frozen,NOT RECORDED IN ORIGINAL RUN,NOT RECORDED IN ORIGINAL RUN,1,train,melanophage,melanophage,3
1,LORA_EXCLUDED_frozen,NOT RECORDED IN ORIGINAL RUN,NOT RECORDED IN ORIGINAL RUN,1,train,melanophage,neutrophil,0
1,LORA_EXCLUDED_frozen,NOT RECORDED IN ORIGINAL RUN,NOT RECORDED IN ORIGINAL RUN,1,train,melanophage,stroma,0
1,LORA_EXCLUDED_frozen,NOT RECORDED IN ORIGINAL RUN,NOT RECORDED IN ORIGINAL RUN,1,train,melanophage,epithelium,0
1,LORA_EXCLUDED_frozen,NOT RECORDED IN ORIGINAL RUN,NOT RECORDED IN ORIGINAL RUN,1,train,melanophage,endothelium,0
1,LORA_EXCLUDED_frozen,NOT RECORDED IN ORIGINAL RUN,NOT RECORDED IN ORIGINAL RUN,1,train,melanophage,apoptosis,0
1,LORA_EXCLUDED_frozen,NOT RECORDED IN ORIGINAL RUN,NOT RECORDED IN ORIGINAL RUN,1,train,neutrophil,tumor,0
1,LORA_EXCLUDED_frozen,NOT RECORDED IN ORIGINAL RUN,NOT RECORDED IN ORIGINAL RUN,1,train,neutrophil,lymphocyte,1
1,LORA_EXCLUDED_frozen,NOT RECORDED IN ORIGINAL RUN,NOT RECORDED IN ORIGINAL RUN,1,train,neutrophil,plasma_cell,0
1,LORA_EXCLUDED_frozen,NOT RECORDED IN ORIGINAL RUN,NOT RECORDED IN ORIGINAL RUN,1,train,neutrophil,histiocyte,0
1,LORA_EXCLUDED_frozen,NOT RECORDED IN ORIGINAL RUN,NOT RECORDED IN ORIGINAL RUN,1,train,neutrophil,melanophage,0
1,LORA_EXCLUDED_frozen,NOT RECORDED IN ORIGINAL RUN,NOT RECORDED IN ORIGINAL RUN,1,train,neutrophil,neutrophil,0
1,LORA_EXCLUDED_frozen,NOT RECORDED IN ORIGINAL RUN,NOT RECORDED IN ORIGINAL RUN,1,train,neutrophil,stroma,2
1,LORA_EXCLUDED_frozen,NOT RECORDED IN ORIGINAL RUN,NOT RECORDED IN ORIGINAL RUN,1,train,neutrophil,epithelium,0
1,LORA_EXCLUDED_frozen,NOT RECORDED IN ORIGINAL RUN,NOT RECORDED IN ORIGINAL RUN,1,train,neutrophil,endothelium,0
1,LORA_EXCLUDED_frozen,NOT RECORDED IN ORIGINAL RUN,NOT RECORDED IN ORIGINAL RUN,1,train,neutrophil,apoptosis,0
1,LORA_EXCLUDED_frozen,NOT RECORDED IN ORIGINAL RUN,NOT RECORDED IN ORIGINAL RUN,1,train,stroma,tumor,0
1,LORA_EXCLUDED_frozen,NOT RECORDED IN ORIGINAL RUN,NOT RECORDED IN ORIGINAL RUN,1,train,stroma,lymphocyte,0
1,LORA_EXCLUDED_frozen,NOT RECORDED IN ORIGINAL RUN,NOT RECORDED IN ORIGINAL RUN,1,train,stroma,plasma_cell,0
1,LORA_EXCLUDED_frozen,NOT RECORDED IN ORIGINAL RUN,NOT RECORDED IN ORIGINAL RUN,1,train,stroma,histiocyte,0
1,LORA_EXCLUDED_frozen,NOT RECORDED IN ORIGINAL RUN,NOT RECORDED IN ORIGINAL RUN,1,train,stroma,melanophage,0
1,LORA_EXCLUDED_frozen,NOT RECORDED IN ORIGINAL RUN,NOT RECORDED IN ORIGINAL RUN,1,train,stroma,neutrophil,0
1,LORA_EXCLUDED_frozen,NOT RECORDED IN ORIGINAL RUN,NOT RECORDED IN ORIGINAL RUN,1,train,stroma,stroma,3
1,LORA_EXCLUDED_frozen,NOT RECORDED IN ORIGINAL RUN,NOT RECORDED IN ORIGINAL RUN,1,train,stroma,epithelium,0
1,LORA_EXCLUDED_frozen,NOT RECORDED IN ORIGINAL RUN,NOT RECORDED IN ORIGINAL RUN,1,train,stroma,endothelium,0
1,LORA_EXCLUDED_frozen,NOT RECORDED IN ORIGINAL RUN,NOT RECORDED IN ORIGINAL RUN,1,train,stroma,apoptosis,0
1,LORA_EXCLUDED_frozen,NOT RECORDED IN ORIGINAL RUN,NOT RECORDED IN ORIGINAL RUN,1,train,epithelium,tumor,0
1,LORA_EXCLUDED_frozen,NOT RECORDED IN ORIGINAL RUN,NOT RECORDED IN ORIGINAL RUN,1,train,epithelium,lymphocyte,0
1,LORA_EXCLUDED_frozen,NOT RECORDED IN ORIGINAL RUN,NOT RECORDED IN ORIGINAL RUN,1,train,epithelium,plasma_cell,0
1,LORA_EXCLUDED_frozen,NOT RECORDED IN ORIGINAL RUN,NOT RECORDED IN ORIGINAL RUN,1,train,epithelium,histiocyte,0
1,LORA_EXCLUDED_frozen,NOT RECORDED IN ORIGINAL RUN,NOT RECORDED IN ORIGINAL RUN,1,train,epithelium,melanophage,0
1,LORA_EXCLUDED_frozen,NOT RECORDED IN ORIGINAL RUN,NOT RECORDED IN ORIGINAL RUN,1,train,epithelium,neutrophil,0
1,LORA_EXCLUDED_frozen,NOT RECORDED IN ORIGINAL RUN,NOT RECORDED IN ORIGINAL RUN,1,train,epithelium,stroma,1
1,LORA_EXCLUDED_frozen,NOT RECORDED IN ORIGINAL RUN,NOT RECORDED IN ORIGINAL RUN,1,train,epithelium,epithelium,2
1,LORA_EXCLUDED_frozen,NOT RECORDED IN ORIGINAL RUN,NOT RECORDED IN ORIGINAL RUN,1,train,epithelium,endothelium,0
1,LORA_EXCLUDED_frozen,NOT RECORDED IN ORIGINAL RUN,NOT RECORDED IN ORIGINAL RUN,1,train,epithelium,apoptosis,0
1,LORA_EXCLUDED_frozen,NOT RECORDED IN ORIGINAL RUN,NOT RECORDED IN ORIGINAL RUN,1,train,endothelium,tumor,0
1,LORA_EXCLUDED_frozen,NOT RECORDED IN ORIGINAL RUN,NOT RECORDED IN ORIGINAL RUN,1,train,endothelium,lymphocyte,0
1,LORA_EXCLUDED_frozen,NOT RECORDED IN ORIGINAL RUN,NOT RECORDED IN ORIGINAL RUN,1,train,endothelium,plasma_cell,0
1,LORA_EXCLUDED_frozen,NOT RECORDED IN ORIGINAL RUN,NOT RECORDED IN ORIGINAL RUN,1,train,endothelium,histiocyte,0
1,LORA_EXCLUDED_frozen,NOT RECORDED IN ORIGINAL RUN,NOT RECORDED IN ORIGINAL RUN,1,train,endothelium,melanophage,0
1,LORA_EXCLUDED_frozen,NOT RECORDED IN ORIGINAL RUN,NOT RECORDED IN ORIGINAL RUN,1,train,endothelium,neutrophil,0
1,LORA_EXCLUDED_frozen,NOT RECORDED IN ORIGINAL RUN,NOT RECORDED IN ORIGINAL RUN,1,train,endothelium,stroma,0
1,LORA_EXCLUDED_frozen,NOT RECORDED IN ORIGINAL RUN,NOT RECORDED IN ORIGINAL RUN,1,train,endothelium,epithelium,1
1,LORA_EXCLUDED_frozen,NOT RECORDED IN ORIGINAL RUN,NOT RECORDED IN ORIGINAL RUN,1,train,endothelium,endothelium,2
1,LORA_EXCLUDED_frozen,NOT RECORDED IN ORIGINAL RUN,NOT RECORDED IN ORIGINAL RUN,1,train,endothelium,apoptosis,0
1,LORA_EXCLUDED_frozen,NOT RECORDED IN ORIGINAL RUN,NOT RECORDED IN ORIGINAL RUN,1,train,apoptosis,tumor,0
1,LORA_EXCLUDED_frozen,NOT RECORDED IN ORIGINAL RUN,NOT RECORDED IN ORIGINAL RUN,1,train,apoptosis,lymphocyte,0
1,LORA_EXCLUDED_frozen,NOT RECORDED IN ORIGINAL RUN,NOT RECORDED IN ORIGINAL RUN,1,train,apoptosis,plasma_cell,0
1,LORA_EXCLUDED_frozen,NOT RECORDED IN ORIGINAL RUN,NOT RECORDED IN ORIGINAL RUN,1,train,apoptosis,histiocyte,1
1,LORA_EXCLUDED_frozen,NOT RECORDED IN ORIGINAL RUN,NOT RECORDED IN ORIGINAL RUN,1,train,apoptosis,melanophage,0
1,LORA_EXCLUDED_frozen,NOT RECORDED IN ORIGINAL RUN,NOT RECORDED IN ORIGINAL RUN,1,train,apoptosis,neutrophil,0
1,LORA_EXCLUDED_frozen,NOT RECORDED IN ORIGINAL RUN,NOT RECORDED IN ORIGINAL RUN,1,train,apoptosis,stroma,1
1,LORA_EXCLUDED_frozen,NOT RECORDED IN ORIGINAL RUN,NOT RECORDED IN ORIGINAL RUN,1,train,apoptosis,epithelium,1
1,LORA_EXCLUDED_frozen,NOT RECORDED IN ORIGINAL RUN,NOT RECORDED IN ORIGINAL RUN,1,train,apoptosis,endothelium,0
1,LORA_EXCLUDED_frozen,NOT RECORDED IN ORIGINAL RUN,NOT RECORDED IN ORIGINAL RUN,1,train,apoptosis,apoptosis,0
1,LORA_EXCLUDED_frozen,NOT RECORDED IN ORIGINAL RUN,NOT RECORDED IN ORIGINAL RUN,1,val,tumor,tumor,0
1,LORA_EXCLUDED_frozen,NOT RECORDED IN ORIGINAL RUN,NOT RECORDED IN ORIGINAL RUN,1,val,tumor,lymphocyte,0
1,LORA_EXCLUDED_frozen,NOT RECORDED IN ORIGINAL RUN,NOT RECORDED IN ORIGINAL RUN,1,val,tumor,plasma_cell,0
1,LORA_EXCLUDED_frozen,NOT RECORDED IN ORIGINAL RUN,NOT RECORDED IN ORIGINAL RUN,1,val,tumor,histiocyte,0
1,LORA_EXCLUDED_frozen,NOT RECORDED IN ORIGINAL RUN,NOT RECORDED IN ORIGINAL RUN,1,val,tumor,melanophage,0
1,LORA_EXCLUDED_frozen,NOT RECORDED IN ORIGINAL RUN,NOT RECORDED IN ORIGINAL RUN,1,val,tumor,neutrophil,0
1,LORA_EXCLUDED_frozen,NOT RECORDED IN ORIGINAL RUN,NOT RECORDED IN ORIGINAL RUN,1,val,tumor,stroma,1
1,LORA_EXCLUDED_frozen,NOT RECORDED IN ORIGINAL RUN,NOT RECORDED IN ORIGINAL RUN,1,val,tumor,epithelium,1
1,LORA_EXCLUDED_frozen,NOT RECORDED IN ORIGINAL RUN,NOT RECORDED IN ORIGINAL RUN,1,val,tumor,endothelium,0
1,LORA_EXCLUDED_frozen,NOT RECORDED IN ORIGINAL RUN,NOT RECORDED IN ORIGINAL RUN,1,val,tumor,apoptosis,0
1,LORA_EXCLUDED_frozen,NOT RECORDED IN ORIGINAL RUN,NOT RECORDED IN ORIGINAL RUN,1,val,lymphocyte,tumor,0
1,LORA_EXCLUDED_frozen,NOT RECORDED IN ORIGINAL RUN,NOT RECORDED IN ORIGINAL RUN,1,val,lymphocyte,lymphocyte,0
1,LORA_EXCLUDED_frozen,NOT RECORDED IN ORIGINAL RUN,NOT RECORDED IN ORIGINAL RUN,1,val,lymphocyte,plasma_cell,0
1,LORA_EXCLUDED_frozen,NOT RECORDED IN ORIGINAL RUN,NOT RECORDED IN ORIGINAL RUN,1,val,lymphocyte,histiocyte,0
1,LORA_EXCLUDED_frozen,NOT RECORDED IN ORIGINAL RUN,NOT RECORDED IN ORIGINAL RUN,1,val,lymphocyte,melanophage,0
1,LORA_EXCLUDED_frozen,NOT RECORDED IN ORIGINAL RUN,NOT RECORDED IN ORIGINAL RUN,1,val,lymphocyte,neutrophil,0
1,LORA_EXCLUDED_frozen,NOT RECORDED IN ORIGINAL RUN,NOT RECORDED IN ORIGINAL RUN,1,val,lymphocyte,stroma,2
1,LORA_EXCLUDED_frozen,NOT RECORDED IN ORIGINAL RUN,NOT RECORDED IN ORIGINAL RUN,1,val,lymphocyte,epithelium,0
1,LORA_EXCLUDED_frozen,NOT RECORDED IN ORIGINAL RUN,NOT RECORDED IN ORIGINAL RUN,1,val,lymphocyte,endothelium,0
1,LORA_EXCLUDED_frozen,NOT RECORDED IN ORIGINAL RUN,NOT RECORDED IN ORIGINAL RUN,1,val,lymphocyte,apoptosis,0
1,LORA_EXCLUDED_frozen,NOT RECORDED IN ORIGINAL RUN,NOT RECORDED IN ORIGINAL RUN,1,val,plasma_cell,tumor,0
1,LORA_EXCLUDED_frozen,NOT RECORDED IN ORIGINAL RUN,NOT RECORDED IN ORIGINAL RUN,1,val,plasma_cell,lymphocyte,0
1,LORA_EXCLUDED_frozen,NOT RECORDED IN ORIGINAL RUN,NOT RECORDED IN ORIGINAL RUN,1,val,plasma_cell,plasma_cell,0
1,LORA_EXCLUDED_frozen,NOT RECORDED IN ORIGINAL RUN,NOT RECORDED IN ORIGINAL RUN,1,val,plasma_cell,histiocyte,0
1,LORA_EXCLUDED_frozen,NOT RECORDED IN ORIGINAL RUN,NOT RECORDED IN ORIGINAL RUN,1,val,plasma_cell,melanophage,0
1,LORA_EXCLUDED_frozen,NOT RECORDED IN ORIGINAL RUN,NOT RECORDED IN ORIGINAL RUN,1,val,plasma_cell,neutrophil,0
1,LORA_EXCLUDED_frozen,NOT RECORDED IN ORIGINAL RUN,NOT RECORDED IN ORIGINAL RUN,1,val,plasma_cell,stroma,2
1,LORA_EXCLUDED_frozen,NOT RECORDED IN ORIGINAL RUN,NOT RECORDED IN ORIGINAL RUN,1,val,plasma_cell,epithelium,0
1,LORA_EXCLUDED_frozen,NOT RECORDED IN ORIGINAL RUN,NOT RECORDED IN ORIGINAL RUN,1,val,plasma_cell,endothelium,0
1,LORA_EXCLUDED_frozen,NOT RECORDED IN ORIGINAL RUN,NOT RECORDED IN ORIGINAL RUN,1,val,plasma_cell,apoptosis,0
1,LORA_EXCLUDED_frozen,NOT RECORDED IN ORIGINAL RUN,NOT RECORDED IN ORIGINAL RUN,1,val,histiocyte,tumor,0
1,LORA_EXCLUDED_frozen,NOT RECORDED IN ORIGINAL RUN,NOT RECORDED IN ORIGINAL RUN,1,val,histiocyte,lymphocyte,0
1,LORA_EXCLUDED_frozen,NOT RECORDED IN ORIGINAL RUN,NOT RECORDED IN ORIGINAL RUN,1,val,histiocyte,plasma_cell,0
1,LORA_EXCLUDED_frozen,NOT RECORDED IN ORIGINAL RUN,NOT RECORDED IN ORIGINAL RUN,1,val,histiocyte,histiocyte,1
1,LORA_EXCLUDED_frozen,NOT RECORDED IN ORIGINAL RUN,NOT RECORDED IN ORIGINAL RUN,1,val,histiocyte,melanophage,0
1,LORA_EXCLUDED_frozen,NOT RECORDED IN ORIGINAL RUN,NOT RECORDED IN ORIGINAL RUN,1,val,histiocyte,neutrophil,0
1,LORA_EXCLUDED_frozen,NOT RECORDED IN ORIGINAL RUN,NOT RECORDED IN ORIGINAL RUN,1,val,histiocyte,stroma,1
1,LORA_EXCLUDED_frozen,NOT RECORDED IN ORIGINAL RUN,NOT RECORDED IN ORIGINAL RUN,1,val,histiocyte,epithelium,0
1,LORA_EXCLUDED_frozen,NOT RECORDED IN ORIGINAL RUN,NOT RECORDED IN ORIGINAL RUN,1,val,histiocyte,endothelium,0
1,LORA_EXCLUDED_frozen,NOT RECORDED IN ORIGINAL RUN,NOT RECORDED IN ORIGINAL RUN,1,val,histiocyte,apoptosis,0
1,LORA_EXCLUDED_frozen,NOT RECORDED IN ORIGINAL RUN,NOT RECORDED IN ORIGINAL RUN,1,val,melanophage,tumor,0
1,LORA_EXCLUDED_frozen,NOT RECORDED IN ORIGINAL RUN,NOT RECORDED IN ORIGINAL RUN,1,val,melanophage,lymphocyte,0
1,LORA_EXCLUDED_frozen,NOT RECORDED IN ORIGINAL RUN,NOT RECORDED IN ORIGINAL RUN,1,val,melanophage,plasma_cell,0
1,LORA_EXCLUDED_frozen,NOT RECORDED IN ORIGINAL RUN,NOT RECORDED IN ORIGINAL RUN,1,val,melanophage,histiocyte,0
1,LORA_EXCLUDED_frozen,NOT RECORDED IN ORIGINAL RUN,NOT RECORDED IN ORIGINAL RUN,1,val,melanophage,melanophage,2
1,LORA_EXCLUDED_frozen,NOT RECORDED IN ORIGINAL RUN,NOT RECORDED IN ORIGINAL RUN,1,val,melanophage,neutrophil,0
1,LORA_EXCLUDED_frozen,NOT RECORDED IN ORIGINAL RUN,NOT RECORDED IN ORIGINAL RUN,1,val,melanophage,stroma,0
1,LORA_EXCLUDED_frozen,NOT RECORDED IN ORIGINAL RUN,NOT RECORDED IN ORIGINAL RUN,1,val,melanophage,epithelium,0
1,LORA_EXCLUDED_frozen,NOT RECORDED IN ORIGINAL RUN,NOT RECORDED IN ORIGINAL RUN,1,val,melanophage,endothelium,0
1,LORA_EXCLUDED_frozen,NOT RECORDED IN ORIGINAL RUN,NOT RECORDED IN ORIGINAL RUN,1,val,melanophage,apoptosis,0
1,LORA_EXCLUDED_frozen,NOT RECORDED IN ORIGINAL RUN,NOT RECORDED IN ORIGINAL RUN,1,val,neutrophil,tumor,0
1,LORA_EXCLUDED_frozen,NOT RECORDED IN ORIGINAL RUN,NOT RECORDED IN ORIGINAL RUN,1,val,neutrophil,lymphocyte,0
1,LORA_EXCLUDED_frozen,NOT RECORDED IN ORIGINAL RUN,NOT RECORDED IN ORIGINAL RUN,1,val,neutrophil,plasma_cell,0
1,LORA_EXCLUDED_frozen,NOT RECORDED IN ORIGINAL RUN,NOT RECORDED IN ORIGINAL RUN,1,val,neutrophil,histiocyte,0
1,LORA_EXCLUDED_frozen,NOT RECORDED IN ORIGINAL RUN,NOT RECORDED IN ORIGINAL RUN,1,val,neutrophil,melanophage,0
1,LORA_EXCLUDED_frozen,NOT RECORDED IN ORIGINAL RUN,NOT RECORDED IN ORIGINAL RUN,1,val,neutrophil,neutrophil,0
1,LORA_EXCLUDED_frozen,NOT RECORDED IN ORIGINAL RUN,NOT RECORDED IN ORIGINAL RUN,1,val,neutrophil,stroma,2
1,LORA_EXCLUDED_frozen,NOT RECORDED IN ORIGINAL RUN,NOT RECORDED IN ORIGINAL RUN,1,val,neutrophil,epithelium,0
1,LORA_EXCLUDED_frozen,NOT RECORDED IN ORIGINAL RUN,NOT RECORDED IN ORIGINAL RUN,1,val,neutrophil,endothelium,0
1,LORA_EXCLUDED_frozen,NOT RECORDED IN ORIGINAL RUN,NOT RECORDED IN ORIGINAL RUN,1,val,neutrophil,apoptosis,0
1,LORA_EXCLUDED_frozen,NOT RECORDED IN ORIGINAL RUN,NOT RECORDED IN ORIGINAL RUN,1,val,stroma,tumor,0
1,LORA_EXCLUDED_frozen,NOT RECORDED IN ORIGINAL RUN,NOT RECORDED IN ORIGINAL RUN,1,val,stroma,lymphocyte,0
1,LORA_EXCLUDED_frozen,NOT RECORDED IN ORIGINAL RUN,NOT RECORDED IN ORIGINAL RUN,1,val,stroma,plasma_cell,0
1,LORA_EXCLUDED_frozen,NOT RECORDED IN ORIGINAL RUN,NOT RECORDED IN ORIGINAL RUN,1,val,stroma,histiocyte,1
1,LORA_EXCLUDED_frozen,NOT RECORDED IN ORIGINAL RUN,NOT RECORDED IN ORIGINAL RUN,1,val,stroma,melanophage,0
1,LORA_EXCLUDED_frozen,NOT RECORDED IN ORIGINAL RUN,NOT RECORDED IN ORIGINAL RUN,1,val,stroma,neutrophil,0
1,LORA_EXCLUDED_frozen,NOT RECORDED IN ORIGINAL RUN,NOT RECORDED IN ORIGINAL RUN,1,val,stroma,stroma,1
1,LORA_EXCLUDED_frozen,NOT RECORDED IN ORIGINAL RUN,NOT RECORDED IN ORIGINAL RUN,1,val,stroma,epithelium,0
1,LORA_EXCLUDED_frozen,NOT RECORDED IN ORIGINAL RUN,NOT RECORDED IN ORIGINAL RUN,1,val,stroma,endothelium,0
1,LORA_EXCLUDED_frozen,NOT RECORDED IN ORIGINAL RUN,NOT RECORDED IN ORIGINAL RUN,1,val,stroma,apoptosis,0
1,LORA_EXCLUDED_frozen,NOT RECORDED IN ORIGINAL RUN,NOT RECORDED IN ORIGINAL RUN,1,val,epithelium,tumor,0
1,LORA_EXCLUDED_frozen,NOT RECORDED IN ORIGINAL RUN,NOT RECORDED IN ORIGINAL RUN,1,val,epithelium,lymphocyte,0
1,LORA_EXCLUDED_frozen,NOT RECORDED IN ORIGINAL RUN,NOT RECORDED IN ORIGINAL RUN,1,val,epithelium,plasma_cell,0
1,LORA_EXCLUDED_frozen,NOT RECORDED IN ORIGINAL RUN,NOT RECORDED IN ORIGINAL RUN,1,val,epithelium,histiocyte,0
1,LORA_EXCLUDED_frozen,NOT RECORDED IN ORIGINAL RUN,NOT RECORDED IN ORIGINAL RUN,1,val,epithelium,melanophage,0
1,LORA_EXCLUDED_frozen,NOT RECORDED IN ORIGINAL RUN,NOT RECORDED IN ORIGINAL RUN,1,val,epithelium,neutrophil,0
1,LORA_EXCLUDED_frozen,NOT RECORDED IN ORIGINAL RUN,NOT RECORDED IN ORIGINAL RUN,1,val,epithelium,stroma,2
1,LORA_EXCLUDED_frozen,NOT RECORDED IN ORIGINAL RUN,NOT RECORDED IN ORIGINAL RUN,1,val,epithelium,epithelium,0
1,LORA_EXCLUDED_frozen,NOT RECORDED IN ORIGINAL RUN,NOT RECORDED IN ORIGINAL RUN,1,val,epithelium,endothelium,0
1,LORA_EXCLUDED_frozen,NOT RECORDED IN ORIGINAL RUN,NOT RECORDED IN ORIGINAL RUN,1,val,epithelium,apoptosis,0
1,LORA_EXCLUDED_frozen,NOT RECORDED IN ORIGINAL RUN,NOT RECORDED IN ORIGINAL RUN,1,val,endothelium,tumor,0
1,LORA_EXCLUDED_frozen,NOT RECORDED IN ORIGINAL RUN,NOT RECORDED IN ORIGINAL RUN,1,val,endothelium,lymphocyte,1
1,LORA_EXCLUDED_frozen,NOT RECORDED IN ORIGINAL RUN,NOT RECORDED IN ORIGINAL RUN,1,val,endothelium,plasma_cell,0
1,LORA_EXCLUDED_frozen,NOT RECORDED IN ORIGINAL RUN,NOT RECORDED IN ORIGINAL RUN,1,val,endothelium,histiocyte,1
1,LORA_EXCLUDED_frozen,NOT RECORDED IN ORIGINAL RUN,NOT RECORDED IN ORIGINAL RUN,1,val,endothelium,melanophage,0
1,LORA_EXCLUDED_frozen,NOT RECORDED IN ORIGINAL RUN,NOT RECORDED IN ORIGINAL RUN,1,val,endothelium,neutrophil,0
1,LORA_EXCLUDED_frozen,NOT RECORDED IN ORIGINAL RUN,NOT RECORDED IN ORIGINAL RUN,1,val,endothelium,stroma,0
1,LORA_EXCLUDED_frozen,NOT RECORDED IN ORIGINAL RUN,NOT RECORDED IN ORIGINAL RUN,1,val,endothelium,epithelium,0
1,LORA_EXCLUDED_frozen,NOT RECORDED IN ORIGINAL RUN,NOT RECORDED IN ORIGINAL RUN,1,val,endothelium,endothelium,0
1,LORA_EXCLUDED_frozen,NOT RECORDED IN ORIGINAL RUN,NOT RECORDED IN ORIGINAL RUN,1,val,endothelium,apoptosis,0
1,LORA_EXCLUDED_frozen,NOT RECORDED IN ORIGINAL RUN,NOT RECORDED IN ORIGINAL RUN,1,val,apoptosis,tumor,0
1,LORA_EXCLUDED_frozen,NOT RECORDED IN ORIGINAL RUN,NOT RECORDED IN ORIGINAL RUN,1,val,apoptosis,lymphocyte,0
1,LORA_EXCLUDED_frozen,NOT RECORDED IN ORIGINAL RUN,NOT RECORDED IN ORIGINAL RUN,1,val,apoptosis,plasma_cell,0
1,LORA_EXCLUDED_frozen,NOT RECORDED IN ORIGINAL RUN,NOT RECORDED IN ORIGINAL RUN,1,val,apoptosis,histiocyte,0
1,LORA_EXCLUDED_frozen,NOT RECORDED IN ORIGINAL RUN,NOT RECORDED IN ORIGINAL RUN,1,val,apoptosis,melanophage,0
1,LORA_EXCLUDED_frozen,NOT RECORDED IN ORIGINAL RUN,NOT RECORDED IN ORIGINAL RUN,1,val,apoptosis,neutrophil,0
1,LORA_EXCLUDED_frozen,NOT RECORDED IN ORIGINAL RUN,NOT RECORDED IN ORIGINAL RUN,1,val,apoptosis,stroma,2
1,LORA_EXCLUDED_frozen,NOT RECORDED IN ORIGINAL RUN,NOT RECORDED IN ORIGINAL RUN,1,val,apoptosis,epithelium,0
1,LORA_EXCLUDED_frozen,NOT RECORDED IN ORIGINAL RUN,NOT RECORDED IN ORIGINAL RUN,1,val,apoptosis,endothelium,0
1,LORA_EXCLUDED_frozen,NOT RECORDED IN ORIGINAL RUN,NOT RECORDED IN ORIGINAL RUN,1,val,apoptosis,apoptosis,0
1,LORA_EXCLUDED_frozen,NOT RECORDED IN ORIGINAL RUN,NOT RECORDED IN ORIGINAL RUN,2,train,tumor,tumor,2
1,LORA_EXCLUDED_frozen,NOT RECORDED IN ORIGINAL RUN,NOT RECORDED IN ORIGINAL RUN,2,train,tumor,lymphocyte,0
1,LORA_EXCLUDED_frozen,NOT RECORDED IN ORIGINAL RUN,NOT RECORDED IN ORIGINAL RUN,2,train,tumor,plasma_cell,0
1,LORA_EXCLUDED_frozen,NOT RECORDED IN ORIGINAL RUN,NOT RECORDED IN ORIGINAL RUN,2,train,tumor,histiocyte,0
1,LORA_EXCLUDED_frozen,NOT RECORDED IN ORIGINAL RUN,NOT RECORDED IN ORIGINAL RUN,2,train,tumor,melanophage,0
1,LORA_EXCLUDED_frozen,NOT RECORDED IN ORIGINAL RUN,NOT RECORDED IN ORIGINAL RUN,2,train,tumor,neutrophil,0
1,LORA_EXCLUDED_frozen,NOT RECORDED IN ORIGINAL RUN,NOT RECORDED IN ORIGINAL RUN,2,train,tumor,stroma,0
1,LORA_EXCLUDED_frozen,NOT RECORDED IN ORIGINAL RUN,NOT RECORDED IN ORIGINAL RUN,2,train,tumor,epithelium,0
1,LORA_EXCLUDED_frozen,NOT RECORDED IN ORIGINAL RUN,NOT RECORDED IN ORIGINAL RUN,2,train,tumor,endothelium,0
1,LORA_EXCLUDED_frozen,NOT RECORDED IN ORIGINAL RUN,NOT RECORDED IN ORIGINAL RUN,2,train,tumor,apoptosis,1
1,LORA_EXCLUDED_frozen,NOT RECORDED IN ORIGINAL RUN,NOT RECORDED IN ORIGINAL RUN,2,train,lymphocyte,tumor,0
1,LORA_EXCLUDED_frozen,NOT RECORDED IN ORIGINAL RUN,NOT RECORDED IN ORIGINAL RUN,2,train,lymphocyte,lymphocyte,3
1,LORA_EXCLUDED_frozen,NOT RECORDED IN ORIGINAL RUN,NOT RECORDED IN ORIGINAL RUN,2,train,lymphocyte,plasma_cell,0
1,LORA_EXCLUDED_frozen,NOT RECORDED IN ORIGINAL RUN,NOT RECORDED IN ORIGINAL RUN,2,train,lymphocyte,histiocyte,0
1,LORA_EXCLUDED_frozen,NOT RECORDED IN ORIGINAL RUN,NOT RECORDED IN ORIGINAL RUN,2,train,lymphocyte,melanophage,0
1,LORA_EXCLUDED_frozen,NOT RECORDED IN ORIGINAL RUN,NOT RECORDED IN ORIGINAL RUN,2,train,lymphocyte,neutrophil,0
1,LORA_EXCLUDED_frozen,NOT RECORDED IN ORIGINAL RUN,NOT RECORDED IN ORIGINAL RUN,2,train,lymphocyte,stroma,0
1,LORA_EXCLUDED_frozen,NOT RECORDED IN ORIGINAL RUN,NOT RECORDED IN ORIGINAL RUN,2,train,lymphocyte,epithelium,0
1,LORA_EXCLUDED_frozen,NOT RECORDED IN ORIGINAL RUN,NOT RECORDED IN ORIGINAL RUN,2,train,lymphocyte,endothelium,0
1,LORA_EXCLUDED_frozen,NOT RECORDED IN ORIGINAL RUN,NOT RECORDED IN ORIGINAL RUN,2,train,lymphocyte,apoptosis,0
1,LORA_EXCLUDED_frozen,NOT RECORDED IN ORIGINAL RUN,NOT RECORDED IN ORIGINAL RUN,2,train,plasma_cell,tumor,0
1,LORA_EXCLUDED_frozen,NOT RECORDED IN ORIGINAL RUN,NOT RECORDED IN ORIGINAL RUN,2,train,plasma_cell,lymphocyte,0
1,LORA_EXCLUDED_frozen,NOT RECORDED IN ORIGINAL RUN,NOT RECORDED IN ORIGINAL RUN,2,train,plasma_cell,plasma_cell,3
1,LORA_EXCLUDED_frozen,NOT RECORDED IN ORIGINAL RUN,NOT RECORDED IN ORIGINAL RUN,2,train,plasma_cell,histiocyte,0
1,LORA_EXCLUDED_frozen,NOT RECORDED IN ORIGINAL RUN,NOT RECORDED IN ORIGINAL RUN,2,train,plasma_cell,melanophage,0
1,LORA_EXCLUDED_frozen,NOT RECORDED IN ORIGINAL RUN,NOT RECORDED IN ORIGINAL RUN,2,train,plasma_cell,neutrophil,0
1,LORA_EXCLUDED_frozen,NOT RECORDED IN ORIGINAL RUN,NOT RECORDED IN ORIGINAL RUN,2,train,plasma_cell,stroma,0
1,LORA_EXCLUDED_frozen,NOT RECORDED IN ORIGINAL RUN,NOT RECORDED IN ORIGINAL RUN,2,train,plasma_cell,epithelium,0
1,LORA_EXCLUDED_frozen,NOT RECORDED IN ORIGINAL RUN,NOT RECORDED IN ORIGINAL RUN,2,train,plasma_cell,endothelium,0
1,LORA_EXCLUDED_frozen,NOT RECORDED IN ORIGINAL RUN,NOT RECORDED IN ORIGINAL RUN,2,train,plasma_cell,apoptosis,0
1,LORA_EXCLUDED_frozen,NOT RECORDED IN ORIGINAL RUN,NOT RECORDED IN ORIGINAL RUN,2,train,histiocyte,tumor,0
1,LORA_EXCLUDED_frozen,NOT RECORDED IN ORIGINAL RUN,NOT RECORDED IN ORIGINAL RUN,2,train,histiocyte,lymphocyte,0
1,LORA_EXCLUDED_frozen,NOT RECORDED IN ORIGINAL RUN,NOT RECORDED IN ORIGINAL RUN,2,train,histiocyte,plasma_cell,0
1,LORA_EXCLUDED_frozen,NOT RECORDED IN ORIGINAL RUN,NOT RECORDED IN ORIGINAL RUN,2,train,histiocyte,histiocyte,3
1,LORA_EXCLUDED_frozen,NOT RECORDED IN ORIGINAL RUN,NOT RECORDED IN ORIGINAL RUN,2,train,histiocyte,melanophage,0
1,LORA_EXCLUDED_frozen,NOT RECORDED IN ORIGINAL RUN,NOT RECORDED IN ORIGINAL RUN,2,train,histiocyte,neutrophil,0
1,LORA_EXCLUDED_frozen,NOT RECORDED IN ORIGINAL RUN,NOT RECORDED IN ORIGINAL RUN,2,train,histiocyte,stroma,0
1,LORA_EXCLUDED_frozen,NOT RECORDED IN ORIGINAL RUN,NOT RECORDED IN ORIGINAL RUN,2,train,histiocyte,epithelium,0
1,LORA_EXCLUDED_frozen,NOT RECORDED IN ORIGINAL RUN,NOT RECORDED IN ORIGINAL RUN,2,train,histiocyte,endothelium,0
1,LORA_EXCLUDED_frozen,NOT RECORDED IN ORIGINAL RUN,NOT RECORDED IN ORIGINAL RUN,2,train,histiocyte,apoptosis,0
1,LORA_EXCLUDED_frozen,NOT RECORDED IN ORIGINAL RUN,NOT RECORDED IN ORIGINAL RUN,2,train,melanophage,tumor,0
1,LORA_EXCLUDED_frozen,NOT RECORDED IN ORIGINAL RUN,NOT RECORDED IN ORIGINAL RUN,2,train,melanophage,lymphocyte,0
1,LORA_EXCLUDED_frozen,NOT RECORDED IN ORIGINAL RUN,NOT RECORDED IN ORIGINAL RUN,2,train,melanophage,plasma_cell,0
1,LORA_EXCLUDED_frozen,NOT RECORDED IN ORIGINAL RUN,NOT RECORDED IN ORIGINAL RUN,2,train,melanophage,histiocyte,0
1,LORA_EXCLUDED_frozen,NOT RECORDED IN ORIGINAL RUN,NOT RECORDED IN ORIGINAL RUN,2,train,melanophage,melanophage,2
1,LORA_EXCLUDED_frozen,NOT RECORDED IN ORIGINAL RUN,NOT RECORDED IN ORIGINAL RUN,2,train,melanophage,neutrophil,0
1,LORA_EXCLUDED_frozen,NOT RECORDED IN ORIGINAL RUN,NOT RECORDED IN ORIGINAL RUN,2,train,melanophage,stroma,0
1,LORA_EXCLUDED_frozen,NOT RECORDED IN ORIGINAL RUN,NOT RECORDED IN ORIGINAL RUN,2,train,melanophage,epithelium,1
1,LORA_EXCLUDED_frozen,NOT RECORDED IN ORIGINAL RUN,NOT RECORDED IN ORIGINAL RUN,2,train,melanophage,endothelium,0
1,LORA_EXCLUDED_frozen,NOT RECORDED IN ORIGINAL RUN,NOT RECORDED IN ORIGINAL RUN,2,train,melanophage,apoptosis,0
1,LORA_EXCLUDED_frozen,NOT RECORDED IN ORIGINAL RUN,NOT RECORDED IN ORIGINAL RUN,2,train,neutrophil,tumor,0
1,LORA_EXCLUDED_frozen,NOT RECORDED IN ORIGINAL RUN,NOT RECORDED IN ORIGINAL RUN,2,train,neutrophil,lymphocyte,0
1,LORA_EXCLUDED_frozen,NOT RECORDED IN ORIGINAL RUN,NOT RECORDED IN ORIGINAL RUN,2,train,neutrophil,plasma_cell,0
1,LORA_EXCLUDED_frozen,NOT RECORDED IN ORIGINAL RUN,NOT RECORDED IN ORIGINAL RUN,2,train,neutrophil,histiocyte,0
1,LORA_EXCLUDED_frozen,NOT RECORDED IN ORIGINAL RUN,NOT RECORDED IN ORIGINAL RUN,2,train,neutrophil,melanophage,0
1,LORA_EXCLUDED_frozen,NOT RECORDED IN ORIGINAL RUN,NOT RECORDED IN ORIGINAL RUN,2,train,neutrophil,neutrophil,3
1,LORA_EXCLUDED_frozen,NOT RECORDED IN ORIGINAL RUN,NOT RECORDED IN ORIGINAL RUN,2,train,neutrophil,stroma,0
1,LORA_EXCLUDED_frozen,NOT RECORDED IN ORIGINAL RUN,NOT RECORDED IN ORIGINAL RUN,2,train,neutrophil,epithelium,0
1,LORA_EXCLUDED_frozen,NOT RECORDED IN ORIGINAL RUN,NOT RECORDED IN ORIGINAL RUN,2,train,neutrophil,endothelium,0
1,LORA_EXCLUDED_frozen,NOT RECORDED IN ORIGINAL RUN,NOT RECORDED IN ORIGINAL RUN,2,train,neutrophil,apoptosis,0
1,LORA_EXCLUDED_frozen,NOT RECORDED IN ORIGINAL RUN,NOT RECORDED IN ORIGINAL RUN,2,train,stroma,tumor,0
1,LORA_EXCLUDED_frozen,NOT RECORDED IN ORIGINAL RUN,NOT RECORDED IN ORIGINAL RUN,2,train,stroma,lymphocyte,0
1,LORA_EXCLUDED_frozen,NOT RECORDED IN ORIGINAL RUN,NOT RECORDED IN ORIGINAL RUN,2,train,stroma,plasma_cell,0
1,LORA_EXCLUDED_frozen,NOT RECORDED IN ORIGINAL RUN,NOT RECORDED IN ORIGINAL RUN,2,train,stroma,histiocyte,1
1,LORA_EXCLUDED_frozen,NOT RECORDED IN ORIGINAL RUN,NOT RECORDED IN ORIGINAL RUN,2,train,stroma,melanophage,0
1,LORA_EXCLUDED_frozen,NOT RECORDED IN ORIGINAL RUN,NOT RECORDED IN ORIGINAL RUN,2,train,stroma,neutrophil,0
1,LORA_EXCLUDED_frozen,NOT RECORDED IN ORIGINAL RUN,NOT RECORDED IN ORIGINAL RUN,2,train,stroma,stroma,2
1,LORA_EXCLUDED_frozen,NOT RECORDED IN ORIGINAL RUN,NOT RECORDED IN ORIGINAL RUN,2,train,stroma,epithelium,0
1,LORA_EXCLUDED_frozen,NOT RECORDED IN ORIGINAL RUN,NOT RECORDED IN ORIGINAL RUN,2,train,stroma,endothelium,0
1,LORA_EXCLUDED_frozen,NOT RECORDED IN ORIGINAL RUN,NOT RECORDED IN ORIGINAL RUN,2,train,stroma,apoptosis,0
1,LORA_EXCLUDED_frozen,NOT RECORDED IN ORIGINAL RUN,NOT RECORDED IN ORIGINAL RUN,2,train,epithelium,tumor,0
1,LORA_EXCLUDED_frozen,NOT RECORDED IN ORIGINAL RUN,NOT RECORDED IN ORIGINAL RUN,2,train,epithelium,lymphocyte,0
1,LORA_EXCLUDED_frozen,NOT RECORDED IN ORIGINAL RUN,NOT RECORDED IN ORIGINAL RUN,2,train,epithelium,plasma_cell,0
1,LORA_EXCLUDED_frozen,NOT RECORDED IN ORIGINAL RUN,NOT RECORDED IN ORIGINAL RUN,2,train,epithelium,histiocyte,0
1,LORA_EXCLUDED_frozen,NOT RECORDED IN ORIGINAL RUN,NOT RECORDED IN ORIGINAL RUN,2,train,epithelium,melanophage,0
1,LORA_EXCLUDED_frozen,NOT RECORDED IN ORIGINAL RUN,NOT RECORDED IN ORIGINAL RUN,2,train,epithelium,neutrophil,0
1,LORA_EXCLUDED_frozen,NOT RECORDED IN ORIGINAL RUN,NOT RECORDED IN ORIGINAL RUN,2,train,epithelium,stroma,0
1,LORA_EXCLUDED_frozen,NOT RECORDED IN ORIGINAL RUN,NOT RECORDED IN ORIGINAL RUN,2,train,epithelium,epithelium,3
1,LORA_EXCLUDED_frozen,NOT RECORDED IN ORIGINAL RUN,NOT RECORDED IN ORIGINAL RUN,2,train,epithelium,endothelium,0
1,LORA_EXCLUDED_frozen,NOT RECORDED IN ORIGINAL RUN,NOT RECORDED IN ORIGINAL RUN,2,train,epithelium,apoptosis,0
1,LORA_EXCLUDED_frozen,NOT RECORDED IN ORIGINAL RUN,NOT RECORDED IN ORIGINAL RUN,2,train,endothelium,tumor,0
1,LORA_EXCLUDED_frozen,NOT RECORDED IN ORIGINAL RUN,NOT RECORDED IN ORIGINAL RUN,2,train,endothelium,lymphocyte,0
1,LORA_EXCLUDED_frozen,NOT RECORDED IN ORIGINAL RUN,NOT RECORDED IN ORIGINAL RUN,2,train,endothelium,plasma_cell,0
1,LORA_EXCLUDED_frozen,NOT RECORDED IN ORIGINAL RUN,NOT RECORDED IN ORIGINAL RUN,2,train,endothelium,histiocyte,0
1,LORA_EXCLUDED_frozen,NOT RECORDED IN ORIGINAL RUN,NOT RECORDED IN ORIGINAL RUN,2,train,endothelium,melanophage,0
1,LORA_EXCLUDED_frozen,NOT RECORDED IN ORIGINAL RUN,NOT RECORDED IN ORIGINAL RUN,2,train,endothelium,neutrophil,0
1,LORA_EXCLUDED_frozen,NOT RECORDED IN ORIGINAL RUN,NOT RECORDED IN ORIGINAL RUN,2,train,endothelium,stroma,0
1,LORA_EXCLUDED_frozen,NOT RECORDED IN ORIGINAL RUN,NOT RECORDED IN ORIGINAL RUN,2,train,endothelium,epithelium,0
1,LORA_EXCLUDED_frozen,NOT RECORDED IN ORIGINAL RUN,NOT RECORDED IN ORIGINAL RUN,2,train,endothelium,endothelium,3
1,LORA_EXCLUDED_frozen,NOT RECORDED IN ORIGINAL RUN,NOT RECORDED IN ORIGINAL RUN,2,train,endothelium,apoptosis,0
1,LORA_EXCLUDED_frozen,NOT RECORDED IN ORIGINAL RUN,NOT RECORDED IN ORIGINAL RUN,2,train,apoptosis,tumor,0
1,LORA_EXCLUDED_frozen,NOT RECORDED IN ORIGINAL RUN,NOT RECORDED IN ORIGINAL RUN,2,train,apoptosis,lymphocyte,0
1,LORA_EXCLUDED_frozen,NOT RECORDED IN ORIGINAL RUN,NOT RECORDED IN ORIGINAL RUN,2,train,apoptosis,plasma_cell,0
1,LORA_EXCLUDED_frozen,NOT RECORDED IN ORIGINAL RUN,NOT RECORDED IN ORIGINAL RUN,2,train,apoptosis,histiocyte,0
1,LORA_EXCLUDED_frozen,NOT RECORDED IN ORIGINAL RUN,NOT RECORDED IN ORIGINAL RUN,2,train,apoptosis,melanophage,0
1,LORA_EXCLUDED_frozen,NOT RECORDED IN ORIGINAL RUN,NOT RECORDED IN ORIGINAL RUN,2,train,apoptosis,neutrophil,0
1,LORA_EXCLUDED_frozen,NOT RECORDED IN ORIGINAL RUN,NOT RECORDED IN ORIGINAL RUN,2,train,apoptosis,stroma,0
1,LORA_EXCLUDED_frozen,NOT RECORDED IN ORIGINAL RUN,NOT RECORDED IN ORIGINAL RUN,2,train,apoptosis,epithelium,0
1,LORA_EXCLUDED_frozen,NOT RECORDED IN ORIGINAL RUN,NOT RECORDED IN ORIGINAL RUN,2,train,apoptosis,endothelium,0
1,LORA_EXCLUDED_frozen,NOT RECORDED IN ORIGINAL RUN,NOT RECORDED IN ORIGINAL RUN,2,train,apoptosis,apoptosis,3
1,LORA_EXCLUDED_frozen,NOT RECORDED IN ORIGINAL RUN,NOT RECORDED IN ORIGINAL RUN,2,val,tumor,tumor,0
1,LORA_EXCLUDED_frozen,NOT RECORDED IN ORIGINAL RUN,NOT RECORDED IN ORIGINAL RUN,2,val,tumor,lymphocyte,0
1,LORA_EXCLUDED_frozen,NOT RECORDED IN ORIGINAL RUN,NOT RECORDED IN ORIGINAL RUN,2,val,tumor,plasma_cell,0
1,LORA_EXCLUDED_frozen,NOT RECORDED IN ORIGINAL RUN,NOT RECORDED IN ORIGINAL RUN,2,val,tumor,histiocyte,0
1,LORA_EXCLUDED_frozen,NOT RECORDED IN ORIGINAL RUN,NOT RECORDED IN ORIGINAL RUN,2,val,tumor,melanophage,0
1,LORA_EXCLUDED_frozen,NOT RECORDED IN ORIGINAL RUN,NOT RECORDED IN ORIGINAL RUN,2,val,tumor,neutrophil,1
1,LORA_EXCLUDED_frozen,NOT RECORDED IN ORIGINAL RUN,NOT RECORDED IN ORIGINAL RUN,2,val,tumor,stroma,0
1,LORA_EXCLUDED_frozen,NOT RECORDED IN ORIGINAL RUN,NOT RECORDED IN ORIGINAL RUN,2,val,tumor,epithelium,0
1,LORA_EXCLUDED_frozen,NOT RECORDED IN ORIGINAL RUN,NOT RECORDED IN ORIGINAL RUN,2,val,tumor,endothelium,0
1,LORA_EXCLUDED_frozen,NOT RECORDED IN ORIGINAL RUN,NOT RECORDED IN ORIGINAL RUN,2,val,tumor,apoptosis,1
1,LORA_EXCLUDED_frozen,NOT RECORDED IN ORIGINAL RUN,NOT RECORDED IN ORIGINAL RUN,2,val,lymphocyte,tumor,0
1,LORA_EXCLUDED_frozen,NOT RECORDED IN ORIGINAL RUN,NOT RECORDED IN ORIGINAL RUN,2,val,lymphocyte,lymphocyte,0
1,LORA_EXCLUDED_frozen,NOT RECORDED IN ORIGINAL RUN,NOT RECORDED IN ORIGINAL RUN,2,val,lymphocyte,plasma_cell,0
1,LORA_EXCLUDED_frozen,NOT RECORDED IN ORIGINAL RUN,NOT RECORDED IN ORIGINAL RUN,2,val,lymphocyte,histiocyte,0
1,LORA_EXCLUDED_frozen,NOT RECORDED IN ORIGINAL RUN,NOT RECORDED IN ORIGINAL RUN,2,val,lymphocyte,melanophage,0
1,LORA_EXCLUDED_frozen,NOT RECORDED IN ORIGINAL RUN,NOT RECORDED IN ORIGINAL RUN,2,val,lymphocyte,neutrophil,1
1,LORA_EXCLUDED_frozen,NOT RECORDED IN ORIGINAL RUN,NOT RECORDED IN ORIGINAL RUN,2,val,lymphocyte,stroma,0
1,LORA_EXCLUDED_frozen,NOT RECORDED IN ORIGINAL RUN,NOT RECORDED IN ORIGINAL RUN,2,val,lymphocyte,epithelium,0
1,LORA_EXCLUDED_frozen,NOT RECORDED IN ORIGINAL RUN,NOT RECORDED IN ORIGINAL RUN,2,val,lymphocyte,endothelium,0
1,LORA_EXCLUDED_frozen,NOT RECORDED IN ORIGINAL RUN,NOT RECORDED IN ORIGINAL RUN,2,val,lymphocyte,apoptosis,1
1,LORA_EXCLUDED_frozen,NOT RECORDED IN ORIGINAL RUN,NOT RECORDED IN ORIGINAL RUN,2,val,plasma_cell,tumor,0
1,LORA_EXCLUDED_frozen,NOT RECORDED IN ORIGINAL RUN,NOT RECORDED IN ORIGINAL RUN,2,val,plasma_cell,lymphocyte,0
1,LORA_EXCLUDED_frozen,NOT RECORDED IN ORIGINAL RUN,NOT RECORDED IN ORIGINAL RUN,2,val,plasma_cell,plasma_cell,0
1,LORA_EXCLUDED_frozen,NOT RECORDED IN ORIGINAL RUN,NOT RECORDED IN ORIGINAL RUN,2,val,plasma_cell,histiocyte,0
1,LORA_EXCLUDED_frozen,NOT RECORDED IN ORIGINAL RUN,NOT RECORDED IN ORIGINAL RUN,2,val,plasma_cell,melanophage,0
1,LORA_EXCLUDED_frozen,NOT RECORDED IN ORIGINAL RUN,NOT RECORDED IN ORIGINAL RUN,2,val,plasma_cell,neutrophil,0
1,LORA_EXCLUDED_frozen,NOT RECORDED IN ORIGINAL RUN,NOT RECORDED IN ORIGINAL RUN,2,val,plasma_cell,stroma,0
1,LORA_EXCLUDED_frozen,NOT RECORDED IN ORIGINAL RUN,NOT RECORDED IN ORIGINAL RUN,2,val,plasma_cell,epithelium,0
1,LORA_EXCLUDED_frozen,NOT RECORDED IN ORIGINAL RUN,NOT RECORDED IN ORIGINAL RUN,2,val,plasma_cell,endothelium,2
1,LORA_EXCLUDED_frozen,NOT RECORDED IN ORIGINAL RUN,NOT RECORDED IN ORIGINAL RUN,2,val,plasma_cell,apoptosis,0
1,LORA_EXCLUDED_frozen,NOT RECORDED IN ORIGINAL RUN,NOT RECORDED IN ORIGINAL RUN,2,val,histiocyte,tumor,0
1,LORA_EXCLUDED_frozen,NOT RECORDED IN ORIGINAL RUN,NOT RECORDED IN ORIGINAL RUN,2,val,histiocyte,lymphocyte,0
1,LORA_EXCLUDED_frozen,NOT RECORDED IN ORIGINAL RUN,NOT RECORDED IN ORIGINAL RUN,2,val,histiocyte,plasma_cell,0
1,LORA_EXCLUDED_frozen,NOT RECORDED IN ORIGINAL RUN,NOT RECORDED IN ORIGINAL RUN,2,val,histiocyte,histiocyte,0
1,LORA_EXCLUDED_frozen,NOT RECORDED IN ORIGINAL RUN,NOT RECORDED IN ORIGINAL RUN,2,val,histiocyte,melanophage,0
1,LORA_EXCLUDED_frozen,NOT RECORDED IN ORIGINAL RUN,NOT RECORDED IN ORIGINAL RUN,2,val,histiocyte,neutrophil,0
1,LORA_EXCLUDED_frozen,NOT RECORDED IN ORIGINAL RUN,NOT RECORDED IN ORIGINAL RUN,2,val,histiocyte,stroma,0
1,LORA_EXCLUDED_frozen,NOT RECORDED IN ORIGINAL RUN,NOT RECORDED IN ORIGINAL RUN,2,val,histiocyte,epithelium,1
1,LORA_EXCLUDED_frozen,NOT RECORDED IN ORIGINAL RUN,NOT RECORDED IN ORIGINAL RUN,2,val,histiocyte,endothelium,1
1,LORA_EXCLUDED_frozen,NOT RECORDED IN ORIGINAL RUN,NOT RECORDED IN ORIGINAL RUN,2,val,histiocyte,apoptosis,0
1,LORA_EXCLUDED_frozen,NOT RECORDED IN ORIGINAL RUN,NOT RECORDED IN ORIGINAL RUN,2,val,melanophage,tumor,0
1,LORA_EXCLUDED_frozen,NOT RECORDED IN ORIGINAL RUN,NOT RECORDED IN ORIGINAL RUN,2,val,melanophage,lymphocyte,0
1,LORA_EXCLUDED_frozen,NOT RECORDED IN ORIGINAL RUN,NOT RECORDED IN ORIGINAL RUN,2,val,melanophage,plasma_cell,0
1,LORA_EXCLUDED_frozen,NOT RECORDED IN ORIGINAL RUN,NOT RECORDED IN ORIGINAL RUN,2,val,melanophage,histiocyte,0
1,LORA_EXCLUDED_frozen,NOT RECORDED IN ORIGINAL RUN,NOT RECORDED IN ORIGINAL RUN,2,val,melanophage,melanophage,1
1,LORA_EXCLUDED_frozen,NOT RECORDED IN ORIGINAL RUN,NOT RECORDED IN ORIGINAL RUN,2,val,melanophage,neutrophil,0
1,LORA_EXCLUDED_frozen,NOT RECORDED IN ORIGINAL RUN,NOT RECORDED IN ORIGINAL RUN,2,val,melanophage,stroma,0
1,LORA_EXCLUDED_frozen,NOT RECORDED IN ORIGINAL RUN,NOT RECORDED IN ORIGINAL RUN,2,val,melanophage,epithelium,0
1,LORA_EXCLUDED_frozen,NOT RECORDED IN ORIGINAL RUN,NOT RECORDED IN ORIGINAL RUN,2,val,melanophage,endothelium,0
1,LORA_EXCLUDED_frozen,NOT RECORDED IN ORIGINAL RUN,NOT RECORDED IN ORIGINAL RUN,2,val,melanophage,apoptosis,1
1,LORA_EXCLUDED_frozen,NOT RECORDED IN ORIGINAL RUN,NOT RECORDED IN ORIGINAL RUN,2,val,neutrophil,tumor,0
1,LORA_EXCLUDED_frozen,NOT RECORDED IN ORIGINAL RUN,NOT RECORDED IN ORIGINAL RUN,2,val,neutrophil,lymphocyte,0
1,LORA_EXCLUDED_frozen,NOT RECORDED IN ORIGINAL RUN,NOT RECORDED IN ORIGINAL RUN,2,val,neutrophil,plasma_cell,1
1,LORA_EXCLUDED_frozen,NOT RECORDED IN ORIGINAL RUN,NOT RECORDED IN ORIGINAL RUN,2,val,neutrophil,histiocyte,0
1,LORA_EXCLUDED_frozen,NOT RECORDED IN ORIGINAL RUN,NOT RECORDED IN ORIGINAL RUN,2,val,neutrophil,melanophage,0
1,LORA_EXCLUDED_frozen,NOT RECORDED IN ORIGINAL RUN,NOT RECORDED IN ORIGINAL RUN,2,val,neutrophil,neutrophil,1
1,LORA_EXCLUDED_frozen,NOT RECORDED IN ORIGINAL RUN,NOT RECORDED IN ORIGINAL RUN,2,val,neutrophil,stroma,0
1,LORA_EXCLUDED_frozen,NOT RECORDED IN ORIGINAL RUN,NOT RECORDED IN ORIGINAL RUN,2,val,neutrophil,epithelium,0
1,LORA_EXCLUDED_frozen,NOT RECORDED IN ORIGINAL RUN,NOT RECORDED IN ORIGINAL RUN,2,val,neutrophil,endothelium,0
1,LORA_EXCLUDED_frozen,NOT RECORDED IN ORIGINAL RUN,NOT RECORDED IN ORIGINAL RUN,2,val,neutrophil,apoptosis,0
1,LORA_EXCLUDED_frozen,NOT RECORDED IN ORIGINAL RUN,NOT RECORDED IN ORIGINAL RUN,2,val,stroma,tumor,0
1,LORA_EXCLUDED_frozen,NOT RECORDED IN ORIGINAL RUN,NOT RECORDED IN ORIGINAL RUN,2,val,stroma,lymphocyte,0
1,LORA_EXCLUDED_frozen,NOT RECORDED IN ORIGINAL RUN,NOT RECORDED IN ORIGINAL RUN,2,val,stroma,plasma_cell,1
1,LORA_EXCLUDED_frozen,NOT RECORDED IN ORIGINAL RUN,NOT RECORDED IN ORIGINAL RUN,2,val,stroma,histiocyte,1
1,LORA_EXCLUDED_frozen,NOT RECORDED IN ORIGINAL RUN,NOT RECORDED IN ORIGINAL RUN,2,val,stroma,melanophage,0
1,LORA_EXCLUDED_frozen,NOT RECORDED IN ORIGINAL RUN,NOT RECORDED IN ORIGINAL RUN,2,val,stroma,neutrophil,0
1,LORA_EXCLUDED_frozen,NOT RECORDED IN ORIGINAL RUN,NOT RECORDED IN ORIGINAL RUN,2,val,stroma,stroma,0
1,LORA_EXCLUDED_frozen,NOT RECORDED IN ORIGINAL RUN,NOT RECORDED IN ORIGINAL RUN,2,val,stroma,epithelium,0
1,LORA_EXCLUDED_frozen,NOT RECORDED IN ORIGINAL RUN,NOT RECORDED IN ORIGINAL RUN,2,val,stroma,endothelium,0
1,LORA_EXCLUDED_frozen,NOT RECORDED IN ORIGINAL RUN,NOT RECORDED IN ORIGINAL RUN,2,val,stroma,apoptosis,0
1,LORA_EXCLUDED_frozen,NOT RECORDED IN ORIGINAL RUN,NOT RECORDED IN ORIGINAL RUN,2,val,epithelium,tumor,0
1,LORA_EXCLUDED_frozen,NOT RECORDED IN ORIGINAL RUN,NOT RECORDED IN ORIGINAL RUN,2,val,epithelium,lymphocyte,0
1,LORA_EXCLUDED_frozen,NOT RECORDED IN ORIGINAL RUN,NOT RECORDED IN ORIGINAL RUN,2,val,epithelium,plasma_cell,0
1,LORA_EXCLUDED_frozen,NOT RECORDED IN ORIGINAL RUN,NOT RECORDED IN ORIGINAL RUN,2,val,epithelium,histiocyte,0
1,LORA_EXCLUDED_frozen,NOT RECORDED IN ORIGINAL RUN,NOT RECORDED IN ORIGINAL RUN,2,val,epithelium,melanophage,0
1,LORA_EXCLUDED_frozen,NOT RECORDED IN ORIGINAL RUN,NOT RECORDED IN ORIGINAL RUN,2,val,epithelium,neutrophil,0
1,LORA_EXCLUDED_frozen,NOT RECORDED IN ORIGINAL RUN,NOT RECORDED IN ORIGINAL RUN,2,val,epithelium,stroma,0
1,LORA_EXCLUDED_frozen,NOT RECORDED IN ORIGINAL RUN,NOT RECORDED IN ORIGINAL RUN,2,val,epithelium,epithelium,1
1,LORA_EXCLUDED_frozen,NOT RECORDED IN ORIGINAL RUN,NOT RECORDED IN ORIGINAL RUN,2,val,epithelium,endothelium,1
1,LORA_EXCLUDED_frozen,NOT RECORDED IN ORIGINAL RUN,NOT RECORDED IN ORIGINAL RUN,2,val,epithelium,apoptosis,0
1,LORA_EXCLUDED_frozen,NOT RECORDED IN ORIGINAL RUN,NOT RECORDED IN ORIGINAL RUN,2,val,endothelium,tumor,0
1,LORA_EXCLUDED_frozen,NOT RECORDED IN ORIGINAL RUN,NOT RECORDED IN ORIGINAL RUN,2,val,endothelium,lymphocyte,1
1,LORA_EXCLUDED_frozen,NOT RECORDED IN ORIGINAL RUN,NOT RECORDED IN ORIGINAL RUN,2,val,endothelium,plasma_cell,0
1,LORA_EXCLUDED_frozen,NOT RECORDED IN ORIGINAL RUN,NOT RECORDED IN ORIGINAL RUN,2,val,endothelium,histiocyte,1
1,LORA_EXCLUDED_frozen,NOT RECORDED IN ORIGINAL RUN,NOT RECORDED IN ORIGINAL RUN,2,val,endothelium,melanophage,0
1,LORA_EXCLUDED_frozen,NOT RECORDED IN ORIGINAL RUN,NOT RECORDED IN ORIGINAL RUN,2,val,endothelium,neutrophil,0
1,LORA_EXCLUDED_frozen,NOT RECORDED IN ORIGINAL RUN,NOT RECORDED IN ORIGINAL RUN,2,val,endothelium,stroma,0
1,LORA_EXCLUDED_frozen,NOT RECORDED IN ORIGINAL RUN,NOT RECORDED IN ORIGINAL RUN,2,val,endothelium,epithelium,0
1,LORA_EXCLUDED_frozen,NOT RECORDED IN ORIGINAL RUN,NOT RECORDED IN ORIGINAL RUN,2,val,endothelium,endothelium,0
1,LORA_EXCLUDED_frozen,NOT RECORDED IN ORIGINAL RUN,NOT RECORDED IN ORIGINAL RUN,2,val,endothelium,apoptosis,0
1,LORA_EXCLUDED_frozen,NOT RECORDED IN ORIGINAL RUN,NOT RECORDED IN ORIGINAL RUN,2,val,apoptosis,tumor,0
1,LORA_EXCLUDED_frozen,NOT RECORDED IN ORIGINAL RUN,NOT RECORDED IN ORIGINAL RUN,2,val,apoptosis,lymphocyte,0
1,LORA_EXCLUDED_frozen,NOT RECORDED IN ORIGINAL RUN,NOT RECORDED IN ORIGINAL RUN,2,val,apoptosis,plasma_cell,0
1,LORA_EXCLUDED_frozen,NOT RECORDED IN ORIGINAL RUN,NOT RECORDED IN ORIGINAL RUN,2,val,apoptosis,histiocyte,0
1,LORA_EXCLUDED_frozen,NOT RECORDED IN ORIGINAL RUN,NOT RECORDED IN ORIGINAL RUN,2,val,apoptosis,melanophage,0
1,LORA_EXCLUDED_frozen,NOT RECORDED IN ORIGINAL RUN,NOT RECORDED IN ORIGINAL RUN,2,val,apoptosis,neutrophil,1
1,LORA_EXCLUDED_frozen,NOT RECORDED IN ORIGINAL RUN,NOT RECORDED IN ORIGINAL RUN,2,val,apoptosis,stroma,0
1,LORA_EXCLUDED_frozen,NOT RECORDED IN ORIGINAL RUN,NOT RECORDED IN ORIGINAL RUN,2,val,apoptosis,epithelium,0
1,LORA_EXCLUDED_frozen,NOT RECORDED IN ORIGINAL RUN,NOT RECORDED IN ORIGINAL RUN,2,val,apoptosis,endothelium,0
1,LORA_EXCLUDED_frozen,NOT RECORDED IN ORIGINAL RUN,NOT RECORDED IN ORIGINAL RUN,2,val,apoptosis,apoptosis,1
1,LORA_EXCLUDED_frozen,NOT RECORDED IN ORIGINAL RUN,NOT RECORDED IN ORIGINAL RUN,3,train,tumor,tumor,3
1,LORA_EXCLUDED_frozen,NOT RECORDED IN ORIGINAL RUN,NOT RECORDED IN ORIGINAL RUN,3,train,tumor,lymphocyte,0
1,LORA_EXCLUDED_frozen,NOT RECORDED IN ORIGINAL RUN,NOT RECORDED IN ORIGINAL RUN,3,train,tumor,plasma_cell,0
1,LORA_EXCLUDED_frozen,NOT RECORDED IN ORIGINAL RUN,NOT RECORDED IN ORIGINAL RUN,3,train,tumor,histiocyte,0
1,LORA_EXCLUDED_frozen,NOT RECORDED IN ORIGINAL RUN,NOT RECORDED IN ORIGINAL RUN,3,train,tumor,melanophage,0
1,LORA_EXCLUDED_frozen,NOT RECORDED IN ORIGINAL RUN,NOT RECORDED IN ORIGINAL RUN,3,train,tumor,neutrophil,0
1,LORA_EXCLUDED_frozen,NOT RECORDED IN ORIGINAL RUN,NOT RECORDED IN ORIGINAL RUN,3,train,tumor,stroma,0
1,LORA_EXCLUDED_frozen,NOT RECORDED IN ORIGINAL RUN,NOT RECORDED IN ORIGINAL RUN,3,train,tumor,epithelium,0
1,LORA_EXCLUDED_frozen,NOT RECORDED IN ORIGINAL RUN,NOT RECORDED IN ORIGINAL RUN,3,train,tumor,endothelium,0
1,LORA_EXCLUDED_frozen,NOT RECORDED IN ORIGINAL RUN,NOT RECORDED IN ORIGINAL RUN,3,train,tumor,apoptosis,0
1,LORA_EXCLUDED_frozen,NOT RECORDED IN ORIGINAL RUN,NOT RECORDED IN ORIGINAL RUN,3,train,lymphocyte,tumor,0
1,LORA_EXCLUDED_frozen,NOT RECORDED IN ORIGINAL RUN,NOT RECORDED IN ORIGINAL RUN,3,train,lymphocyte,lymphocyte,3
1,LORA_EXCLUDED_frozen,NOT RECORDED IN ORIGINAL RUN,NOT RECORDED IN ORIGINAL RUN,3,train,lymphocyte,plasma_cell,0
1,LORA_EXCLUDED_frozen,NOT RECORDED IN ORIGINAL RUN,NOT RECORDED IN ORIGINAL RUN,3,train,lymphocyte,histiocyte,0
1,LORA_EXCLUDED_frozen,NOT RECORDED IN ORIGINAL RUN,NOT RECORDED IN ORIGINAL RUN,3,train,lymphocyte,melanophage,0
1,LORA_EXCLUDED_frozen,NOT RECORDED IN ORIGINAL RUN,NOT RECORDED IN ORIGINAL RUN,3,train,lymphocyte,neutrophil,0
1,LORA_EXCLUDED_frozen,NOT RECORDED IN ORIGINAL RUN,NOT RECORDED IN ORIGINAL RUN,3,train,lymphocyte,stroma,0
1,LORA_EXCLUDED_frozen,NOT RECORDED IN ORIGINAL RUN,NOT RECORDED IN ORIGINAL RUN,3,train,lymphocyte,epithelium,0
1,LORA_EXCLUDED_frozen,NOT RECORDED IN ORIGINAL RUN,NOT RECORDED IN ORIGINAL RUN,3,train,lymphocyte,endothelium,0
1,LORA_EXCLUDED_frozen,NOT RECORDED IN ORIGINAL RUN,NOT RECORDED IN ORIGINAL RUN,3,train,lymphocyte,apoptosis,0
1,LORA_EXCLUDED_frozen,NOT RECORDED IN ORIGINAL RUN,NOT RECORDED IN ORIGINAL RUN,3,train,plasma_cell,tumor,0
1,LORA_EXCLUDED_frozen,NOT RECORDED IN ORIGINAL RUN,NOT RECORDED IN ORIGINAL RUN,3,train,plasma_cell,lymphocyte,0
1,LORA_EXCLUDED_frozen,NOT RECORDED IN ORIGINAL RUN,NOT RECORDED IN ORIGINAL RUN,3,train,plasma_cell,plasma_cell,3
1,LORA_EXCLUDED_frozen,NOT RECORDED IN ORIGINAL RUN,NOT RECORDED IN ORIGINAL RUN,3,train,plasma_cell,histiocyte,0
1,LORA_EXCLUDED_frozen,NOT RECORDED IN ORIGINAL RUN,NOT RECORDED IN ORIGINAL RUN,3,train,plasma_cell,melanophage,0
1,LORA_EXCLUDED_frozen,NOT RECORDED IN ORIGINAL RUN,NOT RECORDED IN ORIGINAL RUN,3,train,plasma_cell,neutrophil,0
1,LORA_EXCLUDED_frozen,NOT RECORDED IN ORIGINAL RUN,NOT RECORDED IN ORIGINAL RUN,3,train,plasma_cell,stroma,0
1,LORA_EXCLUDED_frozen,NOT RECORDED IN ORIGINAL RUN,NOT RECORDED IN ORIGINAL RUN,3,train,plasma_cell,epithelium,0
1,LORA_EXCLUDED_frozen,NOT RECORDED IN ORIGINAL RUN,NOT RECORDED IN ORIGINAL RUN,3,train,plasma_cell,endothelium,0
1,LORA_EXCLUDED_frozen,NOT RECORDED IN ORIGINAL RUN,NOT RECORDED IN ORIGINAL RUN,3,train,plasma_cell,apoptosis,0
1,LORA_EXCLUDED_frozen,NOT RECORDED IN ORIGINAL RUN,NOT RECORDED IN ORIGINAL RUN,3,train,histiocyte,tumor,0
1,LORA_EXCLUDED_frozen,NOT RECORDED IN ORIGINAL RUN,NOT RECORDED IN ORIGINAL RUN,3,train,histiocyte,lymphocyte,0
1,LORA_EXCLUDED_frozen,NOT RECORDED IN ORIGINAL RUN,NOT RECORDED IN ORIGINAL RUN,3,train,histiocyte,plasma_cell,0
1,LORA_EXCLUDED_frozen,NOT RECORDED IN ORIGINAL RUN,NOT RECORDED IN ORIGINAL RUN,3,train,histiocyte,histiocyte,3
1,LORA_EXCLUDED_frozen,NOT RECORDED IN ORIGINAL RUN,NOT RECORDED IN ORIGINAL RUN,3,train,histiocyte,melanophage,0
1,LORA_EXCLUDED_frozen,NOT RECORDED IN ORIGINAL RUN,NOT RECORDED IN ORIGINAL RUN,3,train,histiocyte,neutrophil,0
1,LORA_EXCLUDED_frozen,NOT RECORDED IN ORIGINAL RUN,NOT RECORDED IN ORIGINAL RUN,3,train,histiocyte,stroma,0
1,LORA_EXCLUDED_frozen,NOT RECORDED IN ORIGINAL RUN,NOT RECORDED IN ORIGINAL RUN,3,train,histiocyte,epithelium,0
1,LORA_EXCLUDED_frozen,NOT RECORDED IN ORIGINAL RUN,NOT RECORDED IN ORIGINAL RUN,3,train,histiocyte,endothelium,0
1,LORA_EXCLUDED_frozen,NOT RECORDED IN ORIGINAL RUN,NOT RECORDED IN ORIGINAL RUN,3,train,histiocyte,apoptosis,0
1,LORA_EXCLUDED_frozen,NOT RECORDED IN ORIGINAL RUN,NOT RECORDED IN ORIGINAL RUN,3,train,melanophage,tumor,1
1,LORA_EXCLUDED_frozen,NOT RECORDED IN ORIGINAL RUN,NOT RECORDED IN ORIGINAL RUN,3,train,melanophage,lymphocyte,0
1,LORA_EXCLUDED_frozen,NOT RECORDED IN ORIGINAL RUN,NOT RECORDED IN ORIGINAL RUN,3,train,melanophage,plasma_cell,0
1,LORA_EXCLUDED_frozen,NOT RECORDED IN ORIGINAL RUN,NOT RECORDED IN ORIGINAL RUN,3,train,melanophage,histiocyte,0
1,LORA_EXCLUDED_frozen,NOT RECORDED IN ORIGINAL RUN,NOT RECORDED IN ORIGINAL RUN,3,train,melanophage,melanophage,2
1,LORA_EXCLUDED_frozen,NOT RECORDED IN ORIGINAL RUN,NOT RECORDED IN ORIGINAL RUN,3,train,melanophage,neutrophil,0
1,LORA_EXCLUDED_frozen,NOT RECORDED IN ORIGINAL RUN,NOT RECORDED IN ORIGINAL RUN,3,train,melanophage,stroma,0
1,LORA_EXCLUDED_frozen,NOT RECORDED IN ORIGINAL RUN,NOT RECORDED IN ORIGINAL RUN,3,train,melanophage,epithelium,0
1,LORA_EXCLUDED_frozen,NOT RECORDED IN ORIGINAL RUN,NOT RECORDED IN ORIGINAL RUN,3,train,melanophage,endothelium,0
1,LORA_EXCLUDED_frozen,NOT RECORDED IN ORIGINAL RUN,NOT RECORDED IN ORIGINAL RUN,3,train,melanophage,apoptosis,0
1,LORA_EXCLUDED_frozen,NOT RECORDED IN ORIGINAL RUN,NOT RECORDED IN ORIGINAL RUN,3,train,neutrophil,tumor,0
1,LORA_EXCLUDED_frozen,NOT RECORDED IN ORIGINAL RUN,NOT RECORDED IN ORIGINAL RUN,3,train,neutrophil,lymphocyte,0
1,LORA_EXCLUDED_frozen,NOT RECORDED IN ORIGINAL RUN,NOT RECORDED IN ORIGINAL RUN,3,train,neutrophil,plasma_cell,0
1,LORA_EXCLUDED_frozen,NOT RECORDED IN ORIGINAL RUN,NOT RECORDED IN ORIGINAL RUN,3,train,neutrophil,histiocyte,0
1,LORA_EXCLUDED_frozen,NOT RECORDED IN ORIGINAL RUN,NOT RECORDED IN ORIGINAL RUN,3,train,neutrophil,melanophage,0
1,LORA_EXCLUDED_frozen,NOT RECORDED IN ORIGINAL RUN,NOT RECORDED IN ORIGINAL RUN,3,train,neutrophil,neutrophil,3
1,LORA_EXCLUDED_frozen,NOT RECORDED IN ORIGINAL RUN,NOT RECORDED IN ORIGINAL RUN,3,train,neutrophil,stroma,0
1,LORA_EXCLUDED_frozen,NOT RECORDED IN ORIGINAL RUN,NOT RECORDED IN ORIGINAL RUN,3,train,neutrophil,epithelium,0
1,LORA_EXCLUDED_frozen,NOT RECORDED IN ORIGINAL RUN,NOT RECORDED IN ORIGINAL RUN,3,train,neutrophil,endothelium,0
1,LORA_EXCLUDED_frozen,NOT RECORDED IN ORIGINAL RUN,NOT RECORDED IN ORIGINAL RUN,3,train,neutrophil,apoptosis,0
1,LORA_EXCLUDED_frozen,NOT RECORDED IN ORIGINAL RUN,NOT RECORDED IN ORIGINAL RUN,3,train,stroma,tumor,0
1,LORA_EXCLUDED_frozen,NOT RECORDED IN ORIGINAL RUN,NOT RECORDED IN ORIGINAL RUN,3,train,stroma,lymphocyte,0
1,LORA_EXCLUDED_frozen,NOT RECORDED IN ORIGINAL RUN,NOT RECORDED IN ORIGINAL RUN,3,train,stroma,plasma_cell,0
1,LORA_EXCLUDED_frozen,NOT RECORDED IN ORIGINAL RUN,NOT RECORDED IN ORIGINAL RUN,3,train,stroma,histiocyte,0
1,LORA_EXCLUDED_frozen,NOT RECORDED IN ORIGINAL RUN,NOT RECORDED IN ORIGINAL RUN,3,train,stroma,melanophage,0
1,LORA_EXCLUDED_frozen,NOT RECORDED IN ORIGINAL RUN,NOT RECORDED IN ORIGINAL RUN,3,train,stroma,neutrophil,0
1,LORA_EXCLUDED_frozen,NOT RECORDED IN ORIGINAL RUN,NOT RECORDED IN ORIGINAL RUN,3,train,stroma,stroma,3
1,LORA_EXCLUDED_frozen,NOT RECORDED IN ORIGINAL RUN,NOT RECORDED IN ORIGINAL RUN,3,train,stroma,epithelium,0
1,LORA_EXCLUDED_frozen,NOT RECORDED IN ORIGINAL RUN,NOT RECORDED IN ORIGINAL RUN,3,train,stroma,endothelium,0
1,LORA_EXCLUDED_frozen,NOT RECORDED IN ORIGINAL RUN,NOT RECORDED IN ORIGINAL RUN,3,train,stroma,apoptosis,0
1,LORA_EXCLUDED_frozen,NOT RECORDED IN ORIGINAL RUN,NOT RECORDED IN ORIGINAL RUN,3,train,epithelium,tumor,0
1,LORA_EXCLUDED_frozen,NOT RECORDED IN ORIGINAL RUN,NOT RECORDED IN ORIGINAL RUN,3,train,epithelium,lymphocyte,0
1,LORA_EXCLUDED_frozen,NOT RECORDED IN ORIGINAL RUN,NOT RECORDED IN ORIGINAL RUN,3,train,epithelium,plasma_cell,0
1,LORA_EXCLUDED_frozen,NOT RECORDED IN ORIGINAL RUN,NOT RECORDED IN ORIGINAL RUN,3,train,epithelium,histiocyte,0
1,LORA_EXCLUDED_frozen,NOT RECORDED IN ORIGINAL RUN,NOT RECORDED IN ORIGINAL RUN,3,train,epithelium,melanophage,0
1,LORA_EXCLUDED_frozen,NOT RECORDED IN ORIGINAL RUN,NOT RECORDED IN ORIGINAL RUN,3,train,epithelium,neutrophil,0
1,LORA_EXCLUDED_frozen,NOT RECORDED IN ORIGINAL RUN,NOT RECORDED IN ORIGINAL RUN,3,train,epithelium,stroma,0
1,LORA_EXCLUDED_frozen,NOT RECORDED IN ORIGINAL RUN,NOT RECORDED IN ORIGINAL RUN,3,train,epithelium,epithelium,3
1,LORA_EXCLUDED_frozen,NOT RECORDED IN ORIGINAL RUN,NOT RECORDED IN ORIGINAL RUN,3,train,epithelium,endothelium,0
1,LORA_EXCLUDED_frozen,NOT RECORDED IN ORIGINAL RUN,NOT RECORDED IN ORIGINAL RUN,3,train,epithelium,apoptosis,0
1,LORA_EXCLUDED_frozen,NOT RECORDED IN ORIGINAL RUN,NOT RECORDED IN ORIGINAL RUN,3,train,endothelium,tumor,0
1,LORA_EXCLUDED_frozen,NOT RECORDED IN ORIGINAL RUN,NOT RECORDED IN ORIGINAL RUN,3,train,endothelium,lymphocyte,0
1,LORA_EXCLUDED_frozen,NOT RECORDED IN ORIGINAL RUN,NOT RECORDED IN ORIGINAL RUN,3,train,endothelium,plasma_cell,0
1,LORA_EXCLUDED_frozen,NOT RECORDED IN ORIGINAL RUN,NOT RECORDED IN ORIGINAL RUN,3,train,endothelium,histiocyte,0
1,LORA_EXCLUDED_frozen,NOT RECORDED IN ORIGINAL RUN,NOT RECORDED IN ORIGINAL RUN,3,train,endothelium,melanophage,0
1,LORA_EXCLUDED_frozen,NOT RECORDED IN ORIGINAL RUN,NOT RECORDED IN ORIGINAL RUN,3,train,endothelium,neutrophil,0
1,LORA_EXCLUDED_frozen,NOT RECORDED IN ORIGINAL RUN,NOT RECORDED IN ORIGINAL RUN,3,train,endothelium,stroma,0
1,LORA_EXCLUDED_frozen,NOT RECORDED IN ORIGINAL RUN,NOT RECORDED IN ORIGINAL RUN,3,train,endothelium,epithelium,0
1,LORA_EXCLUDED_frozen,NOT RECORDED IN ORIGINAL RUN,NOT RECORDED IN ORIGINAL RUN,3,train,endothelium,endothelium,3
1,LORA_EXCLUDED_frozen,NOT RECORDED IN ORIGINAL RUN,NOT RECORDED IN ORIGINAL RUN,3,train,endothelium,apoptosis,0
1,LORA_EXCLUDED_frozen,NOT RECORDED IN ORIGINAL RUN,NOT RECORDED IN ORIGINAL RUN,3,train,apoptosis,tumor,0
1,LORA_EXCLUDED_frozen,NOT RECORDED IN ORIGINAL RUN,NOT RECORDED IN ORIGINAL RUN,3,train,apoptosis,lymphocyte,0
1,LORA_EXCLUDED_frozen,NOT RECORDED IN ORIGINAL RUN,NOT RECORDED IN ORIGINAL RUN,3,train,apoptosis,plasma_cell,0
1,LORA_EXCLUDED_frozen,NOT RECORDED IN ORIGINAL RUN,NOT RECORDED IN ORIGINAL RUN,3,train,apoptosis,histiocyte,0
1,LORA_EXCLUDED_frozen,NOT RECORDED IN ORIGINAL RUN,NOT RECORDED IN ORIGINAL RUN,3,train,apoptosis,melanophage,0
1,LORA_EXCLUDED_frozen,NOT RECORDED IN ORIGINAL RUN,NOT RECORDED IN ORIGINAL RUN,3,train,apoptosis,neutrophil,0
1,LORA_EXCLUDED_frozen,NOT RECORDED IN ORIGINAL RUN,NOT RECORDED IN ORIGINAL RUN,3,train,apoptosis,stroma,0
1,LORA_EXCLUDED_frozen,NOT RECORDED IN ORIGINAL RUN,NOT RECORDED IN ORIGINAL RUN,3,train,apoptosis,epithelium,0
1,LORA_EXCLUDED_frozen,NOT RECORDED IN ORIGINAL RUN,NOT RECORDED IN ORIGINAL RUN,3,train,apoptosis,endothelium,0
1,LORA_EXCLUDED_frozen,NOT RECORDED IN ORIGINAL RUN,NOT RECORDED IN ORIGINAL RUN,3,train,apoptosis,apoptosis,3
1,LORA_EXCLUDED_frozen,NOT RECORDED IN ORIGINAL RUN,NOT RECORDED IN ORIGINAL RUN,3,val,tumor,tumor,1
1,LORA_EXCLUDED_frozen,NOT RECORDED IN ORIGINAL RUN,NOT RECORDED IN ORIGINAL RUN,3,val,tumor,lymphocyte,0
1,LORA_EXCLUDED_frozen,NOT RECORDED IN ORIGINAL RUN,NOT RECORDED IN ORIGINAL RUN,3,val,tumor,plasma_cell,0
1,LORA_EXCLUDED_frozen,NOT RECORDED IN ORIGINAL RUN,NOT RECORDED IN ORIGINAL RUN,3,val,tumor,histiocyte,0
1,LORA_EXCLUDED_frozen,NOT RECORDED IN ORIGINAL RUN,NOT RECORDED IN ORIGINAL RUN,3,val,tumor,melanophage,0
1,LORA_EXCLUDED_frozen,NOT RECORDED IN ORIGINAL RUN,NOT RECORDED IN ORIGINAL RUN,3,val,tumor,neutrophil,1
1,LORA_EXCLUDED_frozen,NOT RECORDED IN ORIGINAL RUN,NOT RECORDED IN ORIGINAL RUN,3,val,tumor,stroma,0
1,LORA_EXCLUDED_frozen,NOT RECORDED IN ORIGINAL RUN,NOT RECORDED IN ORIGINAL RUN,3,val,tumor,epithelium,0
1,LORA_EXCLUDED_frozen,NOT RECORDED IN ORIGINAL RUN,NOT RECORDED IN ORIGINAL RUN,3,val,tumor,endothelium,0
1,LORA_EXCLUDED_frozen,NOT RECORDED IN ORIGINAL RUN,NOT RECORDED IN ORIGINAL RUN,3,val,tumor,apoptosis,0
1,LORA_EXCLUDED_frozen,NOT RECORDED IN ORIGINAL RUN,NOT RECORDED IN ORIGINAL RUN,3,val,lymphocyte,tumor,1
1,LORA_EXCLUDED_frozen,NOT RECORDED IN ORIGINAL RUN,NOT RECORDED IN ORIGINAL RUN,3,val,lymphocyte,lymphocyte,0
1,LORA_EXCLUDED_frozen,NOT RECORDED IN ORIGINAL RUN,NOT RECORDED IN ORIGINAL RUN,3,val,lymphocyte,plasma_cell,0
1,LORA_EXCLUDED_frozen,NOT RECORDED IN ORIGINAL RUN,NOT RECORDED IN ORIGINAL RUN,3,val,lymphocyte,histiocyte,0
1,LORA_EXCLUDED_frozen,NOT RECORDED IN ORIGINAL RUN,NOT RECORDED IN ORIGINAL RUN,3,val,lymphocyte,melanophage,0
1,LORA_EXCLUDED_frozen,NOT RECORDED IN ORIGINAL RUN,NOT RECORDED IN ORIGINAL RUN,3,val,lymphocyte,neutrophil,0
1,LORA_EXCLUDED_frozen,NOT RECORDED IN ORIGINAL RUN,NOT RECORDED IN ORIGINAL RUN,3,val,lymphocyte,stroma,1
1,LORA_EXCLUDED_frozen,NOT RECORDED IN ORIGINAL RUN,NOT RECORDED IN ORIGINAL RUN,3,val,lymphocyte,epithelium,0
1,LORA_EXCLUDED_frozen,NOT RECORDED IN ORIGINAL RUN,NOT RECORDED IN ORIGINAL RUN,3,val,lymphocyte,endothelium,0
1,LORA_EXCLUDED_frozen,NOT RECORDED IN ORIGINAL RUN,NOT RECORDED IN ORIGINAL RUN,3,val,lymphocyte,apoptosis,0
1,LORA_EXCLUDED_frozen,NOT RECORDED IN ORIGINAL RUN,NOT RECORDED IN ORIGINAL RUN,3,val,plasma_cell,tumor,1
1,LORA_EXCLUDED_frozen,NOT RECORDED IN ORIGINAL RUN,NOT RECORDED IN ORIGINAL RUN,3,val,plasma_cell,lymphocyte,0
1,LORA_EXCLUDED_frozen,NOT RECORDED IN ORIGINAL RUN,NOT RECORDED IN ORIGINAL RUN,3,val,plasma_cell,plasma_cell,0
1,LORA_EXCLUDED_frozen,NOT RECORDED IN ORIGINAL RUN,NOT RECORDED IN ORIGINAL RUN,3,val,plasma_cell,histiocyte,0
1,LORA_EXCLUDED_frozen,NOT RECORDED IN ORIGINAL RUN,NOT RECORDED IN ORIGINAL RUN,3,val,plasma_cell,melanophage,0
1,LORA_EXCLUDED_frozen,NOT RECORDED IN ORIGINAL RUN,NOT RECORDED IN ORIGINAL RUN,3,val,plasma_cell,neutrophil,0
1,LORA_EXCLUDED_frozen,NOT RECORDED IN ORIGINAL RUN,NOT RECORDED IN ORIGINAL RUN,3,val,plasma_cell,stroma,1
1,LORA_EXCLUDED_frozen,NOT RECORDED IN ORIGINAL RUN,NOT RECORDED IN ORIGINAL RUN,3,val,plasma_cell,epithelium,0
1,LORA_EXCLUDED_frozen,NOT RECORDED IN ORIGINAL RUN,NOT RECORDED IN ORIGINAL RUN,3,val,plasma_cell,endothelium,0
1,LORA_EXCLUDED_frozen,NOT RECORDED IN ORIGINAL RUN,NOT RECORDED IN ORIGINAL RUN,3,val,plasma_cell,apoptosis,0
1,LORA_EXCLUDED_frozen,NOT RECORDED IN ORIGINAL RUN,NOT RECORDED IN ORIGINAL RUN,3,val,histiocyte,tumor,2
1,LORA_EXCLUDED_frozen,NOT RECORDED IN ORIGINAL RUN,NOT RECORDED IN ORIGINAL RUN,3,val,histiocyte,lymphocyte,0
1,LORA_EXCLUDED_frozen,NOT RECORDED IN ORIGINAL RUN,NOT RECORDED IN ORIGINAL RUN,3,val,histiocyte,plasma_cell,0
1,LORA_EXCLUDED_frozen,NOT RECORDED IN ORIGINAL RUN,NOT RECORDED IN ORIGINAL RUN,3,val,histiocyte,histiocyte,0
1,LORA_EXCLUDED_frozen,NOT RECORDED IN ORIGINAL RUN,NOT RECORDED IN ORIGINAL RUN,3,val,histiocyte,melanophage,0
1,LORA_EXCLUDED_frozen,NOT RECORDED IN ORIGINAL RUN,NOT RECORDED IN ORIGINAL RUN,3,val,histiocyte,neutrophil,0
1,LORA_EXCLUDED_frozen,NOT RECORDED IN ORIGINAL RUN,NOT RECORDED IN ORIGINAL RUN,3,val,histiocyte,stroma,0
1,LORA_EXCLUDED_frozen,NOT RECORDED IN ORIGINAL RUN,NOT RECORDED IN ORIGINAL RUN,3,val,histiocyte,epithelium,0
1,LORA_EXCLUDED_frozen,NOT RECORDED IN ORIGINAL RUN,NOT RECORDED IN ORIGINAL RUN,3,val,histiocyte,endothelium,0
1,LORA_EXCLUDED_frozen,NOT RECORDED IN ORIGINAL RUN,NOT RECORDED IN ORIGINAL RUN,3,val,histiocyte,apoptosis,0
1,LORA_EXCLUDED_frozen,NOT RECORDED IN ORIGINAL RUN,NOT RECORDED IN ORIGINAL RUN,3,val,melanophage,tumor,2
1,LORA_EXCLUDED_frozen,NOT RECORDED IN ORIGINAL RUN,NOT RECORDED IN ORIGINAL RUN,3,val,melanophage,lymphocyte,0
1,LORA_EXCLUDED_frozen,NOT RECORDED IN ORIGINAL RUN,NOT RECORDED IN ORIGINAL RUN,3,val,melanophage,plasma_cell,0
1,LORA_EXCLUDED_frozen,NOT RECORDED IN ORIGINAL RUN,NOT RECORDED IN ORIGINAL RUN,3,val,melanophage,histiocyte,0
1,LORA_EXCLUDED_frozen,NOT RECORDED IN ORIGINAL RUN,NOT RECORDED IN ORIGINAL RUN,3,val,melanophage,melanophage,0
1,LORA_EXCLUDED_frozen,NOT RECORDED IN ORIGINAL RUN,NOT RECORDED IN ORIGINAL RUN,3,val,melanophage,neutrophil,0
1,LORA_EXCLUDED_frozen,NOT RECORDED IN ORIGINAL RUN,NOT RECORDED IN ORIGINAL RUN,3,val,melanophage,stroma,0
1,LORA_EXCLUDED_frozen,NOT RECORDED IN ORIGINAL RUN,NOT RECORDED IN ORIGINAL RUN,3,val,melanophage,epithelium,0
1,LORA_EXCLUDED_frozen,NOT RECORDED IN ORIGINAL RUN,NOT RECORDED IN ORIGINAL RUN,3,val,melanophage,endothelium,0
1,LORA_EXCLUDED_frozen,NOT RECORDED IN ORIGINAL RUN,NOT RECORDED IN ORIGINAL RUN,3,val,melanophage,apoptosis,0
1,LORA_EXCLUDED_frozen,NOT RECORDED IN ORIGINAL RUN,NOT RECORDED IN ORIGINAL RUN,3,val,neutrophil,tumor,0
1,LORA_EXCLUDED_frozen,NOT RECORDED IN ORIGINAL RUN,NOT RECORDED IN ORIGINAL RUN,3,val,neutrophil,lymphocyte,0
1,LORA_EXCLUDED_frozen,NOT RECORDED IN ORIGINAL RUN,NOT RECORDED IN ORIGINAL RUN,3,val,neutrophil,plasma_cell,0
1,LORA_EXCLUDED_frozen,NOT RECORDED IN ORIGINAL RUN,NOT RECORDED IN ORIGINAL RUN,3,val,neutrophil,histiocyte,0
1,LORA_EXCLUDED_frozen,NOT RECORDED IN ORIGINAL RUN,NOT RECORDED IN ORIGINAL RUN,3,val,neutrophil,melanophage,0
1,LORA_EXCLUDED_frozen,NOT RECORDED IN ORIGINAL RUN,NOT RECORDED IN ORIGINAL RUN,3,val,neutrophil,neutrophil,2
1,LORA_EXCLUDED_frozen,NOT RECORDED IN ORIGINAL RUN,NOT RECORDED IN ORIGINAL RUN,3,val,neutrophil,stroma,0
1,LORA_EXCLUDED_frozen,NOT RECORDED IN ORIGINAL RUN,NOT RECORDED IN ORIGINAL RUN,3,val,neutrophil,epithelium,0
1,LORA_EXCLUDED_frozen,NOT RECORDED IN ORIGINAL RUN,NOT RECORDED IN ORIGINAL RUN,3,val,neutrophil,endothelium,0
1,LORA_EXCLUDED_frozen,NOT RECORDED IN ORIGINAL RUN,NOT RECORDED IN ORIGINAL RUN,3,val,neutrophil,apoptosis,0
1,LORA_EXCLUDED_frozen,NOT RECORDED IN ORIGINAL RUN,NOT RECORDED IN ORIGINAL RUN,3,val,stroma,tumor,0
1,LORA_EXCLUDED_frozen,NOT RECORDED IN ORIGINAL RUN,NOT RECORDED IN ORIGINAL RUN,3,val,stroma,lymphocyte,0
1,LORA_EXCLUDED_frozen,NOT RECORDED IN ORIGINAL RUN,NOT RECORDED IN ORIGINAL RUN,3,val,stroma,plasma_cell,1
1,LORA_EXCLUDED_frozen,NOT RECORDED IN ORIGINAL RUN,NOT RECORDED IN ORIGINAL RUN,3,val,stroma,histiocyte,0
1,LORA_EXCLUDED_frozen,NOT RECORDED IN ORIGINAL RUN,NOT RECORDED IN ORIGINAL RUN,3,val,stroma,melanophage,0
1,LORA_EXCLUDED_frozen,NOT RECORDED IN ORIGINAL RUN,NOT RECORDED IN ORIGINAL RUN,3,val,stroma,neutrophil,0
1,LORA_EXCLUDED_frozen,NOT RECORDED IN ORIGINAL RUN,NOT RECORDED IN ORIGINAL RUN,3,val,stroma,stroma,1
1,LORA_EXCLUDED_frozen,NOT RECORDED IN ORIGINAL RUN,NOT RECORDED IN ORIGINAL RUN,3,val,stroma,epithelium,0
1,LORA_EXCLUDED_frozen,NOT RECORDED IN ORIGINAL RUN,NOT RECORDED IN ORIGINAL RUN,3,val,stroma,endothelium,0
1,LORA_EXCLUDED_frozen,NOT RECORDED IN ORIGINAL RUN,NOT RECORDED IN ORIGINAL RUN,3,val,stroma,apoptosis,0
1,LORA_EXCLUDED_frozen,NOT RECORDED IN ORIGINAL RUN,NOT RECORDED IN ORIGINAL RUN,3,val,epithelium,tumor,0
1,LORA_EXCLUDED_frozen,NOT RECORDED IN ORIGINAL RUN,NOT RECORDED IN ORIGINAL RUN,3,val,epithelium,lymphocyte,0
1,LORA_EXCLUDED_frozen,NOT RECORDED IN ORIGINAL RUN,NOT RECORDED IN ORIGINAL RUN,3,val,epithelium,plasma_cell,0
1,LORA_EXCLUDED_frozen,NOT RECORDED IN ORIGINAL RUN,NOT RECORDED IN ORIGINAL RUN,3,val,epithelium,histiocyte,0
1,LORA_EXCLUDED_frozen,NOT RECORDED IN ORIGINAL RUN,NOT RECORDED IN ORIGINAL RUN,3,val,epithelium,melanophage,0
1,LORA_EXCLUDED_frozen,NOT RECORDED IN ORIGINAL RUN,NOT RECORDED IN ORIGINAL RUN,3,val,epithelium,neutrophil,2
1,LORA_EXCLUDED_frozen,NOT RECORDED IN ORIGINAL RUN,NOT RECORDED IN ORIGINAL RUN,3,val,epithelium,stroma,0
1,LORA_EXCLUDED_frozen,NOT RECORDED IN ORIGINAL RUN,NOT RECORDED IN ORIGINAL RUN,3,val,epithelium,epithelium,0
1,LORA_EXCLUDED_frozen,NOT RECORDED IN ORIGINAL RUN,NOT RECORDED IN ORIGINAL RUN,3,val,epithelium,endothelium,0
1,LORA_EXCLUDED_frozen,NOT RECORDED IN ORIGINAL RUN,NOT RECORDED IN ORIGINAL RUN,3,val,epithelium,apoptosis,0
1,LORA_EXCLUDED_frozen,NOT RECORDED IN ORIGINAL RUN,NOT RECORDED IN ORIGINAL RUN,3,val,endothelium,tumor,0
1,LORA_EXCLUDED_frozen,NOT RECORDED IN ORIGINAL RUN,NOT RECORDED IN ORIGINAL RUN,3,val,endothelium,lymphocyte,1
1,LORA_EXCLUDED_frozen,NOT RECORDED IN ORIGINAL RUN,NOT RECORDED IN ORIGINAL RUN,3,val,endothelium,plasma_cell,0
1,LORA_EXCLUDED_frozen,NOT RECORDED IN ORIGINAL RUN,NOT RECORDED IN ORIGINAL RUN,3,val,endothelium,histiocyte,1
1,LORA_EXCLUDED_frozen,NOT RECORDED IN ORIGINAL RUN,NOT RECORDED IN ORIGINAL RUN,3,val,endothelium,melanophage,0
1,LORA_EXCLUDED_frozen,NOT RECORDED IN ORIGINAL RUN,NOT RECORDED IN ORIGINAL RUN,3,val,endothelium,neutrophil,0
1,LORA_EXCLUDED_frozen,NOT RECORDED IN ORIGINAL RUN,NOT RECORDED IN ORIGINAL RUN,3,val,endothelium,stroma,0
1,LORA_EXCLUDED_frozen,NOT RECORDED IN ORIGINAL RUN,NOT RECORDED IN ORIGINAL RUN,3,val,endothelium,epithelium,0
1,LORA_EXCLUDED_frozen,NOT RECORDED IN ORIGINAL RUN,NOT RECORDED IN ORIGINAL RUN,3,val,endothelium,endothelium,0
1,LORA_EXCLUDED_frozen,NOT RECORDED IN ORIGINAL RUN,NOT RECORDED IN ORIGINAL RUN,3,val,endothelium,apoptosis,0
1,LORA_EXCLUDED_frozen,NOT RECORDED IN ORIGINAL RUN,NOT RECORDED IN ORIGINAL RUN,3,val,apoptosis,tumor,1
1,LORA_EXCLUDED_frozen,NOT RECORDED IN ORIGINAL RUN,NOT RECORDED IN ORIGINAL RUN,3,val,apoptosis,lymphocyte,0
1,LORA_EXCLUDED_frozen,NOT RECORDED IN ORIGINAL RUN,NOT RECORDED IN ORIGINAL RUN,3,val,apoptosis,plasma_cell,0
1,LORA_EXCLUDED_frozen,NOT RECORDED IN ORIGINAL RUN,NOT RECORDED IN ORIGINAL RUN,3,val,apoptosis,histiocyte,0
1,LORA_EXCLUDED_frozen,NOT RECORDED IN ORIGINAL RUN,NOT RECORDED IN ORIGINAL RUN,3,val,apoptosis,melanophage,0
1,LORA_EXCLUDED_frozen,NOT RECORDED IN ORIGINAL RUN,NOT RECORDED IN ORIGINAL RUN,3,val,apoptosis,neutrophil,1
1,LORA_EXCLUDED_frozen,NOT RECORDED IN ORIGINAL RUN,NOT RECORDED IN ORIGINAL RUN,3,val,apoptosis,stroma,0
1,LORA_EXCLUDED_frozen,NOT RECORDED IN ORIGINAL RUN,NOT RECORDED IN ORIGINAL RUN,3,val,apoptosis,epithelium,0
1,LORA_EXCLUDED_frozen,NOT RECORDED IN ORIGINAL RUN,NOT RECORDED IN ORIGINAL RUN,3,val,apoptosis,endothelium,0
1,LORA_EXCLUDED_frozen,NOT RECORDED IN ORIGINAL RUN,NOT RECORDED IN ORIGINAL RUN,3,val,apoptosis,apoptosis,0
1,LORA_EXCLUDED_frozen,NOT RECORDED IN ORIGINAL RUN,NOT RECORDED IN ORIGINAL RUN,4,train,tumor,tumor,3
1,LORA_EXCLUDED_frozen,NOT RECORDED IN ORIGINAL RUN,NOT RECORDED IN ORIGINAL RUN,4,train,tumor,lymphocyte,0
1,LORA_EXCLUDED_frozen,NOT RECORDED IN ORIGINAL RUN,NOT RECORDED IN ORIGINAL RUN,4,train,tumor,plasma_cell,0
1,LORA_EXCLUDED_frozen,NOT RECORDED IN ORIGINAL RUN,NOT RECORDED IN ORIGINAL RUN,4,train,tumor,histiocyte,0
1,LORA_EXCLUDED_frozen,NOT RECORDED IN ORIGINAL RUN,NOT RECORDED IN ORIGINAL RUN,4,train,tumor,melanophage,0
1,LORA_EXCLUDED_frozen,NOT RECORDED IN ORIGINAL RUN,NOT RECORDED IN ORIGINAL RUN,4,train,tumor,neutrophil,0
1,LORA_EXCLUDED_frozen,NOT RECORDED IN ORIGINAL RUN,NOT RECORDED IN ORIGINAL RUN,4,train,tumor,stroma,0
1,LORA_EXCLUDED_frozen,NOT RECORDED IN ORIGINAL RUN,NOT RECORDED IN ORIGINAL RUN,4,train,tumor,epithelium,0
1,LORA_EXCLUDED_frozen,NOT RECORDED IN ORIGINAL RUN,NOT RECORDED IN ORIGINAL RUN,4,train,tumor,endothelium,0
1,LORA_EXCLUDED_frozen,NOT RECORDED IN ORIGINAL RUN,NOT RECORDED IN ORIGINAL RUN,4,train,tumor,apoptosis,0
1,LORA_EXCLUDED_frozen,NOT RECORDED IN ORIGINAL RUN,NOT RECORDED IN ORIGINAL RUN,4,train,lymphocyte,tumor,0
1,LORA_EXCLUDED_frozen,NOT RECORDED IN ORIGINAL RUN,NOT RECORDED IN ORIGINAL RUN,4,train,lymphocyte,lymphocyte,3
1,LORA_EXCLUDED_frozen,NOT RECORDED IN ORIGINAL RUN,NOT RECORDED IN ORIGINAL RUN,4,train,lymphocyte,plasma_cell,0
1,LORA_EXCLUDED_frozen,NOT RECORDED IN ORIGINAL RUN,NOT RECORDED IN ORIGINAL RUN,4,train,lymphocyte,histiocyte,0
1,LORA_EXCLUDED_frozen,NOT RECORDED IN ORIGINAL RUN,NOT RECORDED IN ORIGINAL RUN,4,train,lymphocyte,melanophage,0
1,LORA_EXCLUDED_frozen,NOT RECORDED IN ORIGINAL RUN,NOT RECORDED IN ORIGINAL RUN,4,train,lymphocyte,neutrophil,0
1,LORA_EXCLUDED_frozen,NOT RECORDED IN ORIGINAL RUN,NOT RECORDED IN ORIGINAL RUN,4,train,lymphocyte,stroma,0
1,LORA_EXCLUDED_frozen,NOT RECORDED IN ORIGINAL RUN,NOT RECORDED IN ORIGINAL RUN,4,train,lymphocyte,epithelium,0
1,LORA_EXCLUDED_frozen,NOT RECORDED IN ORIGINAL RUN,NOT RECORDED IN ORIGINAL RUN,4,train,lymphocyte,endothelium,0
1,LORA_EXCLUDED_frozen,NOT RECORDED IN ORIGINAL RUN,NOT RECORDED IN ORIGINAL RUN,4,train,lymphocyte,apoptosis,0
1,LORA_EXCLUDED_frozen,NOT RECORDED IN ORIGINAL RUN,NOT RECORDED IN ORIGINAL RUN,4,train,plasma_cell,tumor,0
1,LORA_EXCLUDED_frozen,NOT RECORDED IN ORIGINAL RUN,NOT RECORDED IN ORIGINAL RUN,4,train,plasma_cell,lymphocyte,0
1,LORA_EXCLUDED_frozen,NOT RECORDED IN ORIGINAL RUN,NOT RECORDED IN ORIGINAL RUN,4,train,plasma_cell,plasma_cell,3
1,LORA_EXCLUDED_frozen,NOT RECORDED IN ORIGINAL RUN,NOT RECORDED IN ORIGINAL RUN,4,train,plasma_cell,histiocyte,0
1,LORA_EXCLUDED_frozen,NOT RECORDED IN ORIGINAL RUN,NOT RECORDED IN ORIGINAL RUN,4,train,plasma_cell,melanophage,0
1,LORA_EXCLUDED_frozen,NOT RECORDED IN ORIGINAL RUN,NOT RECORDED IN ORIGINAL RUN,4,train,plasma_cell,neutrophil,0
1,LORA_EXCLUDED_frozen,NOT RECORDED IN ORIGINAL RUN,NOT RECORDED IN ORIGINAL RUN,4,train,plasma_cell,stroma,0
1,LORA_EXCLUDED_frozen,NOT RECORDED IN ORIGINAL RUN,NOT RECORDED IN ORIGINAL RUN,4,train,plasma_cell,epithelium,0
1,LORA_EXCLUDED_frozen,NOT RECORDED IN ORIGINAL RUN,NOT RECORDED IN ORIGINAL RUN,4,train,plasma_cell,endothelium,0
1,LORA_EXCLUDED_frozen,NOT RECORDED IN ORIGINAL RUN,NOT RECORDED IN ORIGINAL RUN,4,train,plasma_cell,apoptosis,0
1,LORA_EXCLUDED_frozen,NOT RECORDED IN ORIGINAL RUN,NOT RECORDED IN ORIGINAL RUN,4,train,histiocyte,tumor,0
1,LORA_EXCLUDED_frozen,NOT RECORDED IN ORIGINAL RUN,NOT RECORDED IN ORIGINAL RUN,4,train,histiocyte,lymphocyte,0
1,LORA_EXCLUDED_frozen,NOT RECORDED IN ORIGINAL RUN,NOT RECORDED IN ORIGINAL RUN,4,train,histiocyte,plasma_cell,0
1,LORA_EXCLUDED_frozen,NOT RECORDED IN ORIGINAL RUN,NOT RECORDED IN ORIGINAL RUN,4,train,histiocyte,histiocyte,3
1,LORA_EXCLUDED_frozen,NOT RECORDED IN ORIGINAL RUN,NOT RECORDED IN ORIGINAL RUN,4,train,histiocyte,melanophage,0
1,LORA_EXCLUDED_frozen,NOT RECORDED IN ORIGINAL RUN,NOT RECORDED IN ORIGINAL RUN,4,train,histiocyte,neutrophil,0
1,LORA_EXCLUDED_frozen,NOT RECORDED IN ORIGINAL RUN,NOT RECORDED IN ORIGINAL RUN,4,train,histiocyte,stroma,0
1,LORA_EXCLUDED_frozen,NOT RECORDED IN ORIGINAL RUN,NOT RECORDED IN ORIGINAL RUN,4,train,histiocyte,epithelium,0
1,LORA_EXCLUDED_frozen,NOT RECORDED IN ORIGINAL RUN,NOT RECORDED IN ORIGINAL RUN,4,train,histiocyte,endothelium,0
1,LORA_EXCLUDED_frozen,NOT RECORDED IN ORIGINAL RUN,NOT RECORDED IN ORIGINAL RUN,4,train,histiocyte,apoptosis,0
1,LORA_EXCLUDED_frozen,NOT RECORDED IN ORIGINAL RUN,NOT RECORDED IN ORIGINAL RUN,4,train,melanophage,tumor,0
1,LORA_EXCLUDED_frozen,NOT RECORDED IN ORIGINAL RUN,NOT RECORDED IN ORIGINAL RUN,4,train,melanophage,lymphocyte,0
1,LORA_EXCLUDED_frozen,NOT RECORDED IN ORIGINAL RUN,NOT RECORDED IN ORIGINAL RUN,4,train,melanophage,plasma_cell,0
1,LORA_EXCLUDED_frozen,NOT RECORDED IN ORIGINAL RUN,NOT RECORDED IN ORIGINAL RUN,4,train,melanophage,histiocyte,0
1,LORA_EXCLUDED_frozen,NOT RECORDED IN ORIGINAL RUN,NOT RECORDED IN ORIGINAL RUN,4,train,melanophage,melanophage,3
1,LORA_EXCLUDED_frozen,NOT RECORDED IN ORIGINAL RUN,NOT RECORDED IN ORIGINAL RUN,4,train,melanophage,neutrophil,0
1,LORA_EXCLUDED_frozen,NOT RECORDED IN ORIGINAL RUN,NOT RECORDED IN ORIGINAL RUN,4,train,melanophage,stroma,0
1,LORA_EXCLUDED_frozen,NOT RECORDED IN ORIGINAL RUN,NOT RECORDED IN ORIGINAL RUN,4,train,melanophage,epithelium,0
1,LORA_EXCLUDED_frozen,NOT RECORDED IN ORIGINAL RUN,NOT RECORDED IN ORIGINAL RUN,4,train,melanophage,endothelium,0
1,LORA_EXCLUDED_frozen,NOT RECORDED IN ORIGINAL RUN,NOT RECORDED IN ORIGINAL RUN,4,train,melanophage,apoptosis,0
1,LORA_EXCLUDED_frozen,NOT RECORDED IN ORIGINAL RUN,NOT RECORDED IN ORIGINAL RUN,4,train,neutrophil,tumor,0
1,LORA_EXCLUDED_frozen,NOT RECORDED IN ORIGINAL RUN,NOT RECORDED IN ORIGINAL RUN,4,train,neutrophil,lymphocyte,0
1,LORA_EXCLUDED_frozen,NOT RECORDED IN ORIGINAL RUN,NOT RECORDED IN ORIGINAL RUN,4,train,neutrophil,plasma_cell,0
1,LORA_EXCLUDED_frozen,NOT RECORDED IN ORIGINAL RUN,NOT RECORDED IN ORIGINAL RUN,4,train,neutrophil,histiocyte,0
1,LORA_EXCLUDED_frozen,NOT RECORDED IN ORIGINAL RUN,NOT RECORDED IN ORIGINAL RUN,4,train,neutrophil,melanophage,0
1,LORA_EXCLUDED_frozen,NOT RECORDED IN ORIGINAL RUN,NOT RECORDED IN ORIGINAL RUN,4,train,neutrophil,neutrophil,3
1,LORA_EXCLUDED_frozen,NOT RECORDED IN ORIGINAL RUN,NOT RECORDED IN ORIGINAL RUN,4,train,neutrophil,stroma,0
1,LORA_EXCLUDED_frozen,NOT RECORDED IN ORIGINAL RUN,NOT RECORDED IN ORIGINAL RUN,4,train,neutrophil,epithelium,0
1,LORA_EXCLUDED_frozen,NOT RECORDED IN ORIGINAL RUN,NOT RECORDED IN ORIGINAL RUN,4,train,neutrophil,endothelium,0
1,LORA_EXCLUDED_frozen,NOT RECORDED IN ORIGINAL RUN,NOT RECORDED IN ORIGINAL RUN,4,train,neutrophil,apoptosis,0
1,LORA_EXCLUDED_frozen,NOT RECORDED IN ORIGINAL RUN,NOT RECORDED IN ORIGINAL RUN,4,train,stroma,tumor,0
1,LORA_EXCLUDED_frozen,NOT RECORDED IN ORIGINAL RUN,NOT RECORDED IN ORIGINAL RUN,4,train,stroma,lymphocyte,0
1,LORA_EXCLUDED_frozen,NOT RECORDED IN ORIGINAL RUN,NOT RECORDED IN ORIGINAL RUN,4,train,stroma,plasma_cell,0
1,LORA_EXCLUDED_frozen,NOT RECORDED IN ORIGINAL RUN,NOT RECORDED IN ORIGINAL RUN,4,train,stroma,histiocyte,0
1,LORA_EXCLUDED_frozen,NOT RECORDED IN ORIGINAL RUN,NOT RECORDED IN ORIGINAL RUN,4,train,stroma,melanophage,0
1,LORA_EXCLUDED_frozen,NOT RECORDED IN ORIGINAL RUN,NOT RECORDED IN ORIGINAL RUN,4,train,stroma,neutrophil,0
1,LORA_EXCLUDED_frozen,NOT RECORDED IN ORIGINAL RUN,NOT RECORDED IN ORIGINAL RUN,4,train,stroma,stroma,3
1,LORA_EXCLUDED_frozen,NOT RECORDED IN ORIGINAL RUN,NOT RECORDED IN ORIGINAL RUN,4,train,stroma,epithelium,0
1,LORA_EXCLUDED_frozen,NOT RECORDED IN ORIGINAL RUN,NOT RECORDED IN ORIGINAL RUN,4,train,stroma,endothelium,0
1,LORA_EXCLUDED_frozen,NOT RECORDED IN ORIGINAL RUN,NOT RECORDED IN ORIGINAL RUN,4,train,stroma,apoptosis,0
1,LORA_EXCLUDED_frozen,NOT RECORDED IN ORIGINAL RUN,NOT RECORDED IN ORIGINAL RUN,4,train,epithelium,tumor,0
1,LORA_EXCLUDED_frozen,NOT RECORDED IN ORIGINAL RUN,NOT RECORDED IN ORIGINAL RUN,4,train,epithelium,lymphocyte,0
1,LORA_EXCLUDED_frozen,NOT RECORDED IN ORIGINAL RUN,NOT RECORDED IN ORIGINAL RUN,4,train,epithelium,plasma_cell,0
1,LORA_EXCLUDED_frozen,NOT RECORDED IN ORIGINAL RUN,NOT RECORDED IN ORIGINAL RUN,4,train,epithelium,histiocyte,0
1,LORA_EXCLUDED_frozen,NOT RECORDED IN ORIGINAL RUN,NOT RECORDED IN ORIGINAL RUN,4,train,epithelium,melanophage,0
1,LORA_EXCLUDED_frozen,NOT RECORDED IN ORIGINAL RUN,NOT RECORDED IN ORIGINAL RUN,4,train,epithelium,neutrophil,0
1,LORA_EXCLUDED_frozen,NOT RECORDED IN ORIGINAL RUN,NOT RECORDED IN ORIGINAL RUN,4,train,epithelium,stroma,0
1,LORA_EXCLUDED_frozen,NOT RECORDED IN ORIGINAL RUN,NOT RECORDED IN ORIGINAL RUN,4,train,epithelium,epithelium,3
1,LORA_EXCLUDED_frozen,NOT RECORDED IN ORIGINAL RUN,NOT RECORDED IN ORIGINAL RUN,4,train,epithelium,endothelium,0
1,LORA_EXCLUDED_frozen,NOT RECORDED IN ORIGINAL RUN,NOT RECORDED IN ORIGINAL RUN,4,train,epithelium,apoptosis,0
1,LORA_EXCLUDED_frozen,NOT RECORDED IN ORIGINAL RUN,NOT RECORDED IN ORIGINAL RUN,4,train,endothelium,tumor,0
1,LORA_EXCLUDED_frozen,NOT RECORDED IN ORIGINAL RUN,NOT RECORDED IN ORIGINAL RUN,4,train,endothelium,lymphocyte,0
1,LORA_EXCLUDED_frozen,NOT RECORDED IN ORIGINAL RUN,NOT RECORDED IN ORIGINAL RUN,4,train,endothelium,plasma_cell,0
1,LORA_EXCLUDED_frozen,NOT RECORDED IN ORIGINAL RUN,NOT RECORDED IN ORIGINAL RUN,4,train,endothelium,histiocyte,0
1,LORA_EXCLUDED_frozen,NOT RECORDED IN ORIGINAL RUN,NOT RECORDED IN ORIGINAL RUN,4,train,endothelium,melanophage,0
1,LORA_EXCLUDED_frozen,NOT RECORDED IN ORIGINAL RUN,NOT RECORDED IN ORIGINAL RUN,4,train,endothelium,neutrophil,0
1,LORA_EXCLUDED_frozen,NOT RECORDED IN ORIGINAL RUN,NOT RECORDED IN ORIGINAL RUN,4,train,endothelium,stroma,0
1,LORA_EXCLUDED_frozen,NOT RECORDED IN ORIGINAL RUN,NOT RECORDED IN ORIGINAL RUN,4,train,endothelium,epithelium,0
1,LORA_EXCLUDED_frozen,NOT RECORDED IN ORIGINAL RUN,NOT RECORDED IN ORIGINAL RUN,4,train,endothelium,endothelium,3
1,LORA_EXCLUDED_frozen,NOT RECORDED IN ORIGINAL RUN,NOT RECORDED IN ORIGINAL RUN,4,train,endothelium,apoptosis,0
1,LORA_EXCLUDED_frozen,NOT RECORDED IN ORIGINAL RUN,NOT RECORDED IN ORIGINAL RUN,4,train,apoptosis,tumor,0
1,LORA_EXCLUDED_frozen,NOT RECORDED IN ORIGINAL RUN,NOT RECORDED IN ORIGINAL RUN,4,train,apoptosis,lymphocyte,0
1,LORA_EXCLUDED_frozen,NOT RECORDED IN ORIGINAL RUN,NOT RECORDED IN ORIGINAL RUN,4,train,apoptosis,plasma_cell,0
1,LORA_EXCLUDED_frozen,NOT RECORDED IN ORIGINAL RUN,NOT RECORDED IN ORIGINAL RUN,4,train,apoptosis,histiocyte,0
1,LORA_EXCLUDED_frozen,NOT RECORDED IN ORIGINAL RUN,NOT RECORDED IN ORIGINAL RUN,4,train,apoptosis,melanophage,0
1,LORA_EXCLUDED_frozen,NOT RECORDED IN ORIGINAL RUN,NOT RECORDED IN ORIGINAL RUN,4,train,apoptosis,neutrophil,0
1,LORA_EXCLUDED_frozen,NOT RECORDED IN ORIGINAL RUN,NOT RECORDED IN ORIGINAL RUN,4,train,apoptosis,stroma,0
1,LORA_EXCLUDED_frozen,NOT RECORDED IN ORIGINAL RUN,NOT RECORDED IN ORIGINAL RUN,4,train,apoptosis,epithelium,0
1,LORA_EXCLUDED_frozen,NOT RECORDED IN ORIGINAL RUN,NOT RECORDED IN ORIGINAL RUN,4,train,apoptosis,endothelium,0
1,LORA_EXCLUDED_frozen,NOT RECORDED IN ORIGINAL RUN,NOT RECORDED IN ORIGINAL RUN,4,train,apoptosis,apoptosis,3
1,LORA_EXCLUDED_frozen,NOT RECORDED IN ORIGINAL RUN,NOT RECORDED IN ORIGINAL RUN,4,val,tumor,tumor,1
1,LORA_EXCLUDED_frozen,NOT RECORDED IN ORIGINAL RUN,NOT RECORDED IN ORIGINAL RUN,4,val,tumor,lymphocyte,0
1,LORA_EXCLUDED_frozen,NOT RECORDED IN ORIGINAL RUN,NOT RECORDED IN ORIGINAL RUN,4,val,tumor,plasma_cell,0
1,LORA_EXCLUDED_frozen,NOT RECORDED IN ORIGINAL RUN,NOT RECORDED IN ORIGINAL RUN,4,val,tumor,histiocyte,0
1,LORA_EXCLUDED_frozen,NOT RECORDED IN ORIGINAL RUN,NOT RECORDED IN ORIGINAL RUN,4,val,tumor,melanophage,0
1,LORA_EXCLUDED_frozen,NOT RECORDED IN ORIGINAL RUN,NOT RECORDED IN ORIGINAL RUN,4,val,tumor,neutrophil,1
1,LORA_EXCLUDED_frozen,NOT RECORDED IN ORIGINAL RUN,NOT RECORDED IN ORIGINAL RUN,4,val,tumor,stroma,0
1,LORA_EXCLUDED_frozen,NOT RECORDED IN ORIGINAL RUN,NOT RECORDED IN ORIGINAL RUN,4,val,tumor,epithelium,0
1,LORA_EXCLUDED_frozen,NOT RECORDED IN ORIGINAL RUN,NOT RECORDED IN ORIGINAL RUN,4,val,tumor,endothelium,0
1,LORA_EXCLUDED_frozen,NOT RECORDED IN ORIGINAL RUN,NOT RECORDED IN ORIGINAL RUN,4,val,tumor,apoptosis,0
1,LORA_EXCLUDED_frozen,NOT RECORDED IN ORIGINAL RUN,NOT RECORDED IN ORIGINAL RUN,4,val,lymphocyte,tumor,0
1,LORA_EXCLUDED_frozen,NOT RECORDED IN ORIGINAL RUN,NOT RECORDED IN ORIGINAL RUN,4,val,lymphocyte,lymphocyte,0
1,LORA_EXCLUDED_frozen,NOT RECORDED IN ORIGINAL RUN,NOT RECORDED IN ORIGINAL RUN,4,val,lymphocyte,plasma_cell,0
1,LORA_EXCLUDED_frozen,NOT RECORDED IN ORIGINAL RUN,NOT RECORDED IN ORIGINAL RUN,4,val,lymphocyte,histiocyte,0
1,LORA_EXCLUDED_frozen,NOT RECORDED IN ORIGINAL RUN,NOT RECORDED IN ORIGINAL RUN,4,val,lymphocyte,melanophage,0
1,LORA_EXCLUDED_frozen,NOT RECORDED IN ORIGINAL RUN,NOT RECORDED IN ORIGINAL RUN,4,val,lymphocyte,neutrophil,0
1,LORA_EXCLUDED_frozen,NOT RECORDED IN ORIGINAL RUN,NOT RECORDED IN ORIGINAL RUN,4,val,lymphocyte,stroma,2
1,LORA_EXCLUDED_frozen,NOT RECORDED IN ORIGINAL RUN,NOT RECORDED IN ORIGINAL RUN,4,val,lymphocyte,epithelium,0
1,LORA_EXCLUDED_frozen,NOT RECORDED IN ORIGINAL RUN,NOT RECORDED IN ORIGINAL RUN,4,val,lymphocyte,endothelium,0
1,LORA_EXCLUDED_frozen,NOT RECORDED IN ORIGINAL RUN,NOT RECORDED IN ORIGINAL RUN,4,val,lymphocyte,apoptosis,0
1,LORA_EXCLUDED_frozen,NOT RECORDED IN ORIGINAL RUN,NOT RECORDED IN ORIGINAL RUN,4,val,plasma_cell,tumor,0
1,LORA_EXCLUDED_frozen,NOT RECORDED IN ORIGINAL RUN,NOT RECORDED IN ORIGINAL RUN,4,val,plasma_cell,lymphocyte,0
1,LORA_EXCLUDED_frozen,NOT RECORDED IN ORIGINAL RUN,NOT RECORDED IN ORIGINAL RUN,4,val,plasma_cell,plasma_cell,0
1,LORA_EXCLUDED_frozen,NOT RECORDED IN ORIGINAL RUN,NOT RECORDED IN ORIGINAL RUN,4,val,plasma_cell,histiocyte,0
1,LORA_EXCLUDED_frozen,NOT RECORDED IN ORIGINAL RUN,NOT RECORDED IN ORIGINAL RUN,4,val,plasma_cell,melanophage,1
1,LORA_EXCLUDED_frozen,NOT RECORDED IN ORIGINAL RUN,NOT RECORDED IN ORIGINAL RUN,4,val,plasma_cell,neutrophil,0
1,LORA_EXCLUDED_frozen,NOT RECORDED IN ORIGINAL RUN,NOT RECORDED IN ORIGINAL RUN,4,val,plasma_cell,stroma,1
1,LORA_EXCLUDED_frozen,NOT RECORDED IN ORIGINAL RUN,NOT RECORDED IN ORIGINAL RUN,4,val,plasma_cell,epithelium,0
1,LORA_EXCLUDED_frozen,NOT RECORDED IN ORIGINAL RUN,NOT RECORDED IN ORIGINAL RUN,4,val,plasma_cell,endothelium,0
1,LORA_EXCLUDED_frozen,NOT RECORDED IN ORIGINAL RUN,NOT RECORDED IN ORIGINAL RUN,4,val,plasma_cell,apoptosis,0
1,LORA_EXCLUDED_frozen,NOT RECORDED IN ORIGINAL RUN,NOT RECORDED IN ORIGINAL RUN,4,val,histiocyte,tumor,0
1,LORA_EXCLUDED_frozen,NOT RECORDED IN ORIGINAL RUN,NOT RECORDED IN ORIGINAL RUN,4,val,histiocyte,lymphocyte,0
1,LORA_EXCLUDED_frozen,NOT RECORDED IN ORIGINAL RUN,NOT RECORDED IN ORIGINAL RUN,4,val,histiocyte,plasma_cell,0
1,LORA_EXCLUDED_frozen,NOT RECORDED IN ORIGINAL RUN,NOT RECORDED IN ORIGINAL RUN,4,val,histiocyte,histiocyte,0
1,LORA_EXCLUDED_frozen,NOT RECORDED IN ORIGINAL RUN,NOT RECORDED IN ORIGINAL RUN,4,val,histiocyte,melanophage,0
1,LORA_EXCLUDED_frozen,NOT RECORDED IN ORIGINAL RUN,NOT RECORDED IN ORIGINAL RUN,4,val,histiocyte,neutrophil,0
1,LORA_EXCLUDED_frozen,NOT RECORDED IN ORIGINAL RUN,NOT RECORDED IN ORIGINAL RUN,4,val,histiocyte,stroma,2
1,LORA_EXCLUDED_frozen,NOT RECORDED IN ORIGINAL RUN,NOT RECORDED IN ORIGINAL RUN,4,val,histiocyte,epithelium,0
1,LORA_EXCLUDED_frozen,NOT RECORDED IN ORIGINAL RUN,NOT RECORDED IN ORIGINAL RUN,4,val,histiocyte,endothelium,0
1,LORA_EXCLUDED_frozen,NOT RECORDED IN ORIGINAL RUN,NOT RECORDED IN ORIGINAL RUN,4,val,histiocyte,apoptosis,0
1,LORA_EXCLUDED_frozen,NOT RECORDED IN ORIGINAL RUN,NOT RECORDED IN ORIGINAL RUN,4,val,melanophage,tumor,0
1,LORA_EXCLUDED_frozen,NOT RECORDED IN ORIGINAL RUN,NOT RECORDED IN ORIGINAL RUN,4,val,melanophage,lymphocyte,0
1,LORA_EXCLUDED_frozen,NOT RECORDED IN ORIGINAL RUN,NOT RECORDED IN ORIGINAL RUN,4,val,melanophage,plasma_cell,0
1,LORA_EXCLUDED_frozen,NOT RECORDED IN ORIGINAL RUN,NOT RECORDED IN ORIGINAL RUN,4,val,melanophage,histiocyte,0
1,LORA_EXCLUDED_frozen,NOT RECORDED IN ORIGINAL RUN,NOT RECORDED IN ORIGINAL RUN,4,val,melanophage,melanophage,2
1,LORA_EXCLUDED_frozen,NOT RECORDED IN ORIGINAL RUN,NOT RECORDED IN ORIGINAL RUN,4,val,melanophage,neutrophil,0
1,LORA_EXCLUDED_frozen,NOT RECORDED IN ORIGINAL RUN,NOT RECORDED IN ORIGINAL RUN,4,val,melanophage,stroma,0
1,LORA_EXCLUDED_frozen,NOT RECORDED IN ORIGINAL RUN,NOT RECORDED IN ORIGINAL RUN,4,val,melanophage,epithelium,0
1,LORA_EXCLUDED_frozen,NOT RECORDED IN ORIGINAL RUN,NOT RECORDED IN ORIGINAL RUN,4,val,melanophage,endothelium,0
1,LORA_EXCLUDED_frozen,NOT RECORDED IN ORIGINAL RUN,NOT RECORDED IN ORIGINAL RUN,4,val,melanophage,apoptosis,0
1,LORA_EXCLUDED_frozen,NOT RECORDED IN ORIGINAL RUN,NOT RECORDED IN ORIGINAL RUN,4,val,neutrophil,tumor,0
1,LORA_EXCLUDED_frozen,NOT RECORDED IN ORIGINAL RUN,NOT RECORDED IN ORIGINAL RUN,4,val,neutrophil,lymphocyte,0
1,LORA_EXCLUDED_frozen,NOT RECORDED IN ORIGINAL RUN,NOT RECORDED IN ORIGINAL RUN,4,val,neutrophil,plasma_cell,0
1,LORA_EXCLUDED_frozen,NOT RECORDED IN ORIGINAL RUN,NOT RECORDED IN ORIGINAL RUN,4,val,neutrophil,histiocyte,0
1,LORA_EXCLUDED_frozen,NOT RECORDED IN ORIGINAL RUN,NOT RECORDED IN ORIGINAL RUN,4,val,neutrophil,melanophage,0
1,LORA_EXCLUDED_frozen,NOT RECORDED IN ORIGINAL RUN,NOT RECORDED IN ORIGINAL RUN,4,val,neutrophil,neutrophil,2
1,LORA_EXCLUDED_frozen,NOT RECORDED IN ORIGINAL RUN,NOT RECORDED IN ORIGINAL RUN,4,val,neutrophil,stroma,0
1,LORA_EXCLUDED_frozen,NOT RECORDED IN ORIGINAL RUN,NOT RECORDED IN ORIGINAL RUN,4,val,neutrophil,epithelium,0
1,LORA_EXCLUDED_frozen,NOT RECORDED IN ORIGINAL RUN,NOT RECORDED IN ORIGINAL RUN,4,val,neutrophil,endothelium,0
1,LORA_EXCLUDED_frozen,NOT RECORDED IN ORIGINAL RUN,NOT RECORDED IN ORIGINAL RUN,4,val,neutrophil,apoptosis,0
1,LORA_EXCLUDED_frozen,NOT RECORDED IN ORIGINAL RUN,NOT RECORDED IN ORIGINAL RUN,4,val,stroma,tumor,0
1,LORA_EXCLUDED_frozen,NOT RECORDED IN ORIGINAL RUN,NOT RECORDED IN ORIGINAL RUN,4,val,stroma,lymphocyte,0
1,LORA_EXCLUDED_frozen,NOT RECORDED IN ORIGINAL RUN,NOT RECORDED IN ORIGINAL RUN,4,val,stroma,plasma_cell,0
1,LORA_EXCLUDED_frozen,NOT RECORDED IN ORIGINAL RUN,NOT RECORDED IN ORIGINAL RUN,4,val,stroma,histiocyte,0
1,LORA_EXCLUDED_frozen,NOT RECORDED IN ORIGINAL RUN,NOT RECORDED IN ORIGINAL RUN,4,val,stroma,melanophage,0
1,LORA_EXCLUDED_frozen,NOT RECORDED IN ORIGINAL RUN,NOT RECORDED IN ORIGINAL RUN,4,val,stroma,neutrophil,0
1,LORA_EXCLUDED_frozen,NOT RECORDED IN ORIGINAL RUN,NOT RECORDED IN ORIGINAL RUN,4,val,stroma,stroma,2
1,LORA_EXCLUDED_frozen,NOT RECORDED IN ORIGINAL RUN,NOT RECORDED IN ORIGINAL RUN,4,val,stroma,epithelium,0
1,LORA_EXCLUDED_frozen,NOT RECORDED IN ORIGINAL RUN,NOT RECORDED IN ORIGINAL RUN,4,val,stroma,endothelium,0
1,LORA_EXCLUDED_frozen,NOT RECORDED IN ORIGINAL RUN,NOT RECORDED IN ORIGINAL RUN,4,val,stroma,apoptosis,0
1,LORA_EXCLUDED_frozen,NOT RECORDED IN ORIGINAL RUN,NOT RECORDED IN ORIGINAL RUN,4,val,epithelium,tumor,0
1,LORA_EXCLUDED_frozen,NOT RECORDED IN ORIGINAL RUN,NOT RECORDED IN ORIGINAL RUN,4,val,epithelium,lymphocyte,0
1,LORA_EXCLUDED_frozen,NOT RECORDED IN ORIGINAL RUN,NOT RECORDED IN ORIGINAL RUN,4,val,epithelium,plasma_cell,0
1,LORA_EXCLUDED_frozen,NOT RECORDED IN ORIGINAL RUN,NOT RECORDED IN ORIGINAL RUN,4,val,epithelium,histiocyte,0
1,LORA_EXCLUDED_frozen,NOT RECORDED IN ORIGINAL RUN,NOT RECORDED IN ORIGINAL RUN,4,val,epithelium,melanophage,0
1,LORA_EXCLUDED_frozen,NOT RECORDED IN ORIGINAL RUN,NOT RECORDED IN ORIGINAL RUN,4,val,epithelium,neutrophil,0
1,LORA_EXCLUDED_frozen,NOT RECORDED IN ORIGINAL RUN,NOT RECORDED IN ORIGINAL RUN,4,val,epithelium,stroma,0
1,LORA_EXCLUDED_frozen,NOT RECORDED IN ORIGINAL RUN,NOT RECORDED IN ORIGINAL RUN,4,val,epithelium,epithelium,1
1,LORA_EXCLUDED_frozen,NOT RECORDED IN ORIGINAL RUN,NOT RECORDED IN ORIGINAL RUN,4,val,epithelium,endothelium,1
1,LORA_EXCLUDED_frozen,NOT RECORDED IN ORIGINAL RUN,NOT RECORDED IN ORIGINAL RUN,4,val,epithelium,apoptosis,0
1,LORA_EXCLUDED_frozen,NOT RECORDED IN ORIGINAL RUN,NOT RECORDED IN ORIGINAL RUN,4,val,endothelium,tumor,0
1,LORA_EXCLUDED_frozen,NOT RECORDED IN ORIGINAL RUN,NOT RECORDED IN ORIGINAL RUN,4,val,endothelium,lymphocyte,0
1,LORA_EXCLUDED_frozen,NOT RECORDED IN ORIGINAL RUN,NOT RECORDED IN ORIGINAL RUN,4,val,endothelium,plasma_cell,0
1,LORA_EXCLUDED_frozen,NOT RECORDED IN ORIGINAL RUN,NOT RECORDED IN ORIGINAL RUN,4,val,endothelium,histiocyte,1
1,LORA_EXCLUDED_frozen,NOT RECORDED IN ORIGINAL RUN,NOT RECORDED IN ORIGINAL RUN,4,val,endothelium,melanophage,0
1,LORA_EXCLUDED_frozen,NOT RECORDED IN ORIGINAL RUN,NOT RECORDED IN ORIGINAL RUN,4,val,endothelium,neutrophil,0
1,LORA_EXCLUDED_frozen,NOT RECORDED IN ORIGINAL RUN,NOT RECORDED IN ORIGINAL RUN,4,val,endothelium,stroma,1
1,LORA_EXCLUDED_frozen,NOT RECORDED IN ORIGINAL RUN,NOT RECORDED IN ORIGINAL RUN,4,val,endothelium,epithelium,0
1,LORA_EXCLUDED_frozen,NOT RECORDED IN ORIGINAL RUN,NOT RECORDED IN ORIGINAL RUN,4,val,endothelium,endothelium,0
1,LORA_EXCLUDED_frozen,NOT RECORDED IN ORIGINAL RUN,NOT RECORDED IN ORIGINAL RUN,4,val,endothelium,apoptosis,0
1,LORA_EXCLUDED_frozen,NOT RECORDED IN ORIGINAL RUN,NOT RECORDED IN ORIGINAL RUN,4,val,apoptosis,tumor,0
1,LORA_EXCLUDED_frozen,NOT RECORDED IN ORIGINAL RUN,NOT RECORDED IN ORIGINAL RUN,4,val,apoptosis,lymphocyte,0
1,LORA_EXCLUDED_frozen,NOT RECORDED IN ORIGINAL RUN,NOT RECORDED IN ORIGINAL RUN,4,val,apoptosis,plasma_cell,0
1,LORA_EXCLUDED_frozen,NOT RECORDED IN ORIGINAL RUN,NOT RECORDED IN ORIGINAL RUN,4,val,apoptosis,histiocyte,0
1,LORA_EXCLUDED_frozen,NOT RECORDED IN ORIGINAL RUN,NOT RECORDED IN ORIGINAL RUN,4,val,apoptosis,melanophage,0
1,LORA_EXCLUDED_frozen,NOT RECORDED IN ORIGINAL RUN,NOT RECORDED IN ORIGINAL RUN,4,val,apoptosis,neutrophil,0
1,LORA_EXCLUDED_frozen,NOT RECORDED IN ORIGINAL RUN,NOT RECORDED IN ORIGINAL RUN,4,val,apoptosis,stroma,2
1,LORA_EXCLUDED_frozen,NOT RECORDED IN ORIGINAL RUN,NOT RECORDED IN ORIGINAL RUN,4,val,apoptosis,epithelium,0
1,LORA_EXCLUDED_frozen,NOT RECORDED IN ORIGINAL RUN,NOT RECORDED IN ORIGINAL RUN,4,val,apoptosis,endothelium,0
1,LORA_EXCLUDED_frozen,NOT RECORDED IN ORIGINAL RUN,NOT RECORDED IN ORIGINAL RUN,4,val,apoptosis,apoptosis,0
1,LORA_EXCLUDED_frozen,NOT RECORDED IN ORIGINAL RUN,NOT RECORDED IN ORIGINAL RUN,5,train,tumor,tumor,3
1,LORA_EXCLUDED_frozen,NOT RECORDED IN ORIGINAL RUN,NOT RECORDED IN ORIGINAL RUN,5,train,tumor,lymphocyte,0
1,LORA_EXCLUDED_frozen,NOT RECORDED IN ORIGINAL RUN,NOT RECORDED IN ORIGINAL RUN,5,train,tumor,plasma_cell,0
1,LORA_EXCLUDED_frozen,NOT RECORDED IN ORIGINAL RUN,NOT RECORDED IN ORIGINAL RUN,5,train,tumor,histiocyte,0
1,LORA_EXCLUDED_frozen,NOT RECORDED IN ORIGINAL RUN,NOT RECORDED IN ORIGINAL RUN,5,train,tumor,melanophage,0
1,LORA_EXCLUDED_frozen,NOT RECORDED IN ORIGINAL RUN,NOT RECORDED IN ORIGINAL RUN,5,train,tumor,neutrophil,0
1,LORA_EXCLUDED_frozen,NOT RECORDED IN ORIGINAL RUN,NOT RECORDED IN ORIGINAL RUN,5,train,tumor,stroma,0
1,LORA_EXCLUDED_frozen,NOT RECORDED IN ORIGINAL RUN,NOT RECORDED IN ORIGINAL RUN,5,train,tumor,epithelium,0
1,LORA_EXCLUDED_frozen,NOT RECORDED IN ORIGINAL RUN,NOT RECORDED IN ORIGINAL RUN,5,train,tumor,endothelium,0
1,LORA_EXCLUDED_frozen,NOT RECORDED IN ORIGINAL RUN,NOT RECORDED IN ORIGINAL RUN,5,train,tumor,apoptosis,0
1,LORA_EXCLUDED_frozen,NOT RECORDED IN ORIGINAL RUN,NOT RECORDED IN ORIGINAL RUN,5,train,lymphocyte,tumor,0
1,LORA_EXCLUDED_frozen,NOT RECORDED IN ORIGINAL RUN,NOT RECORDED IN ORIGINAL RUN,5,train,lymphocyte,lymphocyte,3
1,LORA_EXCLUDED_frozen,NOT RECORDED IN ORIGINAL RUN,NOT RECORDED IN ORIGINAL RUN,5,train,lymphocyte,plasma_cell,0
1,LORA_EXCLUDED_frozen,NOT RECORDED IN ORIGINAL RUN,NOT RECORDED IN ORIGINAL RUN,5,train,lymphocyte,histiocyte,0
1,LORA_EXCLUDED_frozen,NOT RECORDED IN ORIGINAL RUN,NOT RECORDED IN ORIGINAL RUN,5,train,lymphocyte,melanophage,0
1,LORA_EXCLUDED_frozen,NOT RECORDED IN ORIGINAL RUN,NOT RECORDED IN ORIGINAL RUN,5,train,lymphocyte,neutrophil,0
1,LORA_EXCLUDED_frozen,NOT RECORDED IN ORIGINAL RUN,NOT RECORDED IN ORIGINAL RUN,5,train,lymphocyte,stroma,0
1,LORA_EXCLUDED_frozen,NOT RECORDED IN ORIGINAL RUN,NOT RECORDED IN ORIGINAL RUN,5,train,lymphocyte,epithelium,0
1,LORA_EXCLUDED_frozen,NOT RECORDED IN ORIGINAL RUN,NOT RECORDED IN ORIGINAL RUN,5,train,lymphocyte,endothelium,0
1,LORA_EXCLUDED_frozen,NOT RECORDED IN ORIGINAL RUN,NOT RECORDED IN ORIGINAL RUN,5,train,lymphocyte,apoptosis,0
1,LORA_EXCLUDED_frozen,NOT RECORDED IN ORIGINAL RUN,NOT RECORDED IN ORIGINAL RUN,5,train,plasma_cell,tumor,0
1,LORA_EXCLUDED_frozen,NOT RECORDED IN ORIGINAL RUN,NOT RECORDED IN ORIGINAL RUN,5,train,plasma_cell,lymphocyte,0
1,LORA_EXCLUDED_frozen,NOT RECORDED IN ORIGINAL RUN,NOT RECORDED IN ORIGINAL RUN,5,train,plasma_cell,plasma_cell,3
1,LORA_EXCLUDED_frozen,NOT RECORDED IN ORIGINAL RUN,NOT RECORDED IN ORIGINAL RUN,5,train,plasma_cell,histiocyte,0
1,LORA_EXCLUDED_frozen,NOT RECORDED IN ORIGINAL RUN,NOT RECORDED IN ORIGINAL RUN,5,train,plasma_cell,melanophage,0
1,LORA_EXCLUDED_frozen,NOT RECORDED IN ORIGINAL RUN,NOT RECORDED IN ORIGINAL RUN,5,train,plasma_cell,neutrophil,0
1,LORA_EXCLUDED_frozen,NOT RECORDED IN ORIGINAL RUN,NOT RECORDED IN ORIGINAL RUN,5,train,plasma_cell,stroma,0
1,LORA_EXCLUDED_frozen,NOT RECORDED IN ORIGINAL RUN,NOT RECORDED IN ORIGINAL RUN,5,train,plasma_cell,epithelium,0
1,LORA_EXCLUDED_frozen,NOT RECORDED IN ORIGINAL RUN,NOT RECORDED IN ORIGINAL RUN,5,train,plasma_cell,endothelium,0
1,LORA_EXCLUDED_frozen,NOT RECORDED IN ORIGINAL RUN,NOT RECORDED IN ORIGINAL RUN,5,train,plasma_cell,apoptosis,0
1,LORA_EXCLUDED_frozen,NOT RECORDED IN ORIGINAL RUN,NOT RECORDED IN ORIGINAL RUN,5,train,histiocyte,tumor,0
1,LORA_EXCLUDED_frozen,NOT RECORDED IN ORIGINAL RUN,NOT RECORDED IN ORIGINAL RUN,5,train,histiocyte,lymphocyte,0
1,LORA_EXCLUDED_frozen,NOT RECORDED IN ORIGINAL RUN,NOT RECORDED IN ORIGINAL RUN,5,train,histiocyte,plasma_cell,0
1,LORA_EXCLUDED_frozen,NOT RECORDED IN ORIGINAL RUN,NOT RECORDED IN ORIGINAL RUN,5,train,histiocyte,histiocyte,3
1,LORA_EXCLUDED_frozen,NOT RECORDED IN ORIGINAL RUN,NOT RECORDED IN ORIGINAL RUN,5,train,histiocyte,melanophage,0
1,LORA_EXCLUDED_frozen,NOT RECORDED IN ORIGINAL RUN,NOT RECORDED IN ORIGINAL RUN,5,train,histiocyte,neutrophil,0
1,LORA_EXCLUDED_frozen,NOT RECORDED IN ORIGINAL RUN,NOT RECORDED IN ORIGINAL RUN,5,train,histiocyte,stroma,0
1,LORA_EXCLUDED_frozen,NOT RECORDED IN ORIGINAL RUN,NOT RECORDED IN ORIGINAL RUN,5,train,histiocyte,epithelium,0
1,LORA_EXCLUDED_frozen,NOT RECORDED IN ORIGINAL RUN,NOT RECORDED IN ORIGINAL RUN,5,train,histiocyte,endothelium,0
1,LORA_EXCLUDED_frozen,NOT RECORDED IN ORIGINAL RUN,NOT RECORDED IN ORIGINAL RUN,5,train,histiocyte,apoptosis,0
1,LORA_EXCLUDED_frozen,NOT RECORDED IN ORIGINAL RUN,NOT RECORDED IN ORIGINAL RUN,5,train,melanophage,tumor,0
1,LORA_EXCLUDED_frozen,NOT RECORDED IN ORIGINAL RUN,NOT RECORDED IN ORIGINAL RUN,5,train,melanophage,lymphocyte,0
1,LORA_EXCLUDED_frozen,NOT RECORDED IN ORIGINAL RUN,NOT RECORDED IN ORIGINAL RUN,5,train,melanophage,plasma_cell,0
1,LORA_EXCLUDED_frozen,NOT RECORDED IN ORIGINAL RUN,NOT RECORDED IN ORIGINAL RUN,5,train,melanophage,histiocyte,0
1,LORA_EXCLUDED_frozen,NOT RECORDED IN ORIGINAL RUN,NOT RECORDED IN ORIGINAL RUN,5,train,melanophage,melanophage,3
1,LORA_EXCLUDED_frozen,NOT RECORDED IN ORIGINAL RUN,NOT RECORDED IN ORIGINAL RUN,5,train,melanophage,neutrophil,0
1,LORA_EXCLUDED_frozen,NOT RECORDED IN ORIGINAL RUN,NOT RECORDED IN ORIGINAL RUN,5,train,melanophage,stroma,0
1,LORA_EXCLUDED_frozen,NOT RECORDED IN ORIGINAL RUN,NOT RECORDED IN ORIGINAL RUN,5,train,melanophage,epithelium,0
1,LORA_EXCLUDED_frozen,NOT RECORDED IN ORIGINAL RUN,NOT RECORDED IN ORIGINAL RUN,5,train,melanophage,endothelium,0
1,LORA_EXCLUDED_frozen,NOT RECORDED IN ORIGINAL RUN,NOT RECORDED IN ORIGINAL RUN,5,train,melanophage,apoptosis,0
1,LORA_EXCLUDED_frozen,NOT RECORDED IN ORIGINAL RUN,NOT RECORDED IN ORIGINAL RUN,5,train,neutrophil,tumor,0
1,LORA_EXCLUDED_frozen,NOT RECORDED IN ORIGINAL RUN,NOT RECORDED IN ORIGINAL RUN,5,train,neutrophil,lymphocyte,0
1,LORA_EXCLUDED_frozen,NOT RECORDED IN ORIGINAL RUN,NOT RECORDED IN ORIGINAL RUN,5,train,neutrophil,plasma_cell,0
1,LORA_EXCLUDED_frozen,NOT RECORDED IN ORIGINAL RUN,NOT RECORDED IN ORIGINAL RUN,5,train,neutrophil,histiocyte,0
1,LORA_EXCLUDED_frozen,NOT RECORDED IN ORIGINAL RUN,NOT RECORDED IN ORIGINAL RUN,5,train,neutrophil,melanophage,0
1,LORA_EXCLUDED_frozen,NOT RECORDED IN ORIGINAL RUN,NOT RECORDED IN ORIGINAL RUN,5,train,neutrophil,neutrophil,3
1,LORA_EXCLUDED_frozen,NOT RECORDED IN ORIGINAL RUN,NOT RECORDED IN ORIGINAL RUN,5,train,neutrophil,stroma,0
1,LORA_EXCLUDED_frozen,NOT RECORDED IN ORIGINAL RUN,NOT RECORDED IN ORIGINAL RUN,5,train,neutrophil,epithelium,0
1,LORA_EXCLUDED_frozen,NOT RECORDED IN ORIGINAL RUN,NOT RECORDED IN ORIGINAL RUN,5,train,neutrophil,endothelium,0
1,LORA_EXCLUDED_frozen,NOT RECORDED IN ORIGINAL RUN,NOT RECORDED IN ORIGINAL RUN,5,train,neutrophil,apoptosis,0
1,LORA_EXCLUDED_frozen,NOT RECORDED IN ORIGINAL RUN,NOT RECORDED IN ORIGINAL RUN,5,train,stroma,tumor,0
1,LORA_EXCLUDED_frozen,NOT RECORDED IN ORIGINAL RUN,NOT RECORDED IN ORIGINAL RUN,5,train,stroma,lymphocyte,0
1,LORA_EXCLUDED_frozen,NOT RECORDED IN ORIGINAL RUN,NOT RECORDED IN ORIGINAL RUN,5,train,stroma,plasma_cell,0
1,LORA_EXCLUDED_frozen,NOT RECORDED IN ORIGINAL RUN,NOT RECORDED IN ORIGINAL RUN,5,train,stroma,histiocyte,0
1,LORA_EXCLUDED_frozen,NOT RECORDED IN ORIGINAL RUN,NOT RECORDED IN ORIGINAL RUN,5,train,stroma,melanophage,0
1,LORA_EXCLUDED_frozen,NOT RECORDED IN ORIGINAL RUN,NOT RECORDED IN ORIGINAL RUN,5,train,stroma,neutrophil,0
1,LORA_EXCLUDED_frozen,NOT RECORDED IN ORIGINAL RUN,NOT RECORDED IN ORIGINAL RUN,5,train,stroma,stroma,3
1,LORA_EXCLUDED_frozen,NOT RECORDED IN ORIGINAL RUN,NOT RECORDED IN ORIGINAL RUN,5,train,stroma,epithelium,0
1,LORA_EXCLUDED_frozen,NOT RECORDED IN ORIGINAL RUN,NOT RECORDED IN ORIGINAL RUN,5,train,stroma,endothelium,0
1,LORA_EXCLUDED_frozen,NOT RECORDED IN ORIGINAL RUN,NOT RECORDED IN ORIGINAL RUN,5,train,stroma,apoptosis,0
1,LORA_EXCLUDED_frozen,NOT RECORDED IN ORIGINAL RUN,NOT RECORDED IN ORIGINAL RUN,5,train,epithelium,tumor,0
1,LORA_EXCLUDED_frozen,NOT RECORDED IN ORIGINAL RUN,NOT RECORDED IN ORIGINAL RUN,5,train,epithelium,lymphocyte,0
1,LORA_EXCLUDED_frozen,NOT RECORDED IN ORIGINAL RUN,NOT RECORDED IN ORIGINAL RUN,5,train,epithelium,plasma_cell,0
1,LORA_EXCLUDED_frozen,NOT RECORDED IN ORIGINAL RUN,NOT RECORDED IN ORIGINAL RUN,5,train,epithelium,histiocyte,0
1,LORA_EXCLUDED_frozen,NOT RECORDED IN ORIGINAL RUN,NOT RECORDED IN ORIGINAL RUN,5,train,epithelium,melanophage,0
1,LORA_EXCLUDED_frozen,NOT RECORDED IN ORIGINAL RUN,NOT RECORDED IN ORIGINAL RUN,5,train,epithelium,neutrophil,0
1,LORA_EXCLUDED_frozen,NOT RECORDED IN ORIGINAL RUN,NOT RECORDED IN ORIGINAL RUN,5,train,epithelium,stroma,0
1,LORA_EXCLUDED_frozen,NOT RECORDED IN ORIGINAL RUN,NOT RECORDED IN ORIGINAL RUN,5,train,epithelium,epithelium,3
1,LORA_EXCLUDED_frozen,NOT RECORDED IN ORIGINAL RUN,NOT RECORDED IN ORIGINAL RUN,5,train,epithelium,endothelium,0
1,LORA_EXCLUDED_frozen,NOT RECORDED IN ORIGINAL RUN,NOT RECORDED IN ORIGINAL RUN,5,train,epithelium,apoptosis,0
1,LORA_EXCLUDED_frozen,NOT RECORDED IN ORIGINAL RUN,NOT RECORDED IN ORIGINAL RUN,5,train,endothelium,tumor,0
1,LORA_EXCLUDED_frozen,NOT RECORDED IN ORIGINAL RUN,NOT RECORDED IN ORIGINAL RUN,5,train,endothelium,lymphocyte,0
1,LORA_EXCLUDED_frozen,NOT RECORDED IN ORIGINAL RUN,NOT RECORDED IN ORIGINAL RUN,5,train,endothelium,plasma_cell,0
1,LORA_EXCLUDED_frozen,NOT RECORDED IN ORIGINAL RUN,NOT RECORDED IN ORIGINAL RUN,5,train,endothelium,histiocyte,0
1,LORA_EXCLUDED_frozen,NOT RECORDED IN ORIGINAL RUN,NOT RECORDED IN ORIGINAL RUN,5,train,endothelium,melanophage,0
1,LORA_EXCLUDED_frozen,NOT RECORDED IN ORIGINAL RUN,NOT RECORDED IN ORIGINAL RUN,5,train,endothelium,neutrophil,0
1,LORA_EXCLUDED_frozen,NOT RECORDED IN ORIGINAL RUN,NOT RECORDED IN ORIGINAL RUN,5,train,endothelium,stroma,0
1,LORA_EXCLUDED_frozen,NOT RECORDED IN ORIGINAL RUN,NOT RECORDED IN ORIGINAL RUN,5,train,endothelium,epithelium,0
1,LORA_EXCLUDED_frozen,NOT RECORDED IN ORIGINAL RUN,NOT RECORDED IN ORIGINAL RUN,5,train,endothelium,endothelium,3
1,LORA_EXCLUDED_frozen,NOT RECORDED IN ORIGINAL RUN,NOT RECORDED IN ORIGINAL RUN,5,train,endothelium,apoptosis,0
1,LORA_EXCLUDED_frozen,NOT RECORDED IN ORIGINAL RUN,NOT RECORDED IN ORIGINAL RUN,5,train,apoptosis,tumor,0
1,LORA_EXCLUDED_frozen,NOT RECORDED IN ORIGINAL RUN,NOT RECORDED IN ORIGINAL RUN,5,train,apoptosis,lymphocyte,0
1,LORA_EXCLUDED_frozen,NOT RECORDED IN ORIGINAL RUN,NOT RECORDED IN ORIGINAL RUN,5,train,apoptosis,plasma_cell,0
1,LORA_EXCLUDED_frozen,NOT RECORDED IN ORIGINAL RUN,NOT RECORDED IN ORIGINAL RUN,5,train,apoptosis,histiocyte,0
1,LORA_EXCLUDED_frozen,NOT RECORDED IN ORIGINAL RUN,NOT RECORDED IN ORIGINAL RUN,5,train,apoptosis,melanophage,0
1,LORA_EXCLUDED_frozen,NOT RECORDED IN ORIGINAL RUN,NOT RECORDED IN ORIGINAL RUN,5,train,apoptosis,neutrophil,0
1,LORA_EXCLUDED_frozen,NOT RECORDED IN ORIGINAL RUN,NOT RECORDED IN ORIGINAL RUN,5,train,apoptosis,stroma,0
1,LORA_EXCLUDED_frozen,NOT RECORDED IN ORIGINAL RUN,NOT RECORDED IN ORIGINAL RUN,5,train,apoptosis,epithelium,0
1,LORA_EXCLUDED_frozen,NOT RECORDED IN ORIGINAL RUN,NOT RECORDED IN ORIGINAL RUN,5,train,apoptosis,endothelium,0
1,LORA_EXCLUDED_frozen,NOT RECORDED IN ORIGINAL RUN,NOT RECORDED IN ORIGINAL RUN,5,train,apoptosis,apoptosis,3
1,LORA_EXCLUDED_frozen,NOT RECORDED IN ORIGINAL RUN,NOT RECORDED IN ORIGINAL RUN,5,val,tumor,tumor,1
1,LORA_EXCLUDED_frozen,NOT RECORDED IN ORIGINAL RUN,NOT RECORDED IN ORIGINAL RUN,5,val,tumor,lymphocyte,0
1,LORA_EXCLUDED_frozen,NOT RECORDED IN ORIGINAL RUN,NOT RECORDED IN ORIGINAL RUN,5,val,tumor,plasma_cell,0
1,LORA_EXCLUDED_frozen,NOT RECORDED IN ORIGINAL RUN,NOT RECORDED IN ORIGINAL RUN,5,val,tumor,histiocyte,0
1,LORA_EXCLUDED_frozen,NOT RECORDED IN ORIGINAL RUN,NOT RECORDED IN ORIGINAL RUN,5,val,tumor,melanophage,0
1,LORA_EXCLUDED_frozen,NOT RECORDED IN ORIGINAL RUN,NOT RECORDED IN ORIGINAL RUN,5,val,tumor,neutrophil,1
1,LORA_EXCLUDED_frozen,NOT RECORDED IN ORIGINAL RUN,NOT RECORDED IN ORIGINAL RUN,5,val,tumor,stroma,0
1,LORA_EXCLUDED_frozen,NOT RECORDED IN ORIGINAL RUN,NOT RECORDED IN ORIGINAL RUN,5,val,tumor,epithelium,0
1,LORA_EXCLUDED_frozen,NOT RECORDED IN ORIGINAL RUN,NOT RECORDED IN ORIGINAL RUN,5,val,tumor,endothelium,0
1,LORA_EXCLUDED_frozen,NOT RECORDED IN ORIGINAL RUN,NOT RECORDED IN ORIGINAL RUN,5,val,tumor,apoptosis,0
1,LORA_EXCLUDED_frozen,NOT RECORDED IN ORIGINAL RUN,NOT RECORDED IN ORIGINAL RUN,5,val,lymphocyte,tumor,0
1,LORA_EXCLUDED_frozen,NOT RECORDED IN ORIGINAL RUN,NOT RECORDED IN ORIGINAL RUN,5,val,lymphocyte,lymphocyte,0
1,LORA_EXCLUDED_frozen,NOT RECORDED IN ORIGINAL RUN,NOT RECORDED IN ORIGINAL RUN,5,val,lymphocyte,plasma_cell,0
1,LORA_EXCLUDED_frozen,NOT RECORDED IN ORIGINAL RUN,NOT RECORDED IN ORIGINAL RUN,5,val,lymphocyte,histiocyte,0
1,LORA_EXCLUDED_frozen,NOT RECORDED IN ORIGINAL RUN,NOT RECORDED IN ORIGINAL RUN,5,val,lymphocyte,melanophage,0
1,LORA_EXCLUDED_frozen,NOT RECORDED IN ORIGINAL RUN,NOT RECORDED IN ORIGINAL RUN,5,val,lymphocyte,neutrophil,0
1,LORA_EXCLUDED_frozen,NOT RECORDED IN ORIGINAL RUN,NOT RECORDED IN ORIGINAL RUN,5,val,lymphocyte,stroma,2
1,LORA_EXCLUDED_frozen,NOT RECORDED IN ORIGINAL RUN,NOT RECORDED IN ORIGINAL RUN,5,val,lymphocyte,epithelium,0
1,LORA_EXCLUDED_frozen,NOT RECORDED IN ORIGINAL RUN,NOT RECORDED IN ORIGINAL RUN,5,val,lymphocyte,endothelium,0
1,LORA_EXCLUDED_frozen,NOT RECORDED IN ORIGINAL RUN,NOT RECORDED IN ORIGINAL RUN,5,val,lymphocyte,apoptosis,0
1,LORA_EXCLUDED_frozen,NOT RECORDED IN ORIGINAL RUN,NOT RECORDED IN ORIGINAL RUN,5,val,plasma_cell,tumor,0
1,LORA_EXCLUDED_frozen,NOT RECORDED IN ORIGINAL RUN,NOT RECORDED IN ORIGINAL RUN,5,val,plasma_cell,lymphocyte,0
1,LORA_EXCLUDED_frozen,NOT RECORDED IN ORIGINAL RUN,NOT RECORDED IN ORIGINAL RUN,5,val,plasma_cell,plasma_cell,0
1,LORA_EXCLUDED_frozen,NOT RECORDED IN ORIGINAL RUN,NOT RECORDED IN ORIGINAL RUN,5,val,plasma_cell,histiocyte,0
1,LORA_EXCLUDED_frozen,NOT RECORDED IN ORIGINAL RUN,NOT RECORDED IN ORIGINAL RUN,5,val,plasma_cell,melanophage,1
1,LORA_EXCLUDED_frozen,NOT RECORDED IN ORIGINAL RUN,NOT RECORDED IN ORIGINAL RUN,5,val,plasma_cell,neutrophil,0
1,LORA_EXCLUDED_frozen,NOT RECORDED IN ORIGINAL RUN,NOT RECORDED IN ORIGINAL RUN,5,val,plasma_cell,stroma,1
1,LORA_EXCLUDED_frozen,NOT RECORDED IN ORIGINAL RUN,NOT RECORDED IN ORIGINAL RUN,5,val,plasma_cell,epithelium,0
1,LORA_EXCLUDED_frozen,NOT RECORDED IN ORIGINAL RUN,NOT RECORDED IN ORIGINAL RUN,5,val,plasma_cell,endothelium,0
1,LORA_EXCLUDED_frozen,NOT RECORDED IN ORIGINAL RUN,NOT RECORDED IN ORIGINAL RUN,5,val,plasma_cell,apoptosis,0
1,LORA_EXCLUDED_frozen,NOT RECORDED IN ORIGINAL RUN,NOT RECORDED IN ORIGINAL RUN,5,val,histiocyte,tumor,1
1,LORA_EXCLUDED_frozen,NOT RECORDED IN ORIGINAL RUN,NOT RECORDED IN ORIGINAL RUN,5,val,histiocyte,lymphocyte,0
1,LORA_EXCLUDED_frozen,NOT RECORDED IN ORIGINAL RUN,NOT RECORDED IN ORIGINAL RUN,5,val,histiocyte,plasma_cell,0
1,LORA_EXCLUDED_frozen,NOT RECORDED IN ORIGINAL RUN,NOT RECORDED IN ORIGINAL RUN,5,val,histiocyte,histiocyte,0
1,LORA_EXCLUDED_frozen,NOT RECORDED IN ORIGINAL RUN,NOT RECORDED IN ORIGINAL RUN,5,val,histiocyte,melanophage,0
1,LORA_EXCLUDED_frozen,NOT RECORDED IN ORIGINAL RUN,NOT RECORDED IN ORIGINAL RUN,5,val,histiocyte,neutrophil,0
1,LORA_EXCLUDED_frozen,NOT RECORDED IN ORIGINAL RUN,NOT RECORDED IN ORIGINAL RUN,5,val,histiocyte,stroma,0
1,LORA_EXCLUDED_frozen,NOT RECORDED IN ORIGINAL RUN,NOT RECORDED IN ORIGINAL RUN,5,val,histiocyte,epithelium,1
1,LORA_EXCLUDED_frozen,NOT RECORDED IN ORIGINAL RUN,NOT RECORDED IN ORIGINAL RUN,5,val,histiocyte,endothelium,0
1,LORA_EXCLUDED_frozen,NOT RECORDED IN ORIGINAL RUN,NOT RECORDED IN ORIGINAL RUN,5,val,histiocyte,apoptosis,0
1,LORA_EXCLUDED_frozen,NOT RECORDED IN ORIGINAL RUN,NOT RECORDED IN ORIGINAL RUN,5,val,melanophage,tumor,0
1,LORA_EXCLUDED_frozen,NOT RECORDED IN ORIGINAL RUN,NOT RECORDED IN ORIGINAL RUN,5,val,melanophage,lymphocyte,0
1,LORA_EXCLUDED_frozen,NOT RECORDED IN ORIGINAL RUN,NOT RECORDED IN ORIGINAL RUN,5,val,melanophage,plasma_cell,0
1,LORA_EXCLUDED_frozen,NOT RECORDED IN ORIGINAL RUN,NOT RECORDED IN ORIGINAL RUN,5,val,melanophage,histiocyte,0
1,LORA_EXCLUDED_frozen,NOT RECORDED IN ORIGINAL RUN,NOT RECORDED IN ORIGINAL RUN,5,val,melanophage,melanophage,2
1,LORA_EXCLUDED_frozen,NOT RECORDED IN ORIGINAL RUN,NOT RECORDED IN ORIGINAL RUN,5,val,melanophage,neutrophil,0
1,LORA_EXCLUDED_frozen,NOT RECORDED IN ORIGINAL RUN,NOT RECORDED IN ORIGINAL RUN,5,val,melanophage,stroma,0
1,LORA_EXCLUDED_frozen,NOT RECORDED IN ORIGINAL RUN,NOT RECORDED IN ORIGINAL RUN,5,val,melanophage,epithelium,0
1,LORA_EXCLUDED_frozen,NOT RECORDED IN ORIGINAL RUN,NOT RECORDED IN ORIGINAL RUN,5,val,melanophage,endothelium,0
1,LORA_EXCLUDED_frozen,NOT RECORDED IN ORIGINAL RUN,NOT RECORDED IN ORIGINAL RUN,5,val,melanophage,apoptosis,0
1,LORA_EXCLUDED_frozen,NOT RECORDED IN ORIGINAL RUN,NOT RECORDED IN ORIGINAL RUN,5,val,neutrophil,tumor,0
1,LORA_EXCLUDED_frozen,NOT RECORDED IN ORIGINAL RUN,NOT RECORDED IN ORIGINAL RUN,5,val,neutrophil,lymphocyte,0
1,LORA_EXCLUDED_frozen,NOT RECORDED IN ORIGINAL RUN,NOT RECORDED IN ORIGINAL RUN,5,val,neutrophil,plasma_cell,0
1,LORA_EXCLUDED_frozen,NOT RECORDED IN ORIGINAL RUN,NOT RECORDED IN ORIGINAL RUN,5,val,neutrophil,histiocyte,0
1,LORA_EXCLUDED_frozen,NOT RECORDED IN ORIGINAL RUN,NOT RECORDED IN ORIGINAL RUN,5,val,neutrophil,melanophage,0
1,LORA_EXCLUDED_frozen,NOT RECORDED IN ORIGINAL RUN,NOT RECORDED IN ORIGINAL RUN,5,val,neutrophil,neutrophil,2
1,LORA_EXCLUDED_frozen,NOT RECORDED IN ORIGINAL RUN,NOT RECORDED IN ORIGINAL RUN,5,val,neutrophil,stroma,0
1,LORA_EXCLUDED_frozen,NOT RECORDED IN ORIGINAL RUN,NOT RECORDED IN ORIGINAL RUN,5,val,neutrophil,epithelium,0
1,LORA_EXCLUDED_frozen,NOT RECORDED IN ORIGINAL RUN,NOT RECORDED IN ORIGINAL RUN,5,val,neutrophil,endothelium,0
1,LORA_EXCLUDED_frozen,NOT RECORDED IN ORIGINAL RUN,NOT RECORDED IN ORIGINAL RUN,5,val,neutrophil,apoptosis,0
1,LORA_EXCLUDED_frozen,NOT RECORDED IN ORIGINAL RUN,NOT RECORDED IN ORIGINAL RUN,5,val,stroma,tumor,0
1,LORA_EXCLUDED_frozen,NOT RECORDED IN ORIGINAL RUN,NOT RECORDED IN ORIGINAL RUN,5,val,stroma,lymphocyte,0
1,LORA_EXCLUDED_frozen,NOT RECORDED IN ORIGINAL RUN,NOT RECORDED IN ORIGINAL RUN,5,val,stroma,plasma_cell,0
1,LORA_EXCLUDED_frozen,NOT RECORDED IN ORIGINAL RUN,NOT RECORDED IN ORIGINAL RUN,5,val,stroma,histiocyte,1
1,LORA_EXCLUDED_frozen,NOT RECORDED IN ORIGINAL RUN,NOT RECORDED IN ORIGINAL RUN,5,val,stroma,melanophage,0
1,LORA_EXCLUDED_frozen,NOT RECORDED IN ORIGINAL RUN,NOT RECORDED IN ORIGINAL RUN,5,val,stroma,neutrophil,0
1,LORA_EXCLUDED_frozen,NOT RECORDED IN ORIGINAL RUN,NOT RECORDED IN ORIGINAL RUN,5,val,stroma,stroma,1
1,LORA_EXCLUDED_frozen,NOT RECORDED IN ORIGINAL RUN,NOT RECORDED IN ORIGINAL RUN,5,val,stroma,epithelium,0
1,LORA_EXCLUDED_frozen,NOT RECORDED IN ORIGINAL RUN,NOT RECORDED IN ORIGINAL RUN,5,val,stroma,endothelium,0
1,LORA_EXCLUDED_frozen,NOT RECORDED IN ORIGINAL RUN,NOT RECORDED IN ORIGINAL RUN,5,val,stroma,apoptosis,0
1,LORA_EXCLUDED_frozen,NOT RECORDED IN ORIGINAL RUN,NOT RECORDED IN ORIGINAL RUN,5,val,epithelium,tumor,0
1,LORA_EXCLUDED_frozen,NOT RECORDED IN ORIGINAL RUN,NOT RECORDED IN ORIGINAL RUN,5,val,epithelium,lymphocyte,0
1,LORA_EXCLUDED_frozen,NOT RECORDED IN ORIGINAL RUN,NOT RECORDED IN ORIGINAL RUN,5,val,epithelium,plasma_cell,0
1,LORA_EXCLUDED_frozen,NOT RECORDED IN ORIGINAL RUN,NOT RECORDED IN ORIGINAL RUN,5,val,epithelium,histiocyte,0
1,LORA_EXCLUDED_frozen,NOT RECORDED IN ORIGINAL RUN,NOT RECORDED IN ORIGINAL RUN,5,val,epithelium,melanophage,0
1,LORA_EXCLUDED_frozen,NOT RECORDED IN ORIGINAL RUN,NOT RECORDED IN ORIGINAL RUN,5,val,epithelium,neutrophil,0
1,LORA_EXCLUDED_frozen,NOT RECORDED IN ORIGINAL RUN,NOT RECORDED IN ORIGINAL RUN,5,val,epithelium,stroma,0
1,LORA_EXCLUDED_frozen,NOT RECORDED IN ORIGINAL RUN,NOT RECORDED IN ORIGINAL RUN,5,val,epithelium,epithelium,1
1,LORA_EXCLUDED_frozen,NOT RECORDED IN ORIGINAL RUN,NOT RECORDED IN ORIGINAL RUN,5,val,epithelium,endothelium,1
1,LORA_EXCLUDED_frozen,NOT RECORDED IN ORIGINAL RUN,NOT RECORDED IN ORIGINAL RUN,5,val,epithelium,apoptosis,0
1,LORA_EXCLUDED_frozen,NOT RECORDED IN ORIGINAL RUN,NOT RECORDED IN ORIGINAL RUN,5,val,endothelium,tumor,0
1,LORA_EXCLUDED_frozen,NOT RECORDED IN ORIGINAL RUN,NOT RECORDED IN ORIGINAL RUN,5,val,endothelium,lymphocyte,1
1,LORA_EXCLUDED_frozen,NOT RECORDED IN ORIGINAL RUN,NOT RECORDED IN ORIGINAL RUN,5,val,endothelium,plasma_cell,0
1,LORA_EXCLUDED_frozen,NOT RECORDED IN ORIGINAL RUN,NOT RECORDED IN ORIGINAL RUN,5,val,endothelium,histiocyte,1
1,LORA_EXCLUDED_frozen,NOT RECORDED IN ORIGINAL RUN,NOT RECORDED IN ORIGINAL RUN,5,val,endothelium,melanophage,0
1,LORA_EXCLUDED_frozen,NOT RECORDED IN ORIGINAL RUN,NOT RECORDED IN ORIGINAL RUN,5,val,endothelium,neutrophil,0
1,LORA_EXCLUDED_frozen,NOT RECORDED IN ORIGINAL RUN,NOT RECORDED IN ORIGINAL RUN,5,val,endothelium,stroma,0
1,LORA_EXCLUDED_frozen,NOT RECORDED IN ORIGINAL RUN,NOT RECORDED IN ORIGINAL RUN,5,val,endothelium,epithelium,0
1,LORA_EXCLUDED_frozen,NOT RECORDED IN ORIGINAL RUN,NOT RECORDED IN ORIGINAL RUN,5,val,endothelium,endothelium,0
1,LORA_EXCLUDED_frozen,NOT RECORDED IN ORIGINAL RUN,NOT RECORDED IN ORIGINAL RUN,5,val,endothelium,apoptosis,0
1,LORA_EXCLUDED_frozen,NOT RECORDED IN ORIGINAL RUN,NOT RECORDED IN ORIGINAL RUN,5,val,apoptosis,tumor,0
1,LORA_EXCLUDED_frozen,NOT RECORDED IN ORIGINAL RUN,NOT RECORDED IN ORIGINAL RUN,5,val,apoptosis,lymphocyte,0
1,LORA_EXCLUDED_frozen,NOT RECORDED IN ORIGINAL RUN,NOT RECORDED IN ORIGINAL RUN,5,val,apoptosis,plasma_cell,0
1,LORA_EXCLUDED_frozen,NOT RECORDED IN ORIGINAL RUN,NOT RECORDED IN ORIGINAL RUN,5,val,apoptosis,histiocyte,0
1,LORA_EXCLUDED_frozen,NOT RECORDED IN ORIGINAL RUN,NOT RECORDED IN ORIGINAL RUN,5,val,apoptosis,melanophage,0
1,LORA_EXCLUDED_frozen,NOT RECORDED IN ORIGINAL RUN,NOT RECORDED IN ORIGINAL RUN,5,val,apoptosis,neutrophil,1
1,LORA_EXCLUDED_frozen,NOT RECORDED IN ORIGINAL RUN,NOT RECORDED IN ORIGINAL RUN,5,val,apoptosis,stroma,0
1,LORA_EXCLUDED_frozen,NOT RECORDED IN ORIGINAL RUN,NOT RECORDED IN ORIGINAL RUN,5,val,apoptosis,epithelium,1
1,LORA_EXCLUDED_frozen,NOT RECORDED IN ORIGINAL RUN,NOT RECORDED IN ORIGINAL RUN,5,val,apoptosis,endothelium,0
1,LORA_EXCLUDED_frozen,NOT RECORDED IN ORIGINAL RUN,NOT RECORDED IN ORIGINAL RUN,5,val,apoptosis,apoptosis,0
1,LORA_EXCLUDED_lora.partial,NOT RECORDED IN ORIGINAL RUN,NOT RECORDED IN ORIGINAL RUN,1,train,tumor,tumor,1
1,LORA_EXCLUDED_lora.partial,NOT RECORDED IN ORIGINAL RUN,NOT RECORDED IN ORIGINAL RUN,1,train,tumor,lymphocyte,0
1,LORA_EXCLUDED_lora.partial,NOT RECORDED IN ORIGINAL RUN,NOT RECORDED IN ORIGINAL RUN,1,train,tumor,plasma_cell,1
1,LORA_EXCLUDED_lora.partial,NOT RECORDED IN ORIGINAL RUN,NOT RECORDED IN ORIGINAL RUN,1,train,tumor,histiocyte,0
1,LORA_EXCLUDED_lora.partial,NOT RECORDED IN ORIGINAL RUN,NOT RECORDED IN ORIGINAL RUN,1,train,tumor,melanophage,0
1,LORA_EXCLUDED_lora.partial,NOT RECORDED IN ORIGINAL RUN,NOT RECORDED IN ORIGINAL RUN,1,train,tumor,neutrophil,0
1,LORA_EXCLUDED_lora.partial,NOT RECORDED IN ORIGINAL RUN,NOT RECORDED IN ORIGINAL RUN,1,train,tumor,stroma,1
1,LORA_EXCLUDED_lora.partial,NOT RECORDED IN ORIGINAL RUN,NOT RECORDED IN ORIGINAL RUN,1,train,tumor,epithelium,0
1,LORA_EXCLUDED_lora.partial,NOT RECORDED IN ORIGINAL RUN,NOT RECORDED IN ORIGINAL RUN,1,train,tumor,endothelium,0
1,LORA_EXCLUDED_lora.partial,NOT RECORDED IN ORIGINAL RUN,NOT RECORDED IN ORIGINAL RUN,1,train,tumor,apoptosis,0
1,LORA_EXCLUDED_lora.partial,NOT RECORDED IN ORIGINAL RUN,NOT RECORDED IN ORIGINAL RUN,1,train,lymphocyte,tumor,0
1,LORA_EXCLUDED_lora.partial,NOT RECORDED IN ORIGINAL RUN,NOT RECORDED IN ORIGINAL RUN,1,train,lymphocyte,lymphocyte,2
1,LORA_EXCLUDED_lora.partial,NOT RECORDED IN ORIGINAL RUN,NOT RECORDED IN ORIGINAL RUN,1,train,lymphocyte,plasma_cell,0
1,LORA_EXCLUDED_lora.partial,NOT RECORDED IN ORIGINAL RUN,NOT RECORDED IN ORIGINAL RUN,1,train,lymphocyte,histiocyte,0
1,LORA_EXCLUDED_lora.partial,NOT RECORDED IN ORIGINAL RUN,NOT RECORDED IN ORIGINAL RUN,1,train,lymphocyte,melanophage,0
1,LORA_EXCLUDED_lora.partial,NOT RECORDED IN ORIGINAL RUN,NOT RECORDED IN ORIGINAL RUN,1,train,lymphocyte,neutrophil,0
1,LORA_EXCLUDED_lora.partial,NOT RECORDED IN ORIGINAL RUN,NOT RECORDED IN ORIGINAL RUN,1,train,lymphocyte,stroma,1
1,LORA_EXCLUDED_lora.partial,NOT RECORDED IN ORIGINAL RUN,NOT RECORDED IN ORIGINAL RUN,1,train,lymphocyte,epithelium,0
1,LORA_EXCLUDED_lora.partial,NOT RECORDED IN ORIGINAL RUN,NOT RECORDED IN ORIGINAL RUN,1,train,lymphocyte,endothelium,0
1,LORA_EXCLUDED_lora.partial,NOT RECORDED IN ORIGINAL RUN,NOT RECORDED IN ORIGINAL RUN,1,train,lymphocyte,apoptosis,0
1,LORA_EXCLUDED_lora.partial,NOT RECORDED IN ORIGINAL RUN,NOT RECORDED IN ORIGINAL RUN,1,train,plasma_cell,tumor,0
1,LORA_EXCLUDED_lora.partial,NOT RECORDED IN ORIGINAL RUN,NOT RECORDED IN ORIGINAL RUN,1,train,plasma_cell,lymphocyte,0
1,LORA_EXCLUDED_lora.partial,NOT RECORDED IN ORIGINAL RUN,NOT RECORDED IN ORIGINAL RUN,1,train,plasma_cell,plasma_cell,3
1,LORA_EXCLUDED_lora.partial,NOT RECORDED IN ORIGINAL RUN,NOT RECORDED IN ORIGINAL RUN,1,train,plasma_cell,histiocyte,0
1,LORA_EXCLUDED_lora.partial,NOT RECORDED IN ORIGINAL RUN,NOT RECORDED IN ORIGINAL RUN,1,train,plasma_cell,melanophage,0
1,LORA_EXCLUDED_lora.partial,NOT RECORDED IN ORIGINAL RUN,NOT RECORDED IN ORIGINAL RUN,1,train,plasma_cell,neutrophil,0
1,LORA_EXCLUDED_lora.partial,NOT RECORDED IN ORIGINAL RUN,NOT RECORDED IN ORIGINAL RUN,1,train,plasma_cell,stroma,0
1,LORA_EXCLUDED_lora.partial,NOT RECORDED IN ORIGINAL RUN,NOT RECORDED IN ORIGINAL RUN,1,train,plasma_cell,epithelium,0
1,LORA_EXCLUDED_lora.partial,NOT RECORDED IN ORIGINAL RUN,NOT RECORDED IN ORIGINAL RUN,1,train,plasma_cell,endothelium,0
1,LORA_EXCLUDED_lora.partial,NOT RECORDED IN ORIGINAL RUN,NOT RECORDED IN ORIGINAL RUN,1,train,plasma_cell,apoptosis,0
1,LORA_EXCLUDED_lora.partial,NOT RECORDED IN ORIGINAL RUN,NOT RECORDED IN ORIGINAL RUN,1,train,histiocyte,tumor,0
1,LORA_EXCLUDED_lora.partial,NOT RECORDED IN ORIGINAL RUN,NOT RECORDED IN ORIGINAL RUN,1,train,histiocyte,lymphocyte,0
1,LORA_EXCLUDED_lora.partial,NOT RECORDED IN ORIGINAL RUN,NOT RECORDED IN ORIGINAL RUN,1,train,histiocyte,plasma_cell,0
1,LORA_EXCLUDED_lora.partial,NOT RECORDED IN ORIGINAL RUN,NOT RECORDED IN ORIGINAL RUN,1,train,histiocyte,histiocyte,3
1,LORA_EXCLUDED_lora.partial,NOT RECORDED IN ORIGINAL RUN,NOT RECORDED IN ORIGINAL RUN,1,train,histiocyte,melanophage,0
1,LORA_EXCLUDED_lora.partial,NOT RECORDED IN ORIGINAL RUN,NOT RECORDED IN ORIGINAL RUN,1,train,histiocyte,neutrophil,0
1,LORA_EXCLUDED_lora.partial,NOT RECORDED IN ORIGINAL RUN,NOT RECORDED IN ORIGINAL RUN,1,train,histiocyte,stroma,0
1,LORA_EXCLUDED_lora.partial,NOT RECORDED IN ORIGINAL RUN,NOT RECORDED IN ORIGINAL RUN,1,train,histiocyte,epithelium,0
1,LORA_EXCLUDED_lora.partial,NOT RECORDED IN ORIGINAL RUN,NOT RECORDED IN ORIGINAL RUN,1,train,histiocyte,endothelium,0
1,LORA_EXCLUDED_lora.partial,NOT RECORDED IN ORIGINAL RUN,NOT RECORDED IN ORIGINAL RUN,1,train,histiocyte,apoptosis,0
1,LORA_EXCLUDED_lora.partial,NOT RECORDED IN ORIGINAL RUN,NOT RECORDED IN ORIGINAL RUN,1,train,melanophage,tumor,0
1,LORA_EXCLUDED_lora.partial,NOT RECORDED IN ORIGINAL RUN,NOT RECORDED IN ORIGINAL RUN,1,train,melanophage,lymphocyte,0
1,LORA_EXCLUDED_lora.partial,NOT RECORDED IN ORIGINAL RUN,NOT RECORDED IN ORIGINAL RUN,1,train,melanophage,plasma_cell,0
1,LORA_EXCLUDED_lora.partial,NOT RECORDED IN ORIGINAL RUN,NOT RECORDED IN ORIGINAL RUN,1,train,melanophage,histiocyte,2
1,LORA_EXCLUDED_lora.partial,NOT RECORDED IN ORIGINAL RUN,NOT RECORDED IN ORIGINAL RUN,1,train,melanophage,melanophage,0
1,LORA_EXCLUDED_lora.partial,NOT RECORDED IN ORIGINAL RUN,NOT RECORDED IN ORIGINAL RUN,1,train,melanophage,neutrophil,0
1,LORA_EXCLUDED_lora.partial,NOT RECORDED IN ORIGINAL RUN,NOT RECORDED IN ORIGINAL RUN,1,train,melanophage,stroma,0
1,LORA_EXCLUDED_lora.partial,NOT RECORDED IN ORIGINAL RUN,NOT RECORDED IN ORIGINAL RUN,1,train,melanophage,epithelium,1
1,LORA_EXCLUDED_lora.partial,NOT RECORDED IN ORIGINAL RUN,NOT RECORDED IN ORIGINAL RUN,1,train,melanophage,endothelium,0
1,LORA_EXCLUDED_lora.partial,NOT RECORDED IN ORIGINAL RUN,NOT RECORDED IN ORIGINAL RUN,1,train,melanophage,apoptosis,0
1,LORA_EXCLUDED_lora.partial,NOT RECORDED IN ORIGINAL RUN,NOT RECORDED IN ORIGINAL RUN,1,train,neutrophil,tumor,1
1,LORA_EXCLUDED_lora.partial,NOT RECORDED IN ORIGINAL RUN,NOT RECORDED IN ORIGINAL RUN,1,train,neutrophil,lymphocyte,0
1,LORA_EXCLUDED_lora.partial,NOT RECORDED IN ORIGINAL RUN,NOT RECORDED IN ORIGINAL RUN,1,train,neutrophil,plasma_cell,0
1,LORA_EXCLUDED_lora.partial,NOT RECORDED IN ORIGINAL RUN,NOT RECORDED IN ORIGINAL RUN,1,train,neutrophil,histiocyte,0
1,LORA_EXCLUDED_lora.partial,NOT RECORDED IN ORIGINAL RUN,NOT RECORDED IN ORIGINAL RUN,1,train,neutrophil,melanophage,0
1,LORA_EXCLUDED_lora.partial,NOT RECORDED IN ORIGINAL RUN,NOT RECORDED IN ORIGINAL RUN,1,train,neutrophil,neutrophil,0
1,LORA_EXCLUDED_lora.partial,NOT RECORDED IN ORIGINAL RUN,NOT RECORDED IN ORIGINAL RUN,1,train,neutrophil,stroma,2
1,LORA_EXCLUDED_lora.partial,NOT RECORDED IN ORIGINAL RUN,NOT RECORDED IN ORIGINAL RUN,1,train,neutrophil,epithelium,0
1,LORA_EXCLUDED_lora.partial,NOT RECORDED IN ORIGINAL RUN,NOT RECORDED IN ORIGINAL RUN,1,train,neutrophil,endothelium,0
1,LORA_EXCLUDED_lora.partial,NOT RECORDED IN ORIGINAL RUN,NOT RECORDED IN ORIGINAL RUN,1,train,neutrophil,apoptosis,0
1,LORA_EXCLUDED_lora.partial,NOT RECORDED IN ORIGINAL RUN,NOT RECORDED IN ORIGINAL RUN,1,train,stroma,tumor,0
1,LORA_EXCLUDED_lora.partial,NOT RECORDED IN ORIGINAL RUN,NOT RECORDED IN ORIGINAL RUN,1,train,stroma,lymphocyte,0
1,LORA_EXCLUDED_lora.partial,NOT RECORDED IN ORIGINAL RUN,NOT RECORDED IN ORIGINAL RUN,1,train,stroma,plasma_cell,1
1,LORA_EXCLUDED_lora.partial,NOT RECORDED IN ORIGINAL RUN,NOT RECORDED IN ORIGINAL RUN,1,train,stroma,histiocyte,0
1,LORA_EXCLUDED_lora.partial,NOT RECORDED IN ORIGINAL RUN,NOT RECORDED IN ORIGINAL RUN,1,train,stroma,melanophage,0
1,LORA_EXCLUDED_lora.partial,NOT RECORDED IN ORIGINAL RUN,NOT RECORDED IN ORIGINAL RUN,1,train,stroma,neutrophil,0
1,LORA_EXCLUDED_lora.partial,NOT RECORDED IN ORIGINAL RUN,NOT RECORDED IN ORIGINAL RUN,1,train,stroma,stroma,2
1,LORA_EXCLUDED_lora.partial,NOT RECORDED IN ORIGINAL RUN,NOT RECORDED IN ORIGINAL RUN,1,train,stroma,epithelium,0
1,LORA_EXCLUDED_lora.partial,NOT RECORDED IN ORIGINAL RUN,NOT RECORDED IN ORIGINAL RUN,1,train,stroma,endothelium,0
1,LORA_EXCLUDED_lora.partial,NOT RECORDED IN ORIGINAL RUN,NOT RECORDED IN ORIGINAL RUN,1,train,stroma,apoptosis,0
1,LORA_EXCLUDED_lora.partial,NOT RECORDED IN ORIGINAL RUN,NOT RECORDED IN ORIGINAL RUN,1,train,epithelium,tumor,0
1,LORA_EXCLUDED_lora.partial,NOT RECORDED IN ORIGINAL RUN,NOT RECORDED IN ORIGINAL RUN,1,train,epithelium,lymphocyte,0
1,LORA_EXCLUDED_lora.partial,NOT RECORDED IN ORIGINAL RUN,NOT RECORDED IN ORIGINAL RUN,1,train,epithelium,plasma_cell,0
1,LORA_EXCLUDED_lora.partial,NOT RECORDED IN ORIGINAL RUN,NOT RECORDED IN ORIGINAL RUN,1,train,epithelium,histiocyte,0
1,LORA_EXCLUDED_lora.partial,NOT RECORDED IN ORIGINAL RUN,NOT RECORDED IN ORIGINAL RUN,1,train,epithelium,melanophage,0
1,LORA_EXCLUDED_lora.partial,NOT RECORDED IN ORIGINAL RUN,NOT RECORDED IN ORIGINAL RUN,1,train,epithelium,neutrophil,0
1,LORA_EXCLUDED_lora.partial,NOT RECORDED IN ORIGINAL RUN,NOT RECORDED IN ORIGINAL RUN,1,train,epithelium,stroma,0
1,LORA_EXCLUDED_lora.partial,NOT RECORDED IN ORIGINAL RUN,NOT RECORDED IN ORIGINAL RUN,1,train,epithelium,epithelium,2
1,LORA_EXCLUDED_lora.partial,NOT RECORDED IN ORIGINAL RUN,NOT RECORDED IN ORIGINAL RUN,1,train,epithelium,endothelium,1
1,LORA_EXCLUDED_lora.partial,NOT RECORDED IN ORIGINAL RUN,NOT RECORDED IN ORIGINAL RUN,1,train,epithelium,apoptosis,0
1,LORA_EXCLUDED_lora.partial,NOT RECORDED IN ORIGINAL RUN,NOT RECORDED IN ORIGINAL RUN,1,train,endothelium,tumor,0
1,LORA_EXCLUDED_lora.partial,NOT RECORDED IN ORIGINAL RUN,NOT RECORDED IN ORIGINAL RUN,1,train,endothelium,lymphocyte,0
1,LORA_EXCLUDED_lora.partial,NOT RECORDED IN ORIGINAL RUN,NOT RECORDED IN ORIGINAL RUN,1,train,endothelium,plasma_cell,0
1,LORA_EXCLUDED_lora.partial,NOT RECORDED IN ORIGINAL RUN,NOT RECORDED IN ORIGINAL RUN,1,train,endothelium,histiocyte,0
1,LORA_EXCLUDED_lora.partial,NOT RECORDED IN ORIGINAL RUN,NOT RECORDED IN ORIGINAL RUN,1,train,endothelium,melanophage,0
1,LORA_EXCLUDED_lora.partial,NOT RECORDED IN ORIGINAL RUN,NOT RECORDED IN ORIGINAL RUN,1,train,endothelium,neutrophil,0
1,LORA_EXCLUDED_lora.partial,NOT RECORDED IN ORIGINAL RUN,NOT RECORDED IN ORIGINAL RUN,1,train,endothelium,stroma,0
1,LORA_EXCLUDED_lora.partial,NOT RECORDED IN ORIGINAL RUN,NOT RECORDED IN ORIGINAL RUN,1,train,endothelium,epithelium,0
1,LORA_EXCLUDED_lora.partial,NOT RECORDED IN ORIGINAL RUN,NOT RECORDED IN ORIGINAL RUN,1,train,endothelium,endothelium,3
1,LORA_EXCLUDED_lora.partial,NOT RECORDED IN ORIGINAL RUN,NOT RECORDED IN ORIGINAL RUN,1,train,endothelium,apoptosis,0
1,LORA_EXCLUDED_lora.partial,NOT RECORDED IN ORIGINAL RUN,NOT RECORDED IN ORIGINAL RUN,1,train,apoptosis,tumor,0
1,LORA_EXCLUDED_lora.partial,NOT RECORDED IN ORIGINAL RUN,NOT RECORDED IN ORIGINAL RUN,1,train,apoptosis,lymphocyte,0
1,LORA_EXCLUDED_lora.partial,NOT RECORDED IN ORIGINAL RUN,NOT RECORDED IN ORIGINAL RUN,1,train,apoptosis,plasma_cell,2
1,LORA_EXCLUDED_lora.partial,NOT RECORDED IN ORIGINAL RUN,NOT RECORDED IN ORIGINAL RUN,1,train,apoptosis,histiocyte,0
1,LORA_EXCLUDED_lora.partial,NOT RECORDED IN ORIGINAL RUN,NOT RECORDED IN ORIGINAL RUN,1,train,apoptosis,melanophage,0
1,LORA_EXCLUDED_lora.partial,NOT RECORDED IN ORIGINAL RUN,NOT RECORDED IN ORIGINAL RUN,1,train,apoptosis,neutrophil,0
1,LORA_EXCLUDED_lora.partial,NOT RECORDED IN ORIGINAL RUN,NOT RECORDED IN ORIGINAL RUN,1,train,apoptosis,stroma,0
1,LORA_EXCLUDED_lora.partial,NOT RECORDED IN ORIGINAL RUN,NOT RECORDED IN ORIGINAL RUN,1,train,apoptosis,epithelium,0
1,LORA_EXCLUDED_lora.partial,NOT RECORDED IN ORIGINAL RUN,NOT RECORDED IN ORIGINAL RUN,1,train,apoptosis,endothelium,0
1,LORA_EXCLUDED_lora.partial,NOT RECORDED IN ORIGINAL RUN,NOT RECORDED IN ORIGINAL RUN,1,train,apoptosis,apoptosis,1
1,LORA_EXCLUDED_lora.partial,NOT RECORDED IN ORIGINAL RUN,NOT RECORDED IN ORIGINAL RUN,1,val,tumor,tumor,0
1,LORA_EXCLUDED_lora.partial,NOT RECORDED IN ORIGINAL RUN,NOT RECORDED IN ORIGINAL RUN,1,val,tumor,lymphocyte,0
1,LORA_EXCLUDED_lora.partial,NOT RECORDED IN ORIGINAL RUN,NOT RECORDED IN ORIGINAL RUN,1,val,tumor,plasma_cell,0
1,LORA_EXCLUDED_lora.partial,NOT RECORDED IN ORIGINAL RUN,NOT RECORDED IN ORIGINAL RUN,1,val,tumor,histiocyte,0
1,LORA_EXCLUDED_lora.partial,NOT RECORDED IN ORIGINAL RUN,NOT RECORDED IN ORIGINAL RUN,1,val,tumor,melanophage,0
1,LORA_EXCLUDED_lora.partial,NOT RECORDED IN ORIGINAL RUN,NOT RECORDED IN ORIGINAL RUN,1,val,tumor,neutrophil,0
1,LORA_EXCLUDED_lora.partial,NOT RECORDED IN ORIGINAL RUN,NOT RECORDED IN ORIGINAL RUN,1,val,tumor,stroma,1
1,LORA_EXCLUDED_lora.partial,NOT RECORDED IN ORIGINAL RUN,NOT RECORDED IN ORIGINAL RUN,1,val,tumor,epithelium,1
1,LORA_EXCLUDED_lora.partial,NOT RECORDED IN ORIGINAL RUN,NOT RECORDED IN ORIGINAL RUN,1,val,tumor,endothelium,0
1,LORA_EXCLUDED_lora.partial,NOT RECORDED IN ORIGINAL RUN,NOT RECORDED IN ORIGINAL RUN,1,val,tumor,apoptosis,0
1,LORA_EXCLUDED_lora.partial,NOT RECORDED IN ORIGINAL RUN,NOT RECORDED IN ORIGINAL RUN,1,val,lymphocyte,tumor,0
1,LORA_EXCLUDED_lora.partial,NOT RECORDED IN ORIGINAL RUN,NOT RECORDED IN ORIGINAL RUN,1,val,lymphocyte,lymphocyte,0
1,LORA_EXCLUDED_lora.partial,NOT RECORDED IN ORIGINAL RUN,NOT RECORDED IN ORIGINAL RUN,1,val,lymphocyte,plasma_cell,0
1,LORA_EXCLUDED_lora.partial,NOT RECORDED IN ORIGINAL RUN,NOT RECORDED IN ORIGINAL RUN,1,val,lymphocyte,histiocyte,0
1,LORA_EXCLUDED_lora.partial,NOT RECORDED IN ORIGINAL RUN,NOT RECORDED IN ORIGINAL RUN,1,val,lymphocyte,melanophage,0
1,LORA_EXCLUDED_lora.partial,NOT RECORDED IN ORIGINAL RUN,NOT RECORDED IN ORIGINAL RUN,1,val,lymphocyte,neutrophil,0
1,LORA_EXCLUDED_lora.partial,NOT RECORDED IN ORIGINAL RUN,NOT RECORDED IN ORIGINAL RUN,1,val,lymphocyte,stroma,2
1,LORA_EXCLUDED_lora.partial,NOT RECORDED IN ORIGINAL RUN,NOT RECORDED IN ORIGINAL RUN,1,val,lymphocyte,epithelium,0
1,LORA_EXCLUDED_lora.partial,NOT RECORDED IN ORIGINAL RUN,NOT RECORDED IN ORIGINAL RUN,1,val,lymphocyte,endothelium,0
1,LORA_EXCLUDED_lora.partial,NOT RECORDED IN ORIGINAL RUN,NOT RECORDED IN ORIGINAL RUN,1,val,lymphocyte,apoptosis,0
1,LORA_EXCLUDED_lora.partial,NOT RECORDED IN ORIGINAL RUN,NOT RECORDED IN ORIGINAL RUN,1,val,plasma_cell,tumor,0
1,LORA_EXCLUDED_lora.partial,NOT RECORDED IN ORIGINAL RUN,NOT RECORDED IN ORIGINAL RUN,1,val,plasma_cell,lymphocyte,0
1,LORA_EXCLUDED_lora.partial,NOT RECORDED IN ORIGINAL RUN,NOT RECORDED IN ORIGINAL RUN,1,val,plasma_cell,plasma_cell,0
1,LORA_EXCLUDED_lora.partial,NOT RECORDED IN ORIGINAL RUN,NOT RECORDED IN ORIGINAL RUN,1,val,plasma_cell,histiocyte,0
1,LORA_EXCLUDED_lora.partial,NOT RECORDED IN ORIGINAL RUN,NOT RECORDED IN ORIGINAL RUN,1,val,plasma_cell,melanophage,0
1,LORA_EXCLUDED_lora.partial,NOT RECORDED IN ORIGINAL RUN,NOT RECORDED IN ORIGINAL RUN,1,val,plasma_cell,neutrophil,0
1,LORA_EXCLUDED_lora.partial,NOT RECORDED IN ORIGINAL RUN,NOT RECORDED IN ORIGINAL RUN,1,val,plasma_cell,stroma,2
1,LORA_EXCLUDED_lora.partial,NOT RECORDED IN ORIGINAL RUN,NOT RECORDED IN ORIGINAL RUN,1,val,plasma_cell,epithelium,0
1,LORA_EXCLUDED_lora.partial,NOT RECORDED IN ORIGINAL RUN,NOT RECORDED IN ORIGINAL RUN,1,val,plasma_cell,endothelium,0
1,LORA_EXCLUDED_lora.partial,NOT RECORDED IN ORIGINAL RUN,NOT RECORDED IN ORIGINAL RUN,1,val,plasma_cell,apoptosis,0
1,LORA_EXCLUDED_lora.partial,NOT RECORDED IN ORIGINAL RUN,NOT RECORDED IN ORIGINAL RUN,1,val,histiocyte,tumor,0
1,LORA_EXCLUDED_lora.partial,NOT RECORDED IN ORIGINAL RUN,NOT RECORDED IN ORIGINAL RUN,1,val,histiocyte,lymphocyte,0
1,LORA_EXCLUDED_lora.partial,NOT RECORDED IN ORIGINAL RUN,NOT RECORDED IN ORIGINAL RUN,1,val,histiocyte,plasma_cell,0
1,LORA_EXCLUDED_lora.partial,NOT RECORDED IN ORIGINAL RUN,NOT RECORDED IN ORIGINAL RUN,1,val,histiocyte,histiocyte,0
1,LORA_EXCLUDED_lora.partial,NOT RECORDED IN ORIGINAL RUN,NOT RECORDED IN ORIGINAL RUN,1,val,histiocyte,melanophage,0
1,LORA_EXCLUDED_lora.partial,NOT RECORDED IN ORIGINAL RUN,NOT RECORDED IN ORIGINAL RUN,1,val,histiocyte,neutrophil,0
1,LORA_EXCLUDED_lora.partial,NOT RECORDED IN ORIGINAL RUN,NOT RECORDED IN ORIGINAL RUN,1,val,histiocyte,stroma,2
1,LORA_EXCLUDED_lora.partial,NOT RECORDED IN ORIGINAL RUN,NOT RECORDED IN ORIGINAL RUN,1,val,histiocyte,epithelium,0
1,LORA_EXCLUDED_lora.partial,NOT RECORDED IN ORIGINAL RUN,NOT RECORDED IN ORIGINAL RUN,1,val,histiocyte,endothelium,0
1,LORA_EXCLUDED_lora.partial,NOT RECORDED IN ORIGINAL RUN,NOT RECORDED IN ORIGINAL RUN,1,val,histiocyte,apoptosis,0
1,LORA_EXCLUDED_lora.partial,NOT RECORDED IN ORIGINAL RUN,NOT RECORDED IN ORIGINAL RUN,1,val,melanophage,tumor,0
1,LORA_EXCLUDED_lora.partial,NOT RECORDED IN ORIGINAL RUN,NOT RECORDED IN ORIGINAL RUN,1,val,melanophage,lymphocyte,0
1,LORA_EXCLUDED_lora.partial,NOT RECORDED IN ORIGINAL RUN,NOT RECORDED IN ORIGINAL RUN,1,val,melanophage,plasma_cell,0
1,LORA_EXCLUDED_lora.partial,NOT RECORDED IN ORIGINAL RUN,NOT RECORDED IN ORIGINAL RUN,1,val,melanophage,histiocyte,0
1,LORA_EXCLUDED_lora.partial,NOT RECORDED IN ORIGINAL RUN,NOT RECORDED IN ORIGINAL RUN,1,val,melanophage,melanophage,0
1,LORA_EXCLUDED_lora.partial,NOT RECORDED IN ORIGINAL RUN,NOT RECORDED IN ORIGINAL RUN,1,val,melanophage,neutrophil,0
1,LORA_EXCLUDED_lora.partial,NOT RECORDED IN ORIGINAL RUN,NOT RECORDED IN ORIGINAL RUN,1,val,melanophage,stroma,0
1,LORA_EXCLUDED_lora.partial,NOT RECORDED IN ORIGINAL RUN,NOT RECORDED IN ORIGINAL RUN,1,val,melanophage,epithelium,0
1,LORA_EXCLUDED_lora.partial,NOT RECORDED IN ORIGINAL RUN,NOT RECORDED IN ORIGINAL RUN,1,val,melanophage,endothelium,2
1,LORA_EXCLUDED_lora.partial,NOT RECORDED IN ORIGINAL RUN,NOT RECORDED IN ORIGINAL RUN,1,val,melanophage,apoptosis,0
1,LORA_EXCLUDED_lora.partial,NOT RECORDED IN ORIGINAL RUN,NOT RECORDED IN ORIGINAL RUN,1,val,neutrophil,tumor,0
1,LORA_EXCLUDED_lora.partial,NOT RECORDED IN ORIGINAL RUN,NOT RECORDED IN ORIGINAL RUN,1,val,neutrophil,lymphocyte,0
1,LORA_EXCLUDED_lora.partial,NOT RECORDED IN ORIGINAL RUN,NOT RECORDED IN ORIGINAL RUN,1,val,neutrophil,plasma_cell,1
1,LORA_EXCLUDED_lora.partial,NOT RECORDED IN ORIGINAL RUN,NOT RECORDED IN ORIGINAL RUN,1,val,neutrophil,histiocyte,0
1,LORA_EXCLUDED_lora.partial,NOT RECORDED IN ORIGINAL RUN,NOT RECORDED IN ORIGINAL RUN,1,val,neutrophil,melanophage,0
1,LORA_EXCLUDED_lora.partial,NOT RECORDED IN ORIGINAL RUN,NOT RECORDED IN ORIGINAL RUN,1,val,neutrophil,neutrophil,0
1,LORA_EXCLUDED_lora.partial,NOT RECORDED IN ORIGINAL RUN,NOT RECORDED IN ORIGINAL RUN,1,val,neutrophil,stroma,1
1,LORA_EXCLUDED_lora.partial,NOT RECORDED IN ORIGINAL RUN,NOT RECORDED IN ORIGINAL RUN,1,val,neutrophil,epithelium,0
1,LORA_EXCLUDED_lora.partial,NOT RECORDED IN ORIGINAL RUN,NOT RECORDED IN ORIGINAL RUN,1,val,neutrophil,endothelium,0
1,LORA_EXCLUDED_lora.partial,NOT RECORDED IN ORIGINAL RUN,NOT RECORDED IN ORIGINAL RUN,1,val,neutrophil,apoptosis,0
1,LORA_EXCLUDED_lora.partial,NOT RECORDED IN ORIGINAL RUN,NOT RECORDED IN ORIGINAL RUN,1,val,stroma,tumor,0
1,LORA_EXCLUDED_lora.partial,NOT RECORDED IN ORIGINAL RUN,NOT RECORDED IN ORIGINAL RUN,1,val,stroma,lymphocyte,0
1,LORA_EXCLUDED_lora.partial,NOT RECORDED IN ORIGINAL RUN,NOT RECORDED IN ORIGINAL RUN,1,val,stroma,plasma_cell,1
1,LORA_EXCLUDED_lora.partial,NOT RECORDED IN ORIGINAL RUN,NOT RECORDED IN ORIGINAL RUN,1,val,stroma,histiocyte,1
1,LORA_EXCLUDED_lora.partial,NOT RECORDED IN ORIGINAL RUN,NOT RECORDED IN ORIGINAL RUN,1,val,stroma,melanophage,0
1,LORA_EXCLUDED_lora.partial,NOT RECORDED IN ORIGINAL RUN,NOT RECORDED IN ORIGINAL RUN,1,val,stroma,neutrophil,0
1,LORA_EXCLUDED_lora.partial,NOT RECORDED IN ORIGINAL RUN,NOT RECORDED IN ORIGINAL RUN,1,val,stroma,stroma,0
1,LORA_EXCLUDED_lora.partial,NOT RECORDED IN ORIGINAL RUN,NOT RECORDED IN ORIGINAL RUN,1,val,stroma,epithelium,0
1,LORA_EXCLUDED_lora.partial,NOT RECORDED IN ORIGINAL RUN,NOT RECORDED IN ORIGINAL RUN,1,val,stroma,endothelium,0
1,LORA_EXCLUDED_lora.partial,NOT RECORDED IN ORIGINAL RUN,NOT RECORDED IN ORIGINAL RUN,1,val,stroma,apoptosis,0
1,LORA_EXCLUDED_lora.partial,NOT RECORDED IN ORIGINAL RUN,NOT RECORDED IN ORIGINAL RUN,1,val,epithelium,tumor,0
1,LORA_EXCLUDED_lora.partial,NOT RECORDED IN ORIGINAL RUN,NOT RECORDED IN ORIGINAL RUN,1,val,epithelium,lymphocyte,0
1,LORA_EXCLUDED_lora.partial,NOT RECORDED IN ORIGINAL RUN,NOT RECORDED IN ORIGINAL RUN,1,val,epithelium,plasma_cell,0
1,LORA_EXCLUDED_lora.partial,NOT RECORDED IN ORIGINAL RUN,NOT RECORDED IN ORIGINAL RUN,1,val,epithelium,histiocyte,0
1,LORA_EXCLUDED_lora.partial,NOT RECORDED IN ORIGINAL RUN,NOT RECORDED IN ORIGINAL RUN,1,val,epithelium,melanophage,0
1,LORA_EXCLUDED_lora.partial,NOT RECORDED IN ORIGINAL RUN,NOT RECORDED IN ORIGINAL RUN,1,val,epithelium,neutrophil,0
1,LORA_EXCLUDED_lora.partial,NOT RECORDED IN ORIGINAL RUN,NOT RECORDED IN ORIGINAL RUN,1,val,epithelium,stroma,2
1,LORA_EXCLUDED_lora.partial,NOT RECORDED IN ORIGINAL RUN,NOT RECORDED IN ORIGINAL RUN,1,val,epithelium,epithelium,0
1,LORA_EXCLUDED_lora.partial,NOT RECORDED IN ORIGINAL RUN,NOT RECORDED IN ORIGINAL RUN,1,val,epithelium,endothelium,0
1,LORA_EXCLUDED_lora.partial,NOT RECORDED IN ORIGINAL RUN,NOT RECORDED IN ORIGINAL RUN,1,val,epithelium,apoptosis,0
1,LORA_EXCLUDED_lora.partial,NOT RECORDED IN ORIGINAL RUN,NOT RECORDED IN ORIGINAL RUN,1,val,endothelium,tumor,0
1,LORA_EXCLUDED_lora.partial,NOT RECORDED IN ORIGINAL RUN,NOT RECORDED IN ORIGINAL RUN,1,val,endothelium,lymphocyte,0
1,LORA_EXCLUDED_lora.partial,NOT RECORDED IN ORIGINAL RUN,NOT RECORDED IN ORIGINAL RUN,1,val,endothelium,plasma_cell,0
1,LORA_EXCLUDED_lora.partial,NOT RECORDED IN ORIGINAL RUN,NOT RECORDED IN ORIGINAL RUN,1,val,endothelium,histiocyte,1
1,LORA_EXCLUDED_lora.partial,NOT RECORDED IN ORIGINAL RUN,NOT RECORDED IN ORIGINAL RUN,1,val,endothelium,melanophage,0
1,LORA_EXCLUDED_lora.partial,NOT RECORDED IN ORIGINAL RUN,NOT RECORDED IN ORIGINAL RUN,1,val,endothelium,neutrophil,0
1,LORA_EXCLUDED_lora.partial,NOT RECORDED IN ORIGINAL RUN,NOT RECORDED IN ORIGINAL RUN,1,val,endothelium,stroma,1
1,LORA_EXCLUDED_lora.partial,NOT RECORDED IN ORIGINAL RUN,NOT RECORDED IN ORIGINAL RUN,1,val,endothelium,epithelium,0
1,LORA_EXCLUDED_lora.partial,NOT RECORDED IN ORIGINAL RUN,NOT RECORDED IN ORIGINAL RUN,1,val,endothelium,endothelium,0
1,LORA_EXCLUDED_lora.partial,NOT RECORDED IN ORIGINAL RUN,NOT RECORDED IN ORIGINAL RUN,1,val,endothelium,apoptosis,0
1,LORA_EXCLUDED_lora.partial,NOT RECORDED IN ORIGINAL RUN,NOT RECORDED IN ORIGINAL RUN,1,val,apoptosis,tumor,0
1,LORA_EXCLUDED_lora.partial,NOT RECORDED IN ORIGINAL RUN,NOT RECORDED IN ORIGINAL RUN,1,val,apoptosis,lymphocyte,0
1,LORA_EXCLUDED_lora.partial,NOT RECORDED IN ORIGINAL RUN,NOT RECORDED IN ORIGINAL RUN,1,val,apoptosis,plasma_cell,0
1,LORA_EXCLUDED_lora.partial,NOT RECORDED IN ORIGINAL RUN,NOT RECORDED IN ORIGINAL RUN,1,val,apoptosis,histiocyte,0
1,LORA_EXCLUDED_lora.partial,NOT RECORDED IN ORIGINAL RUN,NOT RECORDED IN ORIGINAL RUN,1,val,apoptosis,melanophage,0
1,LORA_EXCLUDED_lora.partial,NOT RECORDED IN ORIGINAL RUN,NOT RECORDED IN ORIGINAL RUN,1,val,apoptosis,neutrophil,0
1,LORA_EXCLUDED_lora.partial,NOT RECORDED IN ORIGINAL RUN,NOT RECORDED IN ORIGINAL RUN,1,val,apoptosis,stroma,2
1,LORA_EXCLUDED_lora.partial,NOT RECORDED IN ORIGINAL RUN,NOT RECORDED IN ORIGINAL RUN,1,val,apoptosis,epithelium,0
1,LORA_EXCLUDED_lora.partial,NOT RECORDED IN ORIGINAL RUN,NOT RECORDED IN ORIGINAL RUN,1,val,apoptosis,endothelium,0
1,LORA_EXCLUDED_lora.partial,NOT RECORDED IN ORIGINAL RUN,NOT RECORDED IN ORIGINAL RUN,1,val,apoptosis,apoptosis,0
1,LORA_EXCLUDED_lora.partial,NOT RECORDED IN ORIGINAL RUN,NOT RECORDED IN ORIGINAL RUN,2,train,tumor,tumor,3
1,LORA_EXCLUDED_lora.partial,NOT RECORDED IN ORIGINAL RUN,NOT RECORDED IN ORIGINAL RUN,2,train,tumor,lymphocyte,0
1,LORA_EXCLUDED_lora.partial,NOT RECORDED IN ORIGINAL RUN,NOT RECORDED IN ORIGINAL RUN,2,train,tumor,plasma_cell,0
1,LORA_EXCLUDED_lora.partial,NOT RECORDED IN ORIGINAL RUN,NOT RECORDED IN ORIGINAL RUN,2,train,tumor,histiocyte,0
1,LORA_EXCLUDED_lora.partial,NOT RECORDED IN ORIGINAL RUN,NOT RECORDED IN ORIGINAL RUN,2,train,tumor,melanophage,0
1,LORA_EXCLUDED_lora.partial,NOT RECORDED IN ORIGINAL RUN,NOT RECORDED IN ORIGINAL RUN,2,train,tumor,neutrophil,0
1,LORA_EXCLUDED_lora.partial,NOT RECORDED IN ORIGINAL RUN,NOT RECORDED IN ORIGINAL RUN,2,train,tumor,stroma,0
1,LORA_EXCLUDED_lora.partial,NOT RECORDED IN ORIGINAL RUN,NOT RECORDED IN ORIGINAL RUN,2,train,tumor,epithelium,0
1,LORA_EXCLUDED_lora.partial,NOT RECORDED IN ORIGINAL RUN,NOT RECORDED IN ORIGINAL RUN,2,train,tumor,endothelium,0
1,LORA_EXCLUDED_lora.partial,NOT RECORDED IN ORIGINAL RUN,NOT RECORDED IN ORIGINAL RUN,2,train,tumor,apoptosis,0
1,LORA_EXCLUDED_lora.partial,NOT RECORDED IN ORIGINAL RUN,NOT RECORDED IN ORIGINAL RUN,2,train,lymphocyte,tumor,0
1,LORA_EXCLUDED_lora.partial,NOT RECORDED IN ORIGINAL RUN,NOT RECORDED IN ORIGINAL RUN,2,train,lymphocyte,lymphocyte,3
1,LORA_EXCLUDED_lora.partial,NOT RECORDED IN ORIGINAL RUN,NOT RECORDED IN ORIGINAL RUN,2,train,lymphocyte,plasma_cell,0
1,LORA_EXCLUDED_lora.partial,NOT RECORDED IN ORIGINAL RUN,NOT RECORDED IN ORIGINAL RUN,2,train,lymphocyte,histiocyte,0
1,LORA_EXCLUDED_lora.partial,NOT RECORDED IN ORIGINAL RUN,NOT RECORDED IN ORIGINAL RUN,2,train,lymphocyte,melanophage,0
1,LORA_EXCLUDED_lora.partial,NOT RECORDED IN ORIGINAL RUN,NOT RECORDED IN ORIGINAL RUN,2,train,lymphocyte,neutrophil,0
1,LORA_EXCLUDED_lora.partial,NOT RECORDED IN ORIGINAL RUN,NOT RECORDED IN ORIGINAL RUN,2,train,lymphocyte,stroma,0
1,LORA_EXCLUDED_lora.partial,NOT RECORDED IN ORIGINAL RUN,NOT RECORDED IN ORIGINAL RUN,2,train,lymphocyte,epithelium,0
1,LORA_EXCLUDED_lora.partial,NOT RECORDED IN ORIGINAL RUN,NOT RECORDED IN ORIGINAL RUN,2,train,lymphocyte,endothelium,0
1,LORA_EXCLUDED_lora.partial,NOT RECORDED IN ORIGINAL RUN,NOT RECORDED IN ORIGINAL RUN,2,train,lymphocyte,apoptosis,0
1,LORA_EXCLUDED_lora.partial,NOT RECORDED IN ORIGINAL RUN,NOT RECORDED IN ORIGINAL RUN,2,train,plasma_cell,tumor,0
1,LORA_EXCLUDED_lora.partial,NOT RECORDED IN ORIGINAL RUN,NOT RECORDED IN ORIGINAL RUN,2,train,plasma_cell,lymphocyte,0
1,LORA_EXCLUDED_lora.partial,NOT RECORDED IN ORIGINAL RUN,NOT RECORDED IN ORIGINAL RUN,2,train,plasma_cell,plasma_cell,3
1,LORA_EXCLUDED_lora.partial,NOT RECORDED IN ORIGINAL RUN,NOT RECORDED IN ORIGINAL RUN,2,train,plasma_cell,histiocyte,0
1,LORA_EXCLUDED_lora.partial,NOT RECORDED IN ORIGINAL RUN,NOT RECORDED IN ORIGINAL RUN,2,train,plasma_cell,melanophage,0
1,LORA_EXCLUDED_lora.partial,NOT RECORDED IN ORIGINAL RUN,NOT RECORDED IN ORIGINAL RUN,2,train,plasma_cell,neutrophil,0
1,LORA_EXCLUDED_lora.partial,NOT RECORDED IN ORIGINAL RUN,NOT RECORDED IN ORIGINAL RUN,2,train,plasma_cell,stroma,0
1,LORA_EXCLUDED_lora.partial,NOT RECORDED IN ORIGINAL RUN,NOT RECORDED IN ORIGINAL RUN,2,train,plasma_cell,epithelium,0
1,LORA_EXCLUDED_lora.partial,NOT RECORDED IN ORIGINAL RUN,NOT RECORDED IN ORIGINAL RUN,2,train,plasma_cell,endothelium,0
1,LORA_EXCLUDED_lora.partial,NOT RECORDED IN ORIGINAL RUN,NOT RECORDED IN ORIGINAL RUN,2,train,plasma_cell,apoptosis,0
1,LORA_EXCLUDED_lora.partial,NOT RECORDED IN ORIGINAL RUN,NOT RECORDED IN ORIGINAL RUN,2,train,histiocyte,tumor,0
1,LORA_EXCLUDED_lora.partial,NOT RECORDED IN ORIGINAL RUN,NOT RECORDED IN ORIGINAL RUN,2,train,histiocyte,lymphocyte,0
1,LORA_EXCLUDED_lora.partial,NOT RECORDED IN ORIGINAL RUN,NOT RECORDED IN ORIGINAL RUN,2,train,histiocyte,plasma_cell,0
1,LORA_EXCLUDED_lora.partial,NOT RECORDED IN ORIGINAL RUN,NOT RECORDED IN ORIGINAL RUN,2,train,histiocyte,histiocyte,3
1,LORA_EXCLUDED_lora.partial,NOT RECORDED IN ORIGINAL RUN,NOT RECORDED IN ORIGINAL RUN,2,train,histiocyte,melanophage,0
1,LORA_EXCLUDED_lora.partial,NOT RECORDED IN ORIGINAL RUN,NOT RECORDED IN ORIGINAL RUN,2,train,histiocyte,neutrophil,0
1,LORA_EXCLUDED_lora.partial,NOT RECORDED IN ORIGINAL RUN,NOT RECORDED IN ORIGINAL RUN,2,train,histiocyte,stroma,0
1,LORA_EXCLUDED_lora.partial,NOT RECORDED IN ORIGINAL RUN,NOT RECORDED IN ORIGINAL RUN,2,train,histiocyte,epithelium,0
1,LORA_EXCLUDED_lora.partial,NOT RECORDED IN ORIGINAL RUN,NOT RECORDED IN ORIGINAL RUN,2,train,histiocyte,endothelium,0
1,LORA_EXCLUDED_lora.partial,NOT RECORDED IN ORIGINAL RUN,NOT RECORDED IN ORIGINAL RUN,2,train,histiocyte,apoptosis,0
1,LORA_EXCLUDED_lora.partial,NOT RECORDED IN ORIGINAL RUN,NOT RECORDED IN ORIGINAL RUN,2,train,melanophage,tumor,1
1,LORA_EXCLUDED_lora.partial,NOT RECORDED IN ORIGINAL RUN,NOT RECORDED IN ORIGINAL RUN,2,train,melanophage,lymphocyte,0
1,LORA_EXCLUDED_lora.partial,NOT RECORDED IN ORIGINAL RUN,NOT RECORDED IN ORIGINAL RUN,2,train,melanophage,plasma_cell,0
1,LORA_EXCLUDED_lora.partial,NOT RECORDED IN ORIGINAL RUN,NOT RECORDED IN ORIGINAL RUN,2,train,melanophage,histiocyte,0
1,LORA_EXCLUDED_lora.partial,NOT RECORDED IN ORIGINAL RUN,NOT RECORDED IN ORIGINAL RUN,2,train,melanophage,melanophage,2
1,LORA_EXCLUDED_lora.partial,NOT RECORDED IN ORIGINAL RUN,NOT RECORDED IN ORIGINAL RUN,2,train,melanophage,neutrophil,0
1,LORA_EXCLUDED_lora.partial,NOT RECORDED IN ORIGINAL RUN,NOT RECORDED IN ORIGINAL RUN,2,train,melanophage,stroma,0
1,LORA_EXCLUDED_lora.partial,NOT RECORDED IN ORIGINAL RUN,NOT RECORDED IN ORIGINAL RUN,2,train,melanophage,epithelium,0
1,LORA_EXCLUDED_lora.partial,NOT RECORDED IN ORIGINAL RUN,NOT RECORDED IN ORIGINAL RUN,2,train,melanophage,endothelium,0
1,LORA_EXCLUDED_lora.partial,NOT RECORDED IN ORIGINAL RUN,NOT RECORDED IN ORIGINAL RUN,2,train,melanophage,apoptosis,0
1,LORA_EXCLUDED_lora.partial,NOT RECORDED IN ORIGINAL RUN,NOT RECORDED IN ORIGINAL RUN,2,train,neutrophil,tumor,1
1,LORA_EXCLUDED_lora.partial,NOT RECORDED IN ORIGINAL RUN,NOT RECORDED IN ORIGINAL RUN,2,train,neutrophil,lymphocyte,0
1,LORA_EXCLUDED_lora.partial,NOT RECORDED IN ORIGINAL RUN,NOT RECORDED IN ORIGINAL RUN,2,train,neutrophil,plasma_cell,0
1,LORA_EXCLUDED_lora.partial,NOT RECORDED IN ORIGINAL RUN,NOT RECORDED IN ORIGINAL RUN,2,train,neutrophil,histiocyte,0
1,LORA_EXCLUDED_lora.partial,NOT RECORDED IN ORIGINAL RUN,NOT RECORDED IN ORIGINAL RUN,2,train,neutrophil,melanophage,0
1,LORA_EXCLUDED_lora.partial,NOT RECORDED IN ORIGINAL RUN,NOT RECORDED IN ORIGINAL RUN,2,train,neutrophil,neutrophil,2
1,LORA_EXCLUDED_lora.partial,NOT RECORDED IN ORIGINAL RUN,NOT RECORDED IN ORIGINAL RUN,2,train,neutrophil,stroma,0
1,LORA_EXCLUDED_lora.partial,NOT RECORDED IN ORIGINAL RUN,NOT RECORDED IN ORIGINAL RUN,2,train,neutrophil,epithelium,0
1,LORA_EXCLUDED_lora.partial,NOT RECORDED IN ORIGINAL RUN,NOT RECORDED IN ORIGINAL RUN,2,train,neutrophil,endothelium,0
1,LORA_EXCLUDED_lora.partial,NOT RECORDED IN ORIGINAL RUN,NOT RECORDED IN ORIGINAL RUN,2,train,neutrophil,apoptosis,0
1,LORA_EXCLUDED_lora.partial,NOT RECORDED IN ORIGINAL RUN,NOT RECORDED IN ORIGINAL RUN,2,train,stroma,tumor,0
1,LORA_EXCLUDED_lora.partial,NOT RECORDED IN ORIGINAL RUN,NOT RECORDED IN ORIGINAL RUN,2,train,stroma,lymphocyte,0
1,LORA_EXCLUDED_lora.partial,NOT RECORDED IN ORIGINAL RUN,NOT RECORDED IN ORIGINAL RUN,2,train,stroma,plasma_cell,0
1,LORA_EXCLUDED_lora.partial,NOT RECORDED IN ORIGINAL RUN,NOT RECORDED IN ORIGINAL RUN,2,train,stroma,histiocyte,0
1,LORA_EXCLUDED_lora.partial,NOT RECORDED IN ORIGINAL RUN,NOT RECORDED IN ORIGINAL RUN,2,train,stroma,melanophage,0
1,LORA_EXCLUDED_lora.partial,NOT RECORDED IN ORIGINAL RUN,NOT RECORDED IN ORIGINAL RUN,2,train,stroma,neutrophil,0
1,LORA_EXCLUDED_lora.partial,NOT RECORDED IN ORIGINAL RUN,NOT RECORDED IN ORIGINAL RUN,2,train,stroma,stroma,3
1,LORA_EXCLUDED_lora.partial,NOT RECORDED IN ORIGINAL RUN,NOT RECORDED IN ORIGINAL RUN,2,train,stroma,epithelium,0
1,LORA_EXCLUDED_lora.partial,NOT RECORDED IN ORIGINAL RUN,NOT RECORDED IN ORIGINAL RUN,2,train,stroma,endothelium,0
1,LORA_EXCLUDED_lora.partial,NOT RECORDED IN ORIGINAL RUN,NOT RECORDED IN ORIGINAL RUN,2,train,stroma,apoptosis,0
1,LORA_EXCLUDED_lora.partial,NOT RECORDED IN ORIGINAL RUN,NOT RECORDED IN ORIGINAL RUN,2,train,epithelium,tumor,1
1,LORA_EXCLUDED_lora.partial,NOT RECORDED IN ORIGINAL RUN,NOT RECORDED IN ORIGINAL RUN,2,train,epithelium,lymphocyte,0
1,LORA_EXCLUDED_lora.partial,NOT RECORDED IN ORIGINAL RUN,NOT RECORDED IN ORIGINAL RUN,2,train,epithelium,plasma_cell,0
1,LORA_EXCLUDED_lora.partial,NOT RECORDED IN ORIGINAL RUN,NOT RECORDED IN ORIGINAL RUN,2,train,epithelium,histiocyte,0
1,LORA_EXCLUDED_lora.partial,NOT RECORDED IN ORIGINAL RUN,NOT RECORDED IN ORIGINAL RUN,2,train,epithelium,melanophage,0
1,LORA_EXCLUDED_lora.partial,NOT RECORDED IN ORIGINAL RUN,NOT RECORDED IN ORIGINAL RUN,2,train,epithelium,neutrophil,0
1,LORA_EXCLUDED_lora.partial,NOT RECORDED IN ORIGINAL RUN,NOT RECORDED IN ORIGINAL RUN,2,train,epithelium,stroma,0
1,LORA_EXCLUDED_lora.partial,NOT RECORDED IN ORIGINAL RUN,NOT RECORDED IN ORIGINAL RUN,2,train,epithelium,epithelium,2
1,LORA_EXCLUDED_lora.partial,NOT RECORDED IN ORIGINAL RUN,NOT RECORDED IN ORIGINAL RUN,2,train,epithelium,endothelium,0
1,LORA_EXCLUDED_lora.partial,NOT RECORDED IN ORIGINAL RUN,NOT RECORDED IN ORIGINAL RUN,2,train,epithelium,apoptosis,0
1,LORA_EXCLUDED_lora.partial,NOT RECORDED IN ORIGINAL RUN,NOT RECORDED IN ORIGINAL RUN,2,train,endothelium,tumor,0
1,LORA_EXCLUDED_lora.partial,NOT RECORDED IN ORIGINAL RUN,NOT RECORDED IN ORIGINAL RUN,2,train,endothelium,lymphocyte,0
1,LORA_EXCLUDED_lora.partial,NOT RECORDED IN ORIGINAL RUN,NOT RECORDED IN ORIGINAL RUN,2,train,endothelium,plasma_cell,0
1,LORA_EXCLUDED_lora.partial,NOT RECORDED IN ORIGINAL RUN,NOT RECORDED IN ORIGINAL RUN,2,train,endothelium,histiocyte,0
1,LORA_EXCLUDED_lora.partial,NOT RECORDED IN ORIGINAL RUN,NOT RECORDED IN ORIGINAL RUN,2,train,endothelium,melanophage,0
1,LORA_EXCLUDED_lora.partial,NOT RECORDED IN ORIGINAL RUN,NOT RECORDED IN ORIGINAL RUN,2,train,endothelium,neutrophil,0
1,LORA_EXCLUDED_lora.partial,NOT RECORDED IN ORIGINAL RUN,NOT RECORDED IN ORIGINAL RUN,2,train,endothelium,stroma,0
1,LORA_EXCLUDED_lora.partial,NOT RECORDED IN ORIGINAL RUN,NOT RECORDED IN ORIGINAL RUN,2,train,endothelium,epithelium,0
1,LORA_EXCLUDED_lora.partial,NOT RECORDED IN ORIGINAL RUN,NOT RECORDED IN ORIGINAL RUN,2,train,endothelium,endothelium,3
1,LORA_EXCLUDED_lora.partial,NOT RECORDED IN ORIGINAL RUN,NOT RECORDED IN ORIGINAL RUN,2,train,endothelium,apoptosis,0
1,LORA_EXCLUDED_lora.partial,NOT RECORDED IN ORIGINAL RUN,NOT RECORDED IN ORIGINAL RUN,2,train,apoptosis,tumor,0
1,LORA_EXCLUDED_lora.partial,NOT RECORDED IN ORIGINAL RUN,NOT RECORDED IN ORIGINAL RUN,2,train,apoptosis,lymphocyte,0
1,LORA_EXCLUDED_lora.partial,NOT RECORDED IN ORIGINAL RUN,NOT RECORDED IN ORIGINAL RUN,2,train,apoptosis,plasma_cell,0
1,LORA_EXCLUDED_lora.partial,NOT RECORDED IN ORIGINAL RUN,NOT RECORDED IN ORIGINAL RUN,2,train,apoptosis,histiocyte,0
1,LORA_EXCLUDED_lora.partial,NOT RECORDED IN ORIGINAL RUN,NOT RECORDED IN ORIGINAL RUN,2,train,apoptosis,melanophage,0
1,LORA_EXCLUDED_lora.partial,NOT RECORDED IN ORIGINAL RUN,NOT RECORDED IN ORIGINAL RUN,2,train,apoptosis,neutrophil,0
1,LORA_EXCLUDED_lora.partial,NOT RECORDED IN ORIGINAL RUN,NOT RECORDED IN ORIGINAL RUN,2,train,apoptosis,stroma,0
1,LORA_EXCLUDED_lora.partial,NOT RECORDED IN ORIGINAL RUN,NOT RECORDED IN ORIGINAL RUN,2,train,apoptosis,epithelium,0
1,LORA_EXCLUDED_lora.partial,NOT RECORDED IN ORIGINAL RUN,NOT RECORDED IN ORIGINAL RUN,2,train,apoptosis,endothelium,0
1,LORA_EXCLUDED_lora.partial,NOT RECORDED IN ORIGINAL RUN,NOT RECORDED IN ORIGINAL RUN,2,train,apoptosis,apoptosis,3
1,LORA_EXCLUDED_lora.partial,NOT RECORDED IN ORIGINAL RUN,NOT RECORDED IN ORIGINAL RUN,2,val,tumor,tumor,0
1,LORA_EXCLUDED_lora.partial,NOT RECORDED IN ORIGINAL RUN,NOT RECORDED IN ORIGINAL RUN,2,val,tumor,lymphocyte,0
1,LORA_EXCLUDED_lora.partial,NOT RECORDED IN ORIGINAL RUN,NOT RECORDED IN ORIGINAL RUN,2,val,tumor,plasma_cell,0
1,LORA_EXCLUDED_lora.partial,NOT RECORDED IN ORIGINAL RUN,NOT RECORDED IN ORIGINAL RUN,2,val,tumor,histiocyte,0
1,LORA_EXCLUDED_lora.partial,NOT RECORDED IN ORIGINAL RUN,NOT RECORDED IN ORIGINAL RUN,2,val,tumor,melanophage,0
1,LORA_EXCLUDED_lora.partial,NOT RECORDED IN ORIGINAL RUN,NOT RECORDED IN ORIGINAL RUN,2,val,tumor,neutrophil,1
1,LORA_EXCLUDED_lora.partial,NOT RECORDED IN ORIGINAL RUN,NOT RECORDED IN ORIGINAL RUN,2,val,tumor,stroma,0
1,LORA_EXCLUDED_lora.partial,NOT RECORDED IN ORIGINAL RUN,NOT RECORDED IN ORIGINAL RUN,2,val,tumor,epithelium,0
1,LORA_EXCLUDED_lora.partial,NOT RECORDED IN ORIGINAL RUN,NOT RECORDED IN ORIGINAL RUN,2,val,tumor,endothelium,0
1,LORA_EXCLUDED_lora.partial,NOT RECORDED IN ORIGINAL RUN,NOT RECORDED IN ORIGINAL RUN,2,val,tumor,apoptosis,1
1,LORA_EXCLUDED_lora.partial,NOT RECORDED IN ORIGINAL RUN,NOT RECORDED IN ORIGINAL RUN,2,val,lymphocyte,tumor,1
1,LORA_EXCLUDED_lora.partial,NOT RECORDED IN ORIGINAL RUN,NOT RECORDED IN ORIGINAL RUN,2,val,lymphocyte,lymphocyte,0
1,LORA_EXCLUDED_lora.partial,NOT RECORDED IN ORIGINAL RUN,NOT RECORDED IN ORIGINAL RUN,2,val,lymphocyte,plasma_cell,0
1,LORA_EXCLUDED_lora.partial,NOT RECORDED IN ORIGINAL RUN,NOT RECORDED IN ORIGINAL RUN,2,val,lymphocyte,histiocyte,0
1,LORA_EXCLUDED_lora.partial,NOT RECORDED IN ORIGINAL RUN,NOT RECORDED IN ORIGINAL RUN,2,val,lymphocyte,melanophage,0
1,LORA_EXCLUDED_lora.partial,NOT RECORDED IN ORIGINAL RUN,NOT RECORDED IN ORIGINAL RUN,2,val,lymphocyte,neutrophil,1
1,LORA_EXCLUDED_lora.partial,NOT RECORDED IN ORIGINAL RUN,NOT RECORDED IN ORIGINAL RUN,2,val,lymphocyte,stroma,0
1,LORA_EXCLUDED_lora.partial,NOT RECORDED IN ORIGINAL RUN,NOT RECORDED IN ORIGINAL RUN,2,val,lymphocyte,epithelium,0
1,LORA_EXCLUDED_lora.partial,NOT RECORDED IN ORIGINAL RUN,NOT RECORDED IN ORIGINAL RUN,2,val,lymphocyte,endothelium,0
1,LORA_EXCLUDED_lora.partial,NOT RECORDED IN ORIGINAL RUN,NOT RECORDED IN ORIGINAL RUN,2,val,lymphocyte,apoptosis,0
1,LORA_EXCLUDED_lora.partial,NOT RECORDED IN ORIGINAL RUN,NOT RECORDED IN ORIGINAL RUN,2,val,plasma_cell,tumor,0
1,LORA_EXCLUDED_lora.partial,NOT RECORDED IN ORIGINAL RUN,NOT RECORDED IN ORIGINAL RUN,2,val,plasma_cell,lymphocyte,0
1,LORA_EXCLUDED_lora.partial,NOT RECORDED IN ORIGINAL RUN,NOT RECORDED IN ORIGINAL RUN,2,val,plasma_cell,plasma_cell,0
1,LORA_EXCLUDED_lora.partial,NOT RECORDED IN ORIGINAL RUN,NOT RECORDED IN ORIGINAL RUN,2,val,plasma_cell,histiocyte,0
1,LORA_EXCLUDED_lora.partial,NOT RECORDED IN ORIGINAL RUN,NOT RECORDED IN ORIGINAL RUN,2,val,plasma_cell,melanophage,0
1,LORA_EXCLUDED_lora.partial,NOT RECORDED IN ORIGINAL RUN,NOT RECORDED IN ORIGINAL RUN,2,val,plasma_cell,neutrophil,0
1,LORA_EXCLUDED_lora.partial,NOT RECORDED IN ORIGINAL RUN,NOT RECORDED IN ORIGINAL RUN,2,val,plasma_cell,stroma,0
1,LORA_EXCLUDED_lora.partial,NOT RECORDED IN ORIGINAL RUN,NOT RECORDED IN ORIGINAL RUN,2,val,plasma_cell,epithelium,0
1,LORA_EXCLUDED_lora.partial,NOT RECORDED IN ORIGINAL RUN,NOT RECORDED IN ORIGINAL RUN,2,val,plasma_cell,endothelium,2
1,LORA_EXCLUDED_lora.partial,NOT RECORDED IN ORIGINAL RUN,NOT RECORDED IN ORIGINAL RUN,2,val,plasma_cell,apoptosis,0
1,LORA_EXCLUDED_lora.partial,NOT RECORDED IN ORIGINAL RUN,NOT RECORDED IN ORIGINAL RUN,2,val,histiocyte,tumor,1
1,LORA_EXCLUDED_lora.partial,NOT RECORDED IN ORIGINAL RUN,NOT RECORDED IN ORIGINAL RUN,2,val,histiocyte,lymphocyte,0
1,LORA_EXCLUDED_lora.partial,NOT RECORDED IN ORIGINAL RUN,NOT RECORDED IN ORIGINAL RUN,2,val,histiocyte,plasma_cell,0
1,LORA_EXCLUDED_lora.partial,NOT RECORDED IN ORIGINAL RUN,NOT RECORDED IN ORIGINAL RUN,2,val,histiocyte,histiocyte,0
1,LORA_EXCLUDED_lora.partial,NOT RECORDED IN ORIGINAL RUN,NOT RECORDED IN ORIGINAL RUN,2,val,histiocyte,melanophage,0
1,LORA_EXCLUDED_lora.partial,NOT RECORDED IN ORIGINAL RUN,NOT RECORDED IN ORIGINAL RUN,2,val,histiocyte,neutrophil,0
1,LORA_EXCLUDED_lora.partial,NOT RECORDED IN ORIGINAL RUN,NOT RECORDED IN ORIGINAL RUN,2,val,histiocyte,stroma,0
1,LORA_EXCLUDED_lora.partial,NOT RECORDED IN ORIGINAL RUN,NOT RECORDED IN ORIGINAL RUN,2,val,histiocyte,epithelium,1
1,LORA_EXCLUDED_lora.partial,NOT RECORDED IN ORIGINAL RUN,NOT RECORDED IN ORIGINAL RUN,2,val,histiocyte,endothelium,0
1,LORA_EXCLUDED_lora.partial,NOT RECORDED IN ORIGINAL RUN,NOT RECORDED IN ORIGINAL RUN,2,val,histiocyte,apoptosis,0
1,LORA_EXCLUDED_lora.partial,NOT RECORDED IN ORIGINAL RUN,NOT RECORDED IN ORIGINAL RUN,2,val,melanophage,tumor,2
1,LORA_EXCLUDED_lora.partial,NOT RECORDED IN ORIGINAL RUN,NOT RECORDED IN ORIGINAL RUN,2,val,melanophage,lymphocyte,0
1,LORA_EXCLUDED_lora.partial,NOT RECORDED IN ORIGINAL RUN,NOT RECORDED IN ORIGINAL RUN,2,val,melanophage,plasma_cell,0
1,LORA_EXCLUDED_lora.partial,NOT RECORDED IN ORIGINAL RUN,NOT RECORDED IN ORIGINAL RUN,2,val,melanophage,histiocyte,0
1,LORA_EXCLUDED_lora.partial,NOT RECORDED IN ORIGINAL RUN,NOT RECORDED IN ORIGINAL RUN,2,val,melanophage,melanophage,0
1,LORA_EXCLUDED_lora.partial,NOT RECORDED IN ORIGINAL RUN,NOT RECORDED IN ORIGINAL RUN,2,val,melanophage,neutrophil,0
1,LORA_EXCLUDED_lora.partial,NOT RECORDED IN ORIGINAL RUN,NOT RECORDED IN ORIGINAL RUN,2,val,melanophage,stroma,0
1,LORA_EXCLUDED_lora.partial,NOT RECORDED IN ORIGINAL RUN,NOT RECORDED IN ORIGINAL RUN,2,val,melanophage,epithelium,0
1,LORA_EXCLUDED_lora.partial,NOT RECORDED IN ORIGINAL RUN,NOT RECORDED IN ORIGINAL RUN,2,val,melanophage,endothelium,0
1,LORA_EXCLUDED_lora.partial,NOT RECORDED IN ORIGINAL RUN,NOT RECORDED IN ORIGINAL RUN,2,val,melanophage,apoptosis,0
1,LORA_EXCLUDED_lora.partial,NOT RECORDED IN ORIGINAL RUN,NOT RECORDED IN ORIGINAL RUN,2,val,neutrophil,tumor,0
1,LORA_EXCLUDED_lora.partial,NOT RECORDED IN ORIGINAL RUN,NOT RECORDED IN ORIGINAL RUN,2,val,neutrophil,lymphocyte,0
1,LORA_EXCLUDED_lora.partial,NOT RECORDED IN ORIGINAL RUN,NOT RECORDED IN ORIGINAL RUN,2,val,neutrophil,plasma_cell,0
1,LORA_EXCLUDED_lora.partial,NOT RECORDED IN ORIGINAL RUN,NOT RECORDED IN ORIGINAL RUN,2,val,neutrophil,histiocyte,0
1,LORA_EXCLUDED_lora.partial,NOT RECORDED IN ORIGINAL RUN,NOT RECORDED IN ORIGINAL RUN,2,val,neutrophil,melanophage,0
1,LORA_EXCLUDED_lora.partial,NOT RECORDED IN ORIGINAL RUN,NOT RECORDED IN ORIGINAL RUN,2,val,neutrophil,neutrophil,2
1,LORA_EXCLUDED_lora.partial,NOT RECORDED IN ORIGINAL RUN,NOT RECORDED IN ORIGINAL RUN,2,val,neutrophil,stroma,0
1,LORA_EXCLUDED_lora.partial,NOT RECORDED IN ORIGINAL RUN,NOT RECORDED IN ORIGINAL RUN,2,val,neutrophil,epithelium,0
1,LORA_EXCLUDED_lora.partial,NOT RECORDED IN ORIGINAL RUN,NOT RECORDED IN ORIGINAL RUN,2,val,neutrophil,endothelium,0
1,LORA_EXCLUDED_lora.partial,NOT RECORDED IN ORIGINAL RUN,NOT RECORDED IN ORIGINAL RUN,2,val,neutrophil,apoptosis,0
1,LORA_EXCLUDED_lora.partial,NOT RECORDED IN ORIGINAL RUN,NOT RECORDED IN ORIGINAL RUN,2,val,stroma,tumor,0
1,LORA_EXCLUDED_lora.partial,NOT RECORDED IN ORIGINAL RUN,NOT RECORDED IN ORIGINAL RUN,2,val,stroma,lymphocyte,0
1,LORA_EXCLUDED_lora.partial,NOT RECORDED IN ORIGINAL RUN,NOT RECORDED IN ORIGINAL RUN,2,val,stroma,plasma_cell,1
1,LORA_EXCLUDED_lora.partial,NOT RECORDED IN ORIGINAL RUN,NOT RECORDED IN ORIGINAL RUN,2,val,stroma,histiocyte,1
1,LORA_EXCLUDED_lora.partial,NOT RECORDED IN ORIGINAL RUN,NOT RECORDED IN ORIGINAL RUN,2,val,stroma,melanophage,0
1,LORA_EXCLUDED_lora.partial,NOT RECORDED IN ORIGINAL RUN,NOT RECORDED IN ORIGINAL RUN,2,val,stroma,neutrophil,0
1,LORA_EXCLUDED_lora.partial,NOT RECORDED IN ORIGINAL RUN,NOT RECORDED IN ORIGINAL RUN,2,val,stroma,stroma,0
1,LORA_EXCLUDED_lora.partial,NOT RECORDED IN ORIGINAL RUN,NOT RECORDED IN ORIGINAL RUN,2,val,stroma,epithelium,0
1,LORA_EXCLUDED_lora.partial,NOT RECORDED IN ORIGINAL RUN,NOT RECORDED IN ORIGINAL RUN,2,val,stroma,endothelium,0
1,LORA_EXCLUDED_lora.partial,NOT RECORDED IN ORIGINAL RUN,NOT RECORDED IN ORIGINAL RUN,2,val,stroma,apoptosis,0
1,LORA_EXCLUDED_lora.partial,NOT RECORDED IN ORIGINAL RUN,NOT RECORDED IN ORIGINAL RUN,2,val,epithelium,tumor,0
1,LORA_EXCLUDED_lora.partial,NOT RECORDED IN ORIGINAL RUN,NOT RECORDED IN ORIGINAL RUN,2,val,epithelium,lymphocyte,0
1,LORA_EXCLUDED_lora.partial,NOT RECORDED IN ORIGINAL RUN,NOT RECORDED IN ORIGINAL RUN,2,val,epithelium,plasma_cell,0
1,LORA_EXCLUDED_lora.partial,NOT RECORDED IN ORIGINAL RUN,NOT RECORDED IN ORIGINAL RUN,2,val,epithelium,histiocyte,0
1,LORA_EXCLUDED_lora.partial,NOT RECORDED IN ORIGINAL RUN,NOT RECORDED IN ORIGINAL RUN,2,val,epithelium,melanophage,0
1,LORA_EXCLUDED_lora.partial,NOT RECORDED IN ORIGINAL RUN,NOT RECORDED IN ORIGINAL RUN,2,val,epithelium,neutrophil,1
1,LORA_EXCLUDED_lora.partial,NOT RECORDED IN ORIGINAL RUN,NOT RECORDED IN ORIGINAL RUN,2,val,epithelium,stroma,0
1,LORA_EXCLUDED_lora.partial,NOT RECORDED IN ORIGINAL RUN,NOT RECORDED IN ORIGINAL RUN,2,val,epithelium,epithelium,0
1,LORA_EXCLUDED_lora.partial,NOT RECORDED IN ORIGINAL RUN,NOT RECORDED IN ORIGINAL RUN,2,val,epithelium,endothelium,0
1,LORA_EXCLUDED_lora.partial,NOT RECORDED IN ORIGINAL RUN,NOT RECORDED IN ORIGINAL RUN,2,val,epithelium,apoptosis,1
1,LORA_EXCLUDED_lora.partial,NOT RECORDED IN ORIGINAL RUN,NOT RECORDED IN ORIGINAL RUN,2,val,endothelium,tumor,0
1,LORA_EXCLUDED_lora.partial,NOT RECORDED IN ORIGINAL RUN,NOT RECORDED IN ORIGINAL RUN,2,val,endothelium,lymphocyte,1
1,LORA_EXCLUDED_lora.partial,NOT RECORDED IN ORIGINAL RUN,NOT RECORDED IN ORIGINAL RUN,2,val,endothelium,plasma_cell,0
1,LORA_EXCLUDED_lora.partial,NOT RECORDED IN ORIGINAL RUN,NOT RECORDED IN ORIGINAL RUN,2,val,endothelium,histiocyte,1
1,LORA_EXCLUDED_lora.partial,NOT RECORDED IN ORIGINAL RUN,NOT RECORDED IN ORIGINAL RUN,2,val,endothelium,melanophage,0
1,LORA_EXCLUDED_lora.partial,NOT RECORDED IN ORIGINAL RUN,NOT RECORDED IN ORIGINAL RUN,2,val,endothelium,neutrophil,0
1,LORA_EXCLUDED_lora.partial,NOT RECORDED IN ORIGINAL RUN,NOT RECORDED IN ORIGINAL RUN,2,val,endothelium,stroma,0
1,LORA_EXCLUDED_lora.partial,NOT RECORDED IN ORIGINAL RUN,NOT RECORDED IN ORIGINAL RUN,2,val,endothelium,epithelium,0
1,LORA_EXCLUDED_lora.partial,NOT RECORDED IN ORIGINAL RUN,NOT RECORDED IN ORIGINAL RUN,2,val,endothelium,endothelium,0
1,LORA_EXCLUDED_lora.partial,NOT RECORDED IN ORIGINAL RUN,NOT RECORDED IN ORIGINAL RUN,2,val,endothelium,apoptosis,0
1,LORA_EXCLUDED_lora.partial,NOT RECORDED IN ORIGINAL RUN,NOT RECORDED IN ORIGINAL RUN,2,val,apoptosis,tumor,1
1,LORA_EXCLUDED_lora.partial,NOT RECORDED IN ORIGINAL RUN,NOT RECORDED IN ORIGINAL RUN,2,val,apoptosis,lymphocyte,0
1,LORA_EXCLUDED_lora.partial,NOT RECORDED IN ORIGINAL RUN,NOT RECORDED IN ORIGINAL RUN,2,val,apoptosis,plasma_cell,0
1,LORA_EXCLUDED_lora.partial,NOT RECORDED IN ORIGINAL RUN,NOT RECORDED IN ORIGINAL RUN,2,val,apoptosis,histiocyte,0
1,LORA_EXCLUDED_lora.partial,NOT RECORDED IN ORIGINAL RUN,NOT RECORDED IN ORIGINAL RUN,2,val,apoptosis,melanophage,0
1,LORA_EXCLUDED_lora.partial,NOT RECORDED IN ORIGINAL RUN,NOT RECORDED IN ORIGINAL RUN,2,val,apoptosis,neutrophil,1
1,LORA_EXCLUDED_lora.partial,NOT RECORDED IN ORIGINAL RUN,NOT RECORDED IN ORIGINAL RUN,2,val,apoptosis,stroma,0
1,LORA_EXCLUDED_lora.partial,NOT RECORDED IN ORIGINAL RUN,NOT RECORDED IN ORIGINAL RUN,2,val,apoptosis,epithelium,0
1,LORA_EXCLUDED_lora.partial,NOT RECORDED IN ORIGINAL RUN,NOT RECORDED IN ORIGINAL RUN,2,val,apoptosis,endothelium,0
1,LORA_EXCLUDED_lora.partial,NOT RECORDED IN ORIGINAL RUN,NOT RECORDED IN ORIGINAL RUN,2,val,apoptosis,apoptosis,0
