original_path,archival_path,sha256,experiment_id,seed,fold,type
C:\Users\Hngk\Documents\Codex\2026-09-07\use-the-autoresearch-skill-x20-https\outputs\PUMA_STAGE2_RESEARCH_PROMPTS_1_TO_4\PROMPT_4\RUNS\A3_broken_s17_cv0\batch_history.jsonl,PROMPT_4\ARCHITECTURES\A3\RESULTS\RUNS\A3_broken_s17_cv0\batch_history.jsonl,52f6c65f2add5bebfbbcbcc8a59180c2259cf76378617bc886d39ac640713fcb,A3_broken_s17_cv0,17,0,.jsonl
C:\Users\Hngk\Documents\Codex\2026-09-07\use-the-autoresearch-skill-x20-https\outputs\PUMA_STAGE2_RESEARCH_PROMPTS_1_TO_4\PROMPT_4\RUNS\A3_broken_s17_cv0\config.json,PROMPT_4\ARCHITECTURES\A3\RESULTS\RUNS\A3_broken_s17_cv0\config.json,1aac34b915f00aa8223a62fb13dafbadf38992ae0c8c2ae9eb027d411da2ba75,A3_broken_s17_cv0,17,0,.json
C:\Users\Hngk\Documents\Codex\2026-09-07\use-the-autoresearch-skill-x20-https\outputs\PUMA_STAGE2_RESEARCH_PROMPTS_1_TO_4\PROMPT_4\RUNS\A3_broken_s17_cv0\epoch_01_predictions.npz,PROMPT_4\ARCHITECTURES\A3\RESULTS\RUNS\A3_broken_s17_cv0\epoch_01_predictions.npz,706127228ab1ef8cde0e7215282424f32d5d6e0f0371fd5e66addd9734f2fc3e,A3_broken_s17_cv0,17,0,.npz
C:\Users\Hngk\Documents\Codex\2026-09-07\use-the-autoresearch-skill-x20-https\outputs\PUMA_STAGE2_RESEARCH_PROMPTS_1_TO_4\PROMPT_4\RUNS\A3_broken_s17_cv0\epoch_02_predictions.npz,PROMPT_4\ARCHITECTURES\A3\RESULTS\RUNS\A3_broken_s17_cv0\epoch_02_predictions.npz,58fa4854516d6ef584090fe4dbbe57be59793eec50f8188b726fea9c2c59ff85,A3_broken_s17_cv0,17,0,.npz
C:\Users\Hngk\Documents\Codex\2026-09-07\use-the-autoresearch-skill-x20-https\outputs\PUMA_STAGE2_RESEARCH_PROMPTS_1_TO_4\PROMPT_4\RUNS\A3_broken_s17_cv0\epoch_03_predictions.npz,PROMPT_4\ARCHITECTURES\A3\RESULTS\RUNS\A3_broken_s17_cv0\epoch_03_predictions.npz,0e06f314012449d1fbdb4e2f8aba8d545afa1ea1599910404d262bf92a05e8d6,A3_broken_s17_cv0,17,0,.npz
C:\Users\Hngk\Documents\Codex\2026-09-07\use-the-autoresearch-skill-x20-https\outputs\PUMA_STAGE2_RESEARCH_PROMPTS_1_TO_4\PROMPT_4\RUNS\A3_broken_s17_cv0\epoch_04_predictions.npz,PROMPT_4\ARCHITECTURES\A3\RESULTS\RUNS\A3_broken_s17_cv0\epoch_04_predictions.npz,ba9a6b99ae0a8f432a3a7c83e3d02f3a6e79dfbfd64b4ff12975accd307da078,A3_broken_s17_cv0,17,0,.npz
C:\Users\Hngk\Documents\Codex\2026-09-07\use-the-autoresearch-skill-x20-https\outputs\PUMA_STAGE2_RESEARCH_PROMPTS_1_TO_4\PROMPT_4\RUNS\A3_broken_s17_cv0\epoch_05_predictions.npz,PROMPT_4\ARCHITECTURES\A3\RESULTS\RUNS\A3_broken_s17_cv0\epoch_05_predictions.npz,eb54dcdeffcd0b53d799412133beb03ae41d32ed20284c956a9da6c4247640dd,A3_broken_s17_cv0,17,0,.npz
C:\Users\Hngk\Documents\Codex\2026-09-07\use-the-autoresearch-skill-x20-https\outputs\PUMA_STAGE2_RESEARCH_PROMPTS_1_TO_4\PROMPT_4\RUNS\A3_broken_s17_cv0\epoch_06_predictions.npz,PROMPT_4\ARCHITECTURES\A3\RESULTS\RUNS\A3_broken_s17_cv0\epoch_06_predictions.npz,53ca2e8abf7cde79d188751fda1a2fd90fbfab55d2bf473d5321ead20ba3d030,A3_broken_s17_cv0,17,0,.npz
C:\Users\Hngk\Documents\Codex\2026-09-07\use-the-autoresearch-skill-x20-https\outputs\PUMA_STAGE2_RESEARCH_PROMPTS_1_TO_4\PROMPT_4\RUNS\A3_broken_s17_cv0\epoch_07_predictions.npz,PROMPT_4\ARCHITECTURES\A3\RESULTS\RUNS\A3_broken_s17_cv0\epoch_07_predictions.npz,e903b2523b6f141c7c82944d3ed240fe2cb5de662e21c5992d35dfba56b6bbc8,A3_broken_s17_cv0,17,0,.npz
C:\Users\Hngk\Documents\Codex\2026-09-07\use-the-autoresearch-skill-x20-https\outputs\PUMA_STAGE2_RESEARCH_PROMPTS_1_TO_4\PROMPT_4\RUNS\A3_broken_s17_cv0\epoch_08_predictions.npz,PROMPT_4\ARCHITECTURES\A3\RESULTS\RUNS\A3_broken_s17_cv0\epoch_08_predictions.npz,c0019864ee8f2d984a754ad76a3b8192442780ed7ab3d4ad597accb93bf60429,A3_broken_s17_cv0,17,0,.npz
C:\Users\Hngk\Documents\Codex\2026-09-07\use-the-autoresearch-skill-x20-https\outputs\PUMA_STAGE2_RESEARCH_PROMPTS_1_TO_4\PROMPT_4\RUNS\A3_broken_s17_cv0\epoch_09_predictions.npz,PROMPT_4\ARCHITECTURES\A3\RESULTS\RUNS\A3_broken_s17_cv0\epoch_09_predictions.npz,e5df2a85b5a52b9578e5cdaf18ac1143c12614958863cb7e6512bc531b4193b3,A3_broken_s17_cv0,17,0,.npz
C:\Users\Hngk\Documents\Codex\2026-09-07\use-the-autoresearch-skill-x20-https\outputs\PUMA_STAGE2_RESEARCH_PROMPTS_1_TO_4\PROMPT_4\RUNS\A3_broken_s17_cv0\epoch_10_predictions.npz,PROMPT_4\ARCHITECTURES\A3\RESULTS\RUNS\A3_broken_s17_cv0\epoch_10_predictions.npz,4e015d1dc0fbe5a47711ced52444d5c2d4a212b36507ab13bbf01063fd536123,A3_broken_s17_cv0,17,0,.npz
C:\Users\Hngk\Documents\Codex\2026-09-07\use-the-autoresearch-skill-x20-https\outputs\PUMA_STAGE2_RESEARCH_PROMPTS_1_TO_4\PROMPT_4\RUNS\A3_broken_s17_cv0\final.pt,PROMPT_4\ARCHITECTURES\A3\RESULTS\RUNS\A3_broken_s17_cv0\final.pt,6aab4c71b228593addcac6bf283e18b7c33d8de599abb0de60409cb81733a207,A3_broken_s17_cv0,17,0,.pt
C:\Users\Hngk\Documents\Codex\2026-09-07\use-the-autoresearch-skill-x20-https\outputs\PUMA_STAGE2_RESEARCH_PROMPTS_1_TO_4\PROMPT_4\RUNS\A3_broken_s17_cv0\history.jsonl,PROMPT_4\ARCHITECTURES\A3\RESULTS\RUNS\A3_broken_s17_cv0\history.jsonl,bd0b57d431beab186f0e265d4ce43378f0f352e529c08e38d6c462f52680d449,A3_broken_s17_cv0,17,0,.jsonl
C:\Users\Hngk\Documents\Codex\2026-09-07\use-the-autoresearch-skill-x20-https\outputs\PUMA_STAGE2_RESEARCH_PROMPTS_1_TO_4\PROMPT_4\RUNS\A3_broken_s17_cv0\normalizer.json,PROMPT_4\ARCHITECTURES\A3\RESULTS\RUNS\A3_broken_s17_cv0\normalizer.json,f75d5e56dcca6f2ff7aa13358de835631b823bbc37b6b08d02983940eb5ee49c,A3_broken_s17_cv0,17,0,.json
C:\Users\Hngk\Documents\Codex\2026-09-07\use-the-autoresearch-skill-x20-https\outputs\PUMA_STAGE2_RESEARCH_PROMPTS_1_TO_4\PROMPT_4\RUNS\A3_broken_s17_cv0\provenance.json,PROMPT_4\ARCHITECTURES\A3\RESULTS\RUNS\A3_broken_s17_cv0\provenance.json,60b2ce4788043ff6be42b57a70338d3d51edf16fbd928adfb3add6b6befbbcdf,A3_broken_s17_cv0,17,0,.json
C:\Users\Hngk\Documents\Codex\2026-09-07\use-the-autoresearch-skill-x20-https\outputs\PUMA_STAGE2_RESEARCH_PROMPTS_1_TO_4\PROMPT_4\RUNS\A3_broken_s17_cv0\summary.json,PROMPT_4\ARCHITECTURES\A3\RESULTS\RUNS\A3_broken_s17_cv0\summary.json,24c61b4b0df422c6c46d5e32cc2558bb3819bb3601fbc97a7677cf00f0582231,A3_broken_s17_cv0,17,0,.json
C:\Users\Hngk\Documents\Codex\2026-09-07\use-the-autoresearch-skill-x20-https\outputs\PUMA_STAGE2_RESEARCH_PROMPTS_1_TO_4\PROMPT_4\RUNS\A3_broken_s17_cv1\batch_history.jsonl,PROMPT_4\ARCHITECTURES\A3\RESULTS\RUNS\A3_broken_s17_cv1\batch_history.jsonl,fa63e55bcea6d1998ca2657d41c82764eb19e656a5879673eddbbf7d9d701032,A3_broken_s17_cv1,17,1,.jsonl
C:\Users\Hngk\Documents\Codex\2026-09-07\use-the-autoresearch-skill-x20-https\outputs\PUMA_STAGE2_RESEARCH_PROMPTS_1_TO_4\PROMPT_4\RUNS\A3_broken_s17_cv1\config.json,PROMPT_4\ARCHITECTURES\A3\RESULTS\RUNS\A3_broken_s17_cv1\config.json,c45199658e86236bf26cc4a63a8ab62ad1b807154b4ac5a3898fe4168d05beb4,A3_broken_s17_cv1,17,1,.json
C:\Users\Hngk\Documents\Codex\2026-09-07\use-the-autoresearch-skill-x20-https\outputs\PUMA_STAGE2_RESEARCH_PROMPTS_1_TO_4\PROMPT_4\RUNS\A3_broken_s17_cv1\epoch_01_predictions.npz,PROMPT_4\ARCHITECTURES\A3\RESULTS\RUNS\A3_broken_s17_cv1\epoch_01_predictions.npz,6843d2efaab6d875aa95412726c52e3a3a54fac505489f76b48c6cfbabfbd9e3,A3_broken_s17_cv1,17,1,.npz
C:\Users\Hngk\Documents\Codex\2026-09-07\use-the-autoresearch-skill-x20-https\outputs\PUMA_STAGE2_RESEARCH_PROMPTS_1_TO_4\PROMPT_4\RUNS\A3_broken_s17_cv1\epoch_02_predictions.npz,PROMPT_4\ARCHITECTURES\A3\RESULTS\RUNS\A3_broken_s17_cv1\epoch_02_predictions.npz,1e0af30f455563d7851c8dd9070bcc3b3df57f7a7a3bb0c810b0cb329ff777b7,A3_broken_s17_cv1,17,1,.npz
C:\Users\Hngk\Documents\Codex\2026-09-07\use-the-autoresearch-skill-x20-https\outputs\PUMA_STAGE2_RESEARCH_PROMPTS_1_TO_4\PROMPT_4\RUNS\A3_broken_s17_cv1\epoch_03_predictions.npz,PROMPT_4\ARCHITECTURES\A3\RESULTS\RUNS\A3_broken_s17_cv1\epoch_03_predictions.npz,1fb0bef075a3a282f4cd61476369aff253ee88ed6d96382721fffa7c74efd364,A3_broken_s17_cv1,17,1,.npz
C:\Users\Hngk\Documents\Codex\2026-09-07\use-the-autoresearch-skill-x20-https\outputs\PUMA_STAGE2_RESEARCH_PROMPTS_1_TO_4\PROMPT_4\RUNS\A3_broken_s17_cv1\epoch_04_predictions.npz,PROMPT_4\ARCHITECTURES\A3\RESULTS\RUNS\A3_broken_s17_cv1\epoch_04_predictions.npz,6d0f57e0d1a23a0876423cf30f0e7231a78fb0e9f0dc5b48d25ea9b8829965d5,A3_broken_s17_cv1,17,1,.npz
C:\Users\Hngk\Documents\Codex\2026-09-07\use-the-autoresearch-skill-x20-https\outputs\PUMA_STAGE2_RESEARCH_PROMPTS_1_TO_4\PROMPT_4\RUNS\A3_broken_s17_cv1\epoch_05_predictions.npz,PROMPT_4\ARCHITECTURES\A3\RESULTS\RUNS\A3_broken_s17_cv1\epoch_05_predictions.npz,0dafef10d3fa86feaaa39323bc68c4fdc959899f2ad2e80fae5bf6ee6dd544bf,A3_broken_s17_cv1,17,1,.npz
C:\Users\Hngk\Documents\Codex\2026-09-07\use-the-autoresearch-skill-x20-https\outputs\PUMA_STAGE2_RESEARCH_PROMPTS_1_TO_4\PROMPT_4\RUNS\A3_broken_s17_cv1\epoch_06_predictions.npz,PROMPT_4\ARCHITECTURES\A3\RESULTS\RUNS\A3_broken_s17_cv1\epoch_06_predictions.npz,a550dc4867e0a5eff0c3c1b104f8c9631ac70c44071d09dd4eeda6e6d7930cc4,A3_broken_s17_cv1,17,1,.npz
C:\Users\Hngk\Documents\Codex\2026-09-07\use-the-autoresearch-skill-x20-https\outputs\PUMA_STAGE2_RESEARCH_PROMPTS_1_TO_4\PROMPT_4\RUNS\A3_broken_s17_cv1\epoch_07_predictions.npz,PROMPT_4\ARCHITECTURES\A3\RESULTS\RUNS\A3_broken_s17_cv1\epoch_07_predictions.npz,d0f30360abd83b3c9575e17b3b2d194133bb63c996add5c36c56505287db0c51,A3_broken_s17_cv1,17,1,.npz
C:\Users\Hngk\Documents\Codex\2026-09-07\use-the-autoresearch-skill-x20-https\outputs\PUMA_STAGE2_RESEARCH_PROMPTS_1_TO_4\PROMPT_4\RUNS\A3_broken_s17_cv1\epoch_08_predictions.npz,PROMPT_4\ARCHITECTURES\A3\RESULTS\RUNS\A3_broken_s17_cv1\epoch_08_predictions.npz,702a165c0adfcc9599310fd894fa63481968164a74fe0ca0c89552bcfb08989b,A3_broken_s17_cv1,17,1,.npz
C:\Users\Hngk\Documents\Codex\2026-09-07\use-the-autoresearch-skill-x20-https\outputs\PUMA_STAGE2_RESEARCH_PROMPTS_1_TO_4\PROMPT_4\RUNS\A3_broken_s17_cv1\epoch_09_predictions.npz,PROMPT_4\ARCHITECTURES\A3\RESULTS\RUNS\A3_broken_s17_cv1\epoch_09_predictions.npz,2ca20711c396aeeedca165d550064aa291e47d78eaa2e4b223997f1cc50e86c5,A3_broken_s17_cv1,17,1,.npz
C:\Users\Hngk\Documents\Codex\2026-09-07\use-the-autoresearch-skill-x20-https\outputs\PUMA_STAGE2_RESEARCH_PROMPTS_1_TO_4\PROMPT_4\RUNS\A3_broken_s17_cv1\epoch_10_predictions.npz,PROMPT_4\ARCHITECTURES\A3\RESULTS\RUNS\A3_broken_s17_cv1\epoch_10_predictions.npz,e7325ccca412c8d38282c75999f1c5d60c7a5f94ed7e993e3c8c18ab65f91540,A3_broken_s17_cv1,17,1,.npz
C:\Users\Hngk\Documents\Codex\2026-09-07\use-the-autoresearch-skill-x20-https\outputs\PUMA_STAGE2_RESEARCH_PROMPTS_1_TO_4\PROMPT_4\RUNS\A3_broken_s17_cv1\final.pt,PROMPT_4\ARCHITECTURES\A3\RESULTS\RUNS\A3_broken_s17_cv1\final.pt,67ca89be68f4a1c26916bd9b6d26f292b09c88f930b0c62bd74b7003f9274d4a,A3_broken_s17_cv1,17,1,.pt
C:\Users\Hngk\Documents\Codex\2026-09-07\use-the-autoresearch-skill-x20-https\outputs\PUMA_STAGE2_RESEARCH_PROMPTS_1_TO_4\PROMPT_4\RUNS\A3_broken_s17_cv1\history.jsonl,PROMPT_4\ARCHITECTURES\A3\RESULTS\RUNS\A3_broken_s17_cv1\history.jsonl,d75be6bc6c14d8cbee68596518b8bc444a962b73d2d21a551b2e3c3ba0b76c44,A3_broken_s17_cv1,17,1,.jsonl
C:\Users\Hngk\Documents\Codex\2026-09-07\use-the-autoresearch-skill-x20-https\outputs\PUMA_STAGE2_RESEARCH_PROMPTS_1_TO_4\PROMPT_4\RUNS\A3_broken_s17_cv1\normalizer.json,PROMPT_4\ARCHITECTURES\A3\RESULTS\RUNS\A3_broken_s17_cv1\normalizer.json,3383fe0635cb468d084e5ebbd6144bb89768f6927f37c55e35b23ba5efd095cb,A3_broken_s17_cv1,17,1,.json
C:\Users\Hngk\Documents\Codex\2026-09-07\use-the-autoresearch-skill-x20-https\outputs\PUMA_STAGE2_RESEARCH_PROMPTS_1_TO_4\PROMPT_4\RUNS\A3_broken_s17_cv1\provenance.json,PROMPT_4\ARCHITECTURES\A3\RESULTS\RUNS\A3_broken_s17_cv1\provenance.json,450dbdec79e51cf206db573335aef855125dde3990e049e38b8e240d8569c69d,A3_broken_s17_cv1,17,1,.json
C:\Users\Hngk\Documents\Codex\2026-09-07\use-the-autoresearch-skill-x20-https\outputs\PUMA_STAGE2_RESEARCH_PROMPTS_1_TO_4\PROMPT_4\RUNS\A3_broken_s17_cv1\summary.json,PROMPT_4\ARCHITECTURES\A3\RESULTS\RUNS\A3_broken_s17_cv1\summary.json,76531de9f91d93d1c5296abcd9990fada1b4cbe1930c80dfd790a06cf44f77b3,A3_broken_s17_cv1,17,1,.json
C:\Users\Hngk\Documents\Codex\2026-09-07\use-the-autoresearch-skill-x20-https\outputs\PUMA_STAGE2_RESEARCH_PROMPTS_1_TO_4\PROMPT_4\RUNS\A3_broken_s17_cv2\batch_history.jsonl,PROMPT_4\ARCHITECTURES\A3\RESULTS\RUNS\A3_broken_s17_cv2\batch_history.jsonl,d77c5429216906bb25b4494fd9c9efc9fe501512cc198e73ce71e09354111ed9,A3_broken_s17_cv2,17,2,.jsonl
C:\Users\Hngk\Documents\Codex\2026-09-07\use-the-autoresearch-skill-x20-https\outputs\PUMA_STAGE2_RESEARCH_PROMPTS_1_TO_4\PROMPT_4\RUNS\A3_broken_s17_cv2\config.json,PROMPT_4\ARCHITECTURES\A3\RESULTS\RUNS\A3_broken_s17_cv2\config.json,3bc04630b1a51e0f81c2aacee4f196502d84f0a9c6d1104a577d32bd03c5d80a,A3_broken_s17_cv2,17,2,.json
C:\Users\Hngk\Documents\Codex\2026-09-07\use-the-autoresearch-skill-x20-https\outputs\PUMA_STAGE2_RESEARCH_PROMPTS_1_TO_4\PROMPT_4\RUNS\A3_broken_s17_cv2\epoch_01_predictions.npz,PROMPT_4\ARCHITECTURES\A3\RESULTS\RUNS\A3_broken_s17_cv2\epoch_01_predictions.npz,432fb5e7ece22d906a33f78071fa6a32cee9af49dce64c76a07b2c38e0b0d5e3,A3_broken_s17_cv2,17,2,.npz
C:\Users\Hngk\Documents\Codex\2026-09-07\use-the-autoresearch-skill-x20-https\outputs\PUMA_STAGE2_RESEARCH_PROMPTS_1_TO_4\PROMPT_4\RUNS\A3_broken_s17_cv2\epoch_02_predictions.npz,PROMPT_4\ARCHITECTURES\A3\RESULTS\RUNS\A3_broken_s17_cv2\epoch_02_predictions.npz,452fe41d22238361318a0cce78687f56c28e417fb71f3bcb8bf12df0a4f67682,A3_broken_s17_cv2,17,2,.npz
C:\Users\Hngk\Documents\Codex\2026-09-07\use-the-autoresearch-skill-x20-https\outputs\PUMA_STAGE2_RESEARCH_PROMPTS_1_TO_4\PROMPT_4\RUNS\A3_broken_s17_cv2\epoch_03_predictions.npz,PROMPT_4\ARCHITECTURES\A3\RESULTS\RUNS\A3_broken_s17_cv2\epoch_03_predictions.npz,7695921092b4d2f7aa054d2617c9cd4e9b3a0535eb38c0fe0b6b3c51ecd97642,A3_broken_s17_cv2,17,2,.npz
C:\Users\Hngk\Documents\Codex\2026-09-07\use-the-autoresearch-skill-x20-https\outputs\PUMA_STAGE2_RESEARCH_PROMPTS_1_TO_4\PROMPT_4\RUNS\A3_broken_s17_cv2\epoch_04_predictions.npz,PROMPT_4\ARCHITECTURES\A3\RESULTS\RUNS\A3_broken_s17_cv2\epoch_04_predictions.npz,8e8a06c95c685b19eb8eb3e80026fbd0f7b79f535ef7a81580453043114fde8d,A3_broken_s17_cv2,17,2,.npz
C:\Users\Hngk\Documents\Codex\2026-09-07\use-the-autoresearch-skill-x20-https\outputs\PUMA_STAGE2_RESEARCH_PROMPTS_1_TO_4\PROMPT_4\RUNS\A3_broken_s17_cv2\epoch_05_predictions.npz,PROMPT_4\ARCHITECTURES\A3\RESULTS\RUNS\A3_broken_s17_cv2\epoch_05_predictions.npz,aba2d8fc64c57401dd5851f59568e1ebe3ea0471e098f1206a4c142a481f7bb0,A3_broken_s17_cv2,17,2,.npz
C:\Users\Hngk\Documents\Codex\2026-09-07\use-the-autoresearch-skill-x20-https\outputs\PUMA_STAGE2_RESEARCH_PROMPTS_1_TO_4\PROMPT_4\RUNS\A3_broken_s17_cv2\epoch_06_predictions.npz,PROMPT_4\ARCHITECTURES\A3\RESULTS\RUNS\A3_broken_s17_cv2\epoch_06_predictions.npz,876474dc388759885e56bd0e722d1cf952cbb836e00ec9fd1e1316dccbfa3b4c,A3_broken_s17_cv2,17,2,.npz
C:\Users\Hngk\Documents\Codex\2026-09-07\use-the-autoresearch-skill-x20-https\outputs\PUMA_STAGE2_RESEARCH_PROMPTS_1_TO_4\PROMPT_4\RUNS\A3_broken_s17_cv2\epoch_07_predictions.npz,PROMPT_4\ARCHITECTURES\A3\RESULTS\RUNS\A3_broken_s17_cv2\epoch_07_predictions.npz,c6d925da3118aaac76520b8f85d6b1e5cdf19bccb33001a9a9057e327eeb0bf2,A3_broken_s17_cv2,17,2,.npz
C:\Users\Hngk\Documents\Codex\2026-09-07\use-the-autoresearch-skill-x20-https\outputs\PUMA_STAGE2_RESEARCH_PROMPTS_1_TO_4\PROMPT_4\RUNS\A3_broken_s17_cv2\epoch_08_predictions.npz,PROMPT_4\ARCHITECTURES\A3\RESULTS\RUNS\A3_broken_s17_cv2\epoch_08_predictions.npz,03defc763c7ab329f6646148faba6da7bd755cb7e650e1deb5730c37cf2cadac,A3_broken_s17_cv2,17,2,.npz
C:\Users\Hngk\Documents\Codex\2026-09-07\use-the-autoresearch-skill-x20-https\outputs\PUMA_STAGE2_RESEARCH_PROMPTS_1_TO_4\PROMPT_4\RUNS\A3_broken_s17_cv2\epoch_09_predictions.npz,PROMPT_4\ARCHITECTURES\A3\RESULTS\RUNS\A3_broken_s17_cv2\epoch_09_predictions.npz,c5a5deae9e67d373680bd45a60d80f5b5216682b977d394fd48302c8455960fc,A3_broken_s17_cv2,17,2,.npz
C:\Users\Hngk\Documents\Codex\2026-09-07\use-the-autoresearch-skill-x20-https\outputs\PUMA_STAGE2_RESEARCH_PROMPTS_1_TO_4\PROMPT_4\RUNS\A3_broken_s17_cv2\epoch_10_predictions.npz,PROMPT_4\ARCHITECTURES\A3\RESULTS\RUNS\A3_broken_s17_cv2\epoch_10_predictions.npz,7b3fa315e434777b55370de2c8b4b0c7945be23f0170ab3dd95357888e281ea2,A3_broken_s17_cv2,17,2,.npz
C:\Users\Hngk\Documents\Codex\2026-09-07\use-the-autoresearch-skill-x20-https\outputs\PUMA_STAGE2_RESEARCH_PROMPTS_1_TO_4\PROMPT_4\RUNS\A3_broken_s17_cv2\final.pt,PROMPT_4\ARCHITECTURES\A3\RESULTS\RUNS\A3_broken_s17_cv2\final.pt,f1fe36a512b821079493090ce59eff1129e40a51d5a1920af2de35df47f1dcfc,A3_broken_s17_cv2,17,2,.pt
C:\Users\Hngk\Documents\Codex\2026-09-07\use-the-autoresearch-skill-x20-https\outputs\PUMA_STAGE2_RESEARCH_PROMPTS_1_TO_4\PROMPT_4\RUNS\A3_broken_s17_cv2\history.jsonl,PROMPT_4\ARCHITECTURES\A3\RESULTS\RUNS\A3_broken_s17_cv2\history.jsonl,a5940f31a9d9c8ec24bb0002e6bb1178ddd506ae47d26e0f9a37368e77149e6d,A3_broken_s17_cv2,17,2,.jsonl
C:\Users\Hngk\Documents\Codex\2026-09-07\use-the-autoresearch-skill-x20-https\outputs\PUMA_STAGE2_RESEARCH_PROMPTS_1_TO_4\PROMPT_4\RUNS\A3_broken_s17_cv2\normalizer.json,PROMPT_4\ARCHITECTURES\A3\RESULTS\RUNS\A3_broken_s17_cv2\normalizer.json,96d50de899d030d0814f1b1de6a785fda82d824637a9237bf0cd5ed8f713a28b,A3_broken_s17_cv2,17,2,.json
C:\Users\Hngk\Documents\Codex\2026-09-07\use-the-autoresearch-skill-x20-https\outputs\PUMA_STAGE2_RESEARCH_PROMPTS_1_TO_4\PROMPT_4\RUNS\A3_broken_s17_cv2\provenance.json,PROMPT_4\ARCHITECTURES\A3\RESULTS\RUNS\A3_broken_s17_cv2\provenance.json,e91cb6c7f5edb3fc79f9163e430200594ca845d3b6703953b1be4bb47a354788,A3_broken_s17_cv2,17,2,.json
C:\Users\Hngk\Documents\Codex\2026-09-07\use-the-autoresearch-skill-x20-https\outputs\PUMA_STAGE2_RESEARCH_PROMPTS_1_TO_4\PROMPT_4\RUNS\A3_broken_s17_cv2\summary.json,PROMPT_4\ARCHITECTURES\A3\RESULTS\RUNS\A3_broken_s17_cv2\summary.json,257460c40f12c939e6c4b9239611a8ee0db7f97db7fc37561fe86f7a3ac81894,A3_broken_s17_cv2,17,2,.json
C:\Users\Hngk\Documents\Codex\2026-09-07\use-the-autoresearch-skill-x20-https\outputs\PUMA_STAGE2_RESEARCH_PROMPTS_1_TO_4\PROMPT_4\RUNS\A3_broken_s29_cv0\batch_history.jsonl,PROMPT_4\ARCHITECTURES\A3\RESULTS\RUNS\A3_broken_s29_cv0\batch_history.jsonl,e63f3d23db1acb12849873309a7e7b296ef589b5ac2c7307d5a2e1712da0496f,A3_broken_s29_cv0,29,0,.jsonl
C:\Users\Hngk\Documents\Codex\2026-09-07\use-the-autoresearch-skill-x20-https\outputs\PUMA_STAGE2_RESEARCH_PROMPTS_1_TO_4\PROMPT_4\RUNS\A3_broken_s29_cv0\config.json,PROMPT_4\ARCHITECTURES\A3\RESULTS\RUNS\A3_broken_s29_cv0\config.json,4579c365796b7d7c23ad462a383d098308a4d96c5326e34f6708e99affe864ab,A3_broken_s29_cv0,29,0,.json
C:\Users\Hngk\Documents\Codex\2026-09-07\use-the-autoresearch-skill-x20-https\outputs\PUMA_STAGE2_RESEARCH_PROMPTS_1_TO_4\PROMPT_4\RUNS\A3_broken_s29_cv0\epoch_01_predictions.npz,PROMPT_4\ARCHITECTURES\A3\RESULTS\RUNS\A3_broken_s29_cv0\epoch_01_predictions.npz,c75b3b6f5ab47234c122ea714fc296712a296c5da8b6afea760cab606d71cb43,A3_broken_s29_cv0,29,0,.npz
C:\Users\Hngk\Documents\Codex\2026-09-07\use-the-autoresearch-skill-x20-https\outputs\PUMA_STAGE2_RESEARCH_PROMPTS_1_TO_4\PROMPT_4\RUNS\A3_broken_s29_cv0\epoch_02_predictions.npz,PROMPT_4\ARCHITECTURES\A3\RESULTS\RUNS\A3_broken_s29_cv0\epoch_02_predictions.npz,2b9d9b56df6fd04cd5cc36273c5e12ac5b338b947043f03303e3092d387784d8,A3_broken_s29_cv0,29,0,.npz
C:\Users\Hngk\Documents\Codex\2026-09-07\use-the-autoresearch-skill-x20-https\outputs\PUMA_STAGE2_RESEARCH_PROMPTS_1_TO_4\PROMPT_4\RUNS\A3_broken_s29_cv0\epoch_03_predictions.npz,PROMPT_4\ARCHITECTURES\A3\RESULTS\RUNS\A3_broken_s29_cv0\epoch_03_predictions.npz,51a753ba008aff916b99e7b590cf1b5bd5ca030b468581ec439d303aa04b477b,A3_broken_s29_cv0,29,0,.npz
C:\Users\Hngk\Documents\Codex\2026-09-07\use-the-autoresearch-skill-x20-https\outputs\PUMA_STAGE2_RESEARCH_PROMPTS_1_TO_4\PROMPT_4\RUNS\A3_broken_s29_cv0\epoch_04_predictions.npz,PROMPT_4\ARCHITECTURES\A3\RESULTS\RUNS\A3_broken_s29_cv0\epoch_04_predictions.npz,d7b9031c5ae916bf6761fc89838f3d22e4b5c877b8d8ae72eed72eefd1949a03,A3_broken_s29_cv0,29,0,.npz
C:\Users\Hngk\Documents\Codex\2026-09-07\use-the-autoresearch-skill-x20-https\outputs\PUMA_STAGE2_RESEARCH_PROMPTS_1_TO_4\PROMPT_4\RUNS\A3_broken_s29_cv0\epoch_05_predictions.npz,PROMPT_4\ARCHITECTURES\A3\RESULTS\RUNS\A3_broken_s29_cv0\epoch_05_predictions.npz,bfaba2144d0163219fc2f61aa73ac7fe31699a30b58c7e935fc13a72a7e4be1e,A3_broken_s29_cv0,29,0,.npz
C:\Users\Hngk\Documents\Codex\2026-09-07\use-the-autoresearch-skill-x20-https\outputs\PUMA_STAGE2_RESEARCH_PROMPTS_1_TO_4\PROMPT_4\RUNS\A3_broken_s29_cv0\epoch_06_predictions.npz,PROMPT_4\ARCHITECTURES\A3\RESULTS\RUNS\A3_broken_s29_cv0\epoch_06_predictions.npz,5ec8abb0a816eb88e7118ed8f8a4174308454686ffb99733074e8f2d026da9da,A3_broken_s29_cv0,29,0,.npz
C:\Users\Hngk\Documents\Codex\2026-09-07\use-the-autoresearch-skill-x20-https\outputs\PUMA_STAGE2_RESEARCH_PROMPTS_1_TO_4\PROMPT_4\RUNS\A3_broken_s29_cv0\epoch_07_predictions.npz,PROMPT_4\ARCHITECTURES\A3\RESULTS\RUNS\A3_broken_s29_cv0\epoch_07_predictions.npz,efa35a96eddee0e61b9708fadeb08ad9f5c60fa311718614b52ceed2c291bbdf,A3_broken_s29_cv0,29,0,.npz
C:\Users\Hngk\Documents\Codex\2026-09-07\use-the-autoresearch-skill-x20-https\outputs\PUMA_STAGE2_RESEARCH_PROMPTS_1_TO_4\PROMPT_4\RUNS\A3_broken_s29_cv0\epoch_08_predictions.npz,PROMPT_4\ARCHITECTURES\A3\RESULTS\RUNS\A3_broken_s29_cv0\epoch_08_predictions.npz,b2a12e18de07ad621f136ab61b648a514cb0a3fd4317b1af763931d2f76e46ea,A3_broken_s29_cv0,29,0,.npz
C:\Users\Hngk\Documents\Codex\2026-09-07\use-the-autoresearch-skill-x20-https\outputs\PUMA_STAGE2_RESEARCH_PROMPTS_1_TO_4\PROMPT_4\RUNS\A3_broken_s29_cv0\epoch_09_predictions.npz,PROMPT_4\ARCHITECTURES\A3\RESULTS\RUNS\A3_broken_s29_cv0\epoch_09_predictions.npz,941cc08935285da459517896abcf2700f43fd537e989dbabc1caaffca07010bf,A3_broken_s29_cv0,29,0,.npz
C:\Users\Hngk\Documents\Codex\2026-09-07\use-the-autoresearch-skill-x20-https\outputs\PUMA_STAGE2_RESEARCH_PROMPTS_1_TO_4\PROMPT_4\RUNS\A3_broken_s29_cv0\epoch_10_predictions.npz,PROMPT_4\ARCHITECTURES\A3\RESULTS\RUNS\A3_broken_s29_cv0\epoch_10_predictions.npz,14a0f53988ddd7f936f76eb75a5b5894d2f9b9863ebd7e09101bb0fc1005af84,A3_broken_s29_cv0,29,0,.npz
C:\Users\Hngk\Documents\Codex\2026-09-07\use-the-autoresearch-skill-x20-https\outputs\PUMA_STAGE2_RESEARCH_PROMPTS_1_TO_4\PROMPT_4\RUNS\A3_broken_s29_cv0\final.pt,PROMPT_4\ARCHITECTURES\A3\RESULTS\RUNS\A3_broken_s29_cv0\final.pt,32682d8d18a8dc429f954fd4985cf195b4f5893efcf92ef2328b039446a238b4,A3_broken_s29_cv0,29,0,.pt
C:\Users\Hngk\Documents\Codex\2026-09-07\use-the-autoresearch-skill-x20-https\outputs\PUMA_STAGE2_RESEARCH_PROMPTS_1_TO_4\PROMPT_4\RUNS\A3_broken_s29_cv0\history.jsonl,PROMPT_4\ARCHITECTURES\A3\RESULTS\RUNS\A3_broken_s29_cv0\history.jsonl,52e0245008dbe3a7890d4a5520c38298e8cad3d12be2ab29bdc51f6a09e60656,A3_broken_s29_cv0,29,0,.jsonl
C:\Users\Hngk\Documents\Codex\2026-09-07\use-the-autoresearch-skill-x20-https\outputs\PUMA_STAGE2_RESEARCH_PROMPTS_1_TO_4\PROMPT_4\RUNS\A3_broken_s29_cv0\normalizer.json,PROMPT_4\ARCHITECTURES\A3\RESULTS\RUNS\A3_broken_s29_cv0\normalizer.json,f75d5e56dcca6f2ff7aa13358de835631b823bbc37b6b08d02983940eb5ee49c,A3_broken_s29_cv0,29,0,.json
C:\Users\Hngk\Documents\Codex\2026-09-07\use-the-autoresearch-skill-x20-https\outputs\PUMA_STAGE2_RESEARCH_PROMPTS_1_TO_4\PROMPT_4\RUNS\A3_broken_s29_cv0\provenance.json,PROMPT_4\ARCHITECTURES\A3\RESULTS\RUNS\A3_broken_s29_cv0\provenance.json,5a65c48b1b1b0d6e650c7a5aedda8c52ce9631ade26d9ac16646c53cb36a800a,A3_broken_s29_cv0,29,0,.json
C:\Users\Hngk\Documents\Codex\2026-09-07\use-the-autoresearch-skill-x20-https\outputs\PUMA_STAGE2_RESEARCH_PROMPTS_1_TO_4\PROMPT_4\RUNS\A3_broken_s29_cv0\summary.json,PROMPT_4\ARCHITECTURES\A3\RESULTS\RUNS\A3_broken_s29_cv0\summary.json,ede2959b012f76cfb6e372e13bcea70b2286f25e564737118f53e37fc3791ba1,A3_broken_s29_cv0,29,0,.json
C:\Users\Hngk\Documents\Codex\2026-09-07\use-the-autoresearch-skill-x20-https\outputs\PUMA_STAGE2_RESEARCH_PROMPTS_1_TO_4\PROMPT_4\RUNS\A3_broken_s29_cv1\batch_history.jsonl,PROMPT_4\ARCHITECTURES\A3\RESULTS\RUNS\A3_broken_s29_cv1\batch_history.jsonl,0cc7c63b5c2bd7f2e247bdaf01bd9d84a32b1f29294dc2f3668e042a7288e764,A3_broken_s29_cv1,29,1,.jsonl
C:\Users\Hngk\Documents\Codex\2026-09-07\use-the-autoresearch-skill-x20-https\outputs\PUMA_STAGE2_RESEARCH_PROMPTS_1_TO_4\PROMPT_4\RUNS\A3_broken_s29_cv1\config.json,PROMPT_4\ARCHITECTURES\A3\RESULTS\RUNS\A3_broken_s29_cv1\config.json,7aa033282a489c79b2552a02716229105163d0a70f7230b67883d16bfcd3549f,A3_broken_s29_cv1,29,1,.json
C:\Users\Hngk\Documents\Codex\2026-09-07\use-the-autoresearch-skill-x20-https\outputs\PUMA_STAGE2_RESEARCH_PROMPTS_1_TO_4\PROMPT_4\RUNS\A3_broken_s29_cv1\epoch_01_predictions.npz,PROMPT_4\ARCHITECTURES\A3\RESULTS\RUNS\A3_broken_s29_cv1\epoch_01_predictions.npz,ba8c265a93c64892fa834d7ee67f9bbcf34f2b01705ea0a28e24611166422ef5,A3_broken_s29_cv1,29,1,.npz
C:\Users\Hngk\Documents\Codex\2026-09-07\use-the-autoresearch-skill-x20-https\outputs\PUMA_STAGE2_RESEARCH_PROMPTS_1_TO_4\PROMPT_4\RUNS\A3_broken_s29_cv1\epoch_02_predictions.npz,PROMPT_4\ARCHITECTURES\A3\RESULTS\RUNS\A3_broken_s29_cv1\epoch_02_predictions.npz,946673eb13c8eba773484dcb3c06412b3f679664e13ecd5a768c7d3a1fb20791,A3_broken_s29_cv1,29,1,.npz
C:\Users\Hngk\Documents\Codex\2026-09-07\use-the-autoresearch-skill-x20-https\outputs\PUMA_STAGE2_RESEARCH_PROMPTS_1_TO_4\PROMPT_4\RUNS\A3_broken_s29_cv1\epoch_03_predictions.npz,PROMPT_4\ARCHITECTURES\A3\RESULTS\RUNS\A3_broken_s29_cv1\epoch_03_predictions.npz,a132d845f1b4d1582157c2bcf798470fb853c6f13c98466bd42285d1e6ef1fe3,A3_broken_s29_cv1,29,1,.npz
C:\Users\Hngk\Documents\Codex\2026-09-07\use-the-autoresearch-skill-x20-https\outputs\PUMA_STAGE2_RESEARCH_PROMPTS_1_TO_4\PROMPT_4\RUNS\A3_broken_s29_cv1\epoch_04_predictions.npz,PROMPT_4\ARCHITECTURES\A3\RESULTS\RUNS\A3_broken_s29_cv1\epoch_04_predictions.npz,52dd13b45cb003267f90e5eef7099360fe47112783f7b9d4864801d241899ddc,A3_broken_s29_cv1,29,1,.npz
C:\Users\Hngk\Documents\Codex\2026-09-07\use-the-autoresearch-skill-x20-https\outputs\PUMA_STAGE2_RESEARCH_PROMPTS_1_TO_4\PROMPT_4\RUNS\A3_broken_s29_cv1\epoch_05_predictions.npz,PROMPT_4\ARCHITECTURES\A3\RESULTS\RUNS\A3_broken_s29_cv1\epoch_05_predictions.npz,7532adc808c1836503e9c3491cb25394ddd7fa3b53bab0f6b0eea5aa18ed570e,A3_broken_s29_cv1,29,1,.npz
C:\Users\Hngk\Documents\Codex\2026-09-07\use-the-autoresearch-skill-x20-https\outputs\PUMA_STAGE2_RESEARCH_PROMPTS_1_TO_4\PROMPT_4\RUNS\A3_broken_s29_cv1\epoch_06_predictions.npz,PROMPT_4\ARCHITECTURES\A3\RESULTS\RUNS\A3_broken_s29_cv1\epoch_06_predictions.npz,a06fb6a828d9fa458401f9901c2c1ff63b40f16b4631427597d742236228745c,A3_broken_s29_cv1,29,1,.npz
C:\Users\Hngk\Documents\Codex\2026-09-07\use-the-autoresearch-skill-x20-https\outputs\PUMA_STAGE2_RESEARCH_PROMPTS_1_TO_4\PROMPT_4\RUNS\A3_broken_s29_cv1\epoch_07_predictions.npz,PROMPT_4\ARCHITECTURES\A3\RESULTS\RUNS\A3_broken_s29_cv1\epoch_07_predictions.npz,952b8044d1490559e50d2da2fef371baada72e65ee22e99323bd44f52ac5a8d3,A3_broken_s29_cv1,29,1,.npz
C:\Users\Hngk\Documents\Codex\2026-09-07\use-the-autoresearch-skill-x20-https\outputs\PUMA_STAGE2_RESEARCH_PROMPTS_1_TO_4\PROMPT_4\RUNS\A3_broken_s29_cv1\epoch_08_predictions.npz,PROMPT_4\ARCHITECTURES\A3\RESULTS\RUNS\A3_broken_s29_cv1\epoch_08_predictions.npz,e433d4c87041cfa79aa338bc7d9040b4ac03ed827dcdd7002fa7709b00658495,A3_broken_s29_cv1,29,1,.npz
C:\Users\Hngk\Documents\Codex\2026-09-07\use-the-autoresearch-skill-x20-https\outputs\PUMA_STAGE2_RESEARCH_PROMPTS_1_TO_4\PROMPT_4\RUNS\A3_broken_s29_cv1\epoch_09_predictions.npz,PROMPT_4\ARCHITECTURES\A3\RESULTS\RUNS\A3_broken_s29_cv1\epoch_09_predictions.npz,0cd75c3f90892ac5118fcfdbaa3503121d6b87458ead9ccba39c4091022c2a9e,A3_broken_s29_cv1,29,1,.npz
C:\Users\Hngk\Documents\Codex\2026-09-07\use-the-autoresearch-skill-x20-https\outputs\PUMA_STAGE2_RESEARCH_PROMPTS_1_TO_4\PROMPT_4\RUNS\A3_broken_s29_cv1\epoch_10_predictions.npz,PROMPT_4\ARCHITECTURES\A3\RESULTS\RUNS\A3_broken_s29_cv1\epoch_10_predictions.npz,a513bf01dced94a25a39d49f9944fc8de3de7129f1ec29c4a84d429df6814a6b,A3_broken_s29_cv1,29,1,.npz
C:\Users\Hngk\Documents\Codex\2026-09-07\use-the-autoresearch-skill-x20-https\outputs\PUMA_STAGE2_RESEARCH_PROMPTS_1_TO_4\PROMPT_4\RUNS\A3_broken_s29_cv1\final.pt,PROMPT_4\ARCHITECTURES\A3\RESULTS\RUNS\A3_broken_s29_cv1\final.pt,b41f0f98310863e58f045e2e159051dae736258b5bccd9699cb3d5576d47fe55,A3_broken_s29_cv1,29,1,.pt
C:\Users\Hngk\Documents\Codex\2026-09-07\use-the-autoresearch-skill-x20-https\outputs\PUMA_STAGE2_RESEARCH_PROMPTS_1_TO_4\PROMPT_4\RUNS\A3_broken_s29_cv1\history.jsonl,PROMPT_4\ARCHITECTURES\A3\RESULTS\RUNS\A3_broken_s29_cv1\history.jsonl,12ce5aab0f2a86e96a04762e12c600d505554dca60c347e49872f75b7eff6fbe,A3_broken_s29_cv1,29,1,.jsonl
C:\Users\Hngk\Documents\Codex\2026-09-07\use-the-autoresearch-skill-x20-https\outputs\PUMA_STAGE2_RESEARCH_PROMPTS_1_TO_4\PROMPT_4\RUNS\A3_broken_s29_cv1\normalizer.json,PROMPT_4\ARCHITECTURES\A3\RESULTS\RUNS\A3_broken_s29_cv1\normalizer.json,3383fe0635cb468d084e5ebbd6144bb89768f6927f37c55e35b23ba5efd095cb,A3_broken_s29_cv1,29,1,.json
C:\Users\Hngk\Documents\Codex\2026-09-07\use-the-autoresearch-skill-x20-https\outputs\PUMA_STAGE2_RESEARCH_PROMPTS_1_TO_4\PROMPT_4\RUNS\A3_broken_s29_cv1\provenance.json,PROMPT_4\ARCHITECTURES\A3\RESULTS\RUNS\A3_broken_s29_cv1\provenance.json,15548cb45a4bd5a0c529d190b51ccf66c136f19c230e662909ee8ce145bedd7d,A3_broken_s29_cv1,29,1,.json
C:\Users\Hngk\Documents\Codex\2026-09-07\use-the-autoresearch-skill-x20-https\outputs\PUMA_STAGE2_RESEARCH_PROMPTS_1_TO_4\PROMPT_4\RUNS\A3_broken_s29_cv1\summary.json,PROMPT_4\ARCHITECTURES\A3\RESULTS\RUNS\A3_broken_s29_cv1\summary.json,1a85597ffd4e24611ec094a8126b178e22762ddd05b246f15aa04e8c845d72c7,A3_broken_s29_cv1,29,1,.json
C:\Users\Hngk\Documents\Codex\2026-09-07\use-the-autoresearch-skill-x20-https\outputs\PUMA_STAGE2_RESEARCH_PROMPTS_1_TO_4\PROMPT_4\RUNS\A3_broken_s29_cv2\batch_history.jsonl,PROMPT_4\ARCHITECTURES\A3\RESULTS\RUNS\A3_broken_s29_cv2\batch_history.jsonl,9e4fe4a4cc25d29361fc3ed6e259316855194b1a7e6d0cfaa74d7afbd62f2cf2,A3_broken_s29_cv2,29,2,.jsonl
C:\Users\Hngk\Documents\Codex\2026-09-07\use-the-autoresearch-skill-x20-https\outputs\PUMA_STAGE2_RESEARCH_PROMPTS_1_TO_4\PROMPT_4\RUNS\A3_broken_s29_cv2\config.json,PROMPT_4\ARCHITECTURES\A3\RESULTS\RUNS\A3_broken_s29_cv2\config.json,7ff6276b342ec1283d8c9429c214c9e5ed664f3fbebe4269d772f44c17db3420,A3_broken_s29_cv2,29,2,.json
C:\Users\Hngk\Documents\Codex\2026-09-07\use-the-autoresearch-skill-x20-https\outputs\PUMA_STAGE2_RESEARCH_PROMPTS_1_TO_4\PROMPT_4\RUNS\A3_broken_s29_cv2\epoch_01_predictions.npz,PROMPT_4\ARCHITECTURES\A3\RESULTS\RUNS\A3_broken_s29_cv2\epoch_01_predictions.npz,0c6792ca6a2a192592385156716acaa5f2e488184dee5574e22da23aed95fd5c,A3_broken_s29_cv2,29,2,.npz
C:\Users\Hngk\Documents\Codex\2026-09-07\use-the-autoresearch-skill-x20-https\outputs\PUMA_STAGE2_RESEARCH_PROMPTS_1_TO_4\PROMPT_4\RUNS\A3_broken_s29_cv2\epoch_02_predictions.npz,PROMPT_4\ARCHITECTURES\A3\RESULTS\RUNS\A3_broken_s29_cv2\epoch_02_predictions.npz,041d11a75ce9faf4af6349b39bd0ce906ca8b33f76daabef9cb1002dc8a3c7c0,A3_broken_s29_cv2,29,2,.npz
C:\Users\Hngk\Documents\Codex\2026-09-07\use-the-autoresearch-skill-x20-https\outputs\PUMA_STAGE2_RESEARCH_PROMPTS_1_TO_4\PROMPT_4\RUNS\A3_broken_s29_cv2\epoch_03_predictions.npz,PROMPT_4\ARCHITECTURES\A3\RESULTS\RUNS\A3_broken_s29_cv2\epoch_03_predictions.npz,4532f6effbf833d0f3afa2a423be5753f3977b977136b0e92a8b540ef3f4529c,A3_broken_s29_cv2,29,2,.npz
C:\Users\Hngk\Documents\Codex\2026-09-07\use-the-autoresearch-skill-x20-https\outputs\PUMA_STAGE2_RESEARCH_PROMPTS_1_TO_4\PROMPT_4\RUNS\A3_broken_s29_cv2\epoch_04_predictions.npz,PROMPT_4\ARCHITECTURES\A3\RESULTS\RUNS\A3_broken_s29_cv2\epoch_04_predictions.npz,e5ecd9975e4deea62280c47c3f0bb908ecb843b4a3fe4540e6c969dadfb9ea58,A3_broken_s29_cv2,29,2,.npz
C:\Users\Hngk\Documents\Codex\2026-09-07\use-the-autoresearch-skill-x20-https\outputs\PUMA_STAGE2_RESEARCH_PROMPTS_1_TO_4\PROMPT_4\RUNS\A3_broken_s29_cv2\epoch_05_predictions.npz,PROMPT_4\ARCHITECTURES\A3\RESULTS\RUNS\A3_broken_s29_cv2\epoch_05_predictions.npz,ccbe4414dc7391e9eeb0f49d0eaa1c17c7771a83e6400a3c36aab5761a700f90,A3_broken_s29_cv2,29,2,.npz
C:\Users\Hngk\Documents\Codex\2026-09-07\use-the-autoresearch-skill-x20-https\outputs\PUMA_STAGE2_RESEARCH_PROMPTS_1_TO_4\PROMPT_4\RUNS\A3_broken_s29_cv2\epoch_06_predictions.npz,PROMPT_4\ARCHITECTURES\A3\RESULTS\RUNS\A3_broken_s29_cv2\epoch_06_predictions.npz,85b86671776a72298a4fcca31980a9f4d96868f87ab341e08af2066cace10485,A3_broken_s29_cv2,29,2,.npz
C:\Users\Hngk\Documents\Codex\2026-09-07\use-the-autoresearch-skill-x20-https\outputs\PUMA_STAGE2_RESEARCH_PROMPTS_1_TO_4\PROMPT_4\RUNS\A3_broken_s29_cv2\epoch_07_predictions.npz,PROMPT_4\ARCHITECTURES\A3\RESULTS\RUNS\A3_broken_s29_cv2\epoch_07_predictions.npz,11c611f2bed212360e43815686c6373439ad7235e2737e86530e33da830dd95e,A3_broken_s29_cv2,29,2,.npz
C:\Users\Hngk\Documents\Codex\2026-09-07\use-the-autoresearch-skill-x20-https\outputs\PUMA_STAGE2_RESEARCH_PROMPTS_1_TO_4\PROMPT_4\RUNS\A3_broken_s29_cv2\epoch_08_predictions.npz,PROMPT_4\ARCHITECTURES\A3\RESULTS\RUNS\A3_broken_s29_cv2\epoch_08_predictions.npz,bf91447cb4d58419c8f56f5a2d3d3cb2d40baf97e94b17eb7fee256d745ccc1a,A3_broken_s29_cv2,29,2,.npz
C:\Users\Hngk\Documents\Codex\2026-09-07\use-the-autoresearch-skill-x20-https\outputs\PUMA_STAGE2_RESEARCH_PROMPTS_1_TO_4\PROMPT_4\RUNS\A3_broken_s29_cv2\epoch_09_predictions.npz,PROMPT_4\ARCHITECTURES\A3\RESULTS\RUNS\A3_broken_s29_cv2\epoch_09_predictions.npz,8fbfe22182185f5a5cdb9859163fa0f2bd55221e8a969fd6f75638b641a411d1,A3_broken_s29_cv2,29,2,.npz
C:\Users\Hngk\Documents\Codex\2026-09-07\use-the-autoresearch-skill-x20-https\outputs\PUMA_STAGE2_RESEARCH_PROMPTS_1_TO_4\PROMPT_4\RUNS\A3_broken_s29_cv2\epoch_10_predictions.npz,PROMPT_4\ARCHITECTURES\A3\RESULTS\RUNS\A3_broken_s29_cv2\epoch_10_predictions.npz,7a2c43bb43b2fc85ec00731bc422ccf7ccd4ad534a465c4284a4b547a9c90873,A3_broken_s29_cv2,29,2,.npz
C:\Users\Hngk\Documents\Codex\2026-09-07\use-the-autoresearch-skill-x20-https\outputs\PUMA_STAGE2_RESEARCH_PROMPTS_1_TO_4\PROMPT_4\RUNS\A3_broken_s29_cv2\final.pt,PROMPT_4\ARCHITECTURES\A3\RESULTS\RUNS\A3_broken_s29_cv2\final.pt,621a7a64ac49fdd7a94bacbdb6e4c0c43d225391b1e54340c5512ee18416d584,A3_broken_s29_cv2,29,2,.pt
C:\Users\Hngk\Documents\Codex\2026-09-07\use-the-autoresearch-skill-x20-https\outputs\PUMA_STAGE2_RESEARCH_PROMPTS_1_TO_4\PROMPT_4\RUNS\A3_broken_s29_cv2\history.jsonl,PROMPT_4\ARCHITECTURES\A3\RESULTS\RUNS\A3_broken_s29_cv2\history.jsonl,71b08332c3c8e5f326ee7654f412292762fc5abac91a3a0ec53d8cbe189c0f3c,A3_broken_s29_cv2,29,2,.jsonl
C:\Users\Hngk\Documents\Codex\2026-09-07\use-the-autoresearch-skill-x20-https\outputs\PUMA_STAGE2_RESEARCH_PROMPTS_1_TO_4\PROMPT_4\RUNS\A3_broken_s29_cv2\normalizer.json,PROMPT_4\ARCHITECTURES\A3\RESULTS\RUNS\A3_broken_s29_cv2\normalizer.json,96d50de899d030d0814f1b1de6a785fda82d824637a9237bf0cd5ed8f713a28b,A3_broken_s29_cv2,29,2,.json
C:\Users\Hngk\Documents\Codex\2026-09-07\use-the-autoresearch-skill-x20-https\outputs\PUMA_STAGE2_RESEARCH_PROMPTS_1_TO_4\PROMPT_4\RUNS\A3_broken_s29_cv2\provenance.json,PROMPT_4\ARCHITECTURES\A3\RESULTS\RUNS\A3_broken_s29_cv2\provenance.json,b5de7d6b0913471b9d3aad946eb60f51542bc2efd8a5e48674aae326f71a0765,A3_broken_s29_cv2,29,2,.json
C:\Users\Hngk\Documents\Codex\2026-09-07\use-the-autoresearch-skill-x20-https\outputs\PUMA_STAGE2_RESEARCH_PROMPTS_1_TO_4\PROMPT_4\RUNS\A3_broken_s29_cv2\summary.json,PROMPT_4\ARCHITECTURES\A3\RESULTS\RUNS\A3_broken_s29_cv2\summary.json,9566148b8d4763909f7618ef851ea645f16c629a45a0eed7732d8fc8bf1b18e0,A3_broken_s29_cv2,29,2,.json
C:\Users\Hngk\Documents\Codex\2026-09-07\use-the-autoresearch-skill-x20-https\outputs\PUMA_STAGE2_RESEARCH_PROMPTS_1_TO_4\PROMPT_4\RUNS\A3_broken_s43_cv0\batch_history.jsonl,PROMPT_4\ARCHITECTURES\A3\RESULTS\RUNS\A3_broken_s43_cv0\batch_history.jsonl,511322aa2d27e0111e77b071bd42a0e56cd02d699f60219194392c22b055bc7f,A3_broken_s43_cv0,43,0,.jsonl
C:\Users\Hngk\Documents\Codex\2026-09-07\use-the-autoresearch-skill-x20-https\outputs\PUMA_STAGE2_RESEARCH_PROMPTS_1_TO_4\PROMPT_4\RUNS\A3_broken_s43_cv0\config.json,PROMPT_4\ARCHITECTURES\A3\RESULTS\RUNS\A3_broken_s43_cv0\config.json,19040d2335cdc6c4367d5a025e50139aa3ad1128b5cde11b443ec7edaaa24f9d,A3_broken_s43_cv0,43,0,.json
C:\Users\Hngk\Documents\Codex\2026-09-07\use-the-autoresearch-skill-x20-https\outputs\PUMA_STAGE2_RESEARCH_PROMPTS_1_TO_4\PROMPT_4\RUNS\A3_broken_s43_cv0\epoch_01_predictions.npz,PROMPT_4\ARCHITECTURES\A3\RESULTS\RUNS\A3_broken_s43_cv0\epoch_01_predictions.npz,5fc4ab3b76cbb315446b186db913ba0943e048565ebfb82b3b206a1a29e06c27,A3_broken_s43_cv0,43,0,.npz
C:\Users\Hngk\Documents\Codex\2026-09-07\use-the-autoresearch-skill-x20-https\outputs\PUMA_STAGE2_RESEARCH_PROMPTS_1_TO_4\PROMPT_4\RUNS\A3_broken_s43_cv0\epoch_02_predictions.npz,PROMPT_4\ARCHITECTURES\A3\RESULTS\RUNS\A3_broken_s43_cv0\epoch_02_predictions.npz,d1e23aa1970ab32c2b168a74647f20caa6ebf360aee922931bb4b65186420e45,A3_broken_s43_cv0,43,0,.npz
C:\Users\Hngk\Documents\Codex\2026-09-07\use-the-autoresearch-skill-x20-https\outputs\PUMA_STAGE2_RESEARCH_PROMPTS_1_TO_4\PROMPT_4\RUNS\A3_broken_s43_cv0\epoch_03_predictions.npz,PROMPT_4\ARCHITECTURES\A3\RESULTS\RUNS\A3_broken_s43_cv0\epoch_03_predictions.npz,88472cedc81aa1a93bf19bb70d5b08dafeb175c67a055c7342f05d9bf981674e,A3_broken_s43_cv0,43,0,.npz
C:\Users\Hngk\Documents\Codex\2026-09-07\use-the-autoresearch-skill-x20-https\outputs\PUMA_STAGE2_RESEARCH_PROMPTS_1_TO_4\PROMPT_4\RUNS\A3_broken_s43_cv0\epoch_04_predictions.npz,PROMPT_4\ARCHITECTURES\A3\RESULTS\RUNS\A3_broken_s43_cv0\epoch_04_predictions.npz,e14b94a9ea54855972c931928e7a814aba793b78162f515d6218d8b739dcf425,A3_broken_s43_cv0,43,0,.npz
C:\Users\Hngk\Documents\Codex\2026-09-07\use-the-autoresearch-skill-x20-https\outputs\PUMA_STAGE2_RESEARCH_PROMPTS_1_TO_4\PROMPT_4\RUNS\A3_broken_s43_cv0\epoch_05_predictions.npz,PROMPT_4\ARCHITECTURES\A3\RESULTS\RUNS\A3_broken_s43_cv0\epoch_05_predictions.npz,ebac371a26ae662ba3f99bd12e12a4b13e48b86bfcf64bbc9433d4a795423dd2,A3_broken_s43_cv0,43,0,.npz
C:\Users\Hngk\Documents\Codex\2026-09-07\use-the-autoresearch-skill-x20-https\outputs\PUMA_STAGE2_RESEARCH_PROMPTS_1_TO_4\PROMPT_4\RUNS\A3_broken_s43_cv0\epoch_06_predictions.npz,PROMPT_4\ARCHITECTURES\A3\RESULTS\RUNS\A3_broken_s43_cv0\epoch_06_predictions.npz,601e21b5e827ab26a2368bb0b6a31cea6704a7a9607173ebf30e1cf4b2aec7e7,A3_broken_s43_cv0,43,0,.npz
C:\Users\Hngk\Documents\Codex\2026-09-07\use-the-autoresearch-skill-x20-https\outputs\PUMA_STAGE2_RESEARCH_PROMPTS_1_TO_4\PROMPT_4\RUNS\A3_broken_s43_cv0\epoch_07_predictions.npz,PROMPT_4\ARCHITECTURES\A3\RESULTS\RUNS\A3_broken_s43_cv0\epoch_07_predictions.npz,0a82230708f5b154dad0e4db5e64645714249edce007dc1bc539ff91ccf60c38,A3_broken_s43_cv0,43,0,.npz
C:\Users\Hngk\Documents\Codex\2026-09-07\use-the-autoresearch-skill-x20-https\outputs\PUMA_STAGE2_RESEARCH_PROMPTS_1_TO_4\PROMPT_4\RUNS\A3_broken_s43_cv0\epoch_08_predictions.npz,PROMPT_4\ARCHITECTURES\A3\RESULTS\RUNS\A3_broken_s43_cv0\epoch_08_predictions.npz,d3c7da6ac50ad744a8d5585a8a459c53d6ff4b88cff8c96a59a7f0c353d6e79a,A3_broken_s43_cv0,43,0,.npz
C:\Users\Hngk\Documents\Codex\2026-09-07\use-the-autoresearch-skill-x20-https\outputs\PUMA_STAGE2_RESEARCH_PROMPTS_1_TO_4\PROMPT_4\RUNS\A3_broken_s43_cv0\epoch_09_predictions.npz,PROMPT_4\ARCHITECTURES\A3\RESULTS\RUNS\A3_broken_s43_cv0\epoch_09_predictions.npz,e9c371434514dafa4eebbc480023182e5018be6de2c195d80bb1a701237cbef1,A3_broken_s43_cv0,43,0,.npz
C:\Users\Hngk\Documents\Codex\2026-09-07\use-the-autoresearch-skill-x20-https\outputs\PUMA_STAGE2_RESEARCH_PROMPTS_1_TO_4\PROMPT_4\RUNS\A3_broken_s43_cv0\epoch_10_predictions.npz,PROMPT_4\ARCHITECTURES\A3\RESULTS\RUNS\A3_broken_s43_cv0\epoch_10_predictions.npz,9ab307cb6cde81e08df10a12f0a83c2e8b63ba072f633db5df0b4237ab9dd8fa,A3_broken_s43_cv0,43,0,.npz
C:\Users\Hngk\Documents\Codex\2026-09-07\use-the-autoresearch-skill-x20-https\outputs\PUMA_STAGE2_RESEARCH_PROMPTS_1_TO_4\PROMPT_4\RUNS\A3_broken_s43_cv0\final.pt,PROMPT_4\ARCHITECTURES\A3\RESULTS\RUNS\A3_broken_s43_cv0\final.pt,e2d86c8a2e5102950c3ad68cbbbebc019c08369fde6d8d636d9bf2e3a101836f,A3_broken_s43_cv0,43,0,.pt
C:\Users\Hngk\Documents\Codex\2026-09-07\use-the-autoresearch-skill-x20-https\outputs\PUMA_STAGE2_RESEARCH_PROMPTS_1_TO_4\PROMPT_4\RUNS\A3_broken_s43_cv0\history.jsonl,PROMPT_4\ARCHITECTURES\A3\RESULTS\RUNS\A3_broken_s43_cv0\history.jsonl,2857dee4de809d3616fae4b02786b7a85c31dd10a7fec2c82ac6e63b0da37a4c,A3_broken_s43_cv0,43,0,.jsonl
C:\Users\Hngk\Documents\Codex\2026-09-07\use-the-autoresearch-skill-x20-https\outputs\PUMA_STAGE2_RESEARCH_PROMPTS_1_TO_4\PROMPT_4\RUNS\A3_broken_s43_cv0\normalizer.json,PROMPT_4\ARCHITECTURES\A3\RESULTS\RUNS\A3_broken_s43_cv0\normalizer.json,f75d5e56dcca6f2ff7aa13358de835631b823bbc37b6b08d02983940eb5ee49c,A3_broken_s43_cv0,43,0,.json
C:\Users\Hngk\Documents\Codex\2026-09-07\use-the-autoresearch-skill-x20-https\outputs\PUMA_STAGE2_RESEARCH_PROMPTS_1_TO_4\PROMPT_4\RUNS\A3_broken_s43_cv0\provenance.json,PROMPT_4\ARCHITECTURES\A3\RESULTS\RUNS\A3_broken_s43_cv0\provenance.json,54b928ee789494fad0b9e3e8711dda756f55f7126fdaa99063a8c3d6270c4ea6,A3_broken_s43_cv0,43,0,.json
C:\Users\Hngk\Documents\Codex\2026-09-07\use-the-autoresearch-skill-x20-https\outputs\PUMA_STAGE2_RESEARCH_PROMPTS_1_TO_4\PROMPT_4\RUNS\A3_broken_s43_cv0\summary.json,PROMPT_4\ARCHITECTURES\A3\RESULTS\RUNS\A3_broken_s43_cv0\summary.json,c1aef466e4a6f343efcc46d6978cb3a9ec9ae59609099c1c4e317bccd77c33dc,A3_broken_s43_cv0,43,0,.json
C:\Users\Hngk\Documents\Codex\2026-09-07\use-the-autoresearch-skill-x20-https\outputs\PUMA_STAGE2_RESEARCH_PROMPTS_1_TO_4\PROMPT_4\RUNS\A3_broken_s43_cv1\batch_history.jsonl,PROMPT_4\ARCHITECTURES\A3\RESULTS\RUNS\A3_broken_s43_cv1\batch_history.jsonl,77fe390334bec7fef18d92b9e95b5473b81ff223f6ce6ff283f2b50b731d440d,A3_broken_s43_cv1,43,1,.jsonl
C:\Users\Hngk\Documents\Codex\2026-09-07\use-the-autoresearch-skill-x20-https\outputs\PUMA_STAGE2_RESEARCH_PROMPTS_1_TO_4\PROMPT_4\RUNS\A3_broken_s43_cv1\config.json,PROMPT_4\ARCHITECTURES\A3\RESULTS\RUNS\A3_broken_s43_cv1\config.json,52105d2831945cc05578eba520da326b9ac7c7b3c16722fa86fbc161abca771a,A3_broken_s43_cv1,43,1,.json
C:\Users\Hngk\Documents\Codex\2026-09-07\use-the-autoresearch-skill-x20-https\outputs\PUMA_STAGE2_RESEARCH_PROMPTS_1_TO_4\PROMPT_4\RUNS\A3_broken_s43_cv1\epoch_01_predictions.npz,PROMPT_4\ARCHITECTURES\A3\RESULTS\RUNS\A3_broken_s43_cv1\epoch_01_predictions.npz,39bd18266b7f94f43c5432a3cefd1f516f1abded268d8643a9342b1af33e5a07,A3_broken_s43_cv1,43,1,.npz
C:\Users\Hngk\Documents\Codex\2026-09-07\use-the-autoresearch-skill-x20-https\outputs\PUMA_STAGE2_RESEARCH_PROMPTS_1_TO_4\PROMPT_4\RUNS\A3_broken_s43_cv1\epoch_02_predictions.npz,PROMPT_4\ARCHITECTURES\A3\RESULTS\RUNS\A3_broken_s43_cv1\epoch_02_predictions.npz,7c68064ed26ea906ac12bd048e316343b2daefb8b61f6047ea0934930fec15dd,A3_broken_s43_cv1,43,1,.npz
C:\Users\Hngk\Documents\Codex\2026-09-07\use-the-autoresearch-skill-x20-https\outputs\PUMA_STAGE2_RESEARCH_PROMPTS_1_TO_4\PROMPT_4\RUNS\A3_broken_s43_cv1\epoch_03_predictions.npz,PROMPT_4\ARCHITECTURES\A3\RESULTS\RUNS\A3_broken_s43_cv1\epoch_03_predictions.npz,81e798cfd3b455582fcff016aa8c5cbef5c9f22ecaa0a7b301afe6358711f808,A3_broken_s43_cv1,43,1,.npz
C:\Users\Hngk\Documents\Codex\2026-09-07\use-the-autoresearch-skill-x20-https\outputs\PUMA_STAGE2_RESEARCH_PROMPTS_1_TO_4\PROMPT_4\RUNS\A3_broken_s43_cv1\epoch_04_predictions.npz,PROMPT_4\ARCHITECTURES\A3\RESULTS\RUNS\A3_broken_s43_cv1\epoch_04_predictions.npz,09f6ffc0b40c36aae4818955e930935cb9a7e11ff318eb4c9a06d2b996a5628c,A3_broken_s43_cv1,43,1,.npz
C:\Users\Hngk\Documents\Codex\2026-09-07\use-the-autoresearch-skill-x20-https\outputs\PUMA_STAGE2_RESEARCH_PROMPTS_1_TO_4\PROMPT_4\RUNS\A3_broken_s43_cv1\epoch_05_predictions.npz,PROMPT_4\ARCHITECTURES\A3\RESULTS\RUNS\A3_broken_s43_cv1\epoch_05_predictions.npz,f01980454a9669de7e0416cba3c65086f1e29b813a9ee5b890e653227d4632df,A3_broken_s43_cv1,43,1,.npz
C:\Users\Hngk\Documents\Codex\2026-09-07\use-the-autoresearch-skill-x20-https\outputs\PUMA_STAGE2_RESEARCH_PROMPTS_1_TO_4\PROMPT_4\RUNS\A3_broken_s43_cv1\epoch_06_predictions.npz,PROMPT_4\ARCHITECTURES\A3\RESULTS\RUNS\A3_broken_s43_cv1\epoch_06_predictions.npz,2bb32aac5763c6b7c27fe7e4368fb660a1cefe8b5d62694f2bd6f674e149dbed,A3_broken_s43_cv1,43,1,.npz
C:\Users\Hngk\Documents\Codex\2026-09-07\use-the-autoresearch-skill-x20-https\outputs\PUMA_STAGE2_RESEARCH_PROMPTS_1_TO_4\PROMPT_4\RUNS\A3_broken_s43_cv1\epoch_07_predictions.npz,PROMPT_4\ARCHITECTURES\A3\RESULTS\RUNS\A3_broken_s43_cv1\epoch_07_predictions.npz,b94f4b52cc9bba6cd48adcc51c7227dc95e63a9dbec878f19eb6c934c5f1d1bf,A3_broken_s43_cv1,43,1,.npz
C:\Users\Hngk\Documents\Codex\2026-09-07\use-the-autoresearch-skill-x20-https\outputs\PUMA_STAGE2_RESEARCH_PROMPTS_1_TO_4\PROMPT_4\RUNS\A3_broken_s43_cv1\epoch_08_predictions.npz,PROMPT_4\ARCHITECTURES\A3\RESULTS\RUNS\A3_broken_s43_cv1\epoch_08_predictions.npz,930617441014f595f5e06bfe9bb62fda468b00c9bed363964dbb290f4b8f1387,A3_broken_s43_cv1,43,1,.npz
C:\Users\Hngk\Documents\Codex\2026-09-07\use-the-autoresearch-skill-x20-https\outputs\PUMA_STAGE2_RESEARCH_PROMPTS_1_TO_4\PROMPT_4\RUNS\A3_broken_s43_cv1\epoch_09_predictions.npz,PROMPT_4\ARCHITECTURES\A3\RESULTS\RUNS\A3_broken_s43_cv1\epoch_09_predictions.npz,4a7c0b1301021a3511026eff178abb4daf15cf7b25b0202d17cf59cac1e9350d,A3_broken_s43_cv1,43,1,.npz
C:\Users\Hngk\Documents\Codex\2026-09-07\use-the-autoresearch-skill-x20-https\outputs\PUMA_STAGE2_RESEARCH_PROMPTS_1_TO_4\PROMPT_4\RUNS\A3_broken_s43_cv1\epoch_10_predictions.npz,PROMPT_4\ARCHITECTURES\A3\RESULTS\RUNS\A3_broken_s43_cv1\epoch_10_predictions.npz,ccca24e21a50e00c307a59d0dacc734c4dc931403e1edd7f4f3cea9f17ed4d57,A3_broken_s43_cv1,43,1,.npz
C:\Users\Hngk\Documents\Codex\2026-09-07\use-the-autoresearch-skill-x20-https\outputs\PUMA_STAGE2_RESEARCH_PROMPTS_1_TO_4\PROMPT_4\RUNS\A3_broken_s43_cv1\final.pt,PROMPT_4\ARCHITECTURES\A3\RESULTS\RUNS\A3_broken_s43_cv1\final.pt,4c8bd0f4d571b99999e3643a40d9aca249416a1b78f23889b6a711b117778538,A3_broken_s43_cv1,43,1,.pt
C:\Users\Hngk\Documents\Codex\2026-09-07\use-the-autoresearch-skill-x20-https\outputs\PUMA_STAGE2_RESEARCH_PROMPTS_1_TO_4\PROMPT_4\RUNS\A3_broken_s43_cv1\history.jsonl,PROMPT_4\ARCHITECTURES\A3\RESULTS\RUNS\A3_broken_s43_cv1\history.jsonl,996fb65b906d9fb37629bd054e51021ee6bb294b0ee69d116240b3b5cfd514af,A3_broken_s43_cv1,43,1,.jsonl
C:\Users\Hngk\Documents\Codex\2026-09-07\use-the-autoresearch-skill-x20-https\outputs\PUMA_STAGE2_RESEARCH_PROMPTS_1_TO_4\PROMPT_4\RUNS\A3_broken_s43_cv1\normalizer.json,PROMPT_4\ARCHITECTURES\A3\RESULTS\RUNS\A3_broken_s43_cv1\normalizer.json,3383fe0635cb468d084e5ebbd6144bb89768f6927f37c55e35b23ba5efd095cb,A3_broken_s43_cv1,43,1,.json
C:\Users\Hngk\Documents\Codex\2026-09-07\use-the-autoresearch-skill-x20-https\outputs\PUMA_STAGE2_RESEARCH_PROMPTS_1_TO_4\PROMPT_4\RUNS\A3_broken_s43_cv1\provenance.json,PROMPT_4\ARCHITECTURES\A3\RESULTS\RUNS\A3_broken_s43_cv1\provenance.json,7037932e85442cc4ceee697232ce9ff6973262dcb598f94bfa91656b91702cf2,A3_broken_s43_cv1,43,1,.json
C:\Users\Hngk\Documents\Codex\2026-09-07\use-the-autoresearch-skill-x20-https\outputs\PUMA_STAGE2_RESEARCH_PROMPTS_1_TO_4\PROMPT_4\RUNS\A3_broken_s43_cv1\summary.json,PROMPT_4\ARCHITECTURES\A3\RESULTS\RUNS\A3_broken_s43_cv1\summary.json,3a41248e0d35594f32dd85b8ad01345e596bd469f4f97a05c1b7d9b1c979b314,A3_broken_s43_cv1,43,1,.json
C:\Users\Hngk\Documents\Codex\2026-09-07\use-the-autoresearch-skill-x20-https\outputs\PUMA_STAGE2_RESEARCH_PROMPTS_1_TO_4\PROMPT_4\RUNS\A3_broken_s43_cv2\batch_history.jsonl,PROMPT_4\ARCHITECTURES\A3\RESULTS\RUNS\A3_broken_s43_cv2\batch_history.jsonl,6952dc5ee92c3fb2614aa1499567ee3ebaf8948ce6e61337f61ec3d1ce83cb18,A3_broken_s43_cv2,43,2,.jsonl
C:\Users\Hngk\Documents\Codex\2026-09-07\use-the-autoresearch-skill-x20-https\outputs\PUMA_STAGE2_RESEARCH_PROMPTS_1_TO_4\PROMPT_4\RUNS\A3_broken_s43_cv2\config.json,PROMPT_4\ARCHITECTURES\A3\RESULTS\RUNS\A3_broken_s43_cv2\config.json,b7aadac55ce9fb2be0a77b59cd7e08d57aa9eea66bcecef4cc0533f4c0a46c9e,A3_broken_s43_cv2,43,2,.json
C:\Users\Hngk\Documents\Codex\2026-09-07\use-the-autoresearch-skill-x20-https\outputs\PUMA_STAGE2_RESEARCH_PROMPTS_1_TO_4\PROMPT_4\RUNS\A3_broken_s43_cv2\epoch_01_predictions.npz,PROMPT_4\ARCHITECTURES\A3\RESULTS\RUNS\A3_broken_s43_cv2\epoch_01_predictions.npz,03626ba03049cc267805da4ecf35db5e36b6fceefa742ecaba2970b017a95c2c,A3_broken_s43_cv2,43,2,.npz
C:\Users\Hngk\Documents\Codex\2026-09-07\use-the-autoresearch-skill-x20-https\outputs\PUMA_STAGE2_RESEARCH_PROMPTS_1_TO_4\PROMPT_4\RUNS\A3_broken_s43_cv2\epoch_02_predictions.npz,PROMPT_4\ARCHITECTURES\A3\RESULTS\RUNS\A3_broken_s43_cv2\epoch_02_predictions.npz,5f153e6ccd6511a113b0b89d3a70eddb0cc378ac42a27033c961d2b48e332367,A3_broken_s43_cv2,43,2,.npz
C:\Users\Hngk\Documents\Codex\2026-09-07\use-the-autoresearch-skill-x20-https\outputs\PUMA_STAGE2_RESEARCH_PROMPTS_1_TO_4\PROMPT_4\RUNS\A3_broken_s43_cv2\epoch_03_predictions.npz,PROMPT_4\ARCHITECTURES\A3\RESULTS\RUNS\A3_broken_s43_cv2\epoch_03_predictions.npz,85b628440a944dfe0e4fb988c537bb9292879dbd77ee6e4bf2a19f569f91ed96,A3_broken_s43_cv2,43,2,.npz
C:\Users\Hngk\Documents\Codex\2026-09-07\use-the-autoresearch-skill-x20-https\outputs\PUMA_STAGE2_RESEARCH_PROMPTS_1_TO_4\PROMPT_4\RUNS\A3_broken_s43_cv2\epoch_04_predictions.npz,PROMPT_4\ARCHITECTURES\A3\RESULTS\RUNS\A3_broken_s43_cv2\epoch_04_predictions.npz,c6a6aee0825e4e5e8570bed20530cb8fba5164ee7551b3164a8b20a9ad96e67a,A3_broken_s43_cv2,43,2,.npz
C:\Users\Hngk\Documents\Codex\2026-09-07\use-the-autoresearch-skill-x20-https\outputs\PUMA_STAGE2_RESEARCH_PROMPTS_1_TO_4\PROMPT_4\RUNS\A3_broken_s43_cv2\epoch_05_predictions.npz,PROMPT_4\ARCHITECTURES\A3\RESULTS\RUNS\A3_broken_s43_cv2\epoch_05_predictions.npz,276ef43a6e05c0f2bdeb1becc7b5aeae5951c127385b50fe7af6e520caaa55db,A3_broken_s43_cv2,43,2,.npz
C:\Users\Hngk\Documents\Codex\2026-09-07\use-the-autoresearch-skill-x20-https\outputs\PUMA_STAGE2_RESEARCH_PROMPTS_1_TO_4\PROMPT_4\RUNS\A3_broken_s43_cv2\epoch_06_predictions.npz,PROMPT_4\ARCHITECTURES\A3\RESULTS\RUNS\A3_broken_s43_cv2\epoch_06_predictions.npz,a8d8e4e0481b290ee09cb858f9fee33c4437b91ae2c911d1e29d698902b5cff2,A3_broken_s43_cv2,43,2,.npz
C:\Users\Hngk\Documents\Codex\2026-09-07\use-the-autoresearch-skill-x20-https\outputs\PUMA_STAGE2_RESEARCH_PROMPTS_1_TO_4\PROMPT_4\RUNS\A3_broken_s43_cv2\epoch_07_predictions.npz,PROMPT_4\ARCHITECTURES\A3\RESULTS\RUNS\A3_broken_s43_cv2\epoch_07_predictions.npz,83cf188e54e63946f80b35e0783f1f939fd409e4535bb77c168b3349eadb29ac,A3_broken_s43_cv2,43,2,.npz
C:\Users\Hngk\Documents\Codex\2026-09-07\use-the-autoresearch-skill-x20-https\outputs\PUMA_STAGE2_RESEARCH_PROMPTS_1_TO_4\PROMPT_4\RUNS\A3_broken_s43_cv2\epoch_08_predictions.npz,PROMPT_4\ARCHITECTURES\A3\RESULTS\RUNS\A3_broken_s43_cv2\epoch_08_predictions.npz,6a3dd1a9124c579db468bba292da5740517e31e39efbb77847fb4b7249d7ecd7,A3_broken_s43_cv2,43,2,.npz
C:\Users\Hngk\Documents\Codex\2026-09-07\use-the-autoresearch-skill-x20-https\outputs\PUMA_STAGE2_RESEARCH_PROMPTS_1_TO_4\PROMPT_4\RUNS\A3_broken_s43_cv2\epoch_09_predictions.npz,PROMPT_4\ARCHITECTURES\A3\RESULTS\RUNS\A3_broken_s43_cv2\epoch_09_predictions.npz,471079629a643e1d8c177145b5b742d69bd31d7bac84cd1cf88a2048ffbe8abb,A3_broken_s43_cv2,43,2,.npz
C:\Users\Hngk\Documents\Codex\2026-09-07\use-the-autoresearch-skill-x20-https\outputs\PUMA_STAGE2_RESEARCH_PROMPTS_1_TO_4\PROMPT_4\RUNS\A3_broken_s43_cv2\epoch_10_predictions.npz,PROMPT_4\ARCHITECTURES\A3\RESULTS\RUNS\A3_broken_s43_cv2\epoch_10_predictions.npz,479a5b2bcf1aafd424862f07b4336cdda31132959af4cb7ca9301c704653b798,A3_broken_s43_cv2,43,2,.npz
C:\Users\Hngk\Documents\Codex\2026-09-07\use-the-autoresearch-skill-x20-https\outputs\PUMA_STAGE2_RESEARCH_PROMPTS_1_TO_4\PROMPT_4\RUNS\A3_broken_s43_cv2\final.pt,PROMPT_4\ARCHITECTURES\A3\RESULTS\RUNS\A3_broken_s43_cv2\final.pt,451f3138abdb51cc303b5111286952a6a156dd50439443b27f5877c5fc52b57f,A3_broken_s43_cv2,43,2,.pt
C:\Users\Hngk\Documents\Codex\2026-09-07\use-the-autoresearch-skill-x20-https\outputs\PUMA_STAGE2_RESEARCH_PROMPTS_1_TO_4\PROMPT_4\RUNS\A3_broken_s43_cv2\history.jsonl,PROMPT_4\ARCHITECTURES\A3\RESULTS\RUNS\A3_broken_s43_cv2\history.jsonl,148c73634135cc63e0c5b45b13c76f71b267ac6007eab53868fe793f853c6ed2,A3_broken_s43_cv2,43,2,.jsonl
C:\Users\Hngk\Documents\Codex\2026-09-07\use-the-autoresearch-skill-x20-https\outputs\PUMA_STAGE2_RESEARCH_PROMPTS_1_TO_4\PROMPT_4\RUNS\A3_broken_s43_cv2\normalizer.json,PROMPT_4\ARCHITECTURES\A3\RESULTS\RUNS\A3_broken_s43_cv2\normalizer.json,96d50de899d030d0814f1b1de6a785fda82d824637a9237bf0cd5ed8f713a28b,A3_broken_s43_cv2,43,2,.json
C:\Users\Hngk\Documents\Codex\2026-09-07\use-the-autoresearch-skill-x20-https\outputs\PUMA_STAGE2_RESEARCH_PROMPTS_1_TO_4\PROMPT_4\RUNS\A3_broken_s43_cv2\provenance.json,PROMPT_4\ARCHITECTURES\A3\RESULTS\RUNS\A3_broken_s43_cv2\provenance.json,2984682119ec70654e384dfffac1b817fd04cb6a04ab73f9eef52ed05f9e1497,A3_broken_s43_cv2,43,2,.json
C:\Users\Hngk\Documents\Codex\2026-09-07\use-the-autoresearch-skill-x20-https\outputs\PUMA_STAGE2_RESEARCH_PROMPTS_1_TO_4\PROMPT_4\RUNS\A3_broken_s43_cv2\summary.json,PROMPT_4\ARCHITECTURES\A3\RESULTS\RUNS\A3_broken_s43_cv2\summary.json,3c761ff1150730194cf48f87678ef2c1013a36721b2a8597c5bf36d5bdde875f,A3_broken_s43_cv2,43,2,.json
C:\Users\Hngk\Documents\Codex\2026-09-07\use-the-autoresearch-skill-x20-https\outputs\PUMA_STAGE2_RESEARCH_PROMPTS_1_TO_4\PROMPT_4\RUNS\A3_s17_cv0\batch_history.jsonl,PROMPT_4\ARCHITECTURES\A3\RESULTS\RUNS\A3_s17_cv0\batch_history.jsonl,2940fd446c7de942687cb26b204aaa5335711afc837f5f43fe344f2a3bc42d21,A3_s17_cv0,17,0,.jsonl
C:\Users\Hngk\Documents\Codex\2026-09-07\use-the-autoresearch-skill-x20-https\outputs\PUMA_STAGE2_RESEARCH_PROMPTS_1_TO_4\PROMPT_4\RUNS\A3_s17_cv0\config.json,PROMPT_4\ARCHITECTURES\A3\RESULTS\RUNS\A3_s17_cv0\config.json,1242b1eab17b66a9d823c45265142ed39d39edb7d0e696a28195601176b66ef1,A3_s17_cv0,17,0,.json
C:\Users\Hngk\Documents\Codex\2026-09-07\use-the-autoresearch-skill-x20-https\outputs\PUMA_STAGE2_RESEARCH_PROMPTS_1_TO_4\PROMPT_4\RUNS\A3_s17_cv0\epoch_01_predictions.npz,PROMPT_4\ARCHITECTURES\A3\RESULTS\RUNS\A3_s17_cv0\epoch_01_predictions.npz,4c2200e4aa33147c6f279739c28df5c8680350d3c1e018f7517d1071f1d7cbd4,A3_s17_cv0,17,0,.npz
C:\Users\Hngk\Documents\Codex\2026-09-07\use-the-autoresearch-skill-x20-https\outputs\PUMA_STAGE2_RESEARCH_PROMPTS_1_TO_4\PROMPT_4\RUNS\A3_s17_cv0\epoch_02_predictions.npz,PROMPT_4\ARCHITECTURES\A3\RESULTS\RUNS\A3_s17_cv0\epoch_02_predictions.npz,05bf0ea1a74cebb6c7e5d01759af05db4569354112fd143cbdf6c30df462b274,A3_s17_cv0,17,0,.npz
C:\Users\Hngk\Documents\Codex\2026-09-07\use-the-autoresearch-skill-x20-https\outputs\PUMA_STAGE2_RESEARCH_PROMPTS_1_TO_4\PROMPT_4\RUNS\A3_s17_cv0\epoch_03_predictions.npz,PROMPT_4\ARCHITECTURES\A3\RESULTS\RUNS\A3_s17_cv0\epoch_03_predictions.npz,eda7c9f5c63540c16dfbc006a5ebca803f8ad1ab5f53ecc3d4509f3597ee477e,A3_s17_cv0,17,0,.npz
C:\Users\Hngk\Documents\Codex\2026-09-07\use-the-autoresearch-skill-x20-https\outputs\PUMA_STAGE2_RESEARCH_PROMPTS_1_TO_4\PROMPT_4\RUNS\A3_s17_cv0\epoch_04_predictions.npz,PROMPT_4\ARCHITECTURES\A3\RESULTS\RUNS\A3_s17_cv0\epoch_04_predictions.npz,537f2cadd0530e10a5ac80598c2e80c6e612b376384ac9f2d969dd35b89c24a0,A3_s17_cv0,17,0,.npz
C:\Users\Hngk\Documents\Codex\2026-09-07\use-the-autoresearch-skill-x20-https\outputs\PUMA_STAGE2_RESEARCH_PROMPTS_1_TO_4\PROMPT_4\RUNS\A3_s17_cv0\epoch_05_predictions.npz,PROMPT_4\ARCHITECTURES\A3\RESULTS\RUNS\A3_s17_cv0\epoch_05_predictions.npz,a705d71fd9d002ce3cd99b70284608a5b4176c642bbe19d66f1db9f9ed3ffce2,A3_s17_cv0,17,0,.npz
C:\Users\Hngk\Documents\Codex\2026-09-07\use-the-autoresearch-skill-x20-https\outputs\PUMA_STAGE2_RESEARCH_PROMPTS_1_TO_4\PROMPT_4\RUNS\A3_s17_cv0\epoch_06_predictions.npz,PROMPT_4\ARCHITECTURES\A3\RESULTS\RUNS\A3_s17_cv0\epoch_06_predictions.npz,536aa1b93bd81d63709a9d6230d601af136798ce900ab3e7160a00b0057c9756,A3_s17_cv0,17,0,.npz
C:\Users\Hngk\Documents\Codex\2026-09-07\use-the-autoresearch-skill-x20-https\outputs\PUMA_STAGE2_RESEARCH_PROMPTS_1_TO_4\PROMPT_4\RUNS\A3_s17_cv0\epoch_07_predictions.npz,PROMPT_4\ARCHITECTURES\A3\RESULTS\RUNS\A3_s17_cv0\epoch_07_predictions.npz,6166eaa1b091f702a0539ff7587e3a389eb00ac7e06f4b6a859d097e73f7612d,A3_s17_cv0,17,0,.npz
C:\Users\Hngk\Documents\Codex\2026-09-07\use-the-autoresearch-skill-x20-https\outputs\PUMA_STAGE2_RESEARCH_PROMPTS_1_TO_4\PROMPT_4\RUNS\A3_s17_cv0\epoch_08_predictions.npz,PROMPT_4\ARCHITECTURES\A3\RESULTS\RUNS\A3_s17_cv0\epoch_08_predictions.npz,8dc29b7410756400d7d467eb4c4e856ae476058b9d0665127fa494d4b6cdbee2,A3_s17_cv0,17,0,.npz
C:\Users\Hngk\Documents\Codex\2026-09-07\use-the-autoresearch-skill-x20-https\outputs\PUMA_STAGE2_RESEARCH_PROMPTS_1_TO_4\PROMPT_4\RUNS\A3_s17_cv0\epoch_09_predictions.npz,PROMPT_4\ARCHITECTURES\A3\RESULTS\RUNS\A3_s17_cv0\epoch_09_predictions.npz,cdf7c623552f9d36933331dda66cd7e77055de6220f6626335c9622f2a29e45c,A3_s17_cv0,17,0,.npz
C:\Users\Hngk\Documents\Codex\2026-09-07\use-the-autoresearch-skill-x20-https\outputs\PUMA_STAGE2_RESEARCH_PROMPTS_1_TO_4\PROMPT_4\RUNS\A3_s17_cv0\epoch_10_predictions.npz,PROMPT_4\ARCHITECTURES\A3\RESULTS\RUNS\A3_s17_cv0\epoch_10_predictions.npz,ec8cc74ba140a493d9900fa96ab153766aace4a4ed8d6d7899daf92a69018b15,A3_s17_cv0,17,0,.npz
C:\Users\Hngk\Documents\Codex\2026-09-07\use-the-autoresearch-skill-x20-https\outputs\PUMA_STAGE2_RESEARCH_PROMPTS_1_TO_4\PROMPT_4\RUNS\A3_s17_cv0\final.pt,PROMPT_4\ARCHITECTURES\A3\RESULTS\RUNS\A3_s17_cv0\final.pt,3955e1fd65274bf09c72e25b6e794c8ea0da9a8f178435aafd926c30da29110a,A3_s17_cv0,17,0,.pt
C:\Users\Hngk\Documents\Codex\2026-09-07\use-the-autoresearch-skill-x20-https\outputs\PUMA_STAGE2_RESEARCH_PROMPTS_1_TO_4\PROMPT_4\RUNS\A3_s17_cv0\history.jsonl,PROMPT_4\ARCHITECTURES\A3\RESULTS\RUNS\A3_s17_cv0\history.jsonl,b81bec4ad57e60b94363cd5c33eb349851e3a4104976a03c9f25fbbb6d823fb1,A3_s17_cv0,17,0,.jsonl
C:\Users\Hngk\Documents\Codex\2026-09-07\use-the-autoresearch-skill-x20-https\outputs\PUMA_STAGE2_RESEARCH_PROMPTS_1_TO_4\PROMPT_4\RUNS\A3_s17_cv0\normalizer.json,PROMPT_4\ARCHITECTURES\A3\RESULTS\RUNS\A3_s17_cv0\normalizer.json,f75d5e56dcca6f2ff7aa13358de835631b823bbc37b6b08d02983940eb5ee49c,A3_s17_cv0,17,0,.json
C:\Users\Hngk\Documents\Codex\2026-09-07\use-the-autoresearch-skill-x20-https\outputs\PUMA_STAGE2_RESEARCH_PROMPTS_1_TO_4\PROMPT_4\RUNS\A3_s17_cv0\provenance.json,PROMPT_4\ARCHITECTURES\A3\RESULTS\RUNS\A3_s17_cv0\provenance.json,c8f3698c8e46b5b6287d5c81e91c1565416f82132fc6c5d051f9fa80bb22841c,A3_s17_cv0,17,0,.json
C:\Users\Hngk\Documents\Codex\2026-09-07\use-the-autoresearch-skill-x20-https\outputs\PUMA_STAGE2_RESEARCH_PROMPTS_1_TO_4\PROMPT_4\RUNS\A3_s17_cv0\summary.json,PROMPT_4\ARCHITECTURES\A3\RESULTS\RUNS\A3_s17_cv0\summary.json,29f3c73b5e0680d956652b7baf6298165e0266f2cbeb1d627ab1571758809e8e,A3_s17_cv0,17,0,.json
C:\Users\Hngk\Documents\Codex\2026-09-07\use-the-autoresearch-skill-x20-https\outputs\PUMA_STAGE2_RESEARCH_PROMPTS_1_TO_4\PROMPT_4\RUNS\A3_s17_cv1\batch_history.jsonl,PROMPT_4\ARCHITECTURES\A3\RESULTS\RUNS\A3_s17_cv1\batch_history.jsonl,05484e761ace05bca4cdd23eb167bf03e019fcd4522caefb24a2262df5f58d98,A3_s17_cv1,17,1,.jsonl
C:\Users\Hngk\Documents\Codex\2026-09-07\use-the-autoresearch-skill-x20-https\outputs\PUMA_STAGE2_RESEARCH_PROMPTS_1_TO_4\PROMPT_4\RUNS\A3_s17_cv1\config.json,PROMPT_4\ARCHITECTURES\A3\RESULTS\RUNS\A3_s17_cv1\config.json,0bc86edddc6122143e9dc26eaa93bc08869b7a5e48ef67cae1428d18dfd77331,A3_s17_cv1,17,1,.json
C:\Users\Hngk\Documents\Codex\2026-09-07\use-the-autoresearch-skill-x20-https\outputs\PUMA_STAGE2_RESEARCH_PROMPTS_1_TO_4\PROMPT_4\RUNS\A3_s17_cv1\epoch_01_predictions.npz,PROMPT_4\ARCHITECTURES\A3\RESULTS\RUNS\A3_s17_cv1\epoch_01_predictions.npz,a169a0b9bf812d8af85ab322b950e957a3a9e3ebef5459e259aa315ad2790921,A3_s17_cv1,17,1,.npz
C:\Users\Hngk\Documents\Codex\2026-09-07\use-the-autoresearch-skill-x20-https\outputs\PUMA_STAGE2_RESEARCH_PROMPTS_1_TO_4\PROMPT_4\RUNS\A3_s17_cv1\epoch_02_predictions.npz,PROMPT_4\ARCHITECTURES\A3\RESULTS\RUNS\A3_s17_cv1\epoch_02_predictions.npz,dd396b7191b0ec7bdf89fe92d77e702f4c98ca546dc75b377045d2911a65cee9,A3_s17_cv1,17,1,.npz
C:\Users\Hngk\Documents\Codex\2026-09-07\use-the-autoresearch-skill-x20-https\outputs\PUMA_STAGE2_RESEARCH_PROMPTS_1_TO_4\PROMPT_4\RUNS\A3_s17_cv1\epoch_03_predictions.npz,PROMPT_4\ARCHITECTURES\A3\RESULTS\RUNS\A3_s17_cv1\epoch_03_predictions.npz,73e3f91991575ae3a855d5a0518a75fce47e27aff9b64aa20c25a28267ca6b28,A3_s17_cv1,17,1,.npz
C:\Users\Hngk\Documents\Codex\2026-09-07\use-the-autoresearch-skill-x20-https\outputs\PUMA_STAGE2_RESEARCH_PROMPTS_1_TO_4\PROMPT_4\RUNS\A3_s17_cv1\epoch_04_predictions.npz,PROMPT_4\ARCHITECTURES\A3\RESULTS\RUNS\A3_s17_cv1\epoch_04_predictions.npz,8eff9458eeae23acc218914a9a3943dbd2e292b9a9fa7d90911eb76e0df988ac,A3_s17_cv1,17,1,.npz
C:\Users\Hngk\Documents\Codex\2026-09-07\use-the-autoresearch-skill-x20-https\outputs\PUMA_STAGE2_RESEARCH_PROMPTS_1_TO_4\PROMPT_4\RUNS\A3_s17_cv1\epoch_05_predictions.npz,PROMPT_4\ARCHITECTURES\A3\RESULTS\RUNS\A3_s17_cv1\epoch_05_predictions.npz,cf539985bef5259176c1cf264dd90a81ca5357085a2cbf9d4ca60cca7df45c4b,A3_s17_cv1,17,1,.npz
C:\Users\Hngk\Documents\Codex\2026-09-07\use-the-autoresearch-skill-x20-https\outputs\PUMA_STAGE2_RESEARCH_PROMPTS_1_TO_4\PROMPT_4\RUNS\A3_s17_cv1\epoch_06_predictions.npz,PROMPT_4\ARCHITECTURES\A3\RESULTS\RUNS\A3_s17_cv1\epoch_06_predictions.npz,d22a4a403cfad0d8c83c3f037edab3f1c8df1ba9d1479af06c7a3430916c789e,A3_s17_cv1,17,1,.npz
C:\Users\Hngk\Documents\Codex\2026-09-07\use-the-autoresearch-skill-x20-https\outputs\PUMA_STAGE2_RESEARCH_PROMPTS_1_TO_4\PROMPT_4\RUNS\A3_s17_cv1\epoch_07_predictions.npz,PROMPT_4\ARCHITECTURES\A3\RESULTS\RUNS\A3_s17_cv1\epoch_07_predictions.npz,8cdd7e4bce71052b5e3ac754bf4211163ced254d32d359a3b4191e9f4fe63eeb,A3_s17_cv1,17,1,.npz
C:\Users\Hngk\Documents\Codex\2026-09-07\use-the-autoresearch-skill-x20-https\outputs\PUMA_STAGE2_RESEARCH_PROMPTS_1_TO_4\PROMPT_4\RUNS\A3_s17_cv1\epoch_08_predictions.npz,PROMPT_4\ARCHITECTURES\A3\RESULTS\RUNS\A3_s17_cv1\epoch_08_predictions.npz,8d607c49b813f78994c792089d6f8cb86389c70ca3d042e93267270540944566,A3_s17_cv1,17,1,.npz
C:\Users\Hngk\Documents\Codex\2026-09-07\use-the-autoresearch-skill-x20-https\outputs\PUMA_STAGE2_RESEARCH_PROMPTS_1_TO_4\PROMPT_4\RUNS\A3_s17_cv1\epoch_09_predictions.npz,PROMPT_4\ARCHITECTURES\A3\RESULTS\RUNS\A3_s17_cv1\epoch_09_predictions.npz,4ed339cd231d8a6116189763892c01936d01119810a3fa508d1669e8c3e0e9fb,A3_s17_cv1,17,1,.npz
C:\Users\Hngk\Documents\Codex\2026-09-07\use-the-autoresearch-skill-x20-https\outputs\PUMA_STAGE2_RESEARCH_PROMPTS_1_TO_4\PROMPT_4\RUNS\A3_s17_cv1\epoch_10_predictions.npz,PROMPT_4\ARCHITECTURES\A3\RESULTS\RUNS\A3_s17_cv1\epoch_10_predictions.npz,8d97ef7c8edc782404f2e379188c484bc75b99a716cdee2aecec9141819a181f,A3_s17_cv1,17,1,.npz
C:\Users\Hngk\Documents\Codex\2026-09-07\use-the-autoresearch-skill-x20-https\outputs\PUMA_STAGE2_RESEARCH_PROMPTS_1_TO_4\PROMPT_4\RUNS\A3_s17_cv1\final.pt,PROMPT_4\ARCHITECTURES\A3\RESULTS\RUNS\A3_s17_cv1\final.pt,9278ac55a477cb62e6e1dcd465c9290f59e9856b143524636550a00738a1f8ba,A3_s17_cv1,17,1,.pt
C:\Users\Hngk\Documents\Codex\2026-09-07\use-the-autoresearch-skill-x20-https\outputs\PUMA_STAGE2_RESEARCH_PROMPTS_1_TO_4\PROMPT_4\RUNS\A3_s17_cv1\history.jsonl,PROMPT_4\ARCHITECTURES\A3\RESULTS\RUNS\A3_s17_cv1\history.jsonl,9178f20dcceaa52c47093a130f7b5b190e237715c36a91739c56936366fa06f0,A3_s17_cv1,17,1,.jsonl
C:\Users\Hngk\Documents\Codex\2026-09-07\use-the-autoresearch-skill-x20-https\outputs\PUMA_STAGE2_RESEARCH_PROMPTS_1_TO_4\PROMPT_4\RUNS\A3_s17_cv1\normalizer.json,PROMPT_4\ARCHITECTURES\A3\RESULTS\RUNS\A3_s17_cv1\normalizer.json,3383fe0635cb468d084e5ebbd6144bb89768f6927f37c55e35b23ba5efd095cb,A3_s17_cv1,17,1,.json
C:\Users\Hngk\Documents\Codex\2026-09-07\use-the-autoresearch-skill-x20-https\outputs\PUMA_STAGE2_RESEARCH_PROMPTS_1_TO_4\PROMPT_4\RUNS\A3_s17_cv1\provenance.json,PROMPT_4\ARCHITECTURES\A3\RESULTS\RUNS\A3_s17_cv1\provenance.json,aa3894d9969f1cc58c03d5e7080a3d3e26b35ce8232a07733ad3b623e29f871c,A3_s17_cv1,17,1,.json
C:\Users\Hngk\Documents\Codex\2026-09-07\use-the-autoresearch-skill-x20-https\outputs\PUMA_STAGE2_RESEARCH_PROMPTS_1_TO_4\PROMPT_4\RUNS\A3_s17_cv1\summary.json,PROMPT_4\ARCHITECTURES\A3\RESULTS\RUNS\A3_s17_cv1\summary.json,029ecd5d2d382c3d154123a2e385e189d216f34ff4f2109aee6599e9b7344851,A3_s17_cv1,17,1,.json
C:\Users\Hngk\Documents\Codex\2026-09-07\use-the-autoresearch-skill-x20-https\outputs\PUMA_STAGE2_RESEARCH_PROMPTS_1_TO_4\PROMPT_4\RUNS\A3_s17_cv2\batch_history.jsonl,PROMPT_4\ARCHITECTURES\A3\RESULTS\RUNS\A3_s17_cv2\batch_history.jsonl,b06a7d3c50e133e7fef8c91296418a08bf3419fb74080a9f08066f9bfdc5f247,A3_s17_cv2,17,2,.jsonl
C:\Users\Hngk\Documents\Codex\2026-09-07\use-the-autoresearch-skill-x20-https\outputs\PUMA_STAGE2_RESEARCH_PROMPTS_1_TO_4\PROMPT_4\RUNS\A3_s17_cv2\config.json,PROMPT_4\ARCHITECTURES\A3\RESULTS\RUNS\A3_s17_cv2\config.json,66a412ef7d8ae2c84d2c0fe582ee708a35c3de44c4ba2d9671041b7f455a955a,A3_s17_cv2,17,2,.json
C:\Users\Hngk\Documents\Codex\2026-09-07\use-the-autoresearch-skill-x20-https\outputs\PUMA_STAGE2_RESEARCH_PROMPTS_1_TO_4\PROMPT_4\RUNS\A3_s17_cv2\epoch_01_predictions.npz,PROMPT_4\ARCHITECTURES\A3\RESULTS\RUNS\A3_s17_cv2\epoch_01_predictions.npz,74265867ce78896e6cbb897e475b7913f97fcba8d59245857ff0336f5d10f90a,A3_s17_cv2,17,2,.npz
C:\Users\Hngk\Documents\Codex\2026-09-07\use-the-autoresearch-skill-x20-https\outputs\PUMA_STAGE2_RESEARCH_PROMPTS_1_TO_4\PROMPT_4\RUNS\A3_s17_cv2\epoch_02_predictions.npz,PROMPT_4\ARCHITECTURES\A3\RESULTS\RUNS\A3_s17_cv2\epoch_02_predictions.npz,4545301ea3e29cdabbb742ad3f8ee448323b9c066330a013d8136c2a539fd3b8,A3_s17_cv2,17,2,.npz
C:\Users\Hngk\Documents\Codex\2026-09-07\use-the-autoresearch-skill-x20-https\outputs\PUMA_STAGE2_RESEARCH_PROMPTS_1_TO_4\PROMPT_4\RUNS\A3_s17_cv2\epoch_03_predictions.npz,PROMPT_4\ARCHITECTURES\A3\RESULTS\RUNS\A3_s17_cv2\epoch_03_predictions.npz,1bb5ae20472520afa9d3732da6f48d08818196625401c75f60083c56cca023eb,A3_s17_cv2,17,2,.npz
C:\Users\Hngk\Documents\Codex\2026-09-07\use-the-autoresearch-skill-x20-https\outputs\PUMA_STAGE2_RESEARCH_PROMPTS_1_TO_4\PROMPT_4\RUNS\A3_s17_cv2\epoch_04_predictions.npz,PROMPT_4\ARCHITECTURES\A3\RESULTS\RUNS\A3_s17_cv2\epoch_04_predictions.npz,b4fe850d2c754316aabb06245e2ac5699df166f7c7c16adae269aee5d10d0568,A3_s17_cv2,17,2,.npz
C:\Users\Hngk\Documents\Codex\2026-09-07\use-the-autoresearch-skill-x20-https\outputs\PUMA_STAGE2_RESEARCH_PROMPTS_1_TO_4\PROMPT_4\RUNS\A3_s17_cv2\epoch_05_predictions.npz,PROMPT_4\ARCHITECTURES\A3\RESULTS\RUNS\A3_s17_cv2\epoch_05_predictions.npz,4afe052357165028c13df42473ee54331842ec20ed29bfc668db055151fa4fef,A3_s17_cv2,17,2,.npz
C:\Users\Hngk\Documents\Codex\2026-09-07\use-the-autoresearch-skill-x20-https\outputs\PUMA_STAGE2_RESEARCH_PROMPTS_1_TO_4\PROMPT_4\RUNS\A3_s17_cv2\epoch_06_predictions.npz,PROMPT_4\ARCHITECTURES\A3\RESULTS\RUNS\A3_s17_cv2\epoch_06_predictions.npz,aeae4b9bd672d6cf034754ad4a744b3e689d819ebe1fa060881381a82777cded,A3_s17_cv2,17,2,.npz
C:\Users\Hngk\Documents\Codex\2026-09-07\use-the-autoresearch-skill-x20-https\outputs\PUMA_STAGE2_RESEARCH_PROMPTS_1_TO_4\PROMPT_4\RUNS\A3_s17_cv2\epoch_07_predictions.npz,PROMPT_4\ARCHITECTURES\A3\RESULTS\RUNS\A3_s17_cv2\epoch_07_predictions.npz,b2eedad65c3fd706008112045f9d15fcde1d7870f6007225724e19de9e92f3cb,A3_s17_cv2,17,2,.npz
C:\Users\Hngk\Documents\Codex\2026-09-07\use-the-autoresearch-skill-x20-https\outputs\PUMA_STAGE2_RESEARCH_PROMPTS_1_TO_4\PROMPT_4\RUNS\A3_s17_cv2\epoch_08_predictions.npz,PROMPT_4\ARCHITECTURES\A3\RESULTS\RUNS\A3_s17_cv2\epoch_08_predictions.npz,a2e4ffe57baa3faca523873154e5119e56e413063894dd327d364d263e27259f,A3_s17_cv2,17,2,.npz
C:\Users\Hngk\Documents\Codex\2026-09-07\use-the-autoresearch-skill-x20-https\outputs\PUMA_STAGE2_RESEARCH_PROMPTS_1_TO_4\PROMPT_4\RUNS\A3_s17_cv2\epoch_09_predictions.npz,PROMPT_4\ARCHITECTURES\A3\RESULTS\RUNS\A3_s17_cv2\epoch_09_predictions.npz,9926a1e7e799c8165443854b8a041b36ea607a08cd262405dfeebd2a68dc4267,A3_s17_cv2,17,2,.npz
C:\Users\Hngk\Documents\Codex\2026-09-07\use-the-autoresearch-skill-x20-https\outputs\PUMA_STAGE2_RESEARCH_PROMPTS_1_TO_4\PROMPT_4\RUNS\A3_s17_cv2\epoch_10_predictions.npz,PROMPT_4\ARCHITECTURES\A3\RESULTS\RUNS\A3_s17_cv2\epoch_10_predictions.npz,2cd0f35156576bc60b9a146e00c7fb6d082fcbcc6bc4e95de54841b06d4a3e2e,A3_s17_cv2,17,2,.npz
C:\Users\Hngk\Documents\Codex\2026-09-07\use-the-autoresearch-skill-x20-https\outputs\PUMA_STAGE2_RESEARCH_PROMPTS_1_TO_4\PROMPT_4\RUNS\A3_s17_cv2\final.pt,PROMPT_4\ARCHITECTURES\A3\RESULTS\RUNS\A3_s17_cv2\final.pt,7b23e404c3bfe32e06775c5054f0d7fdd46159226f0063b1be2ce3c97c66302b,A3_s17_cv2,17,2,.pt
C:\Users\Hngk\Documents\Codex\2026-09-07\use-the-autoresearch-skill-x20-https\outputs\PUMA_STAGE2_RESEARCH_PROMPTS_1_TO_4\PROMPT_4\RUNS\A3_s17_cv2\history.jsonl,PROMPT_4\ARCHITECTURES\A3\RESULTS\RUNS\A3_s17_cv2\history.jsonl,460c1188b61c45c81c0365eb964bcb97296ff672790a8b01612a5b203596af0f,A3_s17_cv2,17,2,.jsonl
C:\Users\Hngk\Documents\Codex\2026-09-07\use-the-autoresearch-skill-x20-https\outputs\PUMA_STAGE2_RESEARCH_PROMPTS_1_TO_4\PROMPT_4\RUNS\A3_s17_cv2\normalizer.json,PROMPT_4\ARCHITECTURES\A3\RESULTS\RUNS\A3_s17_cv2\normalizer.json,96d50de899d030d0814f1b1de6a785fda82d824637a9237bf0cd5ed8f713a28b,A3_s17_cv2,17,2,.json
C:\Users\Hngk\Documents\Codex\2026-09-07\use-the-autoresearch-skill-x20-https\outputs\PUMA_STAGE2_RESEARCH_PROMPTS_1_TO_4\PROMPT_4\RUNS\A3_s17_cv2\provenance.json,PROMPT_4\ARCHITECTURES\A3\RESULTS\RUNS\A3_s17_cv2\provenance.json,1d4b7098dbde81b7e66d6cfaa0cbbd0f51c6201a36d304d533b76db12723210f,A3_s17_cv2,17,2,.json
C:\Users\Hngk\Documents\Codex\2026-09-07\use-the-autoresearch-skill-x20-https\outputs\PUMA_STAGE2_RESEARCH_PROMPTS_1_TO_4\PROMPT_4\RUNS\A3_s17_cv2\summary.json,PROMPT_4\ARCHITECTURES\A3\RESULTS\RUNS\A3_s17_cv2\summary.json,11eb1dddc30d8be960f5bc2cb517b44911ebac2859ca2b0c5644d3131b576573,A3_s17_cv2,17,2,.json
C:\Users\Hngk\Documents\Codex\2026-09-07\use-the-autoresearch-skill-x20-https\outputs\PUMA_STAGE2_RESEARCH_PROMPTS_1_TO_4\PROMPT_4\RUNS\A3_s29_cv0\batch_history.jsonl,PROMPT_4\ARCHITECTURES\A3\RESULTS\RUNS\A3_s29_cv0\batch_history.jsonl,48fa5062b3bcc020830c2fd5f0072d03a7a687c253f026443123a91d8296b67b,A3_s29_cv0,29,0,.jsonl
C:\Users\Hngk\Documents\Codex\2026-09-07\use-the-autoresearch-skill-x20-https\outputs\PUMA_STAGE2_RESEARCH_PROMPTS_1_TO_4\PROMPT_4\RUNS\A3_s29_cv0\config.json,PROMPT_4\ARCHITECTURES\A3\RESULTS\RUNS\A3_s29_cv0\config.json,82782263a5464aa58a96a10c1e4b0ec52e078ac3a8ba713c617aa4f1024994f0,A3_s29_cv0,29,0,.json
C:\Users\Hngk\Documents\Codex\2026-09-07\use-the-autoresearch-skill-x20-https\outputs\PUMA_STAGE2_RESEARCH_PROMPTS_1_TO_4\PROMPT_4\RUNS\A3_s29_cv0\epoch_01_predictions.npz,PROMPT_4\ARCHITECTURES\A3\RESULTS\RUNS\A3_s29_cv0\epoch_01_predictions.npz,f507e5d3ca8d57399066a481d80ed0d512663749f77fb2896e50e816be0384f3,A3_s29_cv0,29,0,.npz
C:\Users\Hngk\Documents\Codex\2026-09-07\use-the-autoresearch-skill-x20-https\outputs\PUMA_STAGE2_RESEARCH_PROMPTS_1_TO_4\PROMPT_4\RUNS\A3_s29_cv0\epoch_02_predictions.npz,PROMPT_4\ARCHITECTURES\A3\RESULTS\RUNS\A3_s29_cv0\epoch_02_predictions.npz,5ce50a81e50397117bb75fd6641494b231712979309eaf2f42d6e332e587fcc5,A3_s29_cv0,29,0,.npz
C:\Users\Hngk\Documents\Codex\2026-09-07\use-the-autoresearch-skill-x20-https\outputs\PUMA_STAGE2_RESEARCH_PROMPTS_1_TO_4\PROMPT_4\RUNS\A3_s29_cv0\epoch_03_predictions.npz,PROMPT_4\ARCHITECTURES\A3\RESULTS\RUNS\A3_s29_cv0\epoch_03_predictions.npz,5144258e243a88d60887e0bf43c42a16e46f2a00d6bbca3d6f6cb631b23d68af,A3_s29_cv0,29,0,.npz
C:\Users\Hngk\Documents\Codex\2026-09-07\use-the-autoresearch-skill-x20-https\outputs\PUMA_STAGE2_RESEARCH_PROMPTS_1_TO_4\PROMPT_4\RUNS\A3_s29_cv0\epoch_04_predictions.npz,PROMPT_4\ARCHITECTURES\A3\RESULTS\RUNS\A3_s29_cv0\epoch_04_predictions.npz,1537dbae988771729c677ba8825ce50a5cb6609dbf4e59ae4276384d7794f875,A3_s29_cv0,29,0,.npz
C:\Users\Hngk\Documents\Codex\2026-09-07\use-the-autoresearch-skill-x20-https\outputs\PUMA_STAGE2_RESEARCH_PROMPTS_1_TO_4\PROMPT_4\RUNS\A3_s29_cv0\epoch_05_predictions.npz,PROMPT_4\ARCHITECTURES\A3\RESULTS\RUNS\A3_s29_cv0\epoch_05_predictions.npz,832ef38c05a4fd80da3253eab0fc1ff6f5e59f8a4861a5820114212da48be0a0,A3_s29_cv0,29,0,.npz
C:\Users\Hngk\Documents\Codex\2026-09-07\use-the-autoresearch-skill-x20-https\outputs\PUMA_STAGE2_RESEARCH_PROMPTS_1_TO_4\PROMPT_4\RUNS\A3_s29_cv0\epoch_06_predictions.npz,PROMPT_4\ARCHITECTURES\A3\RESULTS\RUNS\A3_s29_cv0\epoch_06_predictions.npz,04ff02c6b4ff87dcf6b6ab0d3028cc36b84fe5cb3266cd04d0ec14c73c9460e0,A3_s29_cv0,29,0,.npz
C:\Users\Hngk\Documents\Codex\2026-09-07\use-the-autoresearch-skill-x20-https\outputs\PUMA_STAGE2_RESEARCH_PROMPTS_1_TO_4\PROMPT_4\RUNS\A3_s29_cv0\epoch_07_predictions.npz,PROMPT_4\ARCHITECTURES\A3\RESULTS\RUNS\A3_s29_cv0\epoch_07_predictions.npz,028450ba0934ade7b074f5bd9749ba875bd61f85f063fded0a32df20c97ef58e,A3_s29_cv0,29,0,.npz
C:\Users\Hngk\Documents\Codex\2026-09-07\use-the-autoresearch-skill-x20-https\outputs\PUMA_STAGE2_RESEARCH_PROMPTS_1_TO_4\PROMPT_4\RUNS\A3_s29_cv0\epoch_08_predictions.npz,PROMPT_4\ARCHITECTURES\A3\RESULTS\RUNS\A3_s29_cv0\epoch_08_predictions.npz,8f728010b424a9890195778fa8201062c709cc40c3e4288bae70a5ac15e12e97,A3_s29_cv0,29,0,.npz
C:\Users\Hngk\Documents\Codex\2026-09-07\use-the-autoresearch-skill-x20-https\outputs\PUMA_STAGE2_RESEARCH_PROMPTS_1_TO_4\PROMPT_4\RUNS\A3_s29_cv0\epoch_09_predictions.npz,PROMPT_4\ARCHITECTURES\A3\RESULTS\RUNS\A3_s29_cv0\epoch_09_predictions.npz,4d16d76b76890ca34dd6a0b15d10a4076d02860ddd1dc6dc0c6acddb9d2e218d,A3_s29_cv0,29,0,.npz
C:\Users\Hngk\Documents\Codex\2026-09-07\use-the-autoresearch-skill-x20-https\outputs\PUMA_STAGE2_RESEARCH_PROMPTS_1_TO_4\PROMPT_4\RUNS\A3_s29_cv0\epoch_10_predictions.npz,PROMPT_4\ARCHITECTURES\A3\RESULTS\RUNS\A3_s29_cv0\epoch_10_predictions.npz,fecd915a51f29541e0e2b0a89789d273d9e096e7f5bebcbfb61503ed6b32b55a,A3_s29_cv0,29,0,.npz
C:\Users\Hngk\Documents\Codex\2026-09-07\use-the-autoresearch-skill-x20-https\outputs\PUMA_STAGE2_RESEARCH_PROMPTS_1_TO_4\PROMPT_4\RUNS\A3_s29_cv0\final.pt,PROMPT_4\ARCHITECTURES\A3\RESULTS\RUNS\A3_s29_cv0\final.pt,1ce6658b9dfc82d824798c945e6621bed57f71d891dc7a2c65fb8ccf97a45822,A3_s29_cv0,29,0,.pt
C:\Users\Hngk\Documents\Codex\2026-09-07\use-the-autoresearch-skill-x20-https\outputs\PUMA_STAGE2_RESEARCH_PROMPTS_1_TO_4\PROMPT_4\RUNS\A3_s29_cv0\history.jsonl,PROMPT_4\ARCHITECTURES\A3\RESULTS\RUNS\A3_s29_cv0\history.jsonl,2e060a21367f63c5a1608129826b093c810ae0375d0abd03d6fe4a8960e047ef,A3_s29_cv0,29,0,.jsonl
C:\Users\Hngk\Documents\Codex\2026-09-07\use-the-autoresearch-skill-x20-https\outputs\PUMA_STAGE2_RESEARCH_PROMPTS_1_TO_4\PROMPT_4\RUNS\A3_s29_cv0\normalizer.json,PROMPT_4\ARCHITECTURES\A3\RESULTS\RUNS\A3_s29_cv0\normalizer.json,f75d5e56dcca6f2ff7aa13358de835631b823bbc37b6b08d02983940eb5ee49c,A3_s29_cv0,29,0,.json
C:\Users\Hngk\Documents\Codex\2026-09-07\use-the-autoresearch-skill-x20-https\outputs\PUMA_STAGE2_RESEARCH_PROMPTS_1_TO_4\PROMPT_4\RUNS\A3_s29_cv0\provenance.json,PROMPT_4\ARCHITECTURES\A3\RESULTS\RUNS\A3_s29_cv0\provenance.json,9d7b7352ab6d55204e797b5190ffe3e19cee1d84edddff46226cd1ea9aecf611,A3_s29_cv0,29,0,.json
C:\Users\Hngk\Documents\Codex\2026-09-07\use-the-autoresearch-skill-x20-https\outputs\PUMA_STAGE2_RESEARCH_PROMPTS_1_TO_4\PROMPT_4\RUNS\A3_s29_cv0\summary.json,PROMPT_4\ARCHITECTURES\A3\RESULTS\RUNS\A3_s29_cv0\summary.json,98c11ff573c97e0e99d56cb669db5e2a45ba094870dddba9cfc8707e063d4cb4,A3_s29_cv0,29,0,.json
C:\Users\Hngk\Documents\Codex\2026-09-07\use-the-autoresearch-skill-x20-https\outputs\PUMA_STAGE2_RESEARCH_PROMPTS_1_TO_4\PROMPT_4\RUNS\A3_s29_cv1\batch_history.jsonl,PROMPT_4\ARCHITECTURES\A3\RESULTS\RUNS\A3_s29_cv1\batch_history.jsonl,2ff102debc90075a3ee15c27810f8ccfdce6a665ee48bf35fb58ada8116d53b6,A3_s29_cv1,29,1,.jsonl
C:\Users\Hngk\Documents\Codex\2026-09-07\use-the-autoresearch-skill-x20-https\outputs\PUMA_STAGE2_RESEARCH_PROMPTS_1_TO_4\PROMPT_4\RUNS\A3_s29_cv1\config.json,PROMPT_4\ARCHITECTURES\A3\RESULTS\RUNS\A3_s29_cv1\config.json,628c3a2cbe720d3203c6f9f9e951685ccf1c7b3b382c23021e4c6e2f0b0245c5,A3_s29_cv1,29,1,.json
C:\Users\Hngk\Documents\Codex\2026-09-07\use-the-autoresearch-skill-x20-https\outputs\PUMA_STAGE2_RESEARCH_PROMPTS_1_TO_4\PROMPT_4\RUNS\A3_s29_cv1\epoch_01_predictions.npz,PROMPT_4\ARCHITECTURES\A3\RESULTS\RUNS\A3_s29_cv1\epoch_01_predictions.npz,89a86a0822ee1fe3f0210f3d51d45738beb31ae9edee0ea95b26d4955a5ef70c,A3_s29_cv1,29,1,.npz
C:\Users\Hngk\Documents\Codex\2026-09-07\use-the-autoresearch-skill-x20-https\outputs\PUMA_STAGE2_RESEARCH_PROMPTS_1_TO_4\PROMPT_4\RUNS\A3_s29_cv1\epoch_02_predictions.npz,PROMPT_4\ARCHITECTURES\A3\RESULTS\RUNS\A3_s29_cv1\epoch_02_predictions.npz,fe18eb60209d3f4f94e932348b6195307a9a3c287c809feb93b04d4ae6bd17c8,A3_s29_cv1,29,1,.npz
C:\Users\Hngk\Documents\Codex\2026-09-07\use-the-autoresearch-skill-x20-https\outputs\PUMA_STAGE2_RESEARCH_PROMPTS_1_TO_4\PROMPT_4\RUNS\A3_s29_cv1\epoch_03_predictions.npz,PROMPT_4\ARCHITECTURES\A3\RESULTS\RUNS\A3_s29_cv1\epoch_03_predictions.npz,dac0904de21fc2213cb5820f44bc05859322711c313573ed7cf23f27d5d2d95b,A3_s29_cv1,29,1,.npz
C:\Users\Hngk\Documents\Codex\2026-09-07\use-the-autoresearch-skill-x20-https\outputs\PUMA_STAGE2_RESEARCH_PROMPTS_1_TO_4\PROMPT_4\RUNS\A3_s29_cv1\epoch_04_predictions.npz,PROMPT_4\ARCHITECTURES\A3\RESULTS\RUNS\A3_s29_cv1\epoch_04_predictions.npz,175295b037d9cc5d55ac753ee3c750be01be9ba6b88a5e914cfb5f26cf288a9b,A3_s29_cv1,29,1,.npz
C:\Users\Hngk\Documents\Codex\2026-09-07\use-the-autoresearch-skill-x20-https\outputs\PUMA_STAGE2_RESEARCH_PROMPTS_1_TO_4\PROMPT_4\RUNS\A3_s29_cv1\epoch_05_predictions.npz,PROMPT_4\ARCHITECTURES\A3\RESULTS\RUNS\A3_s29_cv1\epoch_05_predictions.npz,ea0a95556e1b743395cffec43063d956f77d838e9729d981ecc46a54acb633d3,A3_s29_cv1,29,1,.npz
C:\Users\Hngk\Documents\Codex\2026-09-07\use-the-autoresearch-skill-x20-https\outputs\PUMA_STAGE2_RESEARCH_PROMPTS_1_TO_4\PROMPT_4\RUNS\A3_s29_cv1\epoch_06_predictions.npz,PROMPT_4\ARCHITECTURES\A3\RESULTS\RUNS\A3_s29_cv1\epoch_06_predictions.npz,d98351904c9be17dec044c6786f69cfb4afc3f0fbed4650628b2726370f9aad7,A3_s29_cv1,29,1,.npz
C:\Users\Hngk\Documents\Codex\2026-09-07\use-the-autoresearch-skill-x20-https\outputs\PUMA_STAGE2_RESEARCH_PROMPTS_1_TO_4\PROMPT_4\RUNS\A3_s29_cv1\epoch_07_predictions.npz,PROMPT_4\ARCHITECTURES\A3\RESULTS\RUNS\A3_s29_cv1\epoch_07_predictions.npz,e5c41c0b7dfef7bbf2a0acfa2841fc71df2b56a0a6f0e9f240ad8299e58db7bf,A3_s29_cv1,29,1,.npz
C:\Users\Hngk\Documents\Codex\2026-09-07\use-the-autoresearch-skill-x20-https\outputs\PUMA_STAGE2_RESEARCH_PROMPTS_1_TO_4\PROMPT_4\RUNS\A3_s29_cv1\epoch_08_predictions.npz,PROMPT_4\ARCHITECTURES\A3\RESULTS\RUNS\A3_s29_cv1\epoch_08_predictions.npz,5eeaac5f0643b18dc84cd48a0c88eab46c35c3777a76cb67301ab272502c30db,A3_s29_cv1,29,1,.npz
C:\Users\Hngk\Documents\Codex\2026-09-07\use-the-autoresearch-skill-x20-https\outputs\PUMA_STAGE2_RESEARCH_PROMPTS_1_TO_4\PROMPT_4\RUNS\A3_s29_cv1\epoch_09_predictions.npz,PROMPT_4\ARCHITECTURES\A3\RESULTS\RUNS\A3_s29_cv1\epoch_09_predictions.npz,3c99f87b33f07c7fc5ce149b367b087bca879a2bcb28957ca2f8a8c4a20e318b,A3_s29_cv1,29,1,.npz
C:\Users\Hngk\Documents\Codex\2026-09-07\use-the-autoresearch-skill-x20-https\outputs\PUMA_STAGE2_RESEARCH_PROMPTS_1_TO_4\PROMPT_4\RUNS\A3_s29_cv1\epoch_10_predictions.npz,PROMPT_4\ARCHITECTURES\A3\RESULTS\RUNS\A3_s29_cv1\epoch_10_predictions.npz,06c3fe8e7b912e838918b9a468a4fb54fccf4d19ed3f0ea9c2aab0ff49fb41d8,A3_s29_cv1,29,1,.npz
C:\Users\Hngk\Documents\Codex\2026-09-07\use-the-autoresearch-skill-x20-https\outputs\PUMA_STAGE2_RESEARCH_PROMPTS_1_TO_4\PROMPT_4\RUNS\A3_s29_cv1\final.pt,PROMPT_4\ARCHITECTURES\A3\RESULTS\RUNS\A3_s29_cv1\final.pt,960b53a5c16395bdcb5fca0e381245aba20716993d59bc98921b20e299e47c09,A3_s29_cv1,29,1,.pt
C:\Users\Hngk\Documents\Codex\2026-09-07\use-the-autoresearch-skill-x20-https\outputs\PUMA_STAGE2_RESEARCH_PROMPTS_1_TO_4\PROMPT_4\RUNS\A3_s29_cv1\history.jsonl,PROMPT_4\ARCHITECTURES\A3\RESULTS\RUNS\A3_s29_cv1\history.jsonl,6960cf4bcc0ca1227bbb8e606164f349d2ce82660fb3c5945c1af7e6fd830261,A3_s29_cv1,29,1,.jsonl
C:\Users\Hngk\Documents\Codex\2026-09-07\use-the-autoresearch-skill-x20-https\outputs\PUMA_STAGE2_RESEARCH_PROMPTS_1_TO_4\PROMPT_4\RUNS\A3_s29_cv1\normalizer.json,PROMPT_4\ARCHITECTURES\A3\RESULTS\RUNS\A3_s29_cv1\normalizer.json,3383fe0635cb468d084e5ebbd6144bb89768f6927f37c55e35b23ba5efd095cb,A3_s29_cv1,29,1,.json
C:\Users\Hngk\Documents\Codex\2026-09-07\use-the-autoresearch-skill-x20-https\outputs\PUMA_STAGE2_RESEARCH_PROMPTS_1_TO_4\PROMPT_4\RUNS\A3_s29_cv1\provenance.json,PROMPT_4\ARCHITECTURES\A3\RESULTS\RUNS\A3_s29_cv1\provenance.json,449697c92cd9fd864304774905157f594b97127ff82841d6dd9e8aa8b1534ba2,A3_s29_cv1,29,1,.json
C:\Users\Hngk\Documents\Codex\2026-09-07\use-the-autoresearch-skill-x20-https\outputs\PUMA_STAGE2_RESEARCH_PROMPTS_1_TO_4\PROMPT_4\RUNS\A3_s29_cv1\summary.json,PROMPT_4\ARCHITECTURES\A3\RESULTS\RUNS\A3_s29_cv1\summary.json,8a5788178ba81235ee476849a82a670a6d36dbdb6411900b396d6050788140a1,A3_s29_cv1,29,1,.json
C:\Users\Hngk\Documents\Codex\2026-09-07\use-the-autoresearch-skill-x20-https\outputs\PUMA_STAGE2_RESEARCH_PROMPTS_1_TO_4\PROMPT_4\RUNS\A3_s29_cv2\batch_history.jsonl,PROMPT_4\ARCHITECTURES\A3\RESULTS\RUNS\A3_s29_cv2\batch_history.jsonl,f929b66ed9eddef2d60ff762e920cc52436a63c9d4dfed88737563cced4a11a2,A3_s29_cv2,29,2,.jsonl
C:\Users\Hngk\Documents\Codex\2026-09-07\use-the-autoresearch-skill-x20-https\outputs\PUMA_STAGE2_RESEARCH_PROMPTS_1_TO_4\PROMPT_4\RUNS\A3_s29_cv2\config.json,PROMPT_4\ARCHITECTURES\A3\RESULTS\RUNS\A3_s29_cv2\config.json,e0e3cb07d42279fe25ef187cf06745b5ccb61f402247dc142154f256adae6963,A3_s29_cv2,29,2,.json
C:\Users\Hngk\Documents\Codex\2026-09-07\use-the-autoresearch-skill-x20-https\outputs\PUMA_STAGE2_RESEARCH_PROMPTS_1_TO_4\PROMPT_4\RUNS\A3_s29_cv2\epoch_01_predictions.npz,PROMPT_4\ARCHITECTURES\A3\RESULTS\RUNS\A3_s29_cv2\epoch_01_predictions.npz,03dda3ff7ce99df6684741e9bacf736c75a8c10dddbe728b8254cb80a1c54824,A3_s29_cv2,29,2,.npz
C:\Users\Hngk\Documents\Codex\2026-09-07\use-the-autoresearch-skill-x20-https\outputs\PUMA_STAGE2_RESEARCH_PROMPTS_1_TO_4\PROMPT_4\RUNS\A3_s29_cv2\epoch_02_predictions.npz,PROMPT_4\ARCHITECTURES\A3\RESULTS\RUNS\A3_s29_cv2\epoch_02_predictions.npz,522e6916fe8f60608431cb2ce8aca939ea968084a9253f9363ebee8482751cb4,A3_s29_cv2,29,2,.npz
C:\Users\Hngk\Documents\Codex\2026-09-07\use-the-autoresearch-skill-x20-https\outputs\PUMA_STAGE2_RESEARCH_PROMPTS_1_TO_4\PROMPT_4\RUNS\A3_s29_cv2\epoch_03_predictions.npz,PROMPT_4\ARCHITECTURES\A3\RESULTS\RUNS\A3_s29_cv2\epoch_03_predictions.npz,9c8a9da3d7d10240821561da811e2074b8b6fbce20d9056a5cfdc7bdc42e81d7,A3_s29_cv2,29,2,.npz
C:\Users\Hngk\Documents\Codex\2026-09-07\use-the-autoresearch-skill-x20-https\outputs\PUMA_STAGE2_RESEARCH_PROMPTS_1_TO_4\PROMPT_4\RUNS\A3_s29_cv2\epoch_04_predictions.npz,PROMPT_4\ARCHITECTURES\A3\RESULTS\RUNS\A3_s29_cv2\epoch_04_predictions.npz,baec4f71a83f5946c5ac9b5ebfd1da338d8249661f3052241c455520125f61f5,A3_s29_cv2,29,2,.npz
C:\Users\Hngk\Documents\Codex\2026-09-07\use-the-autoresearch-skill-x20-https\outputs\PUMA_STAGE2_RESEARCH_PROMPTS_1_TO_4\PROMPT_4\RUNS\A3_s29_cv2\epoch_05_predictions.npz,PROMPT_4\ARCHITECTURES\A3\RESULTS\RUNS\A3_s29_cv2\epoch_05_predictions.npz,1a7e7f481f6981fdc886b22c1287cccba7f8f00641e6d77ed98a8cecb5519857,A3_s29_cv2,29,2,.npz
C:\Users\Hngk\Documents\Codex\2026-09-07\use-the-autoresearch-skill-x20-https\outputs\PUMA_STAGE2_RESEARCH_PROMPTS_1_TO_4\PROMPT_4\RUNS\A3_s29_cv2\epoch_06_predictions.npz,PROMPT_4\ARCHITECTURES\A3\RESULTS\RUNS\A3_s29_cv2\epoch_06_predictions.npz,1eb9445a97150e2c5f267553ab6f87291599011e4e04879a7e2a277cb249e22c,A3_s29_cv2,29,2,.npz
C:\Users\Hngk\Documents\Codex\2026-09-07\use-the-autoresearch-skill-x20-https\outputs\PUMA_STAGE2_RESEARCH_PROMPTS_1_TO_4\PROMPT_4\RUNS\A3_s29_cv2\epoch_07_predictions.npz,PROMPT_4\ARCHITECTURES\A3\RESULTS\RUNS\A3_s29_cv2\epoch_07_predictions.npz,484aff973771e849e9908b3ed954e042c1fa1677804b892a65717ca6e65f8208,A3_s29_cv2,29,2,.npz
C:\Users\Hngk\Documents\Codex\2026-09-07\use-the-autoresearch-skill-x20-https\outputs\PUMA_STAGE2_RESEARCH_PROMPTS_1_TO_4\PROMPT_4\RUNS\A3_s29_cv2\epoch_08_predictions.npz,PROMPT_4\ARCHITECTURES\A3\RESULTS\RUNS\A3_s29_cv2\epoch_08_predictions.npz,d6668d4dc3a4f97a98717e38a266ad55c4a4de28efbb2c8577cd49d4d6d41e53,A3_s29_cv2,29,2,.npz
C:\Users\Hngk\Documents\Codex\2026-09-07\use-the-autoresearch-skill-x20-https\outputs\PUMA_STAGE2_RESEARCH_PROMPTS_1_TO_4\PROMPT_4\RUNS\A3_s29_cv2\epoch_09_predictions.npz,PROMPT_4\ARCHITECTURES\A3\RESULTS\RUNS\A3_s29_cv2\epoch_09_predictions.npz,61c06b4381bcfd8f1cb5e1de68971ca04dce436d64dfb18a615bd5a5118be303,A3_s29_cv2,29,2,.npz
C:\Users\Hngk\Documents\Codex\2026-09-07\use-the-autoresearch-skill-x20-https\outputs\PUMA_STAGE2_RESEARCH_PROMPTS_1_TO_4\PROMPT_4\RUNS\A3_s29_cv2\epoch_10_predictions.npz,PROMPT_4\ARCHITECTURES\A3\RESULTS\RUNS\A3_s29_cv2\epoch_10_predictions.npz,965b86d15b443e119b144fd09e81a8c2908564e06d06486a30b7bfcf19089254,A3_s29_cv2,29,2,.npz
C:\Users\Hngk\Documents\Codex\2026-09-07\use-the-autoresearch-skill-x20-https\outputs\PUMA_STAGE2_RESEARCH_PROMPTS_1_TO_4\PROMPT_4\RUNS\A3_s29_cv2\final.pt,PROMPT_4\ARCHITECTURES\A3\RESULTS\RUNS\A3_s29_cv2\final.pt,1154dfc276125467b86d18e74717b115e7970501f9019efa293571b737f59bdd,A3_s29_cv2,29,2,.pt
C:\Users\Hngk\Documents\Codex\2026-09-07\use-the-autoresearch-skill-x20-https\outputs\PUMA_STAGE2_RESEARCH_PROMPTS_1_TO_4\PROMPT_4\RUNS\A3_s29_cv2\history.jsonl,PROMPT_4\ARCHITECTURES\A3\RESULTS\RUNS\A3_s29_cv2\history.jsonl,2b9b9a27088cc65c76692bbfa01d371428eb52002b2d511cb44686b10f5a0423,A3_s29_cv2,29,2,.jsonl
C:\Users\Hngk\Documents\Codex\2026-09-07\use-the-autoresearch-skill-x20-https\outputs\PUMA_STAGE2_RESEARCH_PROMPTS_1_TO_4\PROMPT_4\RUNS\A3_s29_cv2\normalizer.json,PROMPT_4\ARCHITECTURES\A3\RESULTS\RUNS\A3_s29_cv2\normalizer.json,96d50de899d030d0814f1b1de6a785fda82d824637a9237bf0cd5ed8f713a28b,A3_s29_cv2,29,2,.json
C:\Users\Hngk\Documents\Codex\2026-09-07\use-the-autoresearch-skill-x20-https\outputs\PUMA_STAGE2_RESEARCH_PROMPTS_1_TO_4\PROMPT_4\RUNS\A3_s29_cv2\provenance.json,PROMPT_4\ARCHITECTURES\A3\RESULTS\RUNS\A3_s29_cv2\provenance.json,a06749e3186cdcb141661a8e7ed1a54941b22a20b63d129358aa590d780852da,A3_s29_cv2,29,2,.json
C:\Users\Hngk\Documents\Codex\2026-09-07\use-the-autoresearch-skill-x20-https\outputs\PUMA_STAGE2_RESEARCH_PROMPTS_1_TO_4\PROMPT_4\RUNS\A3_s29_cv2\summary.json,PROMPT_4\ARCHITECTURES\A3\RESULTS\RUNS\A3_s29_cv2\summary.json,720e44e6320ad91dd4fcef6ae73b405f5421b9fe04fae4ff8fad88e4d55c35a2,A3_s29_cv2,29,2,.json
C:\Users\Hngk\Documents\Codex\2026-09-07\use-the-autoresearch-skill-x20-https\outputs\PUMA_STAGE2_RESEARCH_PROMPTS_1_TO_4\PROMPT_4\RUNS\A3_s43_cv0\batch_history.jsonl,PROMPT_4\ARCHITECTURES\A3\RESULTS\RUNS\A3_s43_cv0\batch_history.jsonl,523312df8b84a478c68c2865ae67821f1e46fee8c098a4b4508ff9732561e93f,A3_s43_cv0,43,0,.jsonl
C:\Users\Hngk\Documents\Codex\2026-09-07\use-the-autoresearch-skill-x20-https\outputs\PUMA_STAGE2_RESEARCH_PROMPTS_1_TO_4\PROMPT_4\RUNS\A3_s43_cv0\config.json,PROMPT_4\ARCHITECTURES\A3\RESULTS\RUNS\A3_s43_cv0\config.json,019cbc300b550d8a9b8146728022a958ae679c680a01c34ff815f3c797ec3f9d,A3_s43_cv0,43,0,.json
C:\Users\Hngk\Documents\Codex\2026-09-07\use-the-autoresearch-skill-x20-https\outputs\PUMA_STAGE2_RESEARCH_PROMPTS_1_TO_4\PROMPT_4\RUNS\A3_s43_cv0\epoch_01_predictions.npz,PROMPT_4\ARCHITECTURES\A3\RESULTS\RUNS\A3_s43_cv0\epoch_01_predictions.npz,2dd605ac899e8b709244088915bc700befe933f76abafb6ae8868d9153d19e80,A3_s43_cv0,43,0,.npz
C:\Users\Hngk\Documents\Codex\2026-09-07\use-the-autoresearch-skill-x20-https\outputs\PUMA_STAGE2_RESEARCH_PROMPTS_1_TO_4\PROMPT_4\RUNS\A3_s43_cv0\epoch_02_predictions.npz,PROMPT_4\ARCHITECTURES\A3\RESULTS\RUNS\A3_s43_cv0\epoch_02_predictions.npz,e9098d0da67fedf0e8c6b2f77032fc8f6640f65dae5d351b57402e87cb87bb34,A3_s43_cv0,43,0,.npz
C:\Users\Hngk\Documents\Codex\2026-09-07\use-the-autoresearch-skill-x20-https\outputs\PUMA_STAGE2_RESEARCH_PROMPTS_1_TO_4\PROMPT_4\RUNS\A3_s43_cv0\epoch_03_predictions.npz,PROMPT_4\ARCHITECTURES\A3\RESULTS\RUNS\A3_s43_cv0\epoch_03_predictions.npz,8d3fcb5eda203f4c87f0ef02cc03e1469bfc52f60a62ccb9a9a23b1dddc51cd6,A3_s43_cv0,43,0,.npz
C:\Users\Hngk\Documents\Codex\2026-09-07\use-the-autoresearch-skill-x20-https\outputs\PUMA_STAGE2_RESEARCH_PROMPTS_1_TO_4\PROMPT_4\RUNS\A3_s43_cv0\epoch_04_predictions.npz,PROMPT_4\ARCHITECTURES\A3\RESULTS\RUNS\A3_s43_cv0\epoch_04_predictions.npz,3e6eb6927b5e366bf927981f96b1c1b3aff0bc866ccff948dc51e037604e3597,A3_s43_cv0,43,0,.npz
C:\Users\Hngk\Documents\Codex\2026-09-07\use-the-autoresearch-skill-x20-https\outputs\PUMA_STAGE2_RESEARCH_PROMPTS_1_TO_4\PROMPT_4\RUNS\A3_s43_cv0\epoch_05_predictions.npz,PROMPT_4\ARCHITECTURES\A3\RESULTS\RUNS\A3_s43_cv0\epoch_05_predictions.npz,03baf8f3071d623357eb7180808b508c8d2aeeac1724f178a873c3e92750624d,A3_s43_cv0,43,0,.npz
C:\Users\Hngk\Documents\Codex\2026-09-07\use-the-autoresearch-skill-x20-https\outputs\PUMA_STAGE2_RESEARCH_PROMPTS_1_TO_4\PROMPT_4\RUNS\A3_s43_cv0\epoch_06_predictions.npz,PROMPT_4\ARCHITECTURES\A3\RESULTS\RUNS\A3_s43_cv0\epoch_06_predictions.npz,ebed83aeb4f8837d97d37faec5ce139a92007235b9e3e366d7096cec0151a2ec,A3_s43_cv0,43,0,.npz
C:\Users\Hngk\Documents\Codex\2026-09-07\use-the-autoresearch-skill-x20-https\outputs\PUMA_STAGE2_RESEARCH_PROMPTS_1_TO_4\PROMPT_4\RUNS\A3_s43_cv0\epoch_07_predictions.npz,PROMPT_4\ARCHITECTURES\A3\RESULTS\RUNS\A3_s43_cv0\epoch_07_predictions.npz,a66d62669f8eb17e18d8070a83a70e9f780a9219e60d91e1d70aff6b767ca2f6,A3_s43_cv0,43,0,.npz
C:\Users\Hngk\Documents\Codex\2026-09-07\use-the-autoresearch-skill-x20-https\outputs\PUMA_STAGE2_RESEARCH_PROMPTS_1_TO_4\PROMPT_4\RUNS\A3_s43_cv0\epoch_08_predictions.npz,PROMPT_4\ARCHITECTURES\A3\RESULTS\RUNS\A3_s43_cv0\epoch_08_predictions.npz,b48a3dab933115a5dd92c1a0246501f616c0f8135f697e6261acc00eff07131f,A3_s43_cv0,43,0,.npz
C:\Users\Hngk\Documents\Codex\2026-09-07\use-the-autoresearch-skill-x20-https\outputs\PUMA_STAGE2_RESEARCH_PROMPTS_1_TO_4\PROMPT_4\RUNS\A3_s43_cv0\epoch_09_predictions.npz,PROMPT_4\ARCHITECTURES\A3\RESULTS\RUNS\A3_s43_cv0\epoch_09_predictions.npz,04192eb4986f66a1048345d9950d2ac587282ec20631851d996bccb4b24da4b8,A3_s43_cv0,43,0,.npz
C:\Users\Hngk\Documents\Codex\2026-09-07\use-the-autoresearch-skill-x20-https\outputs\PUMA_STAGE2_RESEARCH_PROMPTS_1_TO_4\PROMPT_4\RUNS\A3_s43_cv0\epoch_10_predictions.npz,PROMPT_4\ARCHITECTURES\A3\RESULTS\RUNS\A3_s43_cv0\epoch_10_predictions.npz,659b38aa3e2194415af91a02270066decba74258a60dac6a430e1d817aac7b26,A3_s43_cv0,43,0,.npz
C:\Users\Hngk\Documents\Codex\2026-09-07\use-the-autoresearch-skill-x20-https\outputs\PUMA_STAGE2_RESEARCH_PROMPTS_1_TO_4\PROMPT_4\RUNS\A3_s43_cv0\final.pt,PROMPT_4\ARCHITECTURES\A3\RESULTS\RUNS\A3_s43_cv0\final.pt,d2326636f88bcf9f0016c1f7b86bfb0031621b46b874d1f96602f2be86487a83,A3_s43_cv0,43,0,.pt
C:\Users\Hngk\Documents\Codex\2026-09-07\use-the-autoresearch-skill-x20-https\outputs\PUMA_STAGE2_RESEARCH_PROMPTS_1_TO_4\PROMPT_4\RUNS\A3_s43_cv0\history.jsonl,PROMPT_4\ARCHITECTURES\A3\RESULTS\RUNS\A3_s43_cv0\history.jsonl,ca9fc6f9ffff752937fc2277c78049089743f889609ee4829abf367971a466c7,A3_s43_cv0,43,0,.jsonl
C:\Users\Hngk\Documents\Codex\2026-09-07\use-the-autoresearch-skill-x20-https\outputs\PUMA_STAGE2_RESEARCH_PROMPTS_1_TO_4\PROMPT_4\RUNS\A3_s43_cv0\normalizer.json,PROMPT_4\ARCHITECTURES\A3\RESULTS\RUNS\A3_s43_cv0\normalizer.json,f75d5e56dcca6f2ff7aa13358de835631b823bbc37b6b08d02983940eb5ee49c,A3_s43_cv0,43,0,.json
C:\Users\Hngk\Documents\Codex\2026-09-07\use-the-autoresearch-skill-x20-https\outputs\PUMA_STAGE2_RESEARCH_PROMPTS_1_TO_4\PROMPT_4\RUNS\A3_s43_cv0\provenance.json,PROMPT_4\ARCHITECTURES\A3\RESULTS\RUNS\A3_s43_cv0\provenance.json,122e0d151dd2294fce57a05ded22dee07ed96abbee30eeee620b3d39bc8ff7b4,A3_s43_cv0,43,0,.json
C:\Users\Hngk\Documents\Codex\2026-09-07\use-the-autoresearch-skill-x20-https\outputs\PUMA_STAGE2_RESEARCH_PROMPTS_1_TO_4\PROMPT_4\RUNS\A3_s43_cv0\summary.json,PROMPT_4\ARCHITECTURES\A3\RESULTS\RUNS\A3_s43_cv0\summary.json,1ebbd452090cb817ad8a11168709f19e80f130834b9c503c432da386ba986ea7,A3_s43_cv0,43,0,.json
C:\Users\Hngk\Documents\Codex\2026-09-07\use-the-autoresearch-skill-x20-https\outputs\PUMA_STAGE2_RESEARCH_PROMPTS_1_TO_4\PROMPT_4\RUNS\A3_s43_cv1\batch_history.jsonl,PROMPT_4\ARCHITECTURES\A3\RESULTS\RUNS\A3_s43_cv1\batch_history.jsonl,510a142573e1a2632a42989c26a5f994a3250d95b30964dbd2cd1e33366e5b27,A3_s43_cv1,43,1,.jsonl
C:\Users\Hngk\Documents\Codex\2026-09-07\use-the-autoresearch-skill-x20-https\outputs\PUMA_STAGE2_RESEARCH_PROMPTS_1_TO_4\PROMPT_4\RUNS\A3_s43_cv1\config.json,PROMPT_4\ARCHITECTURES\A3\RESULTS\RUNS\A3_s43_cv1\config.json,7633ec16057e9d9ce1b72b6389795bdab7e15e5852166a794e673bd23595bd65,A3_s43_cv1,43,1,.json
C:\Users\Hngk\Documents\Codex\2026-09-07\use-the-autoresearch-skill-x20-https\outputs\PUMA_STAGE2_RESEARCH_PROMPTS_1_TO_4\PROMPT_4\RUNS\A3_s43_cv1\epoch_01_predictions.npz,PROMPT_4\ARCHITECTURES\A3\RESULTS\RUNS\A3_s43_cv1\epoch_01_predictions.npz,b1933acf57161466fa495d6a11c82a6b13258cc3ab9f2143b938b52c15a97976,A3_s43_cv1,43,1,.npz
C:\Users\Hngk\Documents\Codex\2026-09-07\use-the-autoresearch-skill-x20-https\outputs\PUMA_STAGE2_RESEARCH_PROMPTS_1_TO_4\PROMPT_4\RUNS\A3_s43_cv1\epoch_02_predictions.npz,PROMPT_4\ARCHITECTURES\A3\RESULTS\RUNS\A3_s43_cv1\epoch_02_predictions.npz,aa044878af10fce1f6aa9af8d1b5e7e98d3f947e03cf6e849f5f380ede1f64b9,A3_s43_cv1,43,1,.npz
C:\Users\Hngk\Documents\Codex\2026-09-07\use-the-autoresearch-skill-x20-https\outputs\PUMA_STAGE2_RESEARCH_PROMPTS_1_TO_4\PROMPT_4\RUNS\A3_s43_cv1\epoch_03_predictions.npz,PROMPT_4\ARCHITECTURES\A3\RESULTS\RUNS\A3_s43_cv1\epoch_03_predictions.npz,c472a924f9490151848d8fdde96060fb7fe352b245d333a9e0b78fd24c20eb51,A3_s43_cv1,43,1,.npz
C:\Users\Hngk\Documents\Codex\2026-09-07\use-the-autoresearch-skill-x20-https\outputs\PUMA_STAGE2_RESEARCH_PROMPTS_1_TO_4\PROMPT_4\RUNS\A3_s43_cv1\epoch_04_predictions.npz,PROMPT_4\ARCHITECTURES\A3\RESULTS\RUNS\A3_s43_cv1\epoch_04_predictions.npz,0c15dcd3bb4ad1e5d9a7d5ac05a26e0d1bb0889685768c3a0fd0355f599f6cdb,A3_s43_cv1,43,1,.npz
C:\Users\Hngk\Documents\Codex\2026-09-07\use-the-autoresearch-skill-x20-https\outputs\PUMA_STAGE2_RESEARCH_PROMPTS_1_TO_4\PROMPT_4\RUNS\A3_s43_cv1\epoch_05_predictions.npz,PROMPT_4\ARCHITECTURES\A3\RESULTS\RUNS\A3_s43_cv1\epoch_05_predictions.npz,a5fb5220727da7904156ddd58d9fd802f6e3d33fedc6258458777ed3b42a0641,A3_s43_cv1,43,1,.npz
C:\Users\Hngk\Documents\Codex\2026-09-07\use-the-autoresearch-skill-x20-https\outputs\PUMA_STAGE2_RESEARCH_PROMPTS_1_TO_4\PROMPT_4\RUNS\A3_s43_cv1\epoch_06_predictions.npz,PROMPT_4\ARCHITECTURES\A3\RESULTS\RUNS\A3_s43_cv1\epoch_06_predictions.npz,b296d63d6dac798ac3f4c8e8a50144aebd6e006e2de321be229ad38724e819d5,A3_s43_cv1,43,1,.npz
C:\Users\Hngk\Documents\Codex\2026-09-07\use-the-autoresearch-skill-x20-https\outputs\PUMA_STAGE2_RESEARCH_PROMPTS_1_TO_4\PROMPT_4\RUNS\A3_s43_cv1\epoch_07_predictions.npz,PROMPT_4\ARCHITECTURES\A3\RESULTS\RUNS\A3_s43_cv1\epoch_07_predictions.npz,e733f7a1315d729ecee66771c7480faae9b9e358f0d0696cab5e3148ef38d0b0,A3_s43_cv1,43,1,.npz
C:\Users\Hngk\Documents\Codex\2026-09-07\use-the-autoresearch-skill-x20-https\outputs\PUMA_STAGE2_RESEARCH_PROMPTS_1_TO_4\PROMPT_4\RUNS\A3_s43_cv1\epoch_08_predictions.npz,PROMPT_4\ARCHITECTURES\A3\RESULTS\RUNS\A3_s43_cv1\epoch_08_predictions.npz,8c8c98c7d9be8bad708dca54f3795c6eae13ab602a284e37b4ce5cebe3c42b62,A3_s43_cv1,43,1,.npz
C:\Users\Hngk\Documents\Codex\2026-09-07\use-the-autoresearch-skill-x20-https\outputs\PUMA_STAGE2_RESEARCH_PROMPTS_1_TO_4\PROMPT_4\RUNS\A3_s43_cv1\epoch_09_predictions.npz,PROMPT_4\ARCHITECTURES\A3\RESULTS\RUNS\A3_s43_cv1\epoch_09_predictions.npz,b84d96880945f105374dc5be9cb95118cc9e2e0ff5a83933105557db26ef346a,A3_s43_cv1,43,1,.npz
C:\Users\Hngk\Documents\Codex\2026-09-07\use-the-autoresearch-skill-x20-https\outputs\PUMA_STAGE2_RESEARCH_PROMPTS_1_TO_4\PROMPT_4\RUNS\A3_s43_cv1\epoch_10_predictions.npz,PROMPT_4\ARCHITECTURES\A3\RESULTS\RUNS\A3_s43_cv1\epoch_10_predictions.npz,d8661daa0517707a18847454e596b519655f0cc9a80144c22d5b169a4a871a92,A3_s43_cv1,43,1,.npz
C:\Users\Hngk\Documents\Codex\2026-09-07\use-the-autoresearch-skill-x20-https\outputs\PUMA_STAGE2_RESEARCH_PROMPTS_1_TO_4\PROMPT_4\RUNS\A3_s43_cv1\final.pt,PROMPT_4\ARCHITECTURES\A3\RESULTS\RUNS\A3_s43_cv1\final.pt,e616a1a3fdf7284106ade18be88a302a37617dcfcb346c0073d175b23d82644e,A3_s43_cv1,43,1,.pt
C:\Users\Hngk\Documents\Codex\2026-09-07\use-the-autoresearch-skill-x20-https\outputs\PUMA_STAGE2_RESEARCH_PROMPTS_1_TO_4\PROMPT_4\RUNS\A3_s43_cv1\history.jsonl,PROMPT_4\ARCHITECTURES\A3\RESULTS\RUNS\A3_s43_cv1\history.jsonl,95cb5f139157b6ea2f7a6e0f8ae4dcfba975a7c6f675e0162bde9694cc228ec0,A3_s43_cv1,43,1,.jsonl
C:\Users\Hngk\Documents\Codex\2026-09-07\use-the-autoresearch-skill-x20-https\outputs\PUMA_STAGE2_RESEARCH_PROMPTS_1_TO_4\PROMPT_4\RUNS\A3_s43_cv1\normalizer.json,PROMPT_4\ARCHITECTURES\A3\RESULTS\RUNS\A3_s43_cv1\normalizer.json,3383fe0635cb468d084e5ebbd6144bb89768f6927f37c55e35b23ba5efd095cb,A3_s43_cv1,43,1,.json
C:\Users\Hngk\Documents\Codex\2026-09-07\use-the-autoresearch-skill-x20-https\outputs\PUMA_STAGE2_RESEARCH_PROMPTS_1_TO_4\PROMPT_4\RUNS\A3_s43_cv1\provenance.json,PROMPT_4\ARCHITECTURES\A3\RESULTS\RUNS\A3_s43_cv1\provenance.json,dfa912a255b15aa9734ca128adf4c62705b1fd29cd6c0cfefdbfc47608abfbaa,A3_s43_cv1,43,1,.json
C:\Users\Hngk\Documents\Codex\2026-09-07\use-the-autoresearch-skill-x20-https\outputs\PUMA_STAGE2_RESEARCH_PROMPTS_1_TO_4\PROMPT_4\RUNS\A3_s43_cv1\summary.json,PROMPT_4\ARCHITECTURES\A3\RESULTS\RUNS\A3_s43_cv1\summary.json,3f765da869be044357e35488ab325aeb75ff5ed5f9f28b0b1f0d6a844b9d2fd2,A3_s43_cv1,43,1,.json
C:\Users\Hngk\Documents\Codex\2026-09-07\use-the-autoresearch-skill-x20-https\outputs\PUMA_STAGE2_RESEARCH_PROMPTS_1_TO_4\PROMPT_4\RUNS\A3_s43_cv2\batch_history.jsonl,PROMPT_4\ARCHITECTURES\A3\RESULTS\RUNS\A3_s43_cv2\batch_history.jsonl,aa2f7787857245cc17737c433a69510a87fe69dd2e7207477f8f7537a6e9605e,A3_s43_cv2,43,2,.jsonl
C:\Users\Hngk\Documents\Codex\2026-09-07\use-the-autoresearch-skill-x20-https\outputs\PUMA_STAGE2_RESEARCH_PROMPTS_1_TO_4\PROMPT_4\RUNS\A3_s43_cv2\config.json,PROMPT_4\ARCHITECTURES\A3\RESULTS\RUNS\A3_s43_cv2\config.json,1e59c326d7629fdcd118cae3d96e6752ec7fd748c5df19317336594ed4b3c938,A3_s43_cv2,43,2,.json
C:\Users\Hngk\Documents\Codex\2026-09-07\use-the-autoresearch-skill-x20-https\outputs\PUMA_STAGE2_RESEARCH_PROMPTS_1_TO_4\PROMPT_4\RUNS\A3_s43_cv2\epoch_01_predictions.npz,PROMPT_4\ARCHITECTURES\A3\RESULTS\RUNS\A3_s43_cv2\epoch_01_predictions.npz,313223c5fcab4c894930582f59bad5767e1e0b0292d747c34edb69451fbbb0ea,A3_s43_cv2,43,2,.npz
C:\Users\Hngk\Documents\Codex\2026-09-07\use-the-autoresearch-skill-x20-https\outputs\PUMA_STAGE2_RESEARCH_PROMPTS_1_TO_4\PROMPT_4\RUNS\A3_s43_cv2\epoch_02_predictions.npz,PROMPT_4\ARCHITECTURES\A3\RESULTS\RUNS\A3_s43_cv2\epoch_02_predictions.npz,4d3ffd4097a2a2df2b3517cfb9431ae5936a3eb97c8f938eaebbbfa0cfae88dd,A3_s43_cv2,43,2,.npz
C:\Users\Hngk\Documents\Codex\2026-09-07\use-the-autoresearch-skill-x20-https\outputs\PUMA_STAGE2_RESEARCH_PROMPTS_1_TO_4\PROMPT_4\RUNS\A3_s43_cv2\epoch_03_predictions.npz,PROMPT_4\ARCHITECTURES\A3\RESULTS\RUNS\A3_s43_cv2\epoch_03_predictions.npz,6d402a5dfc8208069aaa36fe57fee0f434080f0e3e679b0897a6f43eb37a507b,A3_s43_cv2,43,2,.npz
C:\Users\Hngk\Documents\Codex\2026-09-07\use-the-autoresearch-skill-x20-https\outputs\PUMA_STAGE2_RESEARCH_PROMPTS_1_TO_4\PROMPT_4\RUNS\A3_s43_cv2\epoch_04_predictions.npz,PROMPT_4\ARCHITECTURES\A3\RESULTS\RUNS\A3_s43_cv2\epoch_04_predictions.npz,c9611997557364c870601b95b703c3b60a072e840fb1534504bb64d3dd15ad6a,A3_s43_cv2,43,2,.npz
C:\Users\Hngk\Documents\Codex\2026-09-07\use-the-autoresearch-skill-x20-https\outputs\PUMA_STAGE2_RESEARCH_PROMPTS_1_TO_4\PROMPT_4\RUNS\A3_s43_cv2\epoch_05_predictions.npz,PROMPT_4\ARCHITECTURES\A3\RESULTS\RUNS\A3_s43_cv2\epoch_05_predictions.npz,8a72d3b6fb08f63aeb29e7da1fbc55a7cf729f370263827239aa4e906f008051,A3_s43_cv2,43,2,.npz
C:\Users\Hngk\Documents\Codex\2026-09-07\use-the-autoresearch-skill-x20-https\outputs\PUMA_STAGE2_RESEARCH_PROMPTS_1_TO_4\PROMPT_4\RUNS\A3_s43_cv2\epoch_06_predictions.npz,PROMPT_4\ARCHITECTURES\A3\RESULTS\RUNS\A3_s43_cv2\epoch_06_predictions.npz,859ef90637895aa18ec324a1a2322eb1ba6268d2d28c7bbcc9e8a34f1cc16fdd,A3_s43_cv2,43,2,.npz
C:\Users\Hngk\Documents\Codex\2026-09-07\use-the-autoresearch-skill-x20-https\outputs\PUMA_STAGE2_RESEARCH_PROMPTS_1_TO_4\PROMPT_4\RUNS\A3_s43_cv2\epoch_07_predictions.npz,PROMPT_4\ARCHITECTURES\A3\RESULTS\RUNS\A3_s43_cv2\epoch_07_predictions.npz,117b29e26362cad66f69f1afabeee4f93733f10e8fbf474db20510da6dfee281,A3_s43_cv2,43,2,.npz
C:\Users\Hngk\Documents\Codex\2026-09-07\use-the-autoresearch-skill-x20-https\outputs\PUMA_STAGE2_RESEARCH_PROMPTS_1_TO_4\PROMPT_4\RUNS\A3_s43_cv2\epoch_08_predictions.npz,PROMPT_4\ARCHITECTURES\A3\RESULTS\RUNS\A3_s43_cv2\epoch_08_predictions.npz,9e84a7550789248d1bb43938c1ca7f6d78b96eb44fb4ca7c30470b58b8c6b657,A3_s43_cv2,43,2,.npz
C:\Users\Hngk\Documents\Codex\2026-09-07\use-the-autoresearch-skill-x20-https\outputs\PUMA_STAGE2_RESEARCH_PROMPTS_1_TO_4\PROMPT_4\RUNS\A3_s43_cv2\epoch_09_predictions.npz,PROMPT_4\ARCHITECTURES\A3\RESULTS\RUNS\A3_s43_cv2\epoch_09_predictions.npz,c229363064088ec6c186807f9e79ce392e49aac28fe0d35c05c0f2ac2211707c,A3_s43_cv2,43,2,.npz
C:\Users\Hngk\Documents\Codex\2026-09-07\use-the-autoresearch-skill-x20-https\outputs\PUMA_STAGE2_RESEARCH_PROMPTS_1_TO_4\PROMPT_4\RUNS\A3_s43_cv2\epoch_10_predictions.npz,PROMPT_4\ARCHITECTURES\A3\RESULTS\RUNS\A3_s43_cv2\epoch_10_predictions.npz,c3f47c13130777c2b01cf1513261207f005e13a26570607c92cfc56b91d5d2c8,A3_s43_cv2,43,2,.npz
C:\Users\Hngk\Documents\Codex\2026-09-07\use-the-autoresearch-skill-x20-https\outputs\PUMA_STAGE2_RESEARCH_PROMPTS_1_TO_4\PROMPT_4\RUNS\A3_s43_cv2\final.pt,PROMPT_4\ARCHITECTURES\A3\RESULTS\RUNS\A3_s43_cv2\final.pt,e6b4ad6e8c61feee90e890c162e918a41eb8b4bc6035291d22e8ffaae791fa0a,A3_s43_cv2,43,2,.pt
C:\Users\Hngk\Documents\Codex\2026-09-07\use-the-autoresearch-skill-x20-https\outputs\PUMA_STAGE2_RESEARCH_PROMPTS_1_TO_4\PROMPT_4\RUNS\A3_s43_cv2\history.jsonl,PROMPT_4\ARCHITECTURES\A3\RESULTS\RUNS\A3_s43_cv2\history.jsonl,0a1eb87c379f46a6b45a1062daf32483fe06a2ce6668e6e7aefa30341e7ee828,A3_s43_cv2,43,2,.jsonl
C:\Users\Hngk\Documents\Codex\2026-09-07\use-the-autoresearch-skill-x20-https\outputs\PUMA_STAGE2_RESEARCH_PROMPTS_1_TO_4\PROMPT_4\RUNS\A3_s43_cv2\normalizer.json,PROMPT_4\ARCHITECTURES\A3\RESULTS\RUNS\A3_s43_cv2\normalizer.json,96d50de899d030d0814f1b1de6a785fda82d824637a9237bf0cd5ed8f713a28b,A3_s43_cv2,43,2,.json
C:\Users\Hngk\Documents\Codex\2026-09-07\use-the-autoresearch-skill-x20-https\outputs\PUMA_STAGE2_RESEARCH_PROMPTS_1_TO_4\PROMPT_4\RUNS\A3_s43_cv2\provenance.json,PROMPT_4\ARCHITECTURES\A3\RESULTS\RUNS\A3_s43_cv2\provenance.json,7124dcdb9612143641cf0d874023d8b51c234c422d7d87c231fece59b74a6d29,A3_s43_cv2,43,2,.json
C:\Users\Hngk\Documents\Codex\2026-09-07\use-the-autoresearch-skill-x20-https\outputs\PUMA_STAGE2_RESEARCH_PROMPTS_1_TO_4\PROMPT_4\RUNS\A3_s43_cv2\summary.json,PROMPT_4\ARCHITECTURES\A3\RESULTS\RUNS\A3_s43_cv2\summary.json,c588ae4ccf60bdcf249c40346c4beb16673e3b6f3c72d2dfb47b6a1002726ec3,A3_s43_cv2,43,2,.json
