original_path,archival_path,sha256,experiment_id,seed,fold,type
C:\Users\Hngk\Documents\Codex\2026-09-07\use-the-autoresearch-skill-x20-https\outputs\PUMA_STAGE2_RESEARCH_PROMPTS_1_TO_4\PROMPT_4\RUNS\A4_broken_s17_cv0\batch_history.jsonl,PROMPT_4\ARCHITECTURES\A4\RESULTS\RUNS\A4_broken_s17_cv0\batch_history.jsonl,3c9f1907303e74e26e716ed1b1828c01eee3ef1dc9914c1e224b36c8978301b0,A4_broken_s17_cv0,17,0,.jsonl
C:\Users\Hngk\Documents\Codex\2026-09-07\use-the-autoresearch-skill-x20-https\outputs\PUMA_STAGE2_RESEARCH_PROMPTS_1_TO_4\PROMPT_4\RUNS\A4_broken_s17_cv0\config.json,PROMPT_4\ARCHITECTURES\A4\RESULTS\RUNS\A4_broken_s17_cv0\config.json,426ac14b0e18a73ffafd7b62631edc1104d0c1100d4dd609d867ec134e11482d,A4_broken_s17_cv0,17,0,.json
C:\Users\Hngk\Documents\Codex\2026-09-07\use-the-autoresearch-skill-x20-https\outputs\PUMA_STAGE2_RESEARCH_PROMPTS_1_TO_4\PROMPT_4\RUNS\A4_broken_s17_cv0\epoch_01_predictions.npz,PROMPT_4\ARCHITECTURES\A4\RESULTS\RUNS\A4_broken_s17_cv0\epoch_01_predictions.npz,c79ded2092a96c2c6b42f0a532bd303e4e2a53e1de9d8ad16fb69898f2c68a1a,A4_broken_s17_cv0,17,0,.npz
C:\Users\Hngk\Documents\Codex\2026-09-07\use-the-autoresearch-skill-x20-https\outputs\PUMA_STAGE2_RESEARCH_PROMPTS_1_TO_4\PROMPT_4\RUNS\A4_broken_s17_cv0\epoch_02_predictions.npz,PROMPT_4\ARCHITECTURES\A4\RESULTS\RUNS\A4_broken_s17_cv0\epoch_02_predictions.npz,d6071513f70c4f281f91cb1ca5ce0bd599d75507cbab88d79f411ed618846d80,A4_broken_s17_cv0,17,0,.npz
C:\Users\Hngk\Documents\Codex\2026-09-07\use-the-autoresearch-skill-x20-https\outputs\PUMA_STAGE2_RESEARCH_PROMPTS_1_TO_4\PROMPT_4\RUNS\A4_broken_s17_cv0\epoch_03_predictions.npz,PROMPT_4\ARCHITECTURES\A4\RESULTS\RUNS\A4_broken_s17_cv0\epoch_03_predictions.npz,8979a8330665b7296cd0af0d8b696d7da18322d11def2196315d019b298e6dc9,A4_broken_s17_cv0,17,0,.npz
C:\Users\Hngk\Documents\Codex\2026-09-07\use-the-autoresearch-skill-x20-https\outputs\PUMA_STAGE2_RESEARCH_PROMPTS_1_TO_4\PROMPT_4\RUNS\A4_broken_s17_cv0\epoch_04_predictions.npz,PROMPT_4\ARCHITECTURES\A4\RESULTS\RUNS\A4_broken_s17_cv0\epoch_04_predictions.npz,2f038b070ac40c9de37c8645d7e6fc25ba4e18c39e1ad37540c02838583752ad,A4_broken_s17_cv0,17,0,.npz
C:\Users\Hngk\Documents\Codex\2026-09-07\use-the-autoresearch-skill-x20-https\outputs\PUMA_STAGE2_RESEARCH_PROMPTS_1_TO_4\PROMPT_4\RUNS\A4_broken_s17_cv0\epoch_05_predictions.npz,PROMPT_4\ARCHITECTURES\A4\RESULTS\RUNS\A4_broken_s17_cv0\epoch_05_predictions.npz,de13b329013fde08d3f3b3091c3a90cc05873af79cf3998886ceede196130c05,A4_broken_s17_cv0,17,0,.npz
C:\Users\Hngk\Documents\Codex\2026-09-07\use-the-autoresearch-skill-x20-https\outputs\PUMA_STAGE2_RESEARCH_PROMPTS_1_TO_4\PROMPT_4\RUNS\A4_broken_s17_cv0\epoch_06_predictions.npz,PROMPT_4\ARCHITECTURES\A4\RESULTS\RUNS\A4_broken_s17_cv0\epoch_06_predictions.npz,3406412d24492c6d59f71f86b90bd0057485f8c6e597996205037d8c0f6b126f,A4_broken_s17_cv0,17,0,.npz
C:\Users\Hngk\Documents\Codex\2026-09-07\use-the-autoresearch-skill-x20-https\outputs\PUMA_STAGE2_RESEARCH_PROMPTS_1_TO_4\PROMPT_4\RUNS\A4_broken_s17_cv0\epoch_07_predictions.npz,PROMPT_4\ARCHITECTURES\A4\RESULTS\RUNS\A4_broken_s17_cv0\epoch_07_predictions.npz,c753b5e4557cddeecddeafadee063dc8ae0025962058986c6f499a3b6bc2c5f0,A4_broken_s17_cv0,17,0,.npz
C:\Users\Hngk\Documents\Codex\2026-09-07\use-the-autoresearch-skill-x20-https\outputs\PUMA_STAGE2_RESEARCH_PROMPTS_1_TO_4\PROMPT_4\RUNS\A4_broken_s17_cv0\epoch_08_predictions.npz,PROMPT_4\ARCHITECTURES\A4\RESULTS\RUNS\A4_broken_s17_cv0\epoch_08_predictions.npz,3e1157cbe818579bcd91af4d0a26a99f88b469ae2b243ce5737b02ed449e20e6,A4_broken_s17_cv0,17,0,.npz
C:\Users\Hngk\Documents\Codex\2026-09-07\use-the-autoresearch-skill-x20-https\outputs\PUMA_STAGE2_RESEARCH_PROMPTS_1_TO_4\PROMPT_4\RUNS\A4_broken_s17_cv0\epoch_09_predictions.npz,PROMPT_4\ARCHITECTURES\A4\RESULTS\RUNS\A4_broken_s17_cv0\epoch_09_predictions.npz,3260ed5c68cf22011472738ba3061ecea5b7b4a3005aba1f4b6d03768d8fb71e,A4_broken_s17_cv0,17,0,.npz
C:\Users\Hngk\Documents\Codex\2026-09-07\use-the-autoresearch-skill-x20-https\outputs\PUMA_STAGE2_RESEARCH_PROMPTS_1_TO_4\PROMPT_4\RUNS\A4_broken_s17_cv0\epoch_10_predictions.npz,PROMPT_4\ARCHITECTURES\A4\RESULTS\RUNS\A4_broken_s17_cv0\epoch_10_predictions.npz,ffa098cc670e04dcccc34eb5b309c6279e03b1191f7b93d1a6b9a3b2598aeb57,A4_broken_s17_cv0,17,0,.npz
C:\Users\Hngk\Documents\Codex\2026-09-07\use-the-autoresearch-skill-x20-https\outputs\PUMA_STAGE2_RESEARCH_PROMPTS_1_TO_4\PROMPT_4\RUNS\A4_broken_s17_cv0\final.pt,PROMPT_4\ARCHITECTURES\A4\RESULTS\RUNS\A4_broken_s17_cv0\final.pt,a8fc489009ddcf5cd10d8caba01fa100b14422aded3f0e601e99551e06211de7,A4_broken_s17_cv0,17,0,.pt
C:\Users\Hngk\Documents\Codex\2026-09-07\use-the-autoresearch-skill-x20-https\outputs\PUMA_STAGE2_RESEARCH_PROMPTS_1_TO_4\PROMPT_4\RUNS\A4_broken_s17_cv0\history.jsonl,PROMPT_4\ARCHITECTURES\A4\RESULTS\RUNS\A4_broken_s17_cv0\history.jsonl,2426b231e5c63dd19ad3d92939571f65b79792105ba72315badd4d50116845ce,A4_broken_s17_cv0,17,0,.jsonl
C:\Users\Hngk\Documents\Codex\2026-09-07\use-the-autoresearch-skill-x20-https\outputs\PUMA_STAGE2_RESEARCH_PROMPTS_1_TO_4\PROMPT_4\RUNS\A4_broken_s17_cv0\normalizer.json,PROMPT_4\ARCHITECTURES\A4\RESULTS\RUNS\A4_broken_s17_cv0\normalizer.json,f75d5e56dcca6f2ff7aa13358de835631b823bbc37b6b08d02983940eb5ee49c,A4_broken_s17_cv0,17,0,.json
C:\Users\Hngk\Documents\Codex\2026-09-07\use-the-autoresearch-skill-x20-https\outputs\PUMA_STAGE2_RESEARCH_PROMPTS_1_TO_4\PROMPT_4\RUNS\A4_broken_s17_cv0\provenance.json,PROMPT_4\ARCHITECTURES\A4\RESULTS\RUNS\A4_broken_s17_cv0\provenance.json,6c9a4034d2764262f16e947e95df8a1a6e3438dc61f82146c97d3df961d7de37,A4_broken_s17_cv0,17,0,.json
C:\Users\Hngk\Documents\Codex\2026-09-07\use-the-autoresearch-skill-x20-https\outputs\PUMA_STAGE2_RESEARCH_PROMPTS_1_TO_4\PROMPT_4\RUNS\A4_broken_s17_cv0\summary.json,PROMPT_4\ARCHITECTURES\A4\RESULTS\RUNS\A4_broken_s17_cv0\summary.json,cc35945514cac78b14b27f6c1178aaf76b6f2606d07b8a3ddefcc1bc01dd4b88,A4_broken_s17_cv0,17,0,.json
C:\Users\Hngk\Documents\Codex\2026-09-07\use-the-autoresearch-skill-x20-https\outputs\PUMA_STAGE2_RESEARCH_PROMPTS_1_TO_4\PROMPT_4\RUNS\A4_broken_s17_cv1\batch_history.jsonl,PROMPT_4\ARCHITECTURES\A4\RESULTS\RUNS\A4_broken_s17_cv1\batch_history.jsonl,d01c14b4e4feb3d586696e87a2f7add98213ce81638e9da27ae698b5c516b139,A4_broken_s17_cv1,17,1,.jsonl
C:\Users\Hngk\Documents\Codex\2026-09-07\use-the-autoresearch-skill-x20-https\outputs\PUMA_STAGE2_RESEARCH_PROMPTS_1_TO_4\PROMPT_4\RUNS\A4_broken_s17_cv1\config.json,PROMPT_4\ARCHITECTURES\A4\RESULTS\RUNS\A4_broken_s17_cv1\config.json,e37b6ffb00692c99788c690b7479f5279696b94ff5febe923c23427ea3bc19ce,A4_broken_s17_cv1,17,1,.json
C:\Users\Hngk\Documents\Codex\2026-09-07\use-the-autoresearch-skill-x20-https\outputs\PUMA_STAGE2_RESEARCH_PROMPTS_1_TO_4\PROMPT_4\RUNS\A4_broken_s17_cv1\epoch_01_predictions.npz,PROMPT_4\ARCHITECTURES\A4\RESULTS\RUNS\A4_broken_s17_cv1\epoch_01_predictions.npz,6a8f9b35fe9f305212005b89bb39a2e9386a788240ee172878521bfb8a0a31ed,A4_broken_s17_cv1,17,1,.npz
C:\Users\Hngk\Documents\Codex\2026-09-07\use-the-autoresearch-skill-x20-https\outputs\PUMA_STAGE2_RESEARCH_PROMPTS_1_TO_4\PROMPT_4\RUNS\A4_broken_s17_cv1\epoch_02_predictions.npz,PROMPT_4\ARCHITECTURES\A4\RESULTS\RUNS\A4_broken_s17_cv1\epoch_02_predictions.npz,2d988116e56c836b9c5b391b98cea0c9af6383d8816c9ddd3adc824b494a9245,A4_broken_s17_cv1,17,1,.npz
C:\Users\Hngk\Documents\Codex\2026-09-07\use-the-autoresearch-skill-x20-https\outputs\PUMA_STAGE2_RESEARCH_PROMPTS_1_TO_4\PROMPT_4\RUNS\A4_broken_s17_cv1\epoch_03_predictions.npz,PROMPT_4\ARCHITECTURES\A4\RESULTS\RUNS\A4_broken_s17_cv1\epoch_03_predictions.npz,859b7eb4fe3d7e39a7e925a5ca4b6d378ef2012d6252b0c4ebb1b0a122a40d8c,A4_broken_s17_cv1,17,1,.npz
C:\Users\Hngk\Documents\Codex\2026-09-07\use-the-autoresearch-skill-x20-https\outputs\PUMA_STAGE2_RESEARCH_PROMPTS_1_TO_4\PROMPT_4\RUNS\A4_broken_s17_cv1\epoch_04_predictions.npz,PROMPT_4\ARCHITECTURES\A4\RESULTS\RUNS\A4_broken_s17_cv1\epoch_04_predictions.npz,35a02e87abcec986a6faf3b32e481ad53d5febf484952e1179f8abfcd7ab4874,A4_broken_s17_cv1,17,1,.npz
C:\Users\Hngk\Documents\Codex\2026-09-07\use-the-autoresearch-skill-x20-https\outputs\PUMA_STAGE2_RESEARCH_PROMPTS_1_TO_4\PROMPT_4\RUNS\A4_broken_s17_cv1\epoch_05_predictions.npz,PROMPT_4\ARCHITECTURES\A4\RESULTS\RUNS\A4_broken_s17_cv1\epoch_05_predictions.npz,15ac17064530249e72dbf910a2194b5537336d8f253e7966bad3277c2ccc8165,A4_broken_s17_cv1,17,1,.npz
C:\Users\Hngk\Documents\Codex\2026-09-07\use-the-autoresearch-skill-x20-https\outputs\PUMA_STAGE2_RESEARCH_PROMPTS_1_TO_4\PROMPT_4\RUNS\A4_broken_s17_cv1\epoch_06_predictions.npz,PROMPT_4\ARCHITECTURES\A4\RESULTS\RUNS\A4_broken_s17_cv1\epoch_06_predictions.npz,151ad4d7940123cdf1d74980dd876db7e0a1dbbace79d25015b9362d8eae05b9,A4_broken_s17_cv1,17,1,.npz
C:\Users\Hngk\Documents\Codex\2026-09-07\use-the-autoresearch-skill-x20-https\outputs\PUMA_STAGE2_RESEARCH_PROMPTS_1_TO_4\PROMPT_4\RUNS\A4_broken_s17_cv1\epoch_07_predictions.npz,PROMPT_4\ARCHITECTURES\A4\RESULTS\RUNS\A4_broken_s17_cv1\epoch_07_predictions.npz,7ce607e5b006cc5f39067f14eec7db45b6f21927bcf5a67634e4c4bc5578871a,A4_broken_s17_cv1,17,1,.npz
C:\Users\Hngk\Documents\Codex\2026-09-07\use-the-autoresearch-skill-x20-https\outputs\PUMA_STAGE2_RESEARCH_PROMPTS_1_TO_4\PROMPT_4\RUNS\A4_broken_s17_cv1\epoch_08_predictions.npz,PROMPT_4\ARCHITECTURES\A4\RESULTS\RUNS\A4_broken_s17_cv1\epoch_08_predictions.npz,f6dc197fe5f8e82bb0fb5e5ef1d5ec112795b399752d1ee3c26c76a208c9f88d,A4_broken_s17_cv1,17,1,.npz
C:\Users\Hngk\Documents\Codex\2026-09-07\use-the-autoresearch-skill-x20-https\outputs\PUMA_STAGE2_RESEARCH_PROMPTS_1_TO_4\PROMPT_4\RUNS\A4_broken_s17_cv1\epoch_09_predictions.npz,PROMPT_4\ARCHITECTURES\A4\RESULTS\RUNS\A4_broken_s17_cv1\epoch_09_predictions.npz,b915ac492bddeb42dc1138a8d8cca62c2ca644925cbe63ef49c760480c58171c,A4_broken_s17_cv1,17,1,.npz
C:\Users\Hngk\Documents\Codex\2026-09-07\use-the-autoresearch-skill-x20-https\outputs\PUMA_STAGE2_RESEARCH_PROMPTS_1_TO_4\PROMPT_4\RUNS\A4_broken_s17_cv1\epoch_10_predictions.npz,PROMPT_4\ARCHITECTURES\A4\RESULTS\RUNS\A4_broken_s17_cv1\epoch_10_predictions.npz,cb5fe0360e54a9b351f28eb1b42fbff21eafe936737981efc9f96ebd550de84b,A4_broken_s17_cv1,17,1,.npz
C:\Users\Hngk\Documents\Codex\2026-09-07\use-the-autoresearch-skill-x20-https\outputs\PUMA_STAGE2_RESEARCH_PROMPTS_1_TO_4\PROMPT_4\RUNS\A4_broken_s17_cv1\final.pt,PROMPT_4\ARCHITECTURES\A4\RESULTS\RUNS\A4_broken_s17_cv1\final.pt,298f89a18adc7c35da99f75a9c08e17a9af0d6557d105d498f0d386030264bbe,A4_broken_s17_cv1,17,1,.pt
C:\Users\Hngk\Documents\Codex\2026-09-07\use-the-autoresearch-skill-x20-https\outputs\PUMA_STAGE2_RESEARCH_PROMPTS_1_TO_4\PROMPT_4\RUNS\A4_broken_s17_cv1\history.jsonl,PROMPT_4\ARCHITECTURES\A4\RESULTS\RUNS\A4_broken_s17_cv1\history.jsonl,233f02bbc186b0c05c973810e22f4b6f6ef9773f05b1b58ef2737c68d1ba76e7,A4_broken_s17_cv1,17,1,.jsonl
C:\Users\Hngk\Documents\Codex\2026-09-07\use-the-autoresearch-skill-x20-https\outputs\PUMA_STAGE2_RESEARCH_PROMPTS_1_TO_4\PROMPT_4\RUNS\A4_broken_s17_cv1\normalizer.json,PROMPT_4\ARCHITECTURES\A4\RESULTS\RUNS\A4_broken_s17_cv1\normalizer.json,3383fe0635cb468d084e5ebbd6144bb89768f6927f37c55e35b23ba5efd095cb,A4_broken_s17_cv1,17,1,.json
C:\Users\Hngk\Documents\Codex\2026-09-07\use-the-autoresearch-skill-x20-https\outputs\PUMA_STAGE2_RESEARCH_PROMPTS_1_TO_4\PROMPT_4\RUNS\A4_broken_s17_cv1\provenance.json,PROMPT_4\ARCHITECTURES\A4\RESULTS\RUNS\A4_broken_s17_cv1\provenance.json,063ce8e9ac990667655ecd1e78c43d4b6dbee7a0c22a13cd6e9b5cbf10902651,A4_broken_s17_cv1,17,1,.json
C:\Users\Hngk\Documents\Codex\2026-09-07\use-the-autoresearch-skill-x20-https\outputs\PUMA_STAGE2_RESEARCH_PROMPTS_1_TO_4\PROMPT_4\RUNS\A4_broken_s17_cv1\summary.json,PROMPT_4\ARCHITECTURES\A4\RESULTS\RUNS\A4_broken_s17_cv1\summary.json,26fbfbac49c9432016f80d28a04a0b2faa44cbbc4bdd6596521abfd5096f4ae2,A4_broken_s17_cv1,17,1,.json
C:\Users\Hngk\Documents\Codex\2026-09-07\use-the-autoresearch-skill-x20-https\outputs\PUMA_STAGE2_RESEARCH_PROMPTS_1_TO_4\PROMPT_4\RUNS\A4_broken_s17_cv2\batch_history.jsonl,PROMPT_4\ARCHITECTURES\A4\RESULTS\RUNS\A4_broken_s17_cv2\batch_history.jsonl,c1f77188197490c2658e8f8c2281d594303cb10e2db90d0ba75fd9bf4efdc7e0,A4_broken_s17_cv2,17,2,.jsonl
C:\Users\Hngk\Documents\Codex\2026-09-07\use-the-autoresearch-skill-x20-https\outputs\PUMA_STAGE2_RESEARCH_PROMPTS_1_TO_4\PROMPT_4\RUNS\A4_broken_s17_cv2\config.json,PROMPT_4\ARCHITECTURES\A4\RESULTS\RUNS\A4_broken_s17_cv2\config.json,be08999f2ba7de77e8bd7aa6c70434b67f3ded886cdc285fd44651c13b29bf58,A4_broken_s17_cv2,17,2,.json
C:\Users\Hngk\Documents\Codex\2026-09-07\use-the-autoresearch-skill-x20-https\outputs\PUMA_STAGE2_RESEARCH_PROMPTS_1_TO_4\PROMPT_4\RUNS\A4_broken_s17_cv2\epoch_01_predictions.npz,PROMPT_4\ARCHITECTURES\A4\RESULTS\RUNS\A4_broken_s17_cv2\epoch_01_predictions.npz,80778b8dc4fc11ef3be1d1ef25cce1552897642852f7a98f3732d297f4ff3c7a,A4_broken_s17_cv2,17,2,.npz
C:\Users\Hngk\Documents\Codex\2026-09-07\use-the-autoresearch-skill-x20-https\outputs\PUMA_STAGE2_RESEARCH_PROMPTS_1_TO_4\PROMPT_4\RUNS\A4_broken_s17_cv2\epoch_02_predictions.npz,PROMPT_4\ARCHITECTURES\A4\RESULTS\RUNS\A4_broken_s17_cv2\epoch_02_predictions.npz,93a6a942538355d2cd2543eca292800101538df21f30a9555c8365cc706ffe7c,A4_broken_s17_cv2,17,2,.npz
C:\Users\Hngk\Documents\Codex\2026-09-07\use-the-autoresearch-skill-x20-https\outputs\PUMA_STAGE2_RESEARCH_PROMPTS_1_TO_4\PROMPT_4\RUNS\A4_broken_s17_cv2\epoch_03_predictions.npz,PROMPT_4\ARCHITECTURES\A4\RESULTS\RUNS\A4_broken_s17_cv2\epoch_03_predictions.npz,e5558292688b304a6c56044e4fe760a243562ff1a31a02a9a3eebf2e0f20a920,A4_broken_s17_cv2,17,2,.npz
C:\Users\Hngk\Documents\Codex\2026-09-07\use-the-autoresearch-skill-x20-https\outputs\PUMA_STAGE2_RESEARCH_PROMPTS_1_TO_4\PROMPT_4\RUNS\A4_broken_s17_cv2\epoch_04_predictions.npz,PROMPT_4\ARCHITECTURES\A4\RESULTS\RUNS\A4_broken_s17_cv2\epoch_04_predictions.npz,72471b62392c4c901b42a4fb1b01d487e2b99ef376b0fa25fa44693370a9f8d1,A4_broken_s17_cv2,17,2,.npz
C:\Users\Hngk\Documents\Codex\2026-09-07\use-the-autoresearch-skill-x20-https\outputs\PUMA_STAGE2_RESEARCH_PROMPTS_1_TO_4\PROMPT_4\RUNS\A4_broken_s17_cv2\epoch_05_predictions.npz,PROMPT_4\ARCHITECTURES\A4\RESULTS\RUNS\A4_broken_s17_cv2\epoch_05_predictions.npz,9b54b48c3ae78584c6a292362340a536924a80d3456b6af7ccbdf3893dc39af4,A4_broken_s17_cv2,17,2,.npz
C:\Users\Hngk\Documents\Codex\2026-09-07\use-the-autoresearch-skill-x20-https\outputs\PUMA_STAGE2_RESEARCH_PROMPTS_1_TO_4\PROMPT_4\RUNS\A4_broken_s17_cv2\epoch_06_predictions.npz,PROMPT_4\ARCHITECTURES\A4\RESULTS\RUNS\A4_broken_s17_cv2\epoch_06_predictions.npz,2944dd098ab0180022d0e0c57f5c473446a742a6545acc768689a1e379b6caeb,A4_broken_s17_cv2,17,2,.npz
C:\Users\Hngk\Documents\Codex\2026-09-07\use-the-autoresearch-skill-x20-https\outputs\PUMA_STAGE2_RESEARCH_PROMPTS_1_TO_4\PROMPT_4\RUNS\A4_broken_s17_cv2\epoch_07_predictions.npz,PROMPT_4\ARCHITECTURES\A4\RESULTS\RUNS\A4_broken_s17_cv2\epoch_07_predictions.npz,83703ddd2df263e523fa3846c0a1c44d7e2e09342b605e11ad13474f5f6f33d7,A4_broken_s17_cv2,17,2,.npz
C:\Users\Hngk\Documents\Codex\2026-09-07\use-the-autoresearch-skill-x20-https\outputs\PUMA_STAGE2_RESEARCH_PROMPTS_1_TO_4\PROMPT_4\RUNS\A4_broken_s17_cv2\epoch_08_predictions.npz,PROMPT_4\ARCHITECTURES\A4\RESULTS\RUNS\A4_broken_s17_cv2\epoch_08_predictions.npz,f6fe480dc248ba35727d7c512932fdd30755fa2ebb3ae53eed6cb7335060ebc0,A4_broken_s17_cv2,17,2,.npz
C:\Users\Hngk\Documents\Codex\2026-09-07\use-the-autoresearch-skill-x20-https\outputs\PUMA_STAGE2_RESEARCH_PROMPTS_1_TO_4\PROMPT_4\RUNS\A4_broken_s17_cv2\epoch_09_predictions.npz,PROMPT_4\ARCHITECTURES\A4\RESULTS\RUNS\A4_broken_s17_cv2\epoch_09_predictions.npz,08fcb4bb4b175726f00031266d4efc90c76b205bb3ca7cde670fa50baacf39ba,A4_broken_s17_cv2,17,2,.npz
C:\Users\Hngk\Documents\Codex\2026-09-07\use-the-autoresearch-skill-x20-https\outputs\PUMA_STAGE2_RESEARCH_PROMPTS_1_TO_4\PROMPT_4\RUNS\A4_broken_s17_cv2\epoch_10_predictions.npz,PROMPT_4\ARCHITECTURES\A4\RESULTS\RUNS\A4_broken_s17_cv2\epoch_10_predictions.npz,cd7589b915c91d3b1cc9eea879671a5f8ae41c7d7d6441bc762d96f444ba6cd2,A4_broken_s17_cv2,17,2,.npz
C:\Users\Hngk\Documents\Codex\2026-09-07\use-the-autoresearch-skill-x20-https\outputs\PUMA_STAGE2_RESEARCH_PROMPTS_1_TO_4\PROMPT_4\RUNS\A4_broken_s17_cv2\final.pt,PROMPT_4\ARCHITECTURES\A4\RESULTS\RUNS\A4_broken_s17_cv2\final.pt,bda819b3f211ff25a9fed2b845eb59f985ad73a8b40295cacf15306d2a8273be,A4_broken_s17_cv2,17,2,.pt
C:\Users\Hngk\Documents\Codex\2026-09-07\use-the-autoresearch-skill-x20-https\outputs\PUMA_STAGE2_RESEARCH_PROMPTS_1_TO_4\PROMPT_4\RUNS\A4_broken_s17_cv2\history.jsonl,PROMPT_4\ARCHITECTURES\A4\RESULTS\RUNS\A4_broken_s17_cv2\history.jsonl,54ef7d2a48a470630d2f4ac18c8852661c4880806d3f796525ff2995eb270fe5,A4_broken_s17_cv2,17,2,.jsonl
C:\Users\Hngk\Documents\Codex\2026-09-07\use-the-autoresearch-skill-x20-https\outputs\PUMA_STAGE2_RESEARCH_PROMPTS_1_TO_4\PROMPT_4\RUNS\A4_broken_s17_cv2\normalizer.json,PROMPT_4\ARCHITECTURES\A4\RESULTS\RUNS\A4_broken_s17_cv2\normalizer.json,96d50de899d030d0814f1b1de6a785fda82d824637a9237bf0cd5ed8f713a28b,A4_broken_s17_cv2,17,2,.json
C:\Users\Hngk\Documents\Codex\2026-09-07\use-the-autoresearch-skill-x20-https\outputs\PUMA_STAGE2_RESEARCH_PROMPTS_1_TO_4\PROMPT_4\RUNS\A4_broken_s17_cv2\provenance.json,PROMPT_4\ARCHITECTURES\A4\RESULTS\RUNS\A4_broken_s17_cv2\provenance.json,2e3f1e69ec2cbca9e40f6886c610dbc8b3fa7fab72e4a33e9ce4f62c42a89fe9,A4_broken_s17_cv2,17,2,.json
C:\Users\Hngk\Documents\Codex\2026-09-07\use-the-autoresearch-skill-x20-https\outputs\PUMA_STAGE2_RESEARCH_PROMPTS_1_TO_4\PROMPT_4\RUNS\A4_broken_s17_cv2\summary.json,PROMPT_4\ARCHITECTURES\A4\RESULTS\RUNS\A4_broken_s17_cv2\summary.json,a6372ae43ac6cfa39bc747dfb4a1793b7bb639e00da814b827d0708e8ad183b7,A4_broken_s17_cv2,17,2,.json
C:\Users\Hngk\Documents\Codex\2026-09-07\use-the-autoresearch-skill-x20-https\outputs\PUMA_STAGE2_RESEARCH_PROMPTS_1_TO_4\PROMPT_4\RUNS\A4_broken_s29_cv0\batch_history.jsonl,PROMPT_4\ARCHITECTURES\A4\RESULTS\RUNS\A4_broken_s29_cv0\batch_history.jsonl,d2e7b1e8936a7868132c108c88bdc326d5ef57690fab03ae8a659e2ca602e8a5,A4_broken_s29_cv0,29,0,.jsonl
C:\Users\Hngk\Documents\Codex\2026-09-07\use-the-autoresearch-skill-x20-https\outputs\PUMA_STAGE2_RESEARCH_PROMPTS_1_TO_4\PROMPT_4\RUNS\A4_broken_s29_cv0\config.json,PROMPT_4\ARCHITECTURES\A4\RESULTS\RUNS\A4_broken_s29_cv0\config.json,fbb82eb9c66b4a6d63c4771df021761e2495d71a96844cd9c91c70084f7ac633,A4_broken_s29_cv0,29,0,.json
C:\Users\Hngk\Documents\Codex\2026-09-07\use-the-autoresearch-skill-x20-https\outputs\PUMA_STAGE2_RESEARCH_PROMPTS_1_TO_4\PROMPT_4\RUNS\A4_broken_s29_cv0\epoch_01_predictions.npz,PROMPT_4\ARCHITECTURES\A4\RESULTS\RUNS\A4_broken_s29_cv0\epoch_01_predictions.npz,10f2aa4d6fd7768b1e00d85bf2d093f4c82168355fdc30bfcc2b33cb6bef7619,A4_broken_s29_cv0,29,0,.npz
C:\Users\Hngk\Documents\Codex\2026-09-07\use-the-autoresearch-skill-x20-https\outputs\PUMA_STAGE2_RESEARCH_PROMPTS_1_TO_4\PROMPT_4\RUNS\A4_broken_s29_cv0\epoch_02_predictions.npz,PROMPT_4\ARCHITECTURES\A4\RESULTS\RUNS\A4_broken_s29_cv0\epoch_02_predictions.npz,636b7e52a0479399ec255b334bb4d4c76f9cfcc42d91521e88756975056b3f66,A4_broken_s29_cv0,29,0,.npz
C:\Users\Hngk\Documents\Codex\2026-09-07\use-the-autoresearch-skill-x20-https\outputs\PUMA_STAGE2_RESEARCH_PROMPTS_1_TO_4\PROMPT_4\RUNS\A4_broken_s29_cv0\epoch_03_predictions.npz,PROMPT_4\ARCHITECTURES\A4\RESULTS\RUNS\A4_broken_s29_cv0\epoch_03_predictions.npz,2012b06a728d87c051ec0960e719ff21cd30576bb99a88928f2b3b4d5ec2abb5,A4_broken_s29_cv0,29,0,.npz
C:\Users\Hngk\Documents\Codex\2026-09-07\use-the-autoresearch-skill-x20-https\outputs\PUMA_STAGE2_RESEARCH_PROMPTS_1_TO_4\PROMPT_4\RUNS\A4_broken_s29_cv0\epoch_04_predictions.npz,PROMPT_4\ARCHITECTURES\A4\RESULTS\RUNS\A4_broken_s29_cv0\epoch_04_predictions.npz,d3526481840059b421f73bb06d9d7f75e91f41b4a0964ea11ddf8859bced8079,A4_broken_s29_cv0,29,0,.npz
C:\Users\Hngk\Documents\Codex\2026-09-07\use-the-autoresearch-skill-x20-https\outputs\PUMA_STAGE2_RESEARCH_PROMPTS_1_TO_4\PROMPT_4\RUNS\A4_broken_s29_cv0\epoch_05_predictions.npz,PROMPT_4\ARCHITECTURES\A4\RESULTS\RUNS\A4_broken_s29_cv0\epoch_05_predictions.npz,60d9864e54e3c76399c79a33423a85e724d9dbaab5163310014d1f8df7bcb1d6,A4_broken_s29_cv0,29,0,.npz
C:\Users\Hngk\Documents\Codex\2026-09-07\use-the-autoresearch-skill-x20-https\outputs\PUMA_STAGE2_RESEARCH_PROMPTS_1_TO_4\PROMPT_4\RUNS\A4_broken_s29_cv0\epoch_06_predictions.npz,PROMPT_4\ARCHITECTURES\A4\RESULTS\RUNS\A4_broken_s29_cv0\epoch_06_predictions.npz,9068735bca75e2cac8f4ccdab860c717160c6bd23ccfd82df398922a80a47d83,A4_broken_s29_cv0,29,0,.npz
C:\Users\Hngk\Documents\Codex\2026-09-07\use-the-autoresearch-skill-x20-https\outputs\PUMA_STAGE2_RESEARCH_PROMPTS_1_TO_4\PROMPT_4\RUNS\A4_broken_s29_cv0\epoch_07_predictions.npz,PROMPT_4\ARCHITECTURES\A4\RESULTS\RUNS\A4_broken_s29_cv0\epoch_07_predictions.npz,854e14128e07693ed99b392a121ba2f8cc82219c54856abc7200bb3c1cd14ca0,A4_broken_s29_cv0,29,0,.npz
C:\Users\Hngk\Documents\Codex\2026-09-07\use-the-autoresearch-skill-x20-https\outputs\PUMA_STAGE2_RESEARCH_PROMPTS_1_TO_4\PROMPT_4\RUNS\A4_broken_s29_cv0\epoch_08_predictions.npz,PROMPT_4\ARCHITECTURES\A4\RESULTS\RUNS\A4_broken_s29_cv0\epoch_08_predictions.npz,1b6c3ef9061ffa68e747fbcabfc4348f98e9cfa53c254ac04b4ddc06966f6024,A4_broken_s29_cv0,29,0,.npz
C:\Users\Hngk\Documents\Codex\2026-09-07\use-the-autoresearch-skill-x20-https\outputs\PUMA_STAGE2_RESEARCH_PROMPTS_1_TO_4\PROMPT_4\RUNS\A4_broken_s29_cv0\epoch_09_predictions.npz,PROMPT_4\ARCHITECTURES\A4\RESULTS\RUNS\A4_broken_s29_cv0\epoch_09_predictions.npz,631f642eda0b84a89946c63c6ee986202c93de5337e6b3c38e28c6b76bc7d44f,A4_broken_s29_cv0,29,0,.npz
C:\Users\Hngk\Documents\Codex\2026-09-07\use-the-autoresearch-skill-x20-https\outputs\PUMA_STAGE2_RESEARCH_PROMPTS_1_TO_4\PROMPT_4\RUNS\A4_broken_s29_cv0\epoch_10_predictions.npz,PROMPT_4\ARCHITECTURES\A4\RESULTS\RUNS\A4_broken_s29_cv0\epoch_10_predictions.npz,f0a21a53664e8a7b3677c0572c27381e10656082307862533cb7d46487f4dbf2,A4_broken_s29_cv0,29,0,.npz
C:\Users\Hngk\Documents\Codex\2026-09-07\use-the-autoresearch-skill-x20-https\outputs\PUMA_STAGE2_RESEARCH_PROMPTS_1_TO_4\PROMPT_4\RUNS\A4_broken_s29_cv0\final.pt,PROMPT_4\ARCHITECTURES\A4\RESULTS\RUNS\A4_broken_s29_cv0\final.pt,4c9930b1724f5bf5ed1d058a7a69ab5c2c3b3202992b1f6008e3df2e527bc41d,A4_broken_s29_cv0,29,0,.pt
C:\Users\Hngk\Documents\Codex\2026-09-07\use-the-autoresearch-skill-x20-https\outputs\PUMA_STAGE2_RESEARCH_PROMPTS_1_TO_4\PROMPT_4\RUNS\A4_broken_s29_cv0\history.jsonl,PROMPT_4\ARCHITECTURES\A4\RESULTS\RUNS\A4_broken_s29_cv0\history.jsonl,2d33c2146b1bba062bcab98d7855c93ba348ce9bf8fa587d0be6870368c254d6,A4_broken_s29_cv0,29,0,.jsonl
C:\Users\Hngk\Documents\Codex\2026-09-07\use-the-autoresearch-skill-x20-https\outputs\PUMA_STAGE2_RESEARCH_PROMPTS_1_TO_4\PROMPT_4\RUNS\A4_broken_s29_cv0\normalizer.json,PROMPT_4\ARCHITECTURES\A4\RESULTS\RUNS\A4_broken_s29_cv0\normalizer.json,f75d5e56dcca6f2ff7aa13358de835631b823bbc37b6b08d02983940eb5ee49c,A4_broken_s29_cv0,29,0,.json
C:\Users\Hngk\Documents\Codex\2026-09-07\use-the-autoresearch-skill-x20-https\outputs\PUMA_STAGE2_RESEARCH_PROMPTS_1_TO_4\PROMPT_4\RUNS\A4_broken_s29_cv0\provenance.json,PROMPT_4\ARCHITECTURES\A4\RESULTS\RUNS\A4_broken_s29_cv0\provenance.json,a33ff6b07331ad2147993a8ecacf4f2aefb295ea408ad4ef8301a5809f68cb6b,A4_broken_s29_cv0,29,0,.json
C:\Users\Hngk\Documents\Codex\2026-09-07\use-the-autoresearch-skill-x20-https\outputs\PUMA_STAGE2_RESEARCH_PROMPTS_1_TO_4\PROMPT_4\RUNS\A4_broken_s29_cv0\summary.json,PROMPT_4\ARCHITECTURES\A4\RESULTS\RUNS\A4_broken_s29_cv0\summary.json,53c1ce9e71d926d3263777e9806a7d1e54ce2ea27fe5e2fc58f9bf99bd26e296,A4_broken_s29_cv0,29,0,.json
C:\Users\Hngk\Documents\Codex\2026-09-07\use-the-autoresearch-skill-x20-https\outputs\PUMA_STAGE2_RESEARCH_PROMPTS_1_TO_4\PROMPT_4\RUNS\A4_broken_s29_cv1\batch_history.jsonl,PROMPT_4\ARCHITECTURES\A4\RESULTS\RUNS\A4_broken_s29_cv1\batch_history.jsonl,ddf26ee657dbbc1e1efeade75eaf2461df792c4fa13a1c86f025d900eda0b4ff,A4_broken_s29_cv1,29,1,.jsonl
C:\Users\Hngk\Documents\Codex\2026-09-07\use-the-autoresearch-skill-x20-https\outputs\PUMA_STAGE2_RESEARCH_PROMPTS_1_TO_4\PROMPT_4\RUNS\A4_broken_s29_cv1\config.json,PROMPT_4\ARCHITECTURES\A4\RESULTS\RUNS\A4_broken_s29_cv1\config.json,19af4439f1c96005d42fb5085621c583d04122a8d3086a3ab879695d4ef9dd1c,A4_broken_s29_cv1,29,1,.json
C:\Users\Hngk\Documents\Codex\2026-09-07\use-the-autoresearch-skill-x20-https\outputs\PUMA_STAGE2_RESEARCH_PROMPTS_1_TO_4\PROMPT_4\RUNS\A4_broken_s29_cv1\epoch_01_predictions.npz,PROMPT_4\ARCHITECTURES\A4\RESULTS\RUNS\A4_broken_s29_cv1\epoch_01_predictions.npz,d306edf138c1b8ddc4b4841d8a228305fe1dfa12358ff8928cc59a23f8fd976f,A4_broken_s29_cv1,29,1,.npz
C:\Users\Hngk\Documents\Codex\2026-09-07\use-the-autoresearch-skill-x20-https\outputs\PUMA_STAGE2_RESEARCH_PROMPTS_1_TO_4\PROMPT_4\RUNS\A4_broken_s29_cv1\epoch_02_predictions.npz,PROMPT_4\ARCHITECTURES\A4\RESULTS\RUNS\A4_broken_s29_cv1\epoch_02_predictions.npz,854410f10bf0fb89af46a846c6aec1a76fdbae775dc8b82e15e3273f0b612eaf,A4_broken_s29_cv1,29,1,.npz
C:\Users\Hngk\Documents\Codex\2026-09-07\use-the-autoresearch-skill-x20-https\outputs\PUMA_STAGE2_RESEARCH_PROMPTS_1_TO_4\PROMPT_4\RUNS\A4_broken_s29_cv1\epoch_03_predictions.npz,PROMPT_4\ARCHITECTURES\A4\RESULTS\RUNS\A4_broken_s29_cv1\epoch_03_predictions.npz,b16848847ea3381ee7857658411d85b1aff19f7cc5ebdaa63367fc4fa2865621,A4_broken_s29_cv1,29,1,.npz
C:\Users\Hngk\Documents\Codex\2026-09-07\use-the-autoresearch-skill-x20-https\outputs\PUMA_STAGE2_RESEARCH_PROMPTS_1_TO_4\PROMPT_4\RUNS\A4_broken_s29_cv1\epoch_04_predictions.npz,PROMPT_4\ARCHITECTURES\A4\RESULTS\RUNS\A4_broken_s29_cv1\epoch_04_predictions.npz,b77131dc82c8081f94b571700f3c01587bd4ab38f5cccabe9608d123eee600cb,A4_broken_s29_cv1,29,1,.npz
C:\Users\Hngk\Documents\Codex\2026-09-07\use-the-autoresearch-skill-x20-https\outputs\PUMA_STAGE2_RESEARCH_PROMPTS_1_TO_4\PROMPT_4\RUNS\A4_broken_s29_cv1\epoch_05_predictions.npz,PROMPT_4\ARCHITECTURES\A4\RESULTS\RUNS\A4_broken_s29_cv1\epoch_05_predictions.npz,ff8fcd817eb1f8297fcfcbeef01b0dc5864b10baceef6da99d241331b1b9cb7b,A4_broken_s29_cv1,29,1,.npz
C:\Users\Hngk\Documents\Codex\2026-09-07\use-the-autoresearch-skill-x20-https\outputs\PUMA_STAGE2_RESEARCH_PROMPTS_1_TO_4\PROMPT_4\RUNS\A4_broken_s29_cv1\epoch_06_predictions.npz,PROMPT_4\ARCHITECTURES\A4\RESULTS\RUNS\A4_broken_s29_cv1\epoch_06_predictions.npz,86396daafb0b7816d7b0ac511483605f69bd937d2c2be1449a7ad3e092522c56,A4_broken_s29_cv1,29,1,.npz
C:\Users\Hngk\Documents\Codex\2026-09-07\use-the-autoresearch-skill-x20-https\outputs\PUMA_STAGE2_RESEARCH_PROMPTS_1_TO_4\PROMPT_4\RUNS\A4_broken_s29_cv1\epoch_07_predictions.npz,PROMPT_4\ARCHITECTURES\A4\RESULTS\RUNS\A4_broken_s29_cv1\epoch_07_predictions.npz,42b9103c52074442ffa6d157289fea51078e6962c765cc0ceedae36675bc8431,A4_broken_s29_cv1,29,1,.npz
C:\Users\Hngk\Documents\Codex\2026-09-07\use-the-autoresearch-skill-x20-https\outputs\PUMA_STAGE2_RESEARCH_PROMPTS_1_TO_4\PROMPT_4\RUNS\A4_broken_s29_cv1\epoch_08_predictions.npz,PROMPT_4\ARCHITECTURES\A4\RESULTS\RUNS\A4_broken_s29_cv1\epoch_08_predictions.npz,2b2a339f183cf7a5cbb8f6c3448be1bab3ca88b6ca8cb39adc112fc9c393a513,A4_broken_s29_cv1,29,1,.npz
C:\Users\Hngk\Documents\Codex\2026-09-07\use-the-autoresearch-skill-x20-https\outputs\PUMA_STAGE2_RESEARCH_PROMPTS_1_TO_4\PROMPT_4\RUNS\A4_broken_s29_cv1\epoch_09_predictions.npz,PROMPT_4\ARCHITECTURES\A4\RESULTS\RUNS\A4_broken_s29_cv1\epoch_09_predictions.npz,aed4d647b7a872ee09108fca5f73b6dc4a41a89e43168aa55d0dfc7f2ddedad3,A4_broken_s29_cv1,29,1,.npz
C:\Users\Hngk\Documents\Codex\2026-09-07\use-the-autoresearch-skill-x20-https\outputs\PUMA_STAGE2_RESEARCH_PROMPTS_1_TO_4\PROMPT_4\RUNS\A4_broken_s29_cv1\epoch_10_predictions.npz,PROMPT_4\ARCHITECTURES\A4\RESULTS\RUNS\A4_broken_s29_cv1\epoch_10_predictions.npz,b540d1617b52967eeb89d396c37162872a14b6261128da5ac1ec4b61df3896d3,A4_broken_s29_cv1,29,1,.npz
C:\Users\Hngk\Documents\Codex\2026-09-07\use-the-autoresearch-skill-x20-https\outputs\PUMA_STAGE2_RESEARCH_PROMPTS_1_TO_4\PROMPT_4\RUNS\A4_broken_s29_cv1\final.pt,PROMPT_4\ARCHITECTURES\A4\RESULTS\RUNS\A4_broken_s29_cv1\final.pt,1fc16135d54339881f627153fecc8f60f5c2f5cdf8e3d9729a62a4d4033062ed,A4_broken_s29_cv1,29,1,.pt
C:\Users\Hngk\Documents\Codex\2026-09-07\use-the-autoresearch-skill-x20-https\outputs\PUMA_STAGE2_RESEARCH_PROMPTS_1_TO_4\PROMPT_4\RUNS\A4_broken_s29_cv1\history.jsonl,PROMPT_4\ARCHITECTURES\A4\RESULTS\RUNS\A4_broken_s29_cv1\history.jsonl,79b1d70f57bc6046684c8d4dae28d15679f5daad09ddde8d81b24bf167e5d0e1,A4_broken_s29_cv1,29,1,.jsonl
C:\Users\Hngk\Documents\Codex\2026-09-07\use-the-autoresearch-skill-x20-https\outputs\PUMA_STAGE2_RESEARCH_PROMPTS_1_TO_4\PROMPT_4\RUNS\A4_broken_s29_cv1\normalizer.json,PROMPT_4\ARCHITECTURES\A4\RESULTS\RUNS\A4_broken_s29_cv1\normalizer.json,3383fe0635cb468d084e5ebbd6144bb89768f6927f37c55e35b23ba5efd095cb,A4_broken_s29_cv1,29,1,.json
C:\Users\Hngk\Documents\Codex\2026-09-07\use-the-autoresearch-skill-x20-https\outputs\PUMA_STAGE2_RESEARCH_PROMPTS_1_TO_4\PROMPT_4\RUNS\A4_broken_s29_cv1\provenance.json,PROMPT_4\ARCHITECTURES\A4\RESULTS\RUNS\A4_broken_s29_cv1\provenance.json,7d7c0e92ffa919db9d70c9cd5d5ada91c38071fa78fcf02e844ad0e2400e99aa,A4_broken_s29_cv1,29,1,.json
C:\Users\Hngk\Documents\Codex\2026-09-07\use-the-autoresearch-skill-x20-https\outputs\PUMA_STAGE2_RESEARCH_PROMPTS_1_TO_4\PROMPT_4\RUNS\A4_broken_s29_cv1\summary.json,PROMPT_4\ARCHITECTURES\A4\RESULTS\RUNS\A4_broken_s29_cv1\summary.json,cb120b78f67644704543e3b5fbcd0b445f738c77bfaa8e390aff26a52c6196b8,A4_broken_s29_cv1,29,1,.json
C:\Users\Hngk\Documents\Codex\2026-09-07\use-the-autoresearch-skill-x20-https\outputs\PUMA_STAGE2_RESEARCH_PROMPTS_1_TO_4\PROMPT_4\RUNS\A4_broken_s29_cv2\batch_history.jsonl,PROMPT_4\ARCHITECTURES\A4\RESULTS\RUNS\A4_broken_s29_cv2\batch_history.jsonl,69416a8ea892810c9f956aba5f0aa1ed61579954c529122f886bb856ecb89f0e,A4_broken_s29_cv2,29,2,.jsonl
C:\Users\Hngk\Documents\Codex\2026-09-07\use-the-autoresearch-skill-x20-https\outputs\PUMA_STAGE2_RESEARCH_PROMPTS_1_TO_4\PROMPT_4\RUNS\A4_broken_s29_cv2\config.json,PROMPT_4\ARCHITECTURES\A4\RESULTS\RUNS\A4_broken_s29_cv2\config.json,92248bad94f6d2ec584ddd36fe31536a19bba0f1f3fb2164dbbdacd2761ba58a,A4_broken_s29_cv2,29,2,.json
C:\Users\Hngk\Documents\Codex\2026-09-07\use-the-autoresearch-skill-x20-https\outputs\PUMA_STAGE2_RESEARCH_PROMPTS_1_TO_4\PROMPT_4\RUNS\A4_broken_s29_cv2\epoch_01_predictions.npz,PROMPT_4\ARCHITECTURES\A4\RESULTS\RUNS\A4_broken_s29_cv2\epoch_01_predictions.npz,e1209aad198f7fda9f531505563fb80bf1287555c1278b380c79262c063b0919,A4_broken_s29_cv2,29,2,.npz
C:\Users\Hngk\Documents\Codex\2026-09-07\use-the-autoresearch-skill-x20-https\outputs\PUMA_STAGE2_RESEARCH_PROMPTS_1_TO_4\PROMPT_4\RUNS\A4_broken_s29_cv2\epoch_02_predictions.npz,PROMPT_4\ARCHITECTURES\A4\RESULTS\RUNS\A4_broken_s29_cv2\epoch_02_predictions.npz,503428c89c0450de35c71a42f642a5fc780bf3a8074c332104949efc048b2061,A4_broken_s29_cv2,29,2,.npz
C:\Users\Hngk\Documents\Codex\2026-09-07\use-the-autoresearch-skill-x20-https\outputs\PUMA_STAGE2_RESEARCH_PROMPTS_1_TO_4\PROMPT_4\RUNS\A4_broken_s29_cv2\epoch_03_predictions.npz,PROMPT_4\ARCHITECTURES\A4\RESULTS\RUNS\A4_broken_s29_cv2\epoch_03_predictions.npz,9ad36b9cb74c4f6deaa9fb1d2dd2e469fed9e8d94160c973ee8b1b37b1669c92,A4_broken_s29_cv2,29,2,.npz
C:\Users\Hngk\Documents\Codex\2026-09-07\use-the-autoresearch-skill-x20-https\outputs\PUMA_STAGE2_RESEARCH_PROMPTS_1_TO_4\PROMPT_4\RUNS\A4_broken_s29_cv2\epoch_04_predictions.npz,PROMPT_4\ARCHITECTURES\A4\RESULTS\RUNS\A4_broken_s29_cv2\epoch_04_predictions.npz,c668188833b5c3b0b7254ce350d4fdaf6e3f65edf02b270314f1b9bf7006d78f,A4_broken_s29_cv2,29,2,.npz
C:\Users\Hngk\Documents\Codex\2026-09-07\use-the-autoresearch-skill-x20-https\outputs\PUMA_STAGE2_RESEARCH_PROMPTS_1_TO_4\PROMPT_4\RUNS\A4_broken_s29_cv2\epoch_05_predictions.npz,PROMPT_4\ARCHITECTURES\A4\RESULTS\RUNS\A4_broken_s29_cv2\epoch_05_predictions.npz,c424d4246864253eeca0943d5d2e3867bd705f4833f0390968e92ccf28e9c994,A4_broken_s29_cv2,29,2,.npz
C:\Users\Hngk\Documents\Codex\2026-09-07\use-the-autoresearch-skill-x20-https\outputs\PUMA_STAGE2_RESEARCH_PROMPTS_1_TO_4\PROMPT_4\RUNS\A4_broken_s29_cv2\epoch_06_predictions.npz,PROMPT_4\ARCHITECTURES\A4\RESULTS\RUNS\A4_broken_s29_cv2\epoch_06_predictions.npz,9422af8dcf57c92b30356fcb9c4c72a73032a53a47c814fa24a5a05fa47ff4d0,A4_broken_s29_cv2,29,2,.npz
C:\Users\Hngk\Documents\Codex\2026-09-07\use-the-autoresearch-skill-x20-https\outputs\PUMA_STAGE2_RESEARCH_PROMPTS_1_TO_4\PROMPT_4\RUNS\A4_broken_s29_cv2\epoch_07_predictions.npz,PROMPT_4\ARCHITECTURES\A4\RESULTS\RUNS\A4_broken_s29_cv2\epoch_07_predictions.npz,fb19340933a5c459521cfbb23eb74fae4519c3eee4ac510593b31bfe6fd00daa,A4_broken_s29_cv2,29,2,.npz
C:\Users\Hngk\Documents\Codex\2026-09-07\use-the-autoresearch-skill-x20-https\outputs\PUMA_STAGE2_RESEARCH_PROMPTS_1_TO_4\PROMPT_4\RUNS\A4_broken_s29_cv2\epoch_08_predictions.npz,PROMPT_4\ARCHITECTURES\A4\RESULTS\RUNS\A4_broken_s29_cv2\epoch_08_predictions.npz,c47757b79d487ee520656e33b832ce9eb5dadc644be97e6c1b6538dd4db4c549,A4_broken_s29_cv2,29,2,.npz
C:\Users\Hngk\Documents\Codex\2026-09-07\use-the-autoresearch-skill-x20-https\outputs\PUMA_STAGE2_RESEARCH_PROMPTS_1_TO_4\PROMPT_4\RUNS\A4_broken_s29_cv2\epoch_09_predictions.npz,PROMPT_4\ARCHITECTURES\A4\RESULTS\RUNS\A4_broken_s29_cv2\epoch_09_predictions.npz,060c552b5eb6fef5a417923808b969a406f85f7717ca44fa30f401fea512bbea,A4_broken_s29_cv2,29,2,.npz
C:\Users\Hngk\Documents\Codex\2026-09-07\use-the-autoresearch-skill-x20-https\outputs\PUMA_STAGE2_RESEARCH_PROMPTS_1_TO_4\PROMPT_4\RUNS\A4_broken_s29_cv2\epoch_10_predictions.npz,PROMPT_4\ARCHITECTURES\A4\RESULTS\RUNS\A4_broken_s29_cv2\epoch_10_predictions.npz,a7820eec9bc04452a1f475f16e8319eb2ccd0b081c7f2c400fce360d9cb4ff62,A4_broken_s29_cv2,29,2,.npz
C:\Users\Hngk\Documents\Codex\2026-09-07\use-the-autoresearch-skill-x20-https\outputs\PUMA_STAGE2_RESEARCH_PROMPTS_1_TO_4\PROMPT_4\RUNS\A4_broken_s29_cv2\final.pt,PROMPT_4\ARCHITECTURES\A4\RESULTS\RUNS\A4_broken_s29_cv2\final.pt,538e119c391b02c4a2f850dc35b0be33ed9190bd88f418229595d22dc6de9b19,A4_broken_s29_cv2,29,2,.pt
C:\Users\Hngk\Documents\Codex\2026-09-07\use-the-autoresearch-skill-x20-https\outputs\PUMA_STAGE2_RESEARCH_PROMPTS_1_TO_4\PROMPT_4\RUNS\A4_broken_s29_cv2\history.jsonl,PROMPT_4\ARCHITECTURES\A4\RESULTS\RUNS\A4_broken_s29_cv2\history.jsonl,8bc7edf392cb53527f859a408f14cbec73ddf391ae531fc5b927af6d781e2c82,A4_broken_s29_cv2,29,2,.jsonl
C:\Users\Hngk\Documents\Codex\2026-09-07\use-the-autoresearch-skill-x20-https\outputs\PUMA_STAGE2_RESEARCH_PROMPTS_1_TO_4\PROMPT_4\RUNS\A4_broken_s29_cv2\normalizer.json,PROMPT_4\ARCHITECTURES\A4\RESULTS\RUNS\A4_broken_s29_cv2\normalizer.json,96d50de899d030d0814f1b1de6a785fda82d824637a9237bf0cd5ed8f713a28b,A4_broken_s29_cv2,29,2,.json
C:\Users\Hngk\Documents\Codex\2026-09-07\use-the-autoresearch-skill-x20-https\outputs\PUMA_STAGE2_RESEARCH_PROMPTS_1_TO_4\PROMPT_4\RUNS\A4_broken_s29_cv2\provenance.json,PROMPT_4\ARCHITECTURES\A4\RESULTS\RUNS\A4_broken_s29_cv2\provenance.json,a42e86d4cb06e18e7167de0921d60bc6603147db37438d6c5634ecf5adadd0e3,A4_broken_s29_cv2,29,2,.json
C:\Users\Hngk\Documents\Codex\2026-09-07\use-the-autoresearch-skill-x20-https\outputs\PUMA_STAGE2_RESEARCH_PROMPTS_1_TO_4\PROMPT_4\RUNS\A4_broken_s29_cv2\summary.json,PROMPT_4\ARCHITECTURES\A4\RESULTS\RUNS\A4_broken_s29_cv2\summary.json,2b1492758af739c89013c06c21c825fa2e2e9e2f3831c15e853ff092dfdc4b71,A4_broken_s29_cv2,29,2,.json
C:\Users\Hngk\Documents\Codex\2026-09-07\use-the-autoresearch-skill-x20-https\outputs\PUMA_STAGE2_RESEARCH_PROMPTS_1_TO_4\PROMPT_4\RUNS\A4_broken_s43_cv0\batch_history.jsonl,PROMPT_4\ARCHITECTURES\A4\RESULTS\RUNS\A4_broken_s43_cv0\batch_history.jsonl,5762c4522f461b4825708532a2aca13aac60eca0ce31a3d74a88a58528eee4b0,A4_broken_s43_cv0,43,0,.jsonl
C:\Users\Hngk\Documents\Codex\2026-09-07\use-the-autoresearch-skill-x20-https\outputs\PUMA_STAGE2_RESEARCH_PROMPTS_1_TO_4\PROMPT_4\RUNS\A4_broken_s43_cv0\config.json,PROMPT_4\ARCHITECTURES\A4\RESULTS\RUNS\A4_broken_s43_cv0\config.json,9dbc6ec194608cea776e28510c4d9f40eec3a1d040ad03884321438f55c03d5e,A4_broken_s43_cv0,43,0,.json
C:\Users\Hngk\Documents\Codex\2026-09-07\use-the-autoresearch-skill-x20-https\outputs\PUMA_STAGE2_RESEARCH_PROMPTS_1_TO_4\PROMPT_4\RUNS\A4_broken_s43_cv0\epoch_01_predictions.npz,PROMPT_4\ARCHITECTURES\A4\RESULTS\RUNS\A4_broken_s43_cv0\epoch_01_predictions.npz,5acdaaf08d00655ec81e47dcabafdfc5d81041c2538cdf66a6b00c61fcd39723,A4_broken_s43_cv0,43,0,.npz
C:\Users\Hngk\Documents\Codex\2026-09-07\use-the-autoresearch-skill-x20-https\outputs\PUMA_STAGE2_RESEARCH_PROMPTS_1_TO_4\PROMPT_4\RUNS\A4_broken_s43_cv0\epoch_02_predictions.npz,PROMPT_4\ARCHITECTURES\A4\RESULTS\RUNS\A4_broken_s43_cv0\epoch_02_predictions.npz,c10f3b74ebd99f69f8f104635f57ca8cef62151f0b72f8a76b8d95d9e164508e,A4_broken_s43_cv0,43,0,.npz
C:\Users\Hngk\Documents\Codex\2026-09-07\use-the-autoresearch-skill-x20-https\outputs\PUMA_STAGE2_RESEARCH_PROMPTS_1_TO_4\PROMPT_4\RUNS\A4_broken_s43_cv0\epoch_03_predictions.npz,PROMPT_4\ARCHITECTURES\A4\RESULTS\RUNS\A4_broken_s43_cv0\epoch_03_predictions.npz,982ee589ba8d77818104b5ebcdd5a4a750d64f61625f7f70ade0c3e6ae8b2bf7,A4_broken_s43_cv0,43,0,.npz
C:\Users\Hngk\Documents\Codex\2026-09-07\use-the-autoresearch-skill-x20-https\outputs\PUMA_STAGE2_RESEARCH_PROMPTS_1_TO_4\PROMPT_4\RUNS\A4_broken_s43_cv0\epoch_04_predictions.npz,PROMPT_4\ARCHITECTURES\A4\RESULTS\RUNS\A4_broken_s43_cv0\epoch_04_predictions.npz,db131479d662db978545d8414138e020d33764f2c9ca80dafd2c6fc6b3bb5767,A4_broken_s43_cv0,43,0,.npz
C:\Users\Hngk\Documents\Codex\2026-09-07\use-the-autoresearch-skill-x20-https\outputs\PUMA_STAGE2_RESEARCH_PROMPTS_1_TO_4\PROMPT_4\RUNS\A4_broken_s43_cv0\epoch_05_predictions.npz,PROMPT_4\ARCHITECTURES\A4\RESULTS\RUNS\A4_broken_s43_cv0\epoch_05_predictions.npz,69db34715e3377e655b734292cc26dd78808447c2d06877ba5119312d25623b8,A4_broken_s43_cv0,43,0,.npz
C:\Users\Hngk\Documents\Codex\2026-09-07\use-the-autoresearch-skill-x20-https\outputs\PUMA_STAGE2_RESEARCH_PROMPTS_1_TO_4\PROMPT_4\RUNS\A4_broken_s43_cv0\epoch_06_predictions.npz,PROMPT_4\ARCHITECTURES\A4\RESULTS\RUNS\A4_broken_s43_cv0\epoch_06_predictions.npz,d87a4203ef5a352cb1b2e688b91ab148e1fcf169d75e355dccab0214eb40a843,A4_broken_s43_cv0,43,0,.npz
C:\Users\Hngk\Documents\Codex\2026-09-07\use-the-autoresearch-skill-x20-https\outputs\PUMA_STAGE2_RESEARCH_PROMPTS_1_TO_4\PROMPT_4\RUNS\A4_broken_s43_cv0\epoch_07_predictions.npz,PROMPT_4\ARCHITECTURES\A4\RESULTS\RUNS\A4_broken_s43_cv0\epoch_07_predictions.npz,b725850b0792781d660d27f51bee147cbeaedd11b6847c91dbc0f1bd16102de3,A4_broken_s43_cv0,43,0,.npz
C:\Users\Hngk\Documents\Codex\2026-09-07\use-the-autoresearch-skill-x20-https\outputs\PUMA_STAGE2_RESEARCH_PROMPTS_1_TO_4\PROMPT_4\RUNS\A4_broken_s43_cv0\epoch_08_predictions.npz,PROMPT_4\ARCHITECTURES\A4\RESULTS\RUNS\A4_broken_s43_cv0\epoch_08_predictions.npz,c7e645d4737874ab6fd318be1f18e20e7b54f4d2eb45e3e4fdcaadc582dbf770,A4_broken_s43_cv0,43,0,.npz
C:\Users\Hngk\Documents\Codex\2026-09-07\use-the-autoresearch-skill-x20-https\outputs\PUMA_STAGE2_RESEARCH_PROMPTS_1_TO_4\PROMPT_4\RUNS\A4_broken_s43_cv0\epoch_09_predictions.npz,PROMPT_4\ARCHITECTURES\A4\RESULTS\RUNS\A4_broken_s43_cv0\epoch_09_predictions.npz,ae62ae072ab2acbbec52f52df82e3e618b6c9040cd505ffd1e2bda8c139725aa,A4_broken_s43_cv0,43,0,.npz
C:\Users\Hngk\Documents\Codex\2026-09-07\use-the-autoresearch-skill-x20-https\outputs\PUMA_STAGE2_RESEARCH_PROMPTS_1_TO_4\PROMPT_4\RUNS\A4_broken_s43_cv0\epoch_10_predictions.npz,PROMPT_4\ARCHITECTURES\A4\RESULTS\RUNS\A4_broken_s43_cv0\epoch_10_predictions.npz,4052e03de21cbb768db4f84cf5e8189f77f632d9fde7b0b9f5f3922d93f21a22,A4_broken_s43_cv0,43,0,.npz
C:\Users\Hngk\Documents\Codex\2026-09-07\use-the-autoresearch-skill-x20-https\outputs\PUMA_STAGE2_RESEARCH_PROMPTS_1_TO_4\PROMPT_4\RUNS\A4_broken_s43_cv0\final.pt,PROMPT_4\ARCHITECTURES\A4\RESULTS\RUNS\A4_broken_s43_cv0\final.pt,787a425534e8960d159a693e64a8601b39f04df241817a5bc228c53ad1fe4e26,A4_broken_s43_cv0,43,0,.pt
C:\Users\Hngk\Documents\Codex\2026-09-07\use-the-autoresearch-skill-x20-https\outputs\PUMA_STAGE2_RESEARCH_PROMPTS_1_TO_4\PROMPT_4\RUNS\A4_broken_s43_cv0\history.jsonl,PROMPT_4\ARCHITECTURES\A4\RESULTS\RUNS\A4_broken_s43_cv0\history.jsonl,41c658b84eb7cfb0538d608a81489f65fdcfe37c638767364c38df5d19032131,A4_broken_s43_cv0,43,0,.jsonl
C:\Users\Hngk\Documents\Codex\2026-09-07\use-the-autoresearch-skill-x20-https\outputs\PUMA_STAGE2_RESEARCH_PROMPTS_1_TO_4\PROMPT_4\RUNS\A4_broken_s43_cv0\normalizer.json,PROMPT_4\ARCHITECTURES\A4\RESULTS\RUNS\A4_broken_s43_cv0\normalizer.json,f75d5e56dcca6f2ff7aa13358de835631b823bbc37b6b08d02983940eb5ee49c,A4_broken_s43_cv0,43,0,.json
C:\Users\Hngk\Documents\Codex\2026-09-07\use-the-autoresearch-skill-x20-https\outputs\PUMA_STAGE2_RESEARCH_PROMPTS_1_TO_4\PROMPT_4\RUNS\A4_broken_s43_cv0\provenance.json,PROMPT_4\ARCHITECTURES\A4\RESULTS\RUNS\A4_broken_s43_cv0\provenance.json,fe465de9a39b1ec5c03e8446c947aae818332faf79be290e65d3c1166aebb2c6,A4_broken_s43_cv0,43,0,.json
C:\Users\Hngk\Documents\Codex\2026-09-07\use-the-autoresearch-skill-x20-https\outputs\PUMA_STAGE2_RESEARCH_PROMPTS_1_TO_4\PROMPT_4\RUNS\A4_broken_s43_cv0\summary.json,PROMPT_4\ARCHITECTURES\A4\RESULTS\RUNS\A4_broken_s43_cv0\summary.json,e4ea09438e058073efecb446a4a2590a438126476ea36d65d4b60124e028a5c7,A4_broken_s43_cv0,43,0,.json
C:\Users\Hngk\Documents\Codex\2026-09-07\use-the-autoresearch-skill-x20-https\outputs\PUMA_STAGE2_RESEARCH_PROMPTS_1_TO_4\PROMPT_4\RUNS\A4_broken_s43_cv1\batch_history.jsonl,PROMPT_4\ARCHITECTURES\A4\RESULTS\RUNS\A4_broken_s43_cv1\batch_history.jsonl,c05d3b8e7356e65be158ac9cb35afe6504e9ed23b4bc550fb67b420bb8c8f260,A4_broken_s43_cv1,43,1,.jsonl
C:\Users\Hngk\Documents\Codex\2026-09-07\use-the-autoresearch-skill-x20-https\outputs\PUMA_STAGE2_RESEARCH_PROMPTS_1_TO_4\PROMPT_4\RUNS\A4_broken_s43_cv1\config.json,PROMPT_4\ARCHITECTURES\A4\RESULTS\RUNS\A4_broken_s43_cv1\config.json,64e489e9cbf332853dcb5163f57393de696423d73149bfaaf0f72639b6c37806,A4_broken_s43_cv1,43,1,.json
C:\Users\Hngk\Documents\Codex\2026-09-07\use-the-autoresearch-skill-x20-https\outputs\PUMA_STAGE2_RESEARCH_PROMPTS_1_TO_4\PROMPT_4\RUNS\A4_broken_s43_cv1\epoch_01_predictions.npz,PROMPT_4\ARCHITECTURES\A4\RESULTS\RUNS\A4_broken_s43_cv1\epoch_01_predictions.npz,b6e14387edc1e9a986b3e68e0aefcfc6de86e41ea23aaf5d6ab641e5be7f4c5f,A4_broken_s43_cv1,43,1,.npz
C:\Users\Hngk\Documents\Codex\2026-09-07\use-the-autoresearch-skill-x20-https\outputs\PUMA_STAGE2_RESEARCH_PROMPTS_1_TO_4\PROMPT_4\RUNS\A4_broken_s43_cv1\epoch_02_predictions.npz,PROMPT_4\ARCHITECTURES\A4\RESULTS\RUNS\A4_broken_s43_cv1\epoch_02_predictions.npz,d7d6bbde72d5186d86fd8192a8f59d9ae18fb9258cdb4ea8be57678eb475d72c,A4_broken_s43_cv1,43,1,.npz
C:\Users\Hngk\Documents\Codex\2026-09-07\use-the-autoresearch-skill-x20-https\outputs\PUMA_STAGE2_RESEARCH_PROMPTS_1_TO_4\PROMPT_4\RUNS\A4_broken_s43_cv1\epoch_03_predictions.npz,PROMPT_4\ARCHITECTURES\A4\RESULTS\RUNS\A4_broken_s43_cv1\epoch_03_predictions.npz,346e9de8b62501cafadf3981402bf681cbfabf872df9205242f6ad6cf4559b55,A4_broken_s43_cv1,43,1,.npz
C:\Users\Hngk\Documents\Codex\2026-09-07\use-the-autoresearch-skill-x20-https\outputs\PUMA_STAGE2_RESEARCH_PROMPTS_1_TO_4\PROMPT_4\RUNS\A4_broken_s43_cv1\epoch_04_predictions.npz,PROMPT_4\ARCHITECTURES\A4\RESULTS\RUNS\A4_broken_s43_cv1\epoch_04_predictions.npz,ee898386f865ea31b5d0c86db89e35c426de249661963cfb598a35b9b00b4c24,A4_broken_s43_cv1,43,1,.npz
C:\Users\Hngk\Documents\Codex\2026-09-07\use-the-autoresearch-skill-x20-https\outputs\PUMA_STAGE2_RESEARCH_PROMPTS_1_TO_4\PROMPT_4\RUNS\A4_broken_s43_cv1\epoch_05_predictions.npz,PROMPT_4\ARCHITECTURES\A4\RESULTS\RUNS\A4_broken_s43_cv1\epoch_05_predictions.npz,f9f0bae69519cca4acd31f8115712550cc428516158e685c759de0036e350080,A4_broken_s43_cv1,43,1,.npz
C:\Users\Hngk\Documents\Codex\2026-09-07\use-the-autoresearch-skill-x20-https\outputs\PUMA_STAGE2_RESEARCH_PROMPTS_1_TO_4\PROMPT_4\RUNS\A4_broken_s43_cv1\epoch_06_predictions.npz,PROMPT_4\ARCHITECTURES\A4\RESULTS\RUNS\A4_broken_s43_cv1\epoch_06_predictions.npz,f772a8376d6193948ad8a89f7342d2bacaaed32c4b13b1e23d72461401939afc,A4_broken_s43_cv1,43,1,.npz
C:\Users\Hngk\Documents\Codex\2026-09-07\use-the-autoresearch-skill-x20-https\outputs\PUMA_STAGE2_RESEARCH_PROMPTS_1_TO_4\PROMPT_4\RUNS\A4_broken_s43_cv1\epoch_07_predictions.npz,PROMPT_4\ARCHITECTURES\A4\RESULTS\RUNS\A4_broken_s43_cv1\epoch_07_predictions.npz,9b6f1267a2cecfd5f5dbfbbb61d8dbb36ac81ee2b0b4ababd289bb5df70c96bf,A4_broken_s43_cv1,43,1,.npz
C:\Users\Hngk\Documents\Codex\2026-09-07\use-the-autoresearch-skill-x20-https\outputs\PUMA_STAGE2_RESEARCH_PROMPTS_1_TO_4\PROMPT_4\RUNS\A4_broken_s43_cv1\epoch_08_predictions.npz,PROMPT_4\ARCHITECTURES\A4\RESULTS\RUNS\A4_broken_s43_cv1\epoch_08_predictions.npz,73221c0bc162e673d4162495aff631651335796bfacb87b2585c990bedfe8084,A4_broken_s43_cv1,43,1,.npz
C:\Users\Hngk\Documents\Codex\2026-09-07\use-the-autoresearch-skill-x20-https\outputs\PUMA_STAGE2_RESEARCH_PROMPTS_1_TO_4\PROMPT_4\RUNS\A4_broken_s43_cv1\epoch_09_predictions.npz,PROMPT_4\ARCHITECTURES\A4\RESULTS\RUNS\A4_broken_s43_cv1\epoch_09_predictions.npz,2c2b7db21960413980b9b7f8d684aa39914051866834501c8e9c3393a4152769,A4_broken_s43_cv1,43,1,.npz
C:\Users\Hngk\Documents\Codex\2026-09-07\use-the-autoresearch-skill-x20-https\outputs\PUMA_STAGE2_RESEARCH_PROMPTS_1_TO_4\PROMPT_4\RUNS\A4_broken_s43_cv1\epoch_10_predictions.npz,PROMPT_4\ARCHITECTURES\A4\RESULTS\RUNS\A4_broken_s43_cv1\epoch_10_predictions.npz,73933ebfbf5463b7fba6236f024e1f9d5227808fc5ac470607e8cbf8b19e5795,A4_broken_s43_cv1,43,1,.npz
C:\Users\Hngk\Documents\Codex\2026-09-07\use-the-autoresearch-skill-x20-https\outputs\PUMA_STAGE2_RESEARCH_PROMPTS_1_TO_4\PROMPT_4\RUNS\A4_broken_s43_cv1\final.pt,PROMPT_4\ARCHITECTURES\A4\RESULTS\RUNS\A4_broken_s43_cv1\final.pt,cc83675549718fdc0cef2ed1bb7bedd6a4ef324b1a1538fb9bc65dfd25234a0a,A4_broken_s43_cv1,43,1,.pt
C:\Users\Hngk\Documents\Codex\2026-09-07\use-the-autoresearch-skill-x20-https\outputs\PUMA_STAGE2_RESEARCH_PROMPTS_1_TO_4\PROMPT_4\RUNS\A4_broken_s43_cv1\history.jsonl,PROMPT_4\ARCHITECTURES\A4\RESULTS\RUNS\A4_broken_s43_cv1\history.jsonl,e1cd332520c717fe1b14372cadb10c35f7e35dbe378da91d308b3927b1b8f178,A4_broken_s43_cv1,43,1,.jsonl
C:\Users\Hngk\Documents\Codex\2026-09-07\use-the-autoresearch-skill-x20-https\outputs\PUMA_STAGE2_RESEARCH_PROMPTS_1_TO_4\PROMPT_4\RUNS\A4_broken_s43_cv1\normalizer.json,PROMPT_4\ARCHITECTURES\A4\RESULTS\RUNS\A4_broken_s43_cv1\normalizer.json,3383fe0635cb468d084e5ebbd6144bb89768f6927f37c55e35b23ba5efd095cb,A4_broken_s43_cv1,43,1,.json
C:\Users\Hngk\Documents\Codex\2026-09-07\use-the-autoresearch-skill-x20-https\outputs\PUMA_STAGE2_RESEARCH_PROMPTS_1_TO_4\PROMPT_4\RUNS\A4_broken_s43_cv1\provenance.json,PROMPT_4\ARCHITECTURES\A4\RESULTS\RUNS\A4_broken_s43_cv1\provenance.json,b8e2d047ce543ce2dd4337fada0339758121446c367fce3a0d9e64619c12b979,A4_broken_s43_cv1,43,1,.json
C:\Users\Hngk\Documents\Codex\2026-09-07\use-the-autoresearch-skill-x20-https\outputs\PUMA_STAGE2_RESEARCH_PROMPTS_1_TO_4\PROMPT_4\RUNS\A4_broken_s43_cv1\summary.json,PROMPT_4\ARCHITECTURES\A4\RESULTS\RUNS\A4_broken_s43_cv1\summary.json,e96b5dba92249385a5c21255a045017dae57bf586568475507aa5c338c869bfc,A4_broken_s43_cv1,43,1,.json
C:\Users\Hngk\Documents\Codex\2026-09-07\use-the-autoresearch-skill-x20-https\outputs\PUMA_STAGE2_RESEARCH_PROMPTS_1_TO_4\PROMPT_4\RUNS\A4_broken_s43_cv2\batch_history.jsonl,PROMPT_4\ARCHITECTURES\A4\RESULTS\RUNS\A4_broken_s43_cv2\batch_history.jsonl,85f2c8aa2f487b5970d1474c4c1016f56c0190dd0af6aaa688a5b4537b13e987,A4_broken_s43_cv2,43,2,.jsonl
C:\Users\Hngk\Documents\Codex\2026-09-07\use-the-autoresearch-skill-x20-https\outputs\PUMA_STAGE2_RESEARCH_PROMPTS_1_TO_4\PROMPT_4\RUNS\A4_broken_s43_cv2\config.json,PROMPT_4\ARCHITECTURES\A4\RESULTS\RUNS\A4_broken_s43_cv2\config.json,2bd33f11f664c9336d6165f2e98f7e1d5f94acbbc937c7a774e854a0b207f020,A4_broken_s43_cv2,43,2,.json
C:\Users\Hngk\Documents\Codex\2026-09-07\use-the-autoresearch-skill-x20-https\outputs\PUMA_STAGE2_RESEARCH_PROMPTS_1_TO_4\PROMPT_4\RUNS\A4_broken_s43_cv2\epoch_01_predictions.npz,PROMPT_4\ARCHITECTURES\A4\RESULTS\RUNS\A4_broken_s43_cv2\epoch_01_predictions.npz,7009eda6138544a6d82e0229c26aa808ec4ea5c32a3011136ad8ba30040e186b,A4_broken_s43_cv2,43,2,.npz
C:\Users\Hngk\Documents\Codex\2026-09-07\use-the-autoresearch-skill-x20-https\outputs\PUMA_STAGE2_RESEARCH_PROMPTS_1_TO_4\PROMPT_4\RUNS\A4_broken_s43_cv2\epoch_02_predictions.npz,PROMPT_4\ARCHITECTURES\A4\RESULTS\RUNS\A4_broken_s43_cv2\epoch_02_predictions.npz,01f05ea709ea05743b7b03ed03b0649c0a6d211a8d1c8df1396e457d8f4381fa,A4_broken_s43_cv2,43,2,.npz
C:\Users\Hngk\Documents\Codex\2026-09-07\use-the-autoresearch-skill-x20-https\outputs\PUMA_STAGE2_RESEARCH_PROMPTS_1_TO_4\PROMPT_4\RUNS\A4_broken_s43_cv2\epoch_03_predictions.npz,PROMPT_4\ARCHITECTURES\A4\RESULTS\RUNS\A4_broken_s43_cv2\epoch_03_predictions.npz,5a7700065b8e433e37736ed86cb2cd068a077c6f97adbb06c65148c945fce061,A4_broken_s43_cv2,43,2,.npz
C:\Users\Hngk\Documents\Codex\2026-09-07\use-the-autoresearch-skill-x20-https\outputs\PUMA_STAGE2_RESEARCH_PROMPTS_1_TO_4\PROMPT_4\RUNS\A4_broken_s43_cv2\epoch_04_predictions.npz,PROMPT_4\ARCHITECTURES\A4\RESULTS\RUNS\A4_broken_s43_cv2\epoch_04_predictions.npz,fb6b1477393c97a9a6fe465f247a479073645d063915ee88755e13ce750ef440,A4_broken_s43_cv2,43,2,.npz
C:\Users\Hngk\Documents\Codex\2026-09-07\use-the-autoresearch-skill-x20-https\outputs\PUMA_STAGE2_RESEARCH_PROMPTS_1_TO_4\PROMPT_4\RUNS\A4_broken_s43_cv2\epoch_05_predictions.npz,PROMPT_4\ARCHITECTURES\A4\RESULTS\RUNS\A4_broken_s43_cv2\epoch_05_predictions.npz,e3f5334f9222200e75225572cbb054abf59b84b29892e3fcbf167beacccbc43f,A4_broken_s43_cv2,43,2,.npz
C:\Users\Hngk\Documents\Codex\2026-09-07\use-the-autoresearch-skill-x20-https\outputs\PUMA_STAGE2_RESEARCH_PROMPTS_1_TO_4\PROMPT_4\RUNS\A4_broken_s43_cv2\epoch_06_predictions.npz,PROMPT_4\ARCHITECTURES\A4\RESULTS\RUNS\A4_broken_s43_cv2\epoch_06_predictions.npz,200c2f51a629c9aaad2a81f6d0d99cd9da26701e33d5757f7056f1dc3732122b,A4_broken_s43_cv2,43,2,.npz
C:\Users\Hngk\Documents\Codex\2026-09-07\use-the-autoresearch-skill-x20-https\outputs\PUMA_STAGE2_RESEARCH_PROMPTS_1_TO_4\PROMPT_4\RUNS\A4_broken_s43_cv2\epoch_07_predictions.npz,PROMPT_4\ARCHITECTURES\A4\RESULTS\RUNS\A4_broken_s43_cv2\epoch_07_predictions.npz,a6e5bf768c43d03ae6fef00782a4354889feb07daa6b3bbccdc1a914380cc62e,A4_broken_s43_cv2,43,2,.npz
C:\Users\Hngk\Documents\Codex\2026-09-07\use-the-autoresearch-skill-x20-https\outputs\PUMA_STAGE2_RESEARCH_PROMPTS_1_TO_4\PROMPT_4\RUNS\A4_broken_s43_cv2\epoch_08_predictions.npz,PROMPT_4\ARCHITECTURES\A4\RESULTS\RUNS\A4_broken_s43_cv2\epoch_08_predictions.npz,cefa20160b5672205d17c1768c0564fca80bc9640eaa06ade79374da242fead6,A4_broken_s43_cv2,43,2,.npz
C:\Users\Hngk\Documents\Codex\2026-09-07\use-the-autoresearch-skill-x20-https\outputs\PUMA_STAGE2_RESEARCH_PROMPTS_1_TO_4\PROMPT_4\RUNS\A4_broken_s43_cv2\epoch_09_predictions.npz,PROMPT_4\ARCHITECTURES\A4\RESULTS\RUNS\A4_broken_s43_cv2\epoch_09_predictions.npz,2bf14aa361c3dc2db47f7325b3856d4e45419107fee9a9bfd6f0dd09af717614,A4_broken_s43_cv2,43,2,.npz
C:\Users\Hngk\Documents\Codex\2026-09-07\use-the-autoresearch-skill-x20-https\outputs\PUMA_STAGE2_RESEARCH_PROMPTS_1_TO_4\PROMPT_4\RUNS\A4_broken_s43_cv2\epoch_10_predictions.npz,PROMPT_4\ARCHITECTURES\A4\RESULTS\RUNS\A4_broken_s43_cv2\epoch_10_predictions.npz,e3f7cd7d310bc4b73f4d1edba02686663d78a7a98b552fc2c6700aa06904239c,A4_broken_s43_cv2,43,2,.npz
C:\Users\Hngk\Documents\Codex\2026-09-07\use-the-autoresearch-skill-x20-https\outputs\PUMA_STAGE2_RESEARCH_PROMPTS_1_TO_4\PROMPT_4\RUNS\A4_broken_s43_cv2\final.pt,PROMPT_4\ARCHITECTURES\A4\RESULTS\RUNS\A4_broken_s43_cv2\final.pt,a7d8be3c8996e9d521bb6659892352e26f8e406202ab9944ea414f7840558c4a,A4_broken_s43_cv2,43,2,.pt
C:\Users\Hngk\Documents\Codex\2026-09-07\use-the-autoresearch-skill-x20-https\outputs\PUMA_STAGE2_RESEARCH_PROMPTS_1_TO_4\PROMPT_4\RUNS\A4_broken_s43_cv2\history.jsonl,PROMPT_4\ARCHITECTURES\A4\RESULTS\RUNS\A4_broken_s43_cv2\history.jsonl,6979ce0f94c2ba4d15349b907cd25dbb06f742140a5a8e34199161bb61f61c26,A4_broken_s43_cv2,43,2,.jsonl
C:\Users\Hngk\Documents\Codex\2026-09-07\use-the-autoresearch-skill-x20-https\outputs\PUMA_STAGE2_RESEARCH_PROMPTS_1_TO_4\PROMPT_4\RUNS\A4_broken_s43_cv2\normalizer.json,PROMPT_4\ARCHITECTURES\A4\RESULTS\RUNS\A4_broken_s43_cv2\normalizer.json,96d50de899d030d0814f1b1de6a785fda82d824637a9237bf0cd5ed8f713a28b,A4_broken_s43_cv2,43,2,.json
C:\Users\Hngk\Documents\Codex\2026-09-07\use-the-autoresearch-skill-x20-https\outputs\PUMA_STAGE2_RESEARCH_PROMPTS_1_TO_4\PROMPT_4\RUNS\A4_broken_s43_cv2\provenance.json,PROMPT_4\ARCHITECTURES\A4\RESULTS\RUNS\A4_broken_s43_cv2\provenance.json,3f2f6af6338463ee28a6c9340fc5bb6692da27ab225dca99f53599956fd30dd7,A4_broken_s43_cv2,43,2,.json
C:\Users\Hngk\Documents\Codex\2026-09-07\use-the-autoresearch-skill-x20-https\outputs\PUMA_STAGE2_RESEARCH_PROMPTS_1_TO_4\PROMPT_4\RUNS\A4_broken_s43_cv2\summary.json,PROMPT_4\ARCHITECTURES\A4\RESULTS\RUNS\A4_broken_s43_cv2\summary.json,2143d746bbeb7ad6cd17c7a5975eaf3866905b1aadea6ec43e33f2c72e895109,A4_broken_s43_cv2,43,2,.json
C:\Users\Hngk\Documents\Codex\2026-09-07\use-the-autoresearch-skill-x20-https\outputs\PUMA_STAGE2_RESEARCH_PROMPTS_1_TO_4\PROMPT_4\RUNS\A4_s17_cv0\batch_history.jsonl,PROMPT_4\ARCHITECTURES\A4\RESULTS\RUNS\A4_s17_cv0\batch_history.jsonl,0266b5fc4f302be34ae7eaaafa5366d5e35154bbcbdd2678e733f1a60d818ed2,A4_s17_cv0,17,0,.jsonl
C:\Users\Hngk\Documents\Codex\2026-09-07\use-the-autoresearch-skill-x20-https\outputs\PUMA_STAGE2_RESEARCH_PROMPTS_1_TO_4\PROMPT_4\RUNS\A4_s17_cv0\config.json,PROMPT_4\ARCHITECTURES\A4\RESULTS\RUNS\A4_s17_cv0\config.json,c24bfa44df7539087d133c7e99cff36d31df52db7d494277a3b5df88b93296bb,A4_s17_cv0,17,0,.json
C:\Users\Hngk\Documents\Codex\2026-09-07\use-the-autoresearch-skill-x20-https\outputs\PUMA_STAGE2_RESEARCH_PROMPTS_1_TO_4\PROMPT_4\RUNS\A4_s17_cv0\epoch_01_predictions.npz,PROMPT_4\ARCHITECTURES\A4\RESULTS\RUNS\A4_s17_cv0\epoch_01_predictions.npz,6b2dd5abdbb05841c0a1ab81451800e2c6c418bf41ac079aecd76b14ab4a8283,A4_s17_cv0,17,0,.npz
C:\Users\Hngk\Documents\Codex\2026-09-07\use-the-autoresearch-skill-x20-https\outputs\PUMA_STAGE2_RESEARCH_PROMPTS_1_TO_4\PROMPT_4\RUNS\A4_s17_cv0\epoch_02_predictions.npz,PROMPT_4\ARCHITECTURES\A4\RESULTS\RUNS\A4_s17_cv0\epoch_02_predictions.npz,32e60437ed6b69d03fccc8ed75932fd2179b9c9f15a3139aefe3a3e7ca7d9799,A4_s17_cv0,17,0,.npz
C:\Users\Hngk\Documents\Codex\2026-09-07\use-the-autoresearch-skill-x20-https\outputs\PUMA_STAGE2_RESEARCH_PROMPTS_1_TO_4\PROMPT_4\RUNS\A4_s17_cv0\epoch_03_predictions.npz,PROMPT_4\ARCHITECTURES\A4\RESULTS\RUNS\A4_s17_cv0\epoch_03_predictions.npz,37883fff64914698637749a2dda7f897fa661513d31a12714046d6c6a677600c,A4_s17_cv0,17,0,.npz
C:\Users\Hngk\Documents\Codex\2026-09-07\use-the-autoresearch-skill-x20-https\outputs\PUMA_STAGE2_RESEARCH_PROMPTS_1_TO_4\PROMPT_4\RUNS\A4_s17_cv0\epoch_04_predictions.npz,PROMPT_4\ARCHITECTURES\A4\RESULTS\RUNS\A4_s17_cv0\epoch_04_predictions.npz,2d66b8ca97d18195d9d298fdd1874dd61ce06b44cd23b600b1d2e44f2763d9a0,A4_s17_cv0,17,0,.npz
C:\Users\Hngk\Documents\Codex\2026-09-07\use-the-autoresearch-skill-x20-https\outputs\PUMA_STAGE2_RESEARCH_PROMPTS_1_TO_4\PROMPT_4\RUNS\A4_s17_cv0\epoch_05_predictions.npz,PROMPT_4\ARCHITECTURES\A4\RESULTS\RUNS\A4_s17_cv0\epoch_05_predictions.npz,8ce5cce12249851b8c19acf975e3aa3f2dfdc3b24d20a9bca23c7d33d246f521,A4_s17_cv0,17,0,.npz
C:\Users\Hngk\Documents\Codex\2026-09-07\use-the-autoresearch-skill-x20-https\outputs\PUMA_STAGE2_RESEARCH_PROMPTS_1_TO_4\PROMPT_4\RUNS\A4_s17_cv0\epoch_06_predictions.npz,PROMPT_4\ARCHITECTURES\A4\RESULTS\RUNS\A4_s17_cv0\epoch_06_predictions.npz,3d86462c580c2841e6406ada6570781326173ec814dd39feec1f3dd81289c835,A4_s17_cv0,17,0,.npz
C:\Users\Hngk\Documents\Codex\2026-09-07\use-the-autoresearch-skill-x20-https\outputs\PUMA_STAGE2_RESEARCH_PROMPTS_1_TO_4\PROMPT_4\RUNS\A4_s17_cv0\epoch_07_predictions.npz,PROMPT_4\ARCHITECTURES\A4\RESULTS\RUNS\A4_s17_cv0\epoch_07_predictions.npz,3892978bbba286dfcd5167a7a76437174ad9f1d89d368063a7c892e17cb04b6d,A4_s17_cv0,17,0,.npz
C:\Users\Hngk\Documents\Codex\2026-09-07\use-the-autoresearch-skill-x20-https\outputs\PUMA_STAGE2_RESEARCH_PROMPTS_1_TO_4\PROMPT_4\RUNS\A4_s17_cv0\epoch_08_predictions.npz,PROMPT_4\ARCHITECTURES\A4\RESULTS\RUNS\A4_s17_cv0\epoch_08_predictions.npz,8347972f7cf9959fd4051e5f680bdbc04b815ee45b4f7f02ec56579f017f9331,A4_s17_cv0,17,0,.npz
C:\Users\Hngk\Documents\Codex\2026-09-07\use-the-autoresearch-skill-x20-https\outputs\PUMA_STAGE2_RESEARCH_PROMPTS_1_TO_4\PROMPT_4\RUNS\A4_s17_cv0\epoch_09_predictions.npz,PROMPT_4\ARCHITECTURES\A4\RESULTS\RUNS\A4_s17_cv0\epoch_09_predictions.npz,f697ac4d88d04a52e92018fe14ab8e8b6711ab858e193a98d4fcecb1c43f3d48,A4_s17_cv0,17,0,.npz
C:\Users\Hngk\Documents\Codex\2026-09-07\use-the-autoresearch-skill-x20-https\outputs\PUMA_STAGE2_RESEARCH_PROMPTS_1_TO_4\PROMPT_4\RUNS\A4_s17_cv0\epoch_10_predictions.npz,PROMPT_4\ARCHITECTURES\A4\RESULTS\RUNS\A4_s17_cv0\epoch_10_predictions.npz,b043af70ea3db9b1b1251003916eb186d6d8c660da4d6441a7f47d18fac383db,A4_s17_cv0,17,0,.npz
C:\Users\Hngk\Documents\Codex\2026-09-07\use-the-autoresearch-skill-x20-https\outputs\PUMA_STAGE2_RESEARCH_PROMPTS_1_TO_4\PROMPT_4\RUNS\A4_s17_cv0\final.pt,PROMPT_4\ARCHITECTURES\A4\RESULTS\RUNS\A4_s17_cv0\final.pt,7c2306bdfb782f81f1ae4ea26e0cf59a7f40e6e90656f6a2705a00443b6b06fb,A4_s17_cv0,17,0,.pt
C:\Users\Hngk\Documents\Codex\2026-09-07\use-the-autoresearch-skill-x20-https\outputs\PUMA_STAGE2_RESEARCH_PROMPTS_1_TO_4\PROMPT_4\RUNS\A4_s17_cv0\history.jsonl,PROMPT_4\ARCHITECTURES\A4\RESULTS\RUNS\A4_s17_cv0\history.jsonl,6c3cb7bd867879b853f1c27435b091cb3657ce66fa161ccda7d03acbd07d01b8,A4_s17_cv0,17,0,.jsonl
C:\Users\Hngk\Documents\Codex\2026-09-07\use-the-autoresearch-skill-x20-https\outputs\PUMA_STAGE2_RESEARCH_PROMPTS_1_TO_4\PROMPT_4\RUNS\A4_s17_cv0\normalizer.json,PROMPT_4\ARCHITECTURES\A4\RESULTS\RUNS\A4_s17_cv0\normalizer.json,f75d5e56dcca6f2ff7aa13358de835631b823bbc37b6b08d02983940eb5ee49c,A4_s17_cv0,17,0,.json
C:\Users\Hngk\Documents\Codex\2026-09-07\use-the-autoresearch-skill-x20-https\outputs\PUMA_STAGE2_RESEARCH_PROMPTS_1_TO_4\PROMPT_4\RUNS\A4_s17_cv0\provenance.json,PROMPT_4\ARCHITECTURES\A4\RESULTS\RUNS\A4_s17_cv0\provenance.json,fb04324b1d315b1705ac5ed7420a0db8f86280d5356b21c2f41f710e9d9f0056,A4_s17_cv0,17,0,.json
C:\Users\Hngk\Documents\Codex\2026-09-07\use-the-autoresearch-skill-x20-https\outputs\PUMA_STAGE2_RESEARCH_PROMPTS_1_TO_4\PROMPT_4\RUNS\A4_s17_cv0\summary.json,PROMPT_4\ARCHITECTURES\A4\RESULTS\RUNS\A4_s17_cv0\summary.json,d7822683d762373cb2720ee7f78c5eed6e0cf227b6a1051c7633bd858d2c1b4a,A4_s17_cv0,17,0,.json
C:\Users\Hngk\Documents\Codex\2026-09-07\use-the-autoresearch-skill-x20-https\outputs\PUMA_STAGE2_RESEARCH_PROMPTS_1_TO_4\PROMPT_4\RUNS\A4_s17_cv1\batch_history.jsonl,PROMPT_4\ARCHITECTURES\A4\RESULTS\RUNS\A4_s17_cv1\batch_history.jsonl,3425dd532d95ba41ef9ce170ac29a2aef9603caba36292a15d8bb50ca09f9d7e,A4_s17_cv1,17,1,.jsonl
C:\Users\Hngk\Documents\Codex\2026-09-07\use-the-autoresearch-skill-x20-https\outputs\PUMA_STAGE2_RESEARCH_PROMPTS_1_TO_4\PROMPT_4\RUNS\A4_s17_cv1\config.json,PROMPT_4\ARCHITECTURES\A4\RESULTS\RUNS\A4_s17_cv1\config.json,22b00ef58d9eadd2971041cb3c192adf1230975cd0608f00fc243099baea8a91,A4_s17_cv1,17,1,.json
C:\Users\Hngk\Documents\Codex\2026-09-07\use-the-autoresearch-skill-x20-https\outputs\PUMA_STAGE2_RESEARCH_PROMPTS_1_TO_4\PROMPT_4\RUNS\A4_s17_cv1\epoch_01_predictions.npz,PROMPT_4\ARCHITECTURES\A4\RESULTS\RUNS\A4_s17_cv1\epoch_01_predictions.npz,193a09062d5b2109475704a081a71264b137bfd7bd3b6535acc11f8c27326ad3,A4_s17_cv1,17,1,.npz
C:\Users\Hngk\Documents\Codex\2026-09-07\use-the-autoresearch-skill-x20-https\outputs\PUMA_STAGE2_RESEARCH_PROMPTS_1_TO_4\PROMPT_4\RUNS\A4_s17_cv1\epoch_02_predictions.npz,PROMPT_4\ARCHITECTURES\A4\RESULTS\RUNS\A4_s17_cv1\epoch_02_predictions.npz,40fc418d52eff194c2f5d9bddda17d18cc7736c6e3c29caa2a21e1333425ef11,A4_s17_cv1,17,1,.npz
C:\Users\Hngk\Documents\Codex\2026-09-07\use-the-autoresearch-skill-x20-https\outputs\PUMA_STAGE2_RESEARCH_PROMPTS_1_TO_4\PROMPT_4\RUNS\A4_s17_cv1\epoch_03_predictions.npz,PROMPT_4\ARCHITECTURES\A4\RESULTS\RUNS\A4_s17_cv1\epoch_03_predictions.npz,2b4ef2ebf8d1847ac6c3114db32ef4d2138b07e256dd97c3c0c486cbec757fc8,A4_s17_cv1,17,1,.npz
C:\Users\Hngk\Documents\Codex\2026-09-07\use-the-autoresearch-skill-x20-https\outputs\PUMA_STAGE2_RESEARCH_PROMPTS_1_TO_4\PROMPT_4\RUNS\A4_s17_cv1\epoch_04_predictions.npz,PROMPT_4\ARCHITECTURES\A4\RESULTS\RUNS\A4_s17_cv1\epoch_04_predictions.npz,f0cb1359f28dae273ed60312a65c5815110d38cd62ddd6ed9446e8b3b8b63f73,A4_s17_cv1,17,1,.npz
C:\Users\Hngk\Documents\Codex\2026-09-07\use-the-autoresearch-skill-x20-https\outputs\PUMA_STAGE2_RESEARCH_PROMPTS_1_TO_4\PROMPT_4\RUNS\A4_s17_cv1\epoch_05_predictions.npz,PROMPT_4\ARCHITECTURES\A4\RESULTS\RUNS\A4_s17_cv1\epoch_05_predictions.npz,9e33972000a9f8aa6ba717975d132f6b9b40e9fc28ff766bbcea5a0aa886c177,A4_s17_cv1,17,1,.npz
C:\Users\Hngk\Documents\Codex\2026-09-07\use-the-autoresearch-skill-x20-https\outputs\PUMA_STAGE2_RESEARCH_PROMPTS_1_TO_4\PROMPT_4\RUNS\A4_s17_cv1\epoch_06_predictions.npz,PROMPT_4\ARCHITECTURES\A4\RESULTS\RUNS\A4_s17_cv1\epoch_06_predictions.npz,97a3ccead6c4829ab9c8d3c8ebc86ad0add5d61530cc7e34d071fe095381c708,A4_s17_cv1,17,1,.npz
C:\Users\Hngk\Documents\Codex\2026-09-07\use-the-autoresearch-skill-x20-https\outputs\PUMA_STAGE2_RESEARCH_PROMPTS_1_TO_4\PROMPT_4\RUNS\A4_s17_cv1\epoch_07_predictions.npz,PROMPT_4\ARCHITECTURES\A4\RESULTS\RUNS\A4_s17_cv1\epoch_07_predictions.npz,0c2c7dac02b9e912a4c30e22103e81c020696b39b9b5f30c63f1b1133ed819c2,A4_s17_cv1,17,1,.npz
C:\Users\Hngk\Documents\Codex\2026-09-07\use-the-autoresearch-skill-x20-https\outputs\PUMA_STAGE2_RESEARCH_PROMPTS_1_TO_4\PROMPT_4\RUNS\A4_s17_cv1\epoch_08_predictions.npz,PROMPT_4\ARCHITECTURES\A4\RESULTS\RUNS\A4_s17_cv1\epoch_08_predictions.npz,2deed3bdad7f8ebf2574be2503df9deb32216ff4b65544e95f34fab37a7a7166,A4_s17_cv1,17,1,.npz
C:\Users\Hngk\Documents\Codex\2026-09-07\use-the-autoresearch-skill-x20-https\outputs\PUMA_STAGE2_RESEARCH_PROMPTS_1_TO_4\PROMPT_4\RUNS\A4_s17_cv1\epoch_09_predictions.npz,PROMPT_4\ARCHITECTURES\A4\RESULTS\RUNS\A4_s17_cv1\epoch_09_predictions.npz,8015a576a74407f2c7ee1784778a8976f2507f22df70ec212e896dddf5467826,A4_s17_cv1,17,1,.npz
C:\Users\Hngk\Documents\Codex\2026-09-07\use-the-autoresearch-skill-x20-https\outputs\PUMA_STAGE2_RESEARCH_PROMPTS_1_TO_4\PROMPT_4\RUNS\A4_s17_cv1\epoch_10_predictions.npz,PROMPT_4\ARCHITECTURES\A4\RESULTS\RUNS\A4_s17_cv1\epoch_10_predictions.npz,6c47a6b3d30f4493ae0be21ce67f1579c7a5cdc0b1136750b18eefffbe0bf93c,A4_s17_cv1,17,1,.npz
C:\Users\Hngk\Documents\Codex\2026-09-07\use-the-autoresearch-skill-x20-https\outputs\PUMA_STAGE2_RESEARCH_PROMPTS_1_TO_4\PROMPT_4\RUNS\A4_s17_cv1\final.pt,PROMPT_4\ARCHITECTURES\A4\RESULTS\RUNS\A4_s17_cv1\final.pt,cd4999ed0ab2192f9a34288eecbb5092f4d31dcfb45a91d0b06ad0da1e67832c,A4_s17_cv1,17,1,.pt
C:\Users\Hngk\Documents\Codex\2026-09-07\use-the-autoresearch-skill-x20-https\outputs\PUMA_STAGE2_RESEARCH_PROMPTS_1_TO_4\PROMPT_4\RUNS\A4_s17_cv1\history.jsonl,PROMPT_4\ARCHITECTURES\A4\RESULTS\RUNS\A4_s17_cv1\history.jsonl,22744f2c3ad9b5315d900967bb02dd86946e998d5d94d4a622f3f79262d30cac,A4_s17_cv1,17,1,.jsonl
C:\Users\Hngk\Documents\Codex\2026-09-07\use-the-autoresearch-skill-x20-https\outputs\PUMA_STAGE2_RESEARCH_PROMPTS_1_TO_4\PROMPT_4\RUNS\A4_s17_cv1\normalizer.json,PROMPT_4\ARCHITECTURES\A4\RESULTS\RUNS\A4_s17_cv1\normalizer.json,3383fe0635cb468d084e5ebbd6144bb89768f6927f37c55e35b23ba5efd095cb,A4_s17_cv1,17,1,.json
C:\Users\Hngk\Documents\Codex\2026-09-07\use-the-autoresearch-skill-x20-https\outputs\PUMA_STAGE2_RESEARCH_PROMPTS_1_TO_4\PROMPT_4\RUNS\A4_s17_cv1\provenance.json,PROMPT_4\ARCHITECTURES\A4\RESULTS\RUNS\A4_s17_cv1\provenance.json,af9402ca3cd56802864d2113b041c39505e78d2ce161c5740124320cc340602a,A4_s17_cv1,17,1,.json
C:\Users\Hngk\Documents\Codex\2026-09-07\use-the-autoresearch-skill-x20-https\outputs\PUMA_STAGE2_RESEARCH_PROMPTS_1_TO_4\PROMPT_4\RUNS\A4_s17_cv1\summary.json,PROMPT_4\ARCHITECTURES\A4\RESULTS\RUNS\A4_s17_cv1\summary.json,c9d0ce04207ad1dc2c321e7678bc81d561255065cd2436542b878bb0bcf3d946,A4_s17_cv1,17,1,.json
C:\Users\Hngk\Documents\Codex\2026-09-07\use-the-autoresearch-skill-x20-https\outputs\PUMA_STAGE2_RESEARCH_PROMPTS_1_TO_4\PROMPT_4\RUNS\A4_s17_cv2\batch_history.jsonl,PROMPT_4\ARCHITECTURES\A4\RESULTS\RUNS\A4_s17_cv2\batch_history.jsonl,da23e0e580932d4be4badeb24eb21c733f093861cb0596d1d25f8e6b3705f310,A4_s17_cv2,17,2,.jsonl
C:\Users\Hngk\Documents\Codex\2026-09-07\use-the-autoresearch-skill-x20-https\outputs\PUMA_STAGE2_RESEARCH_PROMPTS_1_TO_4\PROMPT_4\RUNS\A4_s17_cv2\config.json,PROMPT_4\ARCHITECTURES\A4\RESULTS\RUNS\A4_s17_cv2\config.json,434272dc08b77487a16ffe7207e27c37b9c71ae6354b2699a8725057365d006a,A4_s17_cv2,17,2,.json
C:\Users\Hngk\Documents\Codex\2026-09-07\use-the-autoresearch-skill-x20-https\outputs\PUMA_STAGE2_RESEARCH_PROMPTS_1_TO_4\PROMPT_4\RUNS\A4_s17_cv2\epoch_01_predictions.npz,PROMPT_4\ARCHITECTURES\A4\RESULTS\RUNS\A4_s17_cv2\epoch_01_predictions.npz,899457d302e3afc4ff85ac1e22cf3bace32f03820b83415e67586d7da1dbfe01,A4_s17_cv2,17,2,.npz
C:\Users\Hngk\Documents\Codex\2026-09-07\use-the-autoresearch-skill-x20-https\outputs\PUMA_STAGE2_RESEARCH_PROMPTS_1_TO_4\PROMPT_4\RUNS\A4_s17_cv2\epoch_02_predictions.npz,PROMPT_4\ARCHITECTURES\A4\RESULTS\RUNS\A4_s17_cv2\epoch_02_predictions.npz,19bbacf98cf43414230781ac3eb95f5a7e1cd7f0946ed5b07367f4155a39df45,A4_s17_cv2,17,2,.npz
C:\Users\Hngk\Documents\Codex\2026-09-07\use-the-autoresearch-skill-x20-https\outputs\PUMA_STAGE2_RESEARCH_PROMPTS_1_TO_4\PROMPT_4\RUNS\A4_s17_cv2\epoch_03_predictions.npz,PROMPT_4\ARCHITECTURES\A4\RESULTS\RUNS\A4_s17_cv2\epoch_03_predictions.npz,2d23473ab33e9f602934705bba1a5be2a68f7738b82b3d8c10d670873ecafc59,A4_s17_cv2,17,2,.npz
C:\Users\Hngk\Documents\Codex\2026-09-07\use-the-autoresearch-skill-x20-https\outputs\PUMA_STAGE2_RESEARCH_PROMPTS_1_TO_4\PROMPT_4\RUNS\A4_s17_cv2\epoch_04_predictions.npz,PROMPT_4\ARCHITECTURES\A4\RESULTS\RUNS\A4_s17_cv2\epoch_04_predictions.npz,6f9f033ffee964020db4317618331cd1a9f04e26c1a83f7910ba4bc584abe3d4,A4_s17_cv2,17,2,.npz
C:\Users\Hngk\Documents\Codex\2026-09-07\use-the-autoresearch-skill-x20-https\outputs\PUMA_STAGE2_RESEARCH_PROMPTS_1_TO_4\PROMPT_4\RUNS\A4_s17_cv2\epoch_05_predictions.npz,PROMPT_4\ARCHITECTURES\A4\RESULTS\RUNS\A4_s17_cv2\epoch_05_predictions.npz,e0482ed88f11f958e85c42c8b01b94929881f9293b7600e6f458874acaec5944,A4_s17_cv2,17,2,.npz
C:\Users\Hngk\Documents\Codex\2026-09-07\use-the-autoresearch-skill-x20-https\outputs\PUMA_STAGE2_RESEARCH_PROMPTS_1_TO_4\PROMPT_4\RUNS\A4_s17_cv2\epoch_06_predictions.npz,PROMPT_4\ARCHITECTURES\A4\RESULTS\RUNS\A4_s17_cv2\epoch_06_predictions.npz,c7134faa5200c2c96d73726da26d4e5d07793a46a68899b5cc146fea8faed61d,A4_s17_cv2,17,2,.npz
C:\Users\Hngk\Documents\Codex\2026-09-07\use-the-autoresearch-skill-x20-https\outputs\PUMA_STAGE2_RESEARCH_PROMPTS_1_TO_4\PROMPT_4\RUNS\A4_s17_cv2\epoch_07_predictions.npz,PROMPT_4\ARCHITECTURES\A4\RESULTS\RUNS\A4_s17_cv2\epoch_07_predictions.npz,c1cf47f34bdfe1146da139d1b26bce35bbf6fefd914e54d8017fee0a781a79ce,A4_s17_cv2,17,2,.npz
C:\Users\Hngk\Documents\Codex\2026-09-07\use-the-autoresearch-skill-x20-https\outputs\PUMA_STAGE2_RESEARCH_PROMPTS_1_TO_4\PROMPT_4\RUNS\A4_s17_cv2\epoch_08_predictions.npz,PROMPT_4\ARCHITECTURES\A4\RESULTS\RUNS\A4_s17_cv2\epoch_08_predictions.npz,adfd2f8926effae9d453c8fca36faf36b3b6a83cb56e0b6ff24f3362b312e185,A4_s17_cv2,17,2,.npz
C:\Users\Hngk\Documents\Codex\2026-09-07\use-the-autoresearch-skill-x20-https\outputs\PUMA_STAGE2_RESEARCH_PROMPTS_1_TO_4\PROMPT_4\RUNS\A4_s17_cv2\epoch_09_predictions.npz,PROMPT_4\ARCHITECTURES\A4\RESULTS\RUNS\A4_s17_cv2\epoch_09_predictions.npz,2fb768d971137e9a3267dade0b42106929ec945bc49285e4077954c36c23f69a,A4_s17_cv2,17,2,.npz
C:\Users\Hngk\Documents\Codex\2026-09-07\use-the-autoresearch-skill-x20-https\outputs\PUMA_STAGE2_RESEARCH_PROMPTS_1_TO_4\PROMPT_4\RUNS\A4_s17_cv2\epoch_10_predictions.npz,PROMPT_4\ARCHITECTURES\A4\RESULTS\RUNS\A4_s17_cv2\epoch_10_predictions.npz,8940ca37c05fac92bc19ac16e6eebded4933a13086cc6975baad72d499281d11,A4_s17_cv2,17,2,.npz
C:\Users\Hngk\Documents\Codex\2026-09-07\use-the-autoresearch-skill-x20-https\outputs\PUMA_STAGE2_RESEARCH_PROMPTS_1_TO_4\PROMPT_4\RUNS\A4_s17_cv2\final.pt,PROMPT_4\ARCHITECTURES\A4\RESULTS\RUNS\A4_s17_cv2\final.pt,7efab8e48818a49735c52ab5fde37a04e23336288bb277e99221860b2cfc3702,A4_s17_cv2,17,2,.pt
C:\Users\Hngk\Documents\Codex\2026-09-07\use-the-autoresearch-skill-x20-https\outputs\PUMA_STAGE2_RESEARCH_PROMPTS_1_TO_4\PROMPT_4\RUNS\A4_s17_cv2\history.jsonl,PROMPT_4\ARCHITECTURES\A4\RESULTS\RUNS\A4_s17_cv2\history.jsonl,64cd3e5191f7f75add0770219e7bee42b53ce7f60014fe8a2f6c64ac7cd2ee21,A4_s17_cv2,17,2,.jsonl
C:\Users\Hngk\Documents\Codex\2026-09-07\use-the-autoresearch-skill-x20-https\outputs\PUMA_STAGE2_RESEARCH_PROMPTS_1_TO_4\PROMPT_4\RUNS\A4_s17_cv2\normalizer.json,PROMPT_4\ARCHITECTURES\A4\RESULTS\RUNS\A4_s17_cv2\normalizer.json,96d50de899d030d0814f1b1de6a785fda82d824637a9237bf0cd5ed8f713a28b,A4_s17_cv2,17,2,.json
C:\Users\Hngk\Documents\Codex\2026-09-07\use-the-autoresearch-skill-x20-https\outputs\PUMA_STAGE2_RESEARCH_PROMPTS_1_TO_4\PROMPT_4\RUNS\A4_s17_cv2\provenance.json,PROMPT_4\ARCHITECTURES\A4\RESULTS\RUNS\A4_s17_cv2\provenance.json,85c1fafbe22c456f7ce9a1667b751d9bcc2aa21dbc878b5ffe2aad8575bd6d74,A4_s17_cv2,17,2,.json
C:\Users\Hngk\Documents\Codex\2026-09-07\use-the-autoresearch-skill-x20-https\outputs\PUMA_STAGE2_RESEARCH_PROMPTS_1_TO_4\PROMPT_4\RUNS\A4_s17_cv2\summary.json,PROMPT_4\ARCHITECTURES\A4\RESULTS\RUNS\A4_s17_cv2\summary.json,6b892b11e13376f1990bdde0d8a4829e4f5961a528b634df7e97136cb39d55f8,A4_s17_cv2,17,2,.json
C:\Users\Hngk\Documents\Codex\2026-09-07\use-the-autoresearch-skill-x20-https\outputs\PUMA_STAGE2_RESEARCH_PROMPTS_1_TO_4\PROMPT_4\RUNS\A4_s29_cv0\batch_history.jsonl,PROMPT_4\ARCHITECTURES\A4\RESULTS\RUNS\A4_s29_cv0\batch_history.jsonl,01f4a57a65a5ee30bda5637188a4e5fbbd0d0cf4d81f51cd78facc07998f1181,A4_s29_cv0,29,0,.jsonl
C:\Users\Hngk\Documents\Codex\2026-09-07\use-the-autoresearch-skill-x20-https\outputs\PUMA_STAGE2_RESEARCH_PROMPTS_1_TO_4\PROMPT_4\RUNS\A4_s29_cv0\config.json,PROMPT_4\ARCHITECTURES\A4\RESULTS\RUNS\A4_s29_cv0\config.json,7ef42d251088b36236c827c512436472da16809adf87916820e3620ce9bcaf98,A4_s29_cv0,29,0,.json
C:\Users\Hngk\Documents\Codex\2026-09-07\use-the-autoresearch-skill-x20-https\outputs\PUMA_STAGE2_RESEARCH_PROMPTS_1_TO_4\PROMPT_4\RUNS\A4_s29_cv0\epoch_01_predictions.npz,PROMPT_4\ARCHITECTURES\A4\RESULTS\RUNS\A4_s29_cv0\epoch_01_predictions.npz,69d3482ed9d18fe6e90e545108ba48f61ce96dd75715c5b4ecbbbf9ac4ae0af9,A4_s29_cv0,29,0,.npz
C:\Users\Hngk\Documents\Codex\2026-09-07\use-the-autoresearch-skill-x20-https\outputs\PUMA_STAGE2_RESEARCH_PROMPTS_1_TO_4\PROMPT_4\RUNS\A4_s29_cv0\epoch_02_predictions.npz,PROMPT_4\ARCHITECTURES\A4\RESULTS\RUNS\A4_s29_cv0\epoch_02_predictions.npz,fe13f399613c3776fe86cc981d3b124504cc4e51bf8a9ea5ad0681655e69a621,A4_s29_cv0,29,0,.npz
C:\Users\Hngk\Documents\Codex\2026-09-07\use-the-autoresearch-skill-x20-https\outputs\PUMA_STAGE2_RESEARCH_PROMPTS_1_TO_4\PROMPT_4\RUNS\A4_s29_cv0\epoch_03_predictions.npz,PROMPT_4\ARCHITECTURES\A4\RESULTS\RUNS\A4_s29_cv0\epoch_03_predictions.npz,5337a1608533b629fd251b87fbb228694cbded1f8f026652edfaa74c29605eab,A4_s29_cv0,29,0,.npz
C:\Users\Hngk\Documents\Codex\2026-09-07\use-the-autoresearch-skill-x20-https\outputs\PUMA_STAGE2_RESEARCH_PROMPTS_1_TO_4\PROMPT_4\RUNS\A4_s29_cv0\epoch_04_predictions.npz,PROMPT_4\ARCHITECTURES\A4\RESULTS\RUNS\A4_s29_cv0\epoch_04_predictions.npz,65bf40733fbe291e22e64a29e99a53be4a4074216e947e380afe7c3b53eb28de,A4_s29_cv0,29,0,.npz
C:\Users\Hngk\Documents\Codex\2026-09-07\use-the-autoresearch-skill-x20-https\outputs\PUMA_STAGE2_RESEARCH_PROMPTS_1_TO_4\PROMPT_4\RUNS\A4_s29_cv0\epoch_05_predictions.npz,PROMPT_4\ARCHITECTURES\A4\RESULTS\RUNS\A4_s29_cv0\epoch_05_predictions.npz,3db0f58d414a5628d26a9423729e34c94f4cd1361a0a6d316b822bf15560eb9d,A4_s29_cv0,29,0,.npz
C:\Users\Hngk\Documents\Codex\2026-09-07\use-the-autoresearch-skill-x20-https\outputs\PUMA_STAGE2_RESEARCH_PROMPTS_1_TO_4\PROMPT_4\RUNS\A4_s29_cv0\epoch_06_predictions.npz,PROMPT_4\ARCHITECTURES\A4\RESULTS\RUNS\A4_s29_cv0\epoch_06_predictions.npz,6aee605ae745ffc3c89ca3b8fe06377c481fe0a0f312fcba6f3d09d0235839b0,A4_s29_cv0,29,0,.npz
C:\Users\Hngk\Documents\Codex\2026-09-07\use-the-autoresearch-skill-x20-https\outputs\PUMA_STAGE2_RESEARCH_PROMPTS_1_TO_4\PROMPT_4\RUNS\A4_s29_cv0\epoch_07_predictions.npz,PROMPT_4\ARCHITECTURES\A4\RESULTS\RUNS\A4_s29_cv0\epoch_07_predictions.npz,5156ec835689affa5d89f9e23a6d3c39ea9cfc1c13bfc01f9ea07c1e0507cb08,A4_s29_cv0,29,0,.npz
C:\Users\Hngk\Documents\Codex\2026-09-07\use-the-autoresearch-skill-x20-https\outputs\PUMA_STAGE2_RESEARCH_PROMPTS_1_TO_4\PROMPT_4\RUNS\A4_s29_cv0\epoch_08_predictions.npz,PROMPT_4\ARCHITECTURES\A4\RESULTS\RUNS\A4_s29_cv0\epoch_08_predictions.npz,10160b3cf5995d0d97a811a0a107b8ad8331225c8dd64d697670a9aab96ef23a,A4_s29_cv0,29,0,.npz
C:\Users\Hngk\Documents\Codex\2026-09-07\use-the-autoresearch-skill-x20-https\outputs\PUMA_STAGE2_RESEARCH_PROMPTS_1_TO_4\PROMPT_4\RUNS\A4_s29_cv0\epoch_09_predictions.npz,PROMPT_4\ARCHITECTURES\A4\RESULTS\RUNS\A4_s29_cv0\epoch_09_predictions.npz,4b15fc8ea47c12ed34bcaaf2badc7fce3685313628ecc7406a167abe55b4d599,A4_s29_cv0,29,0,.npz
C:\Users\Hngk\Documents\Codex\2026-09-07\use-the-autoresearch-skill-x20-https\outputs\PUMA_STAGE2_RESEARCH_PROMPTS_1_TO_4\PROMPT_4\RUNS\A4_s29_cv0\epoch_10_predictions.npz,PROMPT_4\ARCHITECTURES\A4\RESULTS\RUNS\A4_s29_cv0\epoch_10_predictions.npz,04379c8c5f9aff601365b80148ec1cb8d9d4aca39e7ce6d33ea7248aa5cb21ce,A4_s29_cv0,29,0,.npz
C:\Users\Hngk\Documents\Codex\2026-09-07\use-the-autoresearch-skill-x20-https\outputs\PUMA_STAGE2_RESEARCH_PROMPTS_1_TO_4\PROMPT_4\RUNS\A4_s29_cv0\final.pt,PROMPT_4\ARCHITECTURES\A4\RESULTS\RUNS\A4_s29_cv0\final.pt,873e068433e16265845a48f0da46f2449169efce3f38a17f537b17497756e8d2,A4_s29_cv0,29,0,.pt
C:\Users\Hngk\Documents\Codex\2026-09-07\use-the-autoresearch-skill-x20-https\outputs\PUMA_STAGE2_RESEARCH_PROMPTS_1_TO_4\PROMPT_4\RUNS\A4_s29_cv0\history.jsonl,PROMPT_4\ARCHITECTURES\A4\RESULTS\RUNS\A4_s29_cv0\history.jsonl,f8ae57697b9e738baa2b0fd8a0a3b6a273de07c36ac85faf4708cfd64a9be835,A4_s29_cv0,29,0,.jsonl
C:\Users\Hngk\Documents\Codex\2026-09-07\use-the-autoresearch-skill-x20-https\outputs\PUMA_STAGE2_RESEARCH_PROMPTS_1_TO_4\PROMPT_4\RUNS\A4_s29_cv0\normalizer.json,PROMPT_4\ARCHITECTURES\A4\RESULTS\RUNS\A4_s29_cv0\normalizer.json,f75d5e56dcca6f2ff7aa13358de835631b823bbc37b6b08d02983940eb5ee49c,A4_s29_cv0,29,0,.json
C:\Users\Hngk\Documents\Codex\2026-09-07\use-the-autoresearch-skill-x20-https\outputs\PUMA_STAGE2_RESEARCH_PROMPTS_1_TO_4\PROMPT_4\RUNS\A4_s29_cv0\provenance.json,PROMPT_4\ARCHITECTURES\A4\RESULTS\RUNS\A4_s29_cv0\provenance.json,bfa5b01778144cac6537b8ea7a1d918006d60fbfa7b40a30c54870391b53300f,A4_s29_cv0,29,0,.json
C:\Users\Hngk\Documents\Codex\2026-09-07\use-the-autoresearch-skill-x20-https\outputs\PUMA_STAGE2_RESEARCH_PROMPTS_1_TO_4\PROMPT_4\RUNS\A4_s29_cv0\summary.json,PROMPT_4\ARCHITECTURES\A4\RESULTS\RUNS\A4_s29_cv0\summary.json,11d431df1b63bd1c5470f1479b5c7d819c91c9eda2af943e533099ec9c582e19,A4_s29_cv0,29,0,.json
C:\Users\Hngk\Documents\Codex\2026-09-07\use-the-autoresearch-skill-x20-https\outputs\PUMA_STAGE2_RESEARCH_PROMPTS_1_TO_4\PROMPT_4\RUNS\A4_s29_cv1\batch_history.jsonl,PROMPT_4\ARCHITECTURES\A4\RESULTS\RUNS\A4_s29_cv1\batch_history.jsonl,14e5f3c5a3ad0581959348df1804de2ff1dbac849c75fe26088f7a2857b19a05,A4_s29_cv1,29,1,.jsonl
C:\Users\Hngk\Documents\Codex\2026-09-07\use-the-autoresearch-skill-x20-https\outputs\PUMA_STAGE2_RESEARCH_PROMPTS_1_TO_4\PROMPT_4\RUNS\A4_s29_cv1\config.json,PROMPT_4\ARCHITECTURES\A4\RESULTS\RUNS\A4_s29_cv1\config.json,cea9cf61255c95b371909165fc554dc3fa5a5e710a99a9d07f4a624dbb234470,A4_s29_cv1,29,1,.json
C:\Users\Hngk\Documents\Codex\2026-09-07\use-the-autoresearch-skill-x20-https\outputs\PUMA_STAGE2_RESEARCH_PROMPTS_1_TO_4\PROMPT_4\RUNS\A4_s29_cv1\epoch_01_predictions.npz,PROMPT_4\ARCHITECTURES\A4\RESULTS\RUNS\A4_s29_cv1\epoch_01_predictions.npz,52f631174cb6c077d50469b7b52bb12547b628398fb09e4eba2b09e81eaa6b6f,A4_s29_cv1,29,1,.npz
C:\Users\Hngk\Documents\Codex\2026-09-07\use-the-autoresearch-skill-x20-https\outputs\PUMA_STAGE2_RESEARCH_PROMPTS_1_TO_4\PROMPT_4\RUNS\A4_s29_cv1\epoch_02_predictions.npz,PROMPT_4\ARCHITECTURES\A4\RESULTS\RUNS\A4_s29_cv1\epoch_02_predictions.npz,801f3c18235c11903b29aa762501d3572dee31b4ae5f71a624b6b5d017688635,A4_s29_cv1,29,1,.npz
C:\Users\Hngk\Documents\Codex\2026-09-07\use-the-autoresearch-skill-x20-https\outputs\PUMA_STAGE2_RESEARCH_PROMPTS_1_TO_4\PROMPT_4\RUNS\A4_s29_cv1\epoch_03_predictions.npz,PROMPT_4\ARCHITECTURES\A4\RESULTS\RUNS\A4_s29_cv1\epoch_03_predictions.npz,8eb674222bc1b2edefecb26c861d8f5bd55df9d272386e0a6d4029f307c8ce80,A4_s29_cv1,29,1,.npz
C:\Users\Hngk\Documents\Codex\2026-09-07\use-the-autoresearch-skill-x20-https\outputs\PUMA_STAGE2_RESEARCH_PROMPTS_1_TO_4\PROMPT_4\RUNS\A4_s29_cv1\epoch_04_predictions.npz,PROMPT_4\ARCHITECTURES\A4\RESULTS\RUNS\A4_s29_cv1\epoch_04_predictions.npz,69e6fb040f0805c08f12a66287a199d6630634112a9840187c0df5a5bc5875f0,A4_s29_cv1,29,1,.npz
C:\Users\Hngk\Documents\Codex\2026-09-07\use-the-autoresearch-skill-x20-https\outputs\PUMA_STAGE2_RESEARCH_PROMPTS_1_TO_4\PROMPT_4\RUNS\A4_s29_cv1\epoch_05_predictions.npz,PROMPT_4\ARCHITECTURES\A4\RESULTS\RUNS\A4_s29_cv1\epoch_05_predictions.npz,582815d3090b71878f2de88d6bee6b5d8e7bcb52838aa8f5223511423efd5c3f,A4_s29_cv1,29,1,.npz
C:\Users\Hngk\Documents\Codex\2026-09-07\use-the-autoresearch-skill-x20-https\outputs\PUMA_STAGE2_RESEARCH_PROMPTS_1_TO_4\PROMPT_4\RUNS\A4_s29_cv1\epoch_06_predictions.npz,PROMPT_4\ARCHITECTURES\A4\RESULTS\RUNS\A4_s29_cv1\epoch_06_predictions.npz,71891397e109c7f6a470a2e98c3fd2f8e2f5e1cdcb390a0d472f2b1b10b4ca7d,A4_s29_cv1,29,1,.npz
C:\Users\Hngk\Documents\Codex\2026-09-07\use-the-autoresearch-skill-x20-https\outputs\PUMA_STAGE2_RESEARCH_PROMPTS_1_TO_4\PROMPT_4\RUNS\A4_s29_cv1\epoch_07_predictions.npz,PROMPT_4\ARCHITECTURES\A4\RESULTS\RUNS\A4_s29_cv1\epoch_07_predictions.npz,6a78b7598e1a33904a661202060772d64a6f5e28fa0ab62af94092e1cd204086,A4_s29_cv1,29,1,.npz
C:\Users\Hngk\Documents\Codex\2026-09-07\use-the-autoresearch-skill-x20-https\outputs\PUMA_STAGE2_RESEARCH_PROMPTS_1_TO_4\PROMPT_4\RUNS\A4_s29_cv1\epoch_08_predictions.npz,PROMPT_4\ARCHITECTURES\A4\RESULTS\RUNS\A4_s29_cv1\epoch_08_predictions.npz,0e6238e1abffdf05a4e7392975376d61718cd63c09b52749160d000ade8e32d4,A4_s29_cv1,29,1,.npz
C:\Users\Hngk\Documents\Codex\2026-09-07\use-the-autoresearch-skill-x20-https\outputs\PUMA_STAGE2_RESEARCH_PROMPTS_1_TO_4\PROMPT_4\RUNS\A4_s29_cv1\epoch_09_predictions.npz,PROMPT_4\ARCHITECTURES\A4\RESULTS\RUNS\A4_s29_cv1\epoch_09_predictions.npz,cd7ee801abeccdc68449e038ed45a966c38858c59ca48d50c479715a37e2ecf9,A4_s29_cv1,29,1,.npz
C:\Users\Hngk\Documents\Codex\2026-09-07\use-the-autoresearch-skill-x20-https\outputs\PUMA_STAGE2_RESEARCH_PROMPTS_1_TO_4\PROMPT_4\RUNS\A4_s29_cv1\epoch_10_predictions.npz,PROMPT_4\ARCHITECTURES\A4\RESULTS\RUNS\A4_s29_cv1\epoch_10_predictions.npz,087220d49750033e8c3b565c21a525ae387bcdb4f72bd700001c0d41112f743c,A4_s29_cv1,29,1,.npz
C:\Users\Hngk\Documents\Codex\2026-09-07\use-the-autoresearch-skill-x20-https\outputs\PUMA_STAGE2_RESEARCH_PROMPTS_1_TO_4\PROMPT_4\RUNS\A4_s29_cv1\final.pt,PROMPT_4\ARCHITECTURES\A4\RESULTS\RUNS\A4_s29_cv1\final.pt,ce6ede682e937ddcee20e46c5b77b1e2f6f6f3f6b79b001836e5451d49e09daa,A4_s29_cv1,29,1,.pt
C:\Users\Hngk\Documents\Codex\2026-09-07\use-the-autoresearch-skill-x20-https\outputs\PUMA_STAGE2_RESEARCH_PROMPTS_1_TO_4\PROMPT_4\RUNS\A4_s29_cv1\history.jsonl,PROMPT_4\ARCHITECTURES\A4\RESULTS\RUNS\A4_s29_cv1\history.jsonl,e0bd173ee5eaf48a073a526faa82388b2aaf035aa080e12684b50cf1d7441cb5,A4_s29_cv1,29,1,.jsonl
C:\Users\Hngk\Documents\Codex\2026-09-07\use-the-autoresearch-skill-x20-https\outputs\PUMA_STAGE2_RESEARCH_PROMPTS_1_TO_4\PROMPT_4\RUNS\A4_s29_cv1\normalizer.json,PROMPT_4\ARCHITECTURES\A4\RESULTS\RUNS\A4_s29_cv1\normalizer.json,3383fe0635cb468d084e5ebbd6144bb89768f6927f37c55e35b23ba5efd095cb,A4_s29_cv1,29,1,.json
C:\Users\Hngk\Documents\Codex\2026-09-07\use-the-autoresearch-skill-x20-https\outputs\PUMA_STAGE2_RESEARCH_PROMPTS_1_TO_4\PROMPT_4\RUNS\A4_s29_cv1\provenance.json,PROMPT_4\ARCHITECTURES\A4\RESULTS\RUNS\A4_s29_cv1\provenance.json,d0ab016db892443f4a6f831b5abb9231c1e146f072e950e27a824eb5689f2f5b,A4_s29_cv1,29,1,.json
C:\Users\Hngk\Documents\Codex\2026-09-07\use-the-autoresearch-skill-x20-https\outputs\PUMA_STAGE2_RESEARCH_PROMPTS_1_TO_4\PROMPT_4\RUNS\A4_s29_cv1\summary.json,PROMPT_4\ARCHITECTURES\A4\RESULTS\RUNS\A4_s29_cv1\summary.json,e7f092bbcc21928a18611a6765cbd932d7a5687ed1c0038e6a5d4505afd4ed6f,A4_s29_cv1,29,1,.json
C:\Users\Hngk\Documents\Codex\2026-09-07\use-the-autoresearch-skill-x20-https\outputs\PUMA_STAGE2_RESEARCH_PROMPTS_1_TO_4\PROMPT_4\RUNS\A4_s29_cv2\batch_history.jsonl,PROMPT_4\ARCHITECTURES\A4\RESULTS\RUNS\A4_s29_cv2\batch_history.jsonl,13116937712f9b7753ad4b3313992ae174e6763814254ea4d863af44fb409bf7,A4_s29_cv2,29,2,.jsonl
C:\Users\Hngk\Documents\Codex\2026-09-07\use-the-autoresearch-skill-x20-https\outputs\PUMA_STAGE2_RESEARCH_PROMPTS_1_TO_4\PROMPT_4\RUNS\A4_s29_cv2\config.json,PROMPT_4\ARCHITECTURES\A4\RESULTS\RUNS\A4_s29_cv2\config.json,52d536b9282e335d68414d38da63df5f51a388fc0f65306dce557c932e9bc1b2,A4_s29_cv2,29,2,.json
C:\Users\Hngk\Documents\Codex\2026-09-07\use-the-autoresearch-skill-x20-https\outputs\PUMA_STAGE2_RESEARCH_PROMPTS_1_TO_4\PROMPT_4\RUNS\A4_s29_cv2\epoch_01_predictions.npz,PROMPT_4\ARCHITECTURES\A4\RESULTS\RUNS\A4_s29_cv2\epoch_01_predictions.npz,df420be88eb3a77e561345cd7a26338344c9ce72452329c1d1264187835477d2,A4_s29_cv2,29,2,.npz
C:\Users\Hngk\Documents\Codex\2026-09-07\use-the-autoresearch-skill-x20-https\outputs\PUMA_STAGE2_RESEARCH_PROMPTS_1_TO_4\PROMPT_4\RUNS\A4_s29_cv2\epoch_02_predictions.npz,PROMPT_4\ARCHITECTURES\A4\RESULTS\RUNS\A4_s29_cv2\epoch_02_predictions.npz,b039ee5997bd6d8c2d974e24e5c195f33371f7ee4255622d503589bf484a2a67,A4_s29_cv2,29,2,.npz
C:\Users\Hngk\Documents\Codex\2026-09-07\use-the-autoresearch-skill-x20-https\outputs\PUMA_STAGE2_RESEARCH_PROMPTS_1_TO_4\PROMPT_4\RUNS\A4_s29_cv2\epoch_03_predictions.npz,PROMPT_4\ARCHITECTURES\A4\RESULTS\RUNS\A4_s29_cv2\epoch_03_predictions.npz,0616c026f61d977194dea5eacbc5cb9dcbf7b262d9f978b5e24b67d2248f2deb,A4_s29_cv2,29,2,.npz
C:\Users\Hngk\Documents\Codex\2026-09-07\use-the-autoresearch-skill-x20-https\outputs\PUMA_STAGE2_RESEARCH_PROMPTS_1_TO_4\PROMPT_4\RUNS\A4_s29_cv2\epoch_04_predictions.npz,PROMPT_4\ARCHITECTURES\A4\RESULTS\RUNS\A4_s29_cv2\epoch_04_predictions.npz,d81964d3e17f31c305b8473e78a324336280d3efff9913145af5ea2ab6bb1a6a,A4_s29_cv2,29,2,.npz
C:\Users\Hngk\Documents\Codex\2026-09-07\use-the-autoresearch-skill-x20-https\outputs\PUMA_STAGE2_RESEARCH_PROMPTS_1_TO_4\PROMPT_4\RUNS\A4_s29_cv2\epoch_05_predictions.npz,PROMPT_4\ARCHITECTURES\A4\RESULTS\RUNS\A4_s29_cv2\epoch_05_predictions.npz,62b8d47736f3f095e61349a6aab3eeb8c5998757d38917c75a1c29fb1d95a5f3,A4_s29_cv2,29,2,.npz
C:\Users\Hngk\Documents\Codex\2026-09-07\use-the-autoresearch-skill-x20-https\outputs\PUMA_STAGE2_RESEARCH_PROMPTS_1_TO_4\PROMPT_4\RUNS\A4_s29_cv2\epoch_06_predictions.npz,PROMPT_4\ARCHITECTURES\A4\RESULTS\RUNS\A4_s29_cv2\epoch_06_predictions.npz,0c3ebc981e2f7fd41281290e24b90343120fb49f076968cbea8d6b74315c7819,A4_s29_cv2,29,2,.npz
C:\Users\Hngk\Documents\Codex\2026-09-07\use-the-autoresearch-skill-x20-https\outputs\PUMA_STAGE2_RESEARCH_PROMPTS_1_TO_4\PROMPT_4\RUNS\A4_s29_cv2\epoch_07_predictions.npz,PROMPT_4\ARCHITECTURES\A4\RESULTS\RUNS\A4_s29_cv2\epoch_07_predictions.npz,bf7c10a6b33401808736467a2759d0cbb6cbb28d25793ac047e56ae4cf1631d5,A4_s29_cv2,29,2,.npz
C:\Users\Hngk\Documents\Codex\2026-09-07\use-the-autoresearch-skill-x20-https\outputs\PUMA_STAGE2_RESEARCH_PROMPTS_1_TO_4\PROMPT_4\RUNS\A4_s29_cv2\epoch_08_predictions.npz,PROMPT_4\ARCHITECTURES\A4\RESULTS\RUNS\A4_s29_cv2\epoch_08_predictions.npz,289133c2bfe3c56b8d9ac664bc6c5f58ef8780f769a97b3eace36712093f917d,A4_s29_cv2,29,2,.npz
C:\Users\Hngk\Documents\Codex\2026-09-07\use-the-autoresearch-skill-x20-https\outputs\PUMA_STAGE2_RESEARCH_PROMPTS_1_TO_4\PROMPT_4\RUNS\A4_s29_cv2\epoch_09_predictions.npz,PROMPT_4\ARCHITECTURES\A4\RESULTS\RUNS\A4_s29_cv2\epoch_09_predictions.npz,5e151752538a1b460d7c0a8fc616988fbf345a99d8610a3490945e8a974da2a0,A4_s29_cv2,29,2,.npz
C:\Users\Hngk\Documents\Codex\2026-09-07\use-the-autoresearch-skill-x20-https\outputs\PUMA_STAGE2_RESEARCH_PROMPTS_1_TO_4\PROMPT_4\RUNS\A4_s29_cv2\epoch_10_predictions.npz,PROMPT_4\ARCHITECTURES\A4\RESULTS\RUNS\A4_s29_cv2\epoch_10_predictions.npz,1a92d040645ad120e40c117f23d9f59ca6329846c682e1cde5d8fbfdd4ae83f6,A4_s29_cv2,29,2,.npz
C:\Users\Hngk\Documents\Codex\2026-09-07\use-the-autoresearch-skill-x20-https\outputs\PUMA_STAGE2_RESEARCH_PROMPTS_1_TO_4\PROMPT_4\RUNS\A4_s29_cv2\final.pt,PROMPT_4\ARCHITECTURES\A4\RESULTS\RUNS\A4_s29_cv2\final.pt,623d9b137c69fc7cd49cb781459688d02ae17797c5111401ceea241bf1d00210,A4_s29_cv2,29,2,.pt
C:\Users\Hngk\Documents\Codex\2026-09-07\use-the-autoresearch-skill-x20-https\outputs\PUMA_STAGE2_RESEARCH_PROMPTS_1_TO_4\PROMPT_4\RUNS\A4_s29_cv2\history.jsonl,PROMPT_4\ARCHITECTURES\A4\RESULTS\RUNS\A4_s29_cv2\history.jsonl,277f9ee9d136a99fab7a5c62b7683d16a79c2c0a8fe2d2afa970c9a7f7f962d9,A4_s29_cv2,29,2,.jsonl
C:\Users\Hngk\Documents\Codex\2026-09-07\use-the-autoresearch-skill-x20-https\outputs\PUMA_STAGE2_RESEARCH_PROMPTS_1_TO_4\PROMPT_4\RUNS\A4_s29_cv2\normalizer.json,PROMPT_4\ARCHITECTURES\A4\RESULTS\RUNS\A4_s29_cv2\normalizer.json,96d50de899d030d0814f1b1de6a785fda82d824637a9237bf0cd5ed8f713a28b,A4_s29_cv2,29,2,.json
C:\Users\Hngk\Documents\Codex\2026-09-07\use-the-autoresearch-skill-x20-https\outputs\PUMA_STAGE2_RESEARCH_PROMPTS_1_TO_4\PROMPT_4\RUNS\A4_s29_cv2\provenance.json,PROMPT_4\ARCHITECTURES\A4\RESULTS\RUNS\A4_s29_cv2\provenance.json,ab232f52b7d555e7d15b42dfc84d03211fc4489e11b43facc5772f9da97cdb9e,A4_s29_cv2,29,2,.json
C:\Users\Hngk\Documents\Codex\2026-09-07\use-the-autoresearch-skill-x20-https\outputs\PUMA_STAGE2_RESEARCH_PROMPTS_1_TO_4\PROMPT_4\RUNS\A4_s29_cv2\summary.json,PROMPT_4\ARCHITECTURES\A4\RESULTS\RUNS\A4_s29_cv2\summary.json,7c26116940c0af368d62a4e36a41f318ee13c0712f70b59f39732d917f5af00f,A4_s29_cv2,29,2,.json
C:\Users\Hngk\Documents\Codex\2026-09-07\use-the-autoresearch-skill-x20-https\outputs\PUMA_STAGE2_RESEARCH_PROMPTS_1_TO_4\PROMPT_4\RUNS\A4_s43_cv0\batch_history.jsonl,PROMPT_4\ARCHITECTURES\A4\RESULTS\RUNS\A4_s43_cv0\batch_history.jsonl,cfc566441172cfba849ec05355e8bd226e86ecdb129e62e62a3d80d31c17afd1,A4_s43_cv0,43,0,.jsonl
C:\Users\Hngk\Documents\Codex\2026-09-07\use-the-autoresearch-skill-x20-https\outputs\PUMA_STAGE2_RESEARCH_PROMPTS_1_TO_4\PROMPT_4\RUNS\A4_s43_cv0\config.json,PROMPT_4\ARCHITECTURES\A4\RESULTS\RUNS\A4_s43_cv0\config.json,cf1bd0b05e34f3ca2d330697dbbd914c698dd9d54ce52f75076f65378e8383eb,A4_s43_cv0,43,0,.json
C:\Users\Hngk\Documents\Codex\2026-09-07\use-the-autoresearch-skill-x20-https\outputs\PUMA_STAGE2_RESEARCH_PROMPTS_1_TO_4\PROMPT_4\RUNS\A4_s43_cv0\epoch_01_predictions.npz,PROMPT_4\ARCHITECTURES\A4\RESULTS\RUNS\A4_s43_cv0\epoch_01_predictions.npz,ff5c078ad9f56adabb588a559ec873aac6b93ff2f301c83d4a0c77462d8498e0,A4_s43_cv0,43,0,.npz
C:\Users\Hngk\Documents\Codex\2026-09-07\use-the-autoresearch-skill-x20-https\outputs\PUMA_STAGE2_RESEARCH_PROMPTS_1_TO_4\PROMPT_4\RUNS\A4_s43_cv0\epoch_02_predictions.npz,PROMPT_4\ARCHITECTURES\A4\RESULTS\RUNS\A4_s43_cv0\epoch_02_predictions.npz,721a79792c406ff153c986eac5d3e64e03ac31e50f2f22de9cfa91fa270df69b,A4_s43_cv0,43,0,.npz
C:\Users\Hngk\Documents\Codex\2026-09-07\use-the-autoresearch-skill-x20-https\outputs\PUMA_STAGE2_RESEARCH_PROMPTS_1_TO_4\PROMPT_4\RUNS\A4_s43_cv0\epoch_03_predictions.npz,PROMPT_4\ARCHITECTURES\A4\RESULTS\RUNS\A4_s43_cv0\epoch_03_predictions.npz,a31138d2f95e4cea9dc5d8406517b8a440d724e84b437ef12176cfdc67ba2df5,A4_s43_cv0,43,0,.npz
C:\Users\Hngk\Documents\Codex\2026-09-07\use-the-autoresearch-skill-x20-https\outputs\PUMA_STAGE2_RESEARCH_PROMPTS_1_TO_4\PROMPT_4\RUNS\A4_s43_cv0\epoch_04_predictions.npz,PROMPT_4\ARCHITECTURES\A4\RESULTS\RUNS\A4_s43_cv0\epoch_04_predictions.npz,0f1133d96488abba5fe5a1845f6c3b37394e24989264f1943dd0f34917b35c10,A4_s43_cv0,43,0,.npz
C:\Users\Hngk\Documents\Codex\2026-09-07\use-the-autoresearch-skill-x20-https\outputs\PUMA_STAGE2_RESEARCH_PROMPTS_1_TO_4\PROMPT_4\RUNS\A4_s43_cv0\epoch_05_predictions.npz,PROMPT_4\ARCHITECTURES\A4\RESULTS\RUNS\A4_s43_cv0\epoch_05_predictions.npz,18861c36c3bd868860356164bd2f30aff666cecda12e4b4ff3d88ab7e1ac3b23,A4_s43_cv0,43,0,.npz
C:\Users\Hngk\Documents\Codex\2026-09-07\use-the-autoresearch-skill-x20-https\outputs\PUMA_STAGE2_RESEARCH_PROMPTS_1_TO_4\PROMPT_4\RUNS\A4_s43_cv0\epoch_06_predictions.npz,PROMPT_4\ARCHITECTURES\A4\RESULTS\RUNS\A4_s43_cv0\epoch_06_predictions.npz,8e5bcdd1fc88ed93d47eb78f20322855d1abce2a00c41fdb4e86fd942462001a,A4_s43_cv0,43,0,.npz
C:\Users\Hngk\Documents\Codex\2026-09-07\use-the-autoresearch-skill-x20-https\outputs\PUMA_STAGE2_RESEARCH_PROMPTS_1_TO_4\PROMPT_4\RUNS\A4_s43_cv0\epoch_07_predictions.npz,PROMPT_4\ARCHITECTURES\A4\RESULTS\RUNS\A4_s43_cv0\epoch_07_predictions.npz,b2e4cabb3ec1f3146abaa65e4ee207e7a7d94888bd11390fce8e7b51faac02f3,A4_s43_cv0,43,0,.npz
C:\Users\Hngk\Documents\Codex\2026-09-07\use-the-autoresearch-skill-x20-https\outputs\PUMA_STAGE2_RESEARCH_PROMPTS_1_TO_4\PROMPT_4\RUNS\A4_s43_cv0\epoch_08_predictions.npz,PROMPT_4\ARCHITECTURES\A4\RESULTS\RUNS\A4_s43_cv0\epoch_08_predictions.npz,0579052b8884578f41ee216e62791af7ed1383590f8494e6df97195b0a77c9de,A4_s43_cv0,43,0,.npz
C:\Users\Hngk\Documents\Codex\2026-09-07\use-the-autoresearch-skill-x20-https\outputs\PUMA_STAGE2_RESEARCH_PROMPTS_1_TO_4\PROMPT_4\RUNS\A4_s43_cv0\epoch_09_predictions.npz,PROMPT_4\ARCHITECTURES\A4\RESULTS\RUNS\A4_s43_cv0\epoch_09_predictions.npz,2dbcc675781090b8d1454b97be5ab535e382a3ab8ab97f0d16dcc45dce4680c8,A4_s43_cv0,43,0,.npz
C:\Users\Hngk\Documents\Codex\2026-09-07\use-the-autoresearch-skill-x20-https\outputs\PUMA_STAGE2_RESEARCH_PROMPTS_1_TO_4\PROMPT_4\RUNS\A4_s43_cv0\epoch_10_predictions.npz,PROMPT_4\ARCHITECTURES\A4\RESULTS\RUNS\A4_s43_cv0\epoch_10_predictions.npz,b6f361dee2375bf45d2c9405f626abf526bb9f0408b19b952474fa9840b35129,A4_s43_cv0,43,0,.npz
C:\Users\Hngk\Documents\Codex\2026-09-07\use-the-autoresearch-skill-x20-https\outputs\PUMA_STAGE2_RESEARCH_PROMPTS_1_TO_4\PROMPT_4\RUNS\A4_s43_cv0\final.pt,PROMPT_4\ARCHITECTURES\A4\RESULTS\RUNS\A4_s43_cv0\final.pt,4a57c590232a4fe47b61ed10a9a10231ca6af52269ec039f45fb175f3dfbcbc9,A4_s43_cv0,43,0,.pt
C:\Users\Hngk\Documents\Codex\2026-09-07\use-the-autoresearch-skill-x20-https\outputs\PUMA_STAGE2_RESEARCH_PROMPTS_1_TO_4\PROMPT_4\RUNS\A4_s43_cv0\history.jsonl,PROMPT_4\ARCHITECTURES\A4\RESULTS\RUNS\A4_s43_cv0\history.jsonl,702746d3f500025e6163e7b6c7e91ab919a21e1394e294e26a44b704eda84e63,A4_s43_cv0,43,0,.jsonl
C:\Users\Hngk\Documents\Codex\2026-09-07\use-the-autoresearch-skill-x20-https\outputs\PUMA_STAGE2_RESEARCH_PROMPTS_1_TO_4\PROMPT_4\RUNS\A4_s43_cv0\normalizer.json,PROMPT_4\ARCHITECTURES\A4\RESULTS\RUNS\A4_s43_cv0\normalizer.json,f75d5e56dcca6f2ff7aa13358de835631b823bbc37b6b08d02983940eb5ee49c,A4_s43_cv0,43,0,.json
C:\Users\Hngk\Documents\Codex\2026-09-07\use-the-autoresearch-skill-x20-https\outputs\PUMA_STAGE2_RESEARCH_PROMPTS_1_TO_4\PROMPT_4\RUNS\A4_s43_cv0\provenance.json,PROMPT_4\ARCHITECTURES\A4\RESULTS\RUNS\A4_s43_cv0\provenance.json,a54bb7a35ed347290936c9ed0a5ab9c63cdb58a5c5b3be3922153917b3cbc571,A4_s43_cv0,43,0,.json
C:\Users\Hngk\Documents\Codex\2026-09-07\use-the-autoresearch-skill-x20-https\outputs\PUMA_STAGE2_RESEARCH_PROMPTS_1_TO_4\PROMPT_4\RUNS\A4_s43_cv0\summary.json,PROMPT_4\ARCHITECTURES\A4\RESULTS\RUNS\A4_s43_cv0\summary.json,1c609aaffa2bb49fb03f3f4684c33e6ed0f8c362770c5e1c4384ce3da37a1415,A4_s43_cv0,43,0,.json
C:\Users\Hngk\Documents\Codex\2026-09-07\use-the-autoresearch-skill-x20-https\outputs\PUMA_STAGE2_RESEARCH_PROMPTS_1_TO_4\PROMPT_4\RUNS\A4_s43_cv1\batch_history.jsonl,PROMPT_4\ARCHITECTURES\A4\RESULTS\RUNS\A4_s43_cv1\batch_history.jsonl,b79f8b8053b6b4297021a08100c895de60993d8b412bb12c67044ec44c69cc09,A4_s43_cv1,43,1,.jsonl
C:\Users\Hngk\Documents\Codex\2026-09-07\use-the-autoresearch-skill-x20-https\outputs\PUMA_STAGE2_RESEARCH_PROMPTS_1_TO_4\PROMPT_4\RUNS\A4_s43_cv1\config.json,PROMPT_4\ARCHITECTURES\A4\RESULTS\RUNS\A4_s43_cv1\config.json,c74859753f005c472d900261531a4a3ac1a6502e7748d1596ddcb91051b455af,A4_s43_cv1,43,1,.json
C:\Users\Hngk\Documents\Codex\2026-09-07\use-the-autoresearch-skill-x20-https\outputs\PUMA_STAGE2_RESEARCH_PROMPTS_1_TO_4\PROMPT_4\RUNS\A4_s43_cv1\epoch_01_predictions.npz,PROMPT_4\ARCHITECTURES\A4\RESULTS\RUNS\A4_s43_cv1\epoch_01_predictions.npz,2d5569e03e975541dc77ee3bed5a149dff4a36ad36813e89b4dc9e7f02bf829c,A4_s43_cv1,43,1,.npz
C:\Users\Hngk\Documents\Codex\2026-09-07\use-the-autoresearch-skill-x20-https\outputs\PUMA_STAGE2_RESEARCH_PROMPTS_1_TO_4\PROMPT_4\RUNS\A4_s43_cv1\epoch_02_predictions.npz,PROMPT_4\ARCHITECTURES\A4\RESULTS\RUNS\A4_s43_cv1\epoch_02_predictions.npz,d64c2dc55a84a47b74620499799dc54377420963ccd2b25ba9ef7a1ee093ac77,A4_s43_cv1,43,1,.npz
C:\Users\Hngk\Documents\Codex\2026-09-07\use-the-autoresearch-skill-x20-https\outputs\PUMA_STAGE2_RESEARCH_PROMPTS_1_TO_4\PROMPT_4\RUNS\A4_s43_cv1\epoch_03_predictions.npz,PROMPT_4\ARCHITECTURES\A4\RESULTS\RUNS\A4_s43_cv1\epoch_03_predictions.npz,cd07353022b504595f28fa68a59e8b20976db3c713faedecc283796e0105e42b,A4_s43_cv1,43,1,.npz
C:\Users\Hngk\Documents\Codex\2026-09-07\use-the-autoresearch-skill-x20-https\outputs\PUMA_STAGE2_RESEARCH_PROMPTS_1_TO_4\PROMPT_4\RUNS\A4_s43_cv1\epoch_04_predictions.npz,PROMPT_4\ARCHITECTURES\A4\RESULTS\RUNS\A4_s43_cv1\epoch_04_predictions.npz,55195b6a73dae6bae81effe51653a23a4d4cf6d603bf4239a11731b1879b57fb,A4_s43_cv1,43,1,.npz
C:\Users\Hngk\Documents\Codex\2026-09-07\use-the-autoresearch-skill-x20-https\outputs\PUMA_STAGE2_RESEARCH_PROMPTS_1_TO_4\PROMPT_4\RUNS\A4_s43_cv1\epoch_05_predictions.npz,PROMPT_4\ARCHITECTURES\A4\RESULTS\RUNS\A4_s43_cv1\epoch_05_predictions.npz,219959481c543de879659a0419786c5b0fa56fe54eb842184918e69dbd4b5998,A4_s43_cv1,43,1,.npz
C:\Users\Hngk\Documents\Codex\2026-09-07\use-the-autoresearch-skill-x20-https\outputs\PUMA_STAGE2_RESEARCH_PROMPTS_1_TO_4\PROMPT_4\RUNS\A4_s43_cv1\epoch_06_predictions.npz,PROMPT_4\ARCHITECTURES\A4\RESULTS\RUNS\A4_s43_cv1\epoch_06_predictions.npz,4171f2238530ce4ba142c77ba0a399491997a99f9a9c304a51c7e44fa2bbf75b,A4_s43_cv1,43,1,.npz
C:\Users\Hngk\Documents\Codex\2026-09-07\use-the-autoresearch-skill-x20-https\outputs\PUMA_STAGE2_RESEARCH_PROMPTS_1_TO_4\PROMPT_4\RUNS\A4_s43_cv1\epoch_07_predictions.npz,PROMPT_4\ARCHITECTURES\A4\RESULTS\RUNS\A4_s43_cv1\epoch_07_predictions.npz,7ecb0fc59442cff14eeac7cf62d78ef6d464fdfe2a7fca9ec445d00bd56f7b08,A4_s43_cv1,43,1,.npz
C:\Users\Hngk\Documents\Codex\2026-09-07\use-the-autoresearch-skill-x20-https\outputs\PUMA_STAGE2_RESEARCH_PROMPTS_1_TO_4\PROMPT_4\RUNS\A4_s43_cv1\epoch_08_predictions.npz,PROMPT_4\ARCHITECTURES\A4\RESULTS\RUNS\A4_s43_cv1\epoch_08_predictions.npz,89c389d3b47b3d97cf40d641d649635e5f2296a0351293573071529aa22795d2,A4_s43_cv1,43,1,.npz
C:\Users\Hngk\Documents\Codex\2026-09-07\use-the-autoresearch-skill-x20-https\outputs\PUMA_STAGE2_RESEARCH_PROMPTS_1_TO_4\PROMPT_4\RUNS\A4_s43_cv1\epoch_09_predictions.npz,PROMPT_4\ARCHITECTURES\A4\RESULTS\RUNS\A4_s43_cv1\epoch_09_predictions.npz,2cd5d6170c48f7a2e4ae8c5afe11e4f5773cafedca23c9d1835f1a75a589178c,A4_s43_cv1,43,1,.npz
C:\Users\Hngk\Documents\Codex\2026-09-07\use-the-autoresearch-skill-x20-https\outputs\PUMA_STAGE2_RESEARCH_PROMPTS_1_TO_4\PROMPT_4\RUNS\A4_s43_cv1\epoch_10_predictions.npz,PROMPT_4\ARCHITECTURES\A4\RESULTS\RUNS\A4_s43_cv1\epoch_10_predictions.npz,c7daef20ea7ac078b59492ce62b85a7b7a9a31776b087429a85d06e31cb0e4ea,A4_s43_cv1,43,1,.npz
C:\Users\Hngk\Documents\Codex\2026-09-07\use-the-autoresearch-skill-x20-https\outputs\PUMA_STAGE2_RESEARCH_PROMPTS_1_TO_4\PROMPT_4\RUNS\A4_s43_cv1\final.pt,PROMPT_4\ARCHITECTURES\A4\RESULTS\RUNS\A4_s43_cv1\final.pt,1dc0c3eab3e24b9c8cf5fb64bd2359df1463828b2f25948ffa8b49519421b186,A4_s43_cv1,43,1,.pt
C:\Users\Hngk\Documents\Codex\2026-09-07\use-the-autoresearch-skill-x20-https\outputs\PUMA_STAGE2_RESEARCH_PROMPTS_1_TO_4\PROMPT_4\RUNS\A4_s43_cv1\history.jsonl,PROMPT_4\ARCHITECTURES\A4\RESULTS\RUNS\A4_s43_cv1\history.jsonl,e0e3bf54fe4995b39e657b6e21d84fa8bd29c5169239dceca11401039f19c431,A4_s43_cv1,43,1,.jsonl
C:\Users\Hngk\Documents\Codex\2026-09-07\use-the-autoresearch-skill-x20-https\outputs\PUMA_STAGE2_RESEARCH_PROMPTS_1_TO_4\PROMPT_4\RUNS\A4_s43_cv1\normalizer.json,PROMPT_4\ARCHITECTURES\A4\RESULTS\RUNS\A4_s43_cv1\normalizer.json,3383fe0635cb468d084e5ebbd6144bb89768f6927f37c55e35b23ba5efd095cb,A4_s43_cv1,43,1,.json
C:\Users\Hngk\Documents\Codex\2026-09-07\use-the-autoresearch-skill-x20-https\outputs\PUMA_STAGE2_RESEARCH_PROMPTS_1_TO_4\PROMPT_4\RUNS\A4_s43_cv1\provenance.json,PROMPT_4\ARCHITECTURES\A4\RESULTS\RUNS\A4_s43_cv1\provenance.json,041f178c9c15dbdabc2d10ac23aaef432287de254fec2a6a8ab9e7f1d1e3ec35,A4_s43_cv1,43,1,.json
C:\Users\Hngk\Documents\Codex\2026-09-07\use-the-autoresearch-skill-x20-https\outputs\PUMA_STAGE2_RESEARCH_PROMPTS_1_TO_4\PROMPT_4\RUNS\A4_s43_cv1\summary.json,PROMPT_4\ARCHITECTURES\A4\RESULTS\RUNS\A4_s43_cv1\summary.json,9825fa20fa0dd2c86c05913e791a5ad046d4d6aec0921b2e574813f5bd381e0a,A4_s43_cv1,43,1,.json
C:\Users\Hngk\Documents\Codex\2026-09-07\use-the-autoresearch-skill-x20-https\outputs\PUMA_STAGE2_RESEARCH_PROMPTS_1_TO_4\PROMPT_4\RUNS\A4_s43_cv2\batch_history.jsonl,PROMPT_4\ARCHITECTURES\A4\RESULTS\RUNS\A4_s43_cv2\batch_history.jsonl,c209eb47d6e26bffa331e1cc127ffa42df82d249851b037bd5d619e08c382884,A4_s43_cv2,43,2,.jsonl
C:\Users\Hngk\Documents\Codex\2026-09-07\use-the-autoresearch-skill-x20-https\outputs\PUMA_STAGE2_RESEARCH_PROMPTS_1_TO_4\PROMPT_4\RUNS\A4_s43_cv2\config.json,PROMPT_4\ARCHITECTURES\A4\RESULTS\RUNS\A4_s43_cv2\config.json,d59c014ec04d9f84c235752a73f1eea69b2855b2b65b0d7c86538342cf336312,A4_s43_cv2,43,2,.json
C:\Users\Hngk\Documents\Codex\2026-09-07\use-the-autoresearch-skill-x20-https\outputs\PUMA_STAGE2_RESEARCH_PROMPTS_1_TO_4\PROMPT_4\RUNS\A4_s43_cv2\epoch_01_predictions.npz,PROMPT_4\ARCHITECTURES\A4\RESULTS\RUNS\A4_s43_cv2\epoch_01_predictions.npz,fc733a7594cb7b886bc510a5737ebdfb1394522c1b758a048ee482679635f708,A4_s43_cv2,43,2,.npz
C:\Users\Hngk\Documents\Codex\2026-09-07\use-the-autoresearch-skill-x20-https\outputs\PUMA_STAGE2_RESEARCH_PROMPTS_1_TO_4\PROMPT_4\RUNS\A4_s43_cv2\epoch_02_predictions.npz,PROMPT_4\ARCHITECTURES\A4\RESULTS\RUNS\A4_s43_cv2\epoch_02_predictions.npz,d720b10a6769ac8acf3b35d9a25fa6133d83ea6cafaa81c14480ad991d320f12,A4_s43_cv2,43,2,.npz
C:\Users\Hngk\Documents\Codex\2026-09-07\use-the-autoresearch-skill-x20-https\outputs\PUMA_STAGE2_RESEARCH_PROMPTS_1_TO_4\PROMPT_4\RUNS\A4_s43_cv2\epoch_03_predictions.npz,PROMPT_4\ARCHITECTURES\A4\RESULTS\RUNS\A4_s43_cv2\epoch_03_predictions.npz,18081d670ed9fe52e91822f0b62802c7b2791987f7229ab6bc3cd7043d5fa556,A4_s43_cv2,43,2,.npz
C:\Users\Hngk\Documents\Codex\2026-09-07\use-the-autoresearch-skill-x20-https\outputs\PUMA_STAGE2_RESEARCH_PROMPTS_1_TO_4\PROMPT_4\RUNS\A4_s43_cv2\epoch_04_predictions.npz,PROMPT_4\ARCHITECTURES\A4\RESULTS\RUNS\A4_s43_cv2\epoch_04_predictions.npz,031c98ebad24b54088112a7c12b7daef1d117b5de9f62b7d46cc59574eecf3e5,A4_s43_cv2,43,2,.npz
C:\Users\Hngk\Documents\Codex\2026-09-07\use-the-autoresearch-skill-x20-https\outputs\PUMA_STAGE2_RESEARCH_PROMPTS_1_TO_4\PROMPT_4\RUNS\A4_s43_cv2\epoch_05_predictions.npz,PROMPT_4\ARCHITECTURES\A4\RESULTS\RUNS\A4_s43_cv2\epoch_05_predictions.npz,bc439c0cd47fc168345834b91f98b846e40c615d06eecf65bfa5c0c7adf965e1,A4_s43_cv2,43,2,.npz
C:\Users\Hngk\Documents\Codex\2026-09-07\use-the-autoresearch-skill-x20-https\outputs\PUMA_STAGE2_RESEARCH_PROMPTS_1_TO_4\PROMPT_4\RUNS\A4_s43_cv2\epoch_06_predictions.npz,PROMPT_4\ARCHITECTURES\A4\RESULTS\RUNS\A4_s43_cv2\epoch_06_predictions.npz,2cc5a4761b432c67b3fd4848070f2acc3a7cf691074ad870bfc9ae906ac08247,A4_s43_cv2,43,2,.npz
C:\Users\Hngk\Documents\Codex\2026-09-07\use-the-autoresearch-skill-x20-https\outputs\PUMA_STAGE2_RESEARCH_PROMPTS_1_TO_4\PROMPT_4\RUNS\A4_s43_cv2\epoch_07_predictions.npz,PROMPT_4\ARCHITECTURES\A4\RESULTS\RUNS\A4_s43_cv2\epoch_07_predictions.npz,b82b880da851892c67f61d80f4c306ea965e89da8810edd7540d560d53e89960,A4_s43_cv2,43,2,.npz
C:\Users\Hngk\Documents\Codex\2026-09-07\use-the-autoresearch-skill-x20-https\outputs\PUMA_STAGE2_RESEARCH_PROMPTS_1_TO_4\PROMPT_4\RUNS\A4_s43_cv2\epoch_08_predictions.npz,PROMPT_4\ARCHITECTURES\A4\RESULTS\RUNS\A4_s43_cv2\epoch_08_predictions.npz,12c2e4e51875c7f83cb81dbfac3ab2f7ee4c6d1a8e57b79c6a38cb47d144d0ee,A4_s43_cv2,43,2,.npz
C:\Users\Hngk\Documents\Codex\2026-09-07\use-the-autoresearch-skill-x20-https\outputs\PUMA_STAGE2_RESEARCH_PROMPTS_1_TO_4\PROMPT_4\RUNS\A4_s43_cv2\epoch_09_predictions.npz,PROMPT_4\ARCHITECTURES\A4\RESULTS\RUNS\A4_s43_cv2\epoch_09_predictions.npz,f86837c75aba7fc1945c6670ab52748f5cd6f5bd013b3fe107df0f22d976085f,A4_s43_cv2,43,2,.npz
C:\Users\Hngk\Documents\Codex\2026-09-07\use-the-autoresearch-skill-x20-https\outputs\PUMA_STAGE2_RESEARCH_PROMPTS_1_TO_4\PROMPT_4\RUNS\A4_s43_cv2\epoch_10_predictions.npz,PROMPT_4\ARCHITECTURES\A4\RESULTS\RUNS\A4_s43_cv2\epoch_10_predictions.npz,a0fb7ef30eb4cacad3e39806798f64fdcc499234adb343b12406324576b46734,A4_s43_cv2,43,2,.npz
C:\Users\Hngk\Documents\Codex\2026-09-07\use-the-autoresearch-skill-x20-https\outputs\PUMA_STAGE2_RESEARCH_PROMPTS_1_TO_4\PROMPT_4\RUNS\A4_s43_cv2\final.pt,PROMPT_4\ARCHITECTURES\A4\RESULTS\RUNS\A4_s43_cv2\final.pt,a105ed2bea5b7faddaeee97b35678888c954109330cf29d2fc6c6dcb06d472f2,A4_s43_cv2,43,2,.pt
C:\Users\Hngk\Documents\Codex\2026-09-07\use-the-autoresearch-skill-x20-https\outputs\PUMA_STAGE2_RESEARCH_PROMPTS_1_TO_4\PROMPT_4\RUNS\A4_s43_cv2\history.jsonl,PROMPT_4\ARCHITECTURES\A4\RESULTS\RUNS\A4_s43_cv2\history.jsonl,653d26b1aa06d916ee256adfc2c7ebfe2120c143ad2dae2d1cf28db6fafc2099,A4_s43_cv2,43,2,.jsonl
C:\Users\Hngk\Documents\Codex\2026-09-07\use-the-autoresearch-skill-x20-https\outputs\PUMA_STAGE2_RESEARCH_PROMPTS_1_TO_4\PROMPT_4\RUNS\A4_s43_cv2\normalizer.json,PROMPT_4\ARCHITECTURES\A4\RESULTS\RUNS\A4_s43_cv2\normalizer.json,96d50de899d030d0814f1b1de6a785fda82d824637a9237bf0cd5ed8f713a28b,A4_s43_cv2,43,2,.json
C:\Users\Hngk\Documents\Codex\2026-09-07\use-the-autoresearch-skill-x20-https\outputs\PUMA_STAGE2_RESEARCH_PROMPTS_1_TO_4\PROMPT_4\RUNS\A4_s43_cv2\provenance.json,PROMPT_4\ARCHITECTURES\A4\RESULTS\RUNS\A4_s43_cv2\provenance.json,2e502356f3f25be772213ad830f5ca8879693471231df8f456ef03f29d351b44,A4_s43_cv2,43,2,.json
C:\Users\Hngk\Documents\Codex\2026-09-07\use-the-autoresearch-skill-x20-https\outputs\PUMA_STAGE2_RESEARCH_PROMPTS_1_TO_4\PROMPT_4\RUNS\A4_s43_cv2\summary.json,PROMPT_4\ARCHITECTURES\A4\RESULTS\RUNS\A4_s43_cv2\summary.json,cd49de0af6ed50616a023955416f6f3c3438c674c59f53e8b2830351ce3808c5,A4_s43_cv2,43,2,.json
