prompt,experiment_group,scenario_id,run_id,seed,fold,phase,epoch,split,objective,nll,macro_precision,macro_recall,macro_f1,balanced_accuracy_fixed10,accuracy,ece15,roi_macro_precision,roi_macro_recall,roi_macro_f1,pooled_macro_f1,lr,grad_norm_mean,draws,unique_nuclei,unique_groups,repeat_fraction,best_so_far,minimum_delta_pass,patience_counter,selected,checkpoint_saved,source_sha256
6,A,p6_A_D300,p6_A_D300_s17,17,NOT APPLICABLE,joint,1,train,2.2898638407389322,1.959621787071228,0.4793366673735303,0.3372256058875778,0.3068760655671488,0.3372256058875778,0.2966666666666667,0.06162111734350522,0.0851912568306011,0.11401249024199844,0.09057767369242778,0.3068760655671488,[0.001],6.717315769195556,300,171,56,0.43000000000000005,0.039464285714285716,True,0,False,True,96ac13b416f7c72a3f215d1cedbb152b0c057add45f11379d9b0d2883ce3ba3a
6,A,p6_A_D300,p6_A_D300_s17,17,NOT APPLICABLE,joint,1,dev,NOT APPLICABLE,2.2116832733154297,0.28755656277395414,0.18436615025820424,0.1453857676178705,0.18436615025820424,0.15555555555555556,0.08846265700128343,0.036041666666666666,0.05267857142857143,0.039464285714285716,0.14485945182839682,[0.001],6.717315769195556,300,171,56,0.43000000000000005,0.039464285714285716,True,0,False,True,96ac13b416f7c72a3f215d1cedbb152b0c057add45f11379d9b0d2883ce3ba3a
6,A,p6_A_D300,p6_A_D300_s17,17,NOT APPLICABLE,joint,2,train,1.6674935658772787,1.5124043226242065,0.515787037037037,0.5192218627077783,0.47455242204783205,0.5192218627077783,0.4866666666666667,0.15073666254679363,0.15360655737704917,0.19194964871194378,0.16158469945355192,0.47455242204783205,[0.001],5.603134346008301,300,183,53,0.39,0.08431547619047619,True,0,False,True,96ac13b416f7c72a3f215d1cedbb152b0c057add45f11379d9b0d2883ce3ba3a
6,A,p6_A_D300,p6_A_D300_s17,17,NOT APPLICABLE,joint,2,dev,NOT APPLICABLE,1.9528546333312988,0.2972234715026477,0.3152673663168416,0.2724240155832448,0.3152673663168416,0.3022222222222222,0.0974352063073052,0.07814200680272107,0.10178571428571428,0.08431547619047619,0.27144840582714724,[0.001],5.603134346008301,300,183,53,0.39,0.08431547619047619,True,0,False,True,96ac13b416f7c72a3f215d1cedbb152b0c057add45f11379d9b0d2883ce3ba3a
6,A,p6_A_D300,p6_A_D300_s17,17,NOT APPLICABLE,joint,3,train,1.3036589686075846,1.2543994188308716,0.647915211730491,0.6098829463266082,0.5804208122500806,0.6098829463266082,0.6,0.17405120059847834,0.19969735182849938,0.23914910226385638,0.21008587041373925,0.5804208122500806,[0.001],4.733835363388062,300,190,57,0.3666666666666667,0.10642006802721087,True,0,False,True,96ac13b416f7c72a3f215d1cedbb152b0c057add45f11379d9b0d2883ce3ba3a
6,A,p6_A_D300,p6_A_D300_s17,17,NOT APPLICABLE,joint,3,dev,NOT APPLICABLE,1.8677546977996826,0.321768168048204,0.3597784441112777,0.3212281306492371,0.3597784441112777,0.35555555555555557,0.05807134721014236,0.10193452380952381,0.121875,0.10642006802721087,0.31994790305321996,[0.001],4.733835363388062,300,190,57,0.3666666666666667,0.10642006802721087,True,0,False,True,96ac13b416f7c72a3f215d1cedbb152b0c057add45f11379d9b0d2883ce3ba3a
6,A,p6_A_D300,p6_A_D300_s17,17,NOT APPLICABLE,joint,4,train,1.1436748123168945,1.0007182359695435,0.730803829413176,0.7008882121558176,0.6858001573356506,0.7008882121558176,0.7066666666666667,0.19126406381527583,0.24390500210172342,0.28009367681498826,0.25431573890590287,0.6858001573356506,[0.001],4.563345861434937,300,183,57,0.39,0.1217687074829932,True,0,False,True,96ac13b416f7c72a3f215d1cedbb152b0c057add45f11379d9b0d2883ce3ba3a
6,A,p6_A_D300,p6_A_D300_s17,17,NOT APPLICABLE,joint,4,dev,NOT APPLICABLE,1.7151414155960083,0.38012705378594125,0.39882558720639677,0.3765068372656356,0.39882558720639677,0.4177777777777778,0.08240996625688342,0.1175297619047619,0.13913690476190477,0.1217687074829932,0.3751131090426391,[0.001],4.563345861434937,300,183,57,0.39,0.1217687074829932,True,0,False,True,96ac13b416f7c72a3f215d1cedbb152b0c057add45f11379d9b0d2883ce3ba3a
6,A,p6_A_D300,p6_A_D300_s17,17,NOT APPLICABLE,joint,5,train,1.0070397059122722,0.8538802266120911,0.7799493748853823,0.757303958888466,0.7491069288306752,0.757303958888466,0.75,0.18190590674678483,0.2775500910746812,0.30601092896174864,0.28457179593148735,0.7491069288306752,[0.001],4.725024223327637,300,185,56,0.3833333333333333,0.12951530612244896,True,0,False,True,96ac13b416f7c72a3f215d1cedbb152b0c057add45f11379d9b0d2883ce3ba3a
6,A,p6_A_D300,p6_A_D300_s17,17,NOT APPLICABLE,joint,5,dev,NOT APPLICABLE,1.7423673868179321,0.45752202072727854,0.410528069298684,0.3911597746598895,0.410528069298684,0.4177777777777778,0.11502918673886194,0.12464285714285717,0.14880952380952378,0.12951530612244896,0.38973374970445274,[0.001],4.725024223327637,300,185,56,0.3833333333333333,0.12951530612244896,True,0,False,True,96ac13b416f7c72a3f215d1cedbb152b0c057add45f11379d9b0d2883ce3ba3a
6,A,p6_A_D300,p6_A_D300_s17,17,NOT APPLICABLE,joint,6,train,0.7722506459554036,0.7385895848274231,0.8152435329858874,0.8199736708539526,0.8077608311495418,0.8199736708539526,0.8,0.1961243976155917,0.299271402550091,0.3278688524590164,0.3071713275474124,0.8077608311495418,[0.001],4.361670684814453,300,194,59,0.3533333333333334,0.12951530612244896,False,1,False,False,96ac13b416f7c72a3f215d1cedbb152b0c057add45f11379d9b0d2883ce3ba3a
6,A,p6_A_D300,p6_A_D300_s17,17,NOT APPLICABLE,joint,6,dev,NOT APPLICABLE,1.7498037815093994,0.4257131702750404,0.3759120439780109,0.38903504497879926,0.3759120439780109,0.40444444444444444,0.0849825284216139,0.1248809523809524,0.1425595238095238,0.12738945578231292,0.38751989346364774,[0.001],4.361670684814453,300,194,59,0.3533333333333334,0.12951530612244896,False,1,False,False,96ac13b416f7c72a3f215d1cedbb152b0c057add45f11379d9b0d2883ce3ba3a
6,A,p6_A_D300,p6_A_D300_s17,17,NOT APPLICABLE,joint,7,train,0.6535172462463379,0.6273156404495239,0.8235116637748217,0.826676500444106,0.8174591897870058,0.826676500444106,0.8166666666666667,0.1771418213844299,0.31294088425235966,0.3327868852459016,0.31766465343687084,0.8174591897870058,[0.001],3.8427236080169678,300,185,59,0.3833333333333333,0.12951530612244896,False,2,False,False,96ac13b416f7c72a3f215d1cedbb152b0c057add45f11379d9b0d2883ce3ba3a
6,A,p6_A_D300,p6_A_D300_s17,17,NOT APPLICABLE,joint,7,dev,NOT APPLICABLE,1.7504212856292725,0.41365158403408103,0.40389805097451276,0.3854337487625775,0.40389805097451276,0.4266666666666667,0.11632978432708317,0.12199404761904761,0.14494047619047618,0.12766156462585035,0.38384838290891904,[0.001],3.8427236080169678,300,185,59,0.3833333333333333,0.12951530612244896,False,2,False,False,96ac13b416f7c72a3f215d1cedbb152b0c057add45f11379d9b0d2883ce3ba3a
6,A,p6_A_D300,p6_A_D300_s17,17,NOT APPLICABLE,joint,8,train,0.5381082089742025,0.5271016955375671,0.87002626854351,0.857483187412765,0.8548251608456463,0.857483187412765,0.86,0.1681032450000445,0.3296448087431695,0.35163934426229504,0.33519125683060114,0.8548251608456461,[0.001],3.279003858566284,300,187,56,0.3766666666666667,0.13237244897959183,True,0,False,True,96ac13b416f7c72a3f215d1cedbb152b0c057add45f11379d9b0d2883ce3ba3a
6,A,p6_A_D300,p6_A_D300_s17,17,NOT APPLICABLE,joint,8,dev,NOT APPLICABLE,1.7347021102905273,0.43011772189860775,0.401407629518574,0.40142843605904266,0.401407629518574,0.44,0.1376168613963657,0.12598214285714288,0.1552083333333333,0.13237244897959183,0.399841134471741,[0.001],3.279003858566284,300,187,56,0.3766666666666667,0.13237244897959183,True,0,False,True,96ac13b416f7c72a3f215d1cedbb152b0c057add45f11379d9b0d2883ce3ba3a
6,A,p6_A_D300,p6_A_D300_s17,17,NOT APPLICABLE,joint,9,train,0.4859700838724772,0.48274847865104675,0.8931193578734563,0.9227382311889354,0.9036488413547238,0.9227382311889354,0.9,0.1861430872480075,0.3581967213114754,0.37213114754098364,0.36185792349726775,0.9036488413547238,[0.001],3.575774145126343,300,178,56,0.4066666666666666,0.13832482993197276,True,0,False,True,96ac13b416f7c72a3f215d1cedbb152b0c057add45f11379d9b0d2883ce3ba3a
6,A,p6_A_D300,p6_A_D300_s17,17,NOT APPLICABLE,joint,9,dev,NOT APPLICABLE,1.7697433233261108,0.43468862487523746,0.427328002665334,0.4237112423285345,0.427328002665334,0.4444444444444444,0.13739990293979643,0.13327380952380952,0.15654761904761905,0.13832482993197276,0.42219863728651774,[0.001],3.575774145126343,300,178,56,0.4066666666666666,0.13832482993197276,True,0,False,True,96ac13b416f7c72a3f215d1cedbb152b0c057add45f11379d9b0d2883ce3ba3a
6,A,p6_A_D300,p6_A_D300_s17,17,NOT APPLICABLE,joint,10,train,0.36344263076782224,0.42105695605278015,0.9064435451048356,0.9293823753330794,0.9166174294279117,0.9293823753330794,0.91,0.1653128550450007,0.36448087431693993,0.37622950819672135,0.3673224043715847,0.9166174294279115,[0.001],3.011053991317749,300,188,55,0.3733333333333333,0.13832482993197276,False,1,True,True,96ac13b416f7c72a3f215d1cedbb152b0c057add45f11379d9b0d2883ce3ba3a
6,A,p6_A_D300,p6_A_D300_s17,17,NOT APPLICABLE,joint,10,dev,NOT APPLICABLE,1.8369014263153076,0.4031448376185218,0.3899883391637515,0.38762414660062294,0.3899883391637515,0.4266666666666667,0.15901549471749202,0.1254464285714286,0.1480654761904762,0.12983843537414966,0.3861396661687741,[0.001],3.011053991317749,300,188,55,0.3733333333333333,0.13832482993197276,False,1,True,True,96ac13b416f7c72a3f215d1cedbb152b0c057add45f11379d9b0d2883ce3ba3a
6,A,p6_A_D300,p6_A_D300_s29,29,NOT APPLICABLE,joint,1,train,2.1798751322428385,1.886709213256836,0.45822067913620995,0.34495305164319245,0.28463600195569505,0.34495305164319245,0.3333333333333333,0.11172022854288416,0.098704137392662,0.1331381733021077,0.10527742749054225,0.2846360019556951,[0.001],6.482944965362549,300,178,55,0.4066666666666666,0.06009353741496598,True,0,False,True,265c466c0f79765386a9dd1f23c3f88c21d6decc2a8fb11e9c866c1dbc0815cb
6,A,p6_A_D300,p6_A_D300_s29,29,NOT APPLICABLE,joint,1,dev,NOT APPLICABLE,2.1625308990478516,0.15798428927461186,0.1942528735632184,0.15324342372655714,0.1942528735632184,0.20444444444444446,0.06389941996998257,0.05601190476190476,0.07589285714285715,0.06009353741496598,0.15243370712736687,[0.001],6.482944965362549,300,178,55,0.4066666666666666,0.06009353741496598,True,0,False,True,265c466c0f79765386a9dd1f23c3f88c21d6decc2a8fb11e9c866c1dbc0815cb
6,A,p6_A_D300,p6_A_D300_s29,29,NOT APPLICABLE,joint,2,train,1.6746642049153646,1.4758927822113037,0.5708140438229427,0.532296028422789,0.4896705322734028,0.532296028422789,0.5233333333333333,0.15289938459793725,0.15848733233979134,0.19430132708821232,0.1682411261444911,0.48967053227340285,[0.001],5.4538695335388185,300,189,57,0.37,0.09034863945578231,True,0,False,True,265c466c0f79765386a9dd1f23c3f88c21d6decc2a8fb11e9c866c1dbc0815cb
6,A,p6_A_D300,p6_A_D300_s29,29,NOT APPLICABLE,joint,2,dev,NOT APPLICABLE,1.9022421836853027,0.26903490271911323,0.32363818090954527,0.2757377102747947,0.32363818090954527,0.3466666666666667,0.053332543638017434,0.08252976190476191,0.11130952380952382,0.09034863945578231,0.27498356246182337,[0.001],5.4538695335388185,300,189,57,0.37,0.09034863945578231,True,0,False,True,265c466c0f79765386a9dd1f23c3f88c21d6decc2a8fb11e9c866c1dbc0815cb
6,A,p6_A_D300,p6_A_D300_s29,29,NOT APPLICABLE,joint,3,train,1.3892121251424154,1.2902041673660278,0.6522947869431632,0.6569534323055449,0.6151363214775877,0.6569534323055449,0.6133333333333333,0.17697224885225296,0.20633879781420764,0.24081772053083528,0.21630507015752917,0.6151363214775877,[0.001],5.233383560180664,300,190,56,0.3666666666666667,0.09034863945578231,False,1,False,False,265c466c0f79765386a9dd1f23c3f88c21d6decc2a8fb11e9c866c1dbc0815cb
6,A,p6_A_D300,p6_A_D300_s29,29,NOT APPLICABLE,joint,3,dev,NOT APPLICABLE,1.906036138534546,0.35916603989879853,0.3345577211394303,0.307314540847078,0.3345577211394303,0.31555555555555553,0.06458371228641933,0.0850892857142857,0.10625,0.08977891156462585,0.3059032505244974,[0.001],5.233383560180664,300,190,56,0.3666666666666667,0.09034863945578231,False,1,False,False,265c466c0f79765386a9dd1f23c3f88c21d6decc2a8fb11e9c866c1dbc0815cb
6,A,p6_A_D300,p6_A_D300_s29,29,NOT APPLICABLE,joint,4,train,1.141237818400065,0.9524567723274231,0.7489529076313973,0.726676500444106,0.7309784615794471,0.726676500444106,0.7366666666666667,0.2216306003431479,0.2680874316939891,0.2980874316939891,0.27561280249804837,0.7309784615794471,[0.001],4.584924411773682,300,181,56,0.3966666666666666,0.13289965986394559,True,0,False,True,265c466c0f79765386a9dd1f23c3f88c21d6decc2a8fb11e9c866c1dbc0815cb
6,A,p6_A_D300,p6_A_D300_s29,29,NOT APPLICABLE,joint,4,dev,NOT APPLICABLE,1.7216120958328247,0.47284394877603064,0.4180742961852408,0.4177141657495559,0.4180742961852408,0.4533333333333333,0.0814106305440267,0.1244345238095238,0.1574404761904762,0.13289965986394559,0.4159681340035243,[0.001],4.584924411773682,300,181,56,0.3966666666666666,0.13289965986394559,True,0,False,True,265c466c0f79765386a9dd1f23c3f88c21d6decc2a8fb11e9c866c1dbc0815cb
6,A,p6_A_D300,p6_A_D300_s29,29,NOT APPLICABLE,joint,5,train,0.9581368128458659,0.9064279198646545,0.7448014411046546,0.7780135769572388,0.7401974199848878,0.7780135769572388,0.7333333333333333,0.1695153273145358,0.2670355191256831,0.29863387978142075,0.27656908665105384,0.7401974199848878,[0.001],4.5062055587768555,300,175,58,0.41666666666666663,0.13289965986394559,False,1,False,False,265c466c0f79765386a9dd1f23c3f88c21d6decc2a8fb11e9c866c1dbc0815cb
6,A,p6_A_D300,p6_A_D300_s29,29,NOT APPLICABLE,joint,5,dev,NOT APPLICABLE,1.805535078048706,0.4201141278076762,0.39351990671331,0.38095648874958,0.39351990671331,0.39111111111111113,0.08672685510582395,0.11363095238095237,0.13110119047619048,0.11612244897959183,0.3796879898066624,[0.001],4.5062055587768555,300,175,58,0.41666666666666663,0.13289965986394559,False,1,False,False,265c466c0f79765386a9dd1f23c3f88c21d6decc2a8fb11e9c866c1dbc0815cb
6,A,p6_A_D300,p6_A_D300_s29,29,NOT APPLICABLE,joint,6,train,0.757762819925944,0.8396629095077515,0.7713986500000936,0.8009897221164828,0.758860168739768,0.8009897221164828,0.75,0.13645529627799988,0.270327868852459,0.30191256830601093,0.2796656258131668,0.758860168739768,[0.001],5.035066080093384,300,187,58,0.3766666666666667,0.13289965986394559,False,2,False,False,265c466c0f79765386a9dd1f23c3f88c21d6decc2a8fb11e9c866c1dbc0815cb
6,A,p6_A_D300,p6_A_D300_s29,29,NOT APPLICABLE,joint,6,dev,NOT APPLICABLE,1.8205214738845825,0.4145477222763028,0.3872397134765951,0.3748767892198808,0.3872397134765951,0.38222222222222224,0.12223310305012597,0.10854166666666668,0.12886904761904763,0.11339285714285714,0.37337528771837936,[0.001],5.035066080093384,300,187,58,0.3766666666666667,0.13289965986394559,False,2,False,False,265c466c0f79765386a9dd1f23c3f88c21d6decc2a8fb11e9c866c1dbc0815cb
6,A,p6_A_D300,p6_A_D300_s29,29,NOT APPLICABLE,joint,7,train,0.6337973340352376,0.6314235925674438,0.8353203346467076,0.8628235629996194,0.8435513209528386,0.8628235629996194,0.84,0.17129205912351608,0.3226229508196721,0.34289617486338797,0.3284205048139474,0.8435513209528386,[0.001],4.439788293838501,300,175,56,0.41666666666666663,0.14058673469387756,True,0,False,True,265c466c0f79765386a9dd1f23c3f88c21d6decc2a8fb11e9c866c1dbc0815cb
6,A,p6_A_D300,p6_A_D300_s29,29,NOT APPLICABLE,joint,7,dev,NOT APPLICABLE,1.7192877531051636,0.4274629910496947,0.4481342662002333,0.4250503438265493,0.4481342662002333,0.4622222222222222,0.10392367376221552,0.13595238095238096,0.15967261904761906,0.14058673469387756,0.4233986921748977,[0.001],4.439788293838501,300,175,56,0.41666666666666663,0.14058673469387756,True,0,False,True,265c466c0f79765386a9dd1f23c3f88c21d6decc2a8fb11e9c866c1dbc0815cb
6,A,p6_A_D300,p6_A_D300_s29,29,NOT APPLICABLE,joint,8,train,0.5247432581583659,0.5387762188911438,0.8675414507100079,0.8919347164065474,0.8740622960891008,0.8919347164065474,0.8666666666666667,0.17433871338764823,0.33738615664845173,0.3557377049180328,0.34245626119300177,0.8740622960891008,[0.001],3.440366744995117,300,180,55,0.4,0.14295918367346938,True,0,False,True,265c466c0f79765386a9dd1f23c3f88c21d6decc2a8fb11e9c866c1dbc0815cb
6,A,p6_A_D300,p6_A_D300_s29,29,NOT APPLICABLE,joint,8,dev,NOT APPLICABLE,1.7403780221939087,0.4643298970425539,0.439471930701316,0.4375184317489354,0.439471930701316,0.4622222222222222,0.11731427881452772,0.13955357142857144,0.16235119047619045,0.14295918367346938,0.43583775948002784,[0.001],3.440366744995117,300,180,55,0.4,0.14295918367346938,True,0,False,True,265c466c0f79765386a9dd1f23c3f88c21d6decc2a8fb11e9c866c1dbc0815cb
6,A,p6_A_D300,p6_A_D300_s29,29,NOT APPLICABLE,joint,9,train,0.4702041498819987,0.5229108333587646,0.8844310365560366,0.929376030960538,0.9009782752949855,0.929376030960538,0.89,0.18649479856093726,0.34918032786885245,0.3663934426229508,0.35428571428571426,0.9009782752949856,[0.001],3.1117722034454345,300,188,58,0.3733333333333333,0.14295918367346938,False,1,False,False,265c466c0f79765386a9dd1f23c3f88c21d6decc2a8fb11e9c866c1dbc0815cb
6,A,p6_A_D300,p6_A_D300_s29,29,NOT APPLICABLE,joint,9,dev,NOT APPLICABLE,1.7836192846298218,0.42819380440348187,0.43416625020822924,0.4237269331003291,0.43416625020822924,0.43555555555555553,0.1160011883576711,0.1285714285714286,0.14985119047619047,0.13299319727891157,0.42210749990194857,[0.001],3.1117722034454345,300,188,58,0.3733333333333333,0.14295918367346938,False,1,False,False,265c466c0f79765386a9dd1f23c3f88c21d6decc2a8fb11e9c866c1dbc0815cb
6,A,p6_A_D300,p6_A_D300_s29,29,NOT APPLICABLE,joint,10,train,0.4349698766072591,0.3994632661342621,0.9114700300970325,0.9348432939982235,0.9209743409742066,0.9348432939982235,0.9133333333333333,0.17003532916307448,0.3637978142076502,0.3778688524590164,0.36768930523028887,0.9209743409742064,[0.001],3.0429585933685304,300,194,57,0.3533333333333334,0.14295918367346938,False,2,True,True,265c466c0f79765386a9dd1f23c3f88c21d6decc2a8fb11e9c866c1dbc0815cb
6,A,p6_A_D300,p6_A_D300_s29,29,NOT APPLICABLE,joint,10,dev,NOT APPLICABLE,1.7590861320495605,0.38308483538342875,0.39209561885723804,0.37415618676572177,0.39209561885723804,0.4222222222222222,0.16147097216712106,0.12107142857142858,0.1436011904761905,0.12511054421768708,0.37253675356734123,[0.001],3.0429585933685304,300,194,57,0.3533333333333334,0.14295918367346938,False,2,True,True,265c466c0f79765386a9dd1f23c3f88c21d6decc2a8fb11e9c866c1dbc0815cb
6,A,p6_A_D300,p6_A_D300_s43,43,NOT APPLICABLE,joint,1,train,2.2079132080078123,2.0094172954559326,0.3270996860532297,0.3452195152899379,0.270355210017852,0.3452195152899379,0.30333333333333334,0.04675561050573984,0.08282051282051282,0.11939890710382513,0.0926463700234192,0.27035521001785195,[0.001],6.857896327972412,300,177,52,0.41000000000000003,0.05583333333333333,True,0,False,True,9c157663cb8b34d23d43be93f5e2f1599ec183bb5338ad7b6e6bd4cec4d35a35
6,A,p6_A_D300,p6_A_D300_s43,43,NOT APPLICABLE,joint,1,dev,NOT APPLICABLE,2.2607665061950684,0.2647276043510163,0.25658837248042643,0.18783078265836886,0.25658837248042643,0.21333333333333335,0.08577676163779363,0.05133928571428571,0.07053571428571428,0.05583333333333333,0.18783078265836886,[0.001],6.857896327972412,300,177,52,0.41000000000000003,0.05583333333333333,True,0,False,True,9c157663cb8b34d23d43be93f5e2f1599ec183bb5338ad7b6e6bd4cec4d35a35
6,A,p6_A_D300,p6_A_D300_s43,43,NOT APPLICABLE,joint,2,train,1.756551793416341,1.5081582069396973,0.5885951912636549,0.5352191980713108,0.49309831096744083,0.5352191980713108,0.53,0.15629570399721462,0.1677263856362217,0.20464480874316937,0.17651621602441273,0.49309831096744094,[0.001],5.6919553756713865,300,179,56,0.4033333333333333,0.09653061224489794,True,0,False,True,9c157663cb8b34d23d43be93f5e2f1599ec183bb5338ad7b6e6bd4cec4d35a35
6,A,p6_A_D300,p6_A_D300_s43,43,NOT APPLICABLE,joint,2,dev,NOT APPLICABLE,1.9221793413162231,0.3185625266239227,0.3692653673163418,0.30747794069116086,0.3692653673163418,0.36444444444444446,0.05301064756181506,0.08886904761904761,0.11830357142857142,0.09653061224489794,0.30665970574083945,[0.001],5.6919553756713865,300,179,56,0.4033333333333333,0.09653061224489794,True,0,False,True,9c157663cb8b34d23d43be93f5e2f1599ec183bb5338ad7b6e6bd4cec4d35a35
6,A,p6_A_D300,p6_A_D300_s43,43,NOT APPLICABLE,joint,3,train,1.3474656550089519,1.33284330368042,0.6821014604514827,0.6368988707016876,0.6045893264872177,0.6368988707016876,0.5766666666666667,0.15972842519481978,0.19778688524590166,0.2319672131147541,0.2056830601092896,0.6045893264872177,[0.001],4.585444736480713,300,178,57,0.4066666666666666,0.09653061224489794,False,1,False,False,9c157663cb8b34d23d43be93f5e2f1599ec183bb5338ad7b6e6bd4cec4d35a35
6,A,p6_A_D300,p6_A_D300_s43,43,NOT APPLICABLE,joint,3,dev,NOT APPLICABLE,1.9287267923355103,0.48057767684785063,0.3575462268865567,0.3156727663430746,0.3575462268865567,0.31555555555555553,0.080731002357271,0.08407738095238096,0.10744047619047618,0.0896768707482993,0.31427903812007824,[0.001],4.585444736480713,300,178,57,0.4066666666666666,0.09653061224489794,False,1,False,False,9c157663cb8b34d23d43be93f5e2f1599ec183bb5338ad7b6e6bd4cec4d35a35
6,A,p6_A_D300,p6_A_D300_s43,43,NOT APPLICABLE,joint,4,train,1.1073586273193359,1.001254677772522,0.6771173704591554,0.6664858520492324,0.6588901769874717,0.6664858520492324,0.6766666666666666,0.16417173455158868,0.23936164927968204,0.27271662763466037,0.24753855003207895,0.6588901769874715,[0.001],4.596385288238525,300,181,58,0.3966666666666666,0.12043367346938776,True,0,False,True,9c157663cb8b34d23d43be93f5e2f1599ec183bb5338ad7b6e6bd4cec4d35a35
6,A,p6_A_D300,p6_A_D300_s43,43,NOT APPLICABLE,joint,4,dev,NOT APPLICABLE,1.6990182399749756,0.3876261549123391,0.3838830584707646,0.3720386979000051,0.3838830584707646,0.4088888888888889,0.09291272196504805,0.11374999999999999,0.14136904761904762,0.12043367346938776,0.37047397528265086,[0.001],4.596385288238525,300,181,58,0.3966666666666666,0.12043367346938776,True,0,False,True,9c157663cb8b34d23d43be93f5e2f1599ec183bb5338ad7b6e6bd4cec4d35a35
6,A,p6_A_D300,p6_A_D300_s43,43,NOT APPLICABLE,joint,5,train,0.8950877380371094,0.9539341330528259,0.7295293631191357,0.7172059383326989,0.6888505290994841,0.7172059383326989,0.69,0.10894245733817416,0.24113760556383507,0.2737704918032787,0.24978018817535638,0.688850529099484,[0.001],4.391770267486573,300,183,57,0.39,0.12043367346938776,False,1,False,False,9c157663cb8b34d23d43be93f5e2f1599ec183bb5338ad7b6e6bd4cec4d35a35
6,A,p6_A_D300,p6_A_D300_s43,43,NOT APPLICABLE,joint,5,dev,NOT APPLICABLE,1.773669719696045,0.3759702862260407,0.390071630851241,0.356179292659613,0.390071630851241,0.38222222222222224,0.09208654469913907,0.10729166666666667,0.12529761904761907,0.11114795918367348,0.3546694204180335,[0.001],4.391770267486573,300,183,57,0.39,0.12043367346938776,False,1,False,False,9c157663cb8b34d23d43be93f5e2f1599ec183bb5338ad7b6e6bd4cec4d35a35
6,A,p6_A_D300,p6_A_D300_s43,43,NOT APPLICABLE,joint,6,train,0.9101738103230794,0.9052402973175049,0.7090932150092388,0.7460268366958507,0.7036779631299671,0.7460268366958507,0.6933333333333334,0.09463006178538003,0.24108296075509195,0.2786885245901639,0.25309790870619164,0.7036779631299671,[0.001],5.237044143676758,300,179,57,0.4033333333333333,0.12043367346938776,False,2,False,False,9c157663cb8b34d23d43be93f5e2f1599ec183bb5338ad7b6e6bd4cec4d35a35
6,A,p6_A_D300,p6_A_D300_s43,43,NOT APPLICABLE,joint,6,dev,NOT APPLICABLE,1.846892237663269,0.3767785152029634,0.4106446776611694,0.3570128990266174,0.4106446776611694,0.38222222222222224,0.11347393578953213,0.1005952380952381,0.12217261904761907,0.10602891156462584,0.3558062625258633,[0.001],5.237044143676758,300,179,57,0.4033333333333333,0.12043367346938776,False,2,False,False,9c157663cb8b34d23d43be93f5e2f1599ec183bb5338ad7b6e6bd4cec4d35a35
6,A,p6_A_D300,p6_A_D300_s43,43,NOT APPLICABLE,joint,7,train,0.7527389780680338,0.6912001967430115,0.8117428031738376,0.8311207334094659,0.8123454878454878,0.8311207334094659,0.8033333333333333,0.15747799168030416,0.3086976320582878,0.3295081967213115,0.3136428341828535,0.8123454878454878,[0.001],3.857748508453369,300,177,55,0.41000000000000003,0.13101190476190477,True,0,False,True,9c157663cb8b34d23d43be93f5e2f1599ec183bb5338ad7b6e6bd4cec4d35a35
6,A,p6_A_D300,p6_A_D300_s43,43,NOT APPLICABLE,joint,7,dev,NOT APPLICABLE,1.6990938186645508,0.4193678254187744,0.42073963018490756,0.414667170445265,0.42073963018490756,0.4311111111111111,0.11546886934174432,0.12464285714285717,0.14806547619047622,0.13101190476190477,0.41308180459160654,[0.001],3.857748508453369,300,177,55,0.41000000000000003,0.13101190476190477,True,0,False,True,9c157663cb8b34d23d43be93f5e2f1599ec183bb5338ad7b6e6bd4cec4d35a35
6,A,p6_A_D300,p6_A_D300_s43,43,NOT APPLICABLE,joint,8,train,0.5842253875732422,0.6038845777511597,0.858198968153344,0.869523220403502,0.8527364022308344,0.869523220403502,0.8466666666666667,0.17761166105667753,0.3265938069216758,0.34754098360655733,0.33294806447169034,0.8527364022308344,[0.001],3.714342737197876,300,182,57,0.3933333333333333,0.13101190476190477,False,1,False,False,9c157663cb8b34d23d43be93f5e2f1599ec183bb5338ad7b6e6bd4cec4d35a35
6,A,p6_A_D300,p6_A_D300_s43,43,NOT APPLICABLE,joint,8,dev,NOT APPLICABLE,1.7710922956466675,0.43291914380768864,0.40479760119940034,0.3839195031186939,0.40479760119940034,0.4222222222222222,0.14364108443260193,0.12437500000000001,0.14717261904761905,0.129328231292517,0.3822388308497864,[0.001],3.714342737197876,300,182,57,0.3933333333333333,0.13101190476190477,False,1,False,False,9c157663cb8b34d23d43be93f5e2f1599ec183bb5338ad7b6e6bd4cec4d35a35
6,A,p6_A_D300,p6_A_D300_s43,43,NOT APPLICABLE,joint,9,train,0.5041259765625,0.530280351638794,0.8855010706434994,0.9069121938840249,0.8914689084314267,0.9069121938840249,0.8833333333333333,0.18095908383528392,0.3474043715846994,0.3631147540983607,0.35184231069476973,0.8914689084314267,[0.001],3.790107250213623,300,183,57,0.39,0.13101190476190477,False,2,False,False,9c157663cb8b34d23d43be93f5e2f1599ec183bb5338ad7b6e6bd4cec4d35a35
6,A,p6_A_D300,p6_A_D300_s43,43,NOT APPLICABLE,joint,9,dev,NOT APPLICABLE,1.8014886379241943,0.44779373014027735,0.4094536065300683,0.39510032460015226,0.4094536065300683,0.4311111111111111,0.14839167190922634,0.12125000000000001,0.14672619047619048,0.1278401360544218,0.39334593863524003,[0.001],3.790107250213623,300,183,57,0.39,0.13101190476190477,False,2,False,False,9c157663cb8b34d23d43be93f5e2f1599ec183bb5338ad7b6e6bd4cec4d35a35
6,A,p6_A_D300,p6_A_D300_s43,43,NOT APPLICABLE,joint,10,train,0.4325916608174642,0.46326613426208496,0.9109687257187258,0.936362771221926,0.9195482051642955,0.936362771221926,0.91,0.17904271493355436,0.36284153005464476,0.3754098360655737,0.36650273224043717,0.9195482051642955,[0.001],3.1118443965911866,300,186,59,0.38,0.13352891156462585,True,0,True,True,9c157663cb8b34d23d43be93f5e2f1599ec183bb5338ad7b6e6bd4cec4d35a35
6,A,p6_A_D300,p6_A_D300_s43,43,NOT APPLICABLE,joint,10,dev,NOT APPLICABLE,1.773780107498169,0.42960540861052365,0.40713809761785774,0.40875391208050454,0.40713809761785774,0.43555555555555553,0.12391160176859962,0.12842261904761904,0.150297619047619,0.13352891156462585,0.4070872454138379,[0.001],3.1118443965911866,300,186,59,0.38,0.13352891156462585,True,0,True,True,9c157663cb8b34d23d43be93f5e2f1599ec183bb5338ad7b6e6bd4cec4d35a35
6,A,p6_A_D600,p6_A_D600_s17,17,NOT APPLICABLE,joint,1,train,2.0871152178446453,1.6738533973693848,0.5480547849076097,0.47892795964979057,0.4180361406690821,0.47892795964979057,0.43333333333333335,0.07747690563400589,0.15262730438959943,0.1965819442531111,0.15361307205906355,0.4168535833889638,[0.001],5.9758079051971436,600,368,61,0.3866666666666667,0.08967261904761904,True,0,False,True,f492993851d71d8b3bd1fe739cf9d25e4370b7add21b58ebe7ff7bef2378ea96
6,A,p6_A_D600,p6_A_D600_s17,17,NOT APPLICABLE,joint,1,dev,NOT APPLICABLE,1.9319456815719604,0.41891357115918515,0.3653423288355822,0.3165484546490718,0.3653423288355822,0.3288888888888889,0.03936110655466715,0.08299319727891155,0.11071428571428572,0.08967261904761904,0.3155970804418836,[0.001],5.9758079051971436,600,368,61,0.3866666666666667,0.08967261904761904,True,0,False,True,f492993851d71d8b3bd1fe739cf9d25e4370b7add21b58ebe7ff7bef2378ea96
6,A,p6_A_D600,p6_A_D600_s17,17,NOT APPLICABLE,joint,2,train,1.395514554977417,1.2454657554626465,0.6536451334434017,0.628213424692298,0.5887287931670936,0.628213424692298,0.6083333333333333,0.11514311927060285,0.25190840831587163,0.28625407540065206,0.2540914513537465,0.5870597075357439,[0.001],5.028538942337036,600,372,61,0.38,0.11981292517006803,True,0,False,True,f492993851d71d8b3bd1fe739cf9d25e4370b7add21b58ebe7ff7bef2378ea96
6,A,p6_A_D600,p6_A_D600_s17,17,NOT APPLICABLE,joint,2,dev,NOT APPLICABLE,1.6481627225875854,0.38360325802882,0.4174662668665666,0.37730226853333165,0.4174662668665666,0.41333333333333333,0.0655208953883913,0.1118452380952381,0.13839285714285715,0.11981292517006803,0.3760220409373146,[0.001],5.028538942337036,600,372,61,0.38,0.11981292517006803,True,0,False,True,f492993851d71d8b3bd1fe739cf9d25e4370b7add21b58ebe7ff7bef2378ea96
6,A,p6_A_D600,p6_A_D600_s17,17,NOT APPLICABLE,joint,3,train,1.091354029973348,0.9994814991950989,0.6946331907126697,0.6808098591549296,0.6760195681006785,0.6808098591549296,0.6733333333333333,0.10694212873776753,0.32051617190961457,0.3535062221609956,0.32140403107500776,0.6741913368081616,[0.001],4.523683619499207,600,374,61,0.3766666666666667,0.1414285714285714,True,0,False,True,f492993851d71d8b3bd1fe739cf9d25e4370b7add21b58ebe7ff7bef2378ea96
6,A,p6_A_D600,p6_A_D600_s17,17,NOT APPLICABLE,joint,3,dev,NOT APPLICABLE,1.6295465230941772,0.44231432791749936,0.4281525903714809,0.40958712461666147,0.4281525903714809,0.4533333333333333,0.06258867806858488,0.1350297619047619,0.16339285714285715,0.1414285714285714,0.4080817482725755,[0.001],4.523683619499207,600,374,61,0.3766666666666667,0.1414285714285714,True,0,False,True,f492993851d71d8b3bd1fe739cf9d25e4370b7add21b58ebe7ff7bef2378ea96
6,A,p6_A_D600,p6_A_D600_s17,17,NOT APPLICABLE,joint,4,train,0.8990002282460531,0.8362411260604858,0.74809101426337,0.7118703210252506,0.7120147022446708,0.7118703210252506,0.725,0.06959950057168801,0.33390977443609027,0.36363112458097996,0.33754443955047925,0.7102075312363078,[0.001],4.8621474504470825,600,368,61,0.3866666666666667,0.1414285714285714,False,1,False,False,f492993851d71d8b3bd1fe739cf9d25e4370b7add21b58ebe7ff7bef2378ea96
6,A,p6_A_D600,p6_A_D600_s17,17,NOT APPLICABLE,joint,4,dev,NOT APPLICABLE,1.5744208097457886,0.4090928350569912,0.41048642345493924,0.3903907167278789,0.41048642345493924,0.44,0.12293181267049576,0.12776785714285716,0.15535714285714286,0.13528911564625853,0.3890393653765275,[0.001],4.8621474504470825,600,368,61,0.3866666666666667,0.1414285714285714,False,1,False,False,f492993851d71d8b3bd1fe739cf9d25e4370b7add21b58ebe7ff7bef2378ea96
6,A,p6_A_D600,p6_A_D600_s17,17,NOT APPLICABLE,joint,5,train,0.8079283555348714,0.8006052374839783,0.7473336620024538,0.7834792539017891,0.7590609025438348,0.7834792539017891,0.7516666666666667,0.10725742004811765,0.393408443572378,0.40976305276208846,0.38651287343579144,0.7572921819824583,[0.001],4.742704439163208,600,357,61,0.405,0.1414285714285714,False,2,False,False,f492993851d71d8b3bd1fe739cf9d25e4370b7add21b58ebe7ff7bef2378ea96
6,A,p6_A_D600,p6_A_D600_s17,17,NOT APPLICABLE,joint,5,dev,NOT APPLICABLE,1.7577922344207764,0.4280665902724726,0.4131850741296018,0.3993652748343739,0.4131850741296018,0.4266666666666667,0.12517460783322654,0.12732142857142859,0.1486607142857143,0.13210034013605443,0.39801392348302256,[0.001],4.742704439163208,600,357,61,0.405,0.1414285714285714,False,2,False,False,f492993851d71d8b3bd1fe739cf9d25e4370b7add21b58ebe7ff7bef2378ea96
6,A,p6_A_D600,p6_A_D600_s17,17,NOT APPLICABLE,joint,6,train,0.6520031070709229,0.6704062223434448,0.8235864660618958,0.8353476716152773,0.8216616153980993,0.8353476716152773,0.8183333333333334,0.14452436742683253,0.427904930691816,0.4423352619736419,0.42524482454479173,0.8198516606469679,[0.001],4.3278031826019285,600,379,61,0.3683333333333333,0.1414285714285714,False,3,False,False,f492993851d71d8b3bd1fe739cf9d25e4370b7add21b58ebe7ff7bef2378ea96
6,A,p6_A_D600,p6_A_D600_s17,17,NOT APPLICABLE,joint,6,dev,NOT APPLICABLE,1.6122715473175049,0.40192895892848457,0.4237048142595369,0.40026720944772454,0.4237048142595369,0.4444444444444444,0.12133434335390726,0.1330357142857143,0.15550595238095238,0.13745748299319727,0.39885695303746815,[0.001],4.3278031826019285,600,379,61,0.3683333333333333,0.1414285714285714,False,3,False,False,f492993851d71d8b3bd1fe739cf9d25e4370b7add21b58ebe7ff7bef2378ea96
6,A,p6_A_D600,p6_A_D600_s17,17,NOT APPLICABLE,joint,7,train,0.6082960176467895,0.6352229118347168,0.8391273117387861,0.8600360043141734,0.8401898447493386,0.8600360043141734,0.8366666666666667,0.15925427084167798,0.45138601540964124,0.45946640951462553,0.44567637441311503,0.8382306610758692,[0.001],4.316253018379212,600,362,61,0.3966666666666666,0.1414285714285714,False,4,False,False,f492993851d71d8b3bd1fe739cf9d25e4370b7add21b58ebe7ff7bef2378ea96
6,A,p6_A_D600,p6_A_D600_s17,17,NOT APPLICABLE,joint,7,dev,NOT APPLICABLE,1.7148611545562744,0.41924428851673434,0.4006580043311677,0.3948288764016318,0.4006580043311677,0.4177777777777778,0.13826756291919284,0.1249702380952381,0.14702380952380953,0.12994897959183674,0.39322459832676554,[0.001],4.316253018379212,600,362,61,0.3966666666666666,0.1414285714285714,False,4,False,False,f492993851d71d8b3bd1fe739cf9d25e4370b7add21b58ebe7ff7bef2378ea96
6,A,p6_A_D600,p6_A_D600_s17,17,NOT APPLICABLE,joint,8,train,0.5232968839009603,0.5289179086685181,0.8656097013141133,0.8720926912828322,0.8644149710822537,0.8720926912828322,0.865,0.14312723105152453,0.45438069216757737,0.47178881388621025,0.4544413131686643,0.8625326181410774,[0.001],3.902195763587952,600,372,61,0.38,0.14448129251700678,True,0,False,True,f492993851d71d8b3bd1fe739cf9d25e4370b7add21b58ebe7ff7bef2378ea96
6,A,p6_A_D600,p6_A_D600_s17,17,NOT APPLICABLE,joint,8,dev,NOT APPLICABLE,1.6616836786270142,0.41200244200244196,0.4327086456771614,0.4058396547928534,0.4327086456771614,0.4577777777777778,0.17752383417553375,0.13988095238095238,0.1630952380952381,0.14448129251700678,0.404488303441502,[0.001],3.902195763587952,600,372,61,0.38,0.14448129251700678,True,0,False,True,f492993851d71d8b3bd1fe739cf9d25e4370b7add21b58ebe7ff7bef2378ea96
6,A,p6_A_D600,p6_A_D600_s17,17,NOT APPLICABLE,joint,9,train,0.4951479482650757,0.5458085536956787,0.8655925915654248,0.89745114833143,0.8737806212251276,0.89745114833143,0.8666666666666667,0.15104184933006762,0.480254856040777,0.48351012536161997,0.47169780145697515,0.8718214375516583,[0.001],3.6691890954971313,600,355,61,0.4083333333333333,0.14448129251700678,False,1,False,False,f492993851d71d8b3bd1fe739cf9d25e4370b7add21b58ebe7ff7bef2378ea96
6,A,p6_A_D600,p6_A_D600_s17,17,NOT APPLICABLE,joint,9,dev,NOT APPLICABLE,1.7801098823547363,0.42372003335331004,0.4069048808928869,0.4015686904058997,0.4069048808928869,0.4177777777777778,0.1545891483624776,0.12869047619047622,0.14523809523809522,0.13185374149659862,0.3999644123310334,[0.001],3.6691890954971313,600,355,61,0.4083333333333333,0.14448129251700678,False,1,False,False,f492993851d71d8b3bd1fe739cf9d25e4370b7add21b58ebe7ff7bef2378ea96
6,A,p6_A_D600,p6_A_D600_s17,17,NOT APPLICABLE,joint,10,train,0.4385289080937703,0.41525840759277344,0.9143627195074122,0.9143541428752696,0.910994999598621,0.9143541428752696,0.9116666666666666,0.15431949111322565,0.49400192864030856,0.5047123111539698,0.4934406396752232,0.9090358159251515,[0.001],3.3732422590255737,600,366,61,0.39,0.14448129251700678,False,2,True,True,f492993851d71d8b3bd1fe739cf9d25e4370b7add21b58ebe7ff7bef2378ea96
6,A,p6_A_D600,p6_A_D600_s17,17,NOT APPLICABLE,joint,10,dev,NOT APPLICABLE,1.683343768119812,0.38113442591890867,0.391712477094786,0.3693800828552677,0.391712477094786,0.4311111111111111,0.2078904779752096,0.12547619047619046,0.1523809523809524,0.1321513605442177,0.36786747781325085,[0.001],3.3732422590255737,600,366,61,0.39,0.14448129251700678,False,2,True,True,f492993851d71d8b3bd1fe739cf9d25e4370b7add21b58ebe7ff7bef2378ea96
6,A,p6_A_D600,p6_A_D600_s29,29,NOT APPLICABLE,joint,1,train,2.0255352210998536,1.6171940565109253,0.5160135576615067,0.46686334221545484,0.40103114431310577,0.46686334221545484,0.4583333333333333,0.08735606429477531,0.15889909725975299,0.18544611287137805,0.15779904091716354,0.3999046722188918,[0.001],6.305163860321045,600,364,61,0.3933333333333333,0.09552721088435374,True,0,False,True,fd250404c2157cc2054c356c4613c31c1fb0eeffafd9d2d7cee07d88ce91f2ff
6,A,p6_A_D600,p6_A_D600_s29,29,NOT APPLICABLE,joint,1,dev,NOT APPLICABLE,1.8989993333816528,0.30188310404584273,0.3368565717141429,0.2844513283588301,0.3368565717141429,0.3511111111111111,0.10855652974711523,0.08907738095238096,0.11488095238095239,0.09552721088435374,0.2835262589786266,[0.001],6.305163860321045,600,364,61,0.3933333333333333,0.09552721088435374,True,0,False,True,fd250404c2157cc2054c356c4613c31c1fb0eeffafd9d2d7cee07d88ce91f2ff
6,A,p6_A_D600,p6_A_D600_s29,29,NOT APPLICABLE,joint,2,train,1.418578462600708,1.1699728965759277,0.6525974680001634,0.5973099860423803,0.6000985159145684,0.5973099860423803,0.6166666666666667,0.13245242980619268,0.26062327951025105,0.30562175689948107,0.2668167624725002,0.5984250465268134,[0.001],5.156516361236572,600,364,60,0.3933333333333333,0.13911564625850342,True,0,False,True,fd250404c2157cc2054c356c4613c31c1fb0eeffafd9d2d7cee07d88ce91f2ff
6,A,p6_A_D600,p6_A_D600_s29,29,NOT APPLICABLE,joint,2,dev,NOT APPLICABLE,1.6936733722686768,0.45209829366500526,0.42818590704647674,0.40207431425093887,0.42818590704647674,0.4622222222222222,0.08538912071122066,0.13014880952380953,0.1642857142857143,0.13911564625850342,0.4005617092089221,[0.001],5.156516361236572,600,364,60,0.3933333333333333,0.13911564625850342,True,0,False,True,fd250404c2157cc2054c356c4613c31c1fb0eeffafd9d2d7cee07d88ce91f2ff
6,A,p6_A_D600,p6_A_D600_s29,29,NOT APPLICABLE,joint,3,train,1.1082425498962403,1.0868455171585083,0.665703849485306,0.6788090026646365,0.6397601177804798,0.6788090026646365,0.6533333333333333,0.10112000706295173,0.30811782503758345,0.33260848601735776,0.30280924903875717,0.6380547476788833,[0.001],5.723510575294495,600,360,60,0.4,0.14262755102040817,True,0,False,True,fd250404c2157cc2054c356c4613c31c1fb0eeffafd9d2d7cee07d88ce91f2ff
6,A,p6_A_D600,p6_A_D600_s29,29,NOT APPLICABLE,joint,3,dev,NOT APPLICABLE,1.7160425186157227,0.4624441127328124,0.4533483258370814,0.43778984847226,0.4533483258370814,0.4533333333333333,0.09044037905004289,0.1380654761904762,0.15773809523809526,0.14262755102040817,0.4362025468849583,[0.001],5.723510575294495,600,360,60,0.4,0.14262755102040817,True,0,False,True,fd250404c2157cc2054c356c4613c31c1fb0eeffafd9d2d7cee07d88ce91f2ff
6,A,p6_A_D600,p6_A_D600_s29,29,NOT APPLICABLE,joint,4,train,0.8492155981063843,0.9038084745407104,0.7443016087919935,0.7693202004821723,0.7437930511370948,0.7693202004821723,0.74,0.1257065176218748,0.3676151444184231,0.4011395049823207,0.36798312535979943,0.7419186368915464,[0.001],4.886818957328797,600,360,61,0.4,0.1448639455782313,True,0,False,True,fd250404c2157cc2054c356c4613c31c1fb0eeffafd9d2d7cee07d88ce91f2ff
6,A,p6_A_D600,p6_A_D600_s29,29,NOT APPLICABLE,joint,4,dev,NOT APPLICABLE,1.7370054721832275,0.45205953494124984,0.44437781109445273,0.4229278864563829,0.44437781109445273,0.4488888888888889,0.09631714906957414,0.1441666666666667,0.1586309523809524,0.1448639455782313,0.4213149832305764,[0.001],4.886818957328797,600,360,61,0.4,0.1448639455782313,True,0,False,True,fd250404c2157cc2054c356c4613c31c1fb0eeffafd9d2d7cee07d88ce91f2ff
6,A,p6_A_D600,p6_A_D600_s29,29,NOT APPLICABLE,joint,5,train,0.8078818273544311,0.7631941437721252,0.7774550153048557,0.7921028422788986,0.780542961600617,0.7921028422788986,0.7816666666666666,0.129332217524449,0.3909787011836192,0.41911121825779485,0.39262942537201545,0.7787676495340429,[0.001],4.472851824760437,600,364,60,0.3933333333333333,0.1448639455782313,False,1,False,False,fd250404c2157cc2054c356c4613c31c1fb0eeffafd9d2d7cee07d88ce91f2ff
6,A,p6_A_D600,p6_A_D600_s29,29,NOT APPLICABLE,joint,5,dev,NOT APPLICABLE,1.6618049144744873,0.42416454174860113,0.4300849575212394,0.420514167363471,0.4300849575212394,0.4577777777777778,0.0939762098259396,0.1399702380952381,0.16011904761904763,0.14400510204081635,0.4190916922567853,[0.001],4.472851824760437,600,364,60,0.3933333333333333,0.1448639455782313,False,1,False,False,fd250404c2157cc2054c356c4613c31c1fb0eeffafd9d2d7cee07d88ce91f2ff
6,A,p6_A_D600,p6_A_D600_s29,29,NOT APPLICABLE,joint,6,train,0.6386271460851034,0.7564150094985962,0.7964518753838894,0.8234313538891003,0.7950278613995663,0.8234313538891003,0.7866666666666666,0.11210843563079834,0.405411299765808,0.4279427836708454,0.4035270634839228,0.7930331805485025,[0.001],4.437070822715759,600,366,60,0.39,0.1448639455782313,False,2,False,False,fd250404c2157cc2054c356c4613c31c1fb0eeffafd9d2d7cee07d88ce91f2ff
6,A,p6_A_D600,p6_A_D600_s29,29,NOT APPLICABLE,joint,6,dev,NOT APPLICABLE,1.7345678806304932,0.43203372465611556,0.44437781109445273,0.4244277572176645,0.44437781109445273,0.4488888888888889,0.13377351350254485,0.1374404761904762,0.15773809523809523,0.14054421768707487,0.4228148539918581,[0.001],4.437070822715759,600,366,60,0.39,0.1448639455782313,False,2,False,False,fd250404c2157cc2054c356c4613c31c1fb0eeffafd9d2d7cee07d88ce91f2ff
6,A,p6_A_D600,p6_A_D600_s29,29,NOT APPLICABLE,joint,7,train,0.6432010904947917,0.584770143032074,0.8671127986781828,0.8740618259104174,0.868854775277822,0.8740618259104174,0.8633333333333333,0.15596064577500027,0.45457179593148733,0.4705593056894889,0.4544391493622575,0.8668955916043528,[0.001],4.511937427520752,600,348,61,0.42000000000000004,0.1448639455782313,False,3,False,False,fd250404c2157cc2054c356c4613c31c1fb0eeffafd9d2d7cee07d88ce91f2ff
6,A,p6_A_D600,p6_A_D600_s29,29,NOT APPLICABLE,joint,7,dev,NOT APPLICABLE,1.6636970043182373,0.41624801641252285,0.400199900049975,0.3947248074733584,0.400199900049975,0.44,0.1584112941556507,0.13032738095238094,0.15565476190476188,0.13673469387755102,0.3931375058860569,[0.001],4.511937427520752,600,348,61,0.42000000000000004,0.1448639455782313,False,3,False,False,fd250404c2157cc2054c356c4613c31c1fb0eeffafd9d2d7cee07d88ce91f2ff
6,A,p6_A_D600,p6_A_D600_s29,29,NOT APPLICABLE,joint,8,train,0.5577476596832276,0.6060976982116699,0.8610211967450629,0.9069907054942264,0.8761526920931333,0.9069907054942264,0.8633333333333333,0.16490576376517616,0.48559053129448493,0.49329154612664733,0.47694001825656895,0.8741935084196639,[0.001],4.461037731170654,600,371,61,0.3816666666666667,0.1448639455782313,False,4,False,False,fd250404c2157cc2054c356c4613c31c1fb0eeffafd9d2d7cee07d88ce91f2ff
6,A,p6_A_D600,p6_A_D600_s29,29,NOT APPLICABLE,joint,8,dev,NOT APPLICABLE,1.823325514793396,0.4308710025815289,0.4402382142262202,0.41464277449416775,0.4402382142262202,0.4444444444444444,0.13591540164417693,0.1355357142857143,0.1574404761904762,0.13988945578231293,0.4129621022252601,[0.001],4.461037731170654,600,371,61,0.3816666666666667,0.1448639455782313,False,4,False,False,fd250404c2157cc2054c356c4613c31c1fb0eeffafd9d2d7cee07d88ce91f2ff
6,A,p6_A_D600,p6_A_D600_s29,29,NOT APPLICABLE,joint,9,train,0.4471003484725952,0.47756439447402954,0.9083732620063388,0.9020777820073593,0.9019639102223568,0.9020777820073593,0.8933333333333333,0.14704689527551332,0.4733112151964612,0.4862423657987785,0.47431128836650843,0.9000815572811804,[0.001],3.5064125537872313,600,368,61,0.3866666666666667,0.1448639455782313,False,5,False,False,fd250404c2157cc2054c356c4613c31c1fb0eeffafd9d2d7cee07d88ce91f2ff
6,A,p6_A_D600,p6_A_D600_s29,29,NOT APPLICABLE,joint,9,dev,NOT APPLICABLE,1.6805214881896973,0.40719070961718024,0.3952607029818424,0.3928979253747055,0.3952607029818424,0.4444444444444444,0.1787464564376407,0.12738095238095237,0.15654761904761902,0.1351360544217687,0.3914134449428567,[0.001],3.5064125537872313,600,368,61,0.3866666666666667,0.1448639455782313,False,5,False,False,fd250404c2157cc2054c356c4613c31c1fb0eeffafd9d2d7cee07d88ce91f2ff
6,A,p6_A_D600,p6_A_D600_s29,29,NOT APPLICABLE,joint,10,train,0.4160101874669393,0.5249170660972595,0.880929342605814,0.9053586156579115,0.8843211682090845,0.9053586156579115,0.8683333333333333,0.12462613557775815,0.4764267972464694,0.49078431372549025,0.473401721897852,0.882363446663734,[0.001],3.695166015625,600,360,61,0.4,0.1448639455782313,False,6,True,True,fd250404c2157cc2054c356c4613c31c1fb0eeffafd9d2d7cee07d88ce91f2ff
6,A,p6_A_D600,p6_A_D600_s29,29,NOT APPLICABLE,joint,10,dev,NOT APPLICABLE,1.9369657039642334,0.45194562790151016,0.41680826253539893,0.4118794423457576,0.41680826253539893,0.4266666666666667,0.1911078375577927,0.1318154761904762,0.1550595238095238,0.13619897959183674,0.4102702469434587,[0.001],3.695166015625,600,360,61,0.4,0.1448639455782313,False,6,True,True,fd250404c2157cc2054c356c4613c31c1fb0eeffafd9d2d7cee07d88ce91f2ff
6,A,p6_A_D600,p6_A_D600_s43,43,NOT APPLICABLE,joint,1,train,2.034058354695638,1.625224232673645,0.5120099485467872,0.478870067250349,0.4300346831576059,0.478870067250349,0.44,0.06275963415702183,0.16576807982545688,0.20332407279851833,0.16709647869173674,0.4290321768919417,[0.001],6.302846765518188,600,352,61,0.41333333333333333,0.0980187074829932,True,0,False,True,22ad760a07efce2dddc3619dda2e1a7f6d7577ccf22d106bf8592cb4c137d4d1
6,A,p6_A_D600,p6_A_D600_s43,43,NOT APPLICABLE,joint,1,dev,NOT APPLICABLE,1.9262105226516724,0.3029326449295961,0.3726553389971681,0.30535293146901454,0.3726553389971681,0.3466666666666667,0.07383989373842875,0.09184523809523812,0.11666666666666667,0.0980187074829932,0.30449018637097536,[0.001],6.302846765518188,600,352,61,0.41333333333333333,0.0980187074829932,True,0,False,True,22ad760a07efce2dddc3619dda2e1a7f6d7577ccf22d106bf8592cb4c137d4d1
6,A,p6_A_D600,p6_A_D600_s43,43,NOT APPLICABLE,joint,2,train,1.3856625493367514,1.2430477142333984,0.6333812546506923,0.5699728778073848,0.5514588110353033,0.5699728778073848,0.5866666666666667,0.08046661888559657,0.23752023501376396,0.28033292005326726,0.24073947395757797,0.5498093264992209,[0.001],4.758535528182984,600,366,61,0.39,0.1225765306122449,True,0,False,True,22ad760a07efce2dddc3619dda2e1a7f6d7577ccf22d106bf8592cb4c137d4d1
6,A,p6_A_D600,p6_A_D600_s43,43,NOT APPLICABLE,joint,2,dev,NOT APPLICABLE,1.7195367813110352,0.38911084529505585,0.3885390638014326,0.3621262641610808,0.3885390638014326,0.4177777777777778,0.04260676840941111,0.11244047619047619,0.14732142857142855,0.1225765306122449,0.3608460365650637,[0.001],4.758535528182984,600,366,61,0.39,0.1225765306122449,True,0,False,True,22ad760a07efce2dddc3619dda2e1a7f6d7577ccf22d106bf8592cb4c137d4d1
6,A,p6_A_D600,p6_A_D600_s43,43,NOT APPLICABLE,joint,3,train,1.1412804953257243,1.2113219499588013,0.6601358651936554,0.6182654485471386,0.5830768688888393,0.6182654485471386,0.5833333333333334,0.048953874210516606,0.2597554679047345,0.2888158760772068,0.2565373895364253,0.5813850492214356,[0.001],5.033888912200927,600,356,60,0.4066666666666666,0.1225765306122449,False,1,False,False,22ad760a07efce2dddc3619dda2e1a7f6d7577ccf22d106bf8592cb4c137d4d1
6,A,p6_A_D600,p6_A_D600_s43,43,NOT APPLICABLE,joint,3,dev,NOT APPLICABLE,1.8346275091171265,0.40202831402831407,0.38824754289521907,0.34430450854568545,0.38824754289521907,0.37333333333333335,0.16074584285418192,0.10327380952380953,0.12425595238095236,0.10686224489795919,0.3428942521354291,[0.001],5.033888912200927,600,356,60,0.4066666666666666,0.1225765306122449,False,1,False,False,22ad760a07efce2dddc3619dda2e1a7f6d7577ccf22d106bf8592cb4c137d4d1
6,A,p6_A_D600,p6_A_D600_s43,43,NOT APPLICABLE,joint,4,train,1.0307519181569418,0.9182219505310059,0.7163485948111052,0.7248691473163303,0.7073680176550972,0.7248691473163303,0.7133333333333334,0.1042496578147014,0.339864337405321,0.3727411948385912,0.34221347520196704,0.7055720992877502,[0.001],4.796055603027344,600,371,61,0.3816666666666667,0.1310204081632653,True,0,False,True,22ad760a07efce2dddc3619dda2e1a7f6d7577ccf22d106bf8592cb4c137d4d1
6,A,p6_A_D600,p6_A_D600_s43,43,NOT APPLICABLE,joint,4,dev,NOT APPLICABLE,1.6820125579833984,0.4195324737204532,0.4251624187906047,0.40251345667855826,0.4251624187906047,0.4222222222222222,0.10743978440761567,0.1281547619047619,0.14791666666666664,0.1310204081632653,0.40100085163654153,[0.001],4.796055603027344,600,371,61,0.3816666666666667,0.1310204081632653,True,0,False,True,22ad760a07efce2dddc3619dda2e1a7f6d7577ccf22d106bf8592cb4c137d4d1
6,A,p6_A_D600,p6_A_D600_s43,43,NOT APPLICABLE,joint,5,train,0.8368324629465739,0.8087544441223145,0.768003263287026,0.7955034259611725,0.7729505159368765,0.7955034259611725,0.7666666666666667,0.15093537757794062,0.3884855581576893,0.4129636772741884,0.385547497314763,0.7711073786819745,[0.001],4.269295763969422,600,361,60,0.3983333333333333,0.13215986394557822,True,0,False,True,22ad760a07efce2dddc3619dda2e1a7f6d7577ccf22d106bf8592cb4c137d4d1
6,A,p6_A_D600,p6_A_D600_s43,43,NOT APPLICABLE,joint,5,dev,NOT APPLICABLE,1.7124651670455933,0.4139197673671358,0.41991504247876066,0.40396791602074505,0.41991504247876066,0.4222222222222222,0.12324372013409933,0.12895833333333334,0.14717261904761902,0.13215986394557822,0.40240319340339087,[0.001],4.269295763969422,600,361,60,0.3983333333333333,0.13215986394557822,True,0,False,True,22ad760a07efce2dddc3619dda2e1a7f6d7577ccf22d106bf8592cb4c137d4d1
6,A,p6_A_D600,p6_A_D600_s43,43,NOT APPLICABLE,joint,6,train,0.7251600933074951,0.6682146191596985,0.8023683122499643,0.816569914985408,0.8047584725238963,0.816569914985408,0.805,0.14550443664193152,0.41105501216880197,0.4315975570556091,0.4107565205156942,0.8028007509785459,[0.001],4.254728770256042,600,357,61,0.405,0.13215986394557822,False,1,False,False,22ad760a07efce2dddc3619dda2e1a7f6d7577ccf22d106bf8592cb4c137d4d1
6,A,p6_A_D600,p6_A_D600_s43,43,NOT APPLICABLE,joint,6,dev,NOT APPLICABLE,1.6294010877609253,0.3958156338252687,0.41186906546726637,0.3918196417131111,0.41186906546726637,0.4311111111111111,0.13659456279542712,0.12571428571428572,0.15148809523809526,0.13072278911564625,0.3903070366710943,[0.001],4.254728770256042,600,357,61,0.405,0.13215986394557822,False,1,False,False,22ad760a07efce2dddc3619dda2e1a7f6d7577ccf22d106bf8592cb4c137d4d1
6,A,p6_A_D600,p6_A_D600_s43,43,NOT APPLICABLE,joint,7,train,0.6322405020395915,0.6169123649597168,0.8305785983275642,0.8505781309478493,0.834046091230214,0.8505781309478493,0.83,0.15230732003847763,0.42955598455598454,0.45192542590806817,0.431434927702108,0.8322004697748646,[0.001],3.9415191173553468,600,361,61,0.3983333333333333,0.13215986394557822,False,2,False,False,22ad760a07efce2dddc3619dda2e1a7f6d7577ccf22d106bf8592cb4c137d4d1
6,A,p6_A_D600,p6_A_D600_s43,43,NOT APPLICABLE,joint,7,dev,NOT APPLICABLE,1.682144045829773,0.42256437638131006,0.41608362485423955,0.40764921304528806,0.41608362485423955,0.4222222222222222,0.1561494019296434,0.12627976190476192,0.14895833333333333,0.1313265306122449,0.4060844904279339,[0.001],3.9415191173553468,600,361,61,0.3983333333333333,0.13215986394557822,False,2,False,False,22ad760a07efce2dddc3619dda2e1a7f6d7577ccf22d106bf8592cb4c137d4d1
6,A,p6_A_D600,p6_A_D600_s43,43,NOT APPLICABLE,joint,8,train,0.5057657686869304,0.5257008671760559,0.8707272200958946,0.8898252125364803,0.8784216873381909,0.8898252125364803,0.8716666666666667,0.15758328760663665,0.4637054384595369,0.4819527483124397,0.464910980113741,0.8765393343970145,[0.001],3.370305061340332,600,356,60,0.4066666666666666,0.13804421768707484,True,0,False,True,22ad760a07efce2dddc3619dda2e1a7f6d7577ccf22d106bf8592cb4c137d4d1
6,A,p6_A_D600,p6_A_D600_s43,43,NOT APPLICABLE,joint,8,dev,NOT APPLICABLE,1.6854664087295532,0.4102663652137336,0.41724970847909376,0.40549432673745966,0.41724970847909376,0.4444444444444444,0.15947267201211718,0.13374999999999998,0.1556547619047619,0.13804421768707484,0.40371179554316383,[0.001],3.370305061340332,600,356,60,0.4066666666666666,0.13804421768707484,True,0,False,True,22ad760a07efce2dddc3619dda2e1a7f6d7577ccf22d106bf8592cb4c137d4d1
6,A,p6_A_D600,p6_A_D600_s43,43,NOT APPLICABLE,joint,9,train,0.47002240022023517,0.47083568572998047,0.9036634909045989,0.9112517447024489,0.9038121891160167,0.9112517447024489,0.8966666666666666,0.1600643998632828,0.48781811085089777,0.49861941497910645,0.486303435365783,0.9018919970968146,[0.001],3.1676071643829347,600,375,60,0.375,0.13804421768707484,False,1,False,False,22ad760a07efce2dddc3619dda2e1a7f6d7577ccf22d106bf8592cb4c137d4d1
6,A,p6_A_D600,p6_A_D600_s43,43,NOT APPLICABLE,joint,9,dev,NOT APPLICABLE,1.7496683597564697,0.39584207459207466,0.38525737131434284,0.3778603057646673,0.38525737131434284,0.4311111111111111,0.19120035628477736,0.12571428571428572,0.15208333333333332,0.1320323129251701,0.3761796334957597,[0.001],3.1676071643829347,600,375,60,0.375,0.13804421768707484,False,1,False,False,22ad760a07efce2dddc3619dda2e1a7f6d7577ccf22d106bf8592cb4c137d4d1
6,A,p6_A_D600,p6_A_D600_s43,43,NOT APPLICABLE,joint,10,train,0.38716747919718425,0.46369683742523193,0.8856055391979663,0.9188205811445247,0.8974891856415768,0.9188205811445247,0.89,0.1448584544658661,0.4961397345823574,0.49902925104468004,0.48915858567994963,0.8955689936223751,[0.001],2.963562750816345,600,360,61,0.4,0.13804421768707484,False,2,True,True,22ad760a07efce2dddc3619dda2e1a7f6d7577ccf22d106bf8592cb4c137d4d1
6,A,p6_A_D600,p6_A_D600_s43,43,NOT APPLICABLE,joint,10,dev,NOT APPLICABLE,1.7900375127792358,0.40922572497872,0.40652173913043477,0.3928661955695745,0.40652173913043477,0.4266666666666667,0.19932080003950328,0.12675595238095239,0.1489583333333333,0.1309013605442177,0.3913014729522203,[0.001],2.963562750816345,600,360,61,0.4,0.13804421768707484,False,2,True,True,22ad760a07efce2dddc3619dda2e1a7f6d7577ccf22d106bf8592cb4c137d4d1
6,A,p6_A_D900,p6_A_D900_s17,17,NOT APPLICABLE,joint,1,train,1.8632883082495795,1.421461820602417,0.5862102510803139,0.4999857251617815,0.47915288179522175,0.4999857251617815,0.4955555555555556,0.05952072333958415,0.2104134435691813,0.22885738763413116,0.1977337541377231,0.4788626060332478,[0.001],6.3451155662536625,900,554,61,0.3844444444444445,0.11357993197278911,True,0,False,True,775d707a7aa69ca0b22c1c6ea759815e45ea719c59deb47c44ebbf5b31913bc9
6,A,p6_A_D900,p6_A_D900_s17,17,NOT APPLICABLE,joint,1,dev,NOT APPLICABLE,1.835974097251892,0.5088291275120543,0.3637014825920373,0.3340993261848544,0.3637014825920373,0.39111111111111113,0.08506736490461561,0.1069642857142857,0.13392857142857142,0.11357993197278911,0.3327547883697283,[0.001],6.3451155662536625,900,554,61,0.3844444444444445,0.11357993197278911,True,0,False,True,775d707a7aa69ca0b22c1c6ea759815e45ea719c59deb47c44ebbf5b31913bc9
6,A,p6_A_D900,p6_A_D900_s17,17,NOT APPLICABLE,joint,2,train,1.2403312746683757,1.1530015468597412,0.644961006386388,0.6285808696019963,0.6098323310163363,0.6285808696019963,0.6111111111111112,0.05019112961159813,0.29018600640551856,0.30916722899218035,0.27656262610380966,0.6093848636814517,[0.001],5.5355272928873696,900,541,61,0.39888888888888885,0.13564625850340137,True,0,False,True,775d707a7aa69ca0b22c1c6ea759815e45ea719c59deb47c44ebbf5b31913bc9
6,A,p6_A_D900,p6_A_D900_s17,17,NOT APPLICABLE,joint,2,dev,NOT APPLICABLE,1.6796069145202637,0.46787632737632745,0.4248792270531401,0.4130613161976181,0.4248792270531401,0.43555555555555553,0.07171782122717962,0.12961309523809522,0.15446428571428572,0.13564625850340137,0.41145703812275186,[0.001],5.5355272928873696,900,541,61,0.39888888888888885,0.13564625850340137,True,0,False,True,775d707a7aa69ca0b22c1c6ea759815e45ea719c59deb47c44ebbf5b31913bc9
6,A,p6_A_D900,p6_A_D900_s17,17,NOT APPLICABLE,joint,3,train,1.0374087924427455,0.9267054796218872,0.7132055484081341,0.7135938755657066,0.700914627577018,0.7135938755657066,0.7111111111111111,0.09218339598841137,0.35297805205052835,0.3561422485081835,0.33936842319545557,0.7005057904042842,[0.001],5.231274811426799,900,562,61,0.37555555555555553,0.1520918367346939,True,0,False,True,775d707a7aa69ca0b22c1c6ea759815e45ea719c59deb47c44ebbf5b31913bc9
6,A,p6_A_D900,p6_A_D900_s17,17,NOT APPLICABLE,joint,3,dev,NOT APPLICABLE,1.6030596494674683,0.47046978802424616,0.45343994669332,0.4377343562945672,0.45343994669332,0.4888888888888889,0.10696537805928125,0.14482142857142857,0.1738095238095238,0.1520918367346939,0.4363848286292501,[0.001],5.231274811426799,900,562,61,0.37555555555555553,0.1520918367346939,True,0,False,True,775d707a7aa69ca0b22c1c6ea759815e45ea719c59deb47c44ebbf5b31913bc9
6,A,p6_A_D900,p6_A_D900_s17,17,NOT APPLICABLE,joint,4,train,0.8396535290612115,0.8684737086296082,0.7475957107136446,0.7765570147612401,0.7422938292374492,0.7765570147612401,0.7422222222222222,0.1036219697859552,0.39922938789675966,0.39396575106841847,0.3778992795623512,0.7417816427309144,[0.001],5.317061901092529,900,546,61,0.3933333333333333,0.1520918367346939,False,1,False,False,775d707a7aa69ca0b22c1c6ea759815e45ea719c59deb47c44ebbf5b31913bc9
6,A,p6_A_D900,p6_A_D900_s17,17,NOT APPLICABLE,joint,4,dev,NOT APPLICABLE,1.6919082403182983,0.44127873937656553,0.4480009995002499,0.42266186036102227,0.4480009995002499,0.4488888888888889,0.12093036188019647,0.13282738095238095,0.15714285714285717,0.13887755102040816,0.4211467088458707,[0.001],5.317061901092529,900,546,61,0.3933333333333333,0.1520918367346939,False,1,False,False,775d707a7aa69ca0b22c1c6ea759815e45ea719c59deb47c44ebbf5b31913bc9
6,A,p6_A_D900,p6_A_D900_s17,17,NOT APPLICABLE,joint,5,train,0.7830101863543193,0.8501184582710266,0.7657964266213814,0.7995030241509115,0.7674154680943623,0.7995030241509115,0.7522222222222222,0.10625989908973375,0.43032386645025456,0.4140867502877783,0.40048917225831904,0.7669143046792917,[0.001],5.887705405553182,900,536,61,0.4044444444444445,0.1520918367346939,False,2,False,False,775d707a7aa69ca0b22c1c6ea759815e45ea719c59deb47c44ebbf5b31913bc9
6,A,p6_A_D900,p6_A_D900_s17,17,NOT APPLICABLE,joint,5,dev,NOT APPLICABLE,1.8785979747772217,0.4568175476484301,0.4468682325503915,0.43019792946502794,0.4468682325503915,0.43555555555555553,0.11705183558993869,0.1324404761904762,0.15148809523809526,0.13578231292517007,0.4285936513901617,[0.001],5.887705405553182,900,536,61,0.4044444444444445,0.1520918367346939,False,2,False,False,775d707a7aa69ca0b22c1c6ea759815e45ea719c59deb47c44ebbf5b31913bc9
6,A,p6_A_D900,p6_A_D900_s17,17,NOT APPLICABLE,joint,6,train,0.6824823098712497,0.7146416306495667,0.7899674027828627,0.8248297593368015,0.7928460386019143,0.8248297593368015,0.7844444444444445,0.11760495806733767,0.44536361567311256,0.43353444739940983,0.4175440957560431,0.7922682194034054,[0.001],4.9198158264160154,900,564,61,0.3733333333333333,0.1520918367346939,False,3,False,False,775d707a7aa69ca0b22c1c6ea759815e45ea719c59deb47c44ebbf5b31913bc9
6,A,p6_A_D900,p6_A_D900_s17,17,NOT APPLICABLE,joint,6,dev,NOT APPLICABLE,1.7744306325912476,0.4399917883788852,0.4297434616025321,0.414648119471645,0.4297434616025321,0.4444444444444444,0.12251713865333136,0.13767857142857143,0.15535714285714286,0.14143707482993198,0.41323682914906434,[0.001],4.9198158264160154,900,564,61,0.3733333333333333,0.1520918367346939,False,3,False,False,775d707a7aa69ca0b22c1c6ea759815e45ea719c59deb47c44ebbf5b31913bc9
6,A,p6_A_D900,p6_A_D900_s17,17,NOT APPLICABLE,joint,7,train,0.6115629159079657,0.5952478051185608,0.8327232571244888,0.8579452692128748,0.8389008775457901,0.8579452692128748,0.8377777777777777,0.13259882253077296,0.4658741768728826,0.4560724539885418,0.44729175291080703,0.8384027150304776,[0.001],4.960814189910889,900,538,61,0.40222222222222226,0.1520918367346939,False,4,False,False,775d707a7aa69ca0b22c1c6ea759815e45ea719c59deb47c44ebbf5b31913bc9
6,A,p6_A_D900,p6_A_D900_s17,17,NOT APPLICABLE,joint,7,dev,NOT APPLICABLE,1.7137622833251953,0.4343388300296195,0.4469265367316342,0.4282152811328223,0.4469265367316342,0.4622222222222222,0.13498990376790365,0.13922619047619048,0.16309523809523813,0.1450765306122449,0.4267928060261368,[0.001],4.960814189910889,900,538,61,0.40222222222222226,0.1520918367346939,False,4,False,False,775d707a7aa69ca0b22c1c6ea759815e45ea719c59deb47c44ebbf5b31913bc9
6,A,p6_A_D900,p6_A_D900_s17,17,NOT APPLICABLE,joint,8,train,0.5366218231783972,0.5584942102432251,0.8376874786112065,0.8750031721862708,0.8475146796036487,0.8750031721862708,0.8433333333333334,0.12035645589232445,0.4790486274296706,0.46453412985088455,0.45712527863233143,0.8456323266624721,[0.001],3.859869368871053,900,540,61,0.4,0.1520918367346939,False,5,False,False,775d707a7aa69ca0b22c1c6ea759815e45ea719c59deb47c44ebbf5b31913bc9
6,A,p6_A_D900,p6_A_D900_s17,17,NOT APPLICABLE,joint,8,dev,NOT APPLICABLE,1.7697182893753052,0.43236399129544295,0.44047143095119096,0.4259359411220861,0.44047143095119096,0.4622222222222222,0.15039769583278234,0.14333333333333334,0.16309523809523813,0.14703231292517005,0.42442078960693463,[0.001],3.859869368871053,900,540,61,0.4,0.1520918367346939,False,5,False,False,775d707a7aa69ca0b22c1c6ea759815e45ea719c59deb47c44ebbf5b31913bc9
6,A,p6_A_D900,p6_A_D900_s17,17,NOT APPLICABLE,joint,9,train,0.47103150063090854,0.4468396008014679,0.8908531418672071,0.9079124899547434,0.8962302007410863,0.9079124899547434,0.8933333333333333,0.15280859612756306,0.511198651813406,0.49733226160706023,0.4923917759621713,0.894323989894478,[0.001],3.647301435470581,900,556,61,0.38222222222222224,0.1520918367346939,False,6,False,False,775d707a7aa69ca0b22c1c6ea759815e45ea719c59deb47c44ebbf5b31913bc9
6,A,p6_A_D900,p6_A_D900_s17,17,NOT APPLICABLE,joint,9,dev,NOT APPLICABLE,1.7301678657531738,0.4449989936963621,0.4227303015159086,0.42142723504051177,0.4227303015159086,0.4622222222222222,0.15068063206142848,0.1418452380952381,0.16696428571428573,0.14798469387755103,0.42001594471793113,[0.001],3.647301435470581,900,556,61,0.38222222222222224,0.1520918367346939,False,6,False,False,775d707a7aa69ca0b22c1c6ea759815e45ea719c59deb47c44ebbf5b31913bc9
6,A,p6_A_D900,p6_A_D900_s17,17,NOT APPLICABLE,joint,10,train,0.41197331375545926,0.42015978693962097,0.9007900045209258,0.926341834792539,0.9101952357112337,0.926341834792539,0.9044444444444445,0.1522448267373774,0.5173750975800155,0.5097527090858571,0.5045702272538674,0.9096135281758837,[0.001],3.922804323832194,900,542,61,0.3977777777777778,0.1520918367346939,False,7,True,True,775d707a7aa69ca0b22c1c6ea759815e45ea719c59deb47c44ebbf5b31913bc9
6,A,p6_A_D900,p6_A_D900_s17,17,NOT APPLICABLE,joint,10,dev,NOT APPLICABLE,1.800847053527832,0.44912942152745633,0.4318090954522738,0.429605982140687,0.4318090954522738,0.4622222222222222,0.1569499169455634,0.14407738095238096,0.16666666666666663,0.148937074829932,0.42817995718525037,[0.001],3.922804323832194,900,542,61,0.3977777777777778,0.1520918367346939,False,7,True,True,775d707a7aa69ca0b22c1c6ea759815e45ea719c59deb47c44ebbf5b31913bc9
6,A,p6_A_D900,p6_A_D900_s29,29,NOT APPLICABLE,joint,1,train,1.832904773288303,1.5014605522155762,0.5405222013013286,0.5374064205050121,0.47457321726192986,0.5374064205050121,0.48444444444444446,0.043626068366898425,0.1942783218602891,0.21923748660342154,0.1814219192987753,0.47427296999947827,[0.001],6.740465450286865,900,557,61,0.38111111111111107,0.0963265306122449,True,0,False,True,295dbcc07898c2df7ce22964d6c12dc9cae6f17d63500c305e96bdb126386a56
6,A,p6_A_D900,p6_A_D900_s29,29,NOT APPLICABLE,joint,1,dev,NOT APPLICABLE,1.8895026445388794,0.33795232481731335,0.35325670498084294,0.31856376418836646,0.35325670498084294,0.3377777777777778,0.08471804751290213,0.09208333333333332,0.11160714285714286,0.0963265306122449,0.31704861267321494,[0.001],6.740465450286865,900,557,61,0.38111111111111107,0.0963265306122449,True,0,False,True,295dbcc07898c2df7ce22964d6c12dc9cae6f17d63500c305e96bdb126386a56
6,A,p6_A_D900,p6_A_D900_s29,29,NOT APPLICABLE,joint,2,train,1.2586789888805814,1.139906406402588,0.6170540799070001,0.6408519434927886,0.6033261882038617,0.6408519434927886,0.6055555555555555,0.056202874630689625,0.27728961384699086,0.29484099419150817,0.26369814302273314,0.6029180249385556,[0.001],5.912199719746908,900,551,61,0.3877777777777778,0.13349489795918368,True,0,False,True,295dbcc07898c2df7ce22964d6c12dc9cae6f17d63500c305e96bdb126386a56
6,A,p6_A_D900,p6_A_D900_s29,29,NOT APPLICABLE,joint,2,dev,NOT APPLICABLE,1.6976836919784546,0.4463828788170893,0.4316425120772947,0.41845714727790817,0.4316425120772947,0.44,0.0945991845925649,0.1269047619047619,0.1526785714285714,0.13349489795918368,0.4169445422358914,[0.001],5.912199719746908,900,551,61,0.3877777777777778,0.13349489795918368,True,0,False,True,295dbcc07898c2df7ce22964d6c12dc9cae6f17d63500c305e96bdb126386a56
6,A,p6_A_D900,p6_A_D900_s29,29,NOT APPLICABLE,joint,3,train,1.0074749035305448,0.9325019121170044,0.6982403701151203,0.7251089117286301,0.7015121041970789,0.7251089117286301,0.7,0.08584690618846152,0.35658009567845633,0.3628728939857031,0.34175529969357477,0.701059615509296,[0.001],5.392947769165039,900,544,61,0.39555555555555555,0.13575680272108842,True,0,False,True,295dbcc07898c2df7ce22964d6c12dc9cae6f17d63500c305e96bdb126386a56
6,A,p6_A_D900,p6_A_D900_s29,29,NOT APPLICABLE,joint,3,dev,NOT APPLICABLE,1.6836369037628174,0.42587470862470866,0.43813093453273366,0.4138367943241219,0.43813093453273366,0.4488888888888889,0.09970759411652882,0.12949404761904762,0.15595238095238098,0.13575680272108842,0.4123241892821052,[0.001],5.392947769165039,900,544,61,0.39555555555555555,0.13575680272108842,True,0,False,True,295dbcc07898c2df7ce22964d6c12dc9cae6f17d63500c305e96bdb126386a56
6,A,p6_A_D900,p6_A_D900_s29,29,NOT APPLICABLE,joint,4,train,0.8495707337061564,0.9010646343231201,0.7330403171822885,0.7628489404897856,0.7274477513416924,0.7628489404897856,0.7211111111111111,0.09672308244638973,0.3793425024982402,0.37880032813347625,0.3584880529604143,0.726924875524699,[0.001],5.236758136749268,900,556,61,0.38222222222222224,0.13837585034013605,True,0,False,True,295dbcc07898c2df7ce22964d6c12dc9cae6f17d63500c305e96bdb126386a56
6,A,p6_A_D900,p6_A_D900_s29,29,NOT APPLICABLE,joint,4,dev,NOT APPLICABLE,1.7778717279434204,0.44897133461535077,0.44790104947526244,0.4222373461562102,0.44790104947526244,0.4444444444444444,0.14800051596429611,0.13410714285714287,0.15684523809523812,0.13837585034013605,0.42072474111419345,[0.001],5.236758136749268,900,556,61,0.38222222222222224,0.13837585034013605,True,0,False,True,295dbcc07898c2df7ce22964d6c12dc9cae6f17d63500c305e96bdb126386a56
6,A,p6_A_D900,p6_A_D900_s29,29,NOT APPLICABLE,joint,5,train,0.6720930504798889,0.7486185431480408,0.78268439781262,0.8130249968278138,0.7903913225379233,0.8130249968278138,0.7811111111111111,0.12349918242957857,0.416878807099094,0.42450443184674924,0.4042135867485698,0.789858080945079,[0.001],4.4819022496541345,900,546,61,0.3933333333333333,0.13837585034013605,False,1,False,False,295dbcc07898c2df7ce22964d6c12dc9cae6f17d63500c305e96bdb126386a56
6,A,p6_A_D900,p6_A_D900_s29,29,NOT APPLICABLE,joint,5,dev,NOT APPLICABLE,1.7798558473587036,0.42287511982009135,0.41884057971014493,0.4085679637637428,0.41884057971014493,0.43555555555555553,0.132622493174341,0.1324107142857143,0.1529761904761905,0.13732993197278914,0.40698066217644124,[0.001],4.4819022496541345,900,546,61,0.3933333333333333,0.13837585034013605,False,1,False,False,295dbcc07898c2df7ce22964d6c12dc9cae6f17d63500c305e96bdb126386a56
6,A,p6_A_D900,p6_A_D900_s29,29,NOT APPLICABLE,joint,6,train,0.6166337649027507,0.6627629995346069,0.8077385250838747,0.8467918622848201,0.820028484065829,0.8467918622848201,0.8144444444444444,0.12390815463331009,0.4549390416603532,0.44551429629923656,0.43481228701327906,0.8194794644579858,[0.001],4.56780694325765,900,552,61,0.3866666666666667,0.14518707482993198,True,0,False,True,295dbcc07898c2df7ce22964d6c12dc9cae6f17d63500c305e96bdb126386a56
6,A,p6_A_D900,p6_A_D900_s29,29,NOT APPLICABLE,joint,6,dev,NOT APPLICABLE,1.7446657419204712,0.42716513329013334,0.43985507246376815,0.41961114782584996,0.43985507246376815,0.4533333333333333,0.13429148899184332,0.1418452380952381,0.15952380952380954,0.14518707482993198,0.4180985427838332,[0.001],4.56780694325765,900,552,61,0.3866666666666667,0.14518707482993198,True,0,False,True,295dbcc07898c2df7ce22964d6c12dc9cae6f17d63500c305e96bdb126386a56
6,A,p6_A_D900,p6_A_D900_s29,29,NOT APPLICABLE,joint,7,train,0.5506306510501437,0.5967939496040344,0.8385468597422573,0.8790371357272765,0.8516169767186635,0.8790371357272765,0.8444444444444444,0.14432910275128152,0.482039614129778,0.4712949364241391,0.46230869262202806,0.8510837351258195,[0.001],4.783201551437378,900,545,61,0.3944444444444445,0.14560374149659863,True,0,False,True,295dbcc07898c2df7ce22964d6c12dc9cae6f17d63500c305e96bdb126386a56
6,A,p6_A_D900,p6_A_D900_s29,29,NOT APPLICABLE,joint,7,dev,NOT APPLICABLE,1.778897762298584,0.4405865066791841,0.4521739130434783,0.4330398654145836,0.4521739130434783,0.4622222222222222,0.12403542319933573,0.1405059523809524,0.1636904761904762,0.14560374149659863,0.4315383639130821,[0.001],4.783201551437378,900,545,61,0.3944444444444445,0.14560374149659863,True,0,False,True,295dbcc07898c2df7ce22964d6c12dc9cae6f17d63500c305e96bdb126386a56
6,A,p6_A_D900,p6_A_D900_s29,29,NOT APPLICABLE,joint,8,train,0.48138787769609026,0.5212332010269165,0.8681509611714423,0.8932310831958719,0.877721000199182,0.8932310831958719,0.8733333333333333,0.14846503204769557,0.485833958825762,0.48427076304264416,0.474762860848781,0.8757410947618297,[0.001],3.142573436101278,900,537,61,0.4033333333333333,0.14560374149659863,False,1,False,False,295dbcc07898c2df7ce22964d6c12dc9cae6f17d63500c305e96bdb126386a56
6,A,p6_A_D900,p6_A_D900_s29,29,NOT APPLICABLE,joint,8,dev,NOT APPLICABLE,1.7802865505218506,0.42685179199885076,0.4249125437281359,0.40888407888407885,0.4249125437281359,0.4444444444444444,0.1520482952727212,0.1387202380952381,0.16071428571428573,0.14304421768707481,0.40740624637176365,[0.001],3.142573436101278,900,537,61,0.4033333333333333,0.14560374149659863,False,1,False,False,295dbcc07898c2df7ce22964d6c12dc9cae6f17d63500c305e96bdb126386a56
6,A,p6_A_D900,p6_A_D900_s29,29,NOT APPLICABLE,joint,9,train,0.3997817858060201,0.44771113991737366,0.9003182740065101,0.9141045975553018,0.9042957627069533,0.9141045975553018,0.8977777777777778,0.1363046702080303,0.5045028150356019,0.4950263962211726,0.4902878105638225,0.9036872071315104,[0.001],3.275499153137207,900,559,61,0.37888888888888894,0.14560374149659863,False,2,False,False,295dbcc07898c2df7ce22964d6c12dc9cae6f17d63500c305e96bdb126386a56
6,A,p6_A_D900,p6_A_D900_s29,29,NOT APPLICABLE,joint,9,dev,NOT APPLICABLE,1.7955735921859741,0.45596605149236724,0.4472680326503416,0.43112611301562237,0.4472680326503416,0.47555555555555556,0.16254756020175087,0.1387202380952381,0.1650297619047619,0.1453656462585034,0.4294594463489558,[0.001],3.275499153137207,900,559,61,0.37888888888888894,0.14560374149659863,False,2,False,False,295dbcc07898c2df7ce22964d6c12dc9cae6f17d63500c305e96bdb126386a56
6,A,p6_A_D900,p6_A_D900_s29,29,NOT APPLICABLE,joint,10,train,0.39723575313886006,0.4646925628185272,0.8913094369138971,0.9112115636763523,0.8975425574209954,0.9112115636763523,0.8888888888888888,0.136715446876155,0.5012986705893965,0.5022366722839076,0.49046028414942044,0.8968989976159021,[0.001],3.1723485310872395,900,532,61,0.40888888888888886,0.14661564625850337,True,0,True,True,295dbcc07898c2df7ce22964d6c12dc9cae6f17d63500c305e96bdb126386a56
6,A,p6_A_D900,p6_A_D900_s29,29,NOT APPLICABLE,joint,10,dev,NOT APPLICABLE,1.9521353244781494,0.46932084317427936,0.4290521405963685,0.42696826915047864,0.4290521405963685,0.4488888888888889,0.16400594618585373,0.14258928571428572,0.16339285714285715,0.14661564625850337,0.4252441312194441,[0.001],3.1723485310872395,900,532,61,0.40888888888888886,0.14661564625850337,True,0,True,True,295dbcc07898c2df7ce22964d6c12dc9cae6f17d63500c305e96bdb126386a56
6,A,p6_A_D900,p6_A_D900_s43,43,NOT APPLICABLE,joint,1,train,1.866007960372501,1.5455313920974731,0.603818625477248,0.5128441822103793,0.4745288695493307,0.5128441822103793,0.43222222222222223,0.049444370650582846,0.18227385116082268,0.2133427665693573,0.17120232708881378,0.47424128784998426,[0.001],6.1754473686218265,900,538,61,0.40222222222222226,0.07512755102040816,True,0,False,True,6a7327030cebcb05c2fdcc5861b585e922c2c1a5c4a68fdf0eb30735c98d0b0a
6,A,p6_A_D900,p6_A_D900_s43,43,NOT APPLICABLE,joint,1,dev,NOT APPLICABLE,1.9903157949447632,0.4435602132289972,0.34406130268199236,0.29538639253258847,0.34406130268199236,0.28444444444444444,0.1198458374871148,0.06869047619047619,0.09732142857142857,0.07512755102040816,0.29396036757715177,[0.001],6.1754473686218265,900,538,61,0.40222222222222226,0.07512755102040816,True,0,False,True,6a7327030cebcb05c2fdcc5861b585e922c2c1a5c4a68fdf0eb30735c98d0b0a
6,A,p6_A_D900,p6_A_D900_s43,43,NOT APPLICABLE,joint,2,train,1.2250131334198846,1.2466518878936768,0.6126243557674762,0.6067995812714122,0.5721253651325556,0.6067995812714122,0.5711111111111111,0.0342626291513443,0.2697662537826472,0.2716769869937416,0.2482487119859192,0.5717862138379903,[0.001],5.740379858016968,900,552,61,0.3866666666666667,0.10584183673469387,True,0,False,True,6a7327030cebcb05c2fdcc5861b585e922c2c1a5c4a68fdf0eb30735c98d0b0a
6,A,p6_A_D900,p6_A_D900_s43,43,NOT APPLICABLE,joint,2,dev,NOT APPLICABLE,1.8479564189910889,0.3721220981747297,0.39359486923205067,0.3428444813184601,0.39359486923205067,0.37777777777777777,0.1297766708665424,0.10068452380952382,0.12514880952380952,0.10584183673469387,0.3414342249082037,[0.001],5.740379858016968,900,552,61,0.3866666666666667,0.10584183673469387,True,0,False,True,6a7327030cebcb05c2fdcc5861b585e922c2c1a5c4a68fdf0eb30735c98d0b0a
6,A,p6_A_D900,p6_A_D900_s43,43,NOT APPLICABLE,joint,3,train,1.0045439304245842,0.9769381284713745,0.6810715465057421,0.7144122996235671,0.6847363615739699,0.7144122996235671,0.69,0.08282352429297236,0.34628570501521316,0.3534002500694637,0.33350203785285754,0.6843403680962155,[0.001],5.134699980417888,900,553,60,0.38555555555555554,0.13602891156462585,True,0,False,True,6a7327030cebcb05c2fdcc5861b585e922c2c1a5c4a68fdf0eb30735c98d0b0a
6,A,p6_A_D900,p6_A_D900_s43,43,NOT APPLICABLE,joint,3,dev,NOT APPLICABLE,1.6948140859603882,0.4206912156912157,0.4596285190737964,0.42846925640658073,0.4596285190737964,0.4622222222222222,0.11480557971530489,0.13005952380952382,0.15610119047619048,0.13602891156462585,0.4268838905529222,[0.001],5.134699980417888,900,553,60,0.38555555555555554,0.13602891156462585,True,0,False,True,6a7327030cebcb05c2fdcc5861b585e922c2c1a5c4a68fdf0eb30735c98d0b0a
6,A,p6_A_D900,p6_A_D900_s43,43,NOT APPLICABLE,joint,4,train,0.8388025335470836,0.8249972462654114,0.7392466866180541,0.7471704098464661,0.7324049488515978,0.7471704098464661,0.7388888888888889,0.08790719277328918,0.37111820512854493,0.38182679712618584,0.36038597053289356,0.7319151529332305,[0.001],4.774994627634684,900,543,61,0.3966666666666666,0.13688775510204082,True,0,False,True,6a7327030cebcb05c2fdcc5861b585e922c2c1a5c4a68fdf0eb30735c98d0b0a
6,A,p6_A_D900,p6_A_D900_s43,43,NOT APPLICABLE,joint,4,dev,NOT APPLICABLE,1.6933317184448242,0.4030829283560081,0.4220806263534899,0.39758658293299776,0.4220806263534899,0.4444444444444444,0.12028160479333666,0.13241071428571427,0.15595238095238098,0.13688775510204082,0.3959823048581314,[0.001],4.774994627634684,900,543,61,0.3966666666666666,0.13688775510204082,True,0,False,True,6a7327030cebcb05c2fdcc5861b585e922c2c1a5c4a68fdf0eb30735c98d0b0a
6,A,p6_A_D900,p6_A_D900_s43,43,NOT APPLICABLE,joint,5,train,0.8153277201122707,0.7918056845664978,0.7650491691314929,0.7636060356130778,0.7478187064409214,0.7636060356130778,0.7444444444444445,0.08281057049830753,0.39241735137865214,0.3967278669279225,0.37565291450613486,0.7473406334428521,[0.001],4.468339904149373,900,548,61,0.3911111111111111,0.13688775510204082,False,1,False,False,6a7327030cebcb05c2fdcc5861b585e922c2c1a5c4a68fdf0eb30735c98d0b0a
6,A,p6_A_D900,p6_A_D900_s43,43,NOT APPLICABLE,joint,5,dev,NOT APPLICABLE,1.8470076322555542,0.4346632940702708,0.414184574379477,0.387524128673979,0.414184574379477,0.4266666666666667,0.17007126179006365,0.12672619047619046,0.14970238095238092,0.13119897959183674,0.38600897715882754,[0.001],4.468339904149373,900,548,61,0.3911111111111111,0.13688775510204082,False,1,False,False,6a7327030cebcb05c2fdcc5861b585e922c2c1a5c4a68fdf0eb30735c98d0b0a
6,A,p6_A_D900,p6_A_D900_s43,43,NOT APPLICABLE,joint,6,train,0.6900956765810649,0.6402754783630371,0.8157048778876372,0.8124333840883136,0.8097361833684775,0.8124333840883136,0.8111111111111111,0.12102782752778796,0.42337719298245613,0.4288085976263248,0.41565904825692535,0.809208171913314,[0.001],4.385588677724202,900,548,61,0.3911111111111111,0.13688775510204082,False,2,False,False,6a7327030cebcb05c2fdcc5861b585e922c2c1a5c4a68fdf0eb30735c98d0b0a
6,A,p6_A_D900,p6_A_D900_s43,43,NOT APPLICABLE,joint,6,dev,NOT APPLICABLE,1.7027733325958252,0.388898869448405,0.39098783941362647,0.38159575924309663,0.39098783941362647,0.4266666666666667,0.17448967549535965,0.12392857142857143,0.14702380952380953,0.12852040816326532,0.37991508697418896,[0.001],4.385588677724202,900,548,61,0.3911111111111111,0.13688775510204082,False,2,False,False,6a7327030cebcb05c2fdcc5861b585e922c2c1a5c4a68fdf0eb30735c98d0b0a
6,A,p6_A_D900,p6_A_D900_s43,43,NOT APPLICABLE,joint,7,train,0.5747689216666751,0.6816089749336243,0.8090563626497458,0.8441975426130355,0.8137128953895564,0.8441975426130355,0.8033333333333333,0.1038202728993363,0.43709821679445593,0.4368296749096971,0.41997716482622327,0.8131538517841552,[0.001],3.9824437141418456,900,529,61,0.41222222222222227,0.13787414965986394,True,0,False,True,6a7327030cebcb05c2fdcc5861b585e922c2c1a5c4a68fdf0eb30735c98d0b0a
6,A,p6_A_D900,p6_A_D900_s43,43,NOT APPLICABLE,joint,7,dev,NOT APPLICABLE,1.9309970140457153,0.4393662742944099,0.44355322338830583,0.3989760768443956,0.44355322338830583,0.44,0.1714951683415307,0.1330952380952381,0.15357142857142855,0.13787414965986394,0.39769584924837864,[0.001],3.9824437141418456,900,529,61,0.41222222222222227,0.13787414965986394,True,0,False,True,6a7327030cebcb05c2fdcc5861b585e922c2c1a5c4a68fdf0eb30735c98d0b0a
6,A,p6_A_D900,p6_A_D900_s43,43,NOT APPLICABLE,joint,8,train,0.5369912057452731,0.5165621042251587,0.8680016718356054,0.8661141775578395,0.8617678233820486,0.8661141775578395,0.8611111111111112,0.1309302838312255,0.459982275629951,0.46190773892218734,0.4510656262082827,0.8611861158466988,[0.001],4.107943328221639,900,541,61,0.39888888888888885,0.13787414965986394,False,1,False,False,6a7327030cebcb05c2fdcc5861b585e922c2c1a5c4a68fdf0eb30735c98d0b0a
6,A,p6_A_D900,p6_A_D900_s43,43,NOT APPLICABLE,joint,8,dev,NOT APPLICABLE,1.714117169380188,0.4036654358713182,0.40395635515575545,0.3961007933935742,0.40395635515575545,0.4533333333333333,0.15599535650677152,0.13151785714285716,0.15863095238095237,0.1376275510204082,0.3944201211246666,[0.001],4.107943328221639,900,541,61,0.39888888888888885,0.13787414965986394,False,1,False,False,6a7327030cebcb05c2fdcc5861b585e922c2c1a5c4a68fdf0eb30735c98d0b0a
6,A,p6_A_D900,p6_A_D900_s43,43,NOT APPLICABLE,joint,9,train,0.4565162245432536,0.4998645484447479,0.8594056636430845,0.8880657065516221,0.8665813820585134,0.8880657065516221,0.8577777777777778,0.11064422657092414,0.47473570600619774,0.47098268037417795,0.46110138525030403,0.8660323624506703,[0.001],3.6453293482462565,900,540,61,0.4,0.14310374149659863,True,0,False,True,6a7327030cebcb05c2fdcc5861b585e922c2c1a5c4a68fdf0eb30735c98d0b0a
6,A,p6_A_D900,p6_A_D900_s43,43,NOT APPLICABLE,joint,9,dev,NOT APPLICABLE,1.7751086950302124,0.43993128127910736,0.4533816425120773,0.4315353714831117,0.4533816425120773,0.4622222222222222,0.15572611490885413,0.1370238095238095,0.1613095238095238,0.14310374149659863,0.4300338699816102,[0.001],3.6453293482462565,900,540,61,0.4,0.14310374149659863,True,0,False,True,6a7327030cebcb05c2fdcc5861b585e922c2c1a5c4a68fdf0eb30735c98d0b0a
6,A,p6_A_D900,p6_A_D900_s43,43,NOT APPLICABLE,joint,10,train,0.40420214229159884,0.4182772934436798,0.9071089662574362,0.9169780696189148,0.9105969401400861,0.9169780696189148,0.9044444444444445,0.13674790498283176,0.5083232996820104,0.5007641011392053,0.494901340734497,0.9099809614694967,[0.001],3.5308437665303547,900,547,61,0.39222222222222225,0.15375850340136055,True,0,True,True,6a7327030cebcb05c2fdcc5861b585e922c2c1a5c4a68fdf0eb30735c98d0b0a
6,A,p6_A_D900,p6_A_D900_s43,43,NOT APPLICABLE,joint,10,dev,NOT APPLICABLE,1.8123996257781982,0.47010434010434016,0.4387056471764118,0.42682559927947655,0.4387056471764118,0.48,0.17056240095032585,0.14848214285714284,0.17232142857142857,0.15375850340136055,0.42539957432403985,[0.001],3.5308437665303547,900,547,61,0.39222222222222225,0.15375850340136055,True,0,True,True,6a7327030cebcb05c2fdcc5861b585e922c2c1a5c4a68fdf0eb30735c98d0b0a
6,B,p6_B_AUG0,p6_B_AUG0_s17,17,NOT APPLICABLE,joint,1,train,1.8632882725861337,1.4214617013931274,0.5862102510803139,0.4999857251617815,0.47915288179522175,0.4999857251617815,0.4955555555555556,0.059520721915695414,0.2104134435691813,0.22885738763413116,0.1977337541377231,0.4788626060332478,[0.001],6.345115598042806,900,554,61,0.3844444444444445,0.11357993197278911,True,0,False,True,f1573894a03b934a1f4e038049a9415c273f47375d1da8c440ad1e180880fb37
6,B,p6_B_AUG0,p6_B_AUG0_s17,17,NOT APPLICABLE,joint,1,dev,NOT APPLICABLE,1.835974097251892,0.5088291275120543,0.3637014825920373,0.3340993261848544,0.3637014825920373,0.39111111111111113,0.08506734291712444,0.1069642857142857,0.13392857142857142,0.11357993197278911,0.3327547883697283,[0.001],6.345115598042806,900,554,61,0.3844444444444445,0.11357993197278911,True,0,False,True,f1573894a03b934a1f4e038049a9415c273f47375d1da8c440ad1e180880fb37
6,B,p6_B_AUG0,p6_B_AUG0_s17,17,NOT APPLICABLE,joint,2,train,1.2403312799783373,1.1530015468597412,0.644961006386388,0.6285808696019963,0.6098323310163363,0.6285808696019963,0.6111111111111112,0.05019114858574338,0.29018600640551856,0.30916722899218035,0.27656262610380966,0.6093848636814517,[0.001],5.535527261098226,900,541,61,0.39888888888888885,0.13564625850340137,True,0,False,True,f1573894a03b934a1f4e038049a9415c273f47375d1da8c440ad1e180880fb37
6,B,p6_B_AUG0,p6_B_AUG0_s17,17,NOT APPLICABLE,joint,2,dev,NOT APPLICABLE,1.6796069145202637,0.46787632737632745,0.4248792270531401,0.4130613161976181,0.4248792270531401,0.43555555555555553,0.07171784241994222,0.12961309523809522,0.15446428571428572,0.13564625850340137,0.41145703812275186,[0.001],5.535527261098226,900,541,61,0.39888888888888885,0.13564625850340137,True,0,False,True,f1573894a03b934a1f4e038049a9415c273f47375d1da8c440ad1e180880fb37
6,B,p6_B_AUG0,p6_B_AUG0_s17,17,NOT APPLICABLE,joint,3,train,1.0374087972218533,0.9267054796218872,0.7132055484081341,0.7135938755657066,0.700914627577018,0.7135938755657066,0.7111111111111111,0.09218340178330739,0.35297805205052835,0.3561422485081835,0.33936842319545557,0.7005057904042842,[0.001],5.23127490679423,900,562,61,0.37555555555555553,0.1520918367346939,True,0,False,True,f1573894a03b934a1f4e038049a9415c273f47375d1da8c440ad1e180880fb37
6,B,p6_B_AUG0,p6_B_AUG0_s17,17,NOT APPLICABLE,joint,3,dev,NOT APPLICABLE,1.6030596494674683,0.47046978802424616,0.45343994669332,0.4377343562945672,0.45343994669332,0.4888888888888889,0.1069653828938802,0.14482142857142857,0.1738095238095238,0.1520918367346939,0.4363848286292501,[0.001],5.23127490679423,900,562,61,0.37555555555555553,0.1520918367346939,True,0,False,True,f1573894a03b934a1f4e038049a9415c273f47375d1da8c440ad1e180880fb37
6,B,p6_B_AUG0,p6_B_AUG0_s17,17,NOT APPLICABLE,joint,4,train,0.8396535389315493,0.8684737682342529,0.7475957107136446,0.7765570147612401,0.7422938292374492,0.7765570147612401,0.7422222222222222,0.10362199198868538,0.39922938789675966,0.39396575106841847,0.3778992795623512,0.7417816427309144,[0.001],5.3170617580413815,900,546,61,0.3933333333333333,0.1520918367346939,False,1,False,False,f1573894a03b934a1f4e038049a9415c273f47375d1da8c440ad1e180880fb37
6,B,p6_B_AUG0,p6_B_AUG0_s17,17,NOT APPLICABLE,joint,4,dev,NOT APPLICABLE,1.6919082403182983,0.44127873937656553,0.4480009995002499,0.42266186036102227,0.4480009995002499,0.4488888888888889,0.12093036452929179,0.13282738095238095,0.15714285714285717,0.13887755102040816,0.4211467088458707,[0.001],5.3170617580413815,900,546,61,0.3933333333333333,0.1520918367346939,False,1,False,False,f1573894a03b934a1f4e038049a9415c273f47375d1da8c440ad1e180880fb37
6,B,p6_B_AUG0,p6_B_AUG0_s17,17,NOT APPLICABLE,joint,5,train,0.78301019341161,0.8501184582710266,0.7657964266213814,0.7995030241509115,0.7674154680943623,0.7995030241509115,0.7522222222222222,0.10625990321238836,0.43032386645025456,0.4140867502877783,0.40048917225831904,0.7669143046792917,[0.001],5.8877054214477536,900,536,61,0.4044444444444445,0.1520918367346939,False,2,False,False,f1573894a03b934a1f4e038049a9415c273f47375d1da8c440ad1e180880fb37
6,B,p6_B_AUG0,p6_B_AUG0_s17,17,NOT APPLICABLE,joint,5,dev,NOT APPLICABLE,1.8785978555679321,0.4568175476484301,0.4468682325503915,0.43019792946502794,0.4468682325503915,0.43555555555555553,0.11705181572172377,0.1324404761904762,0.15148809523809526,0.13578231292517007,0.4285936513901617,[0.001],5.8877054214477536,900,536,61,0.4044444444444445,0.1520918367346939,False,2,False,False,f1573894a03b934a1f4e038049a9415c273f47375d1da8c440ad1e180880fb37
6,B,p6_B_AUG0,p6_B_AUG0_s17,17,NOT APPLICABLE,joint,6,train,0.6824823030675503,0.7146416306495667,0.7899674027828627,0.8248297593368015,0.7928460386019143,0.8248297593368015,0.7844444444444445,0.11760496040185293,0.44536361567311256,0.43353444739940983,0.4175440957560431,0.7922682194034054,[0.001],4.919815603892008,900,564,61,0.3733333333333333,0.1520918367346939,False,3,False,False,f1573894a03b934a1f4e038049a9415c273f47375d1da8c440ad1e180880fb37
6,B,p6_B_AUG0,p6_B_AUG0_s17,17,NOT APPLICABLE,joint,6,dev,NOT APPLICABLE,1.7744306325912476,0.4399917883788852,0.4297434616025321,0.414648119471645,0.4297434616025321,0.4444444444444444,0.12251710918214587,0.13767857142857143,0.15535714285714286,0.14143707482993198,0.41323682914906434,[0.001],4.919815603892008,900,564,61,0.3733333333333333,0.1520918367346939,False,3,False,False,f1573894a03b934a1f4e038049a9415c273f47375d1da8c440ad1e180880fb37
6,B,p6_B_AUG0,p6_B_AUG0_s17,17,NOT APPLICABLE,joint,7,train,0.6115629107809379,0.595247745513916,0.8327232571244888,0.8579452692128748,0.8389008775457901,0.8579452692128748,0.8377777777777777,0.1325988094508648,0.4658741768728826,0.4560724539885418,0.44729175291080703,0.8384027150304776,[0.001],4.960814301172892,900,538,61,0.40222222222222226,0.1520918367346939,False,4,False,False,f1573894a03b934a1f4e038049a9415c273f47375d1da8c440ad1e180880fb37
6,B,p6_B_AUG0,p6_B_AUG0_s17,17,NOT APPLICABLE,joint,7,dev,NOT APPLICABLE,1.7137622833251953,0.4343388300296195,0.4469265367316342,0.4282152811328223,0.4469265367316342,0.4622222222222222,0.13498989608552722,0.13922619047619048,0.16309523809523813,0.1450765306122449,0.4267928060261368,[0.001],4.960814301172892,900,538,61,0.40222222222222226,0.1520918367346939,False,4,False,False,f1573894a03b934a1f4e038049a9415c273f47375d1da8c440ad1e180880fb37
6,B,p6_B_AUG0,p6_B_AUG0_s17,17,NOT APPLICABLE,joint,8,train,0.5366218274919083,0.5584942102432251,0.8376874786112065,0.8750031721862708,0.8475146796036487,0.8750031721862708,0.8433333333333334,0.12035644269651836,0.4790486274296706,0.46453412985088455,0.45712527863233143,0.8456323266624721,[0.001],3.8598692735036213,900,540,61,0.4,0.1520918367346939,False,5,False,False,f1573894a03b934a1f4e038049a9415c273f47375d1da8c440ad1e180880fb37
6,B,p6_B_AUG0,p6_B_AUG0_s17,17,NOT APPLICABLE,joint,8,dev,NOT APPLICABLE,1.7697182893753052,0.43236399129544295,0.44047143095119096,0.4259359411220861,0.44047143095119096,0.4622222222222222,0.15039770311779446,0.14333333333333334,0.16309523809523813,0.14703231292517005,0.42442078960693463,[0.001],3.8598692735036213,900,540,61,0.4,0.1520918367346939,False,5,False,False,f1573894a03b934a1f4e038049a9415c273f47375d1da8c440ad1e180880fb37
6,B,p6_B_AUG0,p6_B_AUG0_s17,17,NOT APPLICABLE,joint,9,train,0.4710315075525755,0.4468396008014679,0.8908531418672071,0.9079124899547434,0.8962302007410863,0.9079124899547434,0.8933333333333333,0.15280859488579962,0.511198651813406,0.49733226160706023,0.4923917759621713,0.894323989894478,[0.001],3.6473014831542967,900,556,61,0.38222222222222224,0.1520918367346939,False,6,False,False,f1573894a03b934a1f4e038049a9415c273f47375d1da8c440ad1e180880fb37
6,B,p6_B_AUG0,p6_B_AUG0_s17,17,NOT APPLICABLE,joint,9,dev,NOT APPLICABLE,1.730168104171753,0.4449989936963621,0.4227303015159086,0.42142723504051177,0.4227303015159086,0.4622222222222222,0.15068061510721842,0.1418452380952381,0.16696428571428573,0.14798469387755103,0.42001594471793113,[0.001],3.6473014831542967,900,556,61,0.38222222222222224,0.1520918367346939,False,6,False,False,f1573894a03b934a1f4e038049a9415c273f47375d1da8c440ad1e180880fb37
6,B,p6_B_AUG0,p6_B_AUG0_s17,17,NOT APPLICABLE,joint,10,train,0.4119733239355911,0.42015978693962097,0.9007900045209258,0.926341834792539,0.9101952357112337,0.926341834792539,0.9044444444444445,0.15224482236637013,0.5173750975800155,0.5097527090858571,0.5045702272538674,0.9096135281758837,[0.001],3.9228047053019206,900,542,61,0.3977777777777778,0.1520918367346939,False,7,True,True,f1573894a03b934a1f4e038049a9415c273f47375d1da8c440ad1e180880fb37
6,B,p6_B_AUG0,p6_B_AUG0_s17,17,NOT APPLICABLE,joint,10,dev,NOT APPLICABLE,1.800847053527832,0.44912942152745633,0.4318090954522738,0.429605982140687,0.4318090954522738,0.4622222222222222,0.15694992767439947,0.14407738095238096,0.16666666666666663,0.148937074829932,0.42817995718525037,[0.001],3.9228047053019206,900,542,61,0.3977777777777778,0.1520918367346939,False,7,True,True,f1573894a03b934a1f4e038049a9415c273f47375d1da8c440ad1e180880fb37
6,B,p6_B_AUG0,p6_B_AUG0_s29,29,NOT APPLICABLE,joint,1,train,1.8329047747825582,1.5014605522155762,0.5405222013013286,0.5374064205050121,0.47457321726192986,0.5374064205050121,0.48444444444444446,0.043626066727770696,0.1942783218602891,0.21923748660342154,0.1814219192987753,0.47427296999947827,[0.001],6.740465354919434,900,557,61,0.38111111111111107,0.0963265306122449,True,0,False,True,314f79835d4d86db8b63f61a7b5cd4b3763ffd57cc2f1b4a156ef05f72b75df7
6,B,p6_B_AUG0,p6_B_AUG0_s29,29,NOT APPLICABLE,joint,1,dev,NOT APPLICABLE,1.8895025253295898,0.33795232481731335,0.35325670498084294,0.31856376418836646,0.35325670498084294,0.3377777777777778,0.08471805055936177,0.09208333333333332,0.11160714285714286,0.0963265306122449,0.31704861267321494,[0.001],6.740465354919434,900,557,61,0.38111111111111107,0.0963265306122449,True,0,False,True,314f79835d4d86db8b63f61a7b5cd4b3763ffd57cc2f1b4a156ef05f72b75df7
6,B,p6_B_AUG0,p6_B_AUG0_s29,29,NOT APPLICABLE,joint,2,train,1.2586790254215399,1.139906406402588,0.6170540799070001,0.6408519434927886,0.6033261882038617,0.6408519434927886,0.6055555555555555,0.05620288628670904,0.27728961384699086,0.29484099419150817,0.26369814302273314,0.6029180249385556,[0.001],5.912199783325195,900,551,61,0.3877777777777778,0.13349489795918368,True,0,False,True,314f79835d4d86db8b63f61a7b5cd4b3763ffd57cc2f1b4a156ef05f72b75df7
6,B,p6_B_AUG0,p6_B_AUG0_s29,29,NOT APPLICABLE,joint,2,dev,NOT APPLICABLE,1.6976836919784546,0.4463828788170893,0.4316425120772947,0.41845714727790817,0.4316425120772947,0.44,0.0945991904205746,0.1269047619047619,0.1526785714285714,0.13349489795918368,0.4169445422358914,[0.001],5.912199783325195,900,551,61,0.3877777777777778,0.13349489795918368,True,0,False,True,314f79835d4d86db8b63f61a7b5cd4b3763ffd57cc2f1b4a156ef05f72b75df7
6,B,p6_B_AUG0,p6_B_AUG0_s29,29,NOT APPLICABLE,joint,3,train,1.0074748903560815,0.9325019717216492,0.6982403701151203,0.7251089117286301,0.7015121041970789,0.7251089117286301,0.7,0.08584689805905026,0.35658009567845633,0.3628728939857031,0.34175529969357477,0.701059615509296,[0.001],5.392947642008464,900,544,61,0.39555555555555555,0.13575680272108842,True,0,False,True,314f79835d4d86db8b63f61a7b5cd4b3763ffd57cc2f1b4a156ef05f72b75df7
6,B,p6_B_AUG0,p6_B_AUG0_s29,29,NOT APPLICABLE,joint,3,dev,NOT APPLICABLE,1.6836369037628174,0.42587470862470866,0.43813093453273366,0.4138367943241219,0.43813093453273366,0.4488888888888889,0.09970760299099815,0.12949404761904762,0.15595238095238098,0.13575680272108842,0.4123241892821052,[0.001],5.392947642008464,900,544,61,0.39555555555555555,0.13575680272108842,True,0,False,True,314f79835d4d86db8b63f61a7b5cd4b3763ffd57cc2f1b4a156ef05f72b75df7
6,B,p6_B_AUG0,p6_B_AUG0_s29,29,NOT APPLICABLE,joint,4,train,0.8495707126461073,0.9010646343231201,0.7330403171822885,0.7628489404897856,0.7274477513416924,0.7628489404897856,0.7211111111111111,0.09672308249606028,0.3793425024982402,0.37880032813347625,0.3584880529604143,0.726924875524699,[0.001],5.236758057276408,900,556,61,0.38222222222222224,0.13837585034013605,True,0,False,True,314f79835d4d86db8b63f61a7b5cd4b3763ffd57cc2f1b4a156ef05f72b75df7
6,B,p6_B_AUG0,p6_B_AUG0_s29,29,NOT APPLICABLE,joint,4,dev,NOT APPLICABLE,1.7778716087341309,0.44897133461535077,0.44790104947526244,0.4222373461562102,0.44790104947526244,0.4444444444444444,0.148000505566597,0.13410714285714287,0.15684523809523812,0.13837585034013605,0.42072474111419345,[0.001],5.236758057276408,900,556,61,0.38222222222222224,0.13837585034013605,True,0,False,True,314f79835d4d86db8b63f61a7b5cd4b3763ffd57cc2f1b4a156ef05f72b75df7
6,B,p6_B_AUG0,p6_B_AUG0_s29,29,NOT APPLICABLE,joint,5,train,0.6720930497494475,0.7486185431480408,0.78268439781262,0.8130249968278138,0.7903913225379233,0.8130249968278138,0.7811111111111111,0.12349918107191722,0.416878807099094,0.42450443184674924,0.4042135867485698,0.789858080945079,[0.001],4.48190221786499,900,546,61,0.3933333333333333,0.13837585034013605,False,1,False,False,314f79835d4d86db8b63f61a7b5cd4b3763ffd57cc2f1b4a156ef05f72b75df7
6,B,p6_B_AUG0,p6_B_AUG0_s29,29,NOT APPLICABLE,joint,5,dev,NOT APPLICABLE,1.779855728149414,0.42287511982009135,0.41884057971014493,0.4085679637637428,0.41884057971014493,0.43555555555555553,0.13262250006198884,0.1324107142857143,0.1529761904761905,0.13732993197278914,0.40698066217644124,[0.001],4.48190221786499,900,546,61,0.3933333333333333,0.13837585034013605,False,1,False,False,314f79835d4d86db8b63f61a7b5cd4b3763ffd57cc2f1b4a156ef05f72b75df7
6,B,p6_B_AUG0,p6_B_AUG0_s29,29,NOT APPLICABLE,joint,6,train,0.6166337525600102,0.6627629995346069,0.8077385250838747,0.8467918622848201,0.820028484065829,0.8467918622848201,0.8144444444444444,0.12390816248125498,0.4549390416603532,0.44551429629923656,0.43481228701327906,0.8194794644579858,[0.001],4.567806816101074,900,552,61,0.3866666666666667,0.14518707482993198,True,0,False,True,314f79835d4d86db8b63f61a7b5cd4b3763ffd57cc2f1b4a156ef05f72b75df7
6,B,p6_B_AUG0,p6_B_AUG0_s29,29,NOT APPLICABLE,joint,6,dev,NOT APPLICABLE,1.7446657419204712,0.42716513329013334,0.43985507246376815,0.41961114782584996,0.43985507246376815,0.4533333333333333,0.13429149283303154,0.1418452380952381,0.15952380952380954,0.14518707482993198,0.4180985427838332,[0.001],4.567806816101074,900,552,61,0.3866666666666667,0.14518707482993198,True,0,False,True,314f79835d4d86db8b63f61a7b5cd4b3763ffd57cc2f1b4a156ef05f72b75df7
6,B,p6_B_AUG0,p6_B_AUG0_s29,29,NOT APPLICABLE,joint,7,train,0.5506306466683034,0.5967938899993896,0.8385468597422573,0.8790371357272765,0.8516169767186635,0.8790371357272765,0.8444444444444444,0.14432914682560496,0.482039614129778,0.4712949364241391,0.46230869262202806,0.8510837351258195,[0.001],4.783201471964518,900,545,61,0.3944444444444445,0.14560374149659863,True,0,False,True,314f79835d4d86db8b63f61a7b5cd4b3763ffd57cc2f1b4a156ef05f72b75df7
6,B,p6_B_AUG0,p6_B_AUG0_s29,29,NOT APPLICABLE,joint,7,dev,NOT APPLICABLE,1.778897762298584,0.4405865066791841,0.4521739130434783,0.4330398654145836,0.4521739130434783,0.4622222222222222,0.12403543869654339,0.1405059523809524,0.1636904761904762,0.14560374149659863,0.4315383639130821,[0.001],4.783201471964518,900,545,61,0.3944444444444445,0.14560374149659863,True,0,False,True,314f79835d4d86db8b63f61a7b5cd4b3763ffd57cc2f1b4a156ef05f72b75df7
6,B,p6_B_AUG0,p6_B_AUG0_s29,29,NOT APPLICABLE,joint,8,train,0.4813878904135911,0.5212331414222717,0.8681509611714423,0.8932310831958719,0.877721000199182,0.8932310831958719,0.8733333333333333,0.14846503794193266,0.485833958825762,0.48427076304264416,0.474762860848781,0.8757410947618297,[0.001],3.1425734043121336,900,537,61,0.4033333333333333,0.14560374149659863,False,1,False,False,314f79835d4d86db8b63f61a7b5cd4b3763ffd57cc2f1b4a156ef05f72b75df7
6,B,p6_B_AUG0,p6_B_AUG0_s29,29,NOT APPLICABLE,joint,8,dev,NOT APPLICABLE,1.7802865505218506,0.42685179199885076,0.4249125437281359,0.40888407888407885,0.4249125437281359,0.4444444444444444,0.1520483022265964,0.1387202380952381,0.16071428571428573,0.14304421768707481,0.40740624637176365,[0.001],3.1425734043121336,900,537,61,0.4033333333333333,0.14560374149659863,False,1,False,False,314f79835d4d86db8b63f61a7b5cd4b3763ffd57cc2f1b4a156ef05f72b75df7
6,B,p6_B_AUG0,p6_B_AUG0_s29,29,NOT APPLICABLE,joint,9,train,0.39978178747795434,0.44771113991737366,0.9003182740065101,0.9141045975553018,0.9042957627069533,0.9141045975553018,0.8977777777777778,0.13630471125245097,0.5045028150356019,0.4950263962211726,0.4902878105638225,0.9036872071315104,[0.001],3.275499153137207,900,559,61,0.37888888888888894,0.14560374149659863,False,2,False,False,314f79835d4d86db8b63f61a7b5cd4b3763ffd57cc2f1b4a156ef05f72b75df7
6,B,p6_B_AUG0,p6_B_AUG0_s29,29,NOT APPLICABLE,joint,9,dev,NOT APPLICABLE,1.7955735921859741,0.45596605149236724,0.4472680326503416,0.43112611301562237,0.4472680326503416,0.47555555555555556,0.1625475888119804,0.1387202380952381,0.1650297619047619,0.1453656462585034,0.4294594463489558,[0.001],3.275499153137207,900,559,61,0.37888888888888894,0.14560374149659863,False,2,False,False,314f79835d4d86db8b63f61a7b5cd4b3763ffd57cc2f1b4a156ef05f72b75df7
6,B,p6_B_AUG0,p6_B_AUG0_s29,29,NOT APPLICABLE,joint,10,train,0.39723574484329827,0.46469253301620483,0.8913094369138971,0.9112115636763523,0.8975425574209954,0.9112115636763523,0.8888888888888888,0.13671543780300352,0.5012986705893965,0.5022366722839076,0.49046028414942044,0.8968989976159021,[0.001],3.1723485628763837,900,532,61,0.40888888888888886,0.14661564625850337,True,0,True,True,314f79835d4d86db8b63f61a7b5cd4b3763ffd57cc2f1b4a156ef05f72b75df7
6,B,p6_B_AUG0,p6_B_AUG0_s29,29,NOT APPLICABLE,joint,10,dev,NOT APPLICABLE,1.9521350860595703,0.46932084317427936,0.4290521405963685,0.42696826915047864,0.4290521405963685,0.4488888888888889,0.16400591240988838,0.14258928571428572,0.16339285714285715,0.14661564625850337,0.4252441312194441,[0.001],3.1723485628763837,900,532,61,0.40888888888888886,0.14661564625850337,True,0,True,True,314f79835d4d86db8b63f61a7b5cd4b3763ffd57cc2f1b4a156ef05f72b75df7
6,B,p6_B_AUG0,p6_B_AUG0_s43,43,NOT APPLICABLE,joint,1,train,1.8660079207188554,1.5455312728881836,0.603818625477248,0.5128441822103793,0.4745288695493307,0.5128441822103793,0.43222222222222223,0.04944436389538978,0.18227385116082268,0.2133427665693573,0.17120232708881378,0.47424128784998426,[0.001],6.175447146097819,900,538,61,0.40222222222222226,0.07512755102040816,True,0,False,True,f16e606e1499648df1c3649b87e9e101a10fb2763eb8c4a96f5539c96fa72f1d
6,B,p6_B_AUG0,p6_B_AUG0_s43,43,NOT APPLICABLE,joint,1,dev,NOT APPLICABLE,1.9903156757354736,0.4435602132289972,0.34406130268199236,0.29538639253258847,0.34406130268199236,0.28444444444444444,0.11984583901034462,0.06869047619047619,0.09732142857142857,0.07512755102040816,0.29396036757715177,[0.001],6.175447146097819,900,538,61,0.40222222222222226,0.07512755102040816,True,0,False,True,f16e606e1499648df1c3649b87e9e101a10fb2763eb8c4a96f5539c96fa72f1d
6,B,p6_B_AUG0,p6_B_AUG0_s43,43,NOT APPLICABLE,joint,2,train,1.2250131124832357,1.2466518878936768,0.6126243557674762,0.6067995812714122,0.5721253651325556,0.6067995812714122,0.5711111111111111,0.034262630624903576,0.2697662537826472,0.2716769869937416,0.2482487119859192,0.5717862138379903,[0.001],5.740379746754964,900,552,61,0.3866666666666667,0.10584183673469387,True,0,False,True,f16e606e1499648df1c3649b87e9e101a10fb2763eb8c4a96f5539c96fa72f1d
6,B,p6_B_AUG0,p6_B_AUG0_s43,43,NOT APPLICABLE,joint,2,dev,NOT APPLICABLE,1.8479565382003784,0.3721220981747297,0.39359486923205067,0.3428444813184601,0.39359486923205067,0.37777777777777777,0.1297766657008065,0.10068452380952382,0.12514880952380952,0.10584183673469387,0.3414342249082037,[0.001],5.740379746754964,900,552,61,0.3866666666666667,0.10584183673469387,True,0,False,True,f16e606e1499648df1c3649b87e9e101a10fb2763eb8c4a96f5539c96fa72f1d
6,B,p6_B_AUG0,p6_B_AUG0_s43,43,NOT APPLICABLE,joint,3,train,1.0045438939726188,0.9769380688667297,0.6810715465057421,0.7144122996235671,0.6847363615739699,0.7144122996235671,0.69,0.08282351834906472,0.34628570501521316,0.3534002500694637,0.33350203785285754,0.6843403680962155,[0.001],5.1346998850504555,900,553,60,0.38555555555555554,0.13602891156462585,True,0,False,True,f16e606e1499648df1c3649b87e9e101a10fb2763eb8c4a96f5539c96fa72f1d
6,B,p6_B_AUG0,p6_B_AUG0_s43,43,NOT APPLICABLE,joint,3,dev,NOT APPLICABLE,1.6948139667510986,0.4206912156912157,0.4596285190737964,0.42846925640658073,0.4596285190737964,0.4622222222222222,0.11480558037757874,0.13005952380952382,0.15610119047619048,0.13602891156462585,0.4268838905529222,[0.001],5.1346998850504555,900,553,60,0.38555555555555554,0.13602891156462585,True,0,False,True,f16e606e1499648df1c3649b87e9e101a10fb2763eb8c4a96f5539c96fa72f1d
6,B,p6_B_AUG0,p6_B_AUG0_s43,43,NOT APPLICABLE,joint,4,train,0.8388025081527626,0.8249973058700562,0.7392466866180541,0.7471704098464661,0.7324049488515978,0.7471704098464661,0.7388888888888889,0.08790718409750198,0.37111820512854493,0.38182679712618584,0.36038597053289356,0.7319151529332305,[0.001],4.774994659423828,900,543,61,0.3966666666666666,0.13688775510204082,True,0,False,True,f16e606e1499648df1c3649b87e9e101a10fb2763eb8c4a96f5539c96fa72f1d
6,B,p6_B_AUG0,p6_B_AUG0_s43,43,NOT APPLICABLE,joint,4,dev,NOT APPLICABLE,1.6933315992355347,0.4030829283560081,0.4220806263534899,0.39758658293299776,0.4220806263534899,0.4444444444444444,0.12028162817160289,0.13241071428571427,0.15595238095238098,0.13688775510204082,0.3959823048581314,[0.001],4.774994659423828,900,543,61,0.3966666666666666,0.13688775510204082,True,0,False,True,f16e606e1499648df1c3649b87e9e101a10fb2763eb8c4a96f5539c96fa72f1d
6,B,p6_B_AUG0,p6_B_AUG0_s43,43,NOT APPLICABLE,joint,5,train,0.8153277131655745,0.7918056845664978,0.7650491691314929,0.7636060356130778,0.7478187064409214,0.7636060356130778,0.7444444444444445,0.08281059789988728,0.39241735137865214,0.3967278669279225,0.37565291450613486,0.7473406334428521,[0.001],4.468340158462524,900,548,61,0.3911111111111111,0.13688775510204082,False,1,False,False,f16e606e1499648df1c3649b87e9e101a10fb2763eb8c4a96f5539c96fa72f1d
6,B,p6_B_AUG0,p6_B_AUG0_s43,43,NOT APPLICABLE,joint,5,dev,NOT APPLICABLE,1.8470076322555542,0.4346632940702708,0.414184574379477,0.387524128673979,0.414184574379477,0.4266666666666667,0.17007129119502173,0.12672619047619046,0.14970238095238092,0.13119897959183674,0.38600897715882754,[0.001],4.468340158462524,900,548,61,0.3911111111111111,0.13688775510204082,False,1,False,False,f16e606e1499648df1c3649b87e9e101a10fb2763eb8c4a96f5539c96fa72f1d
6,B,p6_B_AUG0,p6_B_AUG0_s43,43,NOT APPLICABLE,joint,6,train,0.690095675984695,0.6402754187583923,0.8157048778876372,0.8124333840883136,0.8097361833684775,0.8124333840883136,0.8111111111111111,0.12102782415019142,0.42337719298245613,0.4288085976263248,0.41565904825692535,0.809208171913314,[0.001],4.3855887730916345,900,548,61,0.3911111111111111,0.13688775510204082,False,2,False,False,f16e606e1499648df1c3649b87e9e101a10fb2763eb8c4a96f5539c96fa72f1d
6,B,p6_B_AUG0,p6_B_AUG0_s43,43,NOT APPLICABLE,joint,6,dev,NOT APPLICABLE,1.7027733325958252,0.388898869448405,0.39098783941362647,0.38159575924309663,0.39098783941362647,0.4266666666666667,0.17448966251479256,0.12392857142857143,0.14702380952380953,0.12852040816326532,0.37991508697418896,[0.001],4.3855887730916345,900,548,61,0.3911111111111111,0.13688775510204082,False,2,False,False,f16e606e1499648df1c3649b87e9e101a10fb2763eb8c4a96f5539c96fa72f1d
6,C,p6_C_cached_crt_noreset,p6_C_cached_crt_noreset_s17,17,NOT APPLICABLE,joint,1,train,1.8632883082495795,1.421461820602417,0.5862102510803139,0.4999857251617815,0.47915288179522175,0.4999857251617815,0.4955555555555556,0.05952072333958415,0.2104134435691813,0.22885738763413116,0.1977337541377231,0.4788626060332478,[0.001],6.3451155662536625,900,554,61,0.3844444444444445,0.11357993197278911,True,0,False,True,775d707a7aa69ca0b22c1c6ea759815e45ea719c59deb47c44ebbf5b31913bc9
6,C,p6_C_cached_crt_noreset,p6_C_cached_crt_noreset_s17,17,NOT APPLICABLE,joint,1,dev,NOT APPLICABLE,1.835974097251892,0.5088291275120543,0.3637014825920373,0.3340993261848544,0.3637014825920373,0.39111111111111113,0.08506736490461561,0.1069642857142857,0.13392857142857142,0.11357993197278911,0.3327547883697283,[0.001],6.3451155662536625,900,554,61,0.3844444444444445,0.11357993197278911,True,0,False,True,775d707a7aa69ca0b22c1c6ea759815e45ea719c59deb47c44ebbf5b31913bc9
6,C,p6_C_cached_crt_noreset,p6_C_cached_crt_noreset_s17,17,NOT APPLICABLE,joint,2,train,1.2403312746683757,1.1530015468597412,0.644961006386388,0.6285808696019963,0.6098323310163363,0.6285808696019963,0.6111111111111112,0.05019112961159813,0.29018600640551856,0.30916722899218035,0.27656262610380966,0.6093848636814517,[0.001],5.5355272928873696,900,541,61,0.39888888888888885,0.13564625850340137,True,0,False,True,775d707a7aa69ca0b22c1c6ea759815e45ea719c59deb47c44ebbf5b31913bc9
6,C,p6_C_cached_crt_noreset,p6_C_cached_crt_noreset_s17,17,NOT APPLICABLE,joint,2,dev,NOT APPLICABLE,1.6796069145202637,0.46787632737632745,0.4248792270531401,0.4130613161976181,0.4248792270531401,0.43555555555555553,0.07171782122717962,0.12961309523809522,0.15446428571428572,0.13564625850340137,0.41145703812275186,[0.001],5.5355272928873696,900,541,61,0.39888888888888885,0.13564625850340137,True,0,False,True,775d707a7aa69ca0b22c1c6ea759815e45ea719c59deb47c44ebbf5b31913bc9
6,C,p6_C_cached_crt_noreset,p6_C_cached_crt_noreset_s17,17,NOT APPLICABLE,joint,3,train,1.0374087924427455,0.9267054796218872,0.7132055484081341,0.7135938755657066,0.700914627577018,0.7135938755657066,0.7111111111111111,0.09218339598841137,0.35297805205052835,0.3561422485081835,0.33936842319545557,0.7005057904042842,[0.001],5.231274811426799,900,562,61,0.37555555555555553,0.1520918367346939,True,0,False,True,775d707a7aa69ca0b22c1c6ea759815e45ea719c59deb47c44ebbf5b31913bc9
6,C,p6_C_cached_crt_noreset,p6_C_cached_crt_noreset_s17,17,NOT APPLICABLE,joint,3,dev,NOT APPLICABLE,1.6030596494674683,0.47046978802424616,0.45343994669332,0.4377343562945672,0.45343994669332,0.4888888888888889,0.10696537805928125,0.14482142857142857,0.1738095238095238,0.1520918367346939,0.4363848286292501,[0.001],5.231274811426799,900,562,61,0.37555555555555553,0.1520918367346939,True,0,False,True,775d707a7aa69ca0b22c1c6ea759815e45ea719c59deb47c44ebbf5b31913bc9
6,C,p6_C_cached_crt_noreset,p6_C_cached_crt_noreset_s17,17,NOT APPLICABLE,joint,4,train,0.8396535290612115,0.8684737086296082,0.7475957107136446,0.7765570147612401,0.7422938292374492,0.7765570147612401,0.7422222222222222,0.1036219697859552,0.39922938789675966,0.39396575106841847,0.3778992795623512,0.7417816427309144,[0.001],5.317061901092529,900,546,61,0.3933333333333333,0.1520918367346939,False,1,False,False,775d707a7aa69ca0b22c1c6ea759815e45ea719c59deb47c44ebbf5b31913bc9
6,C,p6_C_cached_crt_noreset,p6_C_cached_crt_noreset_s17,17,NOT APPLICABLE,joint,4,dev,NOT APPLICABLE,1.6919082403182983,0.44127873937656553,0.4480009995002499,0.42266186036102227,0.4480009995002499,0.4488888888888889,0.12093036188019647,0.13282738095238095,0.15714285714285717,0.13887755102040816,0.4211467088458707,[0.001],5.317061901092529,900,546,61,0.3933333333333333,0.1520918367346939,False,1,False,False,775d707a7aa69ca0b22c1c6ea759815e45ea719c59deb47c44ebbf5b31913bc9
6,C,p6_C_cached_crt_noreset,p6_C_cached_crt_noreset_s17,17,NOT APPLICABLE,joint,5,train,0.7830101863543193,0.8501184582710266,0.7657964266213814,0.7995030241509115,0.7674154680943623,0.7995030241509115,0.7522222222222222,0.10625989908973375,0.43032386645025456,0.4140867502877783,0.40048917225831904,0.7669143046792917,[0.001],5.887705405553182,900,536,61,0.4044444444444445,0.1520918367346939,False,2,False,False,775d707a7aa69ca0b22c1c6ea759815e45ea719c59deb47c44ebbf5b31913bc9
6,C,p6_C_cached_crt_noreset,p6_C_cached_crt_noreset_s17,17,NOT APPLICABLE,joint,5,dev,NOT APPLICABLE,1.8785979747772217,0.4568175476484301,0.4468682325503915,0.43019792946502794,0.4468682325503915,0.43555555555555553,0.11705183558993869,0.1324404761904762,0.15148809523809526,0.13578231292517007,0.4285936513901617,[0.001],5.887705405553182,900,536,61,0.4044444444444445,0.1520918367346939,False,2,False,False,775d707a7aa69ca0b22c1c6ea759815e45ea719c59deb47c44ebbf5b31913bc9
6,C,p6_C_cached_crt_noreset,p6_C_cached_crt_noreset_s17,17,NOT APPLICABLE,joint,6,train,0.6824823098712497,0.7146416306495667,0.7899674027828627,0.8248297593368015,0.7928460386019143,0.8248297593368015,0.7844444444444445,0.11760495806733767,0.44536361567311256,0.43353444739940983,0.4175440957560431,0.7922682194034054,[0.001],4.9198158264160154,900,564,61,0.3733333333333333,0.1520918367346939,False,3,False,False,775d707a7aa69ca0b22c1c6ea759815e45ea719c59deb47c44ebbf5b31913bc9
6,C,p6_C_cached_crt_noreset,p6_C_cached_crt_noreset_s17,17,NOT APPLICABLE,joint,6,dev,NOT APPLICABLE,1.7744306325912476,0.4399917883788852,0.4297434616025321,0.414648119471645,0.4297434616025321,0.4444444444444444,0.12251713865333136,0.13767857142857143,0.15535714285714286,0.14143707482993198,0.41323682914906434,[0.001],4.9198158264160154,900,564,61,0.3733333333333333,0.1520918367346939,False,3,False,False,775d707a7aa69ca0b22c1c6ea759815e45ea719c59deb47c44ebbf5b31913bc9
6,C,p6_C_cached_crt_noreset,p6_C_cached_crt_noreset_s17,17,NOT APPLICABLE,joint,7,train,0.6115629159079657,0.5952478051185608,0.8327232571244888,0.8579452692128748,0.8389008775457901,0.8579452692128748,0.8377777777777777,0.13259882253077296,0.4658741768728826,0.4560724539885418,0.44729175291080703,0.8384027150304776,[0.001],4.960814189910889,900,538,61,0.40222222222222226,0.1520918367346939,False,4,False,False,775d707a7aa69ca0b22c1c6ea759815e45ea719c59deb47c44ebbf5b31913bc9
6,C,p6_C_cached_crt_noreset,p6_C_cached_crt_noreset_s17,17,NOT APPLICABLE,joint,7,dev,NOT APPLICABLE,1.7137622833251953,0.4343388300296195,0.4469265367316342,0.4282152811328223,0.4469265367316342,0.4622222222222222,0.13498990376790365,0.13922619047619048,0.16309523809523813,0.1450765306122449,0.4267928060261368,[0.001],4.960814189910889,900,538,61,0.40222222222222226,0.1520918367346939,False,4,False,False,775d707a7aa69ca0b22c1c6ea759815e45ea719c59deb47c44ebbf5b31913bc9
6,C,p6_C_cached_crt_noreset,p6_C_cached_crt_noreset_s17,17,NOT APPLICABLE,joint,8,train,0.5366218231783972,0.5584942102432251,0.8376874786112065,0.8750031721862708,0.8475146796036487,0.8750031721862708,0.8433333333333334,0.12035645589232445,0.4790486274296706,0.46453412985088455,0.45712527863233143,0.8456323266624721,[0.001],3.859869368871053,900,540,61,0.4,0.1520918367346939,False,5,False,False,775d707a7aa69ca0b22c1c6ea759815e45ea719c59deb47c44ebbf5b31913bc9
6,C,p6_C_cached_crt_noreset,p6_C_cached_crt_noreset_s17,17,NOT APPLICABLE,joint,8,dev,NOT APPLICABLE,1.7697182893753052,0.43236399129544295,0.44047143095119096,0.4259359411220861,0.44047143095119096,0.4622222222222222,0.15039769583278234,0.14333333333333334,0.16309523809523813,0.14703231292517005,0.42442078960693463,[0.001],3.859869368871053,900,540,61,0.4,0.1520918367346939,False,5,False,False,775d707a7aa69ca0b22c1c6ea759815e45ea719c59deb47c44ebbf5b31913bc9
6,C,p6_C_cached_crt_noreset,p6_C_cached_crt_noreset_s17,17,NOT APPLICABLE,joint,9,train,0.47103150063090854,0.4468396008014679,0.8908531418672071,0.9079124899547434,0.8962302007410863,0.9079124899547434,0.8933333333333333,0.15280859612756306,0.511198651813406,0.49733226160706023,0.4923917759621713,0.894323989894478,[0.001],3.647301435470581,900,556,61,0.38222222222222224,0.1520918367346939,False,6,False,False,775d707a7aa69ca0b22c1c6ea759815e45ea719c59deb47c44ebbf5b31913bc9
6,C,p6_C_cached_crt_noreset,p6_C_cached_crt_noreset_s17,17,NOT APPLICABLE,joint,9,dev,NOT APPLICABLE,1.7301678657531738,0.4449989936963621,0.4227303015159086,0.42142723504051177,0.4227303015159086,0.4622222222222222,0.15068063206142848,0.1418452380952381,0.16696428571428573,0.14798469387755103,0.42001594471793113,[0.001],3.647301435470581,900,556,61,0.38222222222222224,0.1520918367346939,False,6,False,False,775d707a7aa69ca0b22c1c6ea759815e45ea719c59deb47c44ebbf5b31913bc9
6,C,p6_C_cached_crt_noreset,p6_C_cached_crt_noreset_s17,17,NOT APPLICABLE,joint,10,train,0.41197331375545926,0.42015978693962097,0.9007900045209258,0.926341834792539,0.9101952357112337,0.926341834792539,0.9044444444444445,0.1522448267373774,0.5173750975800155,0.5097527090858571,0.5045702272538674,0.9096135281758837,[0.001],3.922804323832194,900,542,61,0.3977777777777778,0.1520918367346939,False,7,True,True,775d707a7aa69ca0b22c1c6ea759815e45ea719c59deb47c44ebbf5b31913bc9
6,C,p6_C_cached_crt_noreset,p6_C_cached_crt_noreset_s17,17,NOT APPLICABLE,joint,10,dev,NOT APPLICABLE,1.800847053527832,0.44912942152745633,0.4318090954522738,0.429605982140687,0.4318090954522738,0.4622222222222222,0.1569499169455634,0.14407738095238096,0.16666666666666663,0.148937074829932,0.42817995718525037,[0.001],3.922804323832194,900,542,61,0.3977777777777778,0.1520918367346939,False,7,True,True,775d707a7aa69ca0b22c1c6ea759815e45ea719c59deb47c44ebbf5b31913bc9
6,C,p6_C_cached_crt_noreset,p6_C_cached_crt_noreset_s17,17,NOT APPLICABLE,decoupled,1,train,0.3489497137069702,0.38632628321647644,0.8992599560663143,0.9301325973861184,0.910885325468701,0.9301325973861184,0.9044444444444445,0.12549455556604597,0.5172293780900338,0.5078679262758173,0.5012478144372239,0.9102236292897634,[0.001],3.1266968568166096,900,542,61,0.3977777777777778,0.1509608843537415,NOT APPLICABLE: fixed-final cRT,NOT APPLICABLE: fixed-final cRT,False,False,53628c8a903a3e6bff61ead0faa478c50d8dd245784fdc1b49759c9e434548ab
6,C,p6_C_cached_crt_noreset,p6_C_cached_crt_noreset_s17,17,NOT APPLICABLE,decoupled,1,dev,NOT APPLICABLE,1.8082294464111328,0.4297018973933867,0.4330168249208729,0.4243564780922746,0.4330168249208729,0.4622222222222222,0.18083365268177456,0.14624999999999996,0.16607142857142856,0.1509608843537415,0.42284132657712314,[0.001],3.1266968568166096,900,542,61,0.3977777777777778,0.1509608843537415,NOT APPLICABLE: fixed-final cRT,NOT APPLICABLE: fixed-final cRT,False,False,53628c8a903a3e6bff61ead0faa478c50d8dd245784fdc1b49759c9e434548ab
6,C,p6_C_cached_crt_noreset,p6_C_cached_crt_noreset_s17,17,NOT APPLICABLE,decoupled,2,train,0.3636338577667872,0.35000699758529663,0.9199225296288139,0.9449022966628602,0.9297261892902983,0.9449022966628602,0.92,0.12527511056926516,0.5292869388192436,0.5224854126146152,0.5172492230723135,0.9291176337148552,[0.001],3.167957798639933,900,553,61,0.38555555555555554,0.1509608843537415,NOT APPLICABLE: fixed-final cRT,NOT APPLICABLE: fixed-final cRT,False,False,53628c8a903a3e6bff61ead0faa478c50d8dd245784fdc1b49759c9e434548ab
6,C,p6_C_cached_crt_noreset,p6_C_cached_crt_noreset_s17,17,NOT APPLICABLE,decoupled,2,dev,NOT APPLICABLE,1.9024674892425537,0.421775153012555,0.4023071797434616,0.39897891620717707,0.4023071797434616,0.43555555555555553,0.19810947749349805,0.13955357142857144,0.1541666666666667,0.14179421768707484,0.3972743707526316,[0.001],3.167957798639933,900,553,61,0.38555555555555554,0.1509608843537415,NOT APPLICABLE: fixed-final cRT,NOT APPLICABLE: fixed-final cRT,False,False,53628c8a903a3e6bff61ead0faa478c50d8dd245784fdc1b49759c9e434548ab
6,C,p6_C_cached_crt_noreset,p6_C_cached_crt_noreset_s17,17,NOT APPLICABLE,decoupled,3,train,0.2910931891534064,0.33879712224006653,0.9185653988441314,0.9523717379351181,0.932580381792601,0.9523717379351181,0.9233333333333333,0.11748791288998392,0.5325426435884322,0.5248078169861998,0.5209946482202363,0.9319368219875077,[0.001],2.4196839888890582,900,544,61,0.39555555555555555,0.1509608843537415,NOT APPLICABLE: fixed-final cRT,NOT APPLICABLE: fixed-final cRT,False,False,53628c8a903a3e6bff61ead0faa478c50d8dd245784fdc1b49759c9e434548ab
6,C,p6_C_cached_crt_noreset,p6_C_cached_crt_noreset_s17,17,NOT APPLICABLE,decoupled,3,dev,NOT APPLICABLE,1.885545015335083,0.4386164962251919,0.44209561885723814,0.42917567059261214,0.44209561885723814,0.4622222222222222,0.18033037304878238,0.14422619047619048,0.16220238095238096,0.14732993197278912,0.4274711251380666,[0.001],2.4196839888890582,900,544,61,0.39555555555555555,0.1509608843537415,NOT APPLICABLE: fixed-final cRT,NOT APPLICABLE: fixed-final cRT,False,False,53628c8a903a3e6bff61ead0faa478c50d8dd245784fdc1b49759c9e434548ab
6,C,p6_C_cached_crt_noreset,p6_C_cached_crt_noreset_s17,17,NOT APPLICABLE,decoupled,4,train,0.2384626739554935,0.2738056182861328,0.9425847776980263,0.962434970181449,0.9512526208448392,0.962434970181449,0.9433333333333334,0.11610282027059131,0.5411638043195419,0.5369662869315549,0.5336388929715206,0.9506440652693963,[0.001],2.6524935960769653,900,531,61,0.41000000000000003,0.1509608843537415,NOT APPLICABLE: fixed-final cRT,NOT APPLICABLE: fixed-final cRT,False,False,53628c8a903a3e6bff61ead0faa478c50d8dd245784fdc1b49759c9e434548ab
6,C,p6_C_cached_crt_noreset,p6_C_cached_crt_noreset_s17,17,NOT APPLICABLE,decoupled,4,dev,NOT APPLICABLE,1.9197430610656738,0.4430336257309942,0.4255622188905547,0.41913138502737324,0.4255622188905547,0.4622222222222222,0.19572196523348492,0.14193452380952382,0.16398809523809527,0.14691326530612245,0.41761877998535646,[0.001],2.6524935960769653,900,531,61,0.41000000000000003,0.1509608843537415,NOT APPLICABLE: fixed-final cRT,NOT APPLICABLE: fixed-final cRT,False,False,53628c8a903a3e6bff61ead0faa478c50d8dd245784fdc1b49759c9e434548ab
6,C,p6_C_cached_crt_noreset,p6_C_cached_crt_noreset_s17,17,NOT APPLICABLE,decoupled,5,train,0.22865577088461983,0.23696528375148773,0.9662785166118498,0.9759336801590323,0.9705724131284187,0.9759336801590323,0.9655555555555555,0.11945603834258184,0.552222591443903,0.549096971380939,0.5469151870774445,0.9685315968018882,[0.001],2.5231414000193277,900,556,61,0.38222222222222224,0.1509608843537415,NOT APPLICABLE: fixed-final cRT,NOT APPLICABLE: fixed-final cRT,True,True,53628c8a903a3e6bff61ead0faa478c50d8dd245784fdc1b49759c9e434548ab
6,C,p6_C_cached_crt_noreset,p6_C_cached_crt_noreset_s17,17,NOT APPLICABLE,decoupled,5,dev,NOT APPLICABLE,1.9141284227371216,0.44445851689673904,0.4185907046476762,0.41934718822438366,0.4185907046476762,0.4577777777777778,0.22130371742778354,0.14035714285714287,0.16398809523809524,0.14494897959183675,0.4177342849985772,[0.001],2.5231414000193277,900,556,61,0.38222222222222224,0.1509608843537415,NOT APPLICABLE: fixed-final cRT,NOT APPLICABLE: fixed-final cRT,True,True,53628c8a903a3e6bff61ead0faa478c50d8dd245784fdc1b49759c9e434548ab
6,C,p6_C_cached_crt_noreset,p6_C_cached_crt_noreset_s29,29,NOT APPLICABLE,joint,1,train,1.832904773288303,1.5014605522155762,0.5405222013013286,0.5374064205050121,0.47457321726192986,0.5374064205050121,0.48444444444444446,0.043626068366898425,0.1942783218602891,0.21923748660342154,0.1814219192987753,0.47427296999947827,[0.001],6.740465450286865,900,557,61,0.38111111111111107,0.0963265306122449,True,0,False,True,295dbcc07898c2df7ce22964d6c12dc9cae6f17d63500c305e96bdb126386a56
6,C,p6_C_cached_crt_noreset,p6_C_cached_crt_noreset_s29,29,NOT APPLICABLE,joint,1,dev,NOT APPLICABLE,1.8895026445388794,0.33795232481731335,0.35325670498084294,0.31856376418836646,0.35325670498084294,0.3377777777777778,0.08471804751290213,0.09208333333333332,0.11160714285714286,0.0963265306122449,0.31704861267321494,[0.001],6.740465450286865,900,557,61,0.38111111111111107,0.0963265306122449,True,0,False,True,295dbcc07898c2df7ce22964d6c12dc9cae6f17d63500c305e96bdb126386a56
6,C,p6_C_cached_crt_noreset,p6_C_cached_crt_noreset_s29,29,NOT APPLICABLE,joint,2,train,1.2586789888805814,1.139906406402588,0.6170540799070001,0.6408519434927886,0.6033261882038617,0.6408519434927886,0.6055555555555555,0.056202874630689625,0.27728961384699086,0.29484099419150817,0.26369814302273314,0.6029180249385556,[0.001],5.912199719746908,900,551,61,0.3877777777777778,0.13349489795918368,True,0,False,True,295dbcc07898c2df7ce22964d6c12dc9cae6f17d63500c305e96bdb126386a56
6,C,p6_C_cached_crt_noreset,p6_C_cached_crt_noreset_s29,29,NOT APPLICABLE,joint,2,dev,NOT APPLICABLE,1.6976836919784546,0.4463828788170893,0.4316425120772947,0.41845714727790817,0.4316425120772947,0.44,0.0945991845925649,0.1269047619047619,0.1526785714285714,0.13349489795918368,0.4169445422358914,[0.001],5.912199719746908,900,551,61,0.3877777777777778,0.13349489795918368,True,0,False,True,295dbcc07898c2df7ce22964d6c12dc9cae6f17d63500c305e96bdb126386a56
6,C,p6_C_cached_crt_noreset,p6_C_cached_crt_noreset_s29,29,NOT APPLICABLE,joint,3,train,1.0074749035305448,0.9325019121170044,0.6982403701151203,0.7251089117286301,0.7015121041970789,0.7251089117286301,0.7,0.08584690618846152,0.35658009567845633,0.3628728939857031,0.34175529969357477,0.701059615509296,[0.001],5.392947769165039,900,544,61,0.39555555555555555,0.13575680272108842,True,0,False,True,295dbcc07898c2df7ce22964d6c12dc9cae6f17d63500c305e96bdb126386a56
6,C,p6_C_cached_crt_noreset,p6_C_cached_crt_noreset_s29,29,NOT APPLICABLE,joint,3,dev,NOT APPLICABLE,1.6836369037628174,0.42587470862470866,0.43813093453273366,0.4138367943241219,0.43813093453273366,0.4488888888888889,0.09970759411652882,0.12949404761904762,0.15595238095238098,0.13575680272108842,0.4123241892821052,[0.001],5.392947769165039,900,544,61,0.39555555555555555,0.13575680272108842,True,0,False,True,295dbcc07898c2df7ce22964d6c12dc9cae6f17d63500c305e96bdb126386a56
6,C,p6_C_cached_crt_noreset,p6_C_cached_crt_noreset_s29,29,NOT APPLICABLE,joint,4,train,0.8495707337061564,0.9010646343231201,0.7330403171822885,0.7628489404897856,0.7274477513416924,0.7628489404897856,0.7211111111111111,0.09672308244638973,0.3793425024982402,0.37880032813347625,0.3584880529604143,0.726924875524699,[0.001],5.236758136749268,900,556,61,0.38222222222222224,0.13837585034013605,True,0,False,True,295dbcc07898c2df7ce22964d6c12dc9cae6f17d63500c305e96bdb126386a56
6,C,p6_C_cached_crt_noreset,p6_C_cached_crt_noreset_s29,29,NOT APPLICABLE,joint,4,dev,NOT APPLICABLE,1.7778717279434204,0.44897133461535077,0.44790104947526244,0.4222373461562102,0.44790104947526244,0.4444444444444444,0.14800051596429611,0.13410714285714287,0.15684523809523812,0.13837585034013605,0.42072474111419345,[0.001],5.236758136749268,900,556,61,0.38222222222222224,0.13837585034013605,True,0,False,True,295dbcc07898c2df7ce22964d6c12dc9cae6f17d63500c305e96bdb126386a56
6,C,p6_C_cached_crt_noreset,p6_C_cached_crt_noreset_s29,29,NOT APPLICABLE,joint,5,train,0.6720930504798889,0.7486185431480408,0.78268439781262,0.8130249968278138,0.7903913225379233,0.8130249968278138,0.7811111111111111,0.12349918242957857,0.416878807099094,0.42450443184674924,0.4042135867485698,0.789858080945079,[0.001],4.4819022496541345,900,546,61,0.3933333333333333,0.13837585034013605,False,1,False,False,295dbcc07898c2df7ce22964d6c12dc9cae6f17d63500c305e96bdb126386a56
6,C,p6_C_cached_crt_noreset,p6_C_cached_crt_noreset_s29,29,NOT APPLICABLE,joint,5,dev,NOT APPLICABLE,1.7798558473587036,0.42287511982009135,0.41884057971014493,0.4085679637637428,0.41884057971014493,0.43555555555555553,0.132622493174341,0.1324107142857143,0.1529761904761905,0.13732993197278914,0.40698066217644124,[0.001],4.4819022496541345,900,546,61,0.3933333333333333,0.13837585034013605,False,1,False,False,295dbcc07898c2df7ce22964d6c12dc9cae6f17d63500c305e96bdb126386a56
6,C,p6_C_cached_crt_noreset,p6_C_cached_crt_noreset_s29,29,NOT APPLICABLE,joint,6,train,0.6166337649027507,0.6627629995346069,0.8077385250838747,0.8467918622848201,0.820028484065829,0.8467918622848201,0.8144444444444444,0.12390815463331009,0.4549390416603532,0.44551429629923656,0.43481228701327906,0.8194794644579858,[0.001],4.56780694325765,900,552,61,0.3866666666666667,0.14518707482993198,True,0,False,True,295dbcc07898c2df7ce22964d6c12dc9cae6f17d63500c305e96bdb126386a56
6,C,p6_C_cached_crt_noreset,p6_C_cached_crt_noreset_s29,29,NOT APPLICABLE,joint,6,dev,NOT APPLICABLE,1.7446657419204712,0.42716513329013334,0.43985507246376815,0.41961114782584996,0.43985507246376815,0.4533333333333333,0.13429148899184332,0.1418452380952381,0.15952380952380954,0.14518707482993198,0.4180985427838332,[0.001],4.56780694325765,900,552,61,0.3866666666666667,0.14518707482993198,True,0,False,True,295dbcc07898c2df7ce22964d6c12dc9cae6f17d63500c305e96bdb126386a56
6,C,p6_C_cached_crt_noreset,p6_C_cached_crt_noreset_s29,29,NOT APPLICABLE,joint,7,train,0.5506306510501437,0.5967939496040344,0.8385468597422573,0.8790371357272765,0.8516169767186635,0.8790371357272765,0.8444444444444444,0.14432910275128152,0.482039614129778,0.4712949364241391,0.46230869262202806,0.8510837351258195,[0.001],4.783201551437378,900,545,61,0.3944444444444445,0.14560374149659863,True,0,False,True,295dbcc07898c2df7ce22964d6c12dc9cae6f17d63500c305e96bdb126386a56
6,C,p6_C_cached_crt_noreset,p6_C_cached_crt_noreset_s29,29,NOT APPLICABLE,joint,7,dev,NOT APPLICABLE,1.778897762298584,0.4405865066791841,0.4521739130434783,0.4330398654145836,0.4521739130434783,0.4622222222222222,0.12403542319933573,0.1405059523809524,0.1636904761904762,0.14560374149659863,0.4315383639130821,[0.001],4.783201551437378,900,545,61,0.3944444444444445,0.14560374149659863,True,0,False,True,295dbcc07898c2df7ce22964d6c12dc9cae6f17d63500c305e96bdb126386a56
6,C,p6_C_cached_crt_noreset,p6_C_cached_crt_noreset_s29,29,NOT APPLICABLE,joint,8,train,0.48138787769609026,0.5212332010269165,0.8681509611714423,0.8932310831958719,0.877721000199182,0.8932310831958719,0.8733333333333333,0.14846503204769557,0.485833958825762,0.48427076304264416,0.474762860848781,0.8757410947618297,[0.001],3.142573436101278,900,537,61,0.4033333333333333,0.14560374149659863,False,1,False,False,295dbcc07898c2df7ce22964d6c12dc9cae6f17d63500c305e96bdb126386a56
6,C,p6_C_cached_crt_noreset,p6_C_cached_crt_noreset_s29,29,NOT APPLICABLE,joint,8,dev,NOT APPLICABLE,1.7802865505218506,0.42685179199885076,0.4249125437281359,0.40888407888407885,0.4249125437281359,0.4444444444444444,0.1520482952727212,0.1387202380952381,0.16071428571428573,0.14304421768707481,0.40740624637176365,[0.001],3.142573436101278,900,537,61,0.4033333333333333,0.14560374149659863,False,1,False,False,295dbcc07898c2df7ce22964d6c12dc9cae6f17d63500c305e96bdb126386a56
6,C,p6_C_cached_crt_noreset,p6_C_cached_crt_noreset_s29,29,NOT APPLICABLE,joint,9,train,0.3997817858060201,0.44771113991737366,0.9003182740065101,0.9141045975553018,0.9042957627069533,0.9141045975553018,0.8977777777777778,0.1363046702080303,0.5045028150356019,0.4950263962211726,0.4902878105638225,0.9036872071315104,[0.001],3.275499153137207,900,559,61,0.37888888888888894,0.14560374149659863,False,2,False,False,295dbcc07898c2df7ce22964d6c12dc9cae6f17d63500c305e96bdb126386a56
6,C,p6_C_cached_crt_noreset,p6_C_cached_crt_noreset_s29,29,NOT APPLICABLE,joint,9,dev,NOT APPLICABLE,1.7955735921859741,0.45596605149236724,0.4472680326503416,0.43112611301562237,0.4472680326503416,0.47555555555555556,0.16254756020175087,0.1387202380952381,0.1650297619047619,0.1453656462585034,0.4294594463489558,[0.001],3.275499153137207,900,559,61,0.37888888888888894,0.14560374149659863,False,2,False,False,295dbcc07898c2df7ce22964d6c12dc9cae6f17d63500c305e96bdb126386a56
6,C,p6_C_cached_crt_noreset,p6_C_cached_crt_noreset_s29,29,NOT APPLICABLE,joint,10,train,0.39723575313886006,0.4646925628185272,0.8913094369138971,0.9112115636763523,0.8975425574209954,0.9112115636763523,0.8888888888888888,0.136715446876155,0.5012986705893965,0.5022366722839076,0.49046028414942044,0.8968989976159021,[0.001],3.1723485310872395,900,532,61,0.40888888888888886,0.14661564625850337,True,0,True,True,295dbcc07898c2df7ce22964d6c12dc9cae6f17d63500c305e96bdb126386a56
6,C,p6_C_cached_crt_noreset,p6_C_cached_crt_noreset_s29,29,NOT APPLICABLE,joint,10,dev,NOT APPLICABLE,1.9521353244781494,0.46932084317427936,0.4290521405963685,0.42696826915047864,0.4290521405963685,0.4488888888888889,0.16400594618585373,0.14258928571428572,0.16339285714285715,0.14661564625850337,0.4252441312194441,[0.001],3.1723485310872395,900,532,61,0.40888888888888886,0.14661564625850337,True,0,True,True,295dbcc07898c2df7ce22964d6c12dc9cae6f17d63500c305e96bdb126386a56
6,C,p6_C_cached_crt_noreset,p6_C_cached_crt_noreset_s29,29,NOT APPLICABLE,decoupled,1,train,0.36031737989849516,0.3890775144100189,0.9073568577352032,0.9279749820242778,0.9156979493154302,0.9279749820242778,0.91,0.1273259819216198,0.5147142788665654,0.5102113351592374,0.5040084868092585,0.915064212129969,[0.001],3.217061726252238,900,558,61,0.38,0.14000850340136056,NOT APPLICABLE: fixed-final cRT,NOT APPLICABLE: fixed-final cRT,False,False,8830ea69a413bf48558c3b56ea80278dec4465cca0dbde17f64e0ef70d03ac75
6,C,p6_C_cached_crt_noreset,p6_C_cached_crt_noreset_s29,29,NOT APPLICABLE,decoupled,1,dev,NOT APPLICABLE,1.884965419769287,0.42426318263415136,0.4078627352990171,0.3990029028638814,0.4078627352990171,0.44,0.19422564784685772,0.13485119047619049,0.15892857142857145,0.14000850340136056,0.3976801515411301,[0.001],3.217061726252238,900,558,61,0.38,0.14000850340136056,NOT APPLICABLE: fixed-final cRT,NOT APPLICABLE: fixed-final cRT,False,False,8830ea69a413bf48558c3b56ea80278dec4465cca0dbde17f64e0ef70d03ac75
6,C,p6_C_cached_crt_noreset,p6_C_cached_crt_noreset_s29,29,NOT APPLICABLE,decoupled,2,train,0.32194474352730645,0.34120234847068787,0.9239516793681426,0.9335707186059299,0.9273920856117691,0.9335707186059299,0.9222222222222223,0.11653452919589148,0.5219272389566341,0.516211017610712,0.5120467398239819,0.9267485258066758,[0.001],3.044164705276489,900,549,61,0.39,0.14000850340136056,NOT APPLICABLE: fixed-final cRT,NOT APPLICABLE: fixed-final cRT,False,False,8830ea69a413bf48558c3b56ea80278dec4465cca0dbde17f64e0ef70d03ac75
6,C,p6_C_cached_crt_noreset,p6_C_cached_crt_noreset_s29,29,NOT APPLICABLE,decoupled,2,dev,NOT APPLICABLE,1.9086631536483765,0.41185642957448226,0.3835332333833083,0.3782028525763098,0.3835332333833083,0.4266666666666667,0.23754834347301057,0.12392857142857143,0.1494047619047619,0.13060374149659865,0.3766155509890082,[0.001],3.044164705276489,900,549,61,0.39,0.14000850340136056,NOT APPLICABLE: fixed-final cRT,NOT APPLICABLE: fixed-final cRT,False,False,8830ea69a413bf48558c3b56ea80278dec4465cca0dbde17f64e0ef70d03ac75
6,C,p6_C_cached_crt_noreset,p6_C_cached_crt_noreset_s29,29,NOT APPLICABLE,decoupled,3,train,0.2829740387863583,0.31120792031288147,0.9388079470838022,0.9491112591464704,0.9432926420627558,0.9491112591464704,0.9377777777777778,0.1172877926296658,0.5276594479887301,0.5276586419508064,0.5227096772829656,0.9413068003784677,[0.001],2.9128448009490966,900,538,61,0.40222222222222226,0.14000850340136056,NOT APPLICABLE: fixed-final cRT,NOT APPLICABLE: fixed-final cRT,False,False,8830ea69a413bf48558c3b56ea80278dec4465cca0dbde17f64e0ef70d03ac75
6,C,p6_C_cached_crt_noreset,p6_C_cached_crt_noreset_s29,29,NOT APPLICABLE,decoupled,3,dev,NOT APPLICABLE,1.9883692264556885,0.4090397100708743,0.38270864567716145,0.3827228094153655,0.38270864567716145,0.4177777777777778,0.24529630780220033,0.1211011904761905,0.14583333333333331,0.12780612244897957,0.3811580867980112,[0.001],2.9128448009490966,900,538,61,0.40222222222222226,0.14000850340136056,NOT APPLICABLE: fixed-final cRT,NOT APPLICABLE: fixed-final cRT,False,False,8830ea69a413bf48558c3b56ea80278dec4465cca0dbde17f64e0ef70d03ac75
6,C,p6_C_cached_crt_noreset,p6_C_cached_crt_noreset_s29,29,NOT APPLICABLE,decoupled,4,train,0.25377669095993044,0.29325371980667114,0.9435368551070555,0.9619850484287105,0.9518448801256476,0.9619850484287105,0.9444444444444444,0.11657610919740466,0.5379448279167864,0.535094239140502,0.5314081044957615,0.9498318325953587,[0.001],2.87427655061086,900,544,61,0.39555555555555555,0.14000850340136056,NOT APPLICABLE: fixed-final cRT,NOT APPLICABLE: fixed-final cRT,False,False,8830ea69a413bf48558c3b56ea80278dec4465cca0dbde17f64e0ef70d03ac75
6,C,p6_C_cached_crt_noreset,p6_C_cached_crt_noreset_s29,29,NOT APPLICABLE,decoupled,4,dev,NOT APPLICABLE,1.9664523601531982,0.3850620748958345,0.37836081959020496,0.3730251286380124,0.37836081959020496,0.41333333333333333,0.23569043384657964,0.12050595238095241,0.14226190476190478,0.12548469387755104,0.37137347698636075,[0.001],2.87427655061086,900,544,61,0.39555555555555555,0.14000850340136056,NOT APPLICABLE: fixed-final cRT,NOT APPLICABLE: fixed-final cRT,False,False,8830ea69a413bf48558c3b56ea80278dec4465cca0dbde17f64e0ef70d03ac75
6,C,p6_C_cached_crt_noreset,p6_C_cached_crt_noreset_s29,29,NOT APPLICABLE,decoupled,5,train,0.2514501162370046,0.2839709222316742,0.9409356019474353,0.9648944719367254,0.9516580290687033,0.9648944719367254,0.9455555555555556,0.11852313803301917,0.5389637778374353,0.5361466148004075,0.533148932124342,0.9510144692636102,[0.001],2.5116167227427164,900,540,61,0.4,0.14000850340136056,NOT APPLICABLE: fixed-final cRT,NOT APPLICABLE: fixed-final cRT,True,True,8830ea69a413bf48558c3b56ea80278dec4465cca0dbde17f64e0ef70d03ac75
6,C,p6_C_cached_crt_noreset,p6_C_cached_crt_noreset_s29,29,NOT APPLICABLE,decoupled,5,dev,NOT APPLICABLE,1.9495254755020142,0.40149319082471707,0.4111777444611027,0.40301164843811293,0.4111777444611027,0.43555555555555553,0.21144332726796466,0.12928571428571428,0.15119047619047618,0.13441326530612246,0.4013922152397324,[0.001],2.5116167227427164,900,540,61,0.4,0.14000850340136056,NOT APPLICABLE: fixed-final cRT,NOT APPLICABLE: fixed-final cRT,True,True,8830ea69a413bf48558c3b56ea80278dec4465cca0dbde17f64e0ef70d03ac75
6,C,p6_C_cached_crt_noreset,p6_C_cached_crt_noreset_s43,43,NOT APPLICABLE,joint,1,train,1.866007960372501,1.5455313920974731,0.603818625477248,0.5128441822103793,0.4745288695493307,0.5128441822103793,0.43222222222222223,0.049444370650582846,0.18227385116082268,0.2133427665693573,0.17120232708881378,0.47424128784998426,[0.001],6.1754473686218265,900,538,61,0.40222222222222226,0.07512755102040816,True,0,False,True,6a7327030cebcb05c2fdcc5861b585e922c2c1a5c4a68fdf0eb30735c98d0b0a
6,C,p6_C_cached_crt_noreset,p6_C_cached_crt_noreset_s43,43,NOT APPLICABLE,joint,1,dev,NOT APPLICABLE,1.9903157949447632,0.4435602132289972,0.34406130268199236,0.29538639253258847,0.34406130268199236,0.28444444444444444,0.1198458374871148,0.06869047619047619,0.09732142857142857,0.07512755102040816,0.29396036757715177,[0.001],6.1754473686218265,900,538,61,0.40222222222222226,0.07512755102040816,True,0,False,True,6a7327030cebcb05c2fdcc5861b585e922c2c1a5c4a68fdf0eb30735c98d0b0a
6,C,p6_C_cached_crt_noreset,p6_C_cached_crt_noreset_s43,43,NOT APPLICABLE,joint,2,train,1.2250131334198846,1.2466518878936768,0.6126243557674762,0.6067995812714122,0.5721253651325556,0.6067995812714122,0.5711111111111111,0.0342626291513443,0.2697662537826472,0.2716769869937416,0.2482487119859192,0.5717862138379903,[0.001],5.740379858016968,900,552,61,0.3866666666666667,0.10584183673469387,True,0,False,True,6a7327030cebcb05c2fdcc5861b585e922c2c1a5c4a68fdf0eb30735c98d0b0a
6,C,p6_C_cached_crt_noreset,p6_C_cached_crt_noreset_s43,43,NOT APPLICABLE,joint,2,dev,NOT APPLICABLE,1.8479564189910889,0.3721220981747297,0.39359486923205067,0.3428444813184601,0.39359486923205067,0.37777777777777777,0.1297766708665424,0.10068452380952382,0.12514880952380952,0.10584183673469387,0.3414342249082037,[0.001],5.740379858016968,900,552,61,0.3866666666666667,0.10584183673469387,True,0,False,True,6a7327030cebcb05c2fdcc5861b585e922c2c1a5c4a68fdf0eb30735c98d0b0a
6,C,p6_C_cached_crt_noreset,p6_C_cached_crt_noreset_s43,43,NOT APPLICABLE,joint,3,train,1.0045439304245842,0.9769381284713745,0.6810715465057421,0.7144122996235671,0.6847363615739699,0.7144122996235671,0.69,0.08282352429297236,0.34628570501521316,0.3534002500694637,0.33350203785285754,0.6843403680962155,[0.001],5.134699980417888,900,553,60,0.38555555555555554,0.13602891156462585,True,0,False,True,6a7327030cebcb05c2fdcc5861b585e922c2c1a5c4a68fdf0eb30735c98d0b0a
6,C,p6_C_cached_crt_noreset,p6_C_cached_crt_noreset_s43,43,NOT APPLICABLE,joint,3,dev,NOT APPLICABLE,1.6948140859603882,0.4206912156912157,0.4596285190737964,0.42846925640658073,0.4596285190737964,0.4622222222222222,0.11480557971530489,0.13005952380952382,0.15610119047619048,0.13602891156462585,0.4268838905529222,[0.001],5.134699980417888,900,553,60,0.38555555555555554,0.13602891156462585,True,0,False,True,6a7327030cebcb05c2fdcc5861b585e922c2c1a5c4a68fdf0eb30735c98d0b0a
6,C,p6_C_cached_crt_noreset,p6_C_cached_crt_noreset_s43,43,NOT APPLICABLE,joint,4,train,0.8388025335470836,0.8249972462654114,0.7392466866180541,0.7471704098464661,0.7324049488515978,0.7471704098464661,0.7388888888888889,0.08790719277328918,0.37111820512854493,0.38182679712618584,0.36038597053289356,0.7319151529332305,[0.001],4.774994627634684,900,543,61,0.3966666666666666,0.13688775510204082,True,0,False,True,6a7327030cebcb05c2fdcc5861b585e922c2c1a5c4a68fdf0eb30735c98d0b0a
6,C,p6_C_cached_crt_noreset,p6_C_cached_crt_noreset_s43,43,NOT APPLICABLE,joint,4,dev,NOT APPLICABLE,1.6933317184448242,0.4030829283560081,0.4220806263534899,0.39758658293299776,0.4220806263534899,0.4444444444444444,0.12028160479333666,0.13241071428571427,0.15595238095238098,0.13688775510204082,0.3959823048581314,[0.001],4.774994627634684,900,543,61,0.3966666666666666,0.13688775510204082,True,0,False,True,6a7327030cebcb05c2fdcc5861b585e922c2c1a5c4a68fdf0eb30735c98d0b0a
6,C,p6_C_cached_crt_noreset,p6_C_cached_crt_noreset_s43,43,NOT APPLICABLE,joint,5,train,0.8153277201122707,0.7918056845664978,0.7650491691314929,0.7636060356130778,0.7478187064409214,0.7636060356130778,0.7444444444444445,0.08281057049830753,0.39241735137865214,0.3967278669279225,0.37565291450613486,0.7473406334428521,[0.001],4.468339904149373,900,548,61,0.3911111111111111,0.13688775510204082,False,1,False,False,6a7327030cebcb05c2fdcc5861b585e922c2c1a5c4a68fdf0eb30735c98d0b0a
6,C,p6_C_cached_crt_noreset,p6_C_cached_crt_noreset_s43,43,NOT APPLICABLE,joint,5,dev,NOT APPLICABLE,1.8470076322555542,0.4346632940702708,0.414184574379477,0.387524128673979,0.414184574379477,0.4266666666666667,0.17007126179006365,0.12672619047619046,0.14970238095238092,0.13119897959183674,0.38600897715882754,[0.001],4.468339904149373,900,548,61,0.3911111111111111,0.13688775510204082,False,1,False,False,6a7327030cebcb05c2fdcc5861b585e922c2c1a5c4a68fdf0eb30735c98d0b0a
6,C,p6_C_cached_crt_noreset,p6_C_cached_crt_noreset_s43,43,NOT APPLICABLE,joint,6,train,0.6900956765810649,0.6402754783630371,0.8157048778876372,0.8124333840883136,0.8097361833684775,0.8124333840883136,0.8111111111111111,0.12102782752778796,0.42337719298245613,0.4288085976263248,0.41565904825692535,0.809208171913314,[0.001],4.385588677724202,900,548,61,0.3911111111111111,0.13688775510204082,False,2,False,False,6a7327030cebcb05c2fdcc5861b585e922c2c1a5c4a68fdf0eb30735c98d0b0a
6,C,p6_C_cached_crt_noreset,p6_C_cached_crt_noreset_s43,43,NOT APPLICABLE,joint,6,dev,NOT APPLICABLE,1.7027733325958252,0.388898869448405,0.39098783941362647,0.38159575924309663,0.39098783941362647,0.4266666666666667,0.17448967549535965,0.12392857142857143,0.14702380952380953,0.12852040816326532,0.37991508697418896,[0.001],4.385588677724202,900,548,61,0.3911111111111111,0.13688775510204082,False,2,False,False,6a7327030cebcb05c2fdcc5861b585e922c2c1a5c4a68fdf0eb30735c98d0b0a
6,C,p6_C_cached_crt_noreset,p6_C_cached_crt_noreset_s43,43,NOT APPLICABLE,joint,7,train,0.5747689216666751,0.6816089749336243,0.8090563626497458,0.8441975426130355,0.8137128953895564,0.8441975426130355,0.8033333333333333,0.1038202728993363,0.43709821679445593,0.4368296749096971,0.41997716482622327,0.8131538517841552,[0.001],3.9824437141418456,900,529,61,0.41222222222222227,0.13787414965986394,True,0,False,True,6a7327030cebcb05c2fdcc5861b585e922c2c1a5c4a68fdf0eb30735c98d0b0a
6,C,p6_C_cached_crt_noreset,p6_C_cached_crt_noreset_s43,43,NOT APPLICABLE,joint,7,dev,NOT APPLICABLE,1.9309970140457153,0.4393662742944099,0.44355322338830583,0.3989760768443956,0.44355322338830583,0.44,0.1714951683415307,0.1330952380952381,0.15357142857142855,0.13787414965986394,0.39769584924837864,[0.001],3.9824437141418456,900,529,61,0.41222222222222227,0.13787414965986394,True,0,False,True,6a7327030cebcb05c2fdcc5861b585e922c2c1a5c4a68fdf0eb30735c98d0b0a
6,C,p6_C_cached_crt_noreset,p6_C_cached_crt_noreset_s43,43,NOT APPLICABLE,joint,8,train,0.5369912057452731,0.5165621042251587,0.8680016718356054,0.8661141775578395,0.8617678233820486,0.8661141775578395,0.8611111111111112,0.1309302838312255,0.459982275629951,0.46190773892218734,0.4510656262082827,0.8611861158466988,[0.001],4.107943328221639,900,541,61,0.39888888888888885,0.13787414965986394,False,1,False,False,6a7327030cebcb05c2fdcc5861b585e922c2c1a5c4a68fdf0eb30735c98d0b0a
6,C,p6_C_cached_crt_noreset,p6_C_cached_crt_noreset_s43,43,NOT APPLICABLE,joint,8,dev,NOT APPLICABLE,1.714117169380188,0.4036654358713182,0.40395635515575545,0.3961007933935742,0.40395635515575545,0.4533333333333333,0.15599535650677152,0.13151785714285716,0.15863095238095237,0.1376275510204082,0.3944201211246666,[0.001],4.107943328221639,900,541,61,0.39888888888888885,0.13787414965986394,False,1,False,False,6a7327030cebcb05c2fdcc5861b585e922c2c1a5c4a68fdf0eb30735c98d0b0a
6,C,p6_C_cached_crt_noreset,p6_C_cached_crt_noreset_s43,43,NOT APPLICABLE,joint,9,train,0.4565162245432536,0.4998645484447479,0.8594056636430845,0.8880657065516221,0.8665813820585134,0.8880657065516221,0.8577777777777778,0.11064422657092414,0.47473570600619774,0.47098268037417795,0.46110138525030403,0.8660323624506703,[0.001],3.6453293482462565,900,540,61,0.4,0.14310374149659863,True,0,False,True,6a7327030cebcb05c2fdcc5861b585e922c2c1a5c4a68fdf0eb30735c98d0b0a
6,C,p6_C_cached_crt_noreset,p6_C_cached_crt_noreset_s43,43,NOT APPLICABLE,joint,9,dev,NOT APPLICABLE,1.7751086950302124,0.43993128127910736,0.4533816425120773,0.4315353714831117,0.4533816425120773,0.4622222222222222,0.15572611490885413,0.1370238095238095,0.1613095238095238,0.14310374149659863,0.4300338699816102,[0.001],3.6453293482462565,900,540,61,0.4,0.14310374149659863,True,0,False,True,6a7327030cebcb05c2fdcc5861b585e922c2c1a5c4a68fdf0eb30735c98d0b0a
6,C,p6_C_cached_crt_noreset,p6_C_cached_crt_noreset_s43,43,NOT APPLICABLE,joint,10,train,0.40420214229159884,0.4182772934436798,0.9071089662574362,0.9169780696189148,0.9105969401400861,0.9169780696189148,0.9044444444444445,0.13674790498283176,0.5083232996820104,0.5007641011392053,0.494901340734497,0.9099809614694967,[0.001],3.5308437665303547,900,547,61,0.39222222222222225,0.15375850340136055,True,0,True,True,6a7327030cebcb05c2fdcc5861b585e922c2c1a5c4a68fdf0eb30735c98d0b0a
6,C,p6_C_cached_crt_noreset,p6_C_cached_crt_noreset_s43,43,NOT APPLICABLE,joint,10,dev,NOT APPLICABLE,1.8123996257781982,0.47010434010434016,0.4387056471764118,0.42682559927947655,0.4387056471764118,0.48,0.17056240095032585,0.14848214285714284,0.17232142857142857,0.15375850340136055,0.42539957432403985,[0.001],3.5308437665303547,900,547,61,0.39222222222222225,0.15375850340136055,True,0,True,True,6a7327030cebcb05c2fdcc5861b585e922c2c1a5c4a68fdf0eb30735c98d0b0a
6,C,p6_C_cached_crt_noreset,p6_C_cached_crt_noreset_s43,43,NOT APPLICABLE,decoupled,1,train,0.40975086960527635,0.45972079038619995,0.8678497584322582,0.9011509749185805,0.8775191472795141,0.9011509749185805,0.87,0.10287150947584044,0.4825847050766427,0.4827313142539594,0.46954356256340724,0.8769374397441643,[0.001],3.2626827557881675,900,547,61,0.39222222222222225,0.14256802721088438,NOT APPLICABLE: fixed-final cRT,NOT APPLICABLE: fixed-final cRT,False,False,e4936e556bffe009df868ff57b83fa70a34780bd2c87c05eea6e44359efd36d6
6,C,p6_C_cached_crt_noreset,p6_C_cached_crt_noreset_s43,43,NOT APPLICABLE,decoupled,1,dev,NOT APPLICABLE,1.8600844144821167,0.4426843456352513,0.43491587539563553,0.4219325235166213,0.43491587539563553,0.4577777777777778,0.20363846090104842,0.1382142857142857,0.15863095238095237,0.14256802721088438,0.4203452219293197,[0.001],3.2626827557881675,900,547,61,0.39222222222222225,0.14256802721088438,NOT APPLICABLE: fixed-final cRT,NOT APPLICABLE: fixed-final cRT,False,False,e4936e556bffe009df868ff57b83fa70a34780bd2c87c05eea6e44359efd36d6
6,C,p6_C_cached_crt_noreset,p6_C_cached_crt_noreset_s43,43,NOT APPLICABLE,decoupled,2,train,0.34708547274271645,0.3809784948825836,0.9083030313553841,0.9286326819777525,0.9156763678409192,0.9286326819777525,0.91,0.12162458078728781,0.5188783921459664,0.5115286653700102,0.5057966857349447,0.91371718416745,[0.001],3.8846067746480304,900,548,61,0.3911111111111111,0.14256802721088438,NOT APPLICABLE: fixed-final cRT,NOT APPLICABLE: fixed-final cRT,False,False,e4936e556bffe009df868ff57b83fa70a34780bd2c87c05eea6e44359efd36d6
6,C,p6_C_cached_crt_noreset,p6_C_cached_crt_noreset_s43,43,NOT APPLICABLE,decoupled,2,dev,NOT APPLICABLE,1.8590490818023682,0.42162507427213314,0.4017158087622855,0.39991461078590795,0.4017158087622855,0.4444444444444444,0.2070296427938673,0.13360119047619048,0.1550595238095238,0.13881802721088438,0.39832730919860637,[0.001],3.8846067746480304,900,548,61,0.3911111111111111,0.14256802721088438,NOT APPLICABLE: fixed-final cRT,NOT APPLICABLE: fixed-final cRT,False,False,e4936e556bffe009df868ff57b83fa70a34780bd2c87c05eea6e44359efd36d6
6,C,p6_C_cached_crt_noreset,p6_C_cached_crt_noreset_s43,43,NOT APPLICABLE,decoupled,3,train,0.28968129687839084,0.35156938433647156,0.9167520680781838,0.941281246034767,0.926807474611208,0.941281246034767,0.92,0.1121889473663436,0.5215492332624824,0.5202996202648884,0.5145881512933486,0.9262158108881421,[0.001],2.2440038760503134,900,548,60,0.3911111111111111,0.14256802721088438,NOT APPLICABLE: fixed-final cRT,NOT APPLICABLE: fixed-final cRT,False,False,e4936e556bffe009df868ff57b83fa70a34780bd2c87c05eea6e44359efd36d6
6,C,p6_C_cached_crt_noreset,p6_C_cached_crt_noreset_s43,43,NOT APPLICABLE,decoupled,3,dev,NOT APPLICABLE,1.9400261640548706,0.4103015708879255,0.4102781942362153,0.3968811444892978,0.4102781942362153,0.44,0.21420387003156874,0.12958333333333333,0.15059523809523806,0.1347704081632653,0.39539666405744894,[0.001],2.2440038760503134,900,548,60,0.3911111111111111,0.14256802721088438,NOT APPLICABLE: fixed-final cRT,NOT APPLICABLE: fixed-final cRT,False,False,e4936e556bffe009df868ff57b83fa70a34780bd2c87c05eea6e44359efd36d6
6,C,p6_C_cached_crt_noreset,p6_C_cached_crt_noreset_s43,43,NOT APPLICABLE,decoupled,4,train,0.24636845846970876,0.2995278239250183,0.9347150130837351,0.9548344118766654,0.943742373213133,0.9548344118766654,0.9355555555555556,0.11275080154339472,0.5342633204990804,0.5293160137075114,0.525099676899564,0.943116522872997,[0.001],2.198502691586812,900,532,61,0.40888888888888886,0.1453061224489796,NOT APPLICABLE: fixed-final cRT,NOT APPLICABLE: fixed-final cRT,False,False,e4936e556bffe009df868ff57b83fa70a34780bd2c87c05eea6e44359efd36d6
6,C,p6_C_cached_crt_noreset,p6_C_cached_crt_noreset_s43,43,NOT APPLICABLE,decoupled,4,dev,NOT APPLICABLE,1.919853687286377,0.4456580868484796,0.4210061635848742,0.4193510491662133,0.4210061635848742,0.4577777777777778,0.21414789226320052,0.1405952380952381,0.16071428571428573,0.1453061224489796,0.4176465037116678,[0.001],2.198502691586812,900,532,61,0.40888888888888886,0.1453061224489796,NOT APPLICABLE: fixed-final cRT,NOT APPLICABLE: fixed-final cRT,False,False,e4936e556bffe009df868ff57b83fa70a34780bd2c87c05eea6e44359efd36d6
6,C,p6_C_cached_crt_noreset,p6_C_cached_crt_noreset_s43,43,NOT APPLICABLE,decoupled,5,train,0.24382910940382216,0.2779157757759094,0.9466883306529137,0.9614785560208097,0.952625559409898,0.9614785560208097,0.9455555555555556,0.1082352023323377,0.5423725627428284,0.5383046216541632,0.5355391097170268,0.9520095807393087,[0.001],2.9673801978429157,900,553,61,0.38555555555555554,0.1453061224489796,NOT APPLICABLE: fixed-final cRT,NOT APPLICABLE: fixed-final cRT,True,True,e4936e556bffe009df868ff57b83fa70a34780bd2c87c05eea6e44359efd36d6
6,C,p6_C_cached_crt_noreset,p6_C_cached_crt_noreset_s43,43,NOT APPLICABLE,decoupled,5,dev,NOT APPLICABLE,2.003943920135498,0.4237397895501034,0.41828252540396466,0.40685856922050984,0.41828252540396466,0.4533333333333333,0.22938258184327018,0.1379166666666667,0.16160714285714287,0.1429251700680272,0.4054325442650731,[0.001],2.9673801978429157,900,553,61,0.38555555555555554,0.1453061224489796,NOT APPLICABLE: fixed-final cRT,NOT APPLICABLE: fixed-final cRT,True,True,e4936e556bffe009df868ff57b83fa70a34780bd2c87c05eea6e44359efd36d6
6,C,p6_C_cached_crt_reset,p6_C_cached_crt_reset_s17,17,NOT APPLICABLE,joint,1,train,1.8632883082495795,1.421461820602417,0.5862102510803139,0.4999857251617815,0.47915288179522175,0.4999857251617815,0.4955555555555556,0.05952072333958415,0.2104134435691813,0.22885738763413116,0.1977337541377231,0.4788626060332478,[0.001],6.3451155662536625,900,554,61,0.3844444444444445,0.11357993197278911,True,0,False,True,775d707a7aa69ca0b22c1c6ea759815e45ea719c59deb47c44ebbf5b31913bc9
6,C,p6_C_cached_crt_reset,p6_C_cached_crt_reset_s17,17,NOT APPLICABLE,joint,1,dev,NOT APPLICABLE,1.835974097251892,0.5088291275120543,0.3637014825920373,0.3340993261848544,0.3637014825920373,0.39111111111111113,0.08506736490461561,0.1069642857142857,0.13392857142857142,0.11357993197278911,0.3327547883697283,[0.001],6.3451155662536625,900,554,61,0.3844444444444445,0.11357993197278911,True,0,False,True,775d707a7aa69ca0b22c1c6ea759815e45ea719c59deb47c44ebbf5b31913bc9
6,C,p6_C_cached_crt_reset,p6_C_cached_crt_reset_s17,17,NOT APPLICABLE,joint,2,train,1.2403312746683757,1.1530015468597412,0.644961006386388,0.6285808696019963,0.6098323310163363,0.6285808696019963,0.6111111111111112,0.05019112961159813,0.29018600640551856,0.30916722899218035,0.27656262610380966,0.6093848636814517,[0.001],5.5355272928873696,900,541,61,0.39888888888888885,0.13564625850340137,True,0,False,True,775d707a7aa69ca0b22c1c6ea759815e45ea719c59deb47c44ebbf5b31913bc9
6,C,p6_C_cached_crt_reset,p6_C_cached_crt_reset_s17,17,NOT APPLICABLE,joint,2,dev,NOT APPLICABLE,1.6796069145202637,0.46787632737632745,0.4248792270531401,0.4130613161976181,0.4248792270531401,0.43555555555555553,0.07171782122717962,0.12961309523809522,0.15446428571428572,0.13564625850340137,0.41145703812275186,[0.001],5.5355272928873696,900,541,61,0.39888888888888885,0.13564625850340137,True,0,False,True,775d707a7aa69ca0b22c1c6ea759815e45ea719c59deb47c44ebbf5b31913bc9
6,C,p6_C_cached_crt_reset,p6_C_cached_crt_reset_s17,17,NOT APPLICABLE,joint,3,train,1.0374087924427455,0.9267054796218872,0.7132055484081341,0.7135938755657066,0.700914627577018,0.7135938755657066,0.7111111111111111,0.09218339598841137,0.35297805205052835,0.3561422485081835,0.33936842319545557,0.7005057904042842,[0.001],5.231274811426799,900,562,61,0.37555555555555553,0.1520918367346939,True,0,False,True,775d707a7aa69ca0b22c1c6ea759815e45ea719c59deb47c44ebbf5b31913bc9
6,C,p6_C_cached_crt_reset,p6_C_cached_crt_reset_s17,17,NOT APPLICABLE,joint,3,dev,NOT APPLICABLE,1.6030596494674683,0.47046978802424616,0.45343994669332,0.4377343562945672,0.45343994669332,0.4888888888888889,0.10696537805928125,0.14482142857142857,0.1738095238095238,0.1520918367346939,0.4363848286292501,[0.001],5.231274811426799,900,562,61,0.37555555555555553,0.1520918367346939,True,0,False,True,775d707a7aa69ca0b22c1c6ea759815e45ea719c59deb47c44ebbf5b31913bc9
6,C,p6_C_cached_crt_reset,p6_C_cached_crt_reset_s17,17,NOT APPLICABLE,joint,4,train,0.8396535290612115,0.8684737086296082,0.7475957107136446,0.7765570147612401,0.7422938292374492,0.7765570147612401,0.7422222222222222,0.1036219697859552,0.39922938789675966,0.39396575106841847,0.3778992795623512,0.7417816427309144,[0.001],5.317061901092529,900,546,61,0.3933333333333333,0.1520918367346939,False,1,False,False,775d707a7aa69ca0b22c1c6ea759815e45ea719c59deb47c44ebbf5b31913bc9
6,C,p6_C_cached_crt_reset,p6_C_cached_crt_reset_s17,17,NOT APPLICABLE,joint,4,dev,NOT APPLICABLE,1.6919082403182983,0.44127873937656553,0.4480009995002499,0.42266186036102227,0.4480009995002499,0.4488888888888889,0.12093036188019647,0.13282738095238095,0.15714285714285717,0.13887755102040816,0.4211467088458707,[0.001],5.317061901092529,900,546,61,0.3933333333333333,0.1520918367346939,False,1,False,False,775d707a7aa69ca0b22c1c6ea759815e45ea719c59deb47c44ebbf5b31913bc9
6,C,p6_C_cached_crt_reset,p6_C_cached_crt_reset_s17,17,NOT APPLICABLE,joint,5,train,0.7830101863543193,0.8501184582710266,0.7657964266213814,0.7995030241509115,0.7674154680943623,0.7995030241509115,0.7522222222222222,0.10625989908973375,0.43032386645025456,0.4140867502877783,0.40048917225831904,0.7669143046792917,[0.001],5.887705405553182,900,536,61,0.4044444444444445,0.1520918367346939,False,2,False,False,775d707a7aa69ca0b22c1c6ea759815e45ea719c59deb47c44ebbf5b31913bc9
6,C,p6_C_cached_crt_reset,p6_C_cached_crt_reset_s17,17,NOT APPLICABLE,joint,5,dev,NOT APPLICABLE,1.8785979747772217,0.4568175476484301,0.4468682325503915,0.43019792946502794,0.4468682325503915,0.43555555555555553,0.11705183558993869,0.1324404761904762,0.15148809523809526,0.13578231292517007,0.4285936513901617,[0.001],5.887705405553182,900,536,61,0.4044444444444445,0.1520918367346939,False,2,False,False,775d707a7aa69ca0b22c1c6ea759815e45ea719c59deb47c44ebbf5b31913bc9
6,C,p6_C_cached_crt_reset,p6_C_cached_crt_reset_s17,17,NOT APPLICABLE,joint,6,train,0.6824823098712497,0.7146416306495667,0.7899674027828627,0.8248297593368015,0.7928460386019143,0.8248297593368015,0.7844444444444445,0.11760495806733767,0.44536361567311256,0.43353444739940983,0.4175440957560431,0.7922682194034054,[0.001],4.9198158264160154,900,564,61,0.3733333333333333,0.1520918367346939,False,3,False,False,775d707a7aa69ca0b22c1c6ea759815e45ea719c59deb47c44ebbf5b31913bc9
6,C,p6_C_cached_crt_reset,p6_C_cached_crt_reset_s17,17,NOT APPLICABLE,joint,6,dev,NOT APPLICABLE,1.7744306325912476,0.4399917883788852,0.4297434616025321,0.414648119471645,0.4297434616025321,0.4444444444444444,0.12251713865333136,0.13767857142857143,0.15535714285714286,0.14143707482993198,0.41323682914906434,[0.001],4.9198158264160154,900,564,61,0.3733333333333333,0.1520918367346939,False,3,False,False,775d707a7aa69ca0b22c1c6ea759815e45ea719c59deb47c44ebbf5b31913bc9
6,C,p6_C_cached_crt_reset,p6_C_cached_crt_reset_s17,17,NOT APPLICABLE,joint,7,train,0.6115629159079657,0.5952478051185608,0.8327232571244888,0.8579452692128748,0.8389008775457901,0.8579452692128748,0.8377777777777777,0.13259882253077296,0.4658741768728826,0.4560724539885418,0.44729175291080703,0.8384027150304776,[0.001],4.960814189910889,900,538,61,0.40222222222222226,0.1520918367346939,False,4,False,False,775d707a7aa69ca0b22c1c6ea759815e45ea719c59deb47c44ebbf5b31913bc9
6,C,p6_C_cached_crt_reset,p6_C_cached_crt_reset_s17,17,NOT APPLICABLE,joint,7,dev,NOT APPLICABLE,1.7137622833251953,0.4343388300296195,0.4469265367316342,0.4282152811328223,0.4469265367316342,0.4622222222222222,0.13498990376790365,0.13922619047619048,0.16309523809523813,0.1450765306122449,0.4267928060261368,[0.001],4.960814189910889,900,538,61,0.40222222222222226,0.1520918367346939,False,4,False,False,775d707a7aa69ca0b22c1c6ea759815e45ea719c59deb47c44ebbf5b31913bc9
6,C,p6_C_cached_crt_reset,p6_C_cached_crt_reset_s17,17,NOT APPLICABLE,joint,8,train,0.5366218231783972,0.5584942102432251,0.8376874786112065,0.8750031721862708,0.8475146796036487,0.8750031721862708,0.8433333333333334,0.12035645589232445,0.4790486274296706,0.46453412985088455,0.45712527863233143,0.8456323266624721,[0.001],3.859869368871053,900,540,61,0.4,0.1520918367346939,False,5,False,False,775d707a7aa69ca0b22c1c6ea759815e45ea719c59deb47c44ebbf5b31913bc9
6,C,p6_C_cached_crt_reset,p6_C_cached_crt_reset_s17,17,NOT APPLICABLE,joint,8,dev,NOT APPLICABLE,1.7697182893753052,0.43236399129544295,0.44047143095119096,0.4259359411220861,0.44047143095119096,0.4622222222222222,0.15039769583278234,0.14333333333333334,0.16309523809523813,0.14703231292517005,0.42442078960693463,[0.001],3.859869368871053,900,540,61,0.4,0.1520918367346939,False,5,False,False,775d707a7aa69ca0b22c1c6ea759815e45ea719c59deb47c44ebbf5b31913bc9
6,C,p6_C_cached_crt_reset,p6_C_cached_crt_reset_s17,17,NOT APPLICABLE,joint,9,train,0.47103150063090854,0.4468396008014679,0.8908531418672071,0.9079124899547434,0.8962302007410863,0.9079124899547434,0.8933333333333333,0.15280859612756306,0.511198651813406,0.49733226160706023,0.4923917759621713,0.894323989894478,[0.001],3.647301435470581,900,556,61,0.38222222222222224,0.1520918367346939,False,6,False,False,775d707a7aa69ca0b22c1c6ea759815e45ea719c59deb47c44ebbf5b31913bc9
6,C,p6_C_cached_crt_reset,p6_C_cached_crt_reset_s17,17,NOT APPLICABLE,joint,9,dev,NOT APPLICABLE,1.7301678657531738,0.4449989936963621,0.4227303015159086,0.42142723504051177,0.4227303015159086,0.4622222222222222,0.15068063206142848,0.1418452380952381,0.16696428571428573,0.14798469387755103,0.42001594471793113,[0.001],3.647301435470581,900,556,61,0.38222222222222224,0.1520918367346939,False,6,False,False,775d707a7aa69ca0b22c1c6ea759815e45ea719c59deb47c44ebbf5b31913bc9
6,C,p6_C_cached_crt_reset,p6_C_cached_crt_reset_s17,17,NOT APPLICABLE,joint,10,train,0.41197331375545926,0.42015978693962097,0.9007900045209258,0.926341834792539,0.9101952357112337,0.926341834792539,0.9044444444444445,0.1522448267373774,0.5173750975800155,0.5097527090858571,0.5045702272538674,0.9096135281758837,[0.001],3.922804323832194,900,542,61,0.3977777777777778,0.1520918367346939,False,7,True,True,775d707a7aa69ca0b22c1c6ea759815e45ea719c59deb47c44ebbf5b31913bc9
6,C,p6_C_cached_crt_reset,p6_C_cached_crt_reset_s17,17,NOT APPLICABLE,joint,10,dev,NOT APPLICABLE,1.800847053527832,0.44912942152745633,0.4318090954522738,0.429605982140687,0.4318090954522738,0.4622222222222222,0.1569499169455634,0.14407738095238096,0.16666666666666663,0.148937074829932,0.42817995718525037,[0.001],3.922804323832194,900,542,61,0.3977777777777778,0.1520918367346939,False,7,True,True,775d707a7aa69ca0b22c1c6ea759815e45ea719c59deb47c44ebbf5b31913bc9
6,C,p6_C_cached_crt_reset,p6_C_cached_crt_reset_s17,17,NOT APPLICABLE,decoupled,1,train,1.828638294008043,1.3456807136535645,0.6366981907889644,0.5829479127014338,0.5689314742151461,0.5829479127014338,0.5522222222222222,0.10290548127558498,0.2728633524945,0.28098082800777996,0.24967723930297075,0.5686416191426822,[0.001],8.050338427225748,900,542,61,0.3977777777777778,0.10985544217687075,NOT APPLICABLE: fixed-final cRT,NOT APPLICABLE: fixed-final cRT,False,False,e9078982a8fa563dd6bfb59224674e0e77d5d8ea12b73bcf90b14f4a046db41c
6,C,p6_C_cached_crt_reset,p6_C_cached_crt_reset_s17,17,NOT APPLICABLE,decoupled,1,dev,NOT APPLICABLE,1.797228455543518,0.4464114443061812,0.3779277028152591,0.3598950794337045,0.3779277028152591,0.36444444444444446,0.0997095388174057,0.10407738095238095,0.13035714285714284,0.10985544217687075,0.35851576908887695,[0.001],8.050338427225748,900,542,61,0.3977777777777778,0.10985544217687075,NOT APPLICABLE: fixed-final cRT,NOT APPLICABLE: fixed-final cRT,False,False,e9078982a8fa563dd6bfb59224674e0e77d5d8ea12b73bcf90b14f4a046db41c
6,C,p6_C_cached_crt_reset,p6_C_cached_crt_reset_s17,17,NOT APPLICABLE,decoupled,2,train,1.1840709025330014,1.0649006366729736,0.6786153123993153,0.676513132851161,0.6593083981168887,0.676513132851161,0.65,0.0880759586228265,0.3547254712979476,0.3506274891173474,0.32515924293635734,0.6588579062533234,[0.001],5.8314253489176435,900,553,61,0.38555555555555554,0.12016156462585033,NOT APPLICABLE: fixed-final cRT,NOT APPLICABLE: fixed-final cRT,False,False,e9078982a8fa563dd6bfb59224674e0e77d5d8ea12b73bcf90b14f4a046db41c
6,C,p6_C_cached_crt_reset,p6_C_cached_crt_reset_s17,17,NOT APPLICABLE,decoupled,2,dev,NOT APPLICABLE,1.7396249771118164,0.42661594874532416,0.41391804097951024,0.3875036810618412,0.41391804097951024,0.4,0.10462886578506894,0.11574404761904764,0.140625,0.12016156462585033,0.38589940298697484,[0.001],5.8314253489176435,900,553,61,0.38555555555555554,0.12016156462585033,NOT APPLICABLE: fixed-final cRT,NOT APPLICABLE: fixed-final cRT,False,False,e9078982a8fa563dd6bfb59224674e0e77d5d8ea12b73bcf90b14f4a046db41c
6,C,p6_C_cached_crt_reset,p6_C_cached_crt_reset_s17,17,NOT APPLICABLE,decoupled,3,train,0.940104693836636,0.9335449934005737,0.7100340406677417,0.7358795415133443,0.7042547753472963,0.7358795415133443,0.7055555555555556,0.08816745852430662,0.38005079164915234,0.3672356077746464,0.3534583163179144,0.7037878823082471,[0.001],5.236235698064168,900,544,61,0.39555555555555555,0.13670918367346938,NOT APPLICABLE: fixed-final cRT,NOT APPLICABLE: fixed-final cRT,False,False,e9078982a8fa563dd6bfb59224674e0e77d5d8ea12b73bcf90b14f4a046db41c
6,C,p6_C_cached_crt_reset,p6_C_cached_crt_reset_s17,17,NOT APPLICABLE,decoupled,3,dev,NOT APPLICABLE,1.6984636783599854,0.4577415858994806,0.4739546893220057,0.4400341279300357,0.4739546893220057,0.4622222222222222,0.0991233648194207,0.13107142857142856,0.1556547619047619,0.13670918367346938,0.4381447891985917,[0.001],5.236235698064168,900,544,61,0.39555555555555555,0.13670918367346938,NOT APPLICABLE: fixed-final cRT,NOT APPLICABLE: fixed-final cRT,False,False,e9078982a8fa563dd6bfb59224674e0e77d5d8ea12b73bcf90b14f4a046db41c
6,C,p6_C_cached_crt_reset,p6_C_cached_crt_reset_s17,17,NOT APPLICABLE,decoupled,4,train,0.7312390634748671,0.7358286380767822,0.7855685603406962,0.8011298270101086,0.7903237462095463,0.8011298270101086,0.79,0.13119171096218957,0.42893227153406954,0.42348370579129124,0.4095050850788556,0.7898115597030114,[0.001],5.017152976989746,900,531,61,0.41000000000000003,0.1419727891156463,NOT APPLICABLE: fixed-final cRT,NOT APPLICABLE: fixed-final cRT,False,False,e9078982a8fa563dd6bfb59224674e0e77d5d8ea12b73bcf90b14f4a046db41c
6,C,p6_C_cached_crt_reset,p6_C_cached_crt_reset_s17,17,NOT APPLICABLE,decoupled,4,dev,NOT APPLICABLE,1.679535984992981,0.43719816107420184,0.4391637514576045,0.4210334441305685,0.4391637514576045,0.4577777777777778,0.09865285237630207,0.13717261904761907,0.15997023809523814,0.1419727891156463,0.4193817924789168,[0.001],5.017152976989746,900,531,61,0.41000000000000003,0.1419727891156463,NOT APPLICABLE: fixed-final cRT,NOT APPLICABLE: fixed-final cRT,False,False,e9078982a8fa563dd6bfb59224674e0e77d5d8ea12b73bcf90b14f4a046db41c
6,C,p6_C_cached_crt_reset,p6_C_cached_crt_reset_s17,17,NOT APPLICABLE,decoupled,5,train,0.667466729482015,0.6456459164619446,0.8312044371053862,0.8350859662479382,0.8285742113024774,0.8350859662479382,0.8255555555555556,0.13745101004838942,0.4479573316357783,0.44968245147461594,0.43553190594897445,0.828009039984922,[0.001],4.516741339365641,900,556,61,0.38222222222222224,0.1419727891156463,NOT APPLICABLE: fixed-final cRT,NOT APPLICABLE: fixed-final cRT,True,True,e9078982a8fa563dd6bfb59224674e0e77d5d8ea12b73bcf90b14f4a046db41c
6,C,p6_C_cached_crt_reset,p6_C_cached_crt_reset_s17,17,NOT APPLICABLE,decoupled,5,dev,NOT APPLICABLE,1.6703864336013794,0.42363444337223466,0.402615358987173,0.40104933643911594,0.402615358987173,0.44,0.14028370632065668,0.13023809523809524,0.15744047619047616,0.1359608843537415,0.3994450583642496,[0.001],4.516741339365641,900,556,61,0.38222222222222224,0.1419727891156463,NOT APPLICABLE: fixed-final cRT,NOT APPLICABLE: fixed-final cRT,True,True,e9078982a8fa563dd6bfb59224674e0e77d5d8ea12b73bcf90b14f4a046db41c
6,C,p6_C_cached_crt_reset,p6_C_cached_crt_reset_s29,29,NOT APPLICABLE,joint,1,train,1.832904773288303,1.5014605522155762,0.5405222013013286,0.5374064205050121,0.47457321726192986,0.5374064205050121,0.48444444444444446,0.043626068366898425,0.1942783218602891,0.21923748660342154,0.1814219192987753,0.47427296999947827,[0.001],6.740465450286865,900,557,61,0.38111111111111107,0.0963265306122449,True,0,False,True,295dbcc07898c2df7ce22964d6c12dc9cae6f17d63500c305e96bdb126386a56
6,C,p6_C_cached_crt_reset,p6_C_cached_crt_reset_s29,29,NOT APPLICABLE,joint,1,dev,NOT APPLICABLE,1.8895026445388794,0.33795232481731335,0.35325670498084294,0.31856376418836646,0.35325670498084294,0.3377777777777778,0.08471804751290213,0.09208333333333332,0.11160714285714286,0.0963265306122449,0.31704861267321494,[0.001],6.740465450286865,900,557,61,0.38111111111111107,0.0963265306122449,True,0,False,True,295dbcc07898c2df7ce22964d6c12dc9cae6f17d63500c305e96bdb126386a56
6,C,p6_C_cached_crt_reset,p6_C_cached_crt_reset_s29,29,NOT APPLICABLE,joint,2,train,1.2586789888805814,1.139906406402588,0.6170540799070001,0.6408519434927886,0.6033261882038617,0.6408519434927886,0.6055555555555555,0.056202874630689625,0.27728961384699086,0.29484099419150817,0.26369814302273314,0.6029180249385556,[0.001],5.912199719746908,900,551,61,0.3877777777777778,0.13349489795918368,True,0,False,True,295dbcc07898c2df7ce22964d6c12dc9cae6f17d63500c305e96bdb126386a56
6,C,p6_C_cached_crt_reset,p6_C_cached_crt_reset_s29,29,NOT APPLICABLE,joint,2,dev,NOT APPLICABLE,1.6976836919784546,0.4463828788170893,0.4316425120772947,0.41845714727790817,0.4316425120772947,0.44,0.0945991845925649,0.1269047619047619,0.1526785714285714,0.13349489795918368,0.4169445422358914,[0.001],5.912199719746908,900,551,61,0.3877777777777778,0.13349489795918368,True,0,False,True,295dbcc07898c2df7ce22964d6c12dc9cae6f17d63500c305e96bdb126386a56
6,C,p6_C_cached_crt_reset,p6_C_cached_crt_reset_s29,29,NOT APPLICABLE,joint,3,train,1.0074749035305448,0.9325019121170044,0.6982403701151203,0.7251089117286301,0.7015121041970789,0.7251089117286301,0.7,0.08584690618846152,0.35658009567845633,0.3628728939857031,0.34175529969357477,0.701059615509296,[0.001],5.392947769165039,900,544,61,0.39555555555555555,0.13575680272108842,True,0,False,True,295dbcc07898c2df7ce22964d6c12dc9cae6f17d63500c305e96bdb126386a56
6,C,p6_C_cached_crt_reset,p6_C_cached_crt_reset_s29,29,NOT APPLICABLE,joint,3,dev,NOT APPLICABLE,1.6836369037628174,0.42587470862470866,0.43813093453273366,0.4138367943241219,0.43813093453273366,0.4488888888888889,0.09970759411652882,0.12949404761904762,0.15595238095238098,0.13575680272108842,0.4123241892821052,[0.001],5.392947769165039,900,544,61,0.39555555555555555,0.13575680272108842,True,0,False,True,295dbcc07898c2df7ce22964d6c12dc9cae6f17d63500c305e96bdb126386a56
6,C,p6_C_cached_crt_reset,p6_C_cached_crt_reset_s29,29,NOT APPLICABLE,joint,4,train,0.8495707337061564,0.9010646343231201,0.7330403171822885,0.7628489404897856,0.7274477513416924,0.7628489404897856,0.7211111111111111,0.09672308244638973,0.3793425024982402,0.37880032813347625,0.3584880529604143,0.726924875524699,[0.001],5.236758136749268,900,556,61,0.38222222222222224,0.13837585034013605,True,0,False,True,295dbcc07898c2df7ce22964d6c12dc9cae6f17d63500c305e96bdb126386a56
6,C,p6_C_cached_crt_reset,p6_C_cached_crt_reset_s29,29,NOT APPLICABLE,joint,4,dev,NOT APPLICABLE,1.7778717279434204,0.44897133461535077,0.44790104947526244,0.4222373461562102,0.44790104947526244,0.4444444444444444,0.14800051596429611,0.13410714285714287,0.15684523809523812,0.13837585034013605,0.42072474111419345,[0.001],5.236758136749268,900,556,61,0.38222222222222224,0.13837585034013605,True,0,False,True,295dbcc07898c2df7ce22964d6c12dc9cae6f17d63500c305e96bdb126386a56
6,C,p6_C_cached_crt_reset,p6_C_cached_crt_reset_s29,29,NOT APPLICABLE,joint,5,train,0.6720930504798889,0.7486185431480408,0.78268439781262,0.8130249968278138,0.7903913225379233,0.8130249968278138,0.7811111111111111,0.12349918242957857,0.416878807099094,0.42450443184674924,0.4042135867485698,0.789858080945079,[0.001],4.4819022496541345,900,546,61,0.3933333333333333,0.13837585034013605,False,1,False,False,295dbcc07898c2df7ce22964d6c12dc9cae6f17d63500c305e96bdb126386a56
6,C,p6_C_cached_crt_reset,p6_C_cached_crt_reset_s29,29,NOT APPLICABLE,joint,5,dev,NOT APPLICABLE,1.7798558473587036,0.42287511982009135,0.41884057971014493,0.4085679637637428,0.41884057971014493,0.43555555555555553,0.132622493174341,0.1324107142857143,0.1529761904761905,0.13732993197278914,0.40698066217644124,[0.001],4.4819022496541345,900,546,61,0.3933333333333333,0.13837585034013605,False,1,False,False,295dbcc07898c2df7ce22964d6c12dc9cae6f17d63500c305e96bdb126386a56
6,C,p6_C_cached_crt_reset,p6_C_cached_crt_reset_s29,29,NOT APPLICABLE,joint,6,train,0.6166337649027507,0.6627629995346069,0.8077385250838747,0.8467918622848201,0.820028484065829,0.8467918622848201,0.8144444444444444,0.12390815463331009,0.4549390416603532,0.44551429629923656,0.43481228701327906,0.8194794644579858,[0.001],4.56780694325765,900,552,61,0.3866666666666667,0.14518707482993198,True,0,False,True,295dbcc07898c2df7ce22964d6c12dc9cae6f17d63500c305e96bdb126386a56
6,C,p6_C_cached_crt_reset,p6_C_cached_crt_reset_s29,29,NOT APPLICABLE,joint,6,dev,NOT APPLICABLE,1.7446657419204712,0.42716513329013334,0.43985507246376815,0.41961114782584996,0.43985507246376815,0.4533333333333333,0.13429148899184332,0.1418452380952381,0.15952380952380954,0.14518707482993198,0.4180985427838332,[0.001],4.56780694325765,900,552,61,0.3866666666666667,0.14518707482993198,True,0,False,True,295dbcc07898c2df7ce22964d6c12dc9cae6f17d63500c305e96bdb126386a56
6,C,p6_C_cached_crt_reset,p6_C_cached_crt_reset_s29,29,NOT APPLICABLE,joint,7,train,0.5506306510501437,0.5967939496040344,0.8385468597422573,0.8790371357272765,0.8516169767186635,0.8790371357272765,0.8444444444444444,0.14432910275128152,0.482039614129778,0.4712949364241391,0.46230869262202806,0.8510837351258195,[0.001],4.783201551437378,900,545,61,0.3944444444444445,0.14560374149659863,True,0,False,True,295dbcc07898c2df7ce22964d6c12dc9cae6f17d63500c305e96bdb126386a56
6,C,p6_C_cached_crt_reset,p6_C_cached_crt_reset_s29,29,NOT APPLICABLE,joint,7,dev,NOT APPLICABLE,1.778897762298584,0.4405865066791841,0.4521739130434783,0.4330398654145836,0.4521739130434783,0.4622222222222222,0.12403542319933573,0.1405059523809524,0.1636904761904762,0.14560374149659863,0.4315383639130821,[0.001],4.783201551437378,900,545,61,0.3944444444444445,0.14560374149659863,True,0,False,True,295dbcc07898c2df7ce22964d6c12dc9cae6f17d63500c305e96bdb126386a56
6,C,p6_C_cached_crt_reset,p6_C_cached_crt_reset_s29,29,NOT APPLICABLE,joint,8,train,0.48138787769609026,0.5212332010269165,0.8681509611714423,0.8932310831958719,0.877721000199182,0.8932310831958719,0.8733333333333333,0.14846503204769557,0.485833958825762,0.48427076304264416,0.474762860848781,0.8757410947618297,[0.001],3.142573436101278,900,537,61,0.4033333333333333,0.14560374149659863,False,1,False,False,295dbcc07898c2df7ce22964d6c12dc9cae6f17d63500c305e96bdb126386a56
6,C,p6_C_cached_crt_reset,p6_C_cached_crt_reset_s29,29,NOT APPLICABLE,joint,8,dev,NOT APPLICABLE,1.7802865505218506,0.42685179199885076,0.4249125437281359,0.40888407888407885,0.4249125437281359,0.4444444444444444,0.1520482952727212,0.1387202380952381,0.16071428571428573,0.14304421768707481,0.40740624637176365,[0.001],3.142573436101278,900,537,61,0.4033333333333333,0.14560374149659863,False,1,False,False,295dbcc07898c2df7ce22964d6c12dc9cae6f17d63500c305e96bdb126386a56
6,C,p6_C_cached_crt_reset,p6_C_cached_crt_reset_s29,29,NOT APPLICABLE,joint,9,train,0.3997817858060201,0.44771113991737366,0.9003182740065101,0.9141045975553018,0.9042957627069533,0.9141045975553018,0.8977777777777778,0.1363046702080303,0.5045028150356019,0.4950263962211726,0.4902878105638225,0.9036872071315104,[0.001],3.275499153137207,900,559,61,0.37888888888888894,0.14560374149659863,False,2,False,False,295dbcc07898c2df7ce22964d6c12dc9cae6f17d63500c305e96bdb126386a56
6,C,p6_C_cached_crt_reset,p6_C_cached_crt_reset_s29,29,NOT APPLICABLE,joint,9,dev,NOT APPLICABLE,1.7955735921859741,0.45596605149236724,0.4472680326503416,0.43112611301562237,0.4472680326503416,0.47555555555555556,0.16254756020175087,0.1387202380952381,0.1650297619047619,0.1453656462585034,0.4294594463489558,[0.001],3.275499153137207,900,559,61,0.37888888888888894,0.14560374149659863,False,2,False,False,295dbcc07898c2df7ce22964d6c12dc9cae6f17d63500c305e96bdb126386a56
6,C,p6_C_cached_crt_reset,p6_C_cached_crt_reset_s29,29,NOT APPLICABLE,joint,10,train,0.39723575313886006,0.4646925628185272,0.8913094369138971,0.9112115636763523,0.8975425574209954,0.9112115636763523,0.8888888888888888,0.136715446876155,0.5012986705893965,0.5022366722839076,0.49046028414942044,0.8968989976159021,[0.001],3.1723485310872395,900,532,61,0.40888888888888886,0.14661564625850337,True,0,True,True,295dbcc07898c2df7ce22964d6c12dc9cae6f17d63500c305e96bdb126386a56
6,C,p6_C_cached_crt_reset,p6_C_cached_crt_reset_s29,29,NOT APPLICABLE,joint,10,dev,NOT APPLICABLE,1.9521353244781494,0.46932084317427936,0.4290521405963685,0.42696826915047864,0.4290521405963685,0.4488888888888889,0.16400594618585373,0.14258928571428572,0.16339285714285715,0.14661564625850337,0.4252441312194441,[0.001],3.1723485310872395,900,532,61,0.40888888888888886,0.14661564625850337,True,0,True,True,295dbcc07898c2df7ce22964d6c12dc9cae6f17d63500c305e96bdb126386a56
6,C,p6_C_cached_crt_reset,p6_C_cached_crt_reset_s29,29,NOT APPLICABLE,decoupled,1,train,1.7904166036181979,1.2940380573272705,0.5907376600689349,0.5825672503489405,0.5769744494388128,0.5825672503489405,0.5933333333333334,0.13557560561431778,0.2731994699886396,0.284140932004922,0.2623556179985404,0.5767020886151937,[0.001],8.172882016499837,900,558,61,0.38,0.13262755102040819,NOT APPLICABLE: fixed-final cRT,NOT APPLICABLE: fixed-final cRT,False,False,61b4e14d92a873cba624a350b7a3e6967b6d9ad642bc2ef1689145c348fa396c
6,C,p6_C_cached_crt_reset,p6_C_cached_crt_reset_s29,29,NOT APPLICABLE,decoupled,1,dev,NOT APPLICABLE,1.7259143590927124,0.39132899959794276,0.38121772447109775,0.37109115611171845,0.38121772447109775,0.4311111111111111,0.07898585041364035,0.1261607142857143,0.15089285714285713,0.13262755102040819,0.3700329550535174,[0.001],8.172882016499837,900,558,61,0.38,0.13262755102040819,NOT APPLICABLE: fixed-final cRT,NOT APPLICABLE: fixed-final cRT,False,False,61b4e14d92a873cba624a350b7a3e6967b6d9ad642bc2ef1689145c348fa396c
6,C,p6_C_cached_crt_reset,p6_C_cached_crt_reset_s29,29,NOT APPLICABLE,decoupled,2,train,1.1635944313473172,1.0272642374038696,0.6727208478786739,0.6598380070211056,0.6551135796370163,0.6598380070211056,0.6622222222222223,0.08078833056820764,0.3153176598158606,0.3240174188597361,0.3022929163543486,0.6547198083823179,[0.001],6.339312903086344,900,549,61,0.39,0.13685374149659865,NOT APPLICABLE: fixed-final cRT,NOT APPLICABLE: fixed-final cRT,False,False,61b4e14d92a873cba624a350b7a3e6967b6d9ad642bc2ef1689145c348fa396c
6,C,p6_C_cached_crt_reset,p6_C_cached_crt_reset_s29,29,NOT APPLICABLE,decoupled,2,dev,NOT APPLICABLE,1.6399095058441162,0.4219149668414374,0.3996834915875395,0.3949117814155764,0.3996834915875395,0.43555555555555553,0.11255990372763738,0.130625,0.1541666666666667,0.13685374149659865,0.39348320998700503,[0.001],6.339312903086344,900,549,61,0.39,0.13685374149659865,NOT APPLICABLE: fixed-final cRT,NOT APPLICABLE: fixed-final cRT,False,False,61b4e14d92a873cba624a350b7a3e6967b6d9ad642bc2ef1689145c348fa396c
6,C,p6_C_cached_crt_reset,p6_C_cached_crt_reset_s29,29,NOT APPLICABLE,decoupled,3,train,0.9059225304921468,0.9120507836341858,0.7267381085274124,0.7381561138603392,0.7285408281781173,0.7381561138603392,0.7255555555555555,0.10989844835466805,0.3795597890270021,0.37862468410537314,0.3612166847851738,0.7280739351390679,[0.001],5.68236182530721,900,538,61,0.40222222222222226,0.13685374149659865,NOT APPLICABLE: fixed-final cRT,NOT APPLICABLE: fixed-final cRT,False,False,61b4e14d92a873cba624a350b7a3e6967b6d9ad642bc2ef1689145c348fa396c
6,C,p6_C_cached_crt_reset,p6_C_cached_crt_reset_s29,29,NOT APPLICABLE,decoupled,3,dev,NOT APPLICABLE,1.7972533702850342,0.429553987632789,0.4156005330667999,0.3994967151474157,0.4156005330667999,0.4266666666666667,0.13453485435909696,0.12488095238095238,0.14851190476190476,0.1303656462585034,0.39790941356011417,[0.001],5.68236182530721,900,538,61,0.40222222222222226,0.13685374149659865,NOT APPLICABLE: fixed-final cRT,NOT APPLICABLE: fixed-final cRT,False,False,61b4e14d92a873cba624a350b7a3e6967b6d9ad642bc2ef1689145c348fa396c
6,C,p6_C_cached_crt_reset,p6_C_cached_crt_reset_s29,29,NOT APPLICABLE,decoupled,4,train,0.7785947317547268,0.8190423846244812,0.7498647288006441,0.7779633506746184,0.7539612997814363,0.7779633506746184,0.7533333333333333,0.10459178643094168,0.4042260153325727,0.3979943172045145,0.38501372868380096,0.7534491132749016,[0.001],5.669846375783284,900,544,61,0.39555555555555555,0.13685374149659865,NOT APPLICABLE: fixed-final cRT,NOT APPLICABLE: fixed-final cRT,False,False,61b4e14d92a873cba624a350b7a3e6967b6d9ad642bc2ef1689145c348fa396c
6,C,p6_C_cached_crt_reset,p6_C_cached_crt_reset_s29,29,NOT APPLICABLE,decoupled,4,dev,NOT APPLICABLE,1.7656595706939697,0.3918781512605042,0.41539230384807596,0.3853591220730339,0.41539230384807596,0.4266666666666667,0.13217182927661475,0.12348214285714287,0.14672619047619048,0.12879251700680272,0.38377182048573233,[0.001],5.669846375783284,900,544,61,0.39555555555555555,0.13685374149659865,NOT APPLICABLE: fixed-final cRT,NOT APPLICABLE: fixed-final cRT,False,False,61b4e14d92a873cba624a350b7a3e6967b6d9ad642bc2ef1689145c348fa396c
6,C,p6_C_cached_crt_reset,p6_C_cached_crt_reset_s29,29,NOT APPLICABLE,decoupled,5,train,0.6929195226563347,0.7496929168701172,0.7686807761294673,0.8079204204204202,0.7786222114903236,0.8079204204204202,0.7788888888888889,0.10522552781634861,0.42471817895458963,0.41568408552640285,0.4023368701208231,0.7781524662673936,[0.001],4.581263637542724,900,540,61,0.4,0.13835034013605443,NOT APPLICABLE: fixed-final cRT,NOT APPLICABLE: fixed-final cRT,True,True,61b4e14d92a873cba624a350b7a3e6967b6d9ad642bc2ef1689145c348fa396c
6,C,p6_C_cached_crt_reset,p6_C_cached_crt_reset_s29,29,NOT APPLICABLE,decoupled,5,dev,NOT APPLICABLE,1.7749916315078735,0.4420947128368766,0.4614276195235715,0.4311995806934038,0.4614276195235715,0.4533333333333333,0.14326449851195017,0.13431547619047618,0.15610119047619048,0.13835034013605443,0.42953291402673727,[0.001],4.581263637542724,900,540,61,0.4,0.13835034013605443,NOT APPLICABLE: fixed-final cRT,NOT APPLICABLE: fixed-final cRT,True,True,61b4e14d92a873cba624a350b7a3e6967b6d9ad642bc2ef1689145c348fa396c
6,C,p6_C_cached_crt_reset,p6_C_cached_crt_reset_s43,43,NOT APPLICABLE,joint,1,train,1.866007960372501,1.5455313920974731,0.603818625477248,0.5128441822103793,0.4745288695493307,0.5128441822103793,0.43222222222222223,0.049444370650582846,0.18227385116082268,0.2133427665693573,0.17120232708881378,0.47424128784998426,[0.001],6.1754473686218265,900,538,61,0.40222222222222226,0.07512755102040816,True,0,False,True,6a7327030cebcb05c2fdcc5861b585e922c2c1a5c4a68fdf0eb30735c98d0b0a
6,C,p6_C_cached_crt_reset,p6_C_cached_crt_reset_s43,43,NOT APPLICABLE,joint,1,dev,NOT APPLICABLE,1.9903157949447632,0.4435602132289972,0.34406130268199236,0.29538639253258847,0.34406130268199236,0.28444444444444444,0.1198458374871148,0.06869047619047619,0.09732142857142857,0.07512755102040816,0.29396036757715177,[0.001],6.1754473686218265,900,538,61,0.40222222222222226,0.07512755102040816,True,0,False,True,6a7327030cebcb05c2fdcc5861b585e922c2c1a5c4a68fdf0eb30735c98d0b0a
6,C,p6_C_cached_crt_reset,p6_C_cached_crt_reset_s43,43,NOT APPLICABLE,joint,2,train,1.2250131334198846,1.2466518878936768,0.6126243557674762,0.6067995812714122,0.5721253651325556,0.6067995812714122,0.5711111111111111,0.0342626291513443,0.2697662537826472,0.2716769869937416,0.2482487119859192,0.5717862138379903,[0.001],5.740379858016968,900,552,61,0.3866666666666667,0.10584183673469387,True,0,False,True,6a7327030cebcb05c2fdcc5861b585e922c2c1a5c4a68fdf0eb30735c98d0b0a
6,C,p6_C_cached_crt_reset,p6_C_cached_crt_reset_s43,43,NOT APPLICABLE,joint,2,dev,NOT APPLICABLE,1.8479564189910889,0.3721220981747297,0.39359486923205067,0.3428444813184601,0.39359486923205067,0.37777777777777777,0.1297766708665424,0.10068452380952382,0.12514880952380952,0.10584183673469387,0.3414342249082037,[0.001],5.740379858016968,900,552,61,0.3866666666666667,0.10584183673469387,True,0,False,True,6a7327030cebcb05c2fdcc5861b585e922c2c1a5c4a68fdf0eb30735c98d0b0a
6,C,p6_C_cached_crt_reset,p6_C_cached_crt_reset_s43,43,NOT APPLICABLE,joint,3,train,1.0045439304245842,0.9769381284713745,0.6810715465057421,0.7144122996235671,0.6847363615739699,0.7144122996235671,0.69,0.08282352429297236,0.34628570501521316,0.3534002500694637,0.33350203785285754,0.6843403680962155,[0.001],5.134699980417888,900,553,60,0.38555555555555554,0.13602891156462585,True,0,False,True,6a7327030cebcb05c2fdcc5861b585e922c2c1a5c4a68fdf0eb30735c98d0b0a
6,C,p6_C_cached_crt_reset,p6_C_cached_crt_reset_s43,43,NOT APPLICABLE,joint,3,dev,NOT APPLICABLE,1.6948140859603882,0.4206912156912157,0.4596285190737964,0.42846925640658073,0.4596285190737964,0.4622222222222222,0.11480557971530489,0.13005952380952382,0.15610119047619048,0.13602891156462585,0.4268838905529222,[0.001],5.134699980417888,900,553,60,0.38555555555555554,0.13602891156462585,True,0,False,True,6a7327030cebcb05c2fdcc5861b585e922c2c1a5c4a68fdf0eb30735c98d0b0a
6,C,p6_C_cached_crt_reset,p6_C_cached_crt_reset_s43,43,NOT APPLICABLE,joint,4,train,0.8388025335470836,0.8249972462654114,0.7392466866180541,0.7471704098464661,0.7324049488515978,0.7471704098464661,0.7388888888888889,0.08790719277328918,0.37111820512854493,0.38182679712618584,0.36038597053289356,0.7319151529332305,[0.001],4.774994627634684,900,543,61,0.3966666666666666,0.13688775510204082,True,0,False,True,6a7327030cebcb05c2fdcc5861b585e922c2c1a5c4a68fdf0eb30735c98d0b0a
6,C,p6_C_cached_crt_reset,p6_C_cached_crt_reset_s43,43,NOT APPLICABLE,joint,4,dev,NOT APPLICABLE,1.6933317184448242,0.4030829283560081,0.4220806263534899,0.39758658293299776,0.4220806263534899,0.4444444444444444,0.12028160479333666,0.13241071428571427,0.15595238095238098,0.13688775510204082,0.3959823048581314,[0.001],4.774994627634684,900,543,61,0.3966666666666666,0.13688775510204082,True,0,False,True,6a7327030cebcb05c2fdcc5861b585e922c2c1a5c4a68fdf0eb30735c98d0b0a
6,C,p6_C_cached_crt_reset,p6_C_cached_crt_reset_s43,43,NOT APPLICABLE,joint,5,train,0.8153277201122707,0.7918056845664978,0.7650491691314929,0.7636060356130778,0.7478187064409214,0.7636060356130778,0.7444444444444445,0.08281057049830753,0.39241735137865214,0.3967278669279225,0.37565291450613486,0.7473406334428521,[0.001],4.468339904149373,900,548,61,0.3911111111111111,0.13688775510204082,False,1,False,False,6a7327030cebcb05c2fdcc5861b585e922c2c1a5c4a68fdf0eb30735c98d0b0a
6,C,p6_C_cached_crt_reset,p6_C_cached_crt_reset_s43,43,NOT APPLICABLE,joint,5,dev,NOT APPLICABLE,1.8470076322555542,0.4346632940702708,0.414184574379477,0.387524128673979,0.414184574379477,0.4266666666666667,0.17007126179006365,0.12672619047619046,0.14970238095238092,0.13119897959183674,0.38600897715882754,[0.001],4.468339904149373,900,548,61,0.3911111111111111,0.13688775510204082,False,1,False,False,6a7327030cebcb05c2fdcc5861b585e922c2c1a5c4a68fdf0eb30735c98d0b0a
6,C,p6_C_cached_crt_reset,p6_C_cached_crt_reset_s43,43,NOT APPLICABLE,joint,6,train,0.6900956765810649,0.6402754783630371,0.8157048778876372,0.8124333840883136,0.8097361833684775,0.8124333840883136,0.8111111111111111,0.12102782752778796,0.42337719298245613,0.4288085976263248,0.41565904825692535,0.809208171913314,[0.001],4.385588677724202,900,548,61,0.3911111111111111,0.13688775510204082,False,2,False,False,6a7327030cebcb05c2fdcc5861b585e922c2c1a5c4a68fdf0eb30735c98d0b0a
6,C,p6_C_cached_crt_reset,p6_C_cached_crt_reset_s43,43,NOT APPLICABLE,joint,6,dev,NOT APPLICABLE,1.7027733325958252,0.388898869448405,0.39098783941362647,0.38159575924309663,0.39098783941362647,0.4266666666666667,0.17448967549535965,0.12392857142857143,0.14702380952380953,0.12852040816326532,0.37991508697418896,[0.001],4.385588677724202,900,548,61,0.3911111111111111,0.13688775510204082,False,2,False,False,6a7327030cebcb05c2fdcc5861b585e922c2c1a5c4a68fdf0eb30735c98d0b0a
6,C,p6_C_cached_crt_reset,p6_C_cached_crt_reset_s43,43,NOT APPLICABLE,joint,7,train,0.5747689216666751,0.6816089749336243,0.8090563626497458,0.8441975426130355,0.8137128953895564,0.8441975426130355,0.8033333333333333,0.1038202728993363,0.43709821679445593,0.4368296749096971,0.41997716482622327,0.8131538517841552,[0.001],3.9824437141418456,900,529,61,0.41222222222222227,0.13787414965986394,True,0,False,True,6a7327030cebcb05c2fdcc5861b585e922c2c1a5c4a68fdf0eb30735c98d0b0a
6,C,p6_C_cached_crt_reset,p6_C_cached_crt_reset_s43,43,NOT APPLICABLE,joint,7,dev,NOT APPLICABLE,1.9309970140457153,0.4393662742944099,0.44355322338830583,0.3989760768443956,0.44355322338830583,0.44,0.1714951683415307,0.1330952380952381,0.15357142857142855,0.13787414965986394,0.39769584924837864,[0.001],3.9824437141418456,900,529,61,0.41222222222222227,0.13787414965986394,True,0,False,True,6a7327030cebcb05c2fdcc5861b585e922c2c1a5c4a68fdf0eb30735c98d0b0a
6,C,p6_C_cached_crt_reset,p6_C_cached_crt_reset_s43,43,NOT APPLICABLE,joint,8,train,0.5369912057452731,0.5165621042251587,0.8680016718356054,0.8661141775578395,0.8617678233820486,0.8661141775578395,0.8611111111111112,0.1309302838312255,0.459982275629951,0.46190773892218734,0.4510656262082827,0.8611861158466988,[0.001],4.107943328221639,900,541,61,0.39888888888888885,0.13787414965986394,False,1,False,False,6a7327030cebcb05c2fdcc5861b585e922c2c1a5c4a68fdf0eb30735c98d0b0a
6,C,p6_C_cached_crt_reset,p6_C_cached_crt_reset_s43,43,NOT APPLICABLE,joint,8,dev,NOT APPLICABLE,1.714117169380188,0.4036654358713182,0.40395635515575545,0.3961007933935742,0.40395635515575545,0.4533333333333333,0.15599535650677152,0.13151785714285716,0.15863095238095237,0.1376275510204082,0.3944201211246666,[0.001],4.107943328221639,900,541,61,0.39888888888888885,0.13787414965986394,False,1,False,False,6a7327030cebcb05c2fdcc5861b585e922c2c1a5c4a68fdf0eb30735c98d0b0a
6,C,p6_C_cached_crt_reset,p6_C_cached_crt_reset_s43,43,NOT APPLICABLE,joint,9,train,0.4565162245432536,0.4998645484447479,0.8594056636430845,0.8880657065516221,0.8665813820585134,0.8880657065516221,0.8577777777777778,0.11064422657092414,0.47473570600619774,0.47098268037417795,0.46110138525030403,0.8660323624506703,[0.001],3.6453293482462565,900,540,61,0.4,0.14310374149659863,True,0,False,True,6a7327030cebcb05c2fdcc5861b585e922c2c1a5c4a68fdf0eb30735c98d0b0a
6,C,p6_C_cached_crt_reset,p6_C_cached_crt_reset_s43,43,NOT APPLICABLE,joint,9,dev,NOT APPLICABLE,1.7751086950302124,0.43993128127910736,0.4533816425120773,0.4315353714831117,0.4533816425120773,0.4622222222222222,0.15572611490885413,0.1370238095238095,0.1613095238095238,0.14310374149659863,0.4300338699816102,[0.001],3.6453293482462565,900,540,61,0.4,0.14310374149659863,True,0,False,True,6a7327030cebcb05c2fdcc5861b585e922c2c1a5c4a68fdf0eb30735c98d0b0a
6,C,p6_C_cached_crt_reset,p6_C_cached_crt_reset_s43,43,NOT APPLICABLE,joint,10,train,0.40420214229159884,0.4182772934436798,0.9071089662574362,0.9169780696189148,0.9105969401400861,0.9169780696189148,0.9044444444444445,0.13674790498283176,0.5083232996820104,0.5007641011392053,0.494901340734497,0.9099809614694967,[0.001],3.5308437665303547,900,547,61,0.39222222222222225,0.15375850340136055,True,0,True,True,6a7327030cebcb05c2fdcc5861b585e922c2c1a5c4a68fdf0eb30735c98d0b0a
6,C,p6_C_cached_crt_reset,p6_C_cached_crt_reset_s43,43,NOT APPLICABLE,joint,10,dev,NOT APPLICABLE,1.8123996257781982,0.47010434010434016,0.4387056471764118,0.42682559927947655,0.4387056471764118,0.48,0.17056240095032585,0.14848214285714284,0.17232142857142857,0.15375850340136055,0.42539957432403985,[0.001],3.5308437665303547,900,547,61,0.39222222222222225,0.15375850340136055,True,0,True,True,6a7327030cebcb05c2fdcc5861b585e922c2c1a5c4a68fdf0eb30735c98d0b0a
6,C,p6_C_cached_crt_reset,p6_C_cached_crt_reset_s43,43,NOT APPLICABLE,decoupled,1,train,1.778164008723365,1.4766310453414917,0.5961364205205252,0.5644424353931395,0.5112969479784543,0.5644424353931395,0.4866666666666667,0.030308995925717883,0.22517246348213962,0.24404298813162387,0.20775044467477094,0.5109762934008336,[0.001],7.1057683308919275,900,547,61,0.39222222222222225,0.08839285714285713,NOT APPLICABLE: fixed-final cRT,NOT APPLICABLE: fixed-final cRT,False,False,35b1cc926cca6e2e571ee7046b3192fcdeec506e535339884719fb4a85d71a56
6,C,p6_C_cached_crt_reset,p6_C_cached_crt_reset_s43,43,NOT APPLICABLE,decoupled,1,dev,NOT APPLICABLE,1.9355939626693726,0.370727385694278,0.34543561552557056,0.30656730882699323,0.34543561552557056,0.30666666666666664,0.08608490811453925,0.08526785714285715,0.10446428571428572,0.08839285714285713,0.3055820871521163,[0.001],7.1057683308919275,900,547,61,0.39222222222222225,0.08839285714285713,NOT APPLICABLE: fixed-final cRT,NOT APPLICABLE: fixed-final cRT,False,False,35b1cc926cca6e2e571ee7046b3192fcdeec506e535339884719fb4a85d71a56
6,C,p6_C_cached_crt_reset,p6_C_cached_crt_reset_s43,43,NOT APPLICABLE,decoupled,2,train,1.1276038371192085,1.100593090057373,0.6655990448319035,0.6543088863511398,0.6313783342076208,0.6543088863511398,0.6222222222222222,0.05361594148808055,0.3095490029096587,0.31571633654851217,0.28635625238096996,0.6309830046130634,[0.001],6.544931411743164,900,548,61,0.3911111111111111,0.11721088435374147,NOT APPLICABLE: fixed-final cRT,NOT APPLICABLE: fixed-final cRT,False,False,35b1cc926cca6e2e571ee7046b3192fcdeec506e535339884719fb4a85d71a56
6,C,p6_C_cached_crt_reset,p6_C_cached_crt_reset_s43,43,NOT APPLICABLE,decoupled,2,dev,NOT APPLICABLE,1.7571830749511719,0.4161925647451964,0.37788605697151423,0.3715863221830964,0.37788605697151423,0.38666666666666666,0.108594544728597,0.11244047619047619,0.1348214285714286,0.11721088435374147,0.3701602972276597,[0.001],6.544931411743164,900,548,61,0.3911111111111111,0.11721088435374147,NOT APPLICABLE: fixed-final cRT,NOT APPLICABLE: fixed-final cRT,False,False,35b1cc926cca6e2e571ee7046b3192fcdeec506e535339884719fb4a85d71a56
6,C,p6_C_cached_crt_reset,p6_C_cached_crt_reset_s43,43,NOT APPLICABLE,decoupled,3,train,0.8881059344609579,0.9041621088981628,0.7340170957866681,0.7442340227551494,0.718372172133308,0.7442340227551494,0.7122222222222222,0.09136915889051225,0.3743088432993523,0.36727463978089153,0.3491893303146526,0.7179501976110151,[0.001],4.894906616210937,900,548,60,0.3911111111111111,0.12805272108843538,NOT APPLICABLE: fixed-final cRT,NOT APPLICABLE: fixed-final cRT,False,False,35b1cc926cca6e2e571ee7046b3192fcdeec506e535339884719fb4a85d71a56
6,C,p6_C_cached_crt_reset,p6_C_cached_crt_reset_s43,43,NOT APPLICABLE,decoupled,3,dev,NOT APPLICABLE,1.7434018850326538,0.42035813025995356,0.41991504247876066,0.39991446085012067,0.41991504247876066,0.4222222222222222,0.13148169702953763,0.12464285714285714,0.14389880952380954,0.12805272108843538,0.3985207326271241,[0.001],4.894906616210937,900,548,60,0.3911111111111111,0.12805272108843538,NOT APPLICABLE: fixed-final cRT,NOT APPLICABLE: fixed-final cRT,False,False,35b1cc926cca6e2e571ee7046b3192fcdeec506e535339884719fb4a85d71a56
6,C,p6_C_cached_crt_reset,p6_C_cached_crt_reset_s43,43,NOT APPLICABLE,decoupled,4,train,0.7053408720758226,0.7550994157791138,0.7879917264466345,0.8009437254155565,0.7836108764423887,0.8009437254155565,0.7833333333333333,0.12605566769838333,0.4106216909064191,0.4154446010135091,0.39609394994276437,0.7830789615487717,[0.001],4.175473403930664,900,532,61,0.40888888888888886,0.13232993197278914,NOT APPLICABLE: fixed-final cRT,NOT APPLICABLE: fixed-final cRT,False,False,35b1cc926cca6e2e571ee7046b3192fcdeec506e535339884719fb4a85d71a56
6,C,p6_C_cached_crt_reset,p6_C_cached_crt_reset_s43,43,NOT APPLICABLE,decoupled,4,dev,NOT APPLICABLE,1.7075594663619995,0.40963174184716405,0.39692653673163425,0.38554200784648546,0.39692653673163425,0.4222222222222222,0.14919119914372764,0.12913690476190476,0.14732142857142858,0.13232993197278914,0.3841307175239048,[0.001],4.175473403930664,900,532,61,0.40888888888888886,0.13232993197278914,NOT APPLICABLE: fixed-final cRT,NOT APPLICABLE: fixed-final cRT,False,False,35b1cc926cca6e2e571ee7046b3192fcdeec506e535339884719fb4a85d71a56
6,C,p6_C_cached_crt_reset,p6_C_cached_crt_reset_s43,43,NOT APPLICABLE,decoupled,5,train,0.691812687449985,0.6716280579566956,0.8029822217709869,0.8274600304529882,0.8078616814881568,0.8274600304529882,0.8044444444444444,0.11868666481640605,0.43632250195986766,0.4369302319427354,0.4205469896798629,0.8072947880641204,[0.001],4.699220355351766,900,553,61,0.38555555555555554,0.1389965986394558,NOT APPLICABLE: fixed-final cRT,NOT APPLICABLE: fixed-final cRT,True,True,35b1cc926cca6e2e571ee7046b3192fcdeec506e535339884719fb4a85d71a56
6,C,p6_C_cached_crt_reset,p6_C_cached_crt_reset_s43,43,NOT APPLICABLE,decoupled,5,dev,NOT APPLICABLE,1.7255765199661255,0.4349047744542112,0.4219806763285024,0.41172460600783023,0.4219806763285024,0.44,0.14472833461231654,0.13672619047619047,0.15535714285714286,0.1389965986394558,0.41031331568524954,[0.001],4.699220355351766,900,553,61,0.38555555555555554,0.1389965986394558,NOT APPLICABLE: fixed-final cRT,NOT APPLICABLE: fixed-final cRT,True,True,35b1cc926cca6e2e571ee7046b3192fcdeec506e535339884719fb4a85d71a56
6,C,p6_C_cached_natural,p6_C_cached_natural_s17,17,NOT APPLICABLE,joint,1,train,1.932880425983005,1.3619885444641113,0.526171023499044,0.4460538002791524,0.44581149927606845,0.4460538002791524,0.5166666666666667,0.0494914421439171,0.17050568217601406,0.21886519403538016,0.17651226300252648,0.4454573520253694,[0.001],6.450540892283121,900,900,61,0.0,0.1112329931972789,True,0,False,True,a5cc3df07a65074d788a9bce2710ef36173fd688882c0b070959f4cdc30efc90
6,C,p6_C_cached_natural,p6_C_cached_natural_s17,17,NOT APPLICABLE,joint,1,dev,NOT APPLICABLE,1.751488208770752,0.5027171290999238,0.30604697651174406,0.3013260387449795,0.30604697651174406,0.4088888888888889,0.07741390797826977,0.09991071428571427,0.14732142857142855,0.1112329931972789,0.30009451165138346,[0.001],6.450540892283121,900,900,61,0.0,0.1112329931972789,True,0,False,True,a5cc3df07a65074d788a9bce2710ef36173fd688882c0b070959f4cdc30efc90
6,C,p6_C_cached_natural,p6_C_cached_natural_s17,17,NOT APPLICABLE,joint,2,train,1.243934457567003,1.0547232627868652,0.659398612852657,0.6004245442625724,0.6117591373827174,0.6004245442625724,0.6366666666666667,0.0640189304285579,0.2801645388020838,0.3004128130829993,0.2749590913738455,0.6113385180879258,[0.001],5.776992893218994,900,900,61,0.0,0.13668367346938776,True,0,False,True,a5cc3df07a65074d788a9bce2710ef36173fd688882c0b070959f4cdc30efc90
6,C,p6_C_cached_natural,p6_C_cached_natural_s17,17,NOT APPLICABLE,joint,2,dev,NOT APPLICABLE,1.5675686597824097,0.44734080957356814,0.40043311677494586,0.4092391468285366,0.40043311677494586,0.4577777777777778,0.09565550684928893,0.1288690476190476,0.1625,0.13668367346938776,0.4077265417865198,[0.001],5.776992893218994,900,900,61,0.0,0.13668367346938776,True,0,False,True,a5cc3df07a65074d788a9bce2710ef36173fd688882c0b070959f4cdc30efc90
6,C,p6_C_cached_natural,p6_C_cached_natural_s17,17,NOT APPLICABLE,joint,3,train,1.0060159134864808,0.8381657004356384,0.7530265459423521,0.7131487120923741,0.7282714995901324,0.7131487120923741,0.7344444444444445,0.11282709398203426,0.3698715522280052,0.37317971923417875,0.35538644824596,0.7277658454575591,[0.001],5.471944046020508,900,900,61,0.0,0.14899659863945577,True,0,False,True,a5cc3df07a65074d788a9bce2710ef36173fd688882c0b070959f4cdc30efc90
6,C,p6_C_cached_natural,p6_C_cached_natural_s17,17,NOT APPLICABLE,joint,3,dev,NOT APPLICABLE,1.5977973937988281,0.4589953295209866,0.423071797434616,0.4187255685124529,0.423071797434616,0.47555555555555556,0.09209041092130874,0.14288690476190474,0.16964285714285715,0.14899659863945577,0.4171126652866464,[0.001],5.471944046020508,900,900,61,0.0,0.14899659863945577,True,0,False,True,a5cc3df07a65074d788a9bce2710ef36173fd688882c0b070959f4cdc30efc90
6,C,p6_C_cached_natural,p6_C_cached_natural_s17,17,NOT APPLICABLE,joint,4,train,0.8540436930126614,0.7593328356742859,0.7878537714909023,0.76305037431798,0.7667726942580915,0.76305037431798,0.7688888888888888,0.13998804226517672,0.40601522766463083,0.4049343462409592,0.39021927051767946,0.7662578812420643,[0.001],5.671471834182739,900,900,61,0.0,0.14899659863945577,False,1,False,False,a5cc3df07a65074d788a9bce2710ef36173fd688882c0b070959f4cdc30efc90
6,C,p6_C_cached_natural,p6_C_cached_natural_s17,17,NOT APPLICABLE,joint,4,dev,NOT APPLICABLE,1.7357237339019775,0.44230525030525036,0.4023404964184574,0.3837759931457906,0.4023404964184574,0.4444444444444444,0.14142446107334564,0.1331547619047619,0.15892857142857145,0.13899659863945577,0.38216679774349177,[0.001],5.671471834182739,900,900,61,0.0,0.14899659863945577,False,1,False,False,a5cc3df07a65074d788a9bce2710ef36173fd688882c0b070959f4cdc30efc90
6,C,p6_C_cached_natural,p6_C_cached_natural_s17,17,NOT APPLICABLE,joint,5,train,0.7495863782034979,0.690338671207428,0.8179454715294836,0.8073991244765892,0.7977430168949847,0.8073991244765892,0.8,0.13628593405087788,0.4281566792757402,0.42121984942907426,0.4098961963583522,0.7971715883235563,[0.001],5.207856400807699,900,900,61,0.0,0.14899659863945577,False,2,False,False,a5cc3df07a65074d788a9bce2710ef36173fd688882c0b070959f4cdc30efc90
6,C,p6_C_cached_natural,p6_C_cached_natural_s17,17,NOT APPLICABLE,joint,5,dev,NOT APPLICABLE,1.7507096529006958,0.44125987136856704,0.42442945194069626,0.3988153656969025,0.42442945194069626,0.4488888888888889,0.12751498685942755,0.13544642857142858,0.15892857142857145,0.1409608843537415,0.3972024624710961,[0.001],5.207856400807699,900,900,61,0.0,0.14899659863945577,False,2,False,False,a5cc3df07a65074d788a9bce2710ef36173fd688882c0b070959f4cdc30efc90
6,C,p6_C_cached_natural,p6_C_cached_natural_s17,17,NOT APPLICABLE,joint,6,train,0.6595202483733495,0.5667061805725098,0.8574645929134027,0.8258025631265067,0.8311542731280659,0.8258025631265067,0.8411111111111111,0.14224099275138644,0.4354064365037395,0.4337363884147713,0.4239250908526163,0.830579109729373,[0.001],4.207979043324788,900,900,61,0.0,0.14899659863945577,False,3,False,False,a5cc3df07a65074d788a9bce2710ef36173fd688882c0b070959f4cdc30efc90
6,C,p6_C_cached_natural,p6_C_cached_natural_s17,17,NOT APPLICABLE,joint,6,dev,NOT APPLICABLE,1.660512924194336,0.4308291949596298,0.4058887223055139,0.3933522069381346,0.4058887223055139,0.4577777777777778,0.14837092214160497,0.1306547619047619,0.16041666666666668,0.1376360544217687,0.3918507054366331,[0.001],4.207979043324788,900,900,61,0.0,0.14899659863945577,False,3,False,False,a5cc3df07a65074d788a9bce2710ef36173fd688882c0b070959f4cdc30efc90
6,C,p6_C_cached_natural,p6_C_cached_natural_s17,17,NOT APPLICABLE,joint,7,train,0.5844418802526262,0.5231019854545593,0.8888279686940365,0.8231019752146512,0.8449733329158822,0.8231019752146512,0.8444444444444444,0.12057580792241625,0.4488424253650705,0.4445872861509149,0.43528513645140243,0.8443474825757462,[0.001],4.004527695973715,900,900,61,0.0,0.14899659863945577,False,4,False,False,a5cc3df07a65074d788a9bce2710ef36173fd688882c0b070959f4cdc30efc90
6,C,p6_C_cached_natural,p6_C_cached_natural_s17,17,NOT APPLICABLE,joint,7,dev,NOT APPLICABLE,1.7067763805389404,0.39551448551448554,0.37945194069631855,0.37155849684971826,0.37945194069631855,0.4488888888888889,0.18308813638157317,0.1280059523809524,0.16041666666666668,0.13494897959183672,0.36995421877485196,[0.001],4.004527695973715,900,900,61,0.0,0.14899659863945577,False,4,False,False,a5cc3df07a65074d788a9bce2710ef36173fd688882c0b070959f4cdc30efc90
6,C,p6_C_cached_natural,p6_C_cached_natural_s17,17,NOT APPLICABLE,joint,8,train,0.5167277100351122,0.45137178897857666,0.9009094048622274,0.8892991583132428,0.8879390414784705,0.8892991583132428,0.8966666666666666,0.1617833138174481,0.4979609525573682,0.49093779356699613,0.48528528363091317,0.8873131911383345,[0.001],4.545838816960653,900,900,61,0.0,0.14899659863945577,False,5,False,False,a5cc3df07a65074d788a9bce2710ef36173fd688882c0b070959f4cdc30efc90
6,C,p6_C_cached_natural,p6_C_cached_natural_s17,17,NOT APPLICABLE,joint,8,dev,NOT APPLICABLE,1.7050237655639648,0.40715537787021167,0.4044727636181909,0.3907643268650856,0.4044727636181909,0.4577777777777778,0.15815983997450936,0.13470238095238096,0.16339285714285715,0.14191326530612244,0.3891514236392791,[0.001],4.545838816960653,900,900,61,0.0,0.14899659863945577,False,5,False,False,a5cc3df07a65074d788a9bce2710ef36173fd688882c0b070959f4cdc30efc90
6,C,p6_C_cached_natural,p6_C_cached_natural_s17,17,NOT APPLICABLE,joint,9,train,0.4459935110145145,0.405490517616272,0.9133879313623332,0.9284085141479508,0.9179738235446692,0.9284085141479508,0.9166666666666666,0.17339282769295908,0.5226189007244004,0.5121419309596581,0.5079630126553069,0.9173986601459765,[0.001],3.3495068550109863,900,900,61,0.0,0.14899659863945577,False,6,False,False,a5cc3df07a65074d788a9bce2710ef36173fd688882c0b070959f4cdc30efc90
6,C,p6_C_cached_natural,p6_C_cached_natural_s17,17,NOT APPLICABLE,joint,9,dev,NOT APPLICABLE,1.751991629600525,0.4345941803433314,0.4219057138097617,0.4111043381475053,0.4219057138097617,0.4533333333333333,0.16942944049835207,0.1355654761904762,0.15952380952380954,0.14108843537414967,0.4096028366460038,[0.001],3.3495068550109863,900,900,61,0.0,0.14899659863945577,False,6,False,False,a5cc3df07a65074d788a9bce2710ef36173fd688882c0b070959f4cdc30efc90
6,C,p6_C_cached_natural,p6_C_cached_natural_s17,17,NOT APPLICABLE,joint,10,train,0.39512570732169683,0.3551202416419983,0.933748296537378,0.9253547561646153,0.9256802302280057,0.9253547561646153,0.9288888888888889,0.16117260790533489,0.5171854401666195,0.5152547334577066,0.5092115530158228,0.9250543798878699,[0.001],3.044467576344808,900,900,61,0.0,0.14899659863945577,False,7,True,True,a5cc3df07a65074d788a9bce2710ef36173fd688882c0b070959f4cdc30efc90
6,C,p6_C_cached_natural,p6_C_cached_natural_s17,17,NOT APPLICABLE,joint,10,dev,NOT APPLICABLE,1.782261610031128,0.4482320813630111,0.42062302182242217,0.42154342277428397,0.42062302182242217,0.4666666666666667,0.1949525832467609,0.13991071428571428,0.16666666666666666,0.1459608843537415,0.41983887731973857,[0.001],3.044467576344808,900,900,61,0.0,0.14899659863945577,False,7,True,True,a5cc3df07a65074d788a9bce2710ef36173fd688882c0b070959f4cdc30efc90
6,C,p6_C_cached_natural,p6_C_cached_natural_s29,29,NOT APPLICABLE,joint,1,train,1.875352503458659,1.2930805683135986,0.596521096037651,0.5388434208856745,0.5376816154879717,0.5388434208856745,0.5777777777777777,0.11591740166147552,0.24308257771372527,0.2625810410299157,0.23548899270249626,0.5372984370226014,[0.001],6.620890267690023,900,900,61,0.0,0.12010204081632654,True,0,False,True,0616a515e9fc2a48bb1d8025e115f3dc90704ecc571fd8d85be43a5ab0c56aa4
6,C,p6_C_cached_natural,p6_C_cached_natural_s29,29,NOT APPLICABLE,joint,1,dev,NOT APPLICABLE,1.715868353843689,0.4051134689065723,0.356471764117941,0.3516340379361127,0.356471764117941,0.4177777777777778,0.08326317138142057,0.11050595238095237,0.15,0.12010204081632654,0.35022274761353206,[0.001],6.620890267690023,900,900,61,0.0,0.12010204081632654,True,0,False,True,0616a515e9fc2a48bb1d8025e115f3dc90704ecc571fd8d85be43a5ab0c56aa4
6,C,p6_C_cached_natural,p6_C_cached_natural_s29,29,NOT APPLICABLE,joint,2,train,1.213985489209493,1.0293513536453247,0.6735287521977553,0.6399468130101933,0.6337837985877474,0.6399468130101933,0.6577777777777778,0.0839237989981969,0.3035747809811915,0.31670867569033734,0.2943449368684504,0.6334233691398945,[0.001],5.450083080927531,900,900,61,0.0,0.1416836734693878,True,0,False,True,0616a515e9fc2a48bb1d8025e115f3dc90704ecc571fd8d85be43a5ab0c56aa4
6,C,p6_C_cached_natural,p6_C_cached_natural_s29,29,NOT APPLICABLE,joint,2,dev,NOT APPLICABLE,1.6434106826782227,0.4654427237990655,0.4213143428285857,0.4116664727198064,0.4213143428285857,0.4622222222222222,0.09934200101428563,0.1336309523809524,0.1642857142857143,0.1416836734693878,0.4103862451237893,[0.001],5.450083080927531,900,900,61,0.0,0.1416836734693878,True,0,False,True,0616a515e9fc2a48bb1d8025e115f3dc90704ecc571fd8d85be43a5ab0c56aa4
6,C,p6_C_cached_natural,p6_C_cached_natural_s29,29,NOT APPLICABLE,joint,3,train,0.9681317085689969,0.8371931314468384,0.7395285703366039,0.7231321109842237,0.7215282442542907,0.7231321109842237,0.7333333333333333,0.11312895788086783,0.3556097620272295,0.36802220193439983,0.3473887775141391,0.72105543101552,[0.001],5.480520216623942,900,900,61,0.0,0.14584183673469392,True,0,False,True,0616a515e9fc2a48bb1d8025e115f3dc90704ecc571fd8d85be43a5ab0c56aa4
6,C,p6_C_cached_natural,p6_C_cached_natural_s29,29,NOT APPLICABLE,joint,3,dev,NOT APPLICABLE,1.6291712522506714,0.45881422215132817,0.4326336831584208,0.4239186098283225,0.4326336831584208,0.4711111111111111,0.10041773517926536,0.13946428571428574,0.16875,0.14584183673469392,0.42241323348423654,[0.001],5.480520216623942,900,900,61,0.0,0.14584183673469392,True,0,False,True,0616a515e9fc2a48bb1d8025e115f3dc90704ecc571fd8d85be43a5ab0c56aa4
6,C,p6_C_cached_natural,p6_C_cached_natural_s29,29,NOT APPLICABLE,joint,4,train,0.8286359511481391,0.7345954179763794,0.8095215715687244,0.7646502135938755,0.7784426922796965,0.7646502135938755,0.7811111111111111,0.14646300044324664,0.3989210529683521,0.40984053109990864,0.39075282265054184,0.7778878327844397,[0.001],4.6383931318918865,900,900,61,0.0,0.14584183673469392,False,1,False,False,0616a515e9fc2a48bb1d8025e115f3dc90704ecc571fd8d85be43a5ab0c56aa4
6,C,p6_C_cached_natural,p6_C_cached_natural_s29,29,NOT APPLICABLE,joint,4,dev,NOT APPLICABLE,1.6819097995758057,0.46381121480850407,0.4106196901549225,0.4110639083955651,0.4106196901549225,0.4533333333333333,0.13556632280349734,0.1275,0.1592261904761905,0.13625850340136056,0.4093178766495334,[0.001],4.6383931318918865,900,900,61,0.0,0.14584183673469392,False,1,False,False,0616a515e9fc2a48bb1d8025e115f3dc90704ecc571fd8d85be43a5ab0c56aa4
6,C,p6_C_cached_natural,p6_C_cached_natural_s29,29,NOT APPLICABLE,joint,5,train,0.7118350791931153,0.6415224671363831,0.8294299729134303,0.7827644545954404,0.7837506440878566,0.7827644545954404,0.8022222222222222,0.11199140469233194,0.397926373310325,0.40646575106841853,0.390793959094209,0.7818444332412482,[0.001],5.013890568415324,900,900,61,0.0,0.14584183673469392,False,2,False,False,0616a515e9fc2a48bb1d8025e115f3dc90704ecc571fd8d85be43a5ab0c56aa4
6,C,p6_C_cached_natural,p6_C_cached_natural_s29,29,NOT APPLICABLE,joint,5,dev,NOT APPLICABLE,1.6472716331481934,0.4141767744833783,0.4128602365483925,0.3847927772227048,0.4128602365483925,0.4622222222222222,0.1379327020380232,0.13098214285714285,0.16101190476190477,0.13834183673469388,0.3829440377269065,[0.001],5.013890568415324,900,900,61,0.0,0.14584183673469392,False,2,False,False,0616a515e9fc2a48bb1d8025e115f3dc90704ecc571fd8d85be43a5ab0c56aa4
6,C,p6_C_cached_natural,p6_C_cached_natural_s29,29,NOT APPLICABLE,joint,6,train,0.6351619667477078,0.5794669389724731,0.8736057502638603,0.8240536310958847,0.831940301099564,0.8240536310958847,0.8344444444444444,0.14228011866410573,0.4388778386029678,0.4401698884610804,0.42725669390427806,0.8300840919492372,[0.001],4.799473746617635,900,900,61,0.0,0.14584183673469392,False,3,False,False,0616a515e9fc2a48bb1d8025e115f3dc90704ecc571fd8d85be43a5ab0c56aa4
6,C,p6_C_cached_natural,p6_C_cached_natural_s29,29,NOT APPLICABLE,joint,6,dev,NOT APPLICABLE,1.7421875,0.46986856407920585,0.4231467599533566,0.4104330978015189,0.4231467599533566,0.4622222222222222,0.15834062092834048,0.13702380952380955,0.1619047619047619,0.14304421768707484,0.40868706605548716,[0.001],4.799473746617635,900,900,61,0.0,0.14584183673469392,False,3,False,False,0616a515e9fc2a48bb1d8025e115f3dc90704ecc571fd8d85be43a5ab0c56aa4
6,C,p6_C_cached_natural,p6_C_cached_natural_s29,29,NOT APPLICABLE,joint,7,train,0.580974600315094,0.5026029348373413,0.8720608117421982,0.8858018229497103,0.8764512141084791,0.8858018229497103,0.8777777777777778,0.18230266655484834,0.4803005464480874,0.47987370830521714,0.4699820529304618,0.8745181552217778,[0.001],4.809783029556274,900,900,61,0.0,0.14584183673469392,False,4,False,False,0616a515e9fc2a48bb1d8025e115f3dc90704ecc571fd8d85be43a5ab0c56aa4
6,C,p6_C_cached_natural,p6_C_cached_natural_s29,29,NOT APPLICABLE,joint,7,dev,NOT APPLICABLE,1.7415355443954468,0.4283382344312483,0.39778444111277694,0.39420714016786945,0.39778444111277694,0.44,0.13478184156947667,0.1315178571428572,0.15595238095238095,0.13738945578231293,0.3925942369420631,[0.001],4.809783029556274,900,900,61,0.0,0.14584183673469392,False,4,False,False,0616a515e9fc2a48bb1d8025e115f3dc90704ecc571fd8d85be43a5ab0c56aa4
6,C,p6_C_cached_natural,p6_C_cached_natural_s29,29,NOT APPLICABLE,joint,8,train,0.49619524796803793,0.4459359347820282,0.8991138594579453,0.9081393012731042,0.8989590901582508,0.9081393012731042,0.9022222222222223,0.17371866981188455,0.5012697530619177,0.49294943039733263,0.4881482396776269,0.8969999064847813,[0.001],4.182301060358683,900,900,61,0.0,0.14584183673469392,False,5,False,False,0616a515e9fc2a48bb1d8025e115f3dc90704ecc571fd8d85be43a5ab0c56aa4
6,C,p6_C_cached_natural,p6_C_cached_natural_s29,29,NOT APPLICABLE,joint,8,dev,NOT APPLICABLE,1.7218530178070068,0.4243891402714932,0.41552557054805933,0.4038576445355444,0.41552557054805933,0.44,0.16488356987635291,0.13464285714285715,0.15476190476190477,0.13822278911564626,0.40225336646067805,[0.001],4.182301060358683,900,900,61,0.0,0.14584183673469392,False,5,False,False,0616a515e9fc2a48bb1d8025e115f3dc90704ecc571fd8d85be43a5ab0c56aa4
6,C,p6_C_cached_natural,p6_C_cached_natural_s29,29,NOT APPLICABLE,joint,9,train,0.4395461986462275,0.3905528783798218,0.9116099618241755,0.9117450196675548,0.9069040176307744,0.9117450196675548,0.9133333333333333,0.16169705650872654,0.5008314490295835,0.4967745670093544,0.49032549043156565,0.9049181759464865,[0.001],3.597374741236369,900,900,61,0.0,0.14584183673469392,False,6,False,False,0616a515e9fc2a48bb1d8025e115f3dc90704ecc571fd8d85be43a5ab0c56aa4
6,C,p6_C_cached_natural,p6_C_cached_natural_s29,29,NOT APPLICABLE,joint,9,dev,NOT APPLICABLE,1.7447401285171509,0.4345385792368551,0.41617524571047804,0.4077393838726051,0.41617524571047804,0.4577777777777778,0.19521201266182792,0.14014880952380954,0.16160714285714287,0.1453656462585034,0.4060348384180597,[0.001],3.597374741236369,900,900,61,0.0,0.14584183673469392,False,6,False,False,0616a515e9fc2a48bb1d8025e115f3dc90704ecc571fd8d85be43a5ab0c56aa4
6,C,p6_C_cached_natural,p6_C_cached_natural_s29,29,NOT APPLICABLE,joint,10,train,0.38234191921022204,0.3586806654930115,0.9362079974814392,0.9510827729137589,0.9423660767586579,0.9510827729137589,0.94,0.18273354126347435,0.5324322563145847,0.5290540361740695,0.5242947570946362,0.9404068930851885,[0.001],3.6391080538431804,900,900,61,0.0,0.14584183673469392,False,7,True,True,0616a515e9fc2a48bb1d8025e115f3dc90704ecc571fd8d85be43a5ab0c56aa4
6,C,p6_C_cached_natural,p6_C_cached_natural_s29,29,NOT APPLICABLE,joint,10,dev,NOT APPLICABLE,1.8013170957565308,0.4311652938123526,0.4061385973679827,0.40536389796445,0.4061385973679827,0.43555555555555553,0.1916072459353341,0.13068452380952383,0.1541666666666667,0.1359013605442177,0.40384874644929847,[0.001],3.6391080538431804,900,900,61,0.0,0.14584183673469392,False,7,True,True,0616a515e9fc2a48bb1d8025e115f3dc90704ecc571fd8d85be43a5ab0c56aa4
6,C,p6_C_cached_natural,p6_C_cached_natural_s43,43,NOT APPLICABLE,joint,1,train,1.9240531921386719,1.3173223733901978,0.5692892938123066,0.4790445374952417,0.49701989073148856,0.4790445374952417,0.5333333333333333,0.08783321508102945,0.20572381329434325,0.23408089548684158,0.20229565960910026,0.4966948316298338,[0.001],6.639121723175049,900,900,61,0.0,0.11899659863945578,True,0,False,True,9ff3e29ef15611b8165e0866b9826ee8f288e4fac947fb9b7cc6f002527f9ddb
6,C,p6_C_cached_natural,p6_C_cached_natural_s43,43,NOT APPLICABLE,joint,1,dev,NOT APPLICABLE,1.7248831987380981,0.5024290521217432,0.34349491920706315,0.36148413414542446,0.34349491920706315,0.4222222222222222,0.07556163032849628,0.10976190476190477,0.15000000000000002,0.11899659863945578,0.3599787578013384,[0.001],6.639121723175049,900,900,61,0.0,0.11899659863945578,True,0,False,True,9ff3e29ef15611b8165e0866b9826ee8f288e4fac947fb9b7cc6f002527f9ddb
6,C,p6_C_cached_natural,p6_C_cached_natural_s43,43,NOT APPLICABLE,joint,2,train,1.2416518688201905,1.0404807329177856,0.6548284839901204,0.6133464450365859,0.6240308391466197,0.6133464450365859,0.6311111111111111,0.06947651275330122,0.30014419551304794,0.31163600338718433,0.28710813981834604,0.6236766918959209,[0.001],5.390667295455932,900,900,61,0.0,0.13322278911564628,True,0,False,True,9ff3e29ef15611b8165e0866b9826ee8f288e4fac947fb9b7cc6f002527f9ddb
6,C,p6_C_cached_natural,p6_C_cached_natural_s43,43,NOT APPLICABLE,joint,2,dev,NOT APPLICABLE,1.6796249151229858,0.47540365599791834,0.40544727636181915,0.4041731789022811,0.40544727636181915,0.44,0.09765924718644882,0.12526785714285715,0.1571428571428571,0.13322278911564628,0.40265802738712964,[0.001],5.390667295455932,900,900,61,0.0,0.13322278911564628,True,0,False,True,9ff3e29ef15611b8165e0866b9826ee8f288e4fac947fb9b7cc6f002527f9ddb
6,C,p6_C_cached_natural,p6_C_cached_natural_s43,43,NOT APPLICABLE,joint,3,train,0.9968561776479086,0.86066073179245,0.7246863390802243,0.7172360741022713,0.7139869824540448,0.7172360741022713,0.7255555555555555,0.12051752196417913,0.35678579250234455,0.36658391159641507,0.34802018999453066,0.7135489582229172,[0.001],5.222545337677002,900,900,61,0.0,0.13322278911564628,False,1,False,False,9ff3e29ef15611b8165e0866b9826ee8f288e4fac947fb9b7cc6f002527f9ddb
6,C,p6_C_cached_natural,p6_C_cached_natural_s43,43,NOT APPLICABLE,joint,3,dev,NOT APPLICABLE,1.6518086194992065,0.4513136288998358,0.4163501582542062,0.406049015769121,0.4163501582542062,0.4488888888888889,0.08892815934287178,0.12303571428571429,0.15714285714285714,0.1327465986394558,0.40444473769425465,[0.001],5.222545337677002,900,900,61,0.0,0.13322278911564628,False,1,False,False,9ff3e29ef15611b8165e0866b9826ee8f288e4fac947fb9b7cc6f002527f9ddb
6,C,p6_C_cached_natural,p6_C_cached_natural_s43,43,NOT APPLICABLE,joint,4,train,0.8568197059631347,0.7655116319656372,0.7718083862935121,0.7936054011758237,0.77697421283622,0.7936054011758237,0.7844444444444445,0.1620628182590008,0.41503469625211087,0.41161797589277443,0.39905871905871904,0.7764685587036467,[0.001],5.9066719055175785,900,900,61,0.0,0.14322278911564626,True,0,False,True,9ff3e29ef15611b8165e0866b9826ee8f288e4fac947fb9b7cc6f002527f9ddb
6,C,p6_C_cached_natural,p6_C_cached_natural_s43,43,NOT APPLICABLE,joint,4,dev,NOT APPLICABLE,1.644138216972351,0.43017863590657707,0.44744294519406963,0.4307722436264158,0.44744294519406963,0.4666666666666667,0.09859355092048647,0.13598214285714288,0.16339285714285715,0.14322278911564626,0.42925963858439903,[0.001],5.9066719055175785,900,900,61,0.0,0.14322278911564626,True,0,False,True,9ff3e29ef15611b8165e0866b9826ee8f288e4fac947fb9b7cc6f002527f9ddb
6,C,p6_C_cached_natural,p6_C_cached_natural_s43,43,NOT APPLICABLE,joint,5,train,0.757233214908176,0.6492083668708801,0.8301357701216885,0.8374910121388994,0.831607480073818,0.8374910121388994,0.8344444444444444,0.1848113384511736,0.44939480653124236,0.4465501329734449,0.43556674392301636,0.8310584604659749,[0.001],5.123060528437296,900,900,61,0.0,0.14322278911564626,False,1,False,False,9ff3e29ef15611b8165e0866b9826ee8f288e4fac947fb9b7cc6f002527f9ddb
6,C,p6_C_cached_natural,p6_C_cached_natural_s43,43,NOT APPLICABLE,joint,5,dev,NOT APPLICABLE,1.6501096487045288,0.42252319015930634,0.4180742961852407,0.40279164045674853,0.4180742961852407,0.4533333333333333,0.12037984490394592,0.1292559523809524,0.15952380952380954,0.13632653061224492,0.40136916535006295,[0.001],5.123060528437296,900,900,61,0.0,0.14322278911564626,False,1,False,False,9ff3e29ef15611b8165e0866b9826ee8f288e4fac947fb9b7cc6f002527f9ddb
6,C,p6_C_cached_natural,p6_C_cached_natural_s43,43,NOT APPLICABLE,joint,6,train,0.6507145060433281,0.578155517578125,0.8809113221050493,0.8371399568582667,0.8515952191168644,0.8371399568582667,0.85,0.16087450601988368,0.4557793390580276,0.4535256155810477,0.4425408153437462,0.8510519253986981,[0.001],3.9313363711039226,900,900,61,0.0,0.14400510204081632,True,0,False,True,9ff3e29ef15611b8165e0866b9826ee8f288e4fac947fb9b7cc6f002527f9ddb
6,C,p6_C_cached_natural,p6_C_cached_natural_s43,43,NOT APPLICABLE,joint,6,dev,NOT APPLICABLE,1.6627277135849,0.42698193408719726,0.40964517741129436,0.39531679115807733,0.40964517741129436,0.4711111111111111,0.13545426580641007,0.1358035714285714,0.16845238095238094,0.14400510204081632,0.39389431605139175,[0.001],3.9313363711039226,900,900,61,0.0,0.14400510204081632,True,0,False,True,9ff3e29ef15611b8165e0866b9826ee8f288e4fac947fb9b7cc6f002527f9ddb
6,C,p6_C_cached_natural,p6_C_cached_natural_s43,43,NOT APPLICABLE,joint,7,train,0.5842046944300333,0.5169191956520081,0.8910770761655084,0.8458491942646873,0.8607029981684018,0.8458491942646873,0.86,0.14506207760837342,0.4609356894100416,0.4545989957527884,0.44722108368531616,0.860127834769709,[0.001],4.121088441212972,900,900,61,0.0,0.14400510204081632,False,1,False,False,9ff3e29ef15611b8165e0866b9826ee8f288e4fac947fb9b7cc6f002527f9ddb
6,C,p6_C_cached_natural,p6_C_cached_natural_s43,43,NOT APPLICABLE,joint,7,dev,NOT APPLICABLE,1.6675257682800293,0.4077440306606973,0.38703981342662,0.3861842793588387,0.38703981342662,0.4622222222222222,0.15484906951586405,0.12955357142857143,0.162202380952381,0.13828231292517007,0.38468277785733723,[0.001],4.121088441212972,900,900,61,0.0,0.14400510204081632,False,1,False,False,9ff3e29ef15611b8165e0866b9826ee8f288e4fac947fb9b7cc6f002527f9ddb
6,C,p6_C_cached_natural,p6_C_cached_natural_s43,43,NOT APPLICABLE,joint,8,train,0.5092288933859931,0.44955167174339294,0.9103570687318274,0.8778866895064079,0.8900146620127943,0.8778866895064079,0.8888888888888888,0.16174238827493456,0.48587534235700386,0.48295574828986887,0.47600409419019163,0.889398683342205,[0.001],3.9232091267903644,900,900,61,0.0,0.14400510204081632,False,2,False,False,9ff3e29ef15611b8165e0866b9826ee8f288e4fac947fb9b7cc6f002527f9ddb
6,C,p6_C_cached_natural,p6_C_cached_natural_s43,43,NOT APPLICABLE,joint,8,dev,NOT APPLICABLE,1.7797801494598389,0.4450197043542602,0.39356988172580376,0.3959355353620115,0.39356988172580376,0.4488888888888889,0.20258550723393762,0.13211309523809525,0.16160714285714287,0.13994897959183678,0.39433125728714524,[0.001],3.9232091267903644,900,900,61,0.0,0.14400510204081632,False,2,False,False,9ff3e29ef15611b8165e0866b9826ee8f288e4fac947fb9b7cc6f002527f9ddb
6,C,p6_C_cached_natural,p6_C_cached_natural_s43,43,NOT APPLICABLE,joint,9,train,0.4496444945865207,0.4282275438308716,0.8986661573519461,0.9056417332825782,0.8967174494628907,0.9056417332825782,0.8988888888888888,0.15767994672060015,0.5065938069216757,0.4977586366583311,0.49196537631446013,0.8961088938874475,[0.001],2.9776800632476808,900,900,61,0.0,0.14572278911564626,True,0,False,True,9ff3e29ef15611b8165e0866b9826ee8f288e4fac947fb9b7cc6f002527f9ddb
6,C,p6_C_cached_natural,p6_C_cached_natural_s43,43,NOT APPLICABLE,joint,9,dev,NOT APPLICABLE,1.8152596950531006,0.4838624338624339,0.4323255039147093,0.40577945115130465,0.4323255039147093,0.4666666666666667,0.17464888062742018,0.13970238095238094,0.16577380952380952,0.14572278911564626,0.4043569760446191,[0.001],2.9776800632476808,900,900,61,0.0,0.14572278911564626,True,0,False,True,9ff3e29ef15611b8165e0866b9826ee8f288e4fac947fb9b7cc6f002527f9ddb
6,C,p6_C_cached_natural,p6_C_cached_natural_s43,43,NOT APPLICABLE,joint,10,train,0.3994874866803487,0.390872597694397,0.9137479076553424,0.9258924417375123,0.9171059596751364,0.9258924417375123,0.9144444444444444,0.16486344188451768,0.514893874841777,0.5077035287579883,0.5031627820720483,0.915146776001667,[0.001],3.2052564144134523,900,900,61,0.0,0.14572278911564626,False,1,True,True,9ff3e29ef15611b8165e0866b9826ee8f288e4fac947fb9b7cc6f002527f9ddb
6,C,p6_C_cached_natural,p6_C_cached_natural_s43,43,NOT APPLICABLE,joint,10,dev,NOT APPLICABLE,1.8446582555770874,0.41924694912930205,0.40652173913043477,0.3944124494292153,0.40652173913043477,0.4266666666666667,0.1911135416560703,0.1275,0.14821428571428572,0.1321513605442177,0.3928081713543489,[0.001],3.2052564144134523,900,900,61,0.0,0.14572278911564626,False,1,True,True,9ff3e29ef15611b8165e0866b9826ee8f288e4fac947fb9b7cc6f002527f9ddb
6,C,p6_C_cached_tempered,p6_C_cached_tempered_s17,17,NOT APPLICABLE,joint,1,train,1.9195929696824816,1.3937149047851562,0.5489848325149481,0.5122906357061285,0.4827568307268356,0.5122906357061285,0.53,0.07602774512436655,0.21665669155166487,0.23599048677542706,0.20851624256461082,0.48261567323540594,[0.001],6.259310245513916,900,567,61,0.37,0.11952380952380952,True,0,False,True,41f75e3d0f984cc635a17cc911802f335f23c98e7cfe419bc9f5561cf587015b
6,C,p6_C_cached_tempered,p6_C_cached_tempered_s17,17,NOT APPLICABLE,joint,1,dev,NOT APPLICABLE,1.7624931335449219,0.3576932770745601,0.3610028319173747,0.3128656756737041,0.3610028319173747,0.40444444444444444,0.1114948868089252,0.11285714285714285,0.13839285714285715,0.11952380952380952,0.31172769558835556,[0.001],6.259310245513916,900,567,61,0.37,0.11952380952380952,True,0,False,True,41f75e3d0f984cc635a17cc911802f335f23c98e7cfe419bc9f5561cf587015b
6,C,p6_C_cached_tempered,p6_C_cached_tempered_s17,17,NOT APPLICABLE,joint,2,train,1.1660029737154642,1.0683186054229736,0.6518206297825245,0.6494025715856702,0.6453784109537148,0.6494025715856702,0.6577777777777778,0.08190773149331412,0.31472872755659637,0.32048651080326546,0.29968593835267565,0.6449942501972138,[0.001],5.200699885686238,900,558,61,0.38,0.14304421768707484,True,0,False,True,41f75e3d0f984cc635a17cc911802f335f23c98e7cfe419bc9f5561cf587015b
6,C,p6_C_cached_tempered,p6_C_cached_tempered_s17,17,NOT APPLICABLE,joint,2,dev,NOT APPLICABLE,1.6841422319412231,0.43183062051375004,0.4122105613859737,0.40048948727673633,0.4122105613859737,0.4444444444444444,0.09208758943610722,0.13788690476190477,0.16071428571428573,0.14304421768707484,0.3992579601831403,[0.001],5.200699885686238,900,558,61,0.38,0.14304421768707484,True,0,False,True,41f75e3d0f984cc635a17cc911802f335f23c98e7cfe419bc9f5561cf587015b
6,C,p6_C_cached_tempered,p6_C_cached_tempered_s17,17,NOT APPLICABLE,joint,3,train,1.0470119129286872,0.9295399188995361,0.6846293437844408,0.6958751004525652,0.676779968100672,0.6958751004525652,0.6955555555555556,0.07077239953809314,0.3407636261734622,0.3439139840431866,0.3254630962897952,0.6763207664051578,[0.001],5.117761977513632,900,571,61,0.3655555555555555,0.14590986394557823,True,0,False,True,41f75e3d0f984cc635a17cc911802f335f23c98e7cfe419bc9f5561cf587015b
6,C,p6_C_cached_tempered,p6_C_cached_tempered_s17,17,NOT APPLICABLE,joint,3,dev,NOT APPLICABLE,1.6555163860321045,0.4264572927072926,0.4433033483258371,0.42118150689817524,0.4433033483258371,0.4622222222222222,0.11775966359509363,0.14130952380952383,0.16339285714285712,0.14590986394557823,0.41966890185615846,[0.001],5.117761977513632,900,571,61,0.3655555555555555,0.14590986394557823,True,0,False,True,41f75e3d0f984cc635a17cc911802f335f23c98e7cfe419bc9f5561cf587015b
6,C,p6_C_cached_tempered,p6_C_cached_tempered_s17,17,NOT APPLICABLE,joint,4,train,0.8739779308107164,0.7931480407714844,0.7436802158799564,0.7431951317514698,0.7364321125475074,0.7431951317514698,0.7444444444444445,0.09357614283760388,0.38526942092515865,0.37610563119385015,0.36370730150180797,0.73595844982803,[0.001],5.147766828536987,900,571,61,0.3655555555555555,0.14590986394557823,False,1,False,False,41f75e3d0f984cc635a17cc911802f335f23c98e7cfe419bc9f5561cf587015b
6,C,p6_C_cached_tempered,p6_C_cached_tempered_s17,17,NOT APPLICABLE,joint,4,dev,NOT APPLICABLE,1.6222259998321533,0.37813218944797894,0.38818923871397637,0.37768798664605974,0.38818923871397637,0.43555555555555553,0.1211553352408939,0.1242559523809524,0.15148809523809523,0.1306122448979592,0.3762655115393742,[0.001],5.147766828536987,900,571,61,0.3655555555555555,0.14590986394557823,False,1,False,False,41f75e3d0f984cc635a17cc911802f335f23c98e7cfe419bc9f5561cf587015b
6,C,p6_C_cached_tempered,p6_C_cached_tempered_s17,17,NOT APPLICABLE,joint,5,train,0.7785217274559869,0.7711333632469177,0.7755893004342662,0.7799190035105529,0.7655118634355543,0.7799190035105529,0.7577777777777778,0.12436803829338818,0.4044088100051922,0.4045629407639688,0.386257017385272,0.7649340442370454,[0.001],4.6383370081583655,900,549,61,0.39,0.14590986394557823,False,2,False,False,41f75e3d0f984cc635a17cc911802f335f23c98e7cfe419bc9f5561cf587015b
6,C,p6_C_cached_tempered,p6_C_cached_tempered_s17,17,NOT APPLICABLE,joint,5,dev,NOT APPLICABLE,1.770459532737732,0.4262673480763543,0.39437781109445275,0.3898476090187204,0.39437781109445275,0.4088888888888889,0.11484683937496612,0.12422619047619048,0.14464285714285713,0.1291751700680272,0.38823470579291397,[0.001],4.6383370081583655,900,549,61,0.39,0.14590986394557823,False,2,False,False,41f75e3d0f984cc635a17cc911802f335f23c98e7cfe419bc9f5561cf587015b
6,C,p6_C_cached_tempered,p6_C_cached_tempered_s17,17,NOT APPLICABLE,joint,6,train,0.6672784982787239,0.6786416172981262,0.796730684210209,0.8075862834665651,0.7946974857844437,0.8075862834665651,0.7955555555555556,0.11858476218250061,0.43341041017270526,0.4258811971579407,0.41223428159339753,0.7941846228511985,[0.001],4.601662111282349,900,579,61,0.3566666666666667,0.14590986394557823,False,3,False,False,41f75e3d0f984cc635a17cc911802f335f23c98e7cfe419bc9f5561cf587015b
6,C,p6_C_cached_tempered,p6_C_cached_tempered_s17,17,NOT APPLICABLE,joint,6,dev,NOT APPLICABLE,1.768485188484192,0.44535029031375395,0.4173246709978343,0.4014248480791428,0.4173246709978343,0.4311111111111111,0.14097152723206413,0.1286607142857143,0.14910714285714285,0.1337074829931973,0.3999962766505714,[0.001],4.601662111282349,900,579,61,0.3566666666666667,0.14590986394557823,False,3,False,False,41f75e3d0f984cc635a17cc911802f335f23c98e7cfe419bc9f5561cf587015b
6,C,p6_C_cached_tempered,p6_C_cached_tempered_s17,17,NOT APPLICABLE,joint,7,train,0.6185614903767903,0.5698977112770081,0.8341977399887105,0.8475701053165843,0.8339724600891237,0.8475701053165843,0.8377777777777777,0.1197625612384743,0.4623251983088048,0.44233318779025926,0.4372075189609322,0.8333639045136809,[0.001],4.75356190999349,900,557,61,0.38111111111111107,0.14590986394557823,False,4,False,False,41f75e3d0f984cc635a17cc911802f335f23c98e7cfe419bc9f5561cf587015b
6,C,p6_C_cached_tempered,p6_C_cached_tempered_s17,17,NOT APPLICABLE,joint,7,dev,NOT APPLICABLE,1.6552438735961914,0.40190174051730115,0.4183824754289522,0.4055898640401054,0.4183824754289522,0.4577777777777778,0.13327920715014138,0.1331845238095238,0.16071428571428573,0.14019557823129253,0.404238512688754,[0.001],4.75356190999349,900,557,61,0.38111111111111107,0.14590986394557823,False,4,False,False,41f75e3d0f984cc635a17cc911802f335f23c98e7cfe419bc9f5561cf587015b
6,C,p6_C_cached_tempered,p6_C_cached_tempered_s17,17,NOT APPLICABLE,joint,8,train,0.5490284700526131,0.5288460850715637,0.8607371536496828,0.883565431628812,0.868254534851314,0.883565431628812,0.8655555555555555,0.1591157594985432,0.47455893832943,0.4764028367668269,0.46358105564721647,0.867659296756076,[0.001],4.059930658340454,900,557,61,0.38111111111111107,0.14590986394557823,False,5,False,False,41f75e3d0f984cc635a17cc911802f335f23c98e7cfe419bc9f5561cf587015b
6,C,p6_C_cached_tempered,p6_C_cached_tempered_s17,17,NOT APPLICABLE,joint,8,dev,NOT APPLICABLE,1.8567906618118286,0.41272586904009423,0.3792603698150924,0.3720015986907844,0.3792603698150924,0.4088888888888889,0.17259637170367773,0.1275892857142857,0.14642857142857144,0.1318452380952381,0.3702921969813827,[0.001],4.059930658340454,900,557,61,0.38111111111111107,0.14590986394557823,False,5,False,False,41f75e3d0f984cc635a17cc911802f335f23c98e7cfe419bc9f5561cf587015b
6,C,p6_C_cached_tempered,p6_C_cached_tempered_s17,17,NOT APPLICABLE,joint,9,train,0.45859969135787754,0.4770345985889435,0.8769776385237662,0.8947722370257581,0.8816406786025859,0.8947722370257581,0.8788888888888889,0.1501941624283791,0.4913880018548672,0.48300453829767526,0.47549655031915855,0.8810490148795198,[0.001],3.3259443124135335,900,552,61,0.3866666666666667,0.14590986394557823,False,6,False,False,41f75e3d0f984cc635a17cc911802f335f23c98e7cfe419bc9f5561cf587015b
6,C,p6_C_cached_tempered,p6_C_cached_tempered_s17,17,NOT APPLICABLE,joint,9,dev,NOT APPLICABLE,1.822901725769043,0.42862088628217665,0.4177661169415292,0.4063415251881133,0.4177661169415292,0.4488888888888889,0.18305432293150162,0.13678571428571432,0.15952380952380954,0.1419727891156463,0.4048289201460965,[0.001],3.3259443124135335,900,552,61,0.3866666666666667,0.14590986394557823,False,6,False,False,41f75e3d0f984cc635a17cc911802f335f23c98e7cfe419bc9f5561cf587015b
6,C,p6_C_cached_tempered,p6_C_cached_tempered_s17,17,NOT APPLICABLE,joint,10,train,0.46128533648120035,0.40449556708335876,0.9063899039611834,0.9138989341454129,0.9075058207345679,0.9138989341454129,0.9033333333333333,0.1493098394572735,0.5053654628374215,0.5012242157212983,0.49506505319369376,0.9068720835491065,[0.001],3.508048089345296,900,557,61,0.38111111111111107,0.14590986394557823,False,7,True,True,41f75e3d0f984cc635a17cc911802f335f23c98e7cfe419bc9f5561cf587015b
6,C,p6_C_cached_tempered,p6_C_cached_tempered_s17,17,NOT APPLICABLE,joint,10,dev,NOT APPLICABLE,1.827134370803833,0.42293711267767875,0.38494919207063133,0.38550268516599784,0.38494919207063133,0.4266666666666667,0.1981413899527656,0.12800595238095241,0.15357142857142855,0.13411564625850342,0.3840248526536826,[0.001],3.508048089345296,900,557,61,0.38111111111111107,0.14590986394557823,False,7,True,True,41f75e3d0f984cc635a17cc911802f335f23c98e7cfe419bc9f5561cf587015b
6,C,p6_C_cached_tempered,p6_C_cached_tempered_s29,29,NOT APPLICABLE,joint,1,train,1.8195653910107084,1.414177656173706,0.5689154718223556,0.5187608383030919,0.5118610172402324,0.5187608383030919,0.5122222222222222,0.0905257570081287,0.22865305004649267,0.24275427036610706,0.21119035994803337,0.5115484310491871,[0.001],6.296261469523112,900,561,61,0.3766666666666667,0.10626700680272108,True,0,False,True,1eae8843ecd982a58d98494621481507f5cf46585dba6a7e8304e141c8885485
6,C,p6_C_cached_tempered,p6_C_cached_tempered_s29,29,NOT APPLICABLE,joint,1,dev,NOT APPLICABLE,1.842963457107544,0.4024959348693364,0.32840246543394974,0.324839129030724,0.32840246543394974,0.3511111111111111,0.03875230511029562,0.10223214285714285,0.12142857142857141,0.10626700680272108,0.32342783870814334,[0.001],6.296261469523112,900,561,61,0.3766666666666667,0.10626700680272108,True,0,False,True,1eae8843ecd982a58d98494621481507f5cf46585dba6a7e8304e141c8885485
6,C,p6_C_cached_tempered,p6_C_cached_tempered_s29,29,NOT APPLICABLE,joint,2,train,1.288533918592665,1.1005544662475586,0.6524003633082526,0.6473702575815252,0.6346073376039796,0.6473702575815252,0.6422222222222222,0.07845293871230549,0.3111612925037555,0.31752983633019755,0.2937331877825681,0.6342252313598046,[0.001],6.240283203125,900,566,61,0.37111111111111106,0.1442687074829932,True,0,False,True,1eae8843ecd982a58d98494621481507f5cf46585dba6a7e8304e141c8885485
6,C,p6_C_cached_tempered,p6_C_cached_tempered_s29,29,NOT APPLICABLE,joint,2,dev,NOT APPLICABLE,1.6942505836486816,0.44478393131804045,0.4415792103948026,0.426721538720913,0.4415792103948026,0.4577777777777778,0.09670826964908175,0.1380654761904762,0.1625,0.1442687074829932,0.4252063872057614,[0.001],6.240283203125,900,566,61,0.37111111111111106,0.1442687074829932,True,0,False,True,1eae8843ecd982a58d98494621481507f5cf46585dba6a7e8304e141c8885485
6,C,p6_C_cached_tempered,p6_C_cached_tempered_s29,29,NOT APPLICABLE,joint,3,train,0.9872237809499105,0.9244240522384644,0.7192015854855331,0.7299375079304656,0.7121067165889136,0.7299375079304656,0.7166666666666667,0.10000180588828193,0.3643825360782328,0.36735181670233075,0.34822617843879927,0.711662272144469,[0.001],6.028778473536174,900,549,61,0.39,0.1442687074829932,False,1,False,False,1eae8843ecd982a58d98494621481507f5cf46585dba6a7e8304e141c8885485
6,C,p6_C_cached_tempered,p6_C_cached_tempered_s29,29,NOT APPLICABLE,joint,3,dev,NOT APPLICABLE,1.7113754749298096,0.4347290658286324,0.4504497751124438,0.4229340625007688,0.4504497751124438,0.4577777777777778,0.11768325388431551,0.12970238095238099,0.1592261904761905,0.1377891156462585,0.42136933988341463,[0.001],6.028778473536174,900,549,61,0.39,0.1442687074829932,False,1,False,False,1eae8843ecd982a58d98494621481507f5cf46585dba6a7e8304e141c8885485
6,C,p6_C_cached_tempered,p6_C_cached_tempered_s29,29,NOT APPLICABLE,joint,4,train,0.9031473233964709,0.834613025188446,0.7462891668804421,0.7676611470625556,0.7414891200959134,0.7676611470625556,0.7455555555555555,0.1247916857732667,0.39350272230933525,0.3856339062437979,0.3729104184383429,0.7410163068571425,[0.001],5.292829926808675,900,575,61,0.36111111111111116,0.1442687074829932,False,2,False,False,1eae8843ecd982a58d98494621481507f5cf46585dba6a7e8304e141c8885485
6,C,p6_C_cached_tempered,p6_C_cached_tempered_s29,29,NOT APPLICABLE,joint,4,dev,NOT APPLICABLE,1.7112070322036743,0.4164600023632281,0.42004830917874403,0.4030091130446879,0.42004830917874403,0.43555555555555553,0.1081462624337938,0.12845238095238096,0.15178571428571427,0.13423469387755102,0.40159782272210726,[0.001],5.292829926808675,900,575,61,0.36111111111111116,0.1442687074829932,False,2,False,False,1eae8843ecd982a58d98494621481507f5cf46585dba6a7e8304e141c8885485
6,C,p6_C_cached_tempered,p6_C_cached_tempered_s29,29,NOT APPLICABLE,joint,5,train,0.7472634877098931,0.725680410861969,0.7964757176527859,0.8235196464069704,0.8056282834317686,0.8235196464069704,0.8011111111111111,0.15796014249324797,0.44015884068154965,0.43453803305150906,0.42120573090556146,0.8050734239365116,[0.001],4.326186402638753,900,556,61,0.38222222222222224,0.15227040816326531,True,0,False,True,1eae8843ecd982a58d98494621481507f5cf46585dba6a7e8304e141c8885485
6,C,p6_C_cached_tempered,p6_C_cached_tempered_s29,29,NOT APPLICABLE,joint,5,dev,NOT APPLICABLE,1.7240967750549316,0.48196842502706916,0.46935698817258037,0.45412653627173727,0.46935698817258037,0.48,0.13574459950129192,0.14758928571428573,0.16815476190476192,0.15227040816326531,0.45238050452570555,[0.001],4.326186402638753,900,556,61,0.38222222222222224,0.15227040816326531,True,0,False,True,1eae8843ecd982a58d98494621481507f5cf46585dba6a7e8304e141c8885485
6,C,p6_C_cached_tempered,p6_C_cached_tempered_s29,29,NOT APPLICABLE,joint,6,train,0.6166302560435402,0.6866965889930725,0.8149224848751363,0.802741297635664,0.7894900210366542,0.802741297635664,0.7866666666666666,0.0815778953830401,0.42709778825783273,0.4185851890075286,0.40711994785621564,0.7875593416213741,[0.001],4.473429950078328,900,557,61,0.38111111111111107,0.15227040816326531,False,1,False,False,1eae8843ecd982a58d98494621481507f5cf46585dba6a7e8304e141c8885485
6,C,p6_C_cached_tempered,p6_C_cached_tempered_s29,29,NOT APPLICABLE,joint,6,dev,NOT APPLICABLE,1.80320405960083,0.44010101010101,0.44088788938863904,0.4122134986832992,0.44088788938863904,0.4622222222222222,0.1553343978193071,0.13642857142857143,0.1619047619047619,0.14266156462585033,0.41043096748900326,[0.001],4.473429950078328,900,557,61,0.38111111111111107,0.15227040816326531,False,1,False,False,1eae8843ecd982a58d98494621481507f5cf46585dba6a7e8304e141c8885485
6,C,p6_C_cached_tempered,p6_C_cached_tempered_s29,29,NOT APPLICABLE,joint,7,train,0.6312054749329885,0.5550661683082581,0.843868256640317,0.847456435308548,0.8404076961783892,0.847456435308548,0.8433333333333334,0.1294087881180975,0.46260651006552644,0.45461173077177525,0.4446242605704748,0.8385029342736272,[0.001],4.37873436609904,900,560,61,0.37777777777777777,0.15227040816326531,False,2,False,False,1eae8843ecd982a58d98494621481507f5cf46585dba6a7e8304e141c8885485
6,C,p6_C_cached_tempered,p6_C_cached_tempered_s29,29,NOT APPLICABLE,joint,7,dev,NOT APPLICABLE,1.7138694524765015,0.4175641644217496,0.42866899883391635,0.4093391435324091,0.42866899883391635,0.4577777777777778,0.14467815465397307,0.13419642857142858,0.1601190476190476,0.14054421768707487,0.4076584712635015,[0.001],4.37873436609904,900,560,61,0.37777777777777777,0.15227040816326531,False,2,False,False,1eae8843ecd982a58d98494621481507f5cf46585dba6a7e8304e141c8885485
6,C,p6_C_cached_tempered,p6_C_cached_tempered_s29,29,NOT APPLICABLE,joint,8,train,0.5092296444707447,0.4924600422382355,0.8663514738551175,0.8583999492450198,0.8566107163532166,0.8583999492450198,0.8588888888888889,0.11583320054743027,0.4701422847449521,0.46230103600206407,0.4548370155052567,0.854678743564101,[0.001],3.4806230703989667,900,541,61,0.39888888888888885,0.15227040816326531,False,3,False,False,1eae8843ecd982a58d98494621481507f5cf46585dba6a7e8304e141c8885485
6,C,p6_C_cached_tempered,p6_C_cached_tempered_s29,29,NOT APPLICABLE,joint,8,dev,NOT APPLICABLE,1.7265517711639404,0.42802420489726983,0.41496751624187905,0.4038628360442453,0.41496751624187905,0.4577777777777778,0.16875418610043003,0.1349404761904762,0.16101190476190477,0.14125850340136056,0.4021168042982136,[0.001],3.4806230703989667,900,541,61,0.39888888888888885,0.15227040816326531,False,3,False,False,1eae8843ecd982a58d98494621481507f5cf46585dba6a7e8304e141c8885485
6,C,p6_C_cached_tempered,p6_C_cached_tempered_s29,29,NOT APPLICABLE,joint,9,train,0.4408532012833489,0.4697290360927582,0.8874745821549397,0.8510262022585966,0.8589400335022009,0.8510262022585966,0.86,0.10594218184550602,0.456018324499774,0.4603021341907144,0.44864704884798023,0.8569829039588643,[0.001],3.6086281299591065,900,571,61,0.3655555555555555,0.15227040816326531,False,4,False,False,1eae8843ecd982a58d98494621481507f5cf46585dba6a7e8304e141c8885485
6,C,p6_C_cached_tempered,p6_C_cached_tempered_s29,29,NOT APPLICABLE,joint,9,dev,NOT APPLICABLE,1.8509411811828613,0.4108974358974359,0.37749458604031316,0.36465868985244093,0.37749458604031316,0.4266666666666667,0.2234209563334783,0.1242857142857143,0.15238095238095237,0.1303061224489796,0.3630457866266345,[0.001],3.6086281299591065,900,571,61,0.3655555555555555,0.15227040816326531,False,4,False,False,1eae8843ecd982a58d98494621481507f5cf46585dba6a7e8304e141c8885485
6,C,p6_C_cached_tempered,p6_C_cached_tempered_s29,29,NOT APPLICABLE,joint,10,train,0.40079729504055445,0.39815160632133484,0.8970034516507509,0.9049866768176628,0.8999723334988156,0.9049866768176628,0.9,0.1350974831647343,0.4981576893052303,0.4965193704600484,0.48795160855430864,0.8993637779233726,[0.001],3.983177089691162,900,551,61,0.3877777777777778,0.15227040816326531,False,5,True,True,1eae8843ecd982a58d98494621481507f5cf46585dba6a7e8304e141c8885485
6,C,p6_C_cached_tempered,p6_C_cached_tempered_s29,29,NOT APPLICABLE,joint,10,dev,NOT APPLICABLE,1.772218108177185,0.4620453055716213,0.4390887889388638,0.4314782702328944,0.4390887889388638,0.4711111111111111,0.161824393802219,0.14074404761904763,0.16904761904761906,0.14857993197278913,0.42979759796398687,[0.001],3.983177089691162,900,551,61,0.3877777777777778,0.15227040816326531,False,5,True,True,1eae8843ecd982a58d98494621481507f5cf46585dba6a7e8304e141c8885485
6,C,p6_C_cached_tempered,p6_C_cached_tempered_s43,43,NOT APPLICABLE,joint,1,train,1.88336175971561,1.4467209577560425,0.576766244164449,0.5017187962610496,0.4961998852587328,0.5017187962610496,0.49,0.06100616267985768,0.2188470608099599,0.22806527546733163,0.20089375281966296,0.49593383551899883,[0.001],6.240218257904052,900,553,61,0.38555555555555554,0.09994897959183674,True,0,False,True,785da75f4b495087a180fd114eb300a949f4ae095b548053794246f3f8868221
6,C,p6_C_cached_tempered,p6_C_cached_tempered_s43,43,NOT APPLICABLE,joint,1,dev,NOT APPLICABLE,1.9147379398345947,0.42442156367804484,0.32854406130268204,0.3106460472527283,0.32854406130268204,0.3333333333333333,0.06625716275639004,0.09333333333333332,0.11964285714285713,0.09994897959183674,0.30972297032965146,[0.001],6.240218257904052,900,553,61,0.38555555555555554,0.09994897959183674,True,0,False,True,785da75f4b495087a180fd114eb300a949f4ae095b548053794246f3f8868221
6,C,p6_C_cached_tempered,p6_C_cached_tempered_s43,43,NOT APPLICABLE,joint,2,train,1.2426333395640055,1.1921648979187012,0.6034224237676675,0.6291782980163261,0.5936153016810393,0.6291782980163261,0.6066666666666667,0.07483640881048306,0.2899828359254589,0.29089876156075095,0.2738730730964096,0.5933127539103387,[0.001],5.640824349721273,900,572,61,0.36444444444444446,0.13090986394557821,True,0,False,True,785da75f4b495087a180fd114eb300a949f4ae095b548053794246f3f8868221
6,C,p6_C_cached_tempered,p6_C_cached_tempered_s43,43,NOT APPLICABLE,joint,2,dev,NOT APPLICABLE,1.7296937704086304,0.4064733398173296,0.44334499416958195,0.4123554671776817,0.44334499416958195,0.44,0.10224343975385031,0.12404761904761905,0.15044642857142856,0.13090986394557821,0.4109452107674253,[0.001],5.640824349721273,900,572,61,0.36444444444444446,0.13090986394557821,True,0,False,True,785da75f4b495087a180fd114eb300a949f4ae095b548053794246f3f8868221
6,C,p6_C_cached_tempered,p6_C_cached_tempered_s43,43,NOT APPLICABLE,joint,3,train,1.0462144231796264,0.9320588111877441,0.6905921228233286,0.6706916423465719,0.667525148746315,0.6706916423465719,0.6844444444444444,0.054611852549844325,0.32639128460337474,0.33766886304396726,0.3160363373145319,0.667065947050801,[0.001],6.065041573842366,900,561,61,0.3766666666666667,0.14275510204081635,True,0,False,True,785da75f4b495087a180fd114eb300a949f4ae095b548053794246f3f8868221
6,C,p6_C_cached_tempered,p6_C_cached_tempered_s43,43,NOT APPLICABLE,joint,3,dev,NOT APPLICABLE,1.6760162115097046,0.43493247924993444,0.4213143428285858,0.40508557865369255,0.4213143428285858,0.4622222222222222,0.09924585693412358,0.1349107142857143,0.16517857142857142,0.14275510204081635,0.40365700722512116,[0.001],6.065041573842366,900,561,61,0.3766666666666667,0.14275510204081635,True,0,False,True,785da75f4b495087a180fd114eb300a949f4ae095b548053794246f3f8868221
6,C,p6_C_cached_tempered,p6_C_cached_tempered_s43,43,NOT APPLICABLE,joint,4,train,0.928645936648051,0.8333274126052856,0.7430636769916006,0.7165614558220192,0.7060982004867528,0.7165614558220192,0.7244444444444444,0.06935701345403988,0.35697987445399015,0.3626981370486511,0.3457954033438724,0.7056349694502734,[0.001],5.870103041330974,900,568,61,0.36888888888888893,0.14275510204081635,False,1,False,False,785da75f4b495087a180fd114eb300a949f4ae095b548053794246f3f8868221
6,C,p6_C_cached_tempered,p6_C_cached_tempered_s43,43,NOT APPLICABLE,joint,4,dev,NOT APPLICABLE,1.6647322177886963,0.4342255869468642,0.42604531067799434,0.40228262254068997,0.42604531067799434,0.4577777777777778,0.1218083284960853,0.1310416666666667,0.15952380952380954,0.1381122448979592,0.4007981421088411,[0.001],5.870103041330974,900,568,61,0.36888888888888893,0.14275510204081635,False,1,False,False,785da75f4b495087a180fd114eb300a949f4ae095b548053794246f3f8868221
6,C,p6_C_cached_tempered,p6_C_cached_tempered_s43,43,NOT APPLICABLE,joint,5,train,0.7264239171478484,0.7520580291748047,0.7766980173682212,0.7652254367043099,0.7568201264956481,0.7652254367043099,0.7588888888888888,0.09830874656637512,0.403841177775604,0.4009261831990368,0.38453990313148817,0.7562959205135327,[0.001],4.067327149709066,900,550,61,0.38888888888888884,0.14275510204081635,False,2,False,False,785da75f4b495087a180fd114eb300a949f4ae095b548053794246f3f8868221
6,C,p6_C_cached_tempered,p6_C_cached_tempered_s43,43,NOT APPLICABLE,joint,5,dev,NOT APPLICABLE,1.736577033996582,0.4259847608531818,0.38978010994502743,0.3794969115819642,0.38978010994502743,0.4266666666666667,0.15969462076822916,0.13169642857142858,0.15535714285714286,0.13714285714285715,0.37835731044236304,[0.001],4.067327149709066,900,550,61,0.38888888888888884,0.14275510204081635,False,2,False,False,785da75f4b495087a180fd114eb300a949f4ae095b548053794246f3f8868221
6,C,p6_C_cached_tempered,p6_C_cached_tempered_s43,43,NOT APPLICABLE,joint,6,train,0.7222403666708205,0.6492297649383545,0.8207864907954733,0.8020360148881276,0.8068495508519167,0.8020360148881276,0.8077777777777778,0.12293859215246307,0.43219535435539197,0.4268502163299329,0.4157159097732868,0.8063438967193435,[0.001],4.235860554377238,900,558,61,0.38,0.14275510204081635,False,3,False,False,785da75f4b495087a180fd114eb300a949f4ae095b548053794246f3f8868221
6,C,p6_C_cached_tempered,p6_C_cached_tempered_s43,43,NOT APPLICABLE,joint,6,dev,NOT APPLICABLE,1.7396240234375,0.42917748917748916,0.40506413459936697,0.40006083808307047,0.40506413459936697,0.4488888888888889,0.1562262863583035,0.13136904761904764,0.15803571428571428,0.13869897959183675,0.39835629262852496,[0.001],4.235860554377238,900,558,61,0.38,0.14275510204081635,False,3,False,False,785da75f4b495087a180fd114eb300a949f4ae095b548053794246f3f8868221
6,C,p6_C_cached_tempered,p6_C_cached_tempered_s43,43,NOT APPLICABLE,joint,7,train,0.6003152383698358,0.595435380935669,0.8322588877011906,0.8471006217485091,0.832590867375037,0.8471006217485091,0.8366666666666667,0.1299776401453548,0.4477431669962077,0.4392886913031397,0.4313037683288292,0.8320256960574813,[0.001],3.7360231081644693,900,555,61,0.3833333333333333,0.14275510204081635,False,4,False,False,785da75f4b495087a180fd114eb300a949f4ae095b548053794246f3f8868221
6,C,p6_C_cached_tempered,p6_C_cached_tempered_s43,43,NOT APPLICABLE,joint,7,dev,NOT APPLICABLE,1.687593698501587,0.4308452578222167,0.4371564217891054,0.4160834574170066,0.4371564217891054,0.4666666666666667,0.1446284058358934,0.1343452380952381,0.16220238095238096,0.14161564625850342,0.4145187347996524,[0.001],3.7360231081644693,900,555,61,0.3833333333333333,0.14275510204081635,False,4,False,False,785da75f4b495087a180fd114eb300a949f4ae095b548053794246f3f8868221
6,C,p6_C_cached_tempered,p6_C_cached_tempered_s43,43,NOT APPLICABLE,joint,8,train,0.5432306320137448,0.5351137518882751,0.8713062405858594,0.8206800109969125,0.8411754492257508,0.8206800109969125,0.8344444444444444,0.11243613468276131,0.4415181850756965,0.4401181214358486,0.4287777576543247,0.8406040206543223,[0.001],3.6375591437021892,900,564,61,0.3733333333333333,0.14275510204081635,False,5,False,False,785da75f4b495087a180fd114eb300a949f4ae095b548053794246f3f8868221
6,C,p6_C_cached_tempered,p6_C_cached_tempered_s43,43,NOT APPLICABLE,joint,8,dev,NOT APPLICABLE,1.7632246017456055,0.41005618704025537,0.3561219390304847,0.3565529394561653,0.3561219390304847,0.43555555555555553,0.20277524948120118,0.11476190476190476,0.15416666666666665,0.12518707482993197,0.35498821683881104,[0.001],3.6375591437021892,900,564,61,0.3733333333333333,0.14275510204081635,False,5,False,False,785da75f4b495087a180fd114eb300a949f4ae095b548053794246f3f8868221
6,C,p6_C_cached_tempered,p6_C_cached_tempered_s43,43,NOT APPLICABLE,joint,9,train,0.5556590204768711,0.4504420757293701,0.8976352996262709,0.8900477942731465,0.8921685371914625,0.8900477942731465,0.8933333333333333,0.14748898188273113,0.49022963830340877,0.4871126569549743,0.4800019986977556,0.8915599816160198,[0.001],4.152334117889405,900,555,61,0.3833333333333333,0.14275510204081635,False,6,False,False,785da75f4b495087a180fd114eb300a949f4ae095b548053794246f3f8868221
6,C,p6_C_cached_tempered,p6_C_cached_tempered_s43,43,NOT APPLICABLE,joint,9,dev,NOT APPLICABLE,1.737458348274231,0.40179544995721467,0.39322838580709646,0.39000679033819224,0.39322838580709646,0.43555555555555553,0.18417582352956136,0.12169642857142857,0.15327380952380953,0.12988945578231295,0.3885052888366908,[0.001],4.152334117889405,900,555,61,0.3833333333333333,0.14275510204081635,False,6,False,False,785da75f4b495087a180fd114eb300a949f4ae095b548053794246f3f8868221
6,C,p6_C_cached_tempered,p6_C_cached_tempered_s43,43,NOT APPLICABLE,joint,10,train,0.4870649078157213,0.41776105761528015,0.9034307024034997,0.8943461066700504,0.8957672553274698,0.8943461066700504,0.8955555555555555,0.13380357566807005,0.4975434257730683,0.48741515500337407,0.48234931815211474,0.8951755916044037,[0.001],3.527301629384359,900,557,61,0.38111111111111107,0.14275510204081635,False,7,True,True,785da75f4b495087a180fd114eb300a949f4ae095b548053794246f3f8868221
6,C,p6_C_cached_tempered,p6_C_cached_tempered_s43,43,NOT APPLICABLE,joint,10,dev,NOT APPLICABLE,1.7177186012268066,0.41113463964083163,0.4107196401799101,0.4054373073048795,0.4107196401799101,0.4577777777777778,0.19331332551108465,0.1292857142857143,0.16041666666666665,0.13738945578231293,0.4038725846875252,[0.001],3.527301629384359,900,557,61,0.38111111111111107,0.14275510204081635,False,7,True,True,785da75f4b495087a180fd114eb300a949f4ae095b548053794246f3f8868221
