prompt,experiment_group,scenario_id,run_id,seed,fold,phase,epoch,split,class_name,available_unique,draws,unique_nuclei,repeated_draws,mean_exposure,maximum_exposure,unique_groups,provenance
6,A,p6_A_D300,p6_A_D300_s17,17,NOT APPLICABLE,joint,1,train,tumor,71,31,24,7,1.2916666666666667,3,23,DETERMINISTIC SAMPLER REPLAY VERIFIED AGAINST ALL LOGGED CLASS/UID/GROUP COUNTS
6,A,p6_A_D300,p6_A_D300_s17,17,NOT APPLICABLE,joint,1,train,lymphocyte,37,32,22,10,1.4545454545454546,3,22,DETERMINISTIC SAMPLER REPLAY VERIFIED AGAINST ALL LOGGED CLASS/UID/GROUP COUNTS
6,A,p6_A_D300,p6_A_D300_s17,17,NOT APPLICABLE,joint,1,train,plasma_cell,24,31,17,14,1.8235294117647058,3,15,DETERMINISTIC SAMPLER REPLAY VERIFIED AGAINST ALL LOGGED CLASS/UID/GROUP COUNTS
6,A,p6_A_D300,p6_A_D300_s17,17,NOT APPLICABLE,joint,1,train,histiocyte,24,32,16,16,2.0,5,16,DETERMINISTIC SAMPLER REPLAY VERIFIED AGAINST ALL LOGGED CLASS/UID/GROUP COUNTS
6,A,p6_A_D300,p6_A_D300_s17,17,NOT APPLICABLE,joint,1,train,melanophage,24,29,17,12,1.7058823529411764,3,17,DETERMINISTIC SAMPLER REPLAY VERIFIED AGAINST ALL LOGGED CLASS/UID/GROUP COUNTS
6,A,p6_A_D300,p6_A_D300_s17,17,NOT APPLICABLE,joint,1,train,neutrophil,24,24,16,8,1.5,3,6,DETERMINISTIC SAMPLER REPLAY VERIFIED AGAINST ALL LOGGED CLASS/UID/GROUP COUNTS
6,A,p6_A_D300,p6_A_D300_s17,17,NOT APPLICABLE,joint,1,train,stroma,24,25,12,13,2.0833333333333335,4,12,DETERMINISTIC SAMPLER REPLAY VERIFIED AGAINST ALL LOGGED CLASS/UID/GROUP COUNTS
6,A,p6_A_D300,p6_A_D300_s17,17,NOT APPLICABLE,joint,1,train,epithelium,24,30,13,17,2.3076923076923075,6,9,DETERMINISTIC SAMPLER REPLAY VERIFIED AGAINST ALL LOGGED CLASS/UID/GROUP COUNTS
6,A,p6_A_D300,p6_A_D300_s17,17,NOT APPLICABLE,joint,1,train,endothelium,24,25,17,8,1.4705882352941178,3,17,DETERMINISTIC SAMPLER REPLAY VERIFIED AGAINST ALL LOGGED CLASS/UID/GROUP COUNTS
6,A,p6_A_D300,p6_A_D300_s17,17,NOT APPLICABLE,joint,1,train,apoptosis,24,41,17,24,2.411764705882353,5,17,DETERMINISTIC SAMPLER REPLAY VERIFIED AGAINST ALL LOGGED CLASS/UID/GROUP COUNTS
6,A,p6_A_D300,p6_A_D300_s17,17,NOT APPLICABLE,joint,2,train,tumor,71,27,23,4,1.173913043478261,2,22,DETERMINISTIC SAMPLER REPLAY VERIFIED AGAINST ALL LOGGED CLASS/UID/GROUP COUNTS
6,A,p6_A_D300,p6_A_D300_s17,17,NOT APPLICABLE,joint,2,train,lymphocyte,37,33,21,12,1.5714285714285714,3,21,DETERMINISTIC SAMPLER REPLAY VERIFIED AGAINST ALL LOGGED CLASS/UID/GROUP COUNTS
6,A,p6_A_D300,p6_A_D300_s17,17,NOT APPLICABLE,joint,2,train,plasma_cell,24,30,16,14,1.875,4,14,DETERMINISTIC SAMPLER REPLAY VERIFIED AGAINST ALL LOGGED CLASS/UID/GROUP COUNTS
6,A,p6_A_D300,p6_A_D300_s17,17,NOT APPLICABLE,joint,2,train,histiocyte,24,27,17,10,1.588235294117647,3,17,DETERMINISTIC SAMPLER REPLAY VERIFIED AGAINST ALL LOGGED CLASS/UID/GROUP COUNTS
6,A,p6_A_D300,p6_A_D300_s17,17,NOT APPLICABLE,joint,2,train,melanophage,24,34,19,15,1.7894736842105263,4,19,DETERMINISTIC SAMPLER REPLAY VERIFIED AGAINST ALL LOGGED CLASS/UID/GROUP COUNTS
6,A,p6_A_D300,p6_A_D300_s17,17,NOT APPLICABLE,joint,2,train,neutrophil,24,26,16,10,1.625,4,5,DETERMINISTIC SAMPLER REPLAY VERIFIED AGAINST ALL LOGGED CLASS/UID/GROUP COUNTS
6,A,p6_A_D300,p6_A_D300_s17,17,NOT APPLICABLE,joint,2,train,stroma,24,27,19,8,1.4210526315789473,3,19,DETERMINISTIC SAMPLER REPLAY VERIFIED AGAINST ALL LOGGED CLASS/UID/GROUP COUNTS
6,A,p6_A_D300,p6_A_D300_s17,17,NOT APPLICABLE,joint,2,train,epithelium,24,34,17,17,2.0,5,10,DETERMINISTIC SAMPLER REPLAY VERIFIED AGAINST ALL LOGGED CLASS/UID/GROUP COUNTS
6,A,p6_A_D300,p6_A_D300_s17,17,NOT APPLICABLE,joint,2,train,endothelium,24,38,20,18,1.9,4,20,DETERMINISTIC SAMPLER REPLAY VERIFIED AGAINST ALL LOGGED CLASS/UID/GROUP COUNTS
6,A,p6_A_D300,p6_A_D300_s17,17,NOT APPLICABLE,joint,2,train,apoptosis,24,24,15,9,1.6,4,15,DETERMINISTIC SAMPLER REPLAY VERIFIED AGAINST ALL LOGGED CLASS/UID/GROUP COUNTS
6,A,p6_A_D300,p6_A_D300_s17,17,NOT APPLICABLE,joint,3,train,tumor,71,26,22,4,1.1818181818181819,2,22,DETERMINISTIC SAMPLER REPLAY VERIFIED AGAINST ALL LOGGED CLASS/UID/GROUP COUNTS
6,A,p6_A_D300,p6_A_D300_s17,17,NOT APPLICABLE,joint,3,train,lymphocyte,37,35,25,10,1.4,3,25,DETERMINISTIC SAMPLER REPLAY VERIFIED AGAINST ALL LOGGED CLASS/UID/GROUP COUNTS
6,A,p6_A_D300,p6_A_D300_s17,17,NOT APPLICABLE,joint,3,train,plasma_cell,24,28,18,10,1.5555555555555556,4,13,DETERMINISTIC SAMPLER REPLAY VERIFIED AGAINST ALL LOGGED CLASS/UID/GROUP COUNTS
6,A,p6_A_D300,p6_A_D300_s17,17,NOT APPLICABLE,joint,3,train,histiocyte,24,31,17,14,1.8235294117647058,3,17,DETERMINISTIC SAMPLER REPLAY VERIFIED AGAINST ALL LOGGED CLASS/UID/GROUP COUNTS
6,A,p6_A_D300,p6_A_D300_s17,17,NOT APPLICABLE,joint,3,train,melanophage,24,27,16,11,1.6875,3,16,DETERMINISTIC SAMPLER REPLAY VERIFIED AGAINST ALL LOGGED CLASS/UID/GROUP COUNTS
6,A,p6_A_D300,p6_A_D300_s17,17,NOT APPLICABLE,joint,3,train,neutrophil,24,26,18,8,1.4444444444444444,3,8,DETERMINISTIC SAMPLER REPLAY VERIFIED AGAINST ALL LOGGED CLASS/UID/GROUP COUNTS
6,A,p6_A_D300,p6_A_D300_s17,17,NOT APPLICABLE,joint,3,train,stroma,24,31,15,16,2.066666666666667,5,15,DETERMINISTIC SAMPLER REPLAY VERIFIED AGAINST ALL LOGGED CLASS/UID/GROUP COUNTS
6,A,p6_A_D300,p6_A_D300_s17,17,NOT APPLICABLE,joint,3,train,epithelium,24,33,21,12,1.5714285714285714,3,10,DETERMINISTIC SAMPLER REPLAY VERIFIED AGAINST ALL LOGGED CLASS/UID/GROUP COUNTS
6,A,p6_A_D300,p6_A_D300_s17,17,NOT APPLICABLE,joint,3,train,endothelium,24,37,21,16,1.7619047619047619,4,21,DETERMINISTIC SAMPLER REPLAY VERIFIED AGAINST ALL LOGGED CLASS/UID/GROUP COUNTS
6,A,p6_A_D300,p6_A_D300_s17,17,NOT APPLICABLE,joint,3,train,apoptosis,24,26,17,9,1.5294117647058822,3,17,DETERMINISTIC SAMPLER REPLAY VERIFIED AGAINST ALL LOGGED CLASS/UID/GROUP COUNTS
6,A,p6_A_D300,p6_A_D300_s17,17,NOT APPLICABLE,joint,4,train,tumor,71,32,28,4,1.1428571428571428,2,26,DETERMINISTIC SAMPLER REPLAY VERIFIED AGAINST ALL LOGGED CLASS/UID/GROUP COUNTS
6,A,p6_A_D300,p6_A_D300_s17,17,NOT APPLICABLE,joint,4,train,lymphocyte,37,29,19,10,1.5263157894736843,2,19,DETERMINISTIC SAMPLER REPLAY VERIFIED AGAINST ALL LOGGED CLASS/UID/GROUP COUNTS
6,A,p6_A_D300,p6_A_D300_s17,17,NOT APPLICABLE,joint,4,train,plasma_cell,24,30,18,12,1.6666666666666667,3,14,DETERMINISTIC SAMPLER REPLAY VERIFIED AGAINST ALL LOGGED CLASS/UID/GROUP COUNTS
6,A,p6_A_D300,p6_A_D300_s17,17,NOT APPLICABLE,joint,4,train,histiocyte,24,33,16,17,2.0625,4,16,DETERMINISTIC SAMPLER REPLAY VERIFIED AGAINST ALL LOGGED CLASS/UID/GROUP COUNTS
6,A,p6_A_D300,p6_A_D300_s17,17,NOT APPLICABLE,joint,4,train,melanophage,24,35,19,16,1.8421052631578947,4,19,DETERMINISTIC SAMPLER REPLAY VERIFIED AGAINST ALL LOGGED CLASS/UID/GROUP COUNTS
6,A,p6_A_D300,p6_A_D300_s17,17,NOT APPLICABLE,joint,4,train,neutrophil,24,33,17,16,1.9411764705882353,4,7,DETERMINISTIC SAMPLER REPLAY VERIFIED AGAINST ALL LOGGED CLASS/UID/GROUP COUNTS
6,A,p6_A_D300,p6_A_D300_s17,17,NOT APPLICABLE,joint,4,train,stroma,24,19,14,5,1.3571428571428572,2,14,DETERMINISTIC SAMPLER REPLAY VERIFIED AGAINST ALL LOGGED CLASS/UID/GROUP COUNTS
6,A,p6_A_D300,p6_A_D300_s17,17,NOT APPLICABLE,joint,4,train,epithelium,24,33,18,15,1.8333333333333333,4,10,DETERMINISTIC SAMPLER REPLAY VERIFIED AGAINST ALL LOGGED CLASS/UID/GROUP COUNTS
6,A,p6_A_D300,p6_A_D300_s17,17,NOT APPLICABLE,joint,4,train,endothelium,24,32,15,17,2.1333333333333333,4,15,DETERMINISTIC SAMPLER REPLAY VERIFIED AGAINST ALL LOGGED CLASS/UID/GROUP COUNTS
6,A,p6_A_D300,p6_A_D300_s17,17,NOT APPLICABLE,joint,4,train,apoptosis,24,24,19,5,1.263157894736842,3,19,DETERMINISTIC SAMPLER REPLAY VERIFIED AGAINST ALL LOGGED CLASS/UID/GROUP COUNTS
6,A,p6_A_D300,p6_A_D300_s17,17,NOT APPLICABLE,joint,5,train,tumor,71,34,28,6,1.2142857142857142,4,27,DETERMINISTIC SAMPLER REPLAY VERIFIED AGAINST ALL LOGGED CLASS/UID/GROUP COUNTS
6,A,p6_A_D300,p6_A_D300_s17,17,NOT APPLICABLE,joint,5,train,lymphocyte,37,26,18,8,1.4444444444444444,6,18,DETERMINISTIC SAMPLER REPLAY VERIFIED AGAINST ALL LOGGED CLASS/UID/GROUP COUNTS
6,A,p6_A_D300,p6_A_D300_s17,17,NOT APPLICABLE,joint,5,train,plasma_cell,24,24,12,12,2.0,3,12,DETERMINISTIC SAMPLER REPLAY VERIFIED AGAINST ALL LOGGED CLASS/UID/GROUP COUNTS
6,A,p6_A_D300,p6_A_D300_s17,17,NOT APPLICABLE,joint,5,train,histiocyte,24,23,16,7,1.4375,2,16,DETERMINISTIC SAMPLER REPLAY VERIFIED AGAINST ALL LOGGED CLASS/UID/GROUP COUNTS
6,A,p6_A_D300,p6_A_D300_s17,17,NOT APPLICABLE,joint,5,train,melanophage,24,33,20,13,1.65,3,20,DETERMINISTIC SAMPLER REPLAY VERIFIED AGAINST ALL LOGGED CLASS/UID/GROUP COUNTS
6,A,p6_A_D300,p6_A_D300_s17,17,NOT APPLICABLE,joint,5,train,neutrophil,24,28,18,10,1.5555555555555556,3,7,DETERMINISTIC SAMPLER REPLAY VERIFIED AGAINST ALL LOGGED CLASS/UID/GROUP COUNTS
6,A,p6_A_D300,p6_A_D300_s17,17,NOT APPLICABLE,joint,5,train,stroma,24,30,19,11,1.5789473684210527,3,19,DETERMINISTIC SAMPLER REPLAY VERIFIED AGAINST ALL LOGGED CLASS/UID/GROUP COUNTS
6,A,p6_A_D300,p6_A_D300_s17,17,NOT APPLICABLE,joint,5,train,epithelium,24,33,20,13,1.65,4,10,DETERMINISTIC SAMPLER REPLAY VERIFIED AGAINST ALL LOGGED CLASS/UID/GROUP COUNTS
6,A,p6_A_D300,p6_A_D300_s17,17,NOT APPLICABLE,joint,5,train,endothelium,24,40,20,20,2.0,5,20,DETERMINISTIC SAMPLER REPLAY VERIFIED AGAINST ALL LOGGED CLASS/UID/GROUP COUNTS
6,A,p6_A_D300,p6_A_D300_s17,17,NOT APPLICABLE,joint,5,train,apoptosis,24,29,14,15,2.0714285714285716,4,14,DETERMINISTIC SAMPLER REPLAY VERIFIED AGAINST ALL LOGGED CLASS/UID/GROUP COUNTS
6,A,p6_A_D300,p6_A_D300_s17,17,NOT APPLICABLE,joint,6,train,tumor,71,36,31,5,1.1612903225806452,2,29,DETERMINISTIC SAMPLER REPLAY VERIFIED AGAINST ALL LOGGED CLASS/UID/GROUP COUNTS
6,A,p6_A_D300,p6_A_D300_s17,17,NOT APPLICABLE,joint,6,train,lymphocyte,37,31,20,11,1.55,4,20,DETERMINISTIC SAMPLER REPLAY VERIFIED AGAINST ALL LOGGED CLASS/UID/GROUP COUNTS
6,A,p6_A_D300,p6_A_D300_s17,17,NOT APPLICABLE,joint,6,train,plasma_cell,24,31,20,11,1.55,4,16,DETERMINISTIC SAMPLER REPLAY VERIFIED AGAINST ALL LOGGED CLASS/UID/GROUP COUNTS
6,A,p6_A_D300,p6_A_D300_s17,17,NOT APPLICABLE,joint,6,train,histiocyte,24,25,18,7,1.3888888888888888,4,18,DETERMINISTIC SAMPLER REPLAY VERIFIED AGAINST ALL LOGGED CLASS/UID/GROUP COUNTS
6,A,p6_A_D300,p6_A_D300_s17,17,NOT APPLICABLE,joint,6,train,melanophage,24,29,19,10,1.5263157894736843,4,19,DETERMINISTIC SAMPLER REPLAY VERIFIED AGAINST ALL LOGGED CLASS/UID/GROUP COUNTS
6,A,p6_A_D300,p6_A_D300_s17,17,NOT APPLICABLE,joint,6,train,neutrophil,24,25,14,11,1.7857142857142858,5,6,DETERMINISTIC SAMPLER REPLAY VERIFIED AGAINST ALL LOGGED CLASS/UID/GROUP COUNTS
6,A,p6_A_D300,p6_A_D300_s17,17,NOT APPLICABLE,joint,6,train,stroma,24,36,21,15,1.7142857142857142,4,21,DETERMINISTIC SAMPLER REPLAY VERIFIED AGAINST ALL LOGGED CLASS/UID/GROUP COUNTS
6,A,p6_A_D300,p6_A_D300_s17,17,NOT APPLICABLE,joint,6,train,epithelium,24,23,15,8,1.5333333333333334,3,9,DETERMINISTIC SAMPLER REPLAY VERIFIED AGAINST ALL LOGGED CLASS/UID/GROUP COUNTS
6,A,p6_A_D300,p6_A_D300_s17,17,NOT APPLICABLE,joint,6,train,endothelium,24,32,17,15,1.8823529411764706,5,17,DETERMINISTIC SAMPLER REPLAY VERIFIED AGAINST ALL LOGGED CLASS/UID/GROUP COUNTS
6,A,p6_A_D300,p6_A_D300_s17,17,NOT APPLICABLE,joint,6,train,apoptosis,24,32,19,13,1.6842105263157894,4,19,DETERMINISTIC SAMPLER REPLAY VERIFIED AGAINST ALL LOGGED CLASS/UID/GROUP COUNTS
6,A,p6_A_D300,p6_A_D300_s17,17,NOT APPLICABLE,joint,7,train,tumor,71,32,29,3,1.103448275862069,2,27,DETERMINISTIC SAMPLER REPLAY VERIFIED AGAINST ALL LOGGED CLASS/UID/GROUP COUNTS
6,A,p6_A_D300,p6_A_D300_s17,17,NOT APPLICABLE,joint,7,train,lymphocyte,37,28,16,12,1.75,3,16,DETERMINISTIC SAMPLER REPLAY VERIFIED AGAINST ALL LOGGED CLASS/UID/GROUP COUNTS
6,A,p6_A_D300,p6_A_D300_s17,17,NOT APPLICABLE,joint,7,train,plasma_cell,24,34,19,15,1.7894736842105263,4,14,DETERMINISTIC SAMPLER REPLAY VERIFIED AGAINST ALL LOGGED CLASS/UID/GROUP COUNTS
6,A,p6_A_D300,p6_A_D300_s17,17,NOT APPLICABLE,joint,7,train,histiocyte,24,31,18,13,1.7222222222222223,3,18,DETERMINISTIC SAMPLER REPLAY VERIFIED AGAINST ALL LOGGED CLASS/UID/GROUP COUNTS
6,A,p6_A_D300,p6_A_D300_s17,17,NOT APPLICABLE,joint,7,train,melanophage,24,33,19,14,1.736842105263158,3,19,DETERMINISTIC SAMPLER REPLAY VERIFIED AGAINST ALL LOGGED CLASS/UID/GROUP COUNTS
6,A,p6_A_D300,p6_A_D300_s17,17,NOT APPLICABLE,joint,7,train,neutrophil,24,24,16,8,1.5,3,6,DETERMINISTIC SAMPLER REPLAY VERIFIED AGAINST ALL LOGGED CLASS/UID/GROUP COUNTS
6,A,p6_A_D300,p6_A_D300_s17,17,NOT APPLICABLE,joint,7,train,stroma,24,33,18,15,1.8333333333333333,5,18,DETERMINISTIC SAMPLER REPLAY VERIFIED AGAINST ALL LOGGED CLASS/UID/GROUP COUNTS
6,A,p6_A_D300,p6_A_D300_s17,17,NOT APPLICABLE,joint,7,train,epithelium,24,35,19,16,1.8421052631578947,4,10,DETERMINISTIC SAMPLER REPLAY VERIFIED AGAINST ALL LOGGED CLASS/UID/GROUP COUNTS
6,A,p6_A_D300,p6_A_D300_s17,17,NOT APPLICABLE,joint,7,train,endothelium,24,23,15,8,1.5333333333333334,3,15,DETERMINISTIC SAMPLER REPLAY VERIFIED AGAINST ALL LOGGED CLASS/UID/GROUP COUNTS
6,A,p6_A_D300,p6_A_D300_s17,17,NOT APPLICABLE,joint,7,train,apoptosis,24,27,16,11,1.6875,4,16,DETERMINISTIC SAMPLER REPLAY VERIFIED AGAINST ALL LOGGED CLASS/UID/GROUP COUNTS
6,A,p6_A_D300,p6_A_D300_s17,17,NOT APPLICABLE,joint,8,train,tumor,71,44,33,11,1.3333333333333333,4,31,DETERMINISTIC SAMPLER REPLAY VERIFIED AGAINST ALL LOGGED CLASS/UID/GROUP COUNTS
6,A,p6_A_D300,p6_A_D300_s17,17,NOT APPLICABLE,joint,8,train,lymphocyte,37,29,22,7,1.3181818181818181,4,22,DETERMINISTIC SAMPLER REPLAY VERIFIED AGAINST ALL LOGGED CLASS/UID/GROUP COUNTS
6,A,p6_A_D300,p6_A_D300_s17,17,NOT APPLICABLE,joint,8,train,plasma_cell,24,34,19,15,1.7894736842105263,4,14,DETERMINISTIC SAMPLER REPLAY VERIFIED AGAINST ALL LOGGED CLASS/UID/GROUP COUNTS
6,A,p6_A_D300,p6_A_D300_s17,17,NOT APPLICABLE,joint,8,train,histiocyte,24,40,18,22,2.2222222222222223,5,18,DETERMINISTIC SAMPLER REPLAY VERIFIED AGAINST ALL LOGGED CLASS/UID/GROUP COUNTS
6,A,p6_A_D300,p6_A_D300_s17,17,NOT APPLICABLE,joint,8,train,melanophage,24,41,21,20,1.9523809523809523,4,21,DETERMINISTIC SAMPLER REPLAY VERIFIED AGAINST ALL LOGGED CLASS/UID/GROUP COUNTS
6,A,p6_A_D300,p6_A_D300_s17,17,NOT APPLICABLE,joint,8,train,neutrophil,24,20,13,7,1.5384615384615385,3,6,DETERMINISTIC SAMPLER REPLAY VERIFIED AGAINST ALL LOGGED CLASS/UID/GROUP COUNTS
6,A,p6_A_D300,p6_A_D300_s17,17,NOT APPLICABLE,joint,8,train,stroma,24,20,14,6,1.4285714285714286,4,14,DETERMINISTIC SAMPLER REPLAY VERIFIED AGAINST ALL LOGGED CLASS/UID/GROUP COUNTS
6,A,p6_A_D300,p6_A_D300_s17,17,NOT APPLICABLE,joint,8,train,epithelium,24,20,14,6,1.4285714285714286,3,7,DETERMINISTIC SAMPLER REPLAY VERIFIED AGAINST ALL LOGGED CLASS/UID/GROUP COUNTS
6,A,p6_A_D300,p6_A_D300_s17,17,NOT APPLICABLE,joint,8,train,endothelium,24,25,17,8,1.4705882352941178,3,17,DETERMINISTIC SAMPLER REPLAY VERIFIED AGAINST ALL LOGGED CLASS/UID/GROUP COUNTS
6,A,p6_A_D300,p6_A_D300_s17,17,NOT APPLICABLE,joint,8,train,apoptosis,24,27,16,11,1.6875,4,16,DETERMINISTIC SAMPLER REPLAY VERIFIED AGAINST ALL LOGGED CLASS/UID/GROUP COUNTS
6,A,p6_A_D300,p6_A_D300_s17,17,NOT APPLICABLE,joint,9,train,tumor,71,36,26,10,1.3846153846153846,3,25,DETERMINISTIC SAMPLER REPLAY VERIFIED AGAINST ALL LOGGED CLASS/UID/GROUP COUNTS
6,A,p6_A_D300,p6_A_D300_s17,17,NOT APPLICABLE,joint,9,train,lymphocyte,37,23,16,7,1.4375,3,16,DETERMINISTIC SAMPLER REPLAY VERIFIED AGAINST ALL LOGGED CLASS/UID/GROUP COUNTS
6,A,p6_A_D300,p6_A_D300_s17,17,NOT APPLICABLE,joint,9,train,plasma_cell,24,30,18,12,1.6666666666666667,3,15,DETERMINISTIC SAMPLER REPLAY VERIFIED AGAINST ALL LOGGED CLASS/UID/GROUP COUNTS
6,A,p6_A_D300,p6_A_D300_s17,17,NOT APPLICABLE,joint,9,train,histiocyte,24,37,20,17,1.85,4,20,DETERMINISTIC SAMPLER REPLAY VERIFIED AGAINST ALL LOGGED CLASS/UID/GROUP COUNTS
6,A,p6_A_D300,p6_A_D300_s17,17,NOT APPLICABLE,joint,9,train,melanophage,24,28,15,13,1.8666666666666667,4,15,DETERMINISTIC SAMPLER REPLAY VERIFIED AGAINST ALL LOGGED CLASS/UID/GROUP COUNTS
6,A,p6_A_D300,p6_A_D300_s17,17,NOT APPLICABLE,joint,9,train,neutrophil,24,33,19,14,1.736842105263158,3,8,DETERMINISTIC SAMPLER REPLAY VERIFIED AGAINST ALL LOGGED CLASS/UID/GROUP COUNTS
6,A,p6_A_D300,p6_A_D300_s17,17,NOT APPLICABLE,joint,9,train,stroma,24,32,18,14,1.7777777777777777,3,18,DETERMINISTIC SAMPLER REPLAY VERIFIED AGAINST ALL LOGGED CLASS/UID/GROUP COUNTS
6,A,p6_A_D300,p6_A_D300_s17,17,NOT APPLICABLE,joint,9,train,epithelium,24,25,14,11,1.7857142857142858,3,9,DETERMINISTIC SAMPLER REPLAY VERIFIED AGAINST ALL LOGGED CLASS/UID/GROUP COUNTS
6,A,p6_A_D300,p6_A_D300_s17,17,NOT APPLICABLE,joint,9,train,endothelium,24,29,17,12,1.7058823529411764,3,17,DETERMINISTIC SAMPLER REPLAY VERIFIED AGAINST ALL LOGGED CLASS/UID/GROUP COUNTS
6,A,p6_A_D300,p6_A_D300_s17,17,NOT APPLICABLE,joint,9,train,apoptosis,24,27,15,12,1.8,4,15,DETERMINISTIC SAMPLER REPLAY VERIFIED AGAINST ALL LOGGED CLASS/UID/GROUP COUNTS
6,A,p6_A_D300,p6_A_D300_s17,17,NOT APPLICABLE,joint,10,train,tumor,71,35,28,7,1.25,2,26,DETERMINISTIC SAMPLER REPLAY VERIFIED AGAINST ALL LOGGED CLASS/UID/GROUP COUNTS
6,A,p6_A_D300,p6_A_D300_s17,17,NOT APPLICABLE,joint,10,train,lymphocyte,37,35,23,12,1.5217391304347827,5,23,DETERMINISTIC SAMPLER REPLAY VERIFIED AGAINST ALL LOGGED CLASS/UID/GROUP COUNTS
6,A,p6_A_D300,p6_A_D300_s17,17,NOT APPLICABLE,joint,10,train,plasma_cell,24,26,14,12,1.8571428571428572,5,11,DETERMINISTIC SAMPLER REPLAY VERIFIED AGAINST ALL LOGGED CLASS/UID/GROUP COUNTS
6,A,p6_A_D300,p6_A_D300_s17,17,NOT APPLICABLE,joint,10,train,histiocyte,24,34,18,16,1.8888888888888888,4,18,DETERMINISTIC SAMPLER REPLAY VERIFIED AGAINST ALL LOGGED CLASS/UID/GROUP COUNTS
6,A,p6_A_D300,p6_A_D300_s17,17,NOT APPLICABLE,joint,10,train,melanophage,24,26,14,12,1.8571428571428572,4,14,DETERMINISTIC SAMPLER REPLAY VERIFIED AGAINST ALL LOGGED CLASS/UID/GROUP COUNTS
6,A,p6_A_D300,p6_A_D300_s17,17,NOT APPLICABLE,joint,10,train,neutrophil,24,39,22,17,1.7727272727272727,4,7,DETERMINISTIC SAMPLER REPLAY VERIFIED AGAINST ALL LOGGED CLASS/UID/GROUP COUNTS
6,A,p6_A_D300,p6_A_D300_s17,17,NOT APPLICABLE,joint,10,train,stroma,24,25,21,4,1.1904761904761905,4,21,DETERMINISTIC SAMPLER REPLAY VERIFIED AGAINST ALL LOGGED CLASS/UID/GROUP COUNTS
6,A,p6_A_D300,p6_A_D300_s17,17,NOT APPLICABLE,joint,10,train,epithelium,24,24,15,9,1.6,4,9,DETERMINISTIC SAMPLER REPLAY VERIFIED AGAINST ALL LOGGED CLASS/UID/GROUP COUNTS
6,A,p6_A_D300,p6_A_D300_s17,17,NOT APPLICABLE,joint,10,train,endothelium,24,27,17,10,1.588235294117647,3,17,DETERMINISTIC SAMPLER REPLAY VERIFIED AGAINST ALL LOGGED CLASS/UID/GROUP COUNTS
6,A,p6_A_D300,p6_A_D300_s17,17,NOT APPLICABLE,joint,10,train,apoptosis,24,29,16,13,1.8125,4,16,DETERMINISTIC SAMPLER REPLAY VERIFIED AGAINST ALL LOGGED CLASS/UID/GROUP COUNTS
6,A,p6_A_D300,p6_A_D300_s29,29,NOT APPLICABLE,joint,1,train,tumor,71,24,22,2,1.0909090909090908,2,20,DETERMINISTIC SAMPLER REPLAY VERIFIED AGAINST ALL LOGGED CLASS/UID/GROUP COUNTS
6,A,p6_A_D300,p6_A_D300_s29,29,NOT APPLICABLE,joint,1,train,lymphocyte,37,34,20,14,1.7,3,20,DETERMINISTIC SAMPLER REPLAY VERIFIED AGAINST ALL LOGGED CLASS/UID/GROUP COUNTS
6,A,p6_A_D300,p6_A_D300_s29,29,NOT APPLICABLE,joint,1,train,plasma_cell,24,27,14,13,1.9285714285714286,3,12,DETERMINISTIC SAMPLER REPLAY VERIFIED AGAINST ALL LOGGED CLASS/UID/GROUP COUNTS
6,A,p6_A_D300,p6_A_D300_s29,29,NOT APPLICABLE,joint,1,train,histiocyte,24,35,21,14,1.6666666666666667,4,21,DETERMINISTIC SAMPLER REPLAY VERIFIED AGAINST ALL LOGGED CLASS/UID/GROUP COUNTS
6,A,p6_A_D300,p6_A_D300_s29,29,NOT APPLICABLE,joint,1,train,melanophage,24,35,16,19,2.1875,4,16,DETERMINISTIC SAMPLER REPLAY VERIFIED AGAINST ALL LOGGED CLASS/UID/GROUP COUNTS
6,A,p6_A_D300,p6_A_D300_s29,29,NOT APPLICABLE,joint,1,train,neutrophil,24,33,21,12,1.5714285714285714,4,8,DETERMINISTIC SAMPLER REPLAY VERIFIED AGAINST ALL LOGGED CLASS/UID/GROUP COUNTS
6,A,p6_A_D300,p6_A_D300_s29,29,NOT APPLICABLE,joint,1,train,stroma,24,39,21,18,1.8571428571428572,4,21,DETERMINISTIC SAMPLER REPLAY VERIFIED AGAINST ALL LOGGED CLASS/UID/GROUP COUNTS
6,A,p6_A_D300,p6_A_D300_s29,29,NOT APPLICABLE,joint,1,train,epithelium,24,16,11,5,1.4545454545454546,2,9,DETERMINISTIC SAMPLER REPLAY VERIFIED AGAINST ALL LOGGED CLASS/UID/GROUP COUNTS
6,A,p6_A_D300,p6_A_D300_s29,29,NOT APPLICABLE,joint,1,train,endothelium,24,32,17,15,1.8823529411764706,6,17,DETERMINISTIC SAMPLER REPLAY VERIFIED AGAINST ALL LOGGED CLASS/UID/GROUP COUNTS
6,A,p6_A_D300,p6_A_D300_s29,29,NOT APPLICABLE,joint,1,train,apoptosis,24,25,15,10,1.6666666666666667,3,15,DETERMINISTIC SAMPLER REPLAY VERIFIED AGAINST ALL LOGGED CLASS/UID/GROUP COUNTS
6,A,p6_A_D300,p6_A_D300_s29,29,NOT APPLICABLE,joint,2,train,tumor,71,36,29,7,1.2413793103448276,2,28,DETERMINISTIC SAMPLER REPLAY VERIFIED AGAINST ALL LOGGED CLASS/UID/GROUP COUNTS
6,A,p6_A_D300,p6_A_D300_s29,29,NOT APPLICABLE,joint,2,train,lymphocyte,37,27,19,8,1.4210526315789473,3,19,DETERMINISTIC SAMPLER REPLAY VERIFIED AGAINST ALL LOGGED CLASS/UID/GROUP COUNTS
6,A,p6_A_D300,p6_A_D300_s29,29,NOT APPLICABLE,joint,2,train,plasma_cell,24,29,16,13,1.8125,5,13,DETERMINISTIC SAMPLER REPLAY VERIFIED AGAINST ALL LOGGED CLASS/UID/GROUP COUNTS
6,A,p6_A_D300,p6_A_D300_s29,29,NOT APPLICABLE,joint,2,train,histiocyte,24,28,18,10,1.5555555555555556,3,18,DETERMINISTIC SAMPLER REPLAY VERIFIED AGAINST ALL LOGGED CLASS/UID/GROUP COUNTS
6,A,p6_A_D300,p6_A_D300_s29,29,NOT APPLICABLE,joint,2,train,melanophage,24,36,19,17,1.894736842105263,3,19,DETERMINISTIC SAMPLER REPLAY VERIFIED AGAINST ALL LOGGED CLASS/UID/GROUP COUNTS
6,A,p6_A_D300,p6_A_D300_s29,29,NOT APPLICABLE,joint,2,train,neutrophil,24,30,19,11,1.5789473684210527,3,7,DETERMINISTIC SAMPLER REPLAY VERIFIED AGAINST ALL LOGGED CLASS/UID/GROUP COUNTS
6,A,p6_A_D300,p6_A_D300_s29,29,NOT APPLICABLE,joint,2,train,stroma,24,32,16,16,2.0,4,16,DETERMINISTIC SAMPLER REPLAY VERIFIED AGAINST ALL LOGGED CLASS/UID/GROUP COUNTS
6,A,p6_A_D300,p6_A_D300_s29,29,NOT APPLICABLE,joint,2,train,epithelium,24,38,22,16,1.7272727272727273,5,10,DETERMINISTIC SAMPLER REPLAY VERIFIED AGAINST ALL LOGGED CLASS/UID/GROUP COUNTS
6,A,p6_A_D300,p6_A_D300_s29,29,NOT APPLICABLE,joint,2,train,endothelium,24,18,15,3,1.2,2,15,DETERMINISTIC SAMPLER REPLAY VERIFIED AGAINST ALL LOGGED CLASS/UID/GROUP COUNTS
6,A,p6_A_D300,p6_A_D300_s29,29,NOT APPLICABLE,joint,2,train,apoptosis,24,26,16,10,1.625,3,16,DETERMINISTIC SAMPLER REPLAY VERIFIED AGAINST ALL LOGGED CLASS/UID/GROUP COUNTS
6,A,p6_A_D300,p6_A_D300_s29,29,NOT APPLICABLE,joint,3,train,tumor,71,30,25,5,1.2,3,25,DETERMINISTIC SAMPLER REPLAY VERIFIED AGAINST ALL LOGGED CLASS/UID/GROUP COUNTS
6,A,p6_A_D300,p6_A_D300_s29,29,NOT APPLICABLE,joint,3,train,lymphocyte,37,21,15,6,1.4,3,15,DETERMINISTIC SAMPLER REPLAY VERIFIED AGAINST ALL LOGGED CLASS/UID/GROUP COUNTS
6,A,p6_A_D300,p6_A_D300_s29,29,NOT APPLICABLE,joint,3,train,plasma_cell,24,33,16,17,2.0625,5,12,DETERMINISTIC SAMPLER REPLAY VERIFIED AGAINST ALL LOGGED CLASS/UID/GROUP COUNTS
6,A,p6_A_D300,p6_A_D300_s29,29,NOT APPLICABLE,joint,3,train,histiocyte,24,29,20,9,1.45,4,20,DETERMINISTIC SAMPLER REPLAY VERIFIED AGAINST ALL LOGGED CLASS/UID/GROUP COUNTS
6,A,p6_A_D300,p6_A_D300_s29,29,NOT APPLICABLE,joint,3,train,melanophage,24,28,19,9,1.4736842105263157,3,19,DETERMINISTIC SAMPLER REPLAY VERIFIED AGAINST ALL LOGGED CLASS/UID/GROUP COUNTS
6,A,p6_A_D300,p6_A_D300_s29,29,NOT APPLICABLE,joint,3,train,neutrophil,24,27,20,7,1.35,2,8,DETERMINISTIC SAMPLER REPLAY VERIFIED AGAINST ALL LOGGED CLASS/UID/GROUP COUNTS
6,A,p6_A_D300,p6_A_D300_s29,29,NOT APPLICABLE,joint,3,train,stroma,24,37,18,19,2.0555555555555554,4,18,DETERMINISTIC SAMPLER REPLAY VERIFIED AGAINST ALL LOGGED CLASS/UID/GROUP COUNTS
6,A,p6_A_D300,p6_A_D300_s29,29,NOT APPLICABLE,joint,3,train,epithelium,24,36,21,15,1.7142857142857142,3,10,DETERMINISTIC SAMPLER REPLAY VERIFIED AGAINST ALL LOGGED CLASS/UID/GROUP COUNTS
6,A,p6_A_D300,p6_A_D300_s29,29,NOT APPLICABLE,joint,3,train,endothelium,24,28,18,10,1.5555555555555556,4,18,DETERMINISTIC SAMPLER REPLAY VERIFIED AGAINST ALL LOGGED CLASS/UID/GROUP COUNTS
6,A,p6_A_D300,p6_A_D300_s29,29,NOT APPLICABLE,joint,3,train,apoptosis,24,31,18,13,1.7222222222222223,5,18,DETERMINISTIC SAMPLER REPLAY VERIFIED AGAINST ALL LOGGED CLASS/UID/GROUP COUNTS
6,A,p6_A_D300,p6_A_D300_s29,29,NOT APPLICABLE,joint,4,train,tumor,71,35,27,8,1.2962962962962963,3,26,DETERMINISTIC SAMPLER REPLAY VERIFIED AGAINST ALL LOGGED CLASS/UID/GROUP COUNTS
6,A,p6_A_D300,p6_A_D300_s29,29,NOT APPLICABLE,joint,4,train,lymphocyte,37,39,23,16,1.6956521739130435,4,23,DETERMINISTIC SAMPLER REPLAY VERIFIED AGAINST ALL LOGGED CLASS/UID/GROUP COUNTS
6,A,p6_A_D300,p6_A_D300_s29,29,NOT APPLICABLE,joint,4,train,plasma_cell,24,32,17,15,1.8823529411764706,5,13,DETERMINISTIC SAMPLER REPLAY VERIFIED AGAINST ALL LOGGED CLASS/UID/GROUP COUNTS
6,A,p6_A_D300,p6_A_D300_s29,29,NOT APPLICABLE,joint,4,train,histiocyte,24,26,17,9,1.5294117647058822,4,17,DETERMINISTIC SAMPLER REPLAY VERIFIED AGAINST ALL LOGGED CLASS/UID/GROUP COUNTS
6,A,p6_A_D300,p6_A_D300_s29,29,NOT APPLICABLE,joint,4,train,melanophage,24,28,16,12,1.75,3,16,DETERMINISTIC SAMPLER REPLAY VERIFIED AGAINST ALL LOGGED CLASS/UID/GROUP COUNTS
6,A,p6_A_D300,p6_A_D300_s29,29,NOT APPLICABLE,joint,4,train,neutrophil,24,33,18,15,1.8333333333333333,3,8,DETERMINISTIC SAMPLER REPLAY VERIFIED AGAINST ALL LOGGED CLASS/UID/GROUP COUNTS
6,A,p6_A_D300,p6_A_D300_s29,29,NOT APPLICABLE,joint,4,train,stroma,24,25,14,11,1.7857142857142858,4,14,DETERMINISTIC SAMPLER REPLAY VERIFIED AGAINST ALL LOGGED CLASS/UID/GROUP COUNTS
6,A,p6_A_D300,p6_A_D300_s29,29,NOT APPLICABLE,joint,4,train,epithelium,24,29,16,13,1.8125,5,10,DETERMINISTIC SAMPLER REPLAY VERIFIED AGAINST ALL LOGGED CLASS/UID/GROUP COUNTS
6,A,p6_A_D300,p6_A_D300_s29,29,NOT APPLICABLE,joint,4,train,endothelium,24,25,16,9,1.5625,4,16,DETERMINISTIC SAMPLER REPLAY VERIFIED AGAINST ALL LOGGED CLASS/UID/GROUP COUNTS
6,A,p6_A_D300,p6_A_D300_s29,29,NOT APPLICABLE,joint,4,train,apoptosis,24,28,17,11,1.6470588235294117,3,17,DETERMINISTIC SAMPLER REPLAY VERIFIED AGAINST ALL LOGGED CLASS/UID/GROUP COUNTS
6,A,p6_A_D300,p6_A_D300_s29,29,NOT APPLICABLE,joint,5,train,tumor,71,24,19,5,1.263157894736842,2,17,DETERMINISTIC SAMPLER REPLAY VERIFIED AGAINST ALL LOGGED CLASS/UID/GROUP COUNTS
6,A,p6_A_D300,p6_A_D300_s29,29,NOT APPLICABLE,joint,5,train,lymphocyte,37,26,19,7,1.368421052631579,3,19,DETERMINISTIC SAMPLER REPLAY VERIFIED AGAINST ALL LOGGED CLASS/UID/GROUP COUNTS
6,A,p6_A_D300,p6_A_D300_s29,29,NOT APPLICABLE,joint,5,train,plasma_cell,24,23,15,8,1.5333333333333334,3,13,DETERMINISTIC SAMPLER REPLAY VERIFIED AGAINST ALL LOGGED CLASS/UID/GROUP COUNTS
6,A,p6_A_D300,p6_A_D300_s29,29,NOT APPLICABLE,joint,5,train,histiocyte,24,38,18,20,2.111111111111111,5,18,DETERMINISTIC SAMPLER REPLAY VERIFIED AGAINST ALL LOGGED CLASS/UID/GROUP COUNTS
6,A,p6_A_D300,p6_A_D300_s29,29,NOT APPLICABLE,joint,5,train,melanophage,24,23,14,9,1.6428571428571428,3,14,DETERMINISTIC SAMPLER REPLAY VERIFIED AGAINST ALL LOGGED CLASS/UID/GROUP COUNTS
6,A,p6_A_D300,p6_A_D300_s29,29,NOT APPLICABLE,joint,5,train,neutrophil,24,19,13,6,1.4615384615384615,3,7,DETERMINISTIC SAMPLER REPLAY VERIFIED AGAINST ALL LOGGED CLASS/UID/GROUP COUNTS
6,A,p6_A_D300,p6_A_D300_s29,29,NOT APPLICABLE,joint,5,train,stroma,24,32,18,14,1.7777777777777777,3,18,DETERMINISTIC SAMPLER REPLAY VERIFIED AGAINST ALL LOGGED CLASS/UID/GROUP COUNTS
6,A,p6_A_D300,p6_A_D300_s29,29,NOT APPLICABLE,joint,5,train,epithelium,24,35,19,16,1.8421052631578947,4,10,DETERMINISTIC SAMPLER REPLAY VERIFIED AGAINST ALL LOGGED CLASS/UID/GROUP COUNTS
6,A,p6_A_D300,p6_A_D300_s29,29,NOT APPLICABLE,joint,5,train,endothelium,24,42,21,21,2.0,4,21,DETERMINISTIC SAMPLER REPLAY VERIFIED AGAINST ALL LOGGED CLASS/UID/GROUP COUNTS
6,A,p6_A_D300,p6_A_D300_s29,29,NOT APPLICABLE,joint,5,train,apoptosis,24,38,19,19,2.0,5,19,DETERMINISTIC SAMPLER REPLAY VERIFIED AGAINST ALL LOGGED CLASS/UID/GROUP COUNTS
6,A,p6_A_D300,p6_A_D300_s29,29,NOT APPLICABLE,joint,6,train,tumor,71,28,22,6,1.2727272727272727,3,21,DETERMINISTIC SAMPLER REPLAY VERIFIED AGAINST ALL LOGGED CLASS/UID/GROUP COUNTS
6,A,p6_A_D300,p6_A_D300_s29,29,NOT APPLICABLE,joint,6,train,lymphocyte,37,25,16,9,1.5625,3,16,DETERMINISTIC SAMPLER REPLAY VERIFIED AGAINST ALL LOGGED CLASS/UID/GROUP COUNTS
6,A,p6_A_D300,p6_A_D300_s29,29,NOT APPLICABLE,joint,6,train,plasma_cell,24,43,22,21,1.9545454545454546,4,16,DETERMINISTIC SAMPLER REPLAY VERIFIED AGAINST ALL LOGGED CLASS/UID/GROUP COUNTS
6,A,p6_A_D300,p6_A_D300_s29,29,NOT APPLICABLE,joint,6,train,histiocyte,24,34,21,13,1.619047619047619,3,21,DETERMINISTIC SAMPLER REPLAY VERIFIED AGAINST ALL LOGGED CLASS/UID/GROUP COUNTS
6,A,p6_A_D300,p6_A_D300_s29,29,NOT APPLICABLE,joint,6,train,melanophage,24,22,17,5,1.2941176470588236,3,17,DETERMINISTIC SAMPLER REPLAY VERIFIED AGAINST ALL LOGGED CLASS/UID/GROUP COUNTS
6,A,p6_A_D300,p6_A_D300_s29,29,NOT APPLICABLE,joint,6,train,neutrophil,24,28,18,10,1.5555555555555556,3,6,DETERMINISTIC SAMPLER REPLAY VERIFIED AGAINST ALL LOGGED CLASS/UID/GROUP COUNTS
6,A,p6_A_D300,p6_A_D300_s29,29,NOT APPLICABLE,joint,6,train,stroma,24,28,18,10,1.5555555555555556,4,18,DETERMINISTIC SAMPLER REPLAY VERIFIED AGAINST ALL LOGGED CLASS/UID/GROUP COUNTS
6,A,p6_A_D300,p6_A_D300_s29,29,NOT APPLICABLE,joint,6,train,epithelium,24,29,19,10,1.5263157894736843,3,10,DETERMINISTIC SAMPLER REPLAY VERIFIED AGAINST ALL LOGGED CLASS/UID/GROUP COUNTS
6,A,p6_A_D300,p6_A_D300_s29,29,NOT APPLICABLE,joint,6,train,endothelium,24,40,19,21,2.1052631578947367,4,19,DETERMINISTIC SAMPLER REPLAY VERIFIED AGAINST ALL LOGGED CLASS/UID/GROUP COUNTS
6,A,p6_A_D300,p6_A_D300_s29,29,NOT APPLICABLE,joint,6,train,apoptosis,24,23,15,8,1.5333333333333334,2,15,DETERMINISTIC SAMPLER REPLAY VERIFIED AGAINST ALL LOGGED CLASS/UID/GROUP COUNTS
6,A,p6_A_D300,p6_A_D300_s29,29,NOT APPLICABLE,joint,7,train,tumor,71,26,21,5,1.2380952380952381,3,20,DETERMINISTIC SAMPLER REPLAY VERIFIED AGAINST ALL LOGGED CLASS/UID/GROUP COUNTS
6,A,p6_A_D300,p6_A_D300_s29,29,NOT APPLICABLE,joint,7,train,lymphocyte,37,24,15,9,1.6,4,15,DETERMINISTIC SAMPLER REPLAY VERIFIED AGAINST ALL LOGGED CLASS/UID/GROUP COUNTS
6,A,p6_A_D300,p6_A_D300_s29,29,NOT APPLICABLE,joint,7,train,plasma_cell,24,29,18,11,1.6111111111111112,5,16,DETERMINISTIC SAMPLER REPLAY VERIFIED AGAINST ALL LOGGED CLASS/UID/GROUP COUNTS
6,A,p6_A_D300,p6_A_D300_s29,29,NOT APPLICABLE,joint,7,train,histiocyte,24,27,16,11,1.6875,5,16,DETERMINISTIC SAMPLER REPLAY VERIFIED AGAINST ALL LOGGED CLASS/UID/GROUP COUNTS
6,A,p6_A_D300,p6_A_D300_s29,29,NOT APPLICABLE,joint,7,train,melanophage,24,25,13,12,1.9230769230769231,5,13,DETERMINISTIC SAMPLER REPLAY VERIFIED AGAINST ALL LOGGED CLASS/UID/GROUP COUNTS
6,A,p6_A_D300,p6_A_D300_s29,29,NOT APPLICABLE,joint,7,train,neutrophil,24,37,19,18,1.9473684210526316,4,7,DETERMINISTIC SAMPLER REPLAY VERIFIED AGAINST ALL LOGGED CLASS/UID/GROUP COUNTS
6,A,p6_A_D300,p6_A_D300_s29,29,NOT APPLICABLE,joint,7,train,stroma,24,31,19,12,1.631578947368421,3,19,DETERMINISTIC SAMPLER REPLAY VERIFIED AGAINST ALL LOGGED CLASS/UID/GROUP COUNTS
6,A,p6_A_D300,p6_A_D300_s29,29,NOT APPLICABLE,joint,7,train,epithelium,24,33,18,15,1.8333333333333333,3,10,DETERMINISTIC SAMPLER REPLAY VERIFIED AGAINST ALL LOGGED CLASS/UID/GROUP COUNTS
6,A,p6_A_D300,p6_A_D300_s29,29,NOT APPLICABLE,joint,7,train,endothelium,24,39,18,21,2.1666666666666665,4,18,DETERMINISTIC SAMPLER REPLAY VERIFIED AGAINST ALL LOGGED CLASS/UID/GROUP COUNTS
6,A,p6_A_D300,p6_A_D300_s29,29,NOT APPLICABLE,joint,7,train,apoptosis,24,29,18,11,1.6111111111111112,3,18,DETERMINISTIC SAMPLER REPLAY VERIFIED AGAINST ALL LOGGED CLASS/UID/GROUP COUNTS
6,A,p6_A_D300,p6_A_D300_s29,29,NOT APPLICABLE,joint,8,train,tumor,71,28,24,4,1.1666666666666667,2,23,DETERMINISTIC SAMPLER REPLAY VERIFIED AGAINST ALL LOGGED CLASS/UID/GROUP COUNTS
6,A,p6_A_D300,p6_A_D300_s29,29,NOT APPLICABLE,joint,8,train,lymphocyte,37,21,15,6,1.4,2,15,DETERMINISTIC SAMPLER REPLAY VERIFIED AGAINST ALL LOGGED CLASS/UID/GROUP COUNTS
6,A,p6_A_D300,p6_A_D300_s29,29,NOT APPLICABLE,joint,8,train,plasma_cell,24,37,20,17,1.85,4,15,DETERMINISTIC SAMPLER REPLAY VERIFIED AGAINST ALL LOGGED CLASS/UID/GROUP COUNTS
6,A,p6_A_D300,p6_A_D300_s29,29,NOT APPLICABLE,joint,8,train,histiocyte,24,25,16,9,1.5625,3,16,DETERMINISTIC SAMPLER REPLAY VERIFIED AGAINST ALL LOGGED CLASS/UID/GROUP COUNTS
6,A,p6_A_D300,p6_A_D300_s29,29,NOT APPLICABLE,joint,8,train,melanophage,24,33,17,16,1.9411764705882353,4,17,DETERMINISTIC SAMPLER REPLAY VERIFIED AGAINST ALL LOGGED CLASS/UID/GROUP COUNTS
6,A,p6_A_D300,p6_A_D300_s29,29,NOT APPLICABLE,joint,8,train,neutrophil,24,29,16,13,1.8125,4,8,DETERMINISTIC SAMPLER REPLAY VERIFIED AGAINST ALL LOGGED CLASS/UID/GROUP COUNTS
6,A,p6_A_D300,p6_A_D300_s29,29,NOT APPLICABLE,joint,8,train,stroma,24,37,19,18,1.9473684210526316,4,19,DETERMINISTIC SAMPLER REPLAY VERIFIED AGAINST ALL LOGGED CLASS/UID/GROUP COUNTS
6,A,p6_A_D300,p6_A_D300_s29,29,NOT APPLICABLE,joint,8,train,epithelium,24,25,19,6,1.3157894736842106,2,10,DETERMINISTIC SAMPLER REPLAY VERIFIED AGAINST ALL LOGGED CLASS/UID/GROUP COUNTS
6,A,p6_A_D300,p6_A_D300_s29,29,NOT APPLICABLE,joint,8,train,endothelium,24,38,20,18,1.9,4,20,DETERMINISTIC SAMPLER REPLAY VERIFIED AGAINST ALL LOGGED CLASS/UID/GROUP COUNTS
6,A,p6_A_D300,p6_A_D300_s29,29,NOT APPLICABLE,joint,8,train,apoptosis,24,27,14,13,1.9285714285714286,4,14,DETERMINISTIC SAMPLER REPLAY VERIFIED AGAINST ALL LOGGED CLASS/UID/GROUP COUNTS
6,A,p6_A_D300,p6_A_D300_s29,29,NOT APPLICABLE,joint,9,train,tumor,71,24,22,2,1.0909090909090908,2,22,DETERMINISTIC SAMPLER REPLAY VERIFIED AGAINST ALL LOGGED CLASS/UID/GROUP COUNTS
6,A,p6_A_D300,p6_A_D300_s29,29,NOT APPLICABLE,joint,9,train,lymphocyte,37,31,23,8,1.3478260869565217,4,23,DETERMINISTIC SAMPLER REPLAY VERIFIED AGAINST ALL LOGGED CLASS/UID/GROUP COUNTS
6,A,p6_A_D300,p6_A_D300_s29,29,NOT APPLICABLE,joint,9,train,plasma_cell,24,34,18,16,1.8888888888888888,3,15,DETERMINISTIC SAMPLER REPLAY VERIFIED AGAINST ALL LOGGED CLASS/UID/GROUP COUNTS
6,A,p6_A_D300,p6_A_D300_s29,29,NOT APPLICABLE,joint,9,train,histiocyte,24,30,20,10,1.5,3,20,DETERMINISTIC SAMPLER REPLAY VERIFIED AGAINST ALL LOGGED CLASS/UID/GROUP COUNTS
6,A,p6_A_D300,p6_A_D300_s29,29,NOT APPLICABLE,joint,9,train,melanophage,24,27,16,11,1.6875,4,16,DETERMINISTIC SAMPLER REPLAY VERIFIED AGAINST ALL LOGGED CLASS/UID/GROUP COUNTS
6,A,p6_A_D300,p6_A_D300_s29,29,NOT APPLICABLE,joint,9,train,neutrophil,24,27,18,9,1.5,3,8,DETERMINISTIC SAMPLER REPLAY VERIFIED AGAINST ALL LOGGED CLASS/UID/GROUP COUNTS
6,A,p6_A_D300,p6_A_D300_s29,29,NOT APPLICABLE,joint,9,train,stroma,24,30,20,10,1.5,3,20,DETERMINISTIC SAMPLER REPLAY VERIFIED AGAINST ALL LOGGED CLASS/UID/GROUP COUNTS
6,A,p6_A_D300,p6_A_D300_s29,29,NOT APPLICABLE,joint,9,train,epithelium,24,37,18,19,2.0555555555555554,4,9,DETERMINISTIC SAMPLER REPLAY VERIFIED AGAINST ALL LOGGED CLASS/UID/GROUP COUNTS
6,A,p6_A_D300,p6_A_D300_s29,29,NOT APPLICABLE,joint,9,train,endothelium,24,31,16,15,1.9375,5,16,DETERMINISTIC SAMPLER REPLAY VERIFIED AGAINST ALL LOGGED CLASS/UID/GROUP COUNTS
6,A,p6_A_D300,p6_A_D300_s29,29,NOT APPLICABLE,joint,9,train,apoptosis,24,29,17,12,1.7058823529411764,4,17,DETERMINISTIC SAMPLER REPLAY VERIFIED AGAINST ALL LOGGED CLASS/UID/GROUP COUNTS
6,A,p6_A_D300,p6_A_D300_s29,29,NOT APPLICABLE,joint,10,train,tumor,71,32,26,6,1.2307692307692308,2,25,DETERMINISTIC SAMPLER REPLAY VERIFIED AGAINST ALL LOGGED CLASS/UID/GROUP COUNTS
6,A,p6_A_D300,p6_A_D300_s29,29,NOT APPLICABLE,joint,10,train,lymphocyte,37,37,23,14,1.608695652173913,4,23,DETERMINISTIC SAMPLER REPLAY VERIFIED AGAINST ALL LOGGED CLASS/UID/GROUP COUNTS
6,A,p6_A_D300,p6_A_D300_s29,29,NOT APPLICABLE,joint,10,train,plasma_cell,24,35,20,15,1.75,4,14,DETERMINISTIC SAMPLER REPLAY VERIFIED AGAINST ALL LOGGED CLASS/UID/GROUP COUNTS
6,A,p6_A_D300,p6_A_D300_s29,29,NOT APPLICABLE,joint,10,train,histiocyte,24,32,18,14,1.7777777777777777,5,18,DETERMINISTIC SAMPLER REPLAY VERIFIED AGAINST ALL LOGGED CLASS/UID/GROUP COUNTS
6,A,p6_A_D300,p6_A_D300_s29,29,NOT APPLICABLE,joint,10,train,melanophage,24,28,17,11,1.6470588235294117,3,17,DETERMINISTIC SAMPLER REPLAY VERIFIED AGAINST ALL LOGGED CLASS/UID/GROUP COUNTS
6,A,p6_A_D300,p6_A_D300_s29,29,NOT APPLICABLE,joint,10,train,neutrophil,24,27,19,8,1.4210526315789473,3,8,DETERMINISTIC SAMPLER REPLAY VERIFIED AGAINST ALL LOGGED CLASS/UID/GROUP COUNTS
6,A,p6_A_D300,p6_A_D300_s29,29,NOT APPLICABLE,joint,10,train,stroma,24,31,18,13,1.7222222222222223,4,18,DETERMINISTIC SAMPLER REPLAY VERIFIED AGAINST ALL LOGGED CLASS/UID/GROUP COUNTS
6,A,p6_A_D300,p6_A_D300_s29,29,NOT APPLICABLE,joint,10,train,epithelium,24,27,18,9,1.5,3,10,DETERMINISTIC SAMPLER REPLAY VERIFIED AGAINST ALL LOGGED CLASS/UID/GROUP COUNTS
6,A,p6_A_D300,p6_A_D300_s29,29,NOT APPLICABLE,joint,10,train,endothelium,24,29,18,11,1.6111111111111112,3,18,DETERMINISTIC SAMPLER REPLAY VERIFIED AGAINST ALL LOGGED CLASS/UID/GROUP COUNTS
6,A,p6_A_D300,p6_A_D300_s29,29,NOT APPLICABLE,joint,10,train,apoptosis,24,22,17,5,1.2941176470588236,3,17,DETERMINISTIC SAMPLER REPLAY VERIFIED AGAINST ALL LOGGED CLASS/UID/GROUP COUNTS
6,A,p6_A_D300,p6_A_D300_s43,43,NOT APPLICABLE,joint,1,train,tumor,71,24,19,5,1.263157894736842,3,19,DETERMINISTIC SAMPLER REPLAY VERIFIED AGAINST ALL LOGGED CLASS/UID/GROUP COUNTS
6,A,p6_A_D300,p6_A_D300_s43,43,NOT APPLICABLE,joint,1,train,lymphocyte,37,27,18,9,1.5,3,18,DETERMINISTIC SAMPLER REPLAY VERIFIED AGAINST ALL LOGGED CLASS/UID/GROUP COUNTS
6,A,p6_A_D300,p6_A_D300_s43,43,NOT APPLICABLE,joint,1,train,plasma_cell,24,37,19,18,1.9473684210526316,3,16,DETERMINISTIC SAMPLER REPLAY VERIFIED AGAINST ALL LOGGED CLASS/UID/GROUP COUNTS
6,A,p6_A_D300,p6_A_D300_s43,43,NOT APPLICABLE,joint,1,train,histiocyte,24,36,20,16,1.8,5,20,DETERMINISTIC SAMPLER REPLAY VERIFIED AGAINST ALL LOGGED CLASS/UID/GROUP COUNTS
6,A,p6_A_D300,p6_A_D300_s43,43,NOT APPLICABLE,joint,1,train,melanophage,24,34,20,14,1.7,4,20,DETERMINISTIC SAMPLER REPLAY VERIFIED AGAINST ALL LOGGED CLASS/UID/GROUP COUNTS
6,A,p6_A_D300,p6_A_D300_s43,43,NOT APPLICABLE,joint,1,train,neutrophil,24,26,17,9,1.5294117647058822,3,7,DETERMINISTIC SAMPLER REPLAY VERIFIED AGAINST ALL LOGGED CLASS/UID/GROUP COUNTS
6,A,p6_A_D300,p6_A_D300_s43,43,NOT APPLICABLE,joint,1,train,stroma,24,36,17,19,2.1176470588235294,4,17,DETERMINISTIC SAMPLER REPLAY VERIFIED AGAINST ALL LOGGED CLASS/UID/GROUP COUNTS
6,A,p6_A_D300,p6_A_D300_s43,43,NOT APPLICABLE,joint,1,train,epithelium,24,32,18,14,1.7777777777777777,4,10,DETERMINISTIC SAMPLER REPLAY VERIFIED AGAINST ALL LOGGED CLASS/UID/GROUP COUNTS
6,A,p6_A_D300,p6_A_D300_s43,43,NOT APPLICABLE,joint,1,train,endothelium,24,31,17,14,1.8235294117647058,3,17,DETERMINISTIC SAMPLER REPLAY VERIFIED AGAINST ALL LOGGED CLASS/UID/GROUP COUNTS
6,A,p6_A_D300,p6_A_D300_s43,43,NOT APPLICABLE,joint,1,train,apoptosis,24,17,12,5,1.4166666666666667,3,12,DETERMINISTIC SAMPLER REPLAY VERIFIED AGAINST ALL LOGGED CLASS/UID/GROUP COUNTS
6,A,p6_A_D300,p6_A_D300_s43,43,NOT APPLICABLE,joint,2,train,tumor,71,28,23,5,1.2173913043478262,2,22,DETERMINISTIC SAMPLER REPLAY VERIFIED AGAINST ALL LOGGED CLASS/UID/GROUP COUNTS
6,A,p6_A_D300,p6_A_D300_s43,43,NOT APPLICABLE,joint,2,train,lymphocyte,37,28,20,8,1.4,4,20,DETERMINISTIC SAMPLER REPLAY VERIFIED AGAINST ALL LOGGED CLASS/UID/GROUP COUNTS
6,A,p6_A_D300,p6_A_D300_s43,43,NOT APPLICABLE,joint,2,train,plasma_cell,24,21,13,8,1.6153846153846154,3,11,DETERMINISTIC SAMPLER REPLAY VERIFIED AGAINST ALL LOGGED CLASS/UID/GROUP COUNTS
6,A,p6_A_D300,p6_A_D300_s43,43,NOT APPLICABLE,joint,2,train,histiocyte,24,29,20,9,1.45,3,20,DETERMINISTIC SAMPLER REPLAY VERIFIED AGAINST ALL LOGGED CLASS/UID/GROUP COUNTS
6,A,p6_A_D300,p6_A_D300_s43,43,NOT APPLICABLE,joint,2,train,melanophage,24,41,20,21,2.05,4,20,DETERMINISTIC SAMPLER REPLAY VERIFIED AGAINST ALL LOGGED CLASS/UID/GROUP COUNTS
6,A,p6_A_D300,p6_A_D300_s43,43,NOT APPLICABLE,joint,2,train,neutrophil,24,38,20,18,1.9,4,7,DETERMINISTIC SAMPLER REPLAY VERIFIED AGAINST ALL LOGGED CLASS/UID/GROUP COUNTS
6,A,p6_A_D300,p6_A_D300_s43,43,NOT APPLICABLE,joint,2,train,stroma,24,34,17,17,2.0,4,17,DETERMINISTIC SAMPLER REPLAY VERIFIED AGAINST ALL LOGGED CLASS/UID/GROUP COUNTS
6,A,p6_A_D300,p6_A_D300_s43,43,NOT APPLICABLE,joint,2,train,epithelium,24,28,16,12,1.75,3,8,DETERMINISTIC SAMPLER REPLAY VERIFIED AGAINST ALL LOGGED CLASS/UID/GROUP COUNTS
6,A,p6_A_D300,p6_A_D300_s43,43,NOT APPLICABLE,joint,2,train,endothelium,24,24,14,10,1.7142857142857142,5,14,DETERMINISTIC SAMPLER REPLAY VERIFIED AGAINST ALL LOGGED CLASS/UID/GROUP COUNTS
6,A,p6_A_D300,p6_A_D300_s43,43,NOT APPLICABLE,joint,2,train,apoptosis,24,29,16,13,1.8125,4,16,DETERMINISTIC SAMPLER REPLAY VERIFIED AGAINST ALL LOGGED CLASS/UID/GROUP COUNTS
6,A,p6_A_D300,p6_A_D300_s43,43,NOT APPLICABLE,joint,3,train,tumor,71,29,21,8,1.380952380952381,3,19,DETERMINISTIC SAMPLER REPLAY VERIFIED AGAINST ALL LOGGED CLASS/UID/GROUP COUNTS
6,A,p6_A_D300,p6_A_D300_s43,43,NOT APPLICABLE,joint,3,train,lymphocyte,37,28,20,8,1.4,4,20,DETERMINISTIC SAMPLER REPLAY VERIFIED AGAINST ALL LOGGED CLASS/UID/GROUP COUNTS
6,A,p6_A_D300,p6_A_D300_s43,43,NOT APPLICABLE,joint,3,train,plasma_cell,24,25,13,12,1.9230769230769231,3,12,DETERMINISTIC SAMPLER REPLAY VERIFIED AGAINST ALL LOGGED CLASS/UID/GROUP COUNTS
6,A,p6_A_D300,p6_A_D300_s43,43,NOT APPLICABLE,joint,3,train,histiocyte,24,26,17,9,1.5294117647058822,4,17,DETERMINISTIC SAMPLER REPLAY VERIFIED AGAINST ALL LOGGED CLASS/UID/GROUP COUNTS
6,A,p6_A_D300,p6_A_D300_s43,43,NOT APPLICABLE,joint,3,train,melanophage,24,36,20,16,1.8,5,20,DETERMINISTIC SAMPLER REPLAY VERIFIED AGAINST ALL LOGGED CLASS/UID/GROUP COUNTS
6,A,p6_A_D300,p6_A_D300_s43,43,NOT APPLICABLE,joint,3,train,neutrophil,24,27,17,10,1.588235294117647,4,7,DETERMINISTIC SAMPLER REPLAY VERIFIED AGAINST ALL LOGGED CLASS/UID/GROUP COUNTS
6,A,p6_A_D300,p6_A_D300_s43,43,NOT APPLICABLE,joint,3,train,stroma,24,32,18,14,1.7777777777777777,4,18,DETERMINISTIC SAMPLER REPLAY VERIFIED AGAINST ALL LOGGED CLASS/UID/GROUP COUNTS
6,A,p6_A_D300,p6_A_D300_s43,43,NOT APPLICABLE,joint,3,train,epithelium,24,24,13,11,1.8461538461538463,3,9,DETERMINISTIC SAMPLER REPLAY VERIFIED AGAINST ALL LOGGED CLASS/UID/GROUP COUNTS
6,A,p6_A_D300,p6_A_D300_s43,43,NOT APPLICABLE,joint,3,train,endothelium,24,36,21,15,1.7142857142857142,4,21,DETERMINISTIC SAMPLER REPLAY VERIFIED AGAINST ALL LOGGED CLASS/UID/GROUP COUNTS
6,A,p6_A_D300,p6_A_D300_s43,43,NOT APPLICABLE,joint,3,train,apoptosis,24,37,18,19,2.0555555555555554,4,18,DETERMINISTIC SAMPLER REPLAY VERIFIED AGAINST ALL LOGGED CLASS/UID/GROUP COUNTS
6,A,p6_A_D300,p6_A_D300_s43,43,NOT APPLICABLE,joint,4,train,tumor,71,40,31,9,1.2903225806451613,3,30,DETERMINISTIC SAMPLER REPLAY VERIFIED AGAINST ALL LOGGED CLASS/UID/GROUP COUNTS
6,A,p6_A_D300,p6_A_D300_s43,43,NOT APPLICABLE,joint,4,train,lymphocyte,37,27,20,7,1.35,4,20,DETERMINISTIC SAMPLER REPLAY VERIFIED AGAINST ALL LOGGED CLASS/UID/GROUP COUNTS
6,A,p6_A_D300,p6_A_D300_s43,43,NOT APPLICABLE,joint,4,train,plasma_cell,24,29,15,14,1.9333333333333333,3,12,DETERMINISTIC SAMPLER REPLAY VERIFIED AGAINST ALL LOGGED CLASS/UID/GROUP COUNTS
6,A,p6_A_D300,p6_A_D300_s43,43,NOT APPLICABLE,joint,4,train,histiocyte,24,22,13,9,1.6923076923076923,5,13,DETERMINISTIC SAMPLER REPLAY VERIFIED AGAINST ALL LOGGED CLASS/UID/GROUP COUNTS
6,A,p6_A_D300,p6_A_D300_s43,43,NOT APPLICABLE,joint,4,train,melanophage,24,34,19,15,1.7894736842105263,4,19,DETERMINISTIC SAMPLER REPLAY VERIFIED AGAINST ALL LOGGED CLASS/UID/GROUP COUNTS
6,A,p6_A_D300,p6_A_D300_s43,43,NOT APPLICABLE,joint,4,train,neutrophil,24,33,16,17,2.0625,4,8,DETERMINISTIC SAMPLER REPLAY VERIFIED AGAINST ALL LOGGED CLASS/UID/GROUP COUNTS
6,A,p6_A_D300,p6_A_D300_s43,43,NOT APPLICABLE,joint,4,train,stroma,24,30,18,12,1.6666666666666667,3,18,DETERMINISTIC SAMPLER REPLAY VERIFIED AGAINST ALL LOGGED CLASS/UID/GROUP COUNTS
6,A,p6_A_D300,p6_A_D300_s43,43,NOT APPLICABLE,joint,4,train,epithelium,24,16,11,5,1.4545454545454546,2,8,DETERMINISTIC SAMPLER REPLAY VERIFIED AGAINST ALL LOGGED CLASS/UID/GROUP COUNTS
6,A,p6_A_D300,p6_A_D300_s43,43,NOT APPLICABLE,joint,4,train,endothelium,24,40,20,20,2.0,5,20,DETERMINISTIC SAMPLER REPLAY VERIFIED AGAINST ALL LOGGED CLASS/UID/GROUP COUNTS
6,A,p6_A_D300,p6_A_D300_s43,43,NOT APPLICABLE,joint,4,train,apoptosis,24,29,18,11,1.6111111111111112,3,18,DETERMINISTIC SAMPLER REPLAY VERIFIED AGAINST ALL LOGGED CLASS/UID/GROUP COUNTS
6,A,p6_A_D300,p6_A_D300_s43,43,NOT APPLICABLE,joint,5,train,tumor,71,23,20,3,1.15,2,19,DETERMINISTIC SAMPLER REPLAY VERIFIED AGAINST ALL LOGGED CLASS/UID/GROUP COUNTS
6,A,p6_A_D300,p6_A_D300_s43,43,NOT APPLICABLE,joint,5,train,lymphocyte,37,27,20,7,1.35,3,20,DETERMINISTIC SAMPLER REPLAY VERIFIED AGAINST ALL LOGGED CLASS/UID/GROUP COUNTS
6,A,p6_A_D300,p6_A_D300_s43,43,NOT APPLICABLE,joint,5,train,plasma_cell,24,36,18,18,2.0,7,14,DETERMINISTIC SAMPLER REPLAY VERIFIED AGAINST ALL LOGGED CLASS/UID/GROUP COUNTS
6,A,p6_A_D300,p6_A_D300_s43,43,NOT APPLICABLE,joint,5,train,histiocyte,24,24,18,6,1.3333333333333333,2,18,DETERMINISTIC SAMPLER REPLAY VERIFIED AGAINST ALL LOGGED CLASS/UID/GROUP COUNTS
6,A,p6_A_D300,p6_A_D300_s43,43,NOT APPLICABLE,joint,5,train,melanophage,24,36,22,14,1.6363636363636365,4,22,DETERMINISTIC SAMPLER REPLAY VERIFIED AGAINST ALL LOGGED CLASS/UID/GROUP COUNTS
6,A,p6_A_D300,p6_A_D300_s43,43,NOT APPLICABLE,joint,5,train,neutrophil,24,38,18,20,2.111111111111111,4,7,DETERMINISTIC SAMPLER REPLAY VERIFIED AGAINST ALL LOGGED CLASS/UID/GROUP COUNTS
6,A,p6_A_D300,p6_A_D300_s43,43,NOT APPLICABLE,joint,5,train,stroma,24,33,18,15,1.8333333333333333,4,18,DETERMINISTIC SAMPLER REPLAY VERIFIED AGAINST ALL LOGGED CLASS/UID/GROUP COUNTS
6,A,p6_A_D300,p6_A_D300_s43,43,NOT APPLICABLE,joint,5,train,epithelium,24,32,18,14,1.7777777777777777,4,10,DETERMINISTIC SAMPLER REPLAY VERIFIED AGAINST ALL LOGGED CLASS/UID/GROUP COUNTS
6,A,p6_A_D300,p6_A_D300_s43,43,NOT APPLICABLE,joint,5,train,endothelium,24,30,17,13,1.7647058823529411,4,17,DETERMINISTIC SAMPLER REPLAY VERIFIED AGAINST ALL LOGGED CLASS/UID/GROUP COUNTS
6,A,p6_A_D300,p6_A_D300_s43,43,NOT APPLICABLE,joint,5,train,apoptosis,24,21,14,7,1.5,2,14,DETERMINISTIC SAMPLER REPLAY VERIFIED AGAINST ALL LOGGED CLASS/UID/GROUP COUNTS
6,A,p6_A_D300,p6_A_D300_s43,43,NOT APPLICABLE,joint,6,train,tumor,71,34,27,7,1.2592592592592593,2,25,DETERMINISTIC SAMPLER REPLAY VERIFIED AGAINST ALL LOGGED CLASS/UID/GROUP COUNTS
6,A,p6_A_D300,p6_A_D300_s43,43,NOT APPLICABLE,joint,6,train,lymphocyte,37,30,21,9,1.4285714285714286,3,21,DETERMINISTIC SAMPLER REPLAY VERIFIED AGAINST ALL LOGGED CLASS/UID/GROUP COUNTS
6,A,p6_A_D300,p6_A_D300_s43,43,NOT APPLICABLE,joint,6,train,plasma_cell,24,30,17,13,1.7647058823529411,2,14,DETERMINISTIC SAMPLER REPLAY VERIFIED AGAINST ALL LOGGED CLASS/UID/GROUP COUNTS
6,A,p6_A_D300,p6_A_D300_s43,43,NOT APPLICABLE,joint,6,train,histiocyte,24,41,21,20,1.9523809523809523,5,21,DETERMINISTIC SAMPLER REPLAY VERIFIED AGAINST ALL LOGGED CLASS/UID/GROUP COUNTS
6,A,p6_A_D300,p6_A_D300_s43,43,NOT APPLICABLE,joint,6,train,melanophage,24,24,15,9,1.6,3,15,DETERMINISTIC SAMPLER REPLAY VERIFIED AGAINST ALL LOGGED CLASS/UID/GROUP COUNTS
6,A,p6_A_D300,p6_A_D300_s43,43,NOT APPLICABLE,joint,6,train,neutrophil,24,29,14,15,2.0714285714285716,5,8,DETERMINISTIC SAMPLER REPLAY VERIFIED AGAINST ALL LOGGED CLASS/UID/GROUP COUNTS
6,A,p6_A_D300,p6_A_D300_s43,43,NOT APPLICABLE,joint,6,train,stroma,24,20,13,7,1.5384615384615385,3,13,DETERMINISTIC SAMPLER REPLAY VERIFIED AGAINST ALL LOGGED CLASS/UID/GROUP COUNTS
6,A,p6_A_D300,p6_A_D300_s43,43,NOT APPLICABLE,joint,6,train,epithelium,24,33,17,16,1.9411764705882353,4,10,DETERMINISTIC SAMPLER REPLAY VERIFIED AGAINST ALL LOGGED CLASS/UID/GROUP COUNTS
6,A,p6_A_D300,p6_A_D300_s43,43,NOT APPLICABLE,joint,6,train,endothelium,24,33,18,15,1.8333333333333333,4,18,DETERMINISTIC SAMPLER REPLAY VERIFIED AGAINST ALL LOGGED CLASS/UID/GROUP COUNTS
6,A,p6_A_D300,p6_A_D300_s43,43,NOT APPLICABLE,joint,6,train,apoptosis,24,26,16,10,1.625,3,16,DETERMINISTIC SAMPLER REPLAY VERIFIED AGAINST ALL LOGGED CLASS/UID/GROUP COUNTS
6,A,p6_A_D300,p6_A_D300_s43,43,NOT APPLICABLE,joint,7,train,tumor,71,28,24,4,1.1666666666666667,2,24,DETERMINISTIC SAMPLER REPLAY VERIFIED AGAINST ALL LOGGED CLASS/UID/GROUP COUNTS
6,A,p6_A_D300,p6_A_D300_s43,43,NOT APPLICABLE,joint,7,train,lymphocyte,37,28,20,8,1.4,3,20,DETERMINISTIC SAMPLER REPLAY VERIFIED AGAINST ALL LOGGED CLASS/UID/GROUP COUNTS
6,A,p6_A_D300,p6_A_D300_s43,43,NOT APPLICABLE,joint,7,train,plasma_cell,24,36,17,19,2.1176470588235294,4,15,DETERMINISTIC SAMPLER REPLAY VERIFIED AGAINST ALL LOGGED CLASS/UID/GROUP COUNTS
6,A,p6_A_D300,p6_A_D300_s43,43,NOT APPLICABLE,joint,7,train,histiocyte,24,34,16,18,2.125,6,16,DETERMINISTIC SAMPLER REPLAY VERIFIED AGAINST ALL LOGGED CLASS/UID/GROUP COUNTS
6,A,p6_A_D300,p6_A_D300_s43,43,NOT APPLICABLE,joint,7,train,melanophage,24,27,14,13,1.9285714285714286,5,14,DETERMINISTIC SAMPLER REPLAY VERIFIED AGAINST ALL LOGGED CLASS/UID/GROUP COUNTS
6,A,p6_A_D300,p6_A_D300_s43,43,NOT APPLICABLE,joint,7,train,neutrophil,24,25,17,8,1.4705882352941178,3,7,DETERMINISTIC SAMPLER REPLAY VERIFIED AGAINST ALL LOGGED CLASS/UID/GROUP COUNTS
6,A,p6_A_D300,p6_A_D300_s43,43,NOT APPLICABLE,joint,7,train,stroma,24,31,17,14,1.8235294117647058,4,17,DETERMINISTIC SAMPLER REPLAY VERIFIED AGAINST ALL LOGGED CLASS/UID/GROUP COUNTS
6,A,p6_A_D300,p6_A_D300_s43,43,NOT APPLICABLE,joint,7,train,epithelium,24,32,18,14,1.7777777777777777,5,9,DETERMINISTIC SAMPLER REPLAY VERIFIED AGAINST ALL LOGGED CLASS/UID/GROUP COUNTS
6,A,p6_A_D300,p6_A_D300_s43,43,NOT APPLICABLE,joint,7,train,endothelium,24,20,13,7,1.5384615384615385,2,13,DETERMINISTIC SAMPLER REPLAY VERIFIED AGAINST ALL LOGGED CLASS/UID/GROUP COUNTS
6,A,p6_A_D300,p6_A_D300_s43,43,NOT APPLICABLE,joint,7,train,apoptosis,24,39,21,18,1.8571428571428572,4,21,DETERMINISTIC SAMPLER REPLAY VERIFIED AGAINST ALL LOGGED CLASS/UID/GROUP COUNTS
6,A,p6_A_D300,p6_A_D300_s43,43,NOT APPLICABLE,joint,8,train,tumor,71,26,25,1,1.04,2,23,DETERMINISTIC SAMPLER REPLAY VERIFIED AGAINST ALL LOGGED CLASS/UID/GROUP COUNTS
6,A,p6_A_D300,p6_A_D300_s43,43,NOT APPLICABLE,joint,8,train,lymphocyte,37,34,23,11,1.4782608695652173,4,23,DETERMINISTIC SAMPLER REPLAY VERIFIED AGAINST ALL LOGGED CLASS/UID/GROUP COUNTS
6,A,p6_A_D300,p6_A_D300_s43,43,NOT APPLICABLE,joint,8,train,plasma_cell,24,26,17,9,1.5294117647058822,3,13,DETERMINISTIC SAMPLER REPLAY VERIFIED AGAINST ALL LOGGED CLASS/UID/GROUP COUNTS
6,A,p6_A_D300,p6_A_D300_s43,43,NOT APPLICABLE,joint,8,train,histiocyte,24,29,17,12,1.7058823529411764,3,17,DETERMINISTIC SAMPLER REPLAY VERIFIED AGAINST ALL LOGGED CLASS/UID/GROUP COUNTS
6,A,p6_A_D300,p6_A_D300_s43,43,NOT APPLICABLE,joint,8,train,melanophage,24,38,20,18,1.9,4,20,DETERMINISTIC SAMPLER REPLAY VERIFIED AGAINST ALL LOGGED CLASS/UID/GROUP COUNTS
6,A,p6_A_D300,p6_A_D300_s43,43,NOT APPLICABLE,joint,8,train,neutrophil,24,27,14,13,1.9285714285714286,5,8,DETERMINISTIC SAMPLER REPLAY VERIFIED AGAINST ALL LOGGED CLASS/UID/GROUP COUNTS
6,A,p6_A_D300,p6_A_D300_s43,43,NOT APPLICABLE,joint,8,train,stroma,24,19,12,7,1.5833333333333333,3,12,DETERMINISTIC SAMPLER REPLAY VERIFIED AGAINST ALL LOGGED CLASS/UID/GROUP COUNTS
6,A,p6_A_D300,p6_A_D300_s43,43,NOT APPLICABLE,joint,8,train,epithelium,24,35,20,15,1.75,3,10,DETERMINISTIC SAMPLER REPLAY VERIFIED AGAINST ALL LOGGED CLASS/UID/GROUP COUNTS
6,A,p6_A_D300,p6_A_D300_s43,43,NOT APPLICABLE,joint,8,train,endothelium,24,33,17,16,1.9411764705882353,5,17,DETERMINISTIC SAMPLER REPLAY VERIFIED AGAINST ALL LOGGED CLASS/UID/GROUP COUNTS
6,A,p6_A_D300,p6_A_D300_s43,43,NOT APPLICABLE,joint,8,train,apoptosis,24,33,17,16,1.9411764705882353,5,17,DETERMINISTIC SAMPLER REPLAY VERIFIED AGAINST ALL LOGGED CLASS/UID/GROUP COUNTS
6,A,p6_A_D300,p6_A_D300_s43,43,NOT APPLICABLE,joint,9,train,tumor,71,24,20,4,1.2,3,17,DETERMINISTIC SAMPLER REPLAY VERIFIED AGAINST ALL LOGGED CLASS/UID/GROUP COUNTS
6,A,p6_A_D300,p6_A_D300_s43,43,NOT APPLICABLE,joint,9,train,lymphocyte,37,28,21,7,1.3333333333333333,3,21,DETERMINISTIC SAMPLER REPLAY VERIFIED AGAINST ALL LOGGED CLASS/UID/GROUP COUNTS
6,A,p6_A_D300,p6_A_D300_s43,43,NOT APPLICABLE,joint,9,train,plasma_cell,24,41,20,21,2.05,5,15,DETERMINISTIC SAMPLER REPLAY VERIFIED AGAINST ALL LOGGED CLASS/UID/GROUP COUNTS
6,A,p6_A_D300,p6_A_D300_s43,43,NOT APPLICABLE,joint,9,train,histiocyte,24,39,20,19,1.95,4,20,DETERMINISTIC SAMPLER REPLAY VERIFIED AGAINST ALL LOGGED CLASS/UID/GROUP COUNTS
6,A,p6_A_D300,p6_A_D300_s43,43,NOT APPLICABLE,joint,9,train,melanophage,24,31,16,15,1.9375,3,16,DETERMINISTIC SAMPLER REPLAY VERIFIED AGAINST ALL LOGGED CLASS/UID/GROUP COUNTS
6,A,p6_A_D300,p6_A_D300_s43,43,NOT APPLICABLE,joint,9,train,neutrophil,24,28,15,13,1.8666666666666667,4,8,DETERMINISTIC SAMPLER REPLAY VERIFIED AGAINST ALL LOGGED CLASS/UID/GROUP COUNTS
6,A,p6_A_D300,p6_A_D300_s43,43,NOT APPLICABLE,joint,9,train,stroma,24,25,15,10,1.6666666666666667,4,15,DETERMINISTIC SAMPLER REPLAY VERIFIED AGAINST ALL LOGGED CLASS/UID/GROUP COUNTS
6,A,p6_A_D300,p6_A_D300_s43,43,NOT APPLICABLE,joint,9,train,epithelium,24,23,16,7,1.4375,3,10,DETERMINISTIC SAMPLER REPLAY VERIFIED AGAINST ALL LOGGED CLASS/UID/GROUP COUNTS
6,A,p6_A_D300,p6_A_D300_s43,43,NOT APPLICABLE,joint,9,train,endothelium,24,29,20,9,1.45,3,20,DETERMINISTIC SAMPLER REPLAY VERIFIED AGAINST ALL LOGGED CLASS/UID/GROUP COUNTS
6,A,p6_A_D300,p6_A_D300_s43,43,NOT APPLICABLE,joint,9,train,apoptosis,24,32,20,12,1.6,4,20,DETERMINISTIC SAMPLER REPLAY VERIFIED AGAINST ALL LOGGED CLASS/UID/GROUP COUNTS
6,A,p6_A_D300,p6_A_D300_s43,43,NOT APPLICABLE,joint,10,train,tumor,71,30,26,4,1.1538461538461537,2,23,DETERMINISTIC SAMPLER REPLAY VERIFIED AGAINST ALL LOGGED CLASS/UID/GROUP COUNTS
6,A,p6_A_D300,p6_A_D300_s43,43,NOT APPLICABLE,joint,10,train,lymphocyte,37,31,26,5,1.1923076923076923,3,26,DETERMINISTIC SAMPLER REPLAY VERIFIED AGAINST ALL LOGGED CLASS/UID/GROUP COUNTS
6,A,p6_A_D300,p6_A_D300_s43,43,NOT APPLICABLE,joint,10,train,plasma_cell,24,33,20,13,1.65,3,15,DETERMINISTIC SAMPLER REPLAY VERIFIED AGAINST ALL LOGGED CLASS/UID/GROUP COUNTS
6,A,p6_A_D300,p6_A_D300_s43,43,NOT APPLICABLE,joint,10,train,histiocyte,24,30,16,14,1.875,3,16,DETERMINISTIC SAMPLER REPLAY VERIFIED AGAINST ALL LOGGED CLASS/UID/GROUP COUNTS
6,A,p6_A_D300,p6_A_D300_s43,43,NOT APPLICABLE,joint,10,train,melanophage,24,27,15,12,1.8,5,15,DETERMINISTIC SAMPLER REPLAY VERIFIED AGAINST ALL LOGGED CLASS/UID/GROUP COUNTS
6,A,p6_A_D300,p6_A_D300_s43,43,NOT APPLICABLE,joint,10,train,neutrophil,24,27,17,10,1.588235294117647,3,7,DETERMINISTIC SAMPLER REPLAY VERIFIED AGAINST ALL LOGGED CLASS/UID/GROUP COUNTS
6,A,p6_A_D300,p6_A_D300_s43,43,NOT APPLICABLE,joint,10,train,stroma,24,34,16,18,2.125,5,16,DETERMINISTIC SAMPLER REPLAY VERIFIED AGAINST ALL LOGGED CLASS/UID/GROUP COUNTS
6,A,p6_A_D300,p6_A_D300_s43,43,NOT APPLICABLE,joint,10,train,epithelium,24,26,14,12,1.8571428571428572,5,10,DETERMINISTIC SAMPLER REPLAY VERIFIED AGAINST ALL LOGGED CLASS/UID/GROUP COUNTS
6,A,p6_A_D300,p6_A_D300_s43,43,NOT APPLICABLE,joint,10,train,endothelium,24,26,19,7,1.368421052631579,2,19,DETERMINISTIC SAMPLER REPLAY VERIFIED AGAINST ALL LOGGED CLASS/UID/GROUP COUNTS
6,A,p6_A_D300,p6_A_D300_s43,43,NOT APPLICABLE,joint,10,train,apoptosis,24,36,17,19,2.1176470588235294,5,17,DETERMINISTIC SAMPLER REPLAY VERIFIED AGAINST ALL LOGGED CLASS/UID/GROUP COUNTS
6,A,p6_A_D600,p6_A_D600_s17,17,NOT APPLICABLE,joint,1,train,tumor,142,58,48,10,1.2083333333333333,4,34,DETERMINISTIC SAMPLER REPLAY VERIFIED AGAINST ALL LOGGED CLASS/UID/GROUP COUNTS
6,A,p6_A_D600,p6_A_D600_s17,17,NOT APPLICABLE,joint,1,train,lymphocyte,74,65,47,18,1.3829787234042554,3,37,DETERMINISTIC SAMPLER REPLAY VERIFIED AGAINST ALL LOGGED CLASS/UID/GROUP COUNTS
6,A,p6_A_D600,p6_A_D600_s17,17,NOT APPLICABLE,joint,1,train,plasma_cell,48,61,38,23,1.605263157894737,4,16,DETERMINISTIC SAMPLER REPLAY VERIFIED AGAINST ALL LOGGED CLASS/UID/GROUP COUNTS
6,A,p6_A_D600,p6_A_D600_s17,17,NOT APPLICABLE,joint,1,train,histiocyte,48,59,35,24,1.6857142857142857,4,31,DETERMINISTIC SAMPLER REPLAY VERIFIED AGAINST ALL LOGGED CLASS/UID/GROUP COUNTS
6,A,p6_A_D600,p6_A_D600_s17,17,NOT APPLICABLE,joint,1,train,melanophage,48,63,34,29,1.8529411764705883,5,24,DETERMINISTIC SAMPLER REPLAY VERIFIED AGAINST ALL LOGGED CLASS/UID/GROUP COUNTS
6,A,p6_A_D600,p6_A_D600_s17,17,NOT APPLICABLE,joint,1,train,neutrophil,48,50,32,18,1.5625,4,8,DETERMINISTIC SAMPLER REPLAY VERIFIED AGAINST ALL LOGGED CLASS/UID/GROUP COUNTS
6,A,p6_A_D600,p6_A_D600_s17,17,NOT APPLICABLE,joint,1,train,stroma,48,52,29,23,1.793103448275862,5,29,DETERMINISTIC SAMPLER REPLAY VERIFIED AGAINST ALL LOGGED CLASS/UID/GROUP COUNTS
6,A,p6_A_D600,p6_A_D600_s17,17,NOT APPLICABLE,joint,1,train,epithelium,48,64,33,31,1.9393939393939394,4,10,DETERMINISTIC SAMPLER REPLAY VERIFIED AGAINST ALL LOGGED CLASS/UID/GROUP COUNTS
6,A,p6_A_D600,p6_A_D600_s17,17,NOT APPLICABLE,joint,1,train,endothelium,48,63,38,25,1.6578947368421053,3,34,DETERMINISTIC SAMPLER REPLAY VERIFIED AGAINST ALL LOGGED CLASS/UID/GROUP COUNTS
6,A,p6_A_D600,p6_A_D600_s17,17,NOT APPLICABLE,joint,1,train,apoptosis,48,65,34,31,1.911764705882353,5,29,DETERMINISTIC SAMPLER REPLAY VERIFIED AGAINST ALL LOGGED CLASS/UID/GROUP COUNTS
6,A,p6_A_D600,p6_A_D600_s17,17,NOT APPLICABLE,joint,2,train,tumor,142,58,49,9,1.183673469387755,2,38,DETERMINISTIC SAMPLER REPLAY VERIFIED AGAINST ALL LOGGED CLASS/UID/GROUP COUNTS
6,A,p6_A_D600,p6_A_D600_s17,17,NOT APPLICABLE,joint,2,train,lymphocyte,74,64,47,17,1.3617021276595744,3,41,DETERMINISTIC SAMPLER REPLAY VERIFIED AGAINST ALL LOGGED CLASS/UID/GROUP COUNTS
6,A,p6_A_D600,p6_A_D600_s17,17,NOT APPLICABLE,joint,2,train,plasma_cell,48,58,33,25,1.7575757575757576,3,13,DETERMINISTIC SAMPLER REPLAY VERIFIED AGAINST ALL LOGGED CLASS/UID/GROUP COUNTS
6,A,p6_A_D600,p6_A_D600_s17,17,NOT APPLICABLE,joint,2,train,histiocyte,48,64,31,33,2.064516129032258,5,26,DETERMINISTIC SAMPLER REPLAY VERIFIED AGAINST ALL LOGGED CLASS/UID/GROUP COUNTS
6,A,p6_A_D600,p6_A_D600_s17,17,NOT APPLICABLE,joint,2,train,melanophage,48,62,37,25,1.6756756756756757,4,25,DETERMINISTIC SAMPLER REPLAY VERIFIED AGAINST ALL LOGGED CLASS/UID/GROUP COUNTS
6,A,p6_A_D600,p6_A_D600_s17,17,NOT APPLICABLE,joint,2,train,neutrophil,48,59,32,27,1.84375,5,7,DETERMINISTIC SAMPLER REPLAY VERIFIED AGAINST ALL LOGGED CLASS/UID/GROUP COUNTS
6,A,p6_A_D600,p6_A_D600_s17,17,NOT APPLICABLE,joint,2,train,stroma,48,50,32,18,1.5625,4,32,DETERMINISTIC SAMPLER REPLAY VERIFIED AGAINST ALL LOGGED CLASS/UID/GROUP COUNTS
6,A,p6_A_D600,p6_A_D600_s17,17,NOT APPLICABLE,joint,2,train,epithelium,48,66,36,30,1.8333333333333333,3,10,DETERMINISTIC SAMPLER REPLAY VERIFIED AGAINST ALL LOGGED CLASS/UID/GROUP COUNTS
6,A,p6_A_D600,p6_A_D600_s17,17,NOT APPLICABLE,joint,2,train,endothelium,48,69,40,29,1.725,4,34,DETERMINISTIC SAMPLER REPLAY VERIFIED AGAINST ALL LOGGED CLASS/UID/GROUP COUNTS
6,A,p6_A_D600,p6_A_D600_s17,17,NOT APPLICABLE,joint,2,train,apoptosis,48,50,35,15,1.4285714285714286,3,30,DETERMINISTIC SAMPLER REPLAY VERIFIED AGAINST ALL LOGGED CLASS/UID/GROUP COUNTS
6,A,p6_A_D600,p6_A_D600_s17,17,NOT APPLICABLE,joint,3,train,tumor,142,70,57,13,1.2280701754385965,3,45,DETERMINISTIC SAMPLER REPLAY VERIFIED AGAINST ALL LOGGED CLASS/UID/GROUP COUNTS
6,A,p6_A_D600,p6_A_D600_s17,17,NOT APPLICABLE,joint,3,train,lymphocyte,74,57,40,17,1.425,4,36,DETERMINISTIC SAMPLER REPLAY VERIFIED AGAINST ALL LOGGED CLASS/UID/GROUP COUNTS
6,A,p6_A_D600,p6_A_D600_s17,17,NOT APPLICABLE,joint,3,train,plasma_cell,48,55,33,22,1.6666666666666667,4,16,DETERMINISTIC SAMPLER REPLAY VERIFIED AGAINST ALL LOGGED CLASS/UID/GROUP COUNTS
6,A,p6_A_D600,p6_A_D600_s17,17,NOT APPLICABLE,joint,3,train,histiocyte,48,48,34,14,1.411764705882353,3,30,DETERMINISTIC SAMPLER REPLAY VERIFIED AGAINST ALL LOGGED CLASS/UID/GROUP COUNTS
6,A,p6_A_D600,p6_A_D600_s17,17,NOT APPLICABLE,joint,3,train,melanophage,48,62,35,27,1.7714285714285714,5,22,DETERMINISTIC SAMPLER REPLAY VERIFIED AGAINST ALL LOGGED CLASS/UID/GROUP COUNTS
6,A,p6_A_D600,p6_A_D600_s17,17,NOT APPLICABLE,joint,3,train,neutrophil,48,53,33,20,1.606060606060606,5,5,DETERMINISTIC SAMPLER REPLAY VERIFIED AGAINST ALL LOGGED CLASS/UID/GROUP COUNTS
6,A,p6_A_D600,p6_A_D600_s17,17,NOT APPLICABLE,joint,3,train,stroma,48,66,37,29,1.7837837837837838,6,37,DETERMINISTIC SAMPLER REPLAY VERIFIED AGAINST ALL LOGGED CLASS/UID/GROUP COUNTS
6,A,p6_A_D600,p6_A_D600_s17,17,NOT APPLICABLE,joint,3,train,epithelium,48,56,34,22,1.6470588235294117,3,10,DETERMINISTIC SAMPLER REPLAY VERIFIED AGAINST ALL LOGGED CLASS/UID/GROUP COUNTS
6,A,p6_A_D600,p6_A_D600_s17,17,NOT APPLICABLE,joint,3,train,endothelium,48,72,38,34,1.894736842105263,6,36,DETERMINISTIC SAMPLER REPLAY VERIFIED AGAINST ALL LOGGED CLASS/UID/GROUP COUNTS
6,A,p6_A_D600,p6_A_D600_s17,17,NOT APPLICABLE,joint,3,train,apoptosis,48,61,33,28,1.8484848484848484,4,28,DETERMINISTIC SAMPLER REPLAY VERIFIED AGAINST ALL LOGGED CLASS/UID/GROUP COUNTS
6,A,p6_A_D600,p6_A_D600_s17,17,NOT APPLICABLE,joint,4,train,tumor,142,76,56,20,1.3571428571428572,4,41,DETERMINISTIC SAMPLER REPLAY VERIFIED AGAINST ALL LOGGED CLASS/UID/GROUP COUNTS
6,A,p6_A_D600,p6_A_D600_s17,17,NOT APPLICABLE,joint,4,train,lymphocyte,74,57,42,15,1.3571428571428572,3,39,DETERMINISTIC SAMPLER REPLAY VERIFIED AGAINST ALL LOGGED CLASS/UID/GROUP COUNTS
6,A,p6_A_D600,p6_A_D600_s17,17,NOT APPLICABLE,joint,4,train,plasma_cell,48,68,38,30,1.7894736842105263,4,15,DETERMINISTIC SAMPLER REPLAY VERIFIED AGAINST ALL LOGGED CLASS/UID/GROUP COUNTS
6,A,p6_A_D600,p6_A_D600_s17,17,NOT APPLICABLE,joint,4,train,histiocyte,48,71,39,32,1.8205128205128205,7,33,DETERMINISTIC SAMPLER REPLAY VERIFIED AGAINST ALL LOGGED CLASS/UID/GROUP COUNTS
6,A,p6_A_D600,p6_A_D600_s17,17,NOT APPLICABLE,joint,4,train,melanophage,48,74,37,37,2.0,4,24,DETERMINISTIC SAMPLER REPLAY VERIFIED AGAINST ALL LOGGED CLASS/UID/GROUP COUNTS
6,A,p6_A_D600,p6_A_D600_s17,17,NOT APPLICABLE,joint,4,train,neutrophil,48,44,29,15,1.5172413793103448,3,8,DETERMINISTIC SAMPLER REPLAY VERIFIED AGAINST ALL LOGGED CLASS/UID/GROUP COUNTS
6,A,p6_A_D600,p6_A_D600_s17,17,NOT APPLICABLE,joint,4,train,stroma,48,53,31,22,1.7096774193548387,5,31,DETERMINISTIC SAMPLER REPLAY VERIFIED AGAINST ALL LOGGED CLASS/UID/GROUP COUNTS
6,A,p6_A_D600,p6_A_D600_s17,17,NOT APPLICABLE,joint,4,train,epithelium,48,55,33,22,1.6666666666666667,3,10,DETERMINISTIC SAMPLER REPLAY VERIFIED AGAINST ALL LOGGED CLASS/UID/GROUP COUNTS
6,A,p6_A_D600,p6_A_D600_s17,17,NOT APPLICABLE,joint,4,train,endothelium,48,48,33,15,1.4545454545454546,4,30,DETERMINISTIC SAMPLER REPLAY VERIFIED AGAINST ALL LOGGED CLASS/UID/GROUP COUNTS
6,A,p6_A_D600,p6_A_D600_s17,17,NOT APPLICABLE,joint,4,train,apoptosis,48,54,30,24,1.8,3,25,DETERMINISTIC SAMPLER REPLAY VERIFIED AGAINST ALL LOGGED CLASS/UID/GROUP COUNTS
6,A,p6_A_D600,p6_A_D600_s17,17,NOT APPLICABLE,joint,5,train,tumor,142,71,56,15,1.2678571428571428,3,40,DETERMINISTIC SAMPLER REPLAY VERIFIED AGAINST ALL LOGGED CLASS/UID/GROUP COUNTS
6,A,p6_A_D600,p6_A_D600_s17,17,NOT APPLICABLE,joint,5,train,lymphocyte,74,58,38,20,1.5263157894736843,4,35,DETERMINISTIC SAMPLER REPLAY VERIFIED AGAINST ALL LOGGED CLASS/UID/GROUP COUNTS
6,A,p6_A_D600,p6_A_D600_s17,17,NOT APPLICABLE,joint,5,train,plasma_cell,48,56,33,23,1.696969696969697,4,15,DETERMINISTIC SAMPLER REPLAY VERIFIED AGAINST ALL LOGGED CLASS/UID/GROUP COUNTS
6,A,p6_A_D600,p6_A_D600_s17,17,NOT APPLICABLE,joint,5,train,histiocyte,48,71,32,39,2.21875,5,26,DETERMINISTIC SAMPLER REPLAY VERIFIED AGAINST ALL LOGGED CLASS/UID/GROUP COUNTS
6,A,p6_A_D600,p6_A_D600_s17,17,NOT APPLICABLE,joint,5,train,melanophage,48,54,31,23,1.7419354838709677,5,21,DETERMINISTIC SAMPLER REPLAY VERIFIED AGAINST ALL LOGGED CLASS/UID/GROUP COUNTS
6,A,p6_A_D600,p6_A_D600_s17,17,NOT APPLICABLE,joint,5,train,neutrophil,48,72,40,32,1.8,5,7,DETERMINISTIC SAMPLER REPLAY VERIFIED AGAINST ALL LOGGED CLASS/UID/GROUP COUNTS
6,A,p6_A_D600,p6_A_D600_s17,17,NOT APPLICABLE,joint,5,train,stroma,48,57,34,23,1.6764705882352942,4,34,DETERMINISTIC SAMPLER REPLAY VERIFIED AGAINST ALL LOGGED CLASS/UID/GROUP COUNTS
6,A,p6_A_D600,p6_A_D600_s17,17,NOT APPLICABLE,joint,5,train,epithelium,48,49,29,20,1.6896551724137931,4,10,DETERMINISTIC SAMPLER REPLAY VERIFIED AGAINST ALL LOGGED CLASS/UID/GROUP COUNTS
6,A,p6_A_D600,p6_A_D600_s17,17,NOT APPLICABLE,joint,5,train,endothelium,48,56,35,21,1.6,4,33,DETERMINISTIC SAMPLER REPLAY VERIFIED AGAINST ALL LOGGED CLASS/UID/GROUP COUNTS
6,A,p6_A_D600,p6_A_D600_s17,17,NOT APPLICABLE,joint,5,train,apoptosis,48,56,29,27,1.9310344827586208,4,26,DETERMINISTIC SAMPLER REPLAY VERIFIED AGAINST ALL LOGGED CLASS/UID/GROUP COUNTS
6,A,p6_A_D600,p6_A_D600_s17,17,NOT APPLICABLE,joint,6,train,tumor,142,57,50,7,1.14,2,39,DETERMINISTIC SAMPLER REPLAY VERIFIED AGAINST ALL LOGGED CLASS/UID/GROUP COUNTS
6,A,p6_A_D600,p6_A_D600_s17,17,NOT APPLICABLE,joint,6,train,lymphocyte,74,58,45,13,1.288888888888889,2,38,DETERMINISTIC SAMPLER REPLAY VERIFIED AGAINST ALL LOGGED CLASS/UID/GROUP COUNTS
6,A,p6_A_D600,p6_A_D600_s17,17,NOT APPLICABLE,joint,6,train,plasma_cell,48,61,35,26,1.7428571428571429,4,14,DETERMINISTIC SAMPLER REPLAY VERIFIED AGAINST ALL LOGGED CLASS/UID/GROUP COUNTS
6,A,p6_A_D600,p6_A_D600_s17,17,NOT APPLICABLE,joint,6,train,histiocyte,48,58,32,26,1.8125,4,28,DETERMINISTIC SAMPLER REPLAY VERIFIED AGAINST ALL LOGGED CLASS/UID/GROUP COUNTS
6,A,p6_A_D600,p6_A_D600_s17,17,NOT APPLICABLE,joint,6,train,melanophage,48,49,34,15,1.4411764705882353,3,23,DETERMINISTIC SAMPLER REPLAY VERIFIED AGAINST ALL LOGGED CLASS/UID/GROUP COUNTS
6,A,p6_A_D600,p6_A_D600_s17,17,NOT APPLICABLE,joint,6,train,neutrophil,48,71,40,31,1.775,6,8,DETERMINISTIC SAMPLER REPLAY VERIFIED AGAINST ALL LOGGED CLASS/UID/GROUP COUNTS
6,A,p6_A_D600,p6_A_D600_s17,17,NOT APPLICABLE,joint,6,train,stroma,48,60,36,24,1.6666666666666667,4,36,DETERMINISTIC SAMPLER REPLAY VERIFIED AGAINST ALL LOGGED CLASS/UID/GROUP COUNTS
6,A,p6_A_D600,p6_A_D600_s17,17,NOT APPLICABLE,joint,6,train,epithelium,48,77,40,37,1.925,4,10,DETERMINISTIC SAMPLER REPLAY VERIFIED AGAINST ALL LOGGED CLASS/UID/GROUP COUNTS
6,A,p6_A_D600,p6_A_D600_s17,17,NOT APPLICABLE,joint,6,train,endothelium,48,53,33,20,1.606060606060606,3,32,DETERMINISTIC SAMPLER REPLAY VERIFIED AGAINST ALL LOGGED CLASS/UID/GROUP COUNTS
6,A,p6_A_D600,p6_A_D600_s17,17,NOT APPLICABLE,joint,6,train,apoptosis,48,56,34,22,1.6470588235294117,4,30,DETERMINISTIC SAMPLER REPLAY VERIFIED AGAINST ALL LOGGED CLASS/UID/GROUP COUNTS
6,A,p6_A_D600,p6_A_D600_s17,17,NOT APPLICABLE,joint,7,train,tumor,142,61,53,8,1.150943396226415,2,40,DETERMINISTIC SAMPLER REPLAY VERIFIED AGAINST ALL LOGGED CLASS/UID/GROUP COUNTS
6,A,p6_A_D600,p6_A_D600_s17,17,NOT APPLICABLE,joint,7,train,lymphocyte,74,58,41,17,1.4146341463414633,4,33,DETERMINISTIC SAMPLER REPLAY VERIFIED AGAINST ALL LOGGED CLASS/UID/GROUP COUNTS
6,A,p6_A_D600,p6_A_D600_s17,17,NOT APPLICABLE,joint,7,train,plasma_cell,48,78,37,41,2.108108108108108,5,17,DETERMINISTIC SAMPLER REPLAY VERIFIED AGAINST ALL LOGGED CLASS/UID/GROUP COUNTS
6,A,p6_A_D600,p6_A_D600_s17,17,NOT APPLICABLE,joint,7,train,histiocyte,48,60,36,24,1.6666666666666667,4,29,DETERMINISTIC SAMPLER REPLAY VERIFIED AGAINST ALL LOGGED CLASS/UID/GROUP COUNTS
6,A,p6_A_D600,p6_A_D600_s17,17,NOT APPLICABLE,joint,7,train,melanophage,48,44,27,17,1.6296296296296295,4,18,DETERMINISTIC SAMPLER REPLAY VERIFIED AGAINST ALL LOGGED CLASS/UID/GROUP COUNTS
6,A,p6_A_D600,p6_A_D600_s17,17,NOT APPLICABLE,joint,7,train,neutrophil,48,51,30,21,1.7,4,7,DETERMINISTIC SAMPLER REPLAY VERIFIED AGAINST ALL LOGGED CLASS/UID/GROUP COUNTS
6,A,p6_A_D600,p6_A_D600_s17,17,NOT APPLICABLE,joint,7,train,stroma,48,57,32,25,1.78125,5,32,DETERMINISTIC SAMPLER REPLAY VERIFIED AGAINST ALL LOGGED CLASS/UID/GROUP COUNTS
6,A,p6_A_D600,p6_A_D600_s17,17,NOT APPLICABLE,joint,7,train,epithelium,48,58,32,26,1.8125,5,10,DETERMINISTIC SAMPLER REPLAY VERIFIED AGAINST ALL LOGGED CLASS/UID/GROUP COUNTS
6,A,p6_A_D600,p6_A_D600_s17,17,NOT APPLICABLE,joint,7,train,endothelium,48,70,38,32,1.8421052631578947,3,33,DETERMINISTIC SAMPLER REPLAY VERIFIED AGAINST ALL LOGGED CLASS/UID/GROUP COUNTS
6,A,p6_A_D600,p6_A_D600_s17,17,NOT APPLICABLE,joint,7,train,apoptosis,48,63,36,27,1.75,4,31,DETERMINISTIC SAMPLER REPLAY VERIFIED AGAINST ALL LOGGED CLASS/UID/GROUP COUNTS
6,A,p6_A_D600,p6_A_D600_s17,17,NOT APPLICABLE,joint,8,train,tumor,142,64,50,14,1.28,3,40,DETERMINISTIC SAMPLER REPLAY VERIFIED AGAINST ALL LOGGED CLASS/UID/GROUP COUNTS
6,A,p6_A_D600,p6_A_D600_s17,17,NOT APPLICABLE,joint,8,train,lymphocyte,74,58,44,14,1.3181818181818181,3,39,DETERMINISTIC SAMPLER REPLAY VERIFIED AGAINST ALL LOGGED CLASS/UID/GROUP COUNTS
6,A,p6_A_D600,p6_A_D600_s17,17,NOT APPLICABLE,joint,8,train,plasma_cell,48,60,37,23,1.6216216216216217,4,15,DETERMINISTIC SAMPLER REPLAY VERIFIED AGAINST ALL LOGGED CLASS/UID/GROUP COUNTS
6,A,p6_A_D600,p6_A_D600_s17,17,NOT APPLICABLE,joint,8,train,histiocyte,48,71,37,34,1.9189189189189189,5,31,DETERMINISTIC SAMPLER REPLAY VERIFIED AGAINST ALL LOGGED CLASS/UID/GROUP COUNTS
6,A,p6_A_D600,p6_A_D600_s17,17,NOT APPLICABLE,joint,8,train,melanophage,48,63,38,25,1.6578947368421053,4,23,DETERMINISTIC SAMPLER REPLAY VERIFIED AGAINST ALL LOGGED CLASS/UID/GROUP COUNTS
6,A,p6_A_D600,p6_A_D600_s17,17,NOT APPLICABLE,joint,8,train,neutrophil,48,53,33,20,1.606060606060606,3,8,DETERMINISTIC SAMPLER REPLAY VERIFIED AGAINST ALL LOGGED CLASS/UID/GROUP COUNTS
6,A,p6_A_D600,p6_A_D600_s17,17,NOT APPLICABLE,joint,8,train,stroma,48,63,37,26,1.7027027027027026,4,37,DETERMINISTIC SAMPLER REPLAY VERIFIED AGAINST ALL LOGGED CLASS/UID/GROUP COUNTS
6,A,p6_A_D600,p6_A_D600_s17,17,NOT APPLICABLE,joint,8,train,epithelium,48,53,32,21,1.65625,3,10,DETERMINISTIC SAMPLER REPLAY VERIFIED AGAINST ALL LOGGED CLASS/UID/GROUP COUNTS
6,A,p6_A_D600,p6_A_D600_s17,17,NOT APPLICABLE,joint,8,train,endothelium,48,67,39,28,1.7179487179487178,4,37,DETERMINISTIC SAMPLER REPLAY VERIFIED AGAINST ALL LOGGED CLASS/UID/GROUP COUNTS
6,A,p6_A_D600,p6_A_D600_s17,17,NOT APPLICABLE,joint,8,train,apoptosis,48,48,25,23,1.92,4,24,DETERMINISTIC SAMPLER REPLAY VERIFIED AGAINST ALL LOGGED CLASS/UID/GROUP COUNTS
6,A,p6_A_D600,p6_A_D600_s17,17,NOT APPLICABLE,joint,9,train,tumor,142,65,52,13,1.25,4,40,DETERMINISTIC SAMPLER REPLAY VERIFIED AGAINST ALL LOGGED CLASS/UID/GROUP COUNTS
6,A,p6_A_D600,p6_A_D600_s17,17,NOT APPLICABLE,joint,9,train,lymphocyte,74,55,39,16,1.4102564102564104,4,35,DETERMINISTIC SAMPLER REPLAY VERIFIED AGAINST ALL LOGGED CLASS/UID/GROUP COUNTS
6,A,p6_A_D600,p6_A_D600_s17,17,NOT APPLICABLE,joint,9,train,plasma_cell,48,61,33,28,1.8484848484848484,4,15,DETERMINISTIC SAMPLER REPLAY VERIFIED AGAINST ALL LOGGED CLASS/UID/GROUP COUNTS
6,A,p6_A_D600,p6_A_D600_s17,17,NOT APPLICABLE,joint,9,train,histiocyte,48,51,30,21,1.7,3,26,DETERMINISTIC SAMPLER REPLAY VERIFIED AGAINST ALL LOGGED CLASS/UID/GROUP COUNTS
6,A,p6_A_D600,p6_A_D600_s17,17,NOT APPLICABLE,joint,9,train,melanophage,48,59,34,25,1.7352941176470589,4,22,DETERMINISTIC SAMPLER REPLAY VERIFIED AGAINST ALL LOGGED CLASS/UID/GROUP COUNTS
6,A,p6_A_D600,p6_A_D600_s17,17,NOT APPLICABLE,joint,9,train,neutrophil,48,64,32,32,2.0,7,7,DETERMINISTIC SAMPLER REPLAY VERIFIED AGAINST ALL LOGGED CLASS/UID/GROUP COUNTS
6,A,p6_A_D600,p6_A_D600_s17,17,NOT APPLICABLE,joint,9,train,stroma,48,70,36,34,1.9444444444444444,4,36,DETERMINISTIC SAMPLER REPLAY VERIFIED AGAINST ALL LOGGED CLASS/UID/GROUP COUNTS
6,A,p6_A_D600,p6_A_D600_s17,17,NOT APPLICABLE,joint,9,train,epithelium,48,56,36,20,1.5555555555555556,3,10,DETERMINISTIC SAMPLER REPLAY VERIFIED AGAINST ALL LOGGED CLASS/UID/GROUP COUNTS
6,A,p6_A_D600,p6_A_D600_s17,17,NOT APPLICABLE,joint,9,train,endothelium,48,64,31,33,2.064516129032258,5,28,DETERMINISTIC SAMPLER REPLAY VERIFIED AGAINST ALL LOGGED CLASS/UID/GROUP COUNTS
6,A,p6_A_D600,p6_A_D600_s17,17,NOT APPLICABLE,joint,9,train,apoptosis,48,55,32,23,1.71875,3,30,DETERMINISTIC SAMPLER REPLAY VERIFIED AGAINST ALL LOGGED CLASS/UID/GROUP COUNTS
6,A,p6_A_D600,p6_A_D600_s17,17,NOT APPLICABLE,joint,10,train,tumor,142,66,56,10,1.1785714285714286,3,40,DETERMINISTIC SAMPLER REPLAY VERIFIED AGAINST ALL LOGGED CLASS/UID/GROUP COUNTS
6,A,p6_A_D600,p6_A_D600_s17,17,NOT APPLICABLE,joint,10,train,lymphocyte,74,49,36,13,1.3611111111111112,3,31,DETERMINISTIC SAMPLER REPLAY VERIFIED AGAINST ALL LOGGED CLASS/UID/GROUP COUNTS
6,A,p6_A_D600,p6_A_D600_s17,17,NOT APPLICABLE,joint,10,train,plasma_cell,48,60,33,27,1.8181818181818181,6,16,DETERMINISTIC SAMPLER REPLAY VERIFIED AGAINST ALL LOGGED CLASS/UID/GROUP COUNTS
6,A,p6_A_D600,p6_A_D600_s17,17,NOT APPLICABLE,joint,10,train,histiocyte,48,65,34,31,1.911764705882353,4,28,DETERMINISTIC SAMPLER REPLAY VERIFIED AGAINST ALL LOGGED CLASS/UID/GROUP COUNTS
6,A,p6_A_D600,p6_A_D600_s17,17,NOT APPLICABLE,joint,10,train,melanophage,48,59,36,23,1.6388888888888888,3,23,DETERMINISTIC SAMPLER REPLAY VERIFIED AGAINST ALL LOGGED CLASS/UID/GROUP COUNTS
6,A,p6_A_D600,p6_A_D600_s17,17,NOT APPLICABLE,joint,10,train,neutrophil,48,50,32,18,1.5625,3,6,DETERMINISTIC SAMPLER REPLAY VERIFIED AGAINST ALL LOGGED CLASS/UID/GROUP COUNTS
6,A,p6_A_D600,p6_A_D600_s17,17,NOT APPLICABLE,joint,10,train,stroma,48,66,37,29,1.7837837837837838,4,37,DETERMINISTIC SAMPLER REPLAY VERIFIED AGAINST ALL LOGGED CLASS/UID/GROUP COUNTS
6,A,p6_A_D600,p6_A_D600_s17,17,NOT APPLICABLE,joint,10,train,epithelium,48,68,30,38,2.2666666666666666,5,10,DETERMINISTIC SAMPLER REPLAY VERIFIED AGAINST ALL LOGGED CLASS/UID/GROUP COUNTS
6,A,p6_A_D600,p6_A_D600_s17,17,NOT APPLICABLE,joint,10,train,endothelium,48,65,37,28,1.7567567567567568,4,34,DETERMINISTIC SAMPLER REPLAY VERIFIED AGAINST ALL LOGGED CLASS/UID/GROUP COUNTS
6,A,p6_A_D600,p6_A_D600_s17,17,NOT APPLICABLE,joint,10,train,apoptosis,48,52,35,17,1.4857142857142858,4,31,DETERMINISTIC SAMPLER REPLAY VERIFIED AGAINST ALL LOGGED CLASS/UID/GROUP COUNTS
6,A,p6_A_D600,p6_A_D600_s29,29,NOT APPLICABLE,joint,1,train,tumor,142,60,46,14,1.3043478260869565,3,34,DETERMINISTIC SAMPLER REPLAY VERIFIED AGAINST ALL LOGGED CLASS/UID/GROUP COUNTS
6,A,p6_A_D600,p6_A_D600_s29,29,NOT APPLICABLE,joint,1,train,lymphocyte,74,61,42,19,1.4523809523809523,3,38,DETERMINISTIC SAMPLER REPLAY VERIFIED AGAINST ALL LOGGED CLASS/UID/GROUP COUNTS
6,A,p6_A_D600,p6_A_D600_s29,29,NOT APPLICABLE,joint,1,train,plasma_cell,48,56,30,26,1.8666666666666667,5,14,DETERMINISTIC SAMPLER REPLAY VERIFIED AGAINST ALL LOGGED CLASS/UID/GROUP COUNTS
6,A,p6_A_D600,p6_A_D600_s29,29,NOT APPLICABLE,joint,1,train,histiocyte,48,63,36,27,1.75,4,31,DETERMINISTIC SAMPLER REPLAY VERIFIED AGAINST ALL LOGGED CLASS/UID/GROUP COUNTS
6,A,p6_A_D600,p6_A_D600_s29,29,NOT APPLICABLE,joint,1,train,melanophage,48,71,36,35,1.9722222222222223,5,24,DETERMINISTIC SAMPLER REPLAY VERIFIED AGAINST ALL LOGGED CLASS/UID/GROUP COUNTS
6,A,p6_A_D600,p6_A_D600_s29,29,NOT APPLICABLE,joint,1,train,neutrophil,48,63,37,26,1.7027027027027026,3,8,DETERMINISTIC SAMPLER REPLAY VERIFIED AGAINST ALL LOGGED CLASS/UID/GROUP COUNTS
6,A,p6_A_D600,p6_A_D600_s29,29,NOT APPLICABLE,joint,1,train,stroma,48,71,37,34,1.9189189189189189,5,37,DETERMINISTIC SAMPLER REPLAY VERIFIED AGAINST ALL LOGGED CLASS/UID/GROUP COUNTS
6,A,p6_A_D600,p6_A_D600_s29,29,NOT APPLICABLE,joint,1,train,epithelium,48,54,33,21,1.6363636363636365,3,9,DETERMINISTIC SAMPLER REPLAY VERIFIED AGAINST ALL LOGGED CLASS/UID/GROUP COUNTS
6,A,p6_A_D600,p6_A_D600_s29,29,NOT APPLICABLE,joint,1,train,endothelium,48,50,33,17,1.5151515151515151,4,32,DETERMINISTIC SAMPLER REPLAY VERIFIED AGAINST ALL LOGGED CLASS/UID/GROUP COUNTS
6,A,p6_A_D600,p6_A_D600_s29,29,NOT APPLICABLE,joint,1,train,apoptosis,48,51,34,17,1.5,4,29,DETERMINISTIC SAMPLER REPLAY VERIFIED AGAINST ALL LOGGED CLASS/UID/GROUP COUNTS
6,A,p6_A_D600,p6_A_D600_s29,29,NOT APPLICABLE,joint,2,train,tumor,142,65,52,13,1.25,4,44,DETERMINISTIC SAMPLER REPLAY VERIFIED AGAINST ALL LOGGED CLASS/UID/GROUP COUNTS
6,A,p6_A_D600,p6_A_D600_s29,29,NOT APPLICABLE,joint,2,train,lymphocyte,74,60,39,21,1.5384615384615385,4,37,DETERMINISTIC SAMPLER REPLAY VERIFIED AGAINST ALL LOGGED CLASS/UID/GROUP COUNTS
6,A,p6_A_D600,p6_A_D600_s29,29,NOT APPLICABLE,joint,2,train,plasma_cell,48,65,32,33,2.03125,5,15,DETERMINISTIC SAMPLER REPLAY VERIFIED AGAINST ALL LOGGED CLASS/UID/GROUP COUNTS
6,A,p6_A_D600,p6_A_D600_s29,29,NOT APPLICABLE,joint,2,train,histiocyte,48,55,34,21,1.6176470588235294,5,29,DETERMINISTIC SAMPLER REPLAY VERIFIED AGAINST ALL LOGGED CLASS/UID/GROUP COUNTS
6,A,p6_A_D600,p6_A_D600_s29,29,NOT APPLICABLE,joint,2,train,melanophage,48,56,35,21,1.6,3,25,DETERMINISTIC SAMPLER REPLAY VERIFIED AGAINST ALL LOGGED CLASS/UID/GROUP COUNTS
6,A,p6_A_D600,p6_A_D600_s29,29,NOT APPLICABLE,joint,2,train,neutrophil,48,60,41,19,1.4634146341463414,3,8,DETERMINISTIC SAMPLER REPLAY VERIFIED AGAINST ALL LOGGED CLASS/UID/GROUP COUNTS
6,A,p6_A_D600,p6_A_D600_s29,29,NOT APPLICABLE,joint,2,train,stroma,48,62,34,28,1.8235294117647058,5,34,DETERMINISTIC SAMPLER REPLAY VERIFIED AGAINST ALL LOGGED CLASS/UID/GROUP COUNTS
6,A,p6_A_D600,p6_A_D600_s29,29,NOT APPLICABLE,joint,2,train,epithelium,48,65,34,31,1.911764705882353,5,10,DETERMINISTIC SAMPLER REPLAY VERIFIED AGAINST ALL LOGGED CLASS/UID/GROUP COUNTS
6,A,p6_A_D600,p6_A_D600_s29,29,NOT APPLICABLE,joint,2,train,endothelium,48,53,30,23,1.7666666666666666,6,29,DETERMINISTIC SAMPLER REPLAY VERIFIED AGAINST ALL LOGGED CLASS/UID/GROUP COUNTS
6,A,p6_A_D600,p6_A_D600_s29,29,NOT APPLICABLE,joint,2,train,apoptosis,48,59,33,26,1.7878787878787878,4,27,DETERMINISTIC SAMPLER REPLAY VERIFIED AGAINST ALL LOGGED CLASS/UID/GROUP COUNTS
6,A,p6_A_D600,p6_A_D600_s29,29,NOT APPLICABLE,joint,3,train,tumor,142,52,43,9,1.2093023255813953,2,37,DETERMINISTIC SAMPLER REPLAY VERIFIED AGAINST ALL LOGGED CLASS/UID/GROUP COUNTS
6,A,p6_A_D600,p6_A_D600_s29,29,NOT APPLICABLE,joint,3,train,lymphocyte,74,51,40,11,1.275,2,35,DETERMINISTIC SAMPLER REPLAY VERIFIED AGAINST ALL LOGGED CLASS/UID/GROUP COUNTS
6,A,p6_A_D600,p6_A_D600_s29,29,NOT APPLICABLE,joint,3,train,plasma_cell,48,66,41,25,1.6097560975609757,4,16,DETERMINISTIC SAMPLER REPLAY VERIFIED AGAINST ALL LOGGED CLASS/UID/GROUP COUNTS
6,A,p6_A_D600,p6_A_D600_s29,29,NOT APPLICABLE,joint,3,train,histiocyte,48,72,37,35,1.945945945945946,4,31,DETERMINISTIC SAMPLER REPLAY VERIFIED AGAINST ALL LOGGED CLASS/UID/GROUP COUNTS
6,A,p6_A_D600,p6_A_D600_s29,29,NOT APPLICABLE,joint,3,train,melanophage,48,45,30,15,1.5,4,21,DETERMINISTIC SAMPLER REPLAY VERIFIED AGAINST ALL LOGGED CLASS/UID/GROUP COUNTS
6,A,p6_A_D600,p6_A_D600_s29,29,NOT APPLICABLE,joint,3,train,neutrophil,48,47,28,19,1.6785714285714286,4,6,DETERMINISTIC SAMPLER REPLAY VERIFIED AGAINST ALL LOGGED CLASS/UID/GROUP COUNTS
6,A,p6_A_D600,p6_A_D600_s29,29,NOT APPLICABLE,joint,3,train,stroma,48,60,35,25,1.7142857142857142,4,35,DETERMINISTIC SAMPLER REPLAY VERIFIED AGAINST ALL LOGGED CLASS/UID/GROUP COUNTS
6,A,p6_A_D600,p6_A_D600_s29,29,NOT APPLICABLE,joint,3,train,epithelium,48,64,33,31,1.9393939393939394,5,10,DETERMINISTIC SAMPLER REPLAY VERIFIED AGAINST ALL LOGGED CLASS/UID/GROUP COUNTS
6,A,p6_A_D600,p6_A_D600_s29,29,NOT APPLICABLE,joint,3,train,endothelium,48,82,37,45,2.2162162162162162,5,33,DETERMINISTIC SAMPLER REPLAY VERIFIED AGAINST ALL LOGGED CLASS/UID/GROUP COUNTS
6,A,p6_A_D600,p6_A_D600_s29,29,NOT APPLICABLE,joint,3,train,apoptosis,48,61,36,25,1.6944444444444444,5,29,DETERMINISTIC SAMPLER REPLAY VERIFIED AGAINST ALL LOGGED CLASS/UID/GROUP COUNTS
6,A,p6_A_D600,p6_A_D600_s29,29,NOT APPLICABLE,joint,4,train,tumor,142,54,40,14,1.35,3,30,DETERMINISTIC SAMPLER REPLAY VERIFIED AGAINST ALL LOGGED CLASS/UID/GROUP COUNTS
6,A,p6_A_D600,p6_A_D600_s29,29,NOT APPLICABLE,joint,4,train,lymphocyte,74,45,35,10,1.2857142857142858,3,33,DETERMINISTIC SAMPLER REPLAY VERIFIED AGAINST ALL LOGGED CLASS/UID/GROUP COUNTS
6,A,p6_A_D600,p6_A_D600_s29,29,NOT APPLICABLE,joint,4,train,plasma_cell,48,66,36,30,1.8333333333333333,5,14,DETERMINISTIC SAMPLER REPLAY VERIFIED AGAINST ALL LOGGED CLASS/UID/GROUP COUNTS
6,A,p6_A_D600,p6_A_D600_s29,29,NOT APPLICABLE,joint,4,train,histiocyte,48,52,34,18,1.5294117647058822,4,31,DETERMINISTIC SAMPLER REPLAY VERIFIED AGAINST ALL LOGGED CLASS/UID/GROUP COUNTS
6,A,p6_A_D600,p6_A_D600_s29,29,NOT APPLICABLE,joint,4,train,melanophage,48,58,34,24,1.7058823529411764,5,22,DETERMINISTIC SAMPLER REPLAY VERIFIED AGAINST ALL LOGGED CLASS/UID/GROUP COUNTS
6,A,p6_A_D600,p6_A_D600_s29,29,NOT APPLICABLE,joint,4,train,neutrophil,48,66,39,27,1.6923076923076923,4,7,DETERMINISTIC SAMPLER REPLAY VERIFIED AGAINST ALL LOGGED CLASS/UID/GROUP COUNTS
6,A,p6_A_D600,p6_A_D600_s29,29,NOT APPLICABLE,joint,4,train,stroma,48,68,36,32,1.8888888888888888,4,36,DETERMINISTIC SAMPLER REPLAY VERIFIED AGAINST ALL LOGGED CLASS/UID/GROUP COUNTS
6,A,p6_A_D600,p6_A_D600_s29,29,NOT APPLICABLE,joint,4,train,epithelium,48,58,37,21,1.5675675675675675,5,10,DETERMINISTIC SAMPLER REPLAY VERIFIED AGAINST ALL LOGGED CLASS/UID/GROUP COUNTS
6,A,p6_A_D600,p6_A_D600_s29,29,NOT APPLICABLE,joint,4,train,endothelium,48,77,37,40,2.081081081081081,4,34,DETERMINISTIC SAMPLER REPLAY VERIFIED AGAINST ALL LOGGED CLASS/UID/GROUP COUNTS
6,A,p6_A_D600,p6_A_D600_s29,29,NOT APPLICABLE,joint,4,train,apoptosis,48,56,32,24,1.75,4,27,DETERMINISTIC SAMPLER REPLAY VERIFIED AGAINST ALL LOGGED CLASS/UID/GROUP COUNTS
6,A,p6_A_D600,p6_A_D600_s29,29,NOT APPLICABLE,joint,5,train,tumor,142,56,49,7,1.1428571428571428,2,35,DETERMINISTIC SAMPLER REPLAY VERIFIED AGAINST ALL LOGGED CLASS/UID/GROUP COUNTS
6,A,p6_A_D600,p6_A_D600_s29,29,NOT APPLICABLE,joint,5,train,lymphocyte,74,68,41,27,1.6585365853658536,5,36,DETERMINISTIC SAMPLER REPLAY VERIFIED AGAINST ALL LOGGED CLASS/UID/GROUP COUNTS
6,A,p6_A_D600,p6_A_D600_s29,29,NOT APPLICABLE,joint,5,train,plasma_cell,48,69,37,32,1.864864864864865,5,17,DETERMINISTIC SAMPLER REPLAY VERIFIED AGAINST ALL LOGGED CLASS/UID/GROUP COUNTS
6,A,p6_A_D600,p6_A_D600_s29,29,NOT APPLICABLE,joint,5,train,histiocyte,48,62,36,26,1.7222222222222223,6,30,DETERMINISTIC SAMPLER REPLAY VERIFIED AGAINST ALL LOGGED CLASS/UID/GROUP COUNTS
6,A,p6_A_D600,p6_A_D600_s29,29,NOT APPLICABLE,joint,5,train,melanophage,48,55,33,22,1.6666666666666667,4,23,DETERMINISTIC SAMPLER REPLAY VERIFIED AGAINST ALL LOGGED CLASS/UID/GROUP COUNTS
6,A,p6_A_D600,p6_A_D600_s29,29,NOT APPLICABLE,joint,5,train,neutrophil,48,54,31,23,1.7419354838709677,3,6,DETERMINISTIC SAMPLER REPLAY VERIFIED AGAINST ALL LOGGED CLASS/UID/GROUP COUNTS
6,A,p6_A_D600,p6_A_D600_s29,29,NOT APPLICABLE,joint,5,train,stroma,48,61,36,25,1.6944444444444444,5,36,DETERMINISTIC SAMPLER REPLAY VERIFIED AGAINST ALL LOGGED CLASS/UID/GROUP COUNTS
6,A,p6_A_D600,p6_A_D600_s29,29,NOT APPLICABLE,joint,5,train,epithelium,48,64,34,30,1.8823529411764706,4,10,DETERMINISTIC SAMPLER REPLAY VERIFIED AGAINST ALL LOGGED CLASS/UID/GROUP COUNTS
6,A,p6_A_D600,p6_A_D600_s29,29,NOT APPLICABLE,joint,5,train,endothelium,48,60,34,26,1.7647058823529411,4,31,DETERMINISTIC SAMPLER REPLAY VERIFIED AGAINST ALL LOGGED CLASS/UID/GROUP COUNTS
6,A,p6_A_D600,p6_A_D600_s29,29,NOT APPLICABLE,joint,5,train,apoptosis,48,51,33,18,1.5454545454545454,4,27,DETERMINISTIC SAMPLER REPLAY VERIFIED AGAINST ALL LOGGED CLASS/UID/GROUP COUNTS
6,A,p6_A_D600,p6_A_D600_s29,29,NOT APPLICABLE,joint,6,train,tumor,142,52,45,7,1.1555555555555554,2,35,DETERMINISTIC SAMPLER REPLAY VERIFIED AGAINST ALL LOGGED CLASS/UID/GROUP COUNTS
6,A,p6_A_D600,p6_A_D600_s29,29,NOT APPLICABLE,joint,6,train,lymphocyte,74,61,38,23,1.605263157894737,3,34,DETERMINISTIC SAMPLER REPLAY VERIFIED AGAINST ALL LOGGED CLASS/UID/GROUP COUNTS
6,A,p6_A_D600,p6_A_D600_s29,29,NOT APPLICABLE,joint,6,train,plasma_cell,48,69,39,30,1.7692307692307692,4,16,DETERMINISTIC SAMPLER REPLAY VERIFIED AGAINST ALL LOGGED CLASS/UID/GROUP COUNTS
6,A,p6_A_D600,p6_A_D600_s29,29,NOT APPLICABLE,joint,6,train,histiocyte,48,56,34,22,1.6470588235294117,4,28,DETERMINISTIC SAMPLER REPLAY VERIFIED AGAINST ALL LOGGED CLASS/UID/GROUP COUNTS
6,A,p6_A_D600,p6_A_D600_s29,29,NOT APPLICABLE,joint,6,train,melanophage,48,63,35,28,1.8,4,22,DETERMINISTIC SAMPLER REPLAY VERIFIED AGAINST ALL LOGGED CLASS/UID/GROUP COUNTS
6,A,p6_A_D600,p6_A_D600_s29,29,NOT APPLICABLE,joint,6,train,neutrophil,48,61,37,24,1.6486486486486487,4,8,DETERMINISTIC SAMPLER REPLAY VERIFIED AGAINST ALL LOGGED CLASS/UID/GROUP COUNTS
6,A,p6_A_D600,p6_A_D600_s29,29,NOT APPLICABLE,joint,6,train,stroma,48,57,32,25,1.78125,4,32,DETERMINISTIC SAMPLER REPLAY VERIFIED AGAINST ALL LOGGED CLASS/UID/GROUP COUNTS
6,A,p6_A_D600,p6_A_D600_s29,29,NOT APPLICABLE,joint,6,train,epithelium,48,72,41,31,1.7560975609756098,4,10,DETERMINISTIC SAMPLER REPLAY VERIFIED AGAINST ALL LOGGED CLASS/UID/GROUP COUNTS
6,A,p6_A_D600,p6_A_D600_s29,29,NOT APPLICABLE,joint,6,train,endothelium,48,52,29,23,1.793103448275862,4,25,DETERMINISTIC SAMPLER REPLAY VERIFIED AGAINST ALL LOGGED CLASS/UID/GROUP COUNTS
6,A,p6_A_D600,p6_A_D600_s29,29,NOT APPLICABLE,joint,6,train,apoptosis,48,57,36,21,1.5833333333333333,4,32,DETERMINISTIC SAMPLER REPLAY VERIFIED AGAINST ALL LOGGED CLASS/UID/GROUP COUNTS
6,A,p6_A_D600,p6_A_D600_s29,29,NOT APPLICABLE,joint,7,train,tumor,142,55,44,11,1.25,3,36,DETERMINISTIC SAMPLER REPLAY VERIFIED AGAINST ALL LOGGED CLASS/UID/GROUP COUNTS
6,A,p6_A_D600,p6_A_D600_s29,29,NOT APPLICABLE,joint,7,train,lymphocyte,74,59,40,19,1.475,4,38,DETERMINISTIC SAMPLER REPLAY VERIFIED AGAINST ALL LOGGED CLASS/UID/GROUP COUNTS
6,A,p6_A_D600,p6_A_D600_s29,29,NOT APPLICABLE,joint,7,train,plasma_cell,48,66,35,31,1.8857142857142857,5,15,DETERMINISTIC SAMPLER REPLAY VERIFIED AGAINST ALL LOGGED CLASS/UID/GROUP COUNTS
6,A,p6_A_D600,p6_A_D600_s29,29,NOT APPLICABLE,joint,7,train,histiocyte,48,62,33,29,1.878787878787879,4,26,DETERMINISTIC SAMPLER REPLAY VERIFIED AGAINST ALL LOGGED CLASS/UID/GROUP COUNTS
6,A,p6_A_D600,p6_A_D600_s29,29,NOT APPLICABLE,joint,7,train,melanophage,48,63,32,31,1.96875,4,23,DETERMINISTIC SAMPLER REPLAY VERIFIED AGAINST ALL LOGGED CLASS/UID/GROUP COUNTS
6,A,p6_A_D600,p6_A_D600_s29,29,NOT APPLICABLE,joint,7,train,neutrophil,48,59,30,29,1.9666666666666666,5,6,DETERMINISTIC SAMPLER REPLAY VERIFIED AGAINST ALL LOGGED CLASS/UID/GROUP COUNTS
6,A,p6_A_D600,p6_A_D600_s29,29,NOT APPLICABLE,joint,7,train,stroma,48,54,33,21,1.6363636363636365,5,33,DETERMINISTIC SAMPLER REPLAY VERIFIED AGAINST ALL LOGGED CLASS/UID/GROUP COUNTS
6,A,p6_A_D600,p6_A_D600_s29,29,NOT APPLICABLE,joint,7,train,epithelium,48,64,33,31,1.9393939393939394,5,10,DETERMINISTIC SAMPLER REPLAY VERIFIED AGAINST ALL LOGGED CLASS/UID/GROUP COUNTS
6,A,p6_A_D600,p6_A_D600_s29,29,NOT APPLICABLE,joint,7,train,endothelium,48,50,32,18,1.5625,4,29,DETERMINISTIC SAMPLER REPLAY VERIFIED AGAINST ALL LOGGED CLASS/UID/GROUP COUNTS
6,A,p6_A_D600,p6_A_D600_s29,29,NOT APPLICABLE,joint,7,train,apoptosis,48,68,36,32,1.8888888888888888,4,30,DETERMINISTIC SAMPLER REPLAY VERIFIED AGAINST ALL LOGGED CLASS/UID/GROUP COUNTS
6,A,p6_A_D600,p6_A_D600_s29,29,NOT APPLICABLE,joint,8,train,tumor,142,64,52,12,1.2307692307692308,2,40,DETERMINISTIC SAMPLER REPLAY VERIFIED AGAINST ALL LOGGED CLASS/UID/GROUP COUNTS
6,A,p6_A_D600,p6_A_D600_s29,29,NOT APPLICABLE,joint,8,train,lymphocyte,74,54,40,14,1.35,3,36,DETERMINISTIC SAMPLER REPLAY VERIFIED AGAINST ALL LOGGED CLASS/UID/GROUP COUNTS
6,A,p6_A_D600,p6_A_D600_s29,29,NOT APPLICABLE,joint,8,train,plasma_cell,48,54,30,24,1.8,4,14,DETERMINISTIC SAMPLER REPLAY VERIFIED AGAINST ALL LOGGED CLASS/UID/GROUP COUNTS
6,A,p6_A_D600,p6_A_D600_s29,29,NOT APPLICABLE,joint,8,train,histiocyte,48,60,35,25,1.7142857142857142,5,29,DETERMINISTIC SAMPLER REPLAY VERIFIED AGAINST ALL LOGGED CLASS/UID/GROUP COUNTS
6,A,p6_A_D600,p6_A_D600_s29,29,NOT APPLICABLE,joint,8,train,melanophage,48,58,33,25,1.7575757575757576,4,23,DETERMINISTIC SAMPLER REPLAY VERIFIED AGAINST ALL LOGGED CLASS/UID/GROUP COUNTS
6,A,p6_A_D600,p6_A_D600_s29,29,NOT APPLICABLE,joint,8,train,neutrophil,48,59,32,27,1.84375,4,7,DETERMINISTIC SAMPLER REPLAY VERIFIED AGAINST ALL LOGGED CLASS/UID/GROUP COUNTS
6,A,p6_A_D600,p6_A_D600_s29,29,NOT APPLICABLE,joint,8,train,stroma,48,61,38,23,1.605263157894737,4,38,DETERMINISTIC SAMPLER REPLAY VERIFIED AGAINST ALL LOGGED CLASS/UID/GROUP COUNTS
6,A,p6_A_D600,p6_A_D600_s29,29,NOT APPLICABLE,joint,8,train,epithelium,48,63,37,26,1.7027027027027026,5,10,DETERMINISTIC SAMPLER REPLAY VERIFIED AGAINST ALL LOGGED CLASS/UID/GROUP COUNTS
6,A,p6_A_D600,p6_A_D600_s29,29,NOT APPLICABLE,joint,8,train,endothelium,48,75,41,34,1.829268292682927,5,36,DETERMINISTIC SAMPLER REPLAY VERIFIED AGAINST ALL LOGGED CLASS/UID/GROUP COUNTS
6,A,p6_A_D600,p6_A_D600_s29,29,NOT APPLICABLE,joint,8,train,apoptosis,48,52,33,19,1.5757575757575757,4,28,DETERMINISTIC SAMPLER REPLAY VERIFIED AGAINST ALL LOGGED CLASS/UID/GROUP COUNTS
6,A,p6_A_D600,p6_A_D600_s29,29,NOT APPLICABLE,joint,9,train,tumor,142,60,49,11,1.2244897959183674,2,37,DETERMINISTIC SAMPLER REPLAY VERIFIED AGAINST ALL LOGGED CLASS/UID/GROUP COUNTS
6,A,p6_A_D600,p6_A_D600_s29,29,NOT APPLICABLE,joint,9,train,lymphocyte,74,60,42,18,1.4285714285714286,5,38,DETERMINISTIC SAMPLER REPLAY VERIFIED AGAINST ALL LOGGED CLASS/UID/GROUP COUNTS
6,A,p6_A_D600,p6_A_D600_s29,29,NOT APPLICABLE,joint,9,train,plasma_cell,48,46,29,17,1.5862068965517242,4,13,DETERMINISTIC SAMPLER REPLAY VERIFIED AGAINST ALL LOGGED CLASS/UID/GROUP COUNTS
6,A,p6_A_D600,p6_A_D600_s29,29,NOT APPLICABLE,joint,9,train,histiocyte,48,59,35,24,1.6857142857142857,3,27,DETERMINISTIC SAMPLER REPLAY VERIFIED AGAINST ALL LOGGED CLASS/UID/GROUP COUNTS
6,A,p6_A_D600,p6_A_D600_s29,29,NOT APPLICABLE,joint,9,train,melanophage,48,72,38,34,1.894736842105263,5,25,DETERMINISTIC SAMPLER REPLAY VERIFIED AGAINST ALL LOGGED CLASS/UID/GROUP COUNTS
6,A,p6_A_D600,p6_A_D600_s29,29,NOT APPLICABLE,joint,9,train,neutrophil,48,77,36,41,2.138888888888889,6,6,DETERMINISTIC SAMPLER REPLAY VERIFIED AGAINST ALL LOGGED CLASS/UID/GROUP COUNTS
6,A,p6_A_D600,p6_A_D600_s29,29,NOT APPLICABLE,joint,9,train,stroma,48,51,32,19,1.59375,3,32,DETERMINISTIC SAMPLER REPLAY VERIFIED AGAINST ALL LOGGED CLASS/UID/GROUP COUNTS
6,A,p6_A_D600,p6_A_D600_s29,29,NOT APPLICABLE,joint,9,train,epithelium,48,70,41,29,1.7073170731707317,5,10,DETERMINISTIC SAMPLER REPLAY VERIFIED AGAINST ALL LOGGED CLASS/UID/GROUP COUNTS
6,A,p6_A_D600,p6_A_D600_s29,29,NOT APPLICABLE,joint,9,train,endothelium,48,53,32,21,1.65625,5,29,DETERMINISTIC SAMPLER REPLAY VERIFIED AGAINST ALL LOGGED CLASS/UID/GROUP COUNTS
6,A,p6_A_D600,p6_A_D600_s29,29,NOT APPLICABLE,joint,9,train,apoptosis,48,52,34,18,1.5294117647058822,4,28,DETERMINISTIC SAMPLER REPLAY VERIFIED AGAINST ALL LOGGED CLASS/UID/GROUP COUNTS
6,A,p6_A_D600,p6_A_D600_s29,29,NOT APPLICABLE,joint,10,train,tumor,142,57,46,11,1.2391304347826086,2,39,DETERMINISTIC SAMPLER REPLAY VERIFIED AGAINST ALL LOGGED CLASS/UID/GROUP COUNTS
6,A,p6_A_D600,p6_A_D600_s29,29,NOT APPLICABLE,joint,10,train,lymphocyte,74,63,46,17,1.3695652173913044,4,36,DETERMINISTIC SAMPLER REPLAY VERIFIED AGAINST ALL LOGGED CLASS/UID/GROUP COUNTS
6,A,p6_A_D600,p6_A_D600_s29,29,NOT APPLICABLE,joint,10,train,plasma_cell,48,58,35,23,1.6571428571428573,4,16,DETERMINISTIC SAMPLER REPLAY VERIFIED AGAINST ALL LOGGED CLASS/UID/GROUP COUNTS
6,A,p6_A_D600,p6_A_D600_s29,29,NOT APPLICABLE,joint,10,train,histiocyte,48,52,31,21,1.6774193548387097,6,25,DETERMINISTIC SAMPLER REPLAY VERIFIED AGAINST ALL LOGGED CLASS/UID/GROUP COUNTS
6,A,p6_A_D600,p6_A_D600_s29,29,NOT APPLICABLE,joint,10,train,melanophage,48,51,31,20,1.6451612903225807,3,21,DETERMINISTIC SAMPLER REPLAY VERIFIED AGAINST ALL LOGGED CLASS/UID/GROUP COUNTS
6,A,p6_A_D600,p6_A_D600_s29,29,NOT APPLICABLE,joint,10,train,neutrophil,48,60,29,31,2.0689655172413794,4,7,DETERMINISTIC SAMPLER REPLAY VERIFIED AGAINST ALL LOGGED CLASS/UID/GROUP COUNTS
6,A,p6_A_D600,p6_A_D600_s29,29,NOT APPLICABLE,joint,10,train,stroma,48,60,35,25,1.7142857142857142,4,35,DETERMINISTIC SAMPLER REPLAY VERIFIED AGAINST ALL LOGGED CLASS/UID/GROUP COUNTS
6,A,p6_A_D600,p6_A_D600_s29,29,NOT APPLICABLE,joint,10,train,epithelium,48,66,32,34,2.0625,4,10,DETERMINISTIC SAMPLER REPLAY VERIFIED AGAINST ALL LOGGED CLASS/UID/GROUP COUNTS
6,A,p6_A_D600,p6_A_D600_s29,29,NOT APPLICABLE,joint,10,train,endothelium,48,60,35,25,1.7142857142857142,4,32,DETERMINISTIC SAMPLER REPLAY VERIFIED AGAINST ALL LOGGED CLASS/UID/GROUP COUNTS
6,A,p6_A_D600,p6_A_D600_s29,29,NOT APPLICABLE,joint,10,train,apoptosis,48,73,40,33,1.825,4,35,DETERMINISTIC SAMPLER REPLAY VERIFIED AGAINST ALL LOGGED CLASS/UID/GROUP COUNTS
6,A,p6_A_D600,p6_A_D600_s43,43,NOT APPLICABLE,joint,1,train,tumor,142,52,41,11,1.2682926829268293,4,33,DETERMINISTIC SAMPLER REPLAY VERIFIED AGAINST ALL LOGGED CLASS/UID/GROUP COUNTS
6,A,p6_A_D600,p6_A_D600_s43,43,NOT APPLICABLE,joint,1,train,lymphocyte,74,55,35,20,1.5714285714285714,3,30,DETERMINISTIC SAMPLER REPLAY VERIFIED AGAINST ALL LOGGED CLASS/UID/GROUP COUNTS
6,A,p6_A_D600,p6_A_D600_s43,43,NOT APPLICABLE,joint,1,train,plasma_cell,48,58,35,23,1.6571428571428573,5,15,DETERMINISTIC SAMPLER REPLAY VERIFIED AGAINST ALL LOGGED CLASS/UID/GROUP COUNTS
6,A,p6_A_D600,p6_A_D600_s43,43,NOT APPLICABLE,joint,1,train,histiocyte,48,65,39,26,1.6666666666666667,4,33,DETERMINISTIC SAMPLER REPLAY VERIFIED AGAINST ALL LOGGED CLASS/UID/GROUP COUNTS
6,A,p6_A_D600,p6_A_D600_s43,43,NOT APPLICABLE,joint,1,train,melanophage,48,75,36,39,2.0833333333333335,4,24,DETERMINISTIC SAMPLER REPLAY VERIFIED AGAINST ALL LOGGED CLASS/UID/GROUP COUNTS
6,A,p6_A_D600,p6_A_D600_s43,43,NOT APPLICABLE,joint,1,train,neutrophil,48,64,34,30,1.8823529411764706,4,8,DETERMINISTIC SAMPLER REPLAY VERIFIED AGAINST ALL LOGGED CLASS/UID/GROUP COUNTS
6,A,p6_A_D600,p6_A_D600_s43,43,NOT APPLICABLE,joint,1,train,stroma,48,70,35,35,2.0,5,35,DETERMINISTIC SAMPLER REPLAY VERIFIED AGAINST ALL LOGGED CLASS/UID/GROUP COUNTS
6,A,p6_A_D600,p6_A_D600_s43,43,NOT APPLICABLE,joint,1,train,epithelium,48,60,36,24,1.6666666666666667,4,10,DETERMINISTIC SAMPLER REPLAY VERIFIED AGAINST ALL LOGGED CLASS/UID/GROUP COUNTS
6,A,p6_A_D600,p6_A_D600_s43,43,NOT APPLICABLE,joint,1,train,endothelium,48,55,33,22,1.6666666666666667,4,30,DETERMINISTIC SAMPLER REPLAY VERIFIED AGAINST ALL LOGGED CLASS/UID/GROUP COUNTS
6,A,p6_A_D600,p6_A_D600_s43,43,NOT APPLICABLE,joint,1,train,apoptosis,48,46,28,18,1.6428571428571428,4,24,DETERMINISTIC SAMPLER REPLAY VERIFIED AGAINST ALL LOGGED CLASS/UID/GROUP COUNTS
6,A,p6_A_D600,p6_A_D600_s43,43,NOT APPLICABLE,joint,2,train,tumor,142,69,55,14,1.2545454545454546,3,40,DETERMINISTIC SAMPLER REPLAY VERIFIED AGAINST ALL LOGGED CLASS/UID/GROUP COUNTS
6,A,p6_A_D600,p6_A_D600_s43,43,NOT APPLICABLE,joint,2,train,lymphocyte,74,55,42,13,1.3095238095238095,3,35,DETERMINISTIC SAMPLER REPLAY VERIFIED AGAINST ALL LOGGED CLASS/UID/GROUP COUNTS
6,A,p6_A_D600,p6_A_D600_s43,43,NOT APPLICABLE,joint,2,train,plasma_cell,48,54,32,22,1.6875,4,15,DETERMINISTIC SAMPLER REPLAY VERIFIED AGAINST ALL LOGGED CLASS/UID/GROUP COUNTS
6,A,p6_A_D600,p6_A_D600_s43,43,NOT APPLICABLE,joint,2,train,histiocyte,48,48,32,16,1.5,4,26,DETERMINISTIC SAMPLER REPLAY VERIFIED AGAINST ALL LOGGED CLASS/UID/GROUP COUNTS
6,A,p6_A_D600,p6_A_D600_s43,43,NOT APPLICABLE,joint,2,train,melanophage,48,70,39,31,1.794871794871795,5,23,DETERMINISTIC SAMPLER REPLAY VERIFIED AGAINST ALL LOGGED CLASS/UID/GROUP COUNTS
6,A,p6_A_D600,p6_A_D600_s43,43,NOT APPLICABLE,joint,2,train,neutrophil,48,60,33,27,1.8181818181818181,4,7,DETERMINISTIC SAMPLER REPLAY VERIFIED AGAINST ALL LOGGED CLASS/UID/GROUP COUNTS
6,A,p6_A_D600,p6_A_D600_s43,43,NOT APPLICABLE,joint,2,train,stroma,48,62,34,28,1.8235294117647058,4,34,DETERMINISTIC SAMPLER REPLAY VERIFIED AGAINST ALL LOGGED CLASS/UID/GROUP COUNTS
6,A,p6_A_D600,p6_A_D600_s43,43,NOT APPLICABLE,joint,2,train,epithelium,48,40,24,16,1.6666666666666667,4,10,DETERMINISTIC SAMPLER REPLAY VERIFIED AGAINST ALL LOGGED CLASS/UID/GROUP COUNTS
6,A,p6_A_D600,p6_A_D600_s43,43,NOT APPLICABLE,joint,2,train,endothelium,48,76,39,37,1.9487179487179487,5,35,DETERMINISTIC SAMPLER REPLAY VERIFIED AGAINST ALL LOGGED CLASS/UID/GROUP COUNTS
6,A,p6_A_D600,p6_A_D600_s43,43,NOT APPLICABLE,joint,2,train,apoptosis,48,66,36,30,1.8333333333333333,5,31,DETERMINISTIC SAMPLER REPLAY VERIFIED AGAINST ALL LOGGED CLASS/UID/GROUP COUNTS
6,A,p6_A_D600,p6_A_D600_s43,43,NOT APPLICABLE,joint,3,train,tumor,142,57,43,14,1.3255813953488371,3,32,DETERMINISTIC SAMPLER REPLAY VERIFIED AGAINST ALL LOGGED CLASS/UID/GROUP COUNTS
6,A,p6_A_D600,p6_A_D600_s43,43,NOT APPLICABLE,joint,3,train,lymphocyte,74,57,38,19,1.5,3,33,DETERMINISTIC SAMPLER REPLAY VERIFIED AGAINST ALL LOGGED CLASS/UID/GROUP COUNTS
6,A,p6_A_D600,p6_A_D600_s43,43,NOT APPLICABLE,joint,3,train,plasma_cell,48,66,36,30,1.8333333333333333,6,15,DETERMINISTIC SAMPLER REPLAY VERIFIED AGAINST ALL LOGGED CLASS/UID/GROUP COUNTS
6,A,p6_A_D600,p6_A_D600_s43,43,NOT APPLICABLE,joint,3,train,histiocyte,48,65,35,30,1.8571428571428572,4,30,DETERMINISTIC SAMPLER REPLAY VERIFIED AGAINST ALL LOGGED CLASS/UID/GROUP COUNTS
6,A,p6_A_D600,p6_A_D600_s43,43,NOT APPLICABLE,joint,3,train,melanophage,48,60,36,24,1.6666666666666667,4,24,DETERMINISTIC SAMPLER REPLAY VERIFIED AGAINST ALL LOGGED CLASS/UID/GROUP COUNTS
6,A,p6_A_D600,p6_A_D600_s43,43,NOT APPLICABLE,joint,3,train,neutrophil,48,67,36,31,1.8611111111111112,5,8,DETERMINISTIC SAMPLER REPLAY VERIFIED AGAINST ALL LOGGED CLASS/UID/GROUP COUNTS
6,A,p6_A_D600,p6_A_D600_s43,43,NOT APPLICABLE,joint,3,train,stroma,48,53,32,21,1.65625,4,32,DETERMINISTIC SAMPLER REPLAY VERIFIED AGAINST ALL LOGGED CLASS/UID/GROUP COUNTS
6,A,p6_A_D600,p6_A_D600_s43,43,NOT APPLICABLE,joint,3,train,epithelium,48,65,36,29,1.8055555555555556,4,10,DETERMINISTIC SAMPLER REPLAY VERIFIED AGAINST ALL LOGGED CLASS/UID/GROUP COUNTS
6,A,p6_A_D600,p6_A_D600_s43,43,NOT APPLICABLE,joint,3,train,endothelium,48,63,34,29,1.8529411764705883,4,31,DETERMINISTIC SAMPLER REPLAY VERIFIED AGAINST ALL LOGGED CLASS/UID/GROUP COUNTS
6,A,p6_A_D600,p6_A_D600_s43,43,NOT APPLICABLE,joint,3,train,apoptosis,48,47,30,17,1.5666666666666667,4,27,DETERMINISTIC SAMPLER REPLAY VERIFIED AGAINST ALL LOGGED CLASS/UID/GROUP COUNTS
6,A,p6_A_D600,p6_A_D600_s43,43,NOT APPLICABLE,joint,4,train,tumor,142,54,46,8,1.173913043478261,3,37,DETERMINISTIC SAMPLER REPLAY VERIFIED AGAINST ALL LOGGED CLASS/UID/GROUP COUNTS
6,A,p6_A_D600,p6_A_D600_s43,43,NOT APPLICABLE,joint,4,train,lymphocyte,74,62,43,19,1.441860465116279,4,40,DETERMINISTIC SAMPLER REPLAY VERIFIED AGAINST ALL LOGGED CLASS/UID/GROUP COUNTS
6,A,p6_A_D600,p6_A_D600_s43,43,NOT APPLICABLE,joint,4,train,plasma_cell,48,62,35,27,1.7714285714285714,4,15,DETERMINISTIC SAMPLER REPLAY VERIFIED AGAINST ALL LOGGED CLASS/UID/GROUP COUNTS
6,A,p6_A_D600,p6_A_D600_s43,43,NOT APPLICABLE,joint,4,train,histiocyte,48,63,37,26,1.7027027027027026,6,30,DETERMINISTIC SAMPLER REPLAY VERIFIED AGAINST ALL LOGGED CLASS/UID/GROUP COUNTS
6,A,p6_A_D600,p6_A_D600_s43,43,NOT APPLICABLE,joint,4,train,melanophage,48,65,37,28,1.7567567567567568,4,24,DETERMINISTIC SAMPLER REPLAY VERIFIED AGAINST ALL LOGGED CLASS/UID/GROUP COUNTS
6,A,p6_A_D600,p6_A_D600_s43,43,NOT APPLICABLE,joint,4,train,neutrophil,48,52,29,23,1.793103448275862,4,7,DETERMINISTIC SAMPLER REPLAY VERIFIED AGAINST ALL LOGGED CLASS/UID/GROUP COUNTS
6,A,p6_A_D600,p6_A_D600_s43,43,NOT APPLICABLE,joint,4,train,stroma,48,50,33,17,1.5151515151515151,5,33,DETERMINISTIC SAMPLER REPLAY VERIFIED AGAINST ALL LOGGED CLASS/UID/GROUP COUNTS
6,A,p6_A_D600,p6_A_D600_s43,43,NOT APPLICABLE,joint,4,train,epithelium,48,67,37,30,1.8108108108108107,4,10,DETERMINISTIC SAMPLER REPLAY VERIFIED AGAINST ALL LOGGED CLASS/UID/GROUP COUNTS
6,A,p6_A_D600,p6_A_D600_s43,43,NOT APPLICABLE,joint,4,train,endothelium,48,53,34,19,1.5588235294117647,4,32,DETERMINISTIC SAMPLER REPLAY VERIFIED AGAINST ALL LOGGED CLASS/UID/GROUP COUNTS
6,A,p6_A_D600,p6_A_D600_s43,43,NOT APPLICABLE,joint,4,train,apoptosis,48,72,40,32,1.8,4,35,DETERMINISTIC SAMPLER REPLAY VERIFIED AGAINST ALL LOGGED CLASS/UID/GROUP COUNTS
6,A,p6_A_D600,p6_A_D600_s43,43,NOT APPLICABLE,joint,5,train,tumor,142,54,46,8,1.173913043478261,3,32,DETERMINISTIC SAMPLER REPLAY VERIFIED AGAINST ALL LOGGED CLASS/UID/GROUP COUNTS
6,A,p6_A_D600,p6_A_D600_s43,43,NOT APPLICABLE,joint,5,train,lymphocyte,74,59,42,17,1.4047619047619047,3,36,DETERMINISTIC SAMPLER REPLAY VERIFIED AGAINST ALL LOGGED CLASS/UID/GROUP COUNTS
6,A,p6_A_D600,p6_A_D600_s43,43,NOT APPLICABLE,joint,5,train,plasma_cell,48,74,41,33,1.8048780487804879,4,17,DETERMINISTIC SAMPLER REPLAY VERIFIED AGAINST ALL LOGGED CLASS/UID/GROUP COUNTS
6,A,p6_A_D600,p6_A_D600_s43,43,NOT APPLICABLE,joint,5,train,histiocyte,48,69,39,30,1.7692307692307692,4,31,DETERMINISTIC SAMPLER REPLAY VERIFIED AGAINST ALL LOGGED CLASS/UID/GROUP COUNTS
6,A,p6_A_D600,p6_A_D600_s43,43,NOT APPLICABLE,joint,5,train,melanophage,48,58,32,26,1.8125,6,23,DETERMINISTIC SAMPLER REPLAY VERIFIED AGAINST ALL LOGGED CLASS/UID/GROUP COUNTS
6,A,p6_A_D600,p6_A_D600_s43,43,NOT APPLICABLE,joint,5,train,neutrophil,48,55,33,22,1.6666666666666667,4,7,DETERMINISTIC SAMPLER REPLAY VERIFIED AGAINST ALL LOGGED CLASS/UID/GROUP COUNTS
6,A,p6_A_D600,p6_A_D600_s43,43,NOT APPLICABLE,joint,5,train,stroma,48,59,30,29,1.9666666666666666,4,30,DETERMINISTIC SAMPLER REPLAY VERIFIED AGAINST ALL LOGGED CLASS/UID/GROUP COUNTS
6,A,p6_A_D600,p6_A_D600_s43,43,NOT APPLICABLE,joint,5,train,epithelium,48,49,27,22,1.8148148148148149,4,10,DETERMINISTIC SAMPLER REPLAY VERIFIED AGAINST ALL LOGGED CLASS/UID/GROUP COUNTS
6,A,p6_A_D600,p6_A_D600_s43,43,NOT APPLICABLE,joint,5,train,endothelium,48,55,35,20,1.5714285714285714,3,32,DETERMINISTIC SAMPLER REPLAY VERIFIED AGAINST ALL LOGGED CLASS/UID/GROUP COUNTS
6,A,p6_A_D600,p6_A_D600_s43,43,NOT APPLICABLE,joint,5,train,apoptosis,48,68,36,32,1.8888888888888888,5,30,DETERMINISTIC SAMPLER REPLAY VERIFIED AGAINST ALL LOGGED CLASS/UID/GROUP COUNTS
6,A,p6_A_D600,p6_A_D600_s43,43,NOT APPLICABLE,joint,6,train,tumor,142,59,45,14,1.3111111111111111,4,37,DETERMINISTIC SAMPLER REPLAY VERIFIED AGAINST ALL LOGGED CLASS/UID/GROUP COUNTS
6,A,p6_A_D600,p6_A_D600_s43,43,NOT APPLICABLE,joint,6,train,lymphocyte,74,58,37,21,1.5675675675675675,3,34,DETERMINISTIC SAMPLER REPLAY VERIFIED AGAINST ALL LOGGED CLASS/UID/GROUP COUNTS
6,A,p6_A_D600,p6_A_D600_s43,43,NOT APPLICABLE,joint,6,train,plasma_cell,48,67,36,31,1.8611111111111112,4,14,DETERMINISTIC SAMPLER REPLAY VERIFIED AGAINST ALL LOGGED CLASS/UID/GROUP COUNTS
6,A,p6_A_D600,p6_A_D600_s43,43,NOT APPLICABLE,joint,6,train,histiocyte,48,55,30,25,1.8333333333333333,5,27,DETERMINISTIC SAMPLER REPLAY VERIFIED AGAINST ALL LOGGED CLASS/UID/GROUP COUNTS
6,A,p6_A_D600,p6_A_D600_s43,43,NOT APPLICABLE,joint,6,train,melanophage,48,59,38,21,1.5526315789473684,3,23,DETERMINISTIC SAMPLER REPLAY VERIFIED AGAINST ALL LOGGED CLASS/UID/GROUP COUNTS
6,A,p6_A_D600,p6_A_D600_s43,43,NOT APPLICABLE,joint,6,train,neutrophil,48,53,32,21,1.65625,3,7,DETERMINISTIC SAMPLER REPLAY VERIFIED AGAINST ALL LOGGED CLASS/UID/GROUP COUNTS
6,A,p6_A_D600,p6_A_D600_s43,43,NOT APPLICABLE,joint,6,train,stroma,48,53,31,22,1.7096774193548387,4,31,DETERMINISTIC SAMPLER REPLAY VERIFIED AGAINST ALL LOGGED CLASS/UID/GROUP COUNTS
6,A,p6_A_D600,p6_A_D600_s43,43,NOT APPLICABLE,joint,6,train,epithelium,48,69,35,34,1.9714285714285715,5,10,DETERMINISTIC SAMPLER REPLAY VERIFIED AGAINST ALL LOGGED CLASS/UID/GROUP COUNTS
6,A,p6_A_D600,p6_A_D600_s43,43,NOT APPLICABLE,joint,6,train,endothelium,48,69,36,33,1.9166666666666667,6,32,DETERMINISTIC SAMPLER REPLAY VERIFIED AGAINST ALL LOGGED CLASS/UID/GROUP COUNTS
6,A,p6_A_D600,p6_A_D600_s43,43,NOT APPLICABLE,joint,6,train,apoptosis,48,58,37,21,1.5675675675675675,4,33,DETERMINISTIC SAMPLER REPLAY VERIFIED AGAINST ALL LOGGED CLASS/UID/GROUP COUNTS
6,A,p6_A_D600,p6_A_D600_s43,43,NOT APPLICABLE,joint,7,train,tumor,142,70,58,12,1.206896551724138,3,40,DETERMINISTIC SAMPLER REPLAY VERIFIED AGAINST ALL LOGGED CLASS/UID/GROUP COUNTS
6,A,p6_A_D600,p6_A_D600_s43,43,NOT APPLICABLE,joint,7,train,lymphocyte,74,44,33,11,1.3333333333333333,3,31,DETERMINISTIC SAMPLER REPLAY VERIFIED AGAINST ALL LOGGED CLASS/UID/GROUP COUNTS
6,A,p6_A_D600,p6_A_D600_s43,43,NOT APPLICABLE,joint,7,train,plasma_cell,48,59,30,29,1.9666666666666666,4,15,DETERMINISTIC SAMPLER REPLAY VERIFIED AGAINST ALL LOGGED CLASS/UID/GROUP COUNTS
6,A,p6_A_D600,p6_A_D600_s43,43,NOT APPLICABLE,joint,7,train,histiocyte,48,71,35,36,2.0285714285714285,4,27,DETERMINISTIC SAMPLER REPLAY VERIFIED AGAINST ALL LOGGED CLASS/UID/GROUP COUNTS
6,A,p6_A_D600,p6_A_D600_s43,43,NOT APPLICABLE,joint,7,train,melanophage,48,63,37,26,1.7027027027027026,5,25,DETERMINISTIC SAMPLER REPLAY VERIFIED AGAINST ALL LOGGED CLASS/UID/GROUP COUNTS
6,A,p6_A_D600,p6_A_D600_s43,43,NOT APPLICABLE,joint,7,train,neutrophil,48,65,34,31,1.911764705882353,4,8,DETERMINISTIC SAMPLER REPLAY VERIFIED AGAINST ALL LOGGED CLASS/UID/GROUP COUNTS
6,A,p6_A_D600,p6_A_D600_s43,43,NOT APPLICABLE,joint,7,train,stroma,48,54,31,23,1.7419354838709677,3,31,DETERMINISTIC SAMPLER REPLAY VERIFIED AGAINST ALL LOGGED CLASS/UID/GROUP COUNTS
6,A,p6_A_D600,p6_A_D600_s43,43,NOT APPLICABLE,joint,7,train,epithelium,48,52,30,22,1.7333333333333334,5,10,DETERMINISTIC SAMPLER REPLAY VERIFIED AGAINST ALL LOGGED CLASS/UID/GROUP COUNTS
6,A,p6_A_D600,p6_A_D600_s43,43,NOT APPLICABLE,joint,7,train,endothelium,48,61,38,23,1.605263157894737,4,33,DETERMINISTIC SAMPLER REPLAY VERIFIED AGAINST ALL LOGGED CLASS/UID/GROUP COUNTS
6,A,p6_A_D600,p6_A_D600_s43,43,NOT APPLICABLE,joint,7,train,apoptosis,48,61,35,26,1.7428571428571429,5,30,DETERMINISTIC SAMPLER REPLAY VERIFIED AGAINST ALL LOGGED CLASS/UID/GROUP COUNTS
6,A,p6_A_D600,p6_A_D600_s43,43,NOT APPLICABLE,joint,8,train,tumor,142,63,51,12,1.2352941176470589,4,38,DETERMINISTIC SAMPLER REPLAY VERIFIED AGAINST ALL LOGGED CLASS/UID/GROUP COUNTS
6,A,p6_A_D600,p6_A_D600_s43,43,NOT APPLICABLE,joint,8,train,lymphocyte,74,63,39,24,1.6153846153846154,6,32,DETERMINISTIC SAMPLER REPLAY VERIFIED AGAINST ALL LOGGED CLASS/UID/GROUP COUNTS
6,A,p6_A_D600,p6_A_D600_s43,43,NOT APPLICABLE,joint,8,train,plasma_cell,48,56,33,23,1.696969696969697,4,16,DETERMINISTIC SAMPLER REPLAY VERIFIED AGAINST ALL LOGGED CLASS/UID/GROUP COUNTS
6,A,p6_A_D600,p6_A_D600_s43,43,NOT APPLICABLE,joint,8,train,histiocyte,48,55,30,25,1.8333333333333333,4,27,DETERMINISTIC SAMPLER REPLAY VERIFIED AGAINST ALL LOGGED CLASS/UID/GROUP COUNTS
6,A,p6_A_D600,p6_A_D600_s43,43,NOT APPLICABLE,joint,8,train,melanophage,48,60,33,27,1.8181818181818181,4,21,DETERMINISTIC SAMPLER REPLAY VERIFIED AGAINST ALL LOGGED CLASS/UID/GROUP COUNTS
6,A,p6_A_D600,p6_A_D600_s43,43,NOT APPLICABLE,joint,8,train,neutrophil,48,52,37,15,1.4054054054054055,3,7,DETERMINISTIC SAMPLER REPLAY VERIFIED AGAINST ALL LOGGED CLASS/UID/GROUP COUNTS
6,A,p6_A_D600,p6_A_D600_s43,43,NOT APPLICABLE,joint,8,train,stroma,48,53,29,24,1.8275862068965518,4,29,DETERMINISTIC SAMPLER REPLAY VERIFIED AGAINST ALL LOGGED CLASS/UID/GROUP COUNTS
6,A,p6_A_D600,p6_A_D600_s43,43,NOT APPLICABLE,joint,8,train,epithelium,48,71,38,33,1.868421052631579,4,10,DETERMINISTIC SAMPLER REPLAY VERIFIED AGAINST ALL LOGGED CLASS/UID/GROUP COUNTS
6,A,p6_A_D600,p6_A_D600_s43,43,NOT APPLICABLE,joint,8,train,endothelium,48,62,31,31,2.0,5,27,DETERMINISTIC SAMPLER REPLAY VERIFIED AGAINST ALL LOGGED CLASS/UID/GROUP COUNTS
6,A,p6_A_D600,p6_A_D600_s43,43,NOT APPLICABLE,joint,8,train,apoptosis,48,65,35,30,1.8571428571428572,6,31,DETERMINISTIC SAMPLER REPLAY VERIFIED AGAINST ALL LOGGED CLASS/UID/GROUP COUNTS
6,A,p6_A_D600,p6_A_D600_s43,43,NOT APPLICABLE,joint,9,train,tumor,142,67,55,12,1.2181818181818183,2,42,DETERMINISTIC SAMPLER REPLAY VERIFIED AGAINST ALL LOGGED CLASS/UID/GROUP COUNTS
6,A,p6_A_D600,p6_A_D600_s43,43,NOT APPLICABLE,joint,9,train,lymphocyte,74,61,42,19,1.4523809523809523,4,37,DETERMINISTIC SAMPLER REPLAY VERIFIED AGAINST ALL LOGGED CLASS/UID/GROUP COUNTS
6,A,p6_A_D600,p6_A_D600_s43,43,NOT APPLICABLE,joint,9,train,plasma_cell,48,63,36,27,1.75,4,15,DETERMINISTIC SAMPLER REPLAY VERIFIED AGAINST ALL LOGGED CLASS/UID/GROUP COUNTS
6,A,p6_A_D600,p6_A_D600_s43,43,NOT APPLICABLE,joint,9,train,histiocyte,48,56,34,22,1.6470588235294117,3,29,DETERMINISTIC SAMPLER REPLAY VERIFIED AGAINST ALL LOGGED CLASS/UID/GROUP COUNTS
6,A,p6_A_D600,p6_A_D600_s43,43,NOT APPLICABLE,joint,9,train,melanophage,48,52,30,22,1.7333333333333334,5,23,DETERMINISTIC SAMPLER REPLAY VERIFIED AGAINST ALL LOGGED CLASS/UID/GROUP COUNTS
6,A,p6_A_D600,p6_A_D600_s43,43,NOT APPLICABLE,joint,9,train,neutrophil,48,63,37,26,1.7027027027027026,5,8,DETERMINISTIC SAMPLER REPLAY VERIFIED AGAINST ALL LOGGED CLASS/UID/GROUP COUNTS
6,A,p6_A_D600,p6_A_D600_s43,43,NOT APPLICABLE,joint,9,train,stroma,48,53,34,19,1.5588235294117647,4,34,DETERMINISTIC SAMPLER REPLAY VERIFIED AGAINST ALL LOGGED CLASS/UID/GROUP COUNTS
6,A,p6_A_D600,p6_A_D600_s43,43,NOT APPLICABLE,joint,9,train,epithelium,48,54,34,20,1.588235294117647,4,10,DETERMINISTIC SAMPLER REPLAY VERIFIED AGAINST ALL LOGGED CLASS/UID/GROUP COUNTS
6,A,p6_A_D600,p6_A_D600_s43,43,NOT APPLICABLE,joint,9,train,endothelium,48,60,35,25,1.7142857142857142,4,31,DETERMINISTIC SAMPLER REPLAY VERIFIED AGAINST ALL LOGGED CLASS/UID/GROUP COUNTS
6,A,p6_A_D600,p6_A_D600_s43,43,NOT APPLICABLE,joint,9,train,apoptosis,48,71,38,33,1.868421052631579,5,31,DETERMINISTIC SAMPLER REPLAY VERIFIED AGAINST ALL LOGGED CLASS/UID/GROUP COUNTS
6,A,p6_A_D600,p6_A_D600_s43,43,NOT APPLICABLE,joint,10,train,tumor,142,72,53,19,1.3584905660377358,4,40,DETERMINISTIC SAMPLER REPLAY VERIFIED AGAINST ALL LOGGED CLASS/UID/GROUP COUNTS
6,A,p6_A_D600,p6_A_D600_s43,43,NOT APPLICABLE,joint,10,train,lymphocyte,74,51,36,15,1.4166666666666667,3,31,DETERMINISTIC SAMPLER REPLAY VERIFIED AGAINST ALL LOGGED CLASS/UID/GROUP COUNTS
6,A,p6_A_D600,p6_A_D600_s43,43,NOT APPLICABLE,joint,10,train,plasma_cell,48,67,35,32,1.9142857142857144,4,13,DETERMINISTIC SAMPLER REPLAY VERIFIED AGAINST ALL LOGGED CLASS/UID/GROUP COUNTS
6,A,p6_A_D600,p6_A_D600_s43,43,NOT APPLICABLE,joint,10,train,histiocyte,48,70,36,34,1.9444444444444444,4,30,DETERMINISTIC SAMPLER REPLAY VERIFIED AGAINST ALL LOGGED CLASS/UID/GROUP COUNTS
6,A,p6_A_D600,p6_A_D600_s43,43,NOT APPLICABLE,joint,10,train,melanophage,48,60,35,25,1.7142857142857142,5,25,DETERMINISTIC SAMPLER REPLAY VERIFIED AGAINST ALL LOGGED CLASS/UID/GROUP COUNTS
6,A,p6_A_D600,p6_A_D600_s43,43,NOT APPLICABLE,joint,10,train,neutrophil,48,62,35,27,1.7714285714285714,5,7,DETERMINISTIC SAMPLER REPLAY VERIFIED AGAINST ALL LOGGED CLASS/UID/GROUP COUNTS
6,A,p6_A_D600,p6_A_D600_s43,43,NOT APPLICABLE,joint,10,train,stroma,48,58,35,23,1.6571428571428573,4,35,DETERMINISTIC SAMPLER REPLAY VERIFIED AGAINST ALL LOGGED CLASS/UID/GROUP COUNTS
6,A,p6_A_D600,p6_A_D600_s43,43,NOT APPLICABLE,joint,10,train,epithelium,48,61,30,31,2.033333333333333,5,10,DETERMINISTIC SAMPLER REPLAY VERIFIED AGAINST ALL LOGGED CLASS/UID/GROUP COUNTS
6,A,p6_A_D600,p6_A_D600_s43,43,NOT APPLICABLE,joint,10,train,endothelium,48,44,32,12,1.375,3,29,DETERMINISTIC SAMPLER REPLAY VERIFIED AGAINST ALL LOGGED CLASS/UID/GROUP COUNTS
6,A,p6_A_D600,p6_A_D600_s43,43,NOT APPLICABLE,joint,10,train,apoptosis,48,55,33,22,1.6666666666666667,4,30,DETERMINISTIC SAMPLER REPLAY VERIFIED AGAINST ALL LOGGED CLASS/UID/GROUP COUNTS
6,A,p6_A_D900,p6_A_D900_s17,17,NOT APPLICABLE,joint,1,train,tumor,213,84,70,14,1.2,3,50,DETERMINISTIC SAMPLER REPLAY VERIFIED AGAINST ALL LOGGED CLASS/UID/GROUP COUNTS
6,A,p6_A_D900,p6_A_D900_s17,17,NOT APPLICABLE,joint,1,train,lymphocyte,111,100,73,27,1.36986301369863,4,51,DETERMINISTIC SAMPLER REPLAY VERIFIED AGAINST ALL LOGGED CLASS/UID/GROUP COUNTS
6,A,p6_A_D900,p6_A_D900_s17,17,NOT APPLICABLE,joint,1,train,plasma_cell,72,89,51,38,1.7450980392156863,6,16,DETERMINISTIC SAMPLER REPLAY VERIFIED AGAINST ALL LOGGED CLASS/UID/GROUP COUNTS
6,A,p6_A_D900,p6_A_D900_s17,17,NOT APPLICABLE,joint,1,train,histiocyte,72,90,56,34,1.6071428571428572,5,35,DETERMINISTIC SAMPLER REPLAY VERIFIED AGAINST ALL LOGGED CLASS/UID/GROUP COUNTS
6,A,p6_A_D900,p6_A_D900_s17,17,NOT APPLICABLE,joint,1,train,melanophage,72,90,50,40,1.8,4,24,DETERMINISTIC SAMPLER REPLAY VERIFIED AGAINST ALL LOGGED CLASS/UID/GROUP COUNTS
6,A,p6_A_D900,p6_A_D900_s17,17,NOT APPLICABLE,joint,1,train,neutrophil,72,76,48,28,1.5833333333333333,4,7,DETERMINISTIC SAMPLER REPLAY VERIFIED AGAINST ALL LOGGED CLASS/UID/GROUP COUNTS
6,A,p6_A_D900,p6_A_D900_s17,17,NOT APPLICABLE,joint,1,train,stroma,72,83,47,36,1.7659574468085106,5,40,DETERMINISTIC SAMPLER REPLAY VERIFIED AGAINST ALL LOGGED CLASS/UID/GROUP COUNTS
6,A,p6_A_D900,p6_A_D900_s17,17,NOT APPLICABLE,joint,1,train,epithelium,72,97,55,42,1.7636363636363637,5,10,DETERMINISTIC SAMPLER REPLAY VERIFIED AGAINST ALL LOGGED CLASS/UID/GROUP COUNTS
6,A,p6_A_D900,p6_A_D900_s17,17,NOT APPLICABLE,joint,1,train,endothelium,72,100,56,44,1.7857142857142858,5,38,DETERMINISTIC SAMPLER REPLAY VERIFIED AGAINST ALL LOGGED CLASS/UID/GROUP COUNTS
6,A,p6_A_D900,p6_A_D900_s17,17,NOT APPLICABLE,joint,1,train,apoptosis,72,91,48,43,1.8958333333333333,4,35,DETERMINISTIC SAMPLER REPLAY VERIFIED AGAINST ALL LOGGED CLASS/UID/GROUP COUNTS
6,A,p6_A_D900,p6_A_D900_s17,17,NOT APPLICABLE,joint,2,train,tumor,213,102,82,20,1.2439024390243902,3,49,DETERMINISTIC SAMPLER REPLAY VERIFIED AGAINST ALL LOGGED CLASS/UID/GROUP COUNTS
6,A,p6_A_D900,p6_A_D900_s17,17,NOT APPLICABLE,joint,2,train,lymphocyte,111,86,59,27,1.4576271186440677,3,44,DETERMINISTIC SAMPLER REPLAY VERIFIED AGAINST ALL LOGGED CLASS/UID/GROUP COUNTS
6,A,p6_A_D900,p6_A_D900_s17,17,NOT APPLICABLE,joint,2,train,plasma_cell,72,85,47,38,1.8085106382978724,5,15,DETERMINISTIC SAMPLER REPLAY VERIFIED AGAINST ALL LOGGED CLASS/UID/GROUP COUNTS
6,A,p6_A_D900,p6_A_D900_s17,17,NOT APPLICABLE,joint,2,train,histiocyte,72,81,48,33,1.6875,5,32,DETERMINISTIC SAMPLER REPLAY VERIFIED AGAINST ALL LOGGED CLASS/UID/GROUP COUNTS
6,A,p6_A_D900,p6_A_D900_s17,17,NOT APPLICABLE,joint,2,train,melanophage,72,97,52,45,1.8653846153846154,5,26,DETERMINISTIC SAMPLER REPLAY VERIFIED AGAINST ALL LOGGED CLASS/UID/GROUP COUNTS
6,A,p6_A_D900,p6_A_D900_s17,17,NOT APPLICABLE,joint,2,train,neutrophil,72,86,50,36,1.72,5,7,DETERMINISTIC SAMPLER REPLAY VERIFIED AGAINST ALL LOGGED CLASS/UID/GROUP COUNTS
6,A,p6_A_D900,p6_A_D900_s17,17,NOT APPLICABLE,joint,2,train,stroma,72,85,49,36,1.7346938775510203,4,37,DETERMINISTIC SAMPLER REPLAY VERIFIED AGAINST ALL LOGGED CLASS/UID/GROUP COUNTS
6,A,p6_A_D900,p6_A_D900_s17,17,NOT APPLICABLE,joint,2,train,epithelium,72,89,53,36,1.679245283018868,4,10,DETERMINISTIC SAMPLER REPLAY VERIFIED AGAINST ALL LOGGED CLASS/UID/GROUP COUNTS
6,A,p6_A_D900,p6_A_D900_s17,17,NOT APPLICABLE,joint,2,train,endothelium,72,104,52,52,2.0,7,37,DETERMINISTIC SAMPLER REPLAY VERIFIED AGAINST ALL LOGGED CLASS/UID/GROUP COUNTS
6,A,p6_A_D900,p6_A_D900_s17,17,NOT APPLICABLE,joint,2,train,apoptosis,72,85,49,36,1.7346938775510203,4,35,DETERMINISTIC SAMPLER REPLAY VERIFIED AGAINST ALL LOGGED CLASS/UID/GROUP COUNTS
6,A,p6_A_D900,p6_A_D900_s17,17,NOT APPLICABLE,joint,3,train,tumor,213,112,82,30,1.3658536585365855,4,48,DETERMINISTIC SAMPLER REPLAY VERIFIED AGAINST ALL LOGGED CLASS/UID/GROUP COUNTS
6,A,p6_A_D900,p6_A_D900_s17,17,NOT APPLICABLE,joint,3,train,lymphocyte,111,80,61,19,1.3114754098360655,4,47,DETERMINISTIC SAMPLER REPLAY VERIFIED AGAINST ALL LOGGED CLASS/UID/GROUP COUNTS
6,A,p6_A_D900,p6_A_D900_s17,17,NOT APPLICABLE,joint,3,train,plasma_cell,72,98,54,44,1.8148148148148149,4,16,DETERMINISTIC SAMPLER REPLAY VERIFIED AGAINST ALL LOGGED CLASS/UID/GROUP COUNTS
6,A,p6_A_D900,p6_A_D900_s17,17,NOT APPLICABLE,joint,3,train,histiocyte,72,108,62,46,1.7419354838709677,6,36,DETERMINISTIC SAMPLER REPLAY VERIFIED AGAINST ALL LOGGED CLASS/UID/GROUP COUNTS
6,A,p6_A_D900,p6_A_D900_s17,17,NOT APPLICABLE,joint,3,train,melanophage,72,102,55,47,1.8545454545454545,5,22,DETERMINISTIC SAMPLER REPLAY VERIFIED AGAINST ALL LOGGED CLASS/UID/GROUP COUNTS
6,A,p6_A_D900,p6_A_D900_s17,17,NOT APPLICABLE,joint,3,train,neutrophil,72,77,49,28,1.5714285714285714,3,7,DETERMINISTIC SAMPLER REPLAY VERIFIED AGAINST ALL LOGGED CLASS/UID/GROUP COUNTS
6,A,p6_A_D900,p6_A_D900_s17,17,NOT APPLICABLE,joint,3,train,stroma,72,85,49,36,1.7346938775510203,5,37,DETERMINISTIC SAMPLER REPLAY VERIFIED AGAINST ALL LOGGED CLASS/UID/GROUP COUNTS
6,A,p6_A_D900,p6_A_D900_s17,17,NOT APPLICABLE,joint,3,train,epithelium,72,80,49,31,1.6326530612244898,3,10,DETERMINISTIC SAMPLER REPLAY VERIFIED AGAINST ALL LOGGED CLASS/UID/GROUP COUNTS
6,A,p6_A_D900,p6_A_D900_s17,17,NOT APPLICABLE,joint,3,train,endothelium,72,77,51,26,1.5098039215686274,5,36,DETERMINISTIC SAMPLER REPLAY VERIFIED AGAINST ALL LOGGED CLASS/UID/GROUP COUNTS
6,A,p6_A_D900,p6_A_D900_s17,17,NOT APPLICABLE,joint,3,train,apoptosis,72,81,50,31,1.62,4,34,DETERMINISTIC SAMPLER REPLAY VERIFIED AGAINST ALL LOGGED CLASS/UID/GROUP COUNTS
6,A,p6_A_D900,p6_A_D900_s17,17,NOT APPLICABLE,joint,4,train,tumor,213,92,71,21,1.295774647887324,3,42,DETERMINISTIC SAMPLER REPLAY VERIFIED AGAINST ALL LOGGED CLASS/UID/GROUP COUNTS
6,A,p6_A_D900,p6_A_D900_s17,17,NOT APPLICABLE,joint,4,train,lymphocyte,111,93,68,25,1.3676470588235294,3,46,DETERMINISTIC SAMPLER REPLAY VERIFIED AGAINST ALL LOGGED CLASS/UID/GROUP COUNTS
6,A,p6_A_D900,p6_A_D900_s17,17,NOT APPLICABLE,joint,4,train,plasma_cell,72,87,49,38,1.7755102040816326,4,15,DETERMINISTIC SAMPLER REPLAY VERIFIED AGAINST ALL LOGGED CLASS/UID/GROUP COUNTS
6,A,p6_A_D900,p6_A_D900_s17,17,NOT APPLICABLE,joint,4,train,histiocyte,72,92,53,39,1.7358490566037736,4,34,DETERMINISTIC SAMPLER REPLAY VERIFIED AGAINST ALL LOGGED CLASS/UID/GROUP COUNTS
6,A,p6_A_D900,p6_A_D900_s17,17,NOT APPLICABLE,joint,4,train,melanophage,72,75,50,25,1.5,3,26,DETERMINISTIC SAMPLER REPLAY VERIFIED AGAINST ALL LOGGED CLASS/UID/GROUP COUNTS
6,A,p6_A_D900,p6_A_D900_s17,17,NOT APPLICABLE,joint,4,train,neutrophil,72,110,57,53,1.9298245614035088,7,8,DETERMINISTIC SAMPLER REPLAY VERIFIED AGAINST ALL LOGGED CLASS/UID/GROUP COUNTS
6,A,p6_A_D900,p6_A_D900_s17,17,NOT APPLICABLE,joint,4,train,stroma,72,85,52,33,1.6346153846153846,3,42,DETERMINISTIC SAMPLER REPLAY VERIFIED AGAINST ALL LOGGED CLASS/UID/GROUP COUNTS
6,A,p6_A_D900,p6_A_D900_s17,17,NOT APPLICABLE,joint,4,train,epithelium,72,101,55,46,1.8363636363636364,5,10,DETERMINISTIC SAMPLER REPLAY VERIFIED AGAINST ALL LOGGED CLASS/UID/GROUP COUNTS
6,A,p6_A_D900,p6_A_D900_s17,17,NOT APPLICABLE,joint,4,train,endothelium,72,80,45,35,1.7777777777777777,4,34,DETERMINISTIC SAMPLER REPLAY VERIFIED AGAINST ALL LOGGED CLASS/UID/GROUP COUNTS
6,A,p6_A_D900,p6_A_D900_s17,17,NOT APPLICABLE,joint,4,train,apoptosis,72,85,46,39,1.8478260869565217,4,32,DETERMINISTIC SAMPLER REPLAY VERIFIED AGAINST ALL LOGGED CLASS/UID/GROUP COUNTS
6,A,p6_A_D900,p6_A_D900_s17,17,NOT APPLICABLE,joint,5,train,tumor,213,90,75,15,1.2,3,50,DETERMINISTIC SAMPLER REPLAY VERIFIED AGAINST ALL LOGGED CLASS/UID/GROUP COUNTS
6,A,p6_A_D900,p6_A_D900_s17,17,NOT APPLICABLE,joint,5,train,lymphocyte,111,81,59,22,1.3728813559322033,5,43,DETERMINISTIC SAMPLER REPLAY VERIFIED AGAINST ALL LOGGED CLASS/UID/GROUP COUNTS
6,A,p6_A_D900,p6_A_D900_s17,17,NOT APPLICABLE,joint,5,train,plasma_cell,72,108,51,57,2.1176470588235294,6,16,DETERMINISTIC SAMPLER REPLAY VERIFIED AGAINST ALL LOGGED CLASS/UID/GROUP COUNTS
6,A,p6_A_D900,p6_A_D900_s17,17,NOT APPLICABLE,joint,5,train,histiocyte,72,98,51,47,1.9215686274509804,5,33,DETERMINISTIC SAMPLER REPLAY VERIFIED AGAINST ALL LOGGED CLASS/UID/GROUP COUNTS
6,A,p6_A_D900,p6_A_D900_s17,17,NOT APPLICABLE,joint,5,train,melanophage,72,81,47,34,1.7234042553191489,6,24,DETERMINISTIC SAMPLER REPLAY VERIFIED AGAINST ALL LOGGED CLASS/UID/GROUP COUNTS
6,A,p6_A_D900,p6_A_D900_s17,17,NOT APPLICABLE,joint,5,train,neutrophil,72,78,46,32,1.6956521739130435,3,7,DETERMINISTIC SAMPLER REPLAY VERIFIED AGAINST ALL LOGGED CLASS/UID/GROUP COUNTS
6,A,p6_A_D900,p6_A_D900_s17,17,NOT APPLICABLE,joint,5,train,stroma,72,86,51,35,1.6862745098039216,4,40,DETERMINISTIC SAMPLER REPLAY VERIFIED AGAINST ALL LOGGED CLASS/UID/GROUP COUNTS
6,A,p6_A_D900,p6_A_D900_s17,17,NOT APPLICABLE,joint,5,train,epithelium,72,82,44,38,1.8636363636363635,4,10,DETERMINISTIC SAMPLER REPLAY VERIFIED AGAINST ALL LOGGED CLASS/UID/GROUP COUNTS
6,A,p6_A_D900,p6_A_D900_s17,17,NOT APPLICABLE,joint,5,train,endothelium,72,108,61,47,1.7704918032786885,5,38,DETERMINISTIC SAMPLER REPLAY VERIFIED AGAINST ALL LOGGED CLASS/UID/GROUP COUNTS
6,A,p6_A_D900,p6_A_D900_s17,17,NOT APPLICABLE,joint,5,train,apoptosis,72,88,51,37,1.7254901960784315,4,34,DETERMINISTIC SAMPLER REPLAY VERIFIED AGAINST ALL LOGGED CLASS/UID/GROUP COUNTS
6,A,p6_A_D900,p6_A_D900_s17,17,NOT APPLICABLE,joint,6,train,tumor,213,100,77,23,1.2987012987012987,3,52,DETERMINISTIC SAMPLER REPLAY VERIFIED AGAINST ALL LOGGED CLASS/UID/GROUP COUNTS
6,A,p6_A_D900,p6_A_D900_s17,17,NOT APPLICABLE,joint,6,train,lymphocyte,111,90,64,26,1.40625,4,47,DETERMINISTIC SAMPLER REPLAY VERIFIED AGAINST ALL LOGGED CLASS/UID/GROUP COUNTS
6,A,p6_A_D900,p6_A_D900_s17,17,NOT APPLICABLE,joint,6,train,plasma_cell,72,91,52,39,1.75,5,16,DETERMINISTIC SAMPLER REPLAY VERIFIED AGAINST ALL LOGGED CLASS/UID/GROUP COUNTS
6,A,p6_A_D900,p6_A_D900_s17,17,NOT APPLICABLE,joint,6,train,histiocyte,72,84,57,27,1.4736842105263157,3,36,DETERMINISTIC SAMPLER REPLAY VERIFIED AGAINST ALL LOGGED CLASS/UID/GROUP COUNTS
6,A,p6_A_D900,p6_A_D900_s17,17,NOT APPLICABLE,joint,6,train,melanophage,72,85,54,31,1.5740740740740742,3,23,DETERMINISTIC SAMPLER REPLAY VERIFIED AGAINST ALL LOGGED CLASS/UID/GROUP COUNTS
6,A,p6_A_D900,p6_A_D900_s17,17,NOT APPLICABLE,joint,6,train,neutrophil,72,90,51,39,1.7647058823529411,6,8,DETERMINISTIC SAMPLER REPLAY VERIFIED AGAINST ALL LOGGED CLASS/UID/GROUP COUNTS
6,A,p6_A_D900,p6_A_D900_s17,17,NOT APPLICABLE,joint,6,train,stroma,72,104,57,47,1.8245614035087718,4,42,DETERMINISTIC SAMPLER REPLAY VERIFIED AGAINST ALL LOGGED CLASS/UID/GROUP COUNTS
6,A,p6_A_D900,p6_A_D900_s17,17,NOT APPLICABLE,joint,6,train,epithelium,72,85,53,32,1.6037735849056605,4,10,DETERMINISTIC SAMPLER REPLAY VERIFIED AGAINST ALL LOGGED CLASS/UID/GROUP COUNTS
6,A,p6_A_D900,p6_A_D900_s17,17,NOT APPLICABLE,joint,6,train,endothelium,72,93,51,42,1.8235294117647058,5,36,DETERMINISTIC SAMPLER REPLAY VERIFIED AGAINST ALL LOGGED CLASS/UID/GROUP COUNTS
6,A,p6_A_D900,p6_A_D900_s17,17,NOT APPLICABLE,joint,6,train,apoptosis,72,78,48,30,1.625,4,33,DETERMINISTIC SAMPLER REPLAY VERIFIED AGAINST ALL LOGGED CLASS/UID/GROUP COUNTS
6,A,p6_A_D900,p6_A_D900_s17,17,NOT APPLICABLE,joint,7,train,tumor,213,95,78,17,1.2179487179487178,3,49,DETERMINISTIC SAMPLER REPLAY VERIFIED AGAINST ALL LOGGED CLASS/UID/GROUP COUNTS
6,A,p6_A_D900,p6_A_D900_s17,17,NOT APPLICABLE,joint,7,train,lymphocyte,111,70,54,16,1.2962962962962963,3,41,DETERMINISTIC SAMPLER REPLAY VERIFIED AGAINST ALL LOGGED CLASS/UID/GROUP COUNTS
6,A,p6_A_D900,p6_A_D900_s17,17,NOT APPLICABLE,joint,7,train,plasma_cell,72,88,48,40,1.8333333333333333,7,15,DETERMINISTIC SAMPLER REPLAY VERIFIED AGAINST ALL LOGGED CLASS/UID/GROUP COUNTS
6,A,p6_A_D900,p6_A_D900_s17,17,NOT APPLICABLE,joint,7,train,histiocyte,72,96,50,46,1.92,5,34,DETERMINISTIC SAMPLER REPLAY VERIFIED AGAINST ALL LOGGED CLASS/UID/GROUP COUNTS
6,A,p6_A_D900,p6_A_D900_s17,17,NOT APPLICABLE,joint,7,train,melanophage,72,89,51,38,1.7450980392156863,5,24,DETERMINISTIC SAMPLER REPLAY VERIFIED AGAINST ALL LOGGED CLASS/UID/GROUP COUNTS
6,A,p6_A_D900,p6_A_D900_s17,17,NOT APPLICABLE,joint,7,train,neutrophil,72,88,56,32,1.5714285714285714,5,8,DETERMINISTIC SAMPLER REPLAY VERIFIED AGAINST ALL LOGGED CLASS/UID/GROUP COUNTS
6,A,p6_A_D900,p6_A_D900_s17,17,NOT APPLICABLE,joint,7,train,stroma,72,98,51,47,1.9215686274509804,4,44,DETERMINISTIC SAMPLER REPLAY VERIFIED AGAINST ALL LOGGED CLASS/UID/GROUP COUNTS
6,A,p6_A_D900,p6_A_D900_s17,17,NOT APPLICABLE,joint,7,train,epithelium,72,91,47,44,1.9361702127659575,6,10,DETERMINISTIC SAMPLER REPLAY VERIFIED AGAINST ALL LOGGED CLASS/UID/GROUP COUNTS
6,A,p6_A_D900,p6_A_D900_s17,17,NOT APPLICABLE,joint,7,train,endothelium,72,105,59,46,1.7796610169491525,5,37,DETERMINISTIC SAMPLER REPLAY VERIFIED AGAINST ALL LOGGED CLASS/UID/GROUP COUNTS
6,A,p6_A_D900,p6_A_D900_s17,17,NOT APPLICABLE,joint,7,train,apoptosis,72,80,44,36,1.8181818181818181,4,30,DETERMINISTIC SAMPLER REPLAY VERIFIED AGAINST ALL LOGGED CLASS/UID/GROUP COUNTS
6,A,p6_A_D900,p6_A_D900_s17,17,NOT APPLICABLE,joint,8,train,tumor,213,99,75,24,1.32,3,48,DETERMINISTIC SAMPLER REPLAY VERIFIED AGAINST ALL LOGGED CLASS/UID/GROUP COUNTS
6,A,p6_A_D900,p6_A_D900_s17,17,NOT APPLICABLE,joint,8,train,lymphocyte,111,90,56,34,1.6071428571428572,4,42,DETERMINISTIC SAMPLER REPLAY VERIFIED AGAINST ALL LOGGED CLASS/UID/GROUP COUNTS
6,A,p6_A_D900,p6_A_D900_s17,17,NOT APPLICABLE,joint,8,train,plasma_cell,72,84,52,32,1.6153846153846154,4,14,DETERMINISTIC SAMPLER REPLAY VERIFIED AGAINST ALL LOGGED CLASS/UID/GROUP COUNTS
6,A,p6_A_D900,p6_A_D900_s17,17,NOT APPLICABLE,joint,8,train,histiocyte,72,89,48,41,1.8541666666666667,4,30,DETERMINISTIC SAMPLER REPLAY VERIFIED AGAINST ALL LOGGED CLASS/UID/GROUP COUNTS
6,A,p6_A_D900,p6_A_D900_s17,17,NOT APPLICABLE,joint,8,train,melanophage,72,100,52,48,1.9230769230769231,5,25,DETERMINISTIC SAMPLER REPLAY VERIFIED AGAINST ALL LOGGED CLASS/UID/GROUP COUNTS
6,A,p6_A_D900,p6_A_D900_s17,17,NOT APPLICABLE,joint,8,train,neutrophil,72,76,48,28,1.5833333333333333,4,6,DETERMINISTIC SAMPLER REPLAY VERIFIED AGAINST ALL LOGGED CLASS/UID/GROUP COUNTS
6,A,p6_A_D900,p6_A_D900_s17,17,NOT APPLICABLE,joint,8,train,stroma,72,79,50,29,1.58,3,39,DETERMINISTIC SAMPLER REPLAY VERIFIED AGAINST ALL LOGGED CLASS/UID/GROUP COUNTS
6,A,p6_A_D900,p6_A_D900_s17,17,NOT APPLICABLE,joint,8,train,epithelium,72,100,56,44,1.7857142857142858,4,10,DETERMINISTIC SAMPLER REPLAY VERIFIED AGAINST ALL LOGGED CLASS/UID/GROUP COUNTS
6,A,p6_A_D900,p6_A_D900_s17,17,NOT APPLICABLE,joint,8,train,endothelium,72,96,53,43,1.8113207547169812,5,38,DETERMINISTIC SAMPLER REPLAY VERIFIED AGAINST ALL LOGGED CLASS/UID/GROUP COUNTS
6,A,p6_A_D900,p6_A_D900_s17,17,NOT APPLICABLE,joint,8,train,apoptosis,72,87,50,37,1.74,5,37,DETERMINISTIC SAMPLER REPLAY VERIFIED AGAINST ALL LOGGED CLASS/UID/GROUP COUNTS
6,A,p6_A_D900,p6_A_D900_s17,17,NOT APPLICABLE,joint,9,train,tumor,213,92,81,11,1.1358024691358024,3,47,DETERMINISTIC SAMPLER REPLAY VERIFIED AGAINST ALL LOGGED CLASS/UID/GROUP COUNTS
6,A,p6_A_D900,p6_A_D900_s17,17,NOT APPLICABLE,joint,9,train,lymphocyte,111,75,54,21,1.3888888888888888,4,43,DETERMINISTIC SAMPLER REPLAY VERIFIED AGAINST ALL LOGGED CLASS/UID/GROUP COUNTS
6,A,p6_A_D900,p6_A_D900_s17,17,NOT APPLICABLE,joint,9,train,plasma_cell,72,96,53,43,1.8113207547169812,4,17,DETERMINISTIC SAMPLER REPLAY VERIFIED AGAINST ALL LOGGED CLASS/UID/GROUP COUNTS
6,A,p6_A_D900,p6_A_D900_s17,17,NOT APPLICABLE,joint,9,train,histiocyte,72,85,50,35,1.7,4,33,DETERMINISTIC SAMPLER REPLAY VERIFIED AGAINST ALL LOGGED CLASS/UID/GROUP COUNTS
6,A,p6_A_D900,p6_A_D900_s17,17,NOT APPLICABLE,joint,9,train,melanophage,72,86,52,34,1.6538461538461537,5,24,DETERMINISTIC SAMPLER REPLAY VERIFIED AGAINST ALL LOGGED CLASS/UID/GROUP COUNTS
6,A,p6_A_D900,p6_A_D900_s17,17,NOT APPLICABLE,joint,9,train,neutrophil,72,87,50,37,1.74,4,8,DETERMINISTIC SAMPLER REPLAY VERIFIED AGAINST ALL LOGGED CLASS/UID/GROUP COUNTS
6,A,p6_A_D900,p6_A_D900_s17,17,NOT APPLICABLE,joint,9,train,stroma,72,100,57,43,1.7543859649122806,4,45,DETERMINISTIC SAMPLER REPLAY VERIFIED AGAINST ALL LOGGED CLASS/UID/GROUP COUNTS
6,A,p6_A_D900,p6_A_D900_s17,17,NOT APPLICABLE,joint,9,train,epithelium,72,90,55,35,1.6363636363636365,6,10,DETERMINISTIC SAMPLER REPLAY VERIFIED AGAINST ALL LOGGED CLASS/UID/GROUP COUNTS
6,A,p6_A_D900,p6_A_D900_s17,17,NOT APPLICABLE,joint,9,train,endothelium,72,95,52,43,1.8269230769230769,5,37,DETERMINISTIC SAMPLER REPLAY VERIFIED AGAINST ALL LOGGED CLASS/UID/GROUP COUNTS
6,A,p6_A_D900,p6_A_D900_s17,17,NOT APPLICABLE,joint,9,train,apoptosis,72,94,52,42,1.8076923076923077,4,35,DETERMINISTIC SAMPLER REPLAY VERIFIED AGAINST ALL LOGGED CLASS/UID/GROUP COUNTS
6,A,p6_A_D900,p6_A_D900_s17,17,NOT APPLICABLE,joint,10,train,tumor,213,86,64,22,1.34375,4,38,DETERMINISTIC SAMPLER REPLAY VERIFIED AGAINST ALL LOGGED CLASS/UID/GROUP COUNTS
6,A,p6_A_D900,p6_A_D900_s17,17,NOT APPLICABLE,joint,10,train,lymphocyte,111,96,66,30,1.4545454545454546,4,49,DETERMINISTIC SAMPLER REPLAY VERIFIED AGAINST ALL LOGGED CLASS/UID/GROUP COUNTS
6,A,p6_A_D900,p6_A_D900_s17,17,NOT APPLICABLE,joint,10,train,plasma_cell,72,78,49,29,1.5918367346938775,3,13,DETERMINISTIC SAMPLER REPLAY VERIFIED AGAINST ALL LOGGED CLASS/UID/GROUP COUNTS
6,A,p6_A_D900,p6_A_D900_s17,17,NOT APPLICABLE,joint,10,train,histiocyte,72,92,50,42,1.84,4,35,DETERMINISTIC SAMPLER REPLAY VERIFIED AGAINST ALL LOGGED CLASS/UID/GROUP COUNTS
6,A,p6_A_D900,p6_A_D900_s17,17,NOT APPLICABLE,joint,10,train,melanophage,72,101,53,48,1.9056603773584906,5,23,DETERMINISTIC SAMPLER REPLAY VERIFIED AGAINST ALL LOGGED CLASS/UID/GROUP COUNTS
6,A,p6_A_D900,p6_A_D900_s17,17,NOT APPLICABLE,joint,10,train,neutrophil,72,94,54,40,1.7407407407407407,3,8,DETERMINISTIC SAMPLER REPLAY VERIFIED AGAINST ALL LOGGED CLASS/UID/GROUP COUNTS
6,A,p6_A_D900,p6_A_D900_s17,17,NOT APPLICABLE,joint,10,train,stroma,72,82,47,35,1.7446808510638299,5,38,DETERMINISTIC SAMPLER REPLAY VERIFIED AGAINST ALL LOGGED CLASS/UID/GROUP COUNTS
6,A,p6_A_D900,p6_A_D900_s17,17,NOT APPLICABLE,joint,10,train,epithelium,72,81,51,30,1.588235294117647,4,10,DETERMINISTIC SAMPLER REPLAY VERIFIED AGAINST ALL LOGGED CLASS/UID/GROUP COUNTS
6,A,p6_A_D900,p6_A_D900_s17,17,NOT APPLICABLE,joint,10,train,endothelium,72,89,54,35,1.6481481481481481,4,37,DETERMINISTIC SAMPLER REPLAY VERIFIED AGAINST ALL LOGGED CLASS/UID/GROUP COUNTS
6,A,p6_A_D900,p6_A_D900_s17,17,NOT APPLICABLE,joint,10,train,apoptosis,72,101,54,47,1.8703703703703705,5,36,DETERMINISTIC SAMPLER REPLAY VERIFIED AGAINST ALL LOGGED CLASS/UID/GROUP COUNTS
6,A,p6_A_D900,p6_A_D900_s29,29,NOT APPLICABLE,joint,1,train,tumor,213,90,72,18,1.25,3,48,DETERMINISTIC SAMPLER REPLAY VERIFIED AGAINST ALL LOGGED CLASS/UID/GROUP COUNTS
6,A,p6_A_D900,p6_A_D900_s29,29,NOT APPLICABLE,joint,1,train,lymphocyte,111,82,58,24,1.4137931034482758,3,42,DETERMINISTIC SAMPLER REPLAY VERIFIED AGAINST ALL LOGGED CLASS/UID/GROUP COUNTS
6,A,p6_A_D900,p6_A_D900_s29,29,NOT APPLICABLE,joint,1,train,plasma_cell,72,89,50,39,1.78,5,13,DETERMINISTIC SAMPLER REPLAY VERIFIED AGAINST ALL LOGGED CLASS/UID/GROUP COUNTS
6,A,p6_A_D900,p6_A_D900_s29,29,NOT APPLICABLE,joint,1,train,histiocyte,72,92,56,36,1.6428571428571428,4,36,DETERMINISTIC SAMPLER REPLAY VERIFIED AGAINST ALL LOGGED CLASS/UID/GROUP COUNTS
6,A,p6_A_D900,p6_A_D900_s29,29,NOT APPLICABLE,joint,1,train,melanophage,72,99,54,45,1.8333333333333333,6,22,DETERMINISTIC SAMPLER REPLAY VERIFIED AGAINST ALL LOGGED CLASS/UID/GROUP COUNTS
6,A,p6_A_D900,p6_A_D900_s29,29,NOT APPLICABLE,joint,1,train,neutrophil,72,90,55,35,1.6363636363636365,4,8,DETERMINISTIC SAMPLER REPLAY VERIFIED AGAINST ALL LOGGED CLASS/UID/GROUP COUNTS
6,A,p6_A_D900,p6_A_D900_s29,29,NOT APPLICABLE,joint,1,train,stroma,72,108,58,50,1.8620689655172413,5,42,DETERMINISTIC SAMPLER REPLAY VERIFIED AGAINST ALL LOGGED CLASS/UID/GROUP COUNTS
6,A,p6_A_D900,p6_A_D900_s29,29,NOT APPLICABLE,joint,1,train,epithelium,72,90,52,38,1.7307692307692308,5,10,DETERMINISTIC SAMPLER REPLAY VERIFIED AGAINST ALL LOGGED CLASS/UID/GROUP COUNTS
6,A,p6_A_D900,p6_A_D900_s29,29,NOT APPLICABLE,joint,1,train,endothelium,72,78,49,29,1.5918367346938775,4,36,DETERMINISTIC SAMPLER REPLAY VERIFIED AGAINST ALL LOGGED CLASS/UID/GROUP COUNTS
6,A,p6_A_D900,p6_A_D900_s29,29,NOT APPLICABLE,joint,1,train,apoptosis,72,82,53,29,1.5471698113207548,5,35,DETERMINISTIC SAMPLER REPLAY VERIFIED AGAINST ALL LOGGED CLASS/UID/GROUP COUNTS
6,A,p6_A_D900,p6_A_D900_s29,29,NOT APPLICABLE,joint,2,train,tumor,213,87,66,21,1.3181818181818181,3,48,DETERMINISTIC SAMPLER REPLAY VERIFIED AGAINST ALL LOGGED CLASS/UID/GROUP COUNTS
6,A,p6_A_D900,p6_A_D900_s29,29,NOT APPLICABLE,joint,2,train,lymphocyte,111,90,66,24,1.3636363636363635,4,47,DETERMINISTIC SAMPLER REPLAY VERIFIED AGAINST ALL LOGGED CLASS/UID/GROUP COUNTS
6,A,p6_A_D900,p6_A_D900_s29,29,NOT APPLICABLE,joint,2,train,plasma_cell,72,98,58,40,1.6896551724137931,3,16,DETERMINISTIC SAMPLER REPLAY VERIFIED AGAINST ALL LOGGED CLASS/UID/GROUP COUNTS
6,A,p6_A_D900,p6_A_D900_s29,29,NOT APPLICABLE,joint,2,train,histiocyte,72,98,58,40,1.6896551724137931,4,34,DETERMINISTIC SAMPLER REPLAY VERIFIED AGAINST ALL LOGGED CLASS/UID/GROUP COUNTS
6,A,p6_A_D900,p6_A_D900_s29,29,NOT APPLICABLE,joint,2,train,melanophage,72,73,45,28,1.6222222222222222,4,22,DETERMINISTIC SAMPLER REPLAY VERIFIED AGAINST ALL LOGGED CLASS/UID/GROUP COUNTS
6,A,p6_A_D900,p6_A_D900_s29,29,NOT APPLICABLE,joint,2,train,neutrophil,72,80,51,29,1.5686274509803921,4,7,DETERMINISTIC SAMPLER REPLAY VERIFIED AGAINST ALL LOGGED CLASS/UID/GROUP COUNTS
6,A,p6_A_D900,p6_A_D900_s29,29,NOT APPLICABLE,joint,2,train,stroma,72,85,51,34,1.6666666666666667,4,40,DETERMINISTIC SAMPLER REPLAY VERIFIED AGAINST ALL LOGGED CLASS/UID/GROUP COUNTS
6,A,p6_A_D900,p6_A_D900_s29,29,NOT APPLICABLE,joint,2,train,epithelium,72,93,54,39,1.7222222222222223,5,10,DETERMINISTIC SAMPLER REPLAY VERIFIED AGAINST ALL LOGGED CLASS/UID/GROUP COUNTS
6,A,p6_A_D900,p6_A_D900_s29,29,NOT APPLICABLE,joint,2,train,endothelium,72,107,54,53,1.9814814814814814,4,37,DETERMINISTIC SAMPLER REPLAY VERIFIED AGAINST ALL LOGGED CLASS/UID/GROUP COUNTS
6,A,p6_A_D900,p6_A_D900_s29,29,NOT APPLICABLE,joint,2,train,apoptosis,72,89,48,41,1.8541666666666667,6,32,DETERMINISTIC SAMPLER REPLAY VERIFIED AGAINST ALL LOGGED CLASS/UID/GROUP COUNTS
6,A,p6_A_D900,p6_A_D900_s29,29,NOT APPLICABLE,joint,3,train,tumor,213,78,61,17,1.278688524590164,4,39,DETERMINISTIC SAMPLER REPLAY VERIFIED AGAINST ALL LOGGED CLASS/UID/GROUP COUNTS
6,A,p6_A_D900,p6_A_D900_s29,29,NOT APPLICABLE,joint,3,train,lymphocyte,111,76,56,20,1.3571428571428572,4,42,DETERMINISTIC SAMPLER REPLAY VERIFIED AGAINST ALL LOGGED CLASS/UID/GROUP COUNTS
6,A,p6_A_D900,p6_A_D900_s29,29,NOT APPLICABLE,joint,3,train,plasma_cell,72,100,55,45,1.8181818181818181,5,15,DETERMINISTIC SAMPLER REPLAY VERIFIED AGAINST ALL LOGGED CLASS/UID/GROUP COUNTS
6,A,p6_A_D900,p6_A_D900_s29,29,NOT APPLICABLE,joint,3,train,histiocyte,72,82,47,35,1.7446808510638299,5,31,DETERMINISTIC SAMPLER REPLAY VERIFIED AGAINST ALL LOGGED CLASS/UID/GROUP COUNTS
6,A,p6_A_D900,p6_A_D900_s29,29,NOT APPLICABLE,joint,3,train,melanophage,72,85,55,30,1.5454545454545454,4,26,DETERMINISTIC SAMPLER REPLAY VERIFIED AGAINST ALL LOGGED CLASS/UID/GROUP COUNTS
6,A,p6_A_D900,p6_A_D900_s29,29,NOT APPLICABLE,joint,3,train,neutrophil,72,93,58,35,1.603448275862069,4,7,DETERMINISTIC SAMPLER REPLAY VERIFIED AGAINST ALL LOGGED CLASS/UID/GROUP COUNTS
6,A,p6_A_D900,p6_A_D900_s29,29,NOT APPLICABLE,joint,3,train,stroma,72,98,54,44,1.8148148148148149,5,43,DETERMINISTIC SAMPLER REPLAY VERIFIED AGAINST ALL LOGGED CLASS/UID/GROUP COUNTS
6,A,p6_A_D900,p6_A_D900_s29,29,NOT APPLICABLE,joint,3,train,epithelium,72,95,54,41,1.7592592592592593,5,10,DETERMINISTIC SAMPLER REPLAY VERIFIED AGAINST ALL LOGGED CLASS/UID/GROUP COUNTS
6,A,p6_A_D900,p6_A_D900_s29,29,NOT APPLICABLE,joint,3,train,endothelium,72,108,51,57,2.1176470588235294,5,36,DETERMINISTIC SAMPLER REPLAY VERIFIED AGAINST ALL LOGGED CLASS/UID/GROUP COUNTS
6,A,p6_A_D900,p6_A_D900_s29,29,NOT APPLICABLE,joint,3,train,apoptosis,72,85,53,32,1.6037735849056605,3,33,DETERMINISTIC SAMPLER REPLAY VERIFIED AGAINST ALL LOGGED CLASS/UID/GROUP COUNTS
6,A,p6_A_D900,p6_A_D900_s29,29,NOT APPLICABLE,joint,4,train,tumor,213,84,72,12,1.1666666666666667,3,44,DETERMINISTIC SAMPLER REPLAY VERIFIED AGAINST ALL LOGGED CLASS/UID/GROUP COUNTS
6,A,p6_A_D900,p6_A_D900_s29,29,NOT APPLICABLE,joint,4,train,lymphocyte,111,98,64,34,1.53125,5,48,DETERMINISTIC SAMPLER REPLAY VERIFIED AGAINST ALL LOGGED CLASS/UID/GROUP COUNTS
6,A,p6_A_D900,p6_A_D900_s29,29,NOT APPLICABLE,joint,4,train,plasma_cell,72,104,59,45,1.7627118644067796,4,17,DETERMINISTIC SAMPLER REPLAY VERIFIED AGAINST ALL LOGGED CLASS/UID/GROUP COUNTS
6,A,p6_A_D900,p6_A_D900_s29,29,NOT APPLICABLE,joint,4,train,histiocyte,72,88,52,36,1.6923076923076923,4,33,DETERMINISTIC SAMPLER REPLAY VERIFIED AGAINST ALL LOGGED CLASS/UID/GROUP COUNTS
6,A,p6_A_D900,p6_A_D900_s29,29,NOT APPLICABLE,joint,4,train,melanophage,72,91,51,40,1.7843137254901962,4,24,DETERMINISTIC SAMPLER REPLAY VERIFIED AGAINST ALL LOGGED CLASS/UID/GROUP COUNTS
6,A,p6_A_D900,p6_A_D900_s29,29,NOT APPLICABLE,joint,4,train,neutrophil,72,88,53,35,1.6603773584905661,4,7,DETERMINISTIC SAMPLER REPLAY VERIFIED AGAINST ALL LOGGED CLASS/UID/GROUP COUNTS
6,A,p6_A_D900,p6_A_D900_s29,29,NOT APPLICABLE,joint,4,train,stroma,72,88,49,39,1.7959183673469388,4,40,DETERMINISTIC SAMPLER REPLAY VERIFIED AGAINST ALL LOGGED CLASS/UID/GROUP COUNTS
6,A,p6_A_D900,p6_A_D900_s29,29,NOT APPLICABLE,joint,4,train,epithelium,72,99,57,42,1.736842105263158,4,10,DETERMINISTIC SAMPLER REPLAY VERIFIED AGAINST ALL LOGGED CLASS/UID/GROUP COUNTS
6,A,p6_A_D900,p6_A_D900_s29,29,NOT APPLICABLE,joint,4,train,endothelium,72,81,47,34,1.7234042553191489,4,35,DETERMINISTIC SAMPLER REPLAY VERIFIED AGAINST ALL LOGGED CLASS/UID/GROUP COUNTS
6,A,p6_A_D900,p6_A_D900_s29,29,NOT APPLICABLE,joint,4,train,apoptosis,72,79,52,27,1.5192307692307692,3,37,DETERMINISTIC SAMPLER REPLAY VERIFIED AGAINST ALL LOGGED CLASS/UID/GROUP COUNTS
6,A,p6_A_D900,p6_A_D900_s29,29,NOT APPLICABLE,joint,5,train,tumor,213,80,68,12,1.1764705882352942,3,45,DETERMINISTIC SAMPLER REPLAY VERIFIED AGAINST ALL LOGGED CLASS/UID/GROUP COUNTS
6,A,p6_A_D900,p6_A_D900_s29,29,NOT APPLICABLE,joint,5,train,lymphocyte,111,86,69,17,1.2463768115942029,3,46,DETERMINISTIC SAMPLER REPLAY VERIFIED AGAINST ALL LOGGED CLASS/UID/GROUP COUNTS
6,A,p6_A_D900,p6_A_D900_s29,29,NOT APPLICABLE,joint,5,train,plasma_cell,72,91,50,41,1.82,5,14,DETERMINISTIC SAMPLER REPLAY VERIFIED AGAINST ALL LOGGED CLASS/UID/GROUP COUNTS
6,A,p6_A_D900,p6_A_D900_s29,29,NOT APPLICABLE,joint,5,train,histiocyte,72,94,52,42,1.8076923076923077,4,35,DETERMINISTIC SAMPLER REPLAY VERIFIED AGAINST ALL LOGGED CLASS/UID/GROUP COUNTS
6,A,p6_A_D900,p6_A_D900_s29,29,NOT APPLICABLE,joint,5,train,melanophage,72,93,49,44,1.8979591836734695,5,23,DETERMINISTIC SAMPLER REPLAY VERIFIED AGAINST ALL LOGGED CLASS/UID/GROUP COUNTS
6,A,p6_A_D900,p6_A_D900_s29,29,NOT APPLICABLE,joint,5,train,neutrophil,72,91,52,39,1.75,5,7,DETERMINISTIC SAMPLER REPLAY VERIFIED AGAINST ALL LOGGED CLASS/UID/GROUP COUNTS
6,A,p6_A_D900,p6_A_D900_s29,29,NOT APPLICABLE,joint,5,train,stroma,72,82,52,30,1.5769230769230769,4,41,DETERMINISTIC SAMPLER REPLAY VERIFIED AGAINST ALL LOGGED CLASS/UID/GROUP COUNTS
6,A,p6_A_D900,p6_A_D900_s29,29,NOT APPLICABLE,joint,5,train,epithelium,72,101,51,50,1.9803921568627452,5,10,DETERMINISTIC SAMPLER REPLAY VERIFIED AGAINST ALL LOGGED CLASS/UID/GROUP COUNTS
6,A,p6_A_D900,p6_A_D900_s29,29,NOT APPLICABLE,joint,5,train,endothelium,72,85,48,37,1.7708333333333333,4,37,DETERMINISTIC SAMPLER REPLAY VERIFIED AGAINST ALL LOGGED CLASS/UID/GROUP COUNTS
6,A,p6_A_D900,p6_A_D900_s29,29,NOT APPLICABLE,joint,5,train,apoptosis,72,97,55,42,1.7636363636363637,6,36,DETERMINISTIC SAMPLER REPLAY VERIFIED AGAINST ALL LOGGED CLASS/UID/GROUP COUNTS
6,A,p6_A_D900,p6_A_D900_s29,29,NOT APPLICABLE,joint,6,train,tumor,213,99,77,22,1.2857142857142858,3,49,DETERMINISTIC SAMPLER REPLAY VERIFIED AGAINST ALL LOGGED CLASS/UID/GROUP COUNTS
6,A,p6_A_D900,p6_A_D900_s29,29,NOT APPLICABLE,joint,6,train,lymphocyte,111,87,61,26,1.4262295081967213,3,43,DETERMINISTIC SAMPLER REPLAY VERIFIED AGAINST ALL LOGGED CLASS/UID/GROUP COUNTS
6,A,p6_A_D900,p6_A_D900_s29,29,NOT APPLICABLE,joint,6,train,plasma_cell,72,75,44,31,1.7045454545454546,5,13,DETERMINISTIC SAMPLER REPLAY VERIFIED AGAINST ALL LOGGED CLASS/UID/GROUP COUNTS
6,A,p6_A_D900,p6_A_D900_s29,29,NOT APPLICABLE,joint,6,train,histiocyte,72,87,56,31,1.5535714285714286,3,36,DETERMINISTIC SAMPLER REPLAY VERIFIED AGAINST ALL LOGGED CLASS/UID/GROUP COUNTS
6,A,p6_A_D900,p6_A_D900_s29,29,NOT APPLICABLE,joint,6,train,melanophage,72,100,52,48,1.9230769230769231,5,23,DETERMINISTIC SAMPLER REPLAY VERIFIED AGAINST ALL LOGGED CLASS/UID/GROUP COUNTS
6,A,p6_A_D900,p6_A_D900_s29,29,NOT APPLICABLE,joint,6,train,neutrophil,72,104,53,51,1.9622641509433962,5,8,DETERMINISTIC SAMPLER REPLAY VERIFIED AGAINST ALL LOGGED CLASS/UID/GROUP COUNTS
6,A,p6_A_D900,p6_A_D900_s29,29,NOT APPLICABLE,joint,6,train,stroma,72,84,52,32,1.6153846153846154,4,39,DETERMINISTIC SAMPLER REPLAY VERIFIED AGAINST ALL LOGGED CLASS/UID/GROUP COUNTS
6,A,p6_A_D900,p6_A_D900_s29,29,NOT APPLICABLE,joint,6,train,epithelium,72,96,56,40,1.7142857142857142,4,10,DETERMINISTIC SAMPLER REPLAY VERIFIED AGAINST ALL LOGGED CLASS/UID/GROUP COUNTS
6,A,p6_A_D900,p6_A_D900_s29,29,NOT APPLICABLE,joint,6,train,endothelium,72,93,52,41,1.7884615384615385,4,36,DETERMINISTIC SAMPLER REPLAY VERIFIED AGAINST ALL LOGGED CLASS/UID/GROUP COUNTS
6,A,p6_A_D900,p6_A_D900_s29,29,NOT APPLICABLE,joint,6,train,apoptosis,72,75,49,26,1.530612244897959,4,32,DETERMINISTIC SAMPLER REPLAY VERIFIED AGAINST ALL LOGGED CLASS/UID/GROUP COUNTS
6,A,p6_A_D900,p6_A_D900_s29,29,NOT APPLICABLE,joint,7,train,tumor,213,84,68,16,1.2352941176470589,2,48,DETERMINISTIC SAMPLER REPLAY VERIFIED AGAINST ALL LOGGED CLASS/UID/GROUP COUNTS
6,A,p6_A_D900,p6_A_D900_s29,29,NOT APPLICABLE,joint,7,train,lymphocyte,111,89,62,27,1.435483870967742,4,44,DETERMINISTIC SAMPLER REPLAY VERIFIED AGAINST ALL LOGGED CLASS/UID/GROUP COUNTS
6,A,p6_A_D900,p6_A_D900_s29,29,NOT APPLICABLE,joint,7,train,plasma_cell,72,84,50,34,1.68,4,13,DETERMINISTIC SAMPLER REPLAY VERIFIED AGAINST ALL LOGGED CLASS/UID/GROUP COUNTS
6,A,p6_A_D900,p6_A_D900_s29,29,NOT APPLICABLE,joint,7,train,histiocyte,72,80,49,31,1.6326530612244898,4,31,DETERMINISTIC SAMPLER REPLAY VERIFIED AGAINST ALL LOGGED CLASS/UID/GROUP COUNTS
6,A,p6_A_D900,p6_A_D900_s29,29,NOT APPLICABLE,joint,7,train,melanophage,72,79,50,29,1.58,4,24,DETERMINISTIC SAMPLER REPLAY VERIFIED AGAINST ALL LOGGED CLASS/UID/GROUP COUNTS
6,A,p6_A_D900,p6_A_D900_s29,29,NOT APPLICABLE,joint,7,train,neutrophil,72,87,47,40,1.851063829787234,4,8,DETERMINISTIC SAMPLER REPLAY VERIFIED AGAINST ALL LOGGED CLASS/UID/GROUP COUNTS
6,A,p6_A_D900,p6_A_D900_s29,29,NOT APPLICABLE,joint,7,train,stroma,72,93,55,38,1.690909090909091,4,42,DETERMINISTIC SAMPLER REPLAY VERIFIED AGAINST ALL LOGGED CLASS/UID/GROUP COUNTS
6,A,p6_A_D900,p6_A_D900_s29,29,NOT APPLICABLE,joint,7,train,epithelium,72,105,51,54,2.0588235294117645,5,10,DETERMINISTIC SAMPLER REPLAY VERIFIED AGAINST ALL LOGGED CLASS/UID/GROUP COUNTS
6,A,p6_A_D900,p6_A_D900_s29,29,NOT APPLICABLE,joint,7,train,endothelium,72,91,55,36,1.6545454545454545,6,41,DETERMINISTIC SAMPLER REPLAY VERIFIED AGAINST ALL LOGGED CLASS/UID/GROUP COUNTS
6,A,p6_A_D900,p6_A_D900_s29,29,NOT APPLICABLE,joint,7,train,apoptosis,72,108,58,50,1.8620689655172413,6,35,DETERMINISTIC SAMPLER REPLAY VERIFIED AGAINST ALL LOGGED CLASS/UID/GROUP COUNTS
6,A,p6_A_D900,p6_A_D900_s29,29,NOT APPLICABLE,joint,8,train,tumor,213,85,70,15,1.2142857142857142,4,47,DETERMINISTIC SAMPLER REPLAY VERIFIED AGAINST ALL LOGGED CLASS/UID/GROUP COUNTS
6,A,p6_A_D900,p6_A_D900_s29,29,NOT APPLICABLE,joint,8,train,lymphocyte,111,89,63,26,1.4126984126984128,5,47,DETERMINISTIC SAMPLER REPLAY VERIFIED AGAINST ALL LOGGED CLASS/UID/GROUP COUNTS
6,A,p6_A_D900,p6_A_D900_s29,29,NOT APPLICABLE,joint,8,train,plasma_cell,72,85,52,33,1.6346153846153846,3,15,DETERMINISTIC SAMPLER REPLAY VERIFIED AGAINST ALL LOGGED CLASS/UID/GROUP COUNTS
6,A,p6_A_D900,p6_A_D900_s29,29,NOT APPLICABLE,joint,8,train,histiocyte,72,95,45,50,2.111111111111111,5,29,DETERMINISTIC SAMPLER REPLAY VERIFIED AGAINST ALL LOGGED CLASS/UID/GROUP COUNTS
6,A,p6_A_D900,p6_A_D900_s29,29,NOT APPLICABLE,joint,8,train,melanophage,72,111,58,53,1.9137931034482758,4,25,DETERMINISTIC SAMPLER REPLAY VERIFIED AGAINST ALL LOGGED CLASS/UID/GROUP COUNTS
6,A,p6_A_D900,p6_A_D900_s29,29,NOT APPLICABLE,joint,8,train,neutrophil,72,69,45,24,1.5333333333333334,5,7,DETERMINISTIC SAMPLER REPLAY VERIFIED AGAINST ALL LOGGED CLASS/UID/GROUP COUNTS
6,A,p6_A_D900,p6_A_D900_s29,29,NOT APPLICABLE,joint,8,train,stroma,72,84,51,33,1.6470588235294117,4,41,DETERMINISTIC SAMPLER REPLAY VERIFIED AGAINST ALL LOGGED CLASS/UID/GROUP COUNTS
6,A,p6_A_D900,p6_A_D900_s29,29,NOT APPLICABLE,joint,8,train,epithelium,72,97,49,48,1.9795918367346939,5,10,DETERMINISTIC SAMPLER REPLAY VERIFIED AGAINST ALL LOGGED CLASS/UID/GROUP COUNTS
6,A,p6_A_D900,p6_A_D900_s29,29,NOT APPLICABLE,joint,8,train,endothelium,72,96,53,43,1.8113207547169812,5,36,DETERMINISTIC SAMPLER REPLAY VERIFIED AGAINST ALL LOGGED CLASS/UID/GROUP COUNTS
6,A,p6_A_D900,p6_A_D900_s29,29,NOT APPLICABLE,joint,8,train,apoptosis,72,89,51,38,1.7450980392156863,5,33,DETERMINISTIC SAMPLER REPLAY VERIFIED AGAINST ALL LOGGED CLASS/UID/GROUP COUNTS
6,A,p6_A_D900,p6_A_D900_s29,29,NOT APPLICABLE,joint,9,train,tumor,213,89,74,15,1.2027027027027026,3,48,DETERMINISTIC SAMPLER REPLAY VERIFIED AGAINST ALL LOGGED CLASS/UID/GROUP COUNTS
6,A,p6_A_D900,p6_A_D900_s29,29,NOT APPLICABLE,joint,9,train,lymphocyte,111,84,63,21,1.3333333333333333,5,45,DETERMINISTIC SAMPLER REPLAY VERIFIED AGAINST ALL LOGGED CLASS/UID/GROUP COUNTS
6,A,p6_A_D900,p6_A_D900_s29,29,NOT APPLICABLE,joint,9,train,plasma_cell,72,102,58,44,1.7586206896551724,4,16,DETERMINISTIC SAMPLER REPLAY VERIFIED AGAINST ALL LOGGED CLASS/UID/GROUP COUNTS
6,A,p6_A_D900,p6_A_D900_s29,29,NOT APPLICABLE,joint,9,train,histiocyte,72,115,59,56,1.9491525423728813,5,36,DETERMINISTIC SAMPLER REPLAY VERIFIED AGAINST ALL LOGGED CLASS/UID/GROUP COUNTS
6,A,p6_A_D900,p6_A_D900_s29,29,NOT APPLICABLE,joint,9,train,melanophage,72,93,53,40,1.7547169811320755,4,24,DETERMINISTIC SAMPLER REPLAY VERIFIED AGAINST ALL LOGGED CLASS/UID/GROUP COUNTS
6,A,p6_A_D900,p6_A_D900_s29,29,NOT APPLICABLE,joint,9,train,neutrophil,72,90,54,36,1.6666666666666667,4,6,DETERMINISTIC SAMPLER REPLAY VERIFIED AGAINST ALL LOGGED CLASS/UID/GROUP COUNTS
6,A,p6_A_D900,p6_A_D900_s29,29,NOT APPLICABLE,joint,9,train,stroma,72,86,52,34,1.6538461538461537,5,41,DETERMINISTIC SAMPLER REPLAY VERIFIED AGAINST ALL LOGGED CLASS/UID/GROUP COUNTS
6,A,p6_A_D900,p6_A_D900_s29,29,NOT APPLICABLE,joint,9,train,epithelium,72,101,55,46,1.8363636363636364,5,10,DETERMINISTIC SAMPLER REPLAY VERIFIED AGAINST ALL LOGGED CLASS/UID/GROUP COUNTS
6,A,p6_A_D900,p6_A_D900_s29,29,NOT APPLICABLE,joint,9,train,endothelium,72,66,44,22,1.5,3,32,DETERMINISTIC SAMPLER REPLAY VERIFIED AGAINST ALL LOGGED CLASS/UID/GROUP COUNTS
6,A,p6_A_D900,p6_A_D900_s29,29,NOT APPLICABLE,joint,9,train,apoptosis,72,74,47,27,1.574468085106383,3,34,DETERMINISTIC SAMPLER REPLAY VERIFIED AGAINST ALL LOGGED CLASS/UID/GROUP COUNTS
6,A,p6_A_D900,p6_A_D900_s29,29,NOT APPLICABLE,joint,10,train,tumor,213,80,67,13,1.1940298507462686,3,42,DETERMINISTIC SAMPLER REPLAY VERIFIED AGAINST ALL LOGGED CLASS/UID/GROUP COUNTS
6,A,p6_A_D900,p6_A_D900_s29,29,NOT APPLICABLE,joint,10,train,lymphocyte,111,105,67,38,1.5671641791044777,4,47,DETERMINISTIC SAMPLER REPLAY VERIFIED AGAINST ALL LOGGED CLASS/UID/GROUP COUNTS
6,A,p6_A_D900,p6_A_D900_s29,29,NOT APPLICABLE,joint,10,train,plasma_cell,72,95,49,46,1.9387755102040816,6,17,DETERMINISTIC SAMPLER REPLAY VERIFIED AGAINST ALL LOGGED CLASS/UID/GROUP COUNTS
6,A,p6_A_D900,p6_A_D900_s29,29,NOT APPLICABLE,joint,10,train,histiocyte,72,94,48,46,1.9583333333333333,5,33,DETERMINISTIC SAMPLER REPLAY VERIFIED AGAINST ALL LOGGED CLASS/UID/GROUP COUNTS
6,A,p6_A_D900,p6_A_D900_s29,29,NOT APPLICABLE,joint,10,train,melanophage,72,92,52,40,1.7692307692307692,4,23,DETERMINISTIC SAMPLER REPLAY VERIFIED AGAINST ALL LOGGED CLASS/UID/GROUP COUNTS
6,A,p6_A_D900,p6_A_D900_s29,29,NOT APPLICABLE,joint,10,train,neutrophil,72,86,51,35,1.6862745098039216,4,7,DETERMINISTIC SAMPLER REPLAY VERIFIED AGAINST ALL LOGGED CLASS/UID/GROUP COUNTS
6,A,p6_A_D900,p6_A_D900_s29,29,NOT APPLICABLE,joint,10,train,stroma,72,102,57,45,1.7894736842105263,4,43,DETERMINISTIC SAMPLER REPLAY VERIFIED AGAINST ALL LOGGED CLASS/UID/GROUP COUNTS
6,A,p6_A_D900,p6_A_D900_s29,29,NOT APPLICABLE,joint,10,train,epithelium,72,90,50,40,1.8,4,10,DETERMINISTIC SAMPLER REPLAY VERIFIED AGAINST ALL LOGGED CLASS/UID/GROUP COUNTS
6,A,p6_A_D900,p6_A_D900_s29,29,NOT APPLICABLE,joint,10,train,endothelium,72,78,47,31,1.6595744680851063,4,32,DETERMINISTIC SAMPLER REPLAY VERIFIED AGAINST ALL LOGGED CLASS/UID/GROUP COUNTS
6,A,p6_A_D900,p6_A_D900_s29,29,NOT APPLICABLE,joint,10,train,apoptosis,72,78,44,34,1.7727272727272727,4,31,DETERMINISTIC SAMPLER REPLAY VERIFIED AGAINST ALL LOGGED CLASS/UID/GROUP COUNTS
6,A,p6_A_D900,p6_A_D900_s43,43,NOT APPLICABLE,joint,1,train,tumor,213,81,65,16,1.2461538461538462,3,43,DETERMINISTIC SAMPLER REPLAY VERIFIED AGAINST ALL LOGGED CLASS/UID/GROUP COUNTS
6,A,p6_A_D900,p6_A_D900_s43,43,NOT APPLICABLE,joint,1,train,lymphocyte,111,83,59,24,1.4067796610169492,4,45,DETERMINISTIC SAMPLER REPLAY VERIFIED AGAINST ALL LOGGED CLASS/UID/GROUP COUNTS
6,A,p6_A_D900,p6_A_D900_s43,43,NOT APPLICABLE,joint,1,train,plasma_cell,72,83,45,38,1.8444444444444446,4,16,DETERMINISTIC SAMPLER REPLAY VERIFIED AGAINST ALL LOGGED CLASS/UID/GROUP COUNTS
6,A,p6_A_D900,p6_A_D900_s43,43,NOT APPLICABLE,joint,1,train,histiocyte,72,91,56,35,1.625,5,36,DETERMINISTIC SAMPLER REPLAY VERIFIED AGAINST ALL LOGGED CLASS/UID/GROUP COUNTS
6,A,p6_A_D900,p6_A_D900_s43,43,NOT APPLICABLE,joint,1,train,melanophage,72,111,59,52,1.88135593220339,5,25,DETERMINISTIC SAMPLER REPLAY VERIFIED AGAINST ALL LOGGED CLASS/UID/GROUP COUNTS
6,A,p6_A_D900,p6_A_D900_s43,43,NOT APPLICABLE,joint,1,train,neutrophil,72,91,45,46,2.022222222222222,5,6,DETERMINISTIC SAMPLER REPLAY VERIFIED AGAINST ALL LOGGED CLASS/UID/GROUP COUNTS
6,A,p6_A_D900,p6_A_D900_s43,43,NOT APPLICABLE,joint,1,train,stroma,72,102,56,46,1.8214285714285714,5,43,DETERMINISTIC SAMPLER REPLAY VERIFIED AGAINST ALL LOGGED CLASS/UID/GROUP COUNTS
6,A,p6_A_D900,p6_A_D900_s43,43,NOT APPLICABLE,joint,1,train,epithelium,72,84,47,37,1.7872340425531914,4,10,DETERMINISTIC SAMPLER REPLAY VERIFIED AGAINST ALL LOGGED CLASS/UID/GROUP COUNTS
6,A,p6_A_D900,p6_A_D900_s43,43,NOT APPLICABLE,joint,1,train,endothelium,72,91,52,39,1.75,5,36,DETERMINISTIC SAMPLER REPLAY VERIFIED AGAINST ALL LOGGED CLASS/UID/GROUP COUNTS
6,A,p6_A_D900,p6_A_D900_s43,43,NOT APPLICABLE,joint,1,train,apoptosis,72,83,54,29,1.537037037037037,3,33,DETERMINISTIC SAMPLER REPLAY VERIFIED AGAINST ALL LOGGED CLASS/UID/GROUP COUNTS
6,A,p6_A_D900,p6_A_D900_s43,43,NOT APPLICABLE,joint,2,train,tumor,213,97,79,18,1.2278481012658229,3,52,DETERMINISTIC SAMPLER REPLAY VERIFIED AGAINST ALL LOGGED CLASS/UID/GROUP COUNTS
6,A,p6_A_D900,p6_A_D900_s43,43,NOT APPLICABLE,joint,2,train,lymphocyte,111,84,62,22,1.3548387096774193,3,47,DETERMINISTIC SAMPLER REPLAY VERIFIED AGAINST ALL LOGGED CLASS/UID/GROUP COUNTS
6,A,p6_A_D900,p6_A_D900_s43,43,NOT APPLICABLE,joint,2,train,plasma_cell,72,95,51,44,1.8627450980392157,7,13,DETERMINISTIC SAMPLER REPLAY VERIFIED AGAINST ALL LOGGED CLASS/UID/GROUP COUNTS
6,A,p6_A_D900,p6_A_D900_s43,43,NOT APPLICABLE,joint,2,train,histiocyte,72,87,53,34,1.6415094339622642,4,34,DETERMINISTIC SAMPLER REPLAY VERIFIED AGAINST ALL LOGGED CLASS/UID/GROUP COUNTS
6,A,p6_A_D900,p6_A_D900_s43,43,NOT APPLICABLE,joint,2,train,melanophage,72,94,51,43,1.8431372549019607,4,25,DETERMINISTIC SAMPLER REPLAY VERIFIED AGAINST ALL LOGGED CLASS/UID/GROUP COUNTS
6,A,p6_A_D900,p6_A_D900_s43,43,NOT APPLICABLE,joint,2,train,neutrophil,72,100,51,49,1.9607843137254901,5,7,DETERMINISTIC SAMPLER REPLAY VERIFIED AGAINST ALL LOGGED CLASS/UID/GROUP COUNTS
6,A,p6_A_D900,p6_A_D900_s43,43,NOT APPLICABLE,joint,2,train,stroma,72,83,48,35,1.7291666666666667,4,36,DETERMINISTIC SAMPLER REPLAY VERIFIED AGAINST ALL LOGGED CLASS/UID/GROUP COUNTS
6,A,p6_A_D900,p6_A_D900_s43,43,NOT APPLICABLE,joint,2,train,epithelium,72,81,53,28,1.528301886792453,4,10,DETERMINISTIC SAMPLER REPLAY VERIFIED AGAINST ALL LOGGED CLASS/UID/GROUP COUNTS
6,A,p6_A_D900,p6_A_D900_s43,43,NOT APPLICABLE,joint,2,train,endothelium,72,103,55,48,1.8727272727272728,6,39,DETERMINISTIC SAMPLER REPLAY VERIFIED AGAINST ALL LOGGED CLASS/UID/GROUP COUNTS
6,A,p6_A_D900,p6_A_D900_s43,43,NOT APPLICABLE,joint,2,train,apoptosis,72,76,49,27,1.5510204081632653,6,33,DETERMINISTIC SAMPLER REPLAY VERIFIED AGAINST ALL LOGGED CLASS/UID/GROUP COUNTS
6,A,p6_A_D900,p6_A_D900_s43,43,NOT APPLICABLE,joint,3,train,tumor,213,78,66,12,1.1818181818181819,3,40,DETERMINISTIC SAMPLER REPLAY VERIFIED AGAINST ALL LOGGED CLASS/UID/GROUP COUNTS
6,A,p6_A_D900,p6_A_D900_s43,43,NOT APPLICABLE,joint,3,train,lymphocyte,111,90,63,27,1.4285714285714286,4,43,DETERMINISTIC SAMPLER REPLAY VERIFIED AGAINST ALL LOGGED CLASS/UID/GROUP COUNTS
6,A,p6_A_D900,p6_A_D900_s43,43,NOT APPLICABLE,joint,3,train,plasma_cell,72,103,56,47,1.8392857142857142,5,15,DETERMINISTIC SAMPLER REPLAY VERIFIED AGAINST ALL LOGGED CLASS/UID/GROUP COUNTS
6,A,p6_A_D900,p6_A_D900_s43,43,NOT APPLICABLE,joint,3,train,histiocyte,72,102,55,47,1.8545454545454545,5,34,DETERMINISTIC SAMPLER REPLAY VERIFIED AGAINST ALL LOGGED CLASS/UID/GROUP COUNTS
6,A,p6_A_D900,p6_A_D900_s43,43,NOT APPLICABLE,joint,3,train,melanophage,72,96,54,42,1.7777777777777777,5,22,DETERMINISTIC SAMPLER REPLAY VERIFIED AGAINST ALL LOGGED CLASS/UID/GROUP COUNTS
6,A,p6_A_D900,p6_A_D900_s43,43,NOT APPLICABLE,joint,3,train,neutrophil,72,80,45,35,1.7777777777777777,6,8,DETERMINISTIC SAMPLER REPLAY VERIFIED AGAINST ALL LOGGED CLASS/UID/GROUP COUNTS
6,A,p6_A_D900,p6_A_D900_s43,43,NOT APPLICABLE,joint,3,train,stroma,72,75,50,25,1.5,5,38,DETERMINISTIC SAMPLER REPLAY VERIFIED AGAINST ALL LOGGED CLASS/UID/GROUP COUNTS
6,A,p6_A_D900,p6_A_D900_s43,43,NOT APPLICABLE,joint,3,train,epithelium,72,90,56,34,1.6071428571428572,4,10,DETERMINISTIC SAMPLER REPLAY VERIFIED AGAINST ALL LOGGED CLASS/UID/GROUP COUNTS
6,A,p6_A_D900,p6_A_D900_s43,43,NOT APPLICABLE,joint,3,train,endothelium,72,82,50,32,1.64,3,36,DETERMINISTIC SAMPLER REPLAY VERIFIED AGAINST ALL LOGGED CLASS/UID/GROUP COUNTS
6,A,p6_A_D900,p6_A_D900_s43,43,NOT APPLICABLE,joint,3,train,apoptosis,72,104,58,46,1.793103448275862,6,35,DETERMINISTIC SAMPLER REPLAY VERIFIED AGAINST ALL LOGGED CLASS/UID/GROUP COUNTS
6,A,p6_A_D900,p6_A_D900_s43,43,NOT APPLICABLE,joint,4,train,tumor,213,89,71,18,1.2535211267605635,3,44,DETERMINISTIC SAMPLER REPLAY VERIFIED AGAINST ALL LOGGED CLASS/UID/GROUP COUNTS
6,A,p6_A_D900,p6_A_D900_s43,43,NOT APPLICABLE,joint,4,train,lymphocyte,111,89,59,30,1.5084745762711864,3,43,DETERMINISTIC SAMPLER REPLAY VERIFIED AGAINST ALL LOGGED CLASS/UID/GROUP COUNTS
6,A,p6_A_D900,p6_A_D900_s43,43,NOT APPLICABLE,joint,4,train,plasma_cell,72,100,53,47,1.8867924528301887,4,13,DETERMINISTIC SAMPLER REPLAY VERIFIED AGAINST ALL LOGGED CLASS/UID/GROUP COUNTS
6,A,p6_A_D900,p6_A_D900_s43,43,NOT APPLICABLE,joint,4,train,histiocyte,72,85,51,34,1.6666666666666667,4,34,DETERMINISTIC SAMPLER REPLAY VERIFIED AGAINST ALL LOGGED CLASS/UID/GROUP COUNTS
6,A,p6_A_D900,p6_A_D900_s43,43,NOT APPLICABLE,joint,4,train,melanophage,72,86,56,30,1.5357142857142858,4,24,DETERMINISTIC SAMPLER REPLAY VERIFIED AGAINST ALL LOGGED CLASS/UID/GROUP COUNTS
6,A,p6_A_D900,p6_A_D900_s43,43,NOT APPLICABLE,joint,4,train,neutrophil,72,80,50,30,1.6,4,8,DETERMINISTIC SAMPLER REPLAY VERIFIED AGAINST ALL LOGGED CLASS/UID/GROUP COUNTS
6,A,p6_A_D900,p6_A_D900_s43,43,NOT APPLICABLE,joint,4,train,stroma,72,87,46,41,1.891304347826087,7,35,DETERMINISTIC SAMPLER REPLAY VERIFIED AGAINST ALL LOGGED CLASS/UID/GROUP COUNTS
6,A,p6_A_D900,p6_A_D900_s43,43,NOT APPLICABLE,joint,4,train,epithelium,72,95,52,43,1.8269230769230769,5,10,DETERMINISTIC SAMPLER REPLAY VERIFIED AGAINST ALL LOGGED CLASS/UID/GROUP COUNTS
6,A,p6_A_D900,p6_A_D900_s43,43,NOT APPLICABLE,joint,4,train,endothelium,72,95,51,44,1.8627450980392157,6,36,DETERMINISTIC SAMPLER REPLAY VERIFIED AGAINST ALL LOGGED CLASS/UID/GROUP COUNTS
6,A,p6_A_D900,p6_A_D900_s43,43,NOT APPLICABLE,joint,4,train,apoptosis,72,94,54,40,1.7407407407407407,4,33,DETERMINISTIC SAMPLER REPLAY VERIFIED AGAINST ALL LOGGED CLASS/UID/GROUP COUNTS
6,A,p6_A_D900,p6_A_D900_s43,43,NOT APPLICABLE,joint,5,train,tumor,213,103,83,20,1.2409638554216869,4,48,DETERMINISTIC SAMPLER REPLAY VERIFIED AGAINST ALL LOGGED CLASS/UID/GROUP COUNTS
6,A,p6_A_D900,p6_A_D900_s43,43,NOT APPLICABLE,joint,5,train,lymphocyte,111,77,51,26,1.5098039215686274,3,36,DETERMINISTIC SAMPLER REPLAY VERIFIED AGAINST ALL LOGGED CLASS/UID/GROUP COUNTS
6,A,p6_A_D900,p6_A_D900_s43,43,NOT APPLICABLE,joint,5,train,plasma_cell,72,89,47,42,1.8936170212765957,4,16,DETERMINISTIC SAMPLER REPLAY VERIFIED AGAINST ALL LOGGED CLASS/UID/GROUP COUNTS
6,A,p6_A_D900,p6_A_D900_s43,43,NOT APPLICABLE,joint,5,train,histiocyte,72,97,54,43,1.7962962962962963,4,35,DETERMINISTIC SAMPLER REPLAY VERIFIED AGAINST ALL LOGGED CLASS/UID/GROUP COUNTS
6,A,p6_A_D900,p6_A_D900_s43,43,NOT APPLICABLE,joint,5,train,melanophage,72,94,53,41,1.7735849056603774,5,25,DETERMINISTIC SAMPLER REPLAY VERIFIED AGAINST ALL LOGGED CLASS/UID/GROUP COUNTS
6,A,p6_A_D900,p6_A_D900_s43,43,NOT APPLICABLE,joint,5,train,neutrophil,72,89,49,40,1.816326530612245,3,6,DETERMINISTIC SAMPLER REPLAY VERIFIED AGAINST ALL LOGGED CLASS/UID/GROUP COUNTS
6,A,p6_A_D900,p6_A_D900_s43,43,NOT APPLICABLE,joint,5,train,stroma,72,80,45,35,1.7777777777777777,4,38,DETERMINISTIC SAMPLER REPLAY VERIFIED AGAINST ALL LOGGED CLASS/UID/GROUP COUNTS
6,A,p6_A_D900,p6_A_D900_s43,43,NOT APPLICABLE,joint,5,train,epithelium,72,84,52,32,1.6153846153846154,3,10,DETERMINISTIC SAMPLER REPLAY VERIFIED AGAINST ALL LOGGED CLASS/UID/GROUP COUNTS
6,A,p6_A_D900,p6_A_D900_s43,43,NOT APPLICABLE,joint,5,train,endothelium,72,93,58,35,1.603448275862069,4,36,DETERMINISTIC SAMPLER REPLAY VERIFIED AGAINST ALL LOGGED CLASS/UID/GROUP COUNTS
6,A,p6_A_D900,p6_A_D900_s43,43,NOT APPLICABLE,joint,5,train,apoptosis,72,94,56,38,1.6785714285714286,6,36,DETERMINISTIC SAMPLER REPLAY VERIFIED AGAINST ALL LOGGED CLASS/UID/GROUP COUNTS
6,A,p6_A_D900,p6_A_D900_s43,43,NOT APPLICABLE,joint,6,train,tumor,213,97,79,18,1.2278481012658229,3,49,DETERMINISTIC SAMPLER REPLAY VERIFIED AGAINST ALL LOGGED CLASS/UID/GROUP COUNTS
6,A,p6_A_D900,p6_A_D900_s43,43,NOT APPLICABLE,joint,6,train,lymphocyte,111,91,64,27,1.421875,3,47,DETERMINISTIC SAMPLER REPLAY VERIFIED AGAINST ALL LOGGED CLASS/UID/GROUP COUNTS
6,A,p6_A_D900,p6_A_D900_s43,43,NOT APPLICABLE,joint,6,train,plasma_cell,72,89,48,41,1.8541666666666667,5,13,DETERMINISTIC SAMPLER REPLAY VERIFIED AGAINST ALL LOGGED CLASS/UID/GROUP COUNTS
6,A,p6_A_D900,p6_A_D900_s43,43,NOT APPLICABLE,joint,6,train,histiocyte,72,85,50,35,1.7,3,32,DETERMINISTIC SAMPLER REPLAY VERIFIED AGAINST ALL LOGGED CLASS/UID/GROUP COUNTS
6,A,p6_A_D900,p6_A_D900_s43,43,NOT APPLICABLE,joint,6,train,melanophage,72,81,49,32,1.653061224489796,4,24,DETERMINISTIC SAMPLER REPLAY VERIFIED AGAINST ALL LOGGED CLASS/UID/GROUP COUNTS
6,A,p6_A_D900,p6_A_D900_s43,43,NOT APPLICABLE,joint,6,train,neutrophil,72,91,49,42,1.8571428571428572,5,7,DETERMINISTIC SAMPLER REPLAY VERIFIED AGAINST ALL LOGGED CLASS/UID/GROUP COUNTS
6,A,p6_A_D900,p6_A_D900_s43,43,NOT APPLICABLE,joint,6,train,stroma,72,80,48,32,1.6666666666666667,4,40,DETERMINISTIC SAMPLER REPLAY VERIFIED AGAINST ALL LOGGED CLASS/UID/GROUP COUNTS
6,A,p6_A_D900,p6_A_D900_s43,43,NOT APPLICABLE,joint,6,train,epithelium,72,93,54,39,1.7222222222222223,4,10,DETERMINISTIC SAMPLER REPLAY VERIFIED AGAINST ALL LOGGED CLASS/UID/GROUP COUNTS
6,A,p6_A_D900,p6_A_D900_s43,43,NOT APPLICABLE,joint,6,train,endothelium,72,90,54,36,1.6666666666666667,4,37,DETERMINISTIC SAMPLER REPLAY VERIFIED AGAINST ALL LOGGED CLASS/UID/GROUP COUNTS
6,A,p6_A_D900,p6_A_D900_s43,43,NOT APPLICABLE,joint,6,train,apoptosis,72,103,53,50,1.9433962264150944,5,35,DETERMINISTIC SAMPLER REPLAY VERIFIED AGAINST ALL LOGGED CLASS/UID/GROUP COUNTS
6,A,p6_A_D900,p6_A_D900_s43,43,NOT APPLICABLE,joint,7,train,tumor,213,96,74,22,1.2972972972972974,3,44,DETERMINISTIC SAMPLER REPLAY VERIFIED AGAINST ALL LOGGED CLASS/UID/GROUP COUNTS
6,A,p6_A_D900,p6_A_D900_s43,43,NOT APPLICABLE,joint,7,train,lymphocyte,111,80,59,21,1.3559322033898304,3,41,DETERMINISTIC SAMPLER REPLAY VERIFIED AGAINST ALL LOGGED CLASS/UID/GROUP COUNTS
6,A,p6_A_D900,p6_A_D900_s43,43,NOT APPLICABLE,joint,7,train,plasma_cell,72,93,48,45,1.9375,4,15,DETERMINISTIC SAMPLER REPLAY VERIFIED AGAINST ALL LOGGED CLASS/UID/GROUP COUNTS
6,A,p6_A_D900,p6_A_D900_s43,43,NOT APPLICABLE,joint,7,train,histiocyte,72,91,52,39,1.75,4,34,DETERMINISTIC SAMPLER REPLAY VERIFIED AGAINST ALL LOGGED CLASS/UID/GROUP COUNTS
6,A,p6_A_D900,p6_A_D900_s43,43,NOT APPLICABLE,joint,7,train,melanophage,72,91,50,41,1.82,6,24,DETERMINISTIC SAMPLER REPLAY VERIFIED AGAINST ALL LOGGED CLASS/UID/GROUP COUNTS
6,A,p6_A_D900,p6_A_D900_s43,43,NOT APPLICABLE,joint,7,train,neutrophil,72,110,56,54,1.9642857142857142,4,5,DETERMINISTIC SAMPLER REPLAY VERIFIED AGAINST ALL LOGGED CLASS/UID/GROUP COUNTS
6,A,p6_A_D900,p6_A_D900_s43,43,NOT APPLICABLE,joint,7,train,stroma,72,85,49,36,1.7346938775510203,5,40,DETERMINISTIC SAMPLER REPLAY VERIFIED AGAINST ALL LOGGED CLASS/UID/GROUP COUNTS
6,A,p6_A_D900,p6_A_D900_s43,43,NOT APPLICABLE,joint,7,train,epithelium,72,94,48,46,1.9583333333333333,6,10,DETERMINISTIC SAMPLER REPLAY VERIFIED AGAINST ALL LOGGED CLASS/UID/GROUP COUNTS
6,A,p6_A_D900,p6_A_D900_s43,43,NOT APPLICABLE,joint,7,train,endothelium,72,77,48,29,1.6041666666666667,5,34,DETERMINISTIC SAMPLER REPLAY VERIFIED AGAINST ALL LOGGED CLASS/UID/GROUP COUNTS
6,A,p6_A_D900,p6_A_D900_s43,43,NOT APPLICABLE,joint,7,train,apoptosis,72,83,45,38,1.8444444444444446,5,35,DETERMINISTIC SAMPLER REPLAY VERIFIED AGAINST ALL LOGGED CLASS/UID/GROUP COUNTS
6,A,p6_A_D900,p6_A_D900_s43,43,NOT APPLICABLE,joint,8,train,tumor,213,87,74,13,1.1756756756756757,3,47,DETERMINISTIC SAMPLER REPLAY VERIFIED AGAINST ALL LOGGED CLASS/UID/GROUP COUNTS
6,A,p6_A_D900,p6_A_D900_s43,43,NOT APPLICABLE,joint,8,train,lymphocyte,111,93,58,35,1.603448275862069,4,44,DETERMINISTIC SAMPLER REPLAY VERIFIED AGAINST ALL LOGGED CLASS/UID/GROUP COUNTS
6,A,p6_A_D900,p6_A_D900_s43,43,NOT APPLICABLE,joint,8,train,plasma_cell,72,100,55,45,1.8181818181818181,5,15,DETERMINISTIC SAMPLER REPLAY VERIFIED AGAINST ALL LOGGED CLASS/UID/GROUP COUNTS
6,A,p6_A_D900,p6_A_D900_s43,43,NOT APPLICABLE,joint,8,train,histiocyte,72,84,51,33,1.6470588235294117,4,34,DETERMINISTIC SAMPLER REPLAY VERIFIED AGAINST ALL LOGGED CLASS/UID/GROUP COUNTS
6,A,p6_A_D900,p6_A_D900_s43,43,NOT APPLICABLE,joint,8,train,melanophage,72,90,52,38,1.7307692307692308,6,26,DETERMINISTIC SAMPLER REPLAY VERIFIED AGAINST ALL LOGGED CLASS/UID/GROUP COUNTS
6,A,p6_A_D900,p6_A_D900_s43,43,NOT APPLICABLE,joint,8,train,neutrophil,72,81,49,32,1.653061224489796,5,6,DETERMINISTIC SAMPLER REPLAY VERIFIED AGAINST ALL LOGGED CLASS/UID/GROUP COUNTS
6,A,p6_A_D900,p6_A_D900_s43,43,NOT APPLICABLE,joint,8,train,stroma,72,98,52,46,1.8846153846153846,5,40,DETERMINISTIC SAMPLER REPLAY VERIFIED AGAINST ALL LOGGED CLASS/UID/GROUP COUNTS
6,A,p6_A_D900,p6_A_D900_s43,43,NOT APPLICABLE,joint,8,train,epithelium,72,93,52,41,1.7884615384615385,5,10,DETERMINISTIC SAMPLER REPLAY VERIFIED AGAINST ALL LOGGED CLASS/UID/GROUP COUNTS
6,A,p6_A_D900,p6_A_D900_s43,43,NOT APPLICABLE,joint,8,train,endothelium,72,84,49,35,1.7142857142857142,4,36,DETERMINISTIC SAMPLER REPLAY VERIFIED AGAINST ALL LOGGED CLASS/UID/GROUP COUNTS
6,A,p6_A_D900,p6_A_D900_s43,43,NOT APPLICABLE,joint,8,train,apoptosis,72,90,49,41,1.836734693877551,5,36,DETERMINISTIC SAMPLER REPLAY VERIFIED AGAINST ALL LOGGED CLASS/UID/GROUP COUNTS
6,A,p6_A_D900,p6_A_D900_s43,43,NOT APPLICABLE,joint,9,train,tumor,213,77,62,15,1.2419354838709677,3,41,DETERMINISTIC SAMPLER REPLAY VERIFIED AGAINST ALL LOGGED CLASS/UID/GROUP COUNTS
6,A,p6_A_D900,p6_A_D900_s43,43,NOT APPLICABLE,joint,9,train,lymphocyte,111,91,63,28,1.4444444444444444,3,45,DETERMINISTIC SAMPLER REPLAY VERIFIED AGAINST ALL LOGGED CLASS/UID/GROUP COUNTS
6,A,p6_A_D900,p6_A_D900_s43,43,NOT APPLICABLE,joint,9,train,plasma_cell,72,99,56,43,1.7678571428571428,5,15,DETERMINISTIC SAMPLER REPLAY VERIFIED AGAINST ALL LOGGED CLASS/UID/GROUP COUNTS
6,A,p6_A_D900,p6_A_D900_s43,43,NOT APPLICABLE,joint,9,train,histiocyte,72,103,53,50,1.9433962264150944,5,33,DETERMINISTIC SAMPLER REPLAY VERIFIED AGAINST ALL LOGGED CLASS/UID/GROUP COUNTS
6,A,p6_A_D900,p6_A_D900_s43,43,NOT APPLICABLE,joint,9,train,melanophage,72,101,59,42,1.7118644067796611,5,24,DETERMINISTIC SAMPLER REPLAY VERIFIED AGAINST ALL LOGGED CLASS/UID/GROUP COUNTS
6,A,p6_A_D900,p6_A_D900_s43,43,NOT APPLICABLE,joint,9,train,neutrophil,72,90,50,40,1.8,4,6,DETERMINISTIC SAMPLER REPLAY VERIFIED AGAINST ALL LOGGED CLASS/UID/GROUP COUNTS
6,A,p6_A_D900,p6_A_D900_s43,43,NOT APPLICABLE,joint,9,train,stroma,72,80,46,34,1.7391304347826086,6,38,DETERMINISTIC SAMPLER REPLAY VERIFIED AGAINST ALL LOGGED CLASS/UID/GROUP COUNTS
6,A,p6_A_D900,p6_A_D900_s43,43,NOT APPLICABLE,joint,9,train,epithelium,72,78,45,33,1.7333333333333334,4,10,DETERMINISTIC SAMPLER REPLAY VERIFIED AGAINST ALL LOGGED CLASS/UID/GROUP COUNTS
6,A,p6_A_D900,p6_A_D900_s43,43,NOT APPLICABLE,joint,9,train,endothelium,72,88,54,34,1.6296296296296295,5,37,DETERMINISTIC SAMPLER REPLAY VERIFIED AGAINST ALL LOGGED CLASS/UID/GROUP COUNTS
6,A,p6_A_D900,p6_A_D900_s43,43,NOT APPLICABLE,joint,9,train,apoptosis,72,93,52,41,1.7884615384615385,4,34,DETERMINISTIC SAMPLER REPLAY VERIFIED AGAINST ALL LOGGED CLASS/UID/GROUP COUNTS
6,A,p6_A_D900,p6_A_D900_s43,43,NOT APPLICABLE,joint,10,train,tumor,213,95,78,17,1.2179487179487178,3,46,DETERMINISTIC SAMPLER REPLAY VERIFIED AGAINST ALL LOGGED CLASS/UID/GROUP COUNTS
6,A,p6_A_D900,p6_A_D900_s43,43,NOT APPLICABLE,joint,10,train,lymphocyte,111,83,59,24,1.4067796610169492,4,47,DETERMINISTIC SAMPLER REPLAY VERIFIED AGAINST ALL LOGGED CLASS/UID/GROUP COUNTS
6,A,p6_A_D900,p6_A_D900_s43,43,NOT APPLICABLE,joint,10,train,plasma_cell,72,89,50,39,1.78,5,16,DETERMINISTIC SAMPLER REPLAY VERIFIED AGAINST ALL LOGGED CLASS/UID/GROUP COUNTS
6,A,p6_A_D900,p6_A_D900_s43,43,NOT APPLICABLE,joint,10,train,histiocyte,72,88,51,37,1.7254901960784315,4,34,DETERMINISTIC SAMPLER REPLAY VERIFIED AGAINST ALL LOGGED CLASS/UID/GROUP COUNTS
6,A,p6_A_D900,p6_A_D900_s43,43,NOT APPLICABLE,joint,10,train,melanophage,72,92,52,40,1.7692307692307692,4,24,DETERMINISTIC SAMPLER REPLAY VERIFIED AGAINST ALL LOGGED CLASS/UID/GROUP COUNTS
6,A,p6_A_D900,p6_A_D900_s43,43,NOT APPLICABLE,joint,10,train,neutrophil,72,81,48,33,1.6875,5,6,DETERMINISTIC SAMPLER REPLAY VERIFIED AGAINST ALL LOGGED CLASS/UID/GROUP COUNTS
6,A,p6_A_D900,p6_A_D900_s43,43,NOT APPLICABLE,joint,10,train,stroma,72,91,53,38,1.7169811320754718,4,43,DETERMINISTIC SAMPLER REPLAY VERIFIED AGAINST ALL LOGGED CLASS/UID/GROUP COUNTS
6,A,p6_A_D900,p6_A_D900_s43,43,NOT APPLICABLE,joint,10,train,epithelium,72,83,50,33,1.66,4,10,DETERMINISTIC SAMPLER REPLAY VERIFIED AGAINST ALL LOGGED CLASS/UID/GROUP COUNTS
6,A,p6_A_D900,p6_A_D900_s43,43,NOT APPLICABLE,joint,10,train,endothelium,72,96,56,40,1.7142857142857142,5,38,DETERMINISTIC SAMPLER REPLAY VERIFIED AGAINST ALL LOGGED CLASS/UID/GROUP COUNTS
6,A,p6_A_D900,p6_A_D900_s43,43,NOT APPLICABLE,joint,10,train,apoptosis,72,102,50,52,2.04,5,32,DETERMINISTIC SAMPLER REPLAY VERIFIED AGAINST ALL LOGGED CLASS/UID/GROUP COUNTS
6,B,p6_B_AUG0,p6_B_AUG0_s17,17,NOT APPLICABLE,joint,1,train,tumor,213,84,70,14,1.2,3,50,DETERMINISTIC SAMPLER REPLAY VERIFIED AGAINST ALL LOGGED CLASS/UID/GROUP COUNTS
6,B,p6_B_AUG0,p6_B_AUG0_s17,17,NOT APPLICABLE,joint,1,train,lymphocyte,111,100,73,27,1.36986301369863,4,51,DETERMINISTIC SAMPLER REPLAY VERIFIED AGAINST ALL LOGGED CLASS/UID/GROUP COUNTS
6,B,p6_B_AUG0,p6_B_AUG0_s17,17,NOT APPLICABLE,joint,1,train,plasma_cell,72,89,51,38,1.7450980392156863,6,16,DETERMINISTIC SAMPLER REPLAY VERIFIED AGAINST ALL LOGGED CLASS/UID/GROUP COUNTS
6,B,p6_B_AUG0,p6_B_AUG0_s17,17,NOT APPLICABLE,joint,1,train,histiocyte,72,90,56,34,1.6071428571428572,5,35,DETERMINISTIC SAMPLER REPLAY VERIFIED AGAINST ALL LOGGED CLASS/UID/GROUP COUNTS
6,B,p6_B_AUG0,p6_B_AUG0_s17,17,NOT APPLICABLE,joint,1,train,melanophage,72,90,50,40,1.8,4,24,DETERMINISTIC SAMPLER REPLAY VERIFIED AGAINST ALL LOGGED CLASS/UID/GROUP COUNTS
6,B,p6_B_AUG0,p6_B_AUG0_s17,17,NOT APPLICABLE,joint,1,train,neutrophil,72,76,48,28,1.5833333333333333,4,7,DETERMINISTIC SAMPLER REPLAY VERIFIED AGAINST ALL LOGGED CLASS/UID/GROUP COUNTS
6,B,p6_B_AUG0,p6_B_AUG0_s17,17,NOT APPLICABLE,joint,1,train,stroma,72,83,47,36,1.7659574468085106,5,40,DETERMINISTIC SAMPLER REPLAY VERIFIED AGAINST ALL LOGGED CLASS/UID/GROUP COUNTS
6,B,p6_B_AUG0,p6_B_AUG0_s17,17,NOT APPLICABLE,joint,1,train,epithelium,72,97,55,42,1.7636363636363637,5,10,DETERMINISTIC SAMPLER REPLAY VERIFIED AGAINST ALL LOGGED CLASS/UID/GROUP COUNTS
6,B,p6_B_AUG0,p6_B_AUG0_s17,17,NOT APPLICABLE,joint,1,train,endothelium,72,100,56,44,1.7857142857142858,5,38,DETERMINISTIC SAMPLER REPLAY VERIFIED AGAINST ALL LOGGED CLASS/UID/GROUP COUNTS
6,B,p6_B_AUG0,p6_B_AUG0_s17,17,NOT APPLICABLE,joint,1,train,apoptosis,72,91,48,43,1.8958333333333333,4,35,DETERMINISTIC SAMPLER REPLAY VERIFIED AGAINST ALL LOGGED CLASS/UID/GROUP COUNTS
6,B,p6_B_AUG0,p6_B_AUG0_s17,17,NOT APPLICABLE,joint,2,train,tumor,213,102,82,20,1.2439024390243902,3,49,DETERMINISTIC SAMPLER REPLAY VERIFIED AGAINST ALL LOGGED CLASS/UID/GROUP COUNTS
6,B,p6_B_AUG0,p6_B_AUG0_s17,17,NOT APPLICABLE,joint,2,train,lymphocyte,111,86,59,27,1.4576271186440677,3,44,DETERMINISTIC SAMPLER REPLAY VERIFIED AGAINST ALL LOGGED CLASS/UID/GROUP COUNTS
6,B,p6_B_AUG0,p6_B_AUG0_s17,17,NOT APPLICABLE,joint,2,train,plasma_cell,72,85,47,38,1.8085106382978724,5,15,DETERMINISTIC SAMPLER REPLAY VERIFIED AGAINST ALL LOGGED CLASS/UID/GROUP COUNTS
6,B,p6_B_AUG0,p6_B_AUG0_s17,17,NOT APPLICABLE,joint,2,train,histiocyte,72,81,48,33,1.6875,5,32,DETERMINISTIC SAMPLER REPLAY VERIFIED AGAINST ALL LOGGED CLASS/UID/GROUP COUNTS
6,B,p6_B_AUG0,p6_B_AUG0_s17,17,NOT APPLICABLE,joint,2,train,melanophage,72,97,52,45,1.8653846153846154,5,26,DETERMINISTIC SAMPLER REPLAY VERIFIED AGAINST ALL LOGGED CLASS/UID/GROUP COUNTS
6,B,p6_B_AUG0,p6_B_AUG0_s17,17,NOT APPLICABLE,joint,2,train,neutrophil,72,86,50,36,1.72,5,7,DETERMINISTIC SAMPLER REPLAY VERIFIED AGAINST ALL LOGGED CLASS/UID/GROUP COUNTS
6,B,p6_B_AUG0,p6_B_AUG0_s17,17,NOT APPLICABLE,joint,2,train,stroma,72,85,49,36,1.7346938775510203,4,37,DETERMINISTIC SAMPLER REPLAY VERIFIED AGAINST ALL LOGGED CLASS/UID/GROUP COUNTS
6,B,p6_B_AUG0,p6_B_AUG0_s17,17,NOT APPLICABLE,joint,2,train,epithelium,72,89,53,36,1.679245283018868,4,10,DETERMINISTIC SAMPLER REPLAY VERIFIED AGAINST ALL LOGGED CLASS/UID/GROUP COUNTS
6,B,p6_B_AUG0,p6_B_AUG0_s17,17,NOT APPLICABLE,joint,2,train,endothelium,72,104,52,52,2.0,7,37,DETERMINISTIC SAMPLER REPLAY VERIFIED AGAINST ALL LOGGED CLASS/UID/GROUP COUNTS
6,B,p6_B_AUG0,p6_B_AUG0_s17,17,NOT APPLICABLE,joint,2,train,apoptosis,72,85,49,36,1.7346938775510203,4,35,DETERMINISTIC SAMPLER REPLAY VERIFIED AGAINST ALL LOGGED CLASS/UID/GROUP COUNTS
6,B,p6_B_AUG0,p6_B_AUG0_s17,17,NOT APPLICABLE,joint,3,train,tumor,213,112,82,30,1.3658536585365855,4,48,DETERMINISTIC SAMPLER REPLAY VERIFIED AGAINST ALL LOGGED CLASS/UID/GROUP COUNTS
6,B,p6_B_AUG0,p6_B_AUG0_s17,17,NOT APPLICABLE,joint,3,train,lymphocyte,111,80,61,19,1.3114754098360655,4,47,DETERMINISTIC SAMPLER REPLAY VERIFIED AGAINST ALL LOGGED CLASS/UID/GROUP COUNTS
6,B,p6_B_AUG0,p6_B_AUG0_s17,17,NOT APPLICABLE,joint,3,train,plasma_cell,72,98,54,44,1.8148148148148149,4,16,DETERMINISTIC SAMPLER REPLAY VERIFIED AGAINST ALL LOGGED CLASS/UID/GROUP COUNTS
6,B,p6_B_AUG0,p6_B_AUG0_s17,17,NOT APPLICABLE,joint,3,train,histiocyte,72,108,62,46,1.7419354838709677,6,36,DETERMINISTIC SAMPLER REPLAY VERIFIED AGAINST ALL LOGGED CLASS/UID/GROUP COUNTS
6,B,p6_B_AUG0,p6_B_AUG0_s17,17,NOT APPLICABLE,joint,3,train,melanophage,72,102,55,47,1.8545454545454545,5,22,DETERMINISTIC SAMPLER REPLAY VERIFIED AGAINST ALL LOGGED CLASS/UID/GROUP COUNTS
6,B,p6_B_AUG0,p6_B_AUG0_s17,17,NOT APPLICABLE,joint,3,train,neutrophil,72,77,49,28,1.5714285714285714,3,7,DETERMINISTIC SAMPLER REPLAY VERIFIED AGAINST ALL LOGGED CLASS/UID/GROUP COUNTS
6,B,p6_B_AUG0,p6_B_AUG0_s17,17,NOT APPLICABLE,joint,3,train,stroma,72,85,49,36,1.7346938775510203,5,37,DETERMINISTIC SAMPLER REPLAY VERIFIED AGAINST ALL LOGGED CLASS/UID/GROUP COUNTS
6,B,p6_B_AUG0,p6_B_AUG0_s17,17,NOT APPLICABLE,joint,3,train,epithelium,72,80,49,31,1.6326530612244898,3,10,DETERMINISTIC SAMPLER REPLAY VERIFIED AGAINST ALL LOGGED CLASS/UID/GROUP COUNTS
6,B,p6_B_AUG0,p6_B_AUG0_s17,17,NOT APPLICABLE,joint,3,train,endothelium,72,77,51,26,1.5098039215686274,5,36,DETERMINISTIC SAMPLER REPLAY VERIFIED AGAINST ALL LOGGED CLASS/UID/GROUP COUNTS
6,B,p6_B_AUG0,p6_B_AUG0_s17,17,NOT APPLICABLE,joint,3,train,apoptosis,72,81,50,31,1.62,4,34,DETERMINISTIC SAMPLER REPLAY VERIFIED AGAINST ALL LOGGED CLASS/UID/GROUP COUNTS
6,B,p6_B_AUG0,p6_B_AUG0_s17,17,NOT APPLICABLE,joint,4,train,tumor,213,92,71,21,1.295774647887324,3,42,DETERMINISTIC SAMPLER REPLAY VERIFIED AGAINST ALL LOGGED CLASS/UID/GROUP COUNTS
6,B,p6_B_AUG0,p6_B_AUG0_s17,17,NOT APPLICABLE,joint,4,train,lymphocyte,111,93,68,25,1.3676470588235294,3,46,DETERMINISTIC SAMPLER REPLAY VERIFIED AGAINST ALL LOGGED CLASS/UID/GROUP COUNTS
6,B,p6_B_AUG0,p6_B_AUG0_s17,17,NOT APPLICABLE,joint,4,train,plasma_cell,72,87,49,38,1.7755102040816326,4,15,DETERMINISTIC SAMPLER REPLAY VERIFIED AGAINST ALL LOGGED CLASS/UID/GROUP COUNTS
6,B,p6_B_AUG0,p6_B_AUG0_s17,17,NOT APPLICABLE,joint,4,train,histiocyte,72,92,53,39,1.7358490566037736,4,34,DETERMINISTIC SAMPLER REPLAY VERIFIED AGAINST ALL LOGGED CLASS/UID/GROUP COUNTS
6,B,p6_B_AUG0,p6_B_AUG0_s17,17,NOT APPLICABLE,joint,4,train,melanophage,72,75,50,25,1.5,3,26,DETERMINISTIC SAMPLER REPLAY VERIFIED AGAINST ALL LOGGED CLASS/UID/GROUP COUNTS
6,B,p6_B_AUG0,p6_B_AUG0_s17,17,NOT APPLICABLE,joint,4,train,neutrophil,72,110,57,53,1.9298245614035088,7,8,DETERMINISTIC SAMPLER REPLAY VERIFIED AGAINST ALL LOGGED CLASS/UID/GROUP COUNTS
6,B,p6_B_AUG0,p6_B_AUG0_s17,17,NOT APPLICABLE,joint,4,train,stroma,72,85,52,33,1.6346153846153846,3,42,DETERMINISTIC SAMPLER REPLAY VERIFIED AGAINST ALL LOGGED CLASS/UID/GROUP COUNTS
6,B,p6_B_AUG0,p6_B_AUG0_s17,17,NOT APPLICABLE,joint,4,train,epithelium,72,101,55,46,1.8363636363636364,5,10,DETERMINISTIC SAMPLER REPLAY VERIFIED AGAINST ALL LOGGED CLASS/UID/GROUP COUNTS
6,B,p6_B_AUG0,p6_B_AUG0_s17,17,NOT APPLICABLE,joint,4,train,endothelium,72,80,45,35,1.7777777777777777,4,34,DETERMINISTIC SAMPLER REPLAY VERIFIED AGAINST ALL LOGGED CLASS/UID/GROUP COUNTS
6,B,p6_B_AUG0,p6_B_AUG0_s17,17,NOT APPLICABLE,joint,4,train,apoptosis,72,85,46,39,1.8478260869565217,4,32,DETERMINISTIC SAMPLER REPLAY VERIFIED AGAINST ALL LOGGED CLASS/UID/GROUP COUNTS
6,B,p6_B_AUG0,p6_B_AUG0_s17,17,NOT APPLICABLE,joint,5,train,tumor,213,90,75,15,1.2,3,50,DETERMINISTIC SAMPLER REPLAY VERIFIED AGAINST ALL LOGGED CLASS/UID/GROUP COUNTS
6,B,p6_B_AUG0,p6_B_AUG0_s17,17,NOT APPLICABLE,joint,5,train,lymphocyte,111,81,59,22,1.3728813559322033,5,43,DETERMINISTIC SAMPLER REPLAY VERIFIED AGAINST ALL LOGGED CLASS/UID/GROUP COUNTS
6,B,p6_B_AUG0,p6_B_AUG0_s17,17,NOT APPLICABLE,joint,5,train,plasma_cell,72,108,51,57,2.1176470588235294,6,16,DETERMINISTIC SAMPLER REPLAY VERIFIED AGAINST ALL LOGGED CLASS/UID/GROUP COUNTS
6,B,p6_B_AUG0,p6_B_AUG0_s17,17,NOT APPLICABLE,joint,5,train,histiocyte,72,98,51,47,1.9215686274509804,5,33,DETERMINISTIC SAMPLER REPLAY VERIFIED AGAINST ALL LOGGED CLASS/UID/GROUP COUNTS
6,B,p6_B_AUG0,p6_B_AUG0_s17,17,NOT APPLICABLE,joint,5,train,melanophage,72,81,47,34,1.7234042553191489,6,24,DETERMINISTIC SAMPLER REPLAY VERIFIED AGAINST ALL LOGGED CLASS/UID/GROUP COUNTS
6,B,p6_B_AUG0,p6_B_AUG0_s17,17,NOT APPLICABLE,joint,5,train,neutrophil,72,78,46,32,1.6956521739130435,3,7,DETERMINISTIC SAMPLER REPLAY VERIFIED AGAINST ALL LOGGED CLASS/UID/GROUP COUNTS
6,B,p6_B_AUG0,p6_B_AUG0_s17,17,NOT APPLICABLE,joint,5,train,stroma,72,86,51,35,1.6862745098039216,4,40,DETERMINISTIC SAMPLER REPLAY VERIFIED AGAINST ALL LOGGED CLASS/UID/GROUP COUNTS
6,B,p6_B_AUG0,p6_B_AUG0_s17,17,NOT APPLICABLE,joint,5,train,epithelium,72,82,44,38,1.8636363636363635,4,10,DETERMINISTIC SAMPLER REPLAY VERIFIED AGAINST ALL LOGGED CLASS/UID/GROUP COUNTS
6,B,p6_B_AUG0,p6_B_AUG0_s17,17,NOT APPLICABLE,joint,5,train,endothelium,72,108,61,47,1.7704918032786885,5,38,DETERMINISTIC SAMPLER REPLAY VERIFIED AGAINST ALL LOGGED CLASS/UID/GROUP COUNTS
6,B,p6_B_AUG0,p6_B_AUG0_s17,17,NOT APPLICABLE,joint,5,train,apoptosis,72,88,51,37,1.7254901960784315,4,34,DETERMINISTIC SAMPLER REPLAY VERIFIED AGAINST ALL LOGGED CLASS/UID/GROUP COUNTS
6,B,p6_B_AUG0,p6_B_AUG0_s17,17,NOT APPLICABLE,joint,6,train,tumor,213,100,77,23,1.2987012987012987,3,52,DETERMINISTIC SAMPLER REPLAY VERIFIED AGAINST ALL LOGGED CLASS/UID/GROUP COUNTS
6,B,p6_B_AUG0,p6_B_AUG0_s17,17,NOT APPLICABLE,joint,6,train,lymphocyte,111,90,64,26,1.40625,4,47,DETERMINISTIC SAMPLER REPLAY VERIFIED AGAINST ALL LOGGED CLASS/UID/GROUP COUNTS
6,B,p6_B_AUG0,p6_B_AUG0_s17,17,NOT APPLICABLE,joint,6,train,plasma_cell,72,91,52,39,1.75,5,16,DETERMINISTIC SAMPLER REPLAY VERIFIED AGAINST ALL LOGGED CLASS/UID/GROUP COUNTS
6,B,p6_B_AUG0,p6_B_AUG0_s17,17,NOT APPLICABLE,joint,6,train,histiocyte,72,84,57,27,1.4736842105263157,3,36,DETERMINISTIC SAMPLER REPLAY VERIFIED AGAINST ALL LOGGED CLASS/UID/GROUP COUNTS
6,B,p6_B_AUG0,p6_B_AUG0_s17,17,NOT APPLICABLE,joint,6,train,melanophage,72,85,54,31,1.5740740740740742,3,23,DETERMINISTIC SAMPLER REPLAY VERIFIED AGAINST ALL LOGGED CLASS/UID/GROUP COUNTS
6,B,p6_B_AUG0,p6_B_AUG0_s17,17,NOT APPLICABLE,joint,6,train,neutrophil,72,90,51,39,1.7647058823529411,6,8,DETERMINISTIC SAMPLER REPLAY VERIFIED AGAINST ALL LOGGED CLASS/UID/GROUP COUNTS
6,B,p6_B_AUG0,p6_B_AUG0_s17,17,NOT APPLICABLE,joint,6,train,stroma,72,104,57,47,1.8245614035087718,4,42,DETERMINISTIC SAMPLER REPLAY VERIFIED AGAINST ALL LOGGED CLASS/UID/GROUP COUNTS
6,B,p6_B_AUG0,p6_B_AUG0_s17,17,NOT APPLICABLE,joint,6,train,epithelium,72,85,53,32,1.6037735849056605,4,10,DETERMINISTIC SAMPLER REPLAY VERIFIED AGAINST ALL LOGGED CLASS/UID/GROUP COUNTS
6,B,p6_B_AUG0,p6_B_AUG0_s17,17,NOT APPLICABLE,joint,6,train,endothelium,72,93,51,42,1.8235294117647058,5,36,DETERMINISTIC SAMPLER REPLAY VERIFIED AGAINST ALL LOGGED CLASS/UID/GROUP COUNTS
6,B,p6_B_AUG0,p6_B_AUG0_s17,17,NOT APPLICABLE,joint,6,train,apoptosis,72,78,48,30,1.625,4,33,DETERMINISTIC SAMPLER REPLAY VERIFIED AGAINST ALL LOGGED CLASS/UID/GROUP COUNTS
6,B,p6_B_AUG0,p6_B_AUG0_s17,17,NOT APPLICABLE,joint,7,train,tumor,213,95,78,17,1.2179487179487178,3,49,DETERMINISTIC SAMPLER REPLAY VERIFIED AGAINST ALL LOGGED CLASS/UID/GROUP COUNTS
6,B,p6_B_AUG0,p6_B_AUG0_s17,17,NOT APPLICABLE,joint,7,train,lymphocyte,111,70,54,16,1.2962962962962963,3,41,DETERMINISTIC SAMPLER REPLAY VERIFIED AGAINST ALL LOGGED CLASS/UID/GROUP COUNTS
6,B,p6_B_AUG0,p6_B_AUG0_s17,17,NOT APPLICABLE,joint,7,train,plasma_cell,72,88,48,40,1.8333333333333333,7,15,DETERMINISTIC SAMPLER REPLAY VERIFIED AGAINST ALL LOGGED CLASS/UID/GROUP COUNTS
6,B,p6_B_AUG0,p6_B_AUG0_s17,17,NOT APPLICABLE,joint,7,train,histiocyte,72,96,50,46,1.92,5,34,DETERMINISTIC SAMPLER REPLAY VERIFIED AGAINST ALL LOGGED CLASS/UID/GROUP COUNTS
6,B,p6_B_AUG0,p6_B_AUG0_s17,17,NOT APPLICABLE,joint,7,train,melanophage,72,89,51,38,1.7450980392156863,5,24,DETERMINISTIC SAMPLER REPLAY VERIFIED AGAINST ALL LOGGED CLASS/UID/GROUP COUNTS
6,B,p6_B_AUG0,p6_B_AUG0_s17,17,NOT APPLICABLE,joint,7,train,neutrophil,72,88,56,32,1.5714285714285714,5,8,DETERMINISTIC SAMPLER REPLAY VERIFIED AGAINST ALL LOGGED CLASS/UID/GROUP COUNTS
6,B,p6_B_AUG0,p6_B_AUG0_s17,17,NOT APPLICABLE,joint,7,train,stroma,72,98,51,47,1.9215686274509804,4,44,DETERMINISTIC SAMPLER REPLAY VERIFIED AGAINST ALL LOGGED CLASS/UID/GROUP COUNTS
6,B,p6_B_AUG0,p6_B_AUG0_s17,17,NOT APPLICABLE,joint,7,train,epithelium,72,91,47,44,1.9361702127659575,6,10,DETERMINISTIC SAMPLER REPLAY VERIFIED AGAINST ALL LOGGED CLASS/UID/GROUP COUNTS
6,B,p6_B_AUG0,p6_B_AUG0_s17,17,NOT APPLICABLE,joint,7,train,endothelium,72,105,59,46,1.7796610169491525,5,37,DETERMINISTIC SAMPLER REPLAY VERIFIED AGAINST ALL LOGGED CLASS/UID/GROUP COUNTS
6,B,p6_B_AUG0,p6_B_AUG0_s17,17,NOT APPLICABLE,joint,7,train,apoptosis,72,80,44,36,1.8181818181818181,4,30,DETERMINISTIC SAMPLER REPLAY VERIFIED AGAINST ALL LOGGED CLASS/UID/GROUP COUNTS
6,B,p6_B_AUG0,p6_B_AUG0_s17,17,NOT APPLICABLE,joint,8,train,tumor,213,99,75,24,1.32,3,48,DETERMINISTIC SAMPLER REPLAY VERIFIED AGAINST ALL LOGGED CLASS/UID/GROUP COUNTS
6,B,p6_B_AUG0,p6_B_AUG0_s17,17,NOT APPLICABLE,joint,8,train,lymphocyte,111,90,56,34,1.6071428571428572,4,42,DETERMINISTIC SAMPLER REPLAY VERIFIED AGAINST ALL LOGGED CLASS/UID/GROUP COUNTS
6,B,p6_B_AUG0,p6_B_AUG0_s17,17,NOT APPLICABLE,joint,8,train,plasma_cell,72,84,52,32,1.6153846153846154,4,14,DETERMINISTIC SAMPLER REPLAY VERIFIED AGAINST ALL LOGGED CLASS/UID/GROUP COUNTS
6,B,p6_B_AUG0,p6_B_AUG0_s17,17,NOT APPLICABLE,joint,8,train,histiocyte,72,89,48,41,1.8541666666666667,4,30,DETERMINISTIC SAMPLER REPLAY VERIFIED AGAINST ALL LOGGED CLASS/UID/GROUP COUNTS
6,B,p6_B_AUG0,p6_B_AUG0_s17,17,NOT APPLICABLE,joint,8,train,melanophage,72,100,52,48,1.9230769230769231,5,25,DETERMINISTIC SAMPLER REPLAY VERIFIED AGAINST ALL LOGGED CLASS/UID/GROUP COUNTS
6,B,p6_B_AUG0,p6_B_AUG0_s17,17,NOT APPLICABLE,joint,8,train,neutrophil,72,76,48,28,1.5833333333333333,4,6,DETERMINISTIC SAMPLER REPLAY VERIFIED AGAINST ALL LOGGED CLASS/UID/GROUP COUNTS
6,B,p6_B_AUG0,p6_B_AUG0_s17,17,NOT APPLICABLE,joint,8,train,stroma,72,79,50,29,1.58,3,39,DETERMINISTIC SAMPLER REPLAY VERIFIED AGAINST ALL LOGGED CLASS/UID/GROUP COUNTS
6,B,p6_B_AUG0,p6_B_AUG0_s17,17,NOT APPLICABLE,joint,8,train,epithelium,72,100,56,44,1.7857142857142858,4,10,DETERMINISTIC SAMPLER REPLAY VERIFIED AGAINST ALL LOGGED CLASS/UID/GROUP COUNTS
6,B,p6_B_AUG0,p6_B_AUG0_s17,17,NOT APPLICABLE,joint,8,train,endothelium,72,96,53,43,1.8113207547169812,5,38,DETERMINISTIC SAMPLER REPLAY VERIFIED AGAINST ALL LOGGED CLASS/UID/GROUP COUNTS
6,B,p6_B_AUG0,p6_B_AUG0_s17,17,NOT APPLICABLE,joint,8,train,apoptosis,72,87,50,37,1.74,5,37,DETERMINISTIC SAMPLER REPLAY VERIFIED AGAINST ALL LOGGED CLASS/UID/GROUP COUNTS
6,B,p6_B_AUG0,p6_B_AUG0_s17,17,NOT APPLICABLE,joint,9,train,tumor,213,92,81,11,1.1358024691358024,3,47,DETERMINISTIC SAMPLER REPLAY VERIFIED AGAINST ALL LOGGED CLASS/UID/GROUP COUNTS
6,B,p6_B_AUG0,p6_B_AUG0_s17,17,NOT APPLICABLE,joint,9,train,lymphocyte,111,75,54,21,1.3888888888888888,4,43,DETERMINISTIC SAMPLER REPLAY VERIFIED AGAINST ALL LOGGED CLASS/UID/GROUP COUNTS
6,B,p6_B_AUG0,p6_B_AUG0_s17,17,NOT APPLICABLE,joint,9,train,plasma_cell,72,96,53,43,1.8113207547169812,4,17,DETERMINISTIC SAMPLER REPLAY VERIFIED AGAINST ALL LOGGED CLASS/UID/GROUP COUNTS
6,B,p6_B_AUG0,p6_B_AUG0_s17,17,NOT APPLICABLE,joint,9,train,histiocyte,72,85,50,35,1.7,4,33,DETERMINISTIC SAMPLER REPLAY VERIFIED AGAINST ALL LOGGED CLASS/UID/GROUP COUNTS
6,B,p6_B_AUG0,p6_B_AUG0_s17,17,NOT APPLICABLE,joint,9,train,melanophage,72,86,52,34,1.6538461538461537,5,24,DETERMINISTIC SAMPLER REPLAY VERIFIED AGAINST ALL LOGGED CLASS/UID/GROUP COUNTS
6,B,p6_B_AUG0,p6_B_AUG0_s17,17,NOT APPLICABLE,joint,9,train,neutrophil,72,87,50,37,1.74,4,8,DETERMINISTIC SAMPLER REPLAY VERIFIED AGAINST ALL LOGGED CLASS/UID/GROUP COUNTS
6,B,p6_B_AUG0,p6_B_AUG0_s17,17,NOT APPLICABLE,joint,9,train,stroma,72,100,57,43,1.7543859649122806,4,45,DETERMINISTIC SAMPLER REPLAY VERIFIED AGAINST ALL LOGGED CLASS/UID/GROUP COUNTS
6,B,p6_B_AUG0,p6_B_AUG0_s17,17,NOT APPLICABLE,joint,9,train,epithelium,72,90,55,35,1.6363636363636365,6,10,DETERMINISTIC SAMPLER REPLAY VERIFIED AGAINST ALL LOGGED CLASS/UID/GROUP COUNTS
6,B,p6_B_AUG0,p6_B_AUG0_s17,17,NOT APPLICABLE,joint,9,train,endothelium,72,95,52,43,1.8269230769230769,5,37,DETERMINISTIC SAMPLER REPLAY VERIFIED AGAINST ALL LOGGED CLASS/UID/GROUP COUNTS
6,B,p6_B_AUG0,p6_B_AUG0_s17,17,NOT APPLICABLE,joint,9,train,apoptosis,72,94,52,42,1.8076923076923077,4,35,DETERMINISTIC SAMPLER REPLAY VERIFIED AGAINST ALL LOGGED CLASS/UID/GROUP COUNTS
6,B,p6_B_AUG0,p6_B_AUG0_s17,17,NOT APPLICABLE,joint,10,train,tumor,213,86,64,22,1.34375,4,38,DETERMINISTIC SAMPLER REPLAY VERIFIED AGAINST ALL LOGGED CLASS/UID/GROUP COUNTS
6,B,p6_B_AUG0,p6_B_AUG0_s17,17,NOT APPLICABLE,joint,10,train,lymphocyte,111,96,66,30,1.4545454545454546,4,49,DETERMINISTIC SAMPLER REPLAY VERIFIED AGAINST ALL LOGGED CLASS/UID/GROUP COUNTS
6,B,p6_B_AUG0,p6_B_AUG0_s17,17,NOT APPLICABLE,joint,10,train,plasma_cell,72,78,49,29,1.5918367346938775,3,13,DETERMINISTIC SAMPLER REPLAY VERIFIED AGAINST ALL LOGGED CLASS/UID/GROUP COUNTS
6,B,p6_B_AUG0,p6_B_AUG0_s17,17,NOT APPLICABLE,joint,10,train,histiocyte,72,92,50,42,1.84,4,35,DETERMINISTIC SAMPLER REPLAY VERIFIED AGAINST ALL LOGGED CLASS/UID/GROUP COUNTS
6,B,p6_B_AUG0,p6_B_AUG0_s17,17,NOT APPLICABLE,joint,10,train,melanophage,72,101,53,48,1.9056603773584906,5,23,DETERMINISTIC SAMPLER REPLAY VERIFIED AGAINST ALL LOGGED CLASS/UID/GROUP COUNTS
6,B,p6_B_AUG0,p6_B_AUG0_s17,17,NOT APPLICABLE,joint,10,train,neutrophil,72,94,54,40,1.7407407407407407,3,8,DETERMINISTIC SAMPLER REPLAY VERIFIED AGAINST ALL LOGGED CLASS/UID/GROUP COUNTS
6,B,p6_B_AUG0,p6_B_AUG0_s17,17,NOT APPLICABLE,joint,10,train,stroma,72,82,47,35,1.7446808510638299,5,38,DETERMINISTIC SAMPLER REPLAY VERIFIED AGAINST ALL LOGGED CLASS/UID/GROUP COUNTS
6,B,p6_B_AUG0,p6_B_AUG0_s17,17,NOT APPLICABLE,joint,10,train,epithelium,72,81,51,30,1.588235294117647,4,10,DETERMINISTIC SAMPLER REPLAY VERIFIED AGAINST ALL LOGGED CLASS/UID/GROUP COUNTS
6,B,p6_B_AUG0,p6_B_AUG0_s17,17,NOT APPLICABLE,joint,10,train,endothelium,72,89,54,35,1.6481481481481481,4,37,DETERMINISTIC SAMPLER REPLAY VERIFIED AGAINST ALL LOGGED CLASS/UID/GROUP COUNTS
6,B,p6_B_AUG0,p6_B_AUG0_s17,17,NOT APPLICABLE,joint,10,train,apoptosis,72,101,54,47,1.8703703703703705,5,36,DETERMINISTIC SAMPLER REPLAY VERIFIED AGAINST ALL LOGGED CLASS/UID/GROUP COUNTS
6,B,p6_B_AUG0,p6_B_AUG0_s29,29,NOT APPLICABLE,joint,1,train,tumor,213,90,72,18,1.25,3,48,DETERMINISTIC SAMPLER REPLAY VERIFIED AGAINST ALL LOGGED CLASS/UID/GROUP COUNTS
6,B,p6_B_AUG0,p6_B_AUG0_s29,29,NOT APPLICABLE,joint,1,train,lymphocyte,111,82,58,24,1.4137931034482758,3,42,DETERMINISTIC SAMPLER REPLAY VERIFIED AGAINST ALL LOGGED CLASS/UID/GROUP COUNTS
6,B,p6_B_AUG0,p6_B_AUG0_s29,29,NOT APPLICABLE,joint,1,train,plasma_cell,72,89,50,39,1.78,5,13,DETERMINISTIC SAMPLER REPLAY VERIFIED AGAINST ALL LOGGED CLASS/UID/GROUP COUNTS
6,B,p6_B_AUG0,p6_B_AUG0_s29,29,NOT APPLICABLE,joint,1,train,histiocyte,72,92,56,36,1.6428571428571428,4,36,DETERMINISTIC SAMPLER REPLAY VERIFIED AGAINST ALL LOGGED CLASS/UID/GROUP COUNTS
6,B,p6_B_AUG0,p6_B_AUG0_s29,29,NOT APPLICABLE,joint,1,train,melanophage,72,99,54,45,1.8333333333333333,6,22,DETERMINISTIC SAMPLER REPLAY VERIFIED AGAINST ALL LOGGED CLASS/UID/GROUP COUNTS
6,B,p6_B_AUG0,p6_B_AUG0_s29,29,NOT APPLICABLE,joint,1,train,neutrophil,72,90,55,35,1.6363636363636365,4,8,DETERMINISTIC SAMPLER REPLAY VERIFIED AGAINST ALL LOGGED CLASS/UID/GROUP COUNTS
6,B,p6_B_AUG0,p6_B_AUG0_s29,29,NOT APPLICABLE,joint,1,train,stroma,72,108,58,50,1.8620689655172413,5,42,DETERMINISTIC SAMPLER REPLAY VERIFIED AGAINST ALL LOGGED CLASS/UID/GROUP COUNTS
6,B,p6_B_AUG0,p6_B_AUG0_s29,29,NOT APPLICABLE,joint,1,train,epithelium,72,90,52,38,1.7307692307692308,5,10,DETERMINISTIC SAMPLER REPLAY VERIFIED AGAINST ALL LOGGED CLASS/UID/GROUP COUNTS
6,B,p6_B_AUG0,p6_B_AUG0_s29,29,NOT APPLICABLE,joint,1,train,endothelium,72,78,49,29,1.5918367346938775,4,36,DETERMINISTIC SAMPLER REPLAY VERIFIED AGAINST ALL LOGGED CLASS/UID/GROUP COUNTS
6,B,p6_B_AUG0,p6_B_AUG0_s29,29,NOT APPLICABLE,joint,1,train,apoptosis,72,82,53,29,1.5471698113207548,5,35,DETERMINISTIC SAMPLER REPLAY VERIFIED AGAINST ALL LOGGED CLASS/UID/GROUP COUNTS
6,B,p6_B_AUG0,p6_B_AUG0_s29,29,NOT APPLICABLE,joint,2,train,tumor,213,87,66,21,1.3181818181818181,3,48,DETERMINISTIC SAMPLER REPLAY VERIFIED AGAINST ALL LOGGED CLASS/UID/GROUP COUNTS
6,B,p6_B_AUG0,p6_B_AUG0_s29,29,NOT APPLICABLE,joint,2,train,lymphocyte,111,90,66,24,1.3636363636363635,4,47,DETERMINISTIC SAMPLER REPLAY VERIFIED AGAINST ALL LOGGED CLASS/UID/GROUP COUNTS
6,B,p6_B_AUG0,p6_B_AUG0_s29,29,NOT APPLICABLE,joint,2,train,plasma_cell,72,98,58,40,1.6896551724137931,3,16,DETERMINISTIC SAMPLER REPLAY VERIFIED AGAINST ALL LOGGED CLASS/UID/GROUP COUNTS
6,B,p6_B_AUG0,p6_B_AUG0_s29,29,NOT APPLICABLE,joint,2,train,histiocyte,72,98,58,40,1.6896551724137931,4,34,DETERMINISTIC SAMPLER REPLAY VERIFIED AGAINST ALL LOGGED CLASS/UID/GROUP COUNTS
6,B,p6_B_AUG0,p6_B_AUG0_s29,29,NOT APPLICABLE,joint,2,train,melanophage,72,73,45,28,1.6222222222222222,4,22,DETERMINISTIC SAMPLER REPLAY VERIFIED AGAINST ALL LOGGED CLASS/UID/GROUP COUNTS
6,B,p6_B_AUG0,p6_B_AUG0_s29,29,NOT APPLICABLE,joint,2,train,neutrophil,72,80,51,29,1.5686274509803921,4,7,DETERMINISTIC SAMPLER REPLAY VERIFIED AGAINST ALL LOGGED CLASS/UID/GROUP COUNTS
6,B,p6_B_AUG0,p6_B_AUG0_s29,29,NOT APPLICABLE,joint,2,train,stroma,72,85,51,34,1.6666666666666667,4,40,DETERMINISTIC SAMPLER REPLAY VERIFIED AGAINST ALL LOGGED CLASS/UID/GROUP COUNTS
6,B,p6_B_AUG0,p6_B_AUG0_s29,29,NOT APPLICABLE,joint,2,train,epithelium,72,93,54,39,1.7222222222222223,5,10,DETERMINISTIC SAMPLER REPLAY VERIFIED AGAINST ALL LOGGED CLASS/UID/GROUP COUNTS
6,B,p6_B_AUG0,p6_B_AUG0_s29,29,NOT APPLICABLE,joint,2,train,endothelium,72,107,54,53,1.9814814814814814,4,37,DETERMINISTIC SAMPLER REPLAY VERIFIED AGAINST ALL LOGGED CLASS/UID/GROUP COUNTS
6,B,p6_B_AUG0,p6_B_AUG0_s29,29,NOT APPLICABLE,joint,2,train,apoptosis,72,89,48,41,1.8541666666666667,6,32,DETERMINISTIC SAMPLER REPLAY VERIFIED AGAINST ALL LOGGED CLASS/UID/GROUP COUNTS
6,B,p6_B_AUG0,p6_B_AUG0_s29,29,NOT APPLICABLE,joint,3,train,tumor,213,78,61,17,1.278688524590164,4,39,DETERMINISTIC SAMPLER REPLAY VERIFIED AGAINST ALL LOGGED CLASS/UID/GROUP COUNTS
6,B,p6_B_AUG0,p6_B_AUG0_s29,29,NOT APPLICABLE,joint,3,train,lymphocyte,111,76,56,20,1.3571428571428572,4,42,DETERMINISTIC SAMPLER REPLAY VERIFIED AGAINST ALL LOGGED CLASS/UID/GROUP COUNTS
6,B,p6_B_AUG0,p6_B_AUG0_s29,29,NOT APPLICABLE,joint,3,train,plasma_cell,72,100,55,45,1.8181818181818181,5,15,DETERMINISTIC SAMPLER REPLAY VERIFIED AGAINST ALL LOGGED CLASS/UID/GROUP COUNTS
6,B,p6_B_AUG0,p6_B_AUG0_s29,29,NOT APPLICABLE,joint,3,train,histiocyte,72,82,47,35,1.7446808510638299,5,31,DETERMINISTIC SAMPLER REPLAY VERIFIED AGAINST ALL LOGGED CLASS/UID/GROUP COUNTS
6,B,p6_B_AUG0,p6_B_AUG0_s29,29,NOT APPLICABLE,joint,3,train,melanophage,72,85,55,30,1.5454545454545454,4,26,DETERMINISTIC SAMPLER REPLAY VERIFIED AGAINST ALL LOGGED CLASS/UID/GROUP COUNTS
6,B,p6_B_AUG0,p6_B_AUG0_s29,29,NOT APPLICABLE,joint,3,train,neutrophil,72,93,58,35,1.603448275862069,4,7,DETERMINISTIC SAMPLER REPLAY VERIFIED AGAINST ALL LOGGED CLASS/UID/GROUP COUNTS
6,B,p6_B_AUG0,p6_B_AUG0_s29,29,NOT APPLICABLE,joint,3,train,stroma,72,98,54,44,1.8148148148148149,5,43,DETERMINISTIC SAMPLER REPLAY VERIFIED AGAINST ALL LOGGED CLASS/UID/GROUP COUNTS
6,B,p6_B_AUG0,p6_B_AUG0_s29,29,NOT APPLICABLE,joint,3,train,epithelium,72,95,54,41,1.7592592592592593,5,10,DETERMINISTIC SAMPLER REPLAY VERIFIED AGAINST ALL LOGGED CLASS/UID/GROUP COUNTS
6,B,p6_B_AUG0,p6_B_AUG0_s29,29,NOT APPLICABLE,joint,3,train,endothelium,72,108,51,57,2.1176470588235294,5,36,DETERMINISTIC SAMPLER REPLAY VERIFIED AGAINST ALL LOGGED CLASS/UID/GROUP COUNTS
6,B,p6_B_AUG0,p6_B_AUG0_s29,29,NOT APPLICABLE,joint,3,train,apoptosis,72,85,53,32,1.6037735849056605,3,33,DETERMINISTIC SAMPLER REPLAY VERIFIED AGAINST ALL LOGGED CLASS/UID/GROUP COUNTS
6,B,p6_B_AUG0,p6_B_AUG0_s29,29,NOT APPLICABLE,joint,4,train,tumor,213,84,72,12,1.1666666666666667,3,44,DETERMINISTIC SAMPLER REPLAY VERIFIED AGAINST ALL LOGGED CLASS/UID/GROUP COUNTS
6,B,p6_B_AUG0,p6_B_AUG0_s29,29,NOT APPLICABLE,joint,4,train,lymphocyte,111,98,64,34,1.53125,5,48,DETERMINISTIC SAMPLER REPLAY VERIFIED AGAINST ALL LOGGED CLASS/UID/GROUP COUNTS
6,B,p6_B_AUG0,p6_B_AUG0_s29,29,NOT APPLICABLE,joint,4,train,plasma_cell,72,104,59,45,1.7627118644067796,4,17,DETERMINISTIC SAMPLER REPLAY VERIFIED AGAINST ALL LOGGED CLASS/UID/GROUP COUNTS
6,B,p6_B_AUG0,p6_B_AUG0_s29,29,NOT APPLICABLE,joint,4,train,histiocyte,72,88,52,36,1.6923076923076923,4,33,DETERMINISTIC SAMPLER REPLAY VERIFIED AGAINST ALL LOGGED CLASS/UID/GROUP COUNTS
6,B,p6_B_AUG0,p6_B_AUG0_s29,29,NOT APPLICABLE,joint,4,train,melanophage,72,91,51,40,1.7843137254901962,4,24,DETERMINISTIC SAMPLER REPLAY VERIFIED AGAINST ALL LOGGED CLASS/UID/GROUP COUNTS
6,B,p6_B_AUG0,p6_B_AUG0_s29,29,NOT APPLICABLE,joint,4,train,neutrophil,72,88,53,35,1.6603773584905661,4,7,DETERMINISTIC SAMPLER REPLAY VERIFIED AGAINST ALL LOGGED CLASS/UID/GROUP COUNTS
6,B,p6_B_AUG0,p6_B_AUG0_s29,29,NOT APPLICABLE,joint,4,train,stroma,72,88,49,39,1.7959183673469388,4,40,DETERMINISTIC SAMPLER REPLAY VERIFIED AGAINST ALL LOGGED CLASS/UID/GROUP COUNTS
6,B,p6_B_AUG0,p6_B_AUG0_s29,29,NOT APPLICABLE,joint,4,train,epithelium,72,99,57,42,1.736842105263158,4,10,DETERMINISTIC SAMPLER REPLAY VERIFIED AGAINST ALL LOGGED CLASS/UID/GROUP COUNTS
6,B,p6_B_AUG0,p6_B_AUG0_s29,29,NOT APPLICABLE,joint,4,train,endothelium,72,81,47,34,1.7234042553191489,4,35,DETERMINISTIC SAMPLER REPLAY VERIFIED AGAINST ALL LOGGED CLASS/UID/GROUP COUNTS
6,B,p6_B_AUG0,p6_B_AUG0_s29,29,NOT APPLICABLE,joint,4,train,apoptosis,72,79,52,27,1.5192307692307692,3,37,DETERMINISTIC SAMPLER REPLAY VERIFIED AGAINST ALL LOGGED CLASS/UID/GROUP COUNTS
6,B,p6_B_AUG0,p6_B_AUG0_s29,29,NOT APPLICABLE,joint,5,train,tumor,213,80,68,12,1.1764705882352942,3,45,DETERMINISTIC SAMPLER REPLAY VERIFIED AGAINST ALL LOGGED CLASS/UID/GROUP COUNTS
6,B,p6_B_AUG0,p6_B_AUG0_s29,29,NOT APPLICABLE,joint,5,train,lymphocyte,111,86,69,17,1.2463768115942029,3,46,DETERMINISTIC SAMPLER REPLAY VERIFIED AGAINST ALL LOGGED CLASS/UID/GROUP COUNTS
6,B,p6_B_AUG0,p6_B_AUG0_s29,29,NOT APPLICABLE,joint,5,train,plasma_cell,72,91,50,41,1.82,5,14,DETERMINISTIC SAMPLER REPLAY VERIFIED AGAINST ALL LOGGED CLASS/UID/GROUP COUNTS
6,B,p6_B_AUG0,p6_B_AUG0_s29,29,NOT APPLICABLE,joint,5,train,histiocyte,72,94,52,42,1.8076923076923077,4,35,DETERMINISTIC SAMPLER REPLAY VERIFIED AGAINST ALL LOGGED CLASS/UID/GROUP COUNTS
6,B,p6_B_AUG0,p6_B_AUG0_s29,29,NOT APPLICABLE,joint,5,train,melanophage,72,93,49,44,1.8979591836734695,5,23,DETERMINISTIC SAMPLER REPLAY VERIFIED AGAINST ALL LOGGED CLASS/UID/GROUP COUNTS
6,B,p6_B_AUG0,p6_B_AUG0_s29,29,NOT APPLICABLE,joint,5,train,neutrophil,72,91,52,39,1.75,5,7,DETERMINISTIC SAMPLER REPLAY VERIFIED AGAINST ALL LOGGED CLASS/UID/GROUP COUNTS
6,B,p6_B_AUG0,p6_B_AUG0_s29,29,NOT APPLICABLE,joint,5,train,stroma,72,82,52,30,1.5769230769230769,4,41,DETERMINISTIC SAMPLER REPLAY VERIFIED AGAINST ALL LOGGED CLASS/UID/GROUP COUNTS
6,B,p6_B_AUG0,p6_B_AUG0_s29,29,NOT APPLICABLE,joint,5,train,epithelium,72,101,51,50,1.9803921568627452,5,10,DETERMINISTIC SAMPLER REPLAY VERIFIED AGAINST ALL LOGGED CLASS/UID/GROUP COUNTS
6,B,p6_B_AUG0,p6_B_AUG0_s29,29,NOT APPLICABLE,joint,5,train,endothelium,72,85,48,37,1.7708333333333333,4,37,DETERMINISTIC SAMPLER REPLAY VERIFIED AGAINST ALL LOGGED CLASS/UID/GROUP COUNTS
6,B,p6_B_AUG0,p6_B_AUG0_s29,29,NOT APPLICABLE,joint,5,train,apoptosis,72,97,55,42,1.7636363636363637,6,36,DETERMINISTIC SAMPLER REPLAY VERIFIED AGAINST ALL LOGGED CLASS/UID/GROUP COUNTS
6,B,p6_B_AUG0,p6_B_AUG0_s29,29,NOT APPLICABLE,joint,6,train,tumor,213,99,77,22,1.2857142857142858,3,49,DETERMINISTIC SAMPLER REPLAY VERIFIED AGAINST ALL LOGGED CLASS/UID/GROUP COUNTS
6,B,p6_B_AUG0,p6_B_AUG0_s29,29,NOT APPLICABLE,joint,6,train,lymphocyte,111,87,61,26,1.4262295081967213,3,43,DETERMINISTIC SAMPLER REPLAY VERIFIED AGAINST ALL LOGGED CLASS/UID/GROUP COUNTS
6,B,p6_B_AUG0,p6_B_AUG0_s29,29,NOT APPLICABLE,joint,6,train,plasma_cell,72,75,44,31,1.7045454545454546,5,13,DETERMINISTIC SAMPLER REPLAY VERIFIED AGAINST ALL LOGGED CLASS/UID/GROUP COUNTS
6,B,p6_B_AUG0,p6_B_AUG0_s29,29,NOT APPLICABLE,joint,6,train,histiocyte,72,87,56,31,1.5535714285714286,3,36,DETERMINISTIC SAMPLER REPLAY VERIFIED AGAINST ALL LOGGED CLASS/UID/GROUP COUNTS
6,B,p6_B_AUG0,p6_B_AUG0_s29,29,NOT APPLICABLE,joint,6,train,melanophage,72,100,52,48,1.9230769230769231,5,23,DETERMINISTIC SAMPLER REPLAY VERIFIED AGAINST ALL LOGGED CLASS/UID/GROUP COUNTS
6,B,p6_B_AUG0,p6_B_AUG0_s29,29,NOT APPLICABLE,joint,6,train,neutrophil,72,104,53,51,1.9622641509433962,5,8,DETERMINISTIC SAMPLER REPLAY VERIFIED AGAINST ALL LOGGED CLASS/UID/GROUP COUNTS
6,B,p6_B_AUG0,p6_B_AUG0_s29,29,NOT APPLICABLE,joint,6,train,stroma,72,84,52,32,1.6153846153846154,4,39,DETERMINISTIC SAMPLER REPLAY VERIFIED AGAINST ALL LOGGED CLASS/UID/GROUP COUNTS
6,B,p6_B_AUG0,p6_B_AUG0_s29,29,NOT APPLICABLE,joint,6,train,epithelium,72,96,56,40,1.7142857142857142,4,10,DETERMINISTIC SAMPLER REPLAY VERIFIED AGAINST ALL LOGGED CLASS/UID/GROUP COUNTS
6,B,p6_B_AUG0,p6_B_AUG0_s29,29,NOT APPLICABLE,joint,6,train,endothelium,72,93,52,41,1.7884615384615385,4,36,DETERMINISTIC SAMPLER REPLAY VERIFIED AGAINST ALL LOGGED CLASS/UID/GROUP COUNTS
6,B,p6_B_AUG0,p6_B_AUG0_s29,29,NOT APPLICABLE,joint,6,train,apoptosis,72,75,49,26,1.530612244897959,4,32,DETERMINISTIC SAMPLER REPLAY VERIFIED AGAINST ALL LOGGED CLASS/UID/GROUP COUNTS
6,B,p6_B_AUG0,p6_B_AUG0_s29,29,NOT APPLICABLE,joint,7,train,tumor,213,84,68,16,1.2352941176470589,2,48,DETERMINISTIC SAMPLER REPLAY VERIFIED AGAINST ALL LOGGED CLASS/UID/GROUP COUNTS
6,B,p6_B_AUG0,p6_B_AUG0_s29,29,NOT APPLICABLE,joint,7,train,lymphocyte,111,89,62,27,1.435483870967742,4,44,DETERMINISTIC SAMPLER REPLAY VERIFIED AGAINST ALL LOGGED CLASS/UID/GROUP COUNTS
6,B,p6_B_AUG0,p6_B_AUG0_s29,29,NOT APPLICABLE,joint,7,train,plasma_cell,72,84,50,34,1.68,4,13,DETERMINISTIC SAMPLER REPLAY VERIFIED AGAINST ALL LOGGED CLASS/UID/GROUP COUNTS
6,B,p6_B_AUG0,p6_B_AUG0_s29,29,NOT APPLICABLE,joint,7,train,histiocyte,72,80,49,31,1.6326530612244898,4,31,DETERMINISTIC SAMPLER REPLAY VERIFIED AGAINST ALL LOGGED CLASS/UID/GROUP COUNTS
6,B,p6_B_AUG0,p6_B_AUG0_s29,29,NOT APPLICABLE,joint,7,train,melanophage,72,79,50,29,1.58,4,24,DETERMINISTIC SAMPLER REPLAY VERIFIED AGAINST ALL LOGGED CLASS/UID/GROUP COUNTS
6,B,p6_B_AUG0,p6_B_AUG0_s29,29,NOT APPLICABLE,joint,7,train,neutrophil,72,87,47,40,1.851063829787234,4,8,DETERMINISTIC SAMPLER REPLAY VERIFIED AGAINST ALL LOGGED CLASS/UID/GROUP COUNTS
6,B,p6_B_AUG0,p6_B_AUG0_s29,29,NOT APPLICABLE,joint,7,train,stroma,72,93,55,38,1.690909090909091,4,42,DETERMINISTIC SAMPLER REPLAY VERIFIED AGAINST ALL LOGGED CLASS/UID/GROUP COUNTS
6,B,p6_B_AUG0,p6_B_AUG0_s29,29,NOT APPLICABLE,joint,7,train,epithelium,72,105,51,54,2.0588235294117645,5,10,DETERMINISTIC SAMPLER REPLAY VERIFIED AGAINST ALL LOGGED CLASS/UID/GROUP COUNTS
6,B,p6_B_AUG0,p6_B_AUG0_s29,29,NOT APPLICABLE,joint,7,train,endothelium,72,91,55,36,1.6545454545454545,6,41,DETERMINISTIC SAMPLER REPLAY VERIFIED AGAINST ALL LOGGED CLASS/UID/GROUP COUNTS
6,B,p6_B_AUG0,p6_B_AUG0_s29,29,NOT APPLICABLE,joint,7,train,apoptosis,72,108,58,50,1.8620689655172413,6,35,DETERMINISTIC SAMPLER REPLAY VERIFIED AGAINST ALL LOGGED CLASS/UID/GROUP COUNTS
6,B,p6_B_AUG0,p6_B_AUG0_s29,29,NOT APPLICABLE,joint,8,train,tumor,213,85,70,15,1.2142857142857142,4,47,DETERMINISTIC SAMPLER REPLAY VERIFIED AGAINST ALL LOGGED CLASS/UID/GROUP COUNTS
6,B,p6_B_AUG0,p6_B_AUG0_s29,29,NOT APPLICABLE,joint,8,train,lymphocyte,111,89,63,26,1.4126984126984128,5,47,DETERMINISTIC SAMPLER REPLAY VERIFIED AGAINST ALL LOGGED CLASS/UID/GROUP COUNTS
6,B,p6_B_AUG0,p6_B_AUG0_s29,29,NOT APPLICABLE,joint,8,train,plasma_cell,72,85,52,33,1.6346153846153846,3,15,DETERMINISTIC SAMPLER REPLAY VERIFIED AGAINST ALL LOGGED CLASS/UID/GROUP COUNTS
6,B,p6_B_AUG0,p6_B_AUG0_s29,29,NOT APPLICABLE,joint,8,train,histiocyte,72,95,45,50,2.111111111111111,5,29,DETERMINISTIC SAMPLER REPLAY VERIFIED AGAINST ALL LOGGED CLASS/UID/GROUP COUNTS
6,B,p6_B_AUG0,p6_B_AUG0_s29,29,NOT APPLICABLE,joint,8,train,melanophage,72,111,58,53,1.9137931034482758,4,25,DETERMINISTIC SAMPLER REPLAY VERIFIED AGAINST ALL LOGGED CLASS/UID/GROUP COUNTS
6,B,p6_B_AUG0,p6_B_AUG0_s29,29,NOT APPLICABLE,joint,8,train,neutrophil,72,69,45,24,1.5333333333333334,5,7,DETERMINISTIC SAMPLER REPLAY VERIFIED AGAINST ALL LOGGED CLASS/UID/GROUP COUNTS
6,B,p6_B_AUG0,p6_B_AUG0_s29,29,NOT APPLICABLE,joint,8,train,stroma,72,84,51,33,1.6470588235294117,4,41,DETERMINISTIC SAMPLER REPLAY VERIFIED AGAINST ALL LOGGED CLASS/UID/GROUP COUNTS
6,B,p6_B_AUG0,p6_B_AUG0_s29,29,NOT APPLICABLE,joint,8,train,epithelium,72,97,49,48,1.9795918367346939,5,10,DETERMINISTIC SAMPLER REPLAY VERIFIED AGAINST ALL LOGGED CLASS/UID/GROUP COUNTS
6,B,p6_B_AUG0,p6_B_AUG0_s29,29,NOT APPLICABLE,joint,8,train,endothelium,72,96,53,43,1.8113207547169812,5,36,DETERMINISTIC SAMPLER REPLAY VERIFIED AGAINST ALL LOGGED CLASS/UID/GROUP COUNTS
6,B,p6_B_AUG0,p6_B_AUG0_s29,29,NOT APPLICABLE,joint,8,train,apoptosis,72,89,51,38,1.7450980392156863,5,33,DETERMINISTIC SAMPLER REPLAY VERIFIED AGAINST ALL LOGGED CLASS/UID/GROUP COUNTS
6,B,p6_B_AUG0,p6_B_AUG0_s29,29,NOT APPLICABLE,joint,9,train,tumor,213,89,74,15,1.2027027027027026,3,48,DETERMINISTIC SAMPLER REPLAY VERIFIED AGAINST ALL LOGGED CLASS/UID/GROUP COUNTS
6,B,p6_B_AUG0,p6_B_AUG0_s29,29,NOT APPLICABLE,joint,9,train,lymphocyte,111,84,63,21,1.3333333333333333,5,45,DETERMINISTIC SAMPLER REPLAY VERIFIED AGAINST ALL LOGGED CLASS/UID/GROUP COUNTS
6,B,p6_B_AUG0,p6_B_AUG0_s29,29,NOT APPLICABLE,joint,9,train,plasma_cell,72,102,58,44,1.7586206896551724,4,16,DETERMINISTIC SAMPLER REPLAY VERIFIED AGAINST ALL LOGGED CLASS/UID/GROUP COUNTS
6,B,p6_B_AUG0,p6_B_AUG0_s29,29,NOT APPLICABLE,joint,9,train,histiocyte,72,115,59,56,1.9491525423728813,5,36,DETERMINISTIC SAMPLER REPLAY VERIFIED AGAINST ALL LOGGED CLASS/UID/GROUP COUNTS
6,B,p6_B_AUG0,p6_B_AUG0_s29,29,NOT APPLICABLE,joint,9,train,melanophage,72,93,53,40,1.7547169811320755,4,24,DETERMINISTIC SAMPLER REPLAY VERIFIED AGAINST ALL LOGGED CLASS/UID/GROUP COUNTS
6,B,p6_B_AUG0,p6_B_AUG0_s29,29,NOT APPLICABLE,joint,9,train,neutrophil,72,90,54,36,1.6666666666666667,4,6,DETERMINISTIC SAMPLER REPLAY VERIFIED AGAINST ALL LOGGED CLASS/UID/GROUP COUNTS
6,B,p6_B_AUG0,p6_B_AUG0_s29,29,NOT APPLICABLE,joint,9,train,stroma,72,86,52,34,1.6538461538461537,5,41,DETERMINISTIC SAMPLER REPLAY VERIFIED AGAINST ALL LOGGED CLASS/UID/GROUP COUNTS
6,B,p6_B_AUG0,p6_B_AUG0_s29,29,NOT APPLICABLE,joint,9,train,epithelium,72,101,55,46,1.8363636363636364,5,10,DETERMINISTIC SAMPLER REPLAY VERIFIED AGAINST ALL LOGGED CLASS/UID/GROUP COUNTS
6,B,p6_B_AUG0,p6_B_AUG0_s29,29,NOT APPLICABLE,joint,9,train,endothelium,72,66,44,22,1.5,3,32,DETERMINISTIC SAMPLER REPLAY VERIFIED AGAINST ALL LOGGED CLASS/UID/GROUP COUNTS
6,B,p6_B_AUG0,p6_B_AUG0_s29,29,NOT APPLICABLE,joint,9,train,apoptosis,72,74,47,27,1.574468085106383,3,34,DETERMINISTIC SAMPLER REPLAY VERIFIED AGAINST ALL LOGGED CLASS/UID/GROUP COUNTS
6,B,p6_B_AUG0,p6_B_AUG0_s29,29,NOT APPLICABLE,joint,10,train,tumor,213,80,67,13,1.1940298507462686,3,42,DETERMINISTIC SAMPLER REPLAY VERIFIED AGAINST ALL LOGGED CLASS/UID/GROUP COUNTS
6,B,p6_B_AUG0,p6_B_AUG0_s29,29,NOT APPLICABLE,joint,10,train,lymphocyte,111,105,67,38,1.5671641791044777,4,47,DETERMINISTIC SAMPLER REPLAY VERIFIED AGAINST ALL LOGGED CLASS/UID/GROUP COUNTS
6,B,p6_B_AUG0,p6_B_AUG0_s29,29,NOT APPLICABLE,joint,10,train,plasma_cell,72,95,49,46,1.9387755102040816,6,17,DETERMINISTIC SAMPLER REPLAY VERIFIED AGAINST ALL LOGGED CLASS/UID/GROUP COUNTS
6,B,p6_B_AUG0,p6_B_AUG0_s29,29,NOT APPLICABLE,joint,10,train,histiocyte,72,94,48,46,1.9583333333333333,5,33,DETERMINISTIC SAMPLER REPLAY VERIFIED AGAINST ALL LOGGED CLASS/UID/GROUP COUNTS
6,B,p6_B_AUG0,p6_B_AUG0_s29,29,NOT APPLICABLE,joint,10,train,melanophage,72,92,52,40,1.7692307692307692,4,23,DETERMINISTIC SAMPLER REPLAY VERIFIED AGAINST ALL LOGGED CLASS/UID/GROUP COUNTS
6,B,p6_B_AUG0,p6_B_AUG0_s29,29,NOT APPLICABLE,joint,10,train,neutrophil,72,86,51,35,1.6862745098039216,4,7,DETERMINISTIC SAMPLER REPLAY VERIFIED AGAINST ALL LOGGED CLASS/UID/GROUP COUNTS
6,B,p6_B_AUG0,p6_B_AUG0_s29,29,NOT APPLICABLE,joint,10,train,stroma,72,102,57,45,1.7894736842105263,4,43,DETERMINISTIC SAMPLER REPLAY VERIFIED AGAINST ALL LOGGED CLASS/UID/GROUP COUNTS
6,B,p6_B_AUG0,p6_B_AUG0_s29,29,NOT APPLICABLE,joint,10,train,epithelium,72,90,50,40,1.8,4,10,DETERMINISTIC SAMPLER REPLAY VERIFIED AGAINST ALL LOGGED CLASS/UID/GROUP COUNTS
6,B,p6_B_AUG0,p6_B_AUG0_s29,29,NOT APPLICABLE,joint,10,train,endothelium,72,78,47,31,1.6595744680851063,4,32,DETERMINISTIC SAMPLER REPLAY VERIFIED AGAINST ALL LOGGED CLASS/UID/GROUP COUNTS
6,B,p6_B_AUG0,p6_B_AUG0_s29,29,NOT APPLICABLE,joint,10,train,apoptosis,72,78,44,34,1.7727272727272727,4,31,DETERMINISTIC SAMPLER REPLAY VERIFIED AGAINST ALL LOGGED CLASS/UID/GROUP COUNTS
6,B,p6_B_AUG0,p6_B_AUG0_s43,43,NOT APPLICABLE,joint,1,train,tumor,213,81,65,16,1.2461538461538462,3,43,DETERMINISTIC SAMPLER REPLAY VERIFIED AGAINST ALL LOGGED CLASS/UID/GROUP COUNTS
6,B,p6_B_AUG0,p6_B_AUG0_s43,43,NOT APPLICABLE,joint,1,train,lymphocyte,111,83,59,24,1.4067796610169492,4,45,DETERMINISTIC SAMPLER REPLAY VERIFIED AGAINST ALL LOGGED CLASS/UID/GROUP COUNTS
6,B,p6_B_AUG0,p6_B_AUG0_s43,43,NOT APPLICABLE,joint,1,train,plasma_cell,72,83,45,38,1.8444444444444446,4,16,DETERMINISTIC SAMPLER REPLAY VERIFIED AGAINST ALL LOGGED CLASS/UID/GROUP COUNTS
6,B,p6_B_AUG0,p6_B_AUG0_s43,43,NOT APPLICABLE,joint,1,train,histiocyte,72,91,56,35,1.625,5,36,DETERMINISTIC SAMPLER REPLAY VERIFIED AGAINST ALL LOGGED CLASS/UID/GROUP COUNTS
6,B,p6_B_AUG0,p6_B_AUG0_s43,43,NOT APPLICABLE,joint,1,train,melanophage,72,111,59,52,1.88135593220339,5,25,DETERMINISTIC SAMPLER REPLAY VERIFIED AGAINST ALL LOGGED CLASS/UID/GROUP COUNTS
6,B,p6_B_AUG0,p6_B_AUG0_s43,43,NOT APPLICABLE,joint,1,train,neutrophil,72,91,45,46,2.022222222222222,5,6,DETERMINISTIC SAMPLER REPLAY VERIFIED AGAINST ALL LOGGED CLASS/UID/GROUP COUNTS
6,B,p6_B_AUG0,p6_B_AUG0_s43,43,NOT APPLICABLE,joint,1,train,stroma,72,102,56,46,1.8214285714285714,5,43,DETERMINISTIC SAMPLER REPLAY VERIFIED AGAINST ALL LOGGED CLASS/UID/GROUP COUNTS
6,B,p6_B_AUG0,p6_B_AUG0_s43,43,NOT APPLICABLE,joint,1,train,epithelium,72,84,47,37,1.7872340425531914,4,10,DETERMINISTIC SAMPLER REPLAY VERIFIED AGAINST ALL LOGGED CLASS/UID/GROUP COUNTS
6,B,p6_B_AUG0,p6_B_AUG0_s43,43,NOT APPLICABLE,joint,1,train,endothelium,72,91,52,39,1.75,5,36,DETERMINISTIC SAMPLER REPLAY VERIFIED AGAINST ALL LOGGED CLASS/UID/GROUP COUNTS
6,B,p6_B_AUG0,p6_B_AUG0_s43,43,NOT APPLICABLE,joint,1,train,apoptosis,72,83,54,29,1.537037037037037,3,33,DETERMINISTIC SAMPLER REPLAY VERIFIED AGAINST ALL LOGGED CLASS/UID/GROUP COUNTS
6,B,p6_B_AUG0,p6_B_AUG0_s43,43,NOT APPLICABLE,joint,2,train,tumor,213,97,79,18,1.2278481012658229,3,52,DETERMINISTIC SAMPLER REPLAY VERIFIED AGAINST ALL LOGGED CLASS/UID/GROUP COUNTS
6,B,p6_B_AUG0,p6_B_AUG0_s43,43,NOT APPLICABLE,joint,2,train,lymphocyte,111,84,62,22,1.3548387096774193,3,47,DETERMINISTIC SAMPLER REPLAY VERIFIED AGAINST ALL LOGGED CLASS/UID/GROUP COUNTS
6,B,p6_B_AUG0,p6_B_AUG0_s43,43,NOT APPLICABLE,joint,2,train,plasma_cell,72,95,51,44,1.8627450980392157,7,13,DETERMINISTIC SAMPLER REPLAY VERIFIED AGAINST ALL LOGGED CLASS/UID/GROUP COUNTS
6,B,p6_B_AUG0,p6_B_AUG0_s43,43,NOT APPLICABLE,joint,2,train,histiocyte,72,87,53,34,1.6415094339622642,4,34,DETERMINISTIC SAMPLER REPLAY VERIFIED AGAINST ALL LOGGED CLASS/UID/GROUP COUNTS
6,B,p6_B_AUG0,p6_B_AUG0_s43,43,NOT APPLICABLE,joint,2,train,melanophage,72,94,51,43,1.8431372549019607,4,25,DETERMINISTIC SAMPLER REPLAY VERIFIED AGAINST ALL LOGGED CLASS/UID/GROUP COUNTS
6,B,p6_B_AUG0,p6_B_AUG0_s43,43,NOT APPLICABLE,joint,2,train,neutrophil,72,100,51,49,1.9607843137254901,5,7,DETERMINISTIC SAMPLER REPLAY VERIFIED AGAINST ALL LOGGED CLASS/UID/GROUP COUNTS
6,B,p6_B_AUG0,p6_B_AUG0_s43,43,NOT APPLICABLE,joint,2,train,stroma,72,83,48,35,1.7291666666666667,4,36,DETERMINISTIC SAMPLER REPLAY VERIFIED AGAINST ALL LOGGED CLASS/UID/GROUP COUNTS
6,B,p6_B_AUG0,p6_B_AUG0_s43,43,NOT APPLICABLE,joint,2,train,epithelium,72,81,53,28,1.528301886792453,4,10,DETERMINISTIC SAMPLER REPLAY VERIFIED AGAINST ALL LOGGED CLASS/UID/GROUP COUNTS
6,B,p6_B_AUG0,p6_B_AUG0_s43,43,NOT APPLICABLE,joint,2,train,endothelium,72,103,55,48,1.8727272727272728,6,39,DETERMINISTIC SAMPLER REPLAY VERIFIED AGAINST ALL LOGGED CLASS/UID/GROUP COUNTS
6,B,p6_B_AUG0,p6_B_AUG0_s43,43,NOT APPLICABLE,joint,2,train,apoptosis,72,76,49,27,1.5510204081632653,6,33,DETERMINISTIC SAMPLER REPLAY VERIFIED AGAINST ALL LOGGED CLASS/UID/GROUP COUNTS
6,B,p6_B_AUG0,p6_B_AUG0_s43,43,NOT APPLICABLE,joint,3,train,tumor,213,78,66,12,1.1818181818181819,3,40,DETERMINISTIC SAMPLER REPLAY VERIFIED AGAINST ALL LOGGED CLASS/UID/GROUP COUNTS
6,B,p6_B_AUG0,p6_B_AUG0_s43,43,NOT APPLICABLE,joint,3,train,lymphocyte,111,90,63,27,1.4285714285714286,4,43,DETERMINISTIC SAMPLER REPLAY VERIFIED AGAINST ALL LOGGED CLASS/UID/GROUP COUNTS
6,B,p6_B_AUG0,p6_B_AUG0_s43,43,NOT APPLICABLE,joint,3,train,plasma_cell,72,103,56,47,1.8392857142857142,5,15,DETERMINISTIC SAMPLER REPLAY VERIFIED AGAINST ALL LOGGED CLASS/UID/GROUP COUNTS
6,B,p6_B_AUG0,p6_B_AUG0_s43,43,NOT APPLICABLE,joint,3,train,histiocyte,72,102,55,47,1.8545454545454545,5,34,DETERMINISTIC SAMPLER REPLAY VERIFIED AGAINST ALL LOGGED CLASS/UID/GROUP COUNTS
6,B,p6_B_AUG0,p6_B_AUG0_s43,43,NOT APPLICABLE,joint,3,train,melanophage,72,96,54,42,1.7777777777777777,5,22,DETERMINISTIC SAMPLER REPLAY VERIFIED AGAINST ALL LOGGED CLASS/UID/GROUP COUNTS
6,B,p6_B_AUG0,p6_B_AUG0_s43,43,NOT APPLICABLE,joint,3,train,neutrophil,72,80,45,35,1.7777777777777777,6,8,DETERMINISTIC SAMPLER REPLAY VERIFIED AGAINST ALL LOGGED CLASS/UID/GROUP COUNTS
6,B,p6_B_AUG0,p6_B_AUG0_s43,43,NOT APPLICABLE,joint,3,train,stroma,72,75,50,25,1.5,5,38,DETERMINISTIC SAMPLER REPLAY VERIFIED AGAINST ALL LOGGED CLASS/UID/GROUP COUNTS
6,B,p6_B_AUG0,p6_B_AUG0_s43,43,NOT APPLICABLE,joint,3,train,epithelium,72,90,56,34,1.6071428571428572,4,10,DETERMINISTIC SAMPLER REPLAY VERIFIED AGAINST ALL LOGGED CLASS/UID/GROUP COUNTS
6,B,p6_B_AUG0,p6_B_AUG0_s43,43,NOT APPLICABLE,joint,3,train,endothelium,72,82,50,32,1.64,3,36,DETERMINISTIC SAMPLER REPLAY VERIFIED AGAINST ALL LOGGED CLASS/UID/GROUP COUNTS
6,B,p6_B_AUG0,p6_B_AUG0_s43,43,NOT APPLICABLE,joint,3,train,apoptosis,72,104,58,46,1.793103448275862,6,35,DETERMINISTIC SAMPLER REPLAY VERIFIED AGAINST ALL LOGGED CLASS/UID/GROUP COUNTS
6,B,p6_B_AUG0,p6_B_AUG0_s43,43,NOT APPLICABLE,joint,4,train,tumor,213,89,71,18,1.2535211267605635,3,44,DETERMINISTIC SAMPLER REPLAY VERIFIED AGAINST ALL LOGGED CLASS/UID/GROUP COUNTS
6,B,p6_B_AUG0,p6_B_AUG0_s43,43,NOT APPLICABLE,joint,4,train,lymphocyte,111,89,59,30,1.5084745762711864,3,43,DETERMINISTIC SAMPLER REPLAY VERIFIED AGAINST ALL LOGGED CLASS/UID/GROUP COUNTS
6,B,p6_B_AUG0,p6_B_AUG0_s43,43,NOT APPLICABLE,joint,4,train,plasma_cell,72,100,53,47,1.8867924528301887,4,13,DETERMINISTIC SAMPLER REPLAY VERIFIED AGAINST ALL LOGGED CLASS/UID/GROUP COUNTS
6,B,p6_B_AUG0,p6_B_AUG0_s43,43,NOT APPLICABLE,joint,4,train,histiocyte,72,85,51,34,1.6666666666666667,4,34,DETERMINISTIC SAMPLER REPLAY VERIFIED AGAINST ALL LOGGED CLASS/UID/GROUP COUNTS
6,B,p6_B_AUG0,p6_B_AUG0_s43,43,NOT APPLICABLE,joint,4,train,melanophage,72,86,56,30,1.5357142857142858,4,24,DETERMINISTIC SAMPLER REPLAY VERIFIED AGAINST ALL LOGGED CLASS/UID/GROUP COUNTS
6,B,p6_B_AUG0,p6_B_AUG0_s43,43,NOT APPLICABLE,joint,4,train,neutrophil,72,80,50,30,1.6,4,8,DETERMINISTIC SAMPLER REPLAY VERIFIED AGAINST ALL LOGGED CLASS/UID/GROUP COUNTS
6,B,p6_B_AUG0,p6_B_AUG0_s43,43,NOT APPLICABLE,joint,4,train,stroma,72,87,46,41,1.891304347826087,7,35,DETERMINISTIC SAMPLER REPLAY VERIFIED AGAINST ALL LOGGED CLASS/UID/GROUP COUNTS
6,B,p6_B_AUG0,p6_B_AUG0_s43,43,NOT APPLICABLE,joint,4,train,epithelium,72,95,52,43,1.8269230769230769,5,10,DETERMINISTIC SAMPLER REPLAY VERIFIED AGAINST ALL LOGGED CLASS/UID/GROUP COUNTS
6,B,p6_B_AUG0,p6_B_AUG0_s43,43,NOT APPLICABLE,joint,4,train,endothelium,72,95,51,44,1.8627450980392157,6,36,DETERMINISTIC SAMPLER REPLAY VERIFIED AGAINST ALL LOGGED CLASS/UID/GROUP COUNTS
6,B,p6_B_AUG0,p6_B_AUG0_s43,43,NOT APPLICABLE,joint,4,train,apoptosis,72,94,54,40,1.7407407407407407,4,33,DETERMINISTIC SAMPLER REPLAY VERIFIED AGAINST ALL LOGGED CLASS/UID/GROUP COUNTS
6,B,p6_B_AUG0,p6_B_AUG0_s43,43,NOT APPLICABLE,joint,5,train,tumor,213,103,83,20,1.2409638554216869,4,48,DETERMINISTIC SAMPLER REPLAY VERIFIED AGAINST ALL LOGGED CLASS/UID/GROUP COUNTS
6,B,p6_B_AUG0,p6_B_AUG0_s43,43,NOT APPLICABLE,joint,5,train,lymphocyte,111,77,51,26,1.5098039215686274,3,36,DETERMINISTIC SAMPLER REPLAY VERIFIED AGAINST ALL LOGGED CLASS/UID/GROUP COUNTS
6,B,p6_B_AUG0,p6_B_AUG0_s43,43,NOT APPLICABLE,joint,5,train,plasma_cell,72,89,47,42,1.8936170212765957,4,16,DETERMINISTIC SAMPLER REPLAY VERIFIED AGAINST ALL LOGGED CLASS/UID/GROUP COUNTS
6,B,p6_B_AUG0,p6_B_AUG0_s43,43,NOT APPLICABLE,joint,5,train,histiocyte,72,97,54,43,1.7962962962962963,4,35,DETERMINISTIC SAMPLER REPLAY VERIFIED AGAINST ALL LOGGED CLASS/UID/GROUP COUNTS
6,B,p6_B_AUG0,p6_B_AUG0_s43,43,NOT APPLICABLE,joint,5,train,melanophage,72,94,53,41,1.7735849056603774,5,25,DETERMINISTIC SAMPLER REPLAY VERIFIED AGAINST ALL LOGGED CLASS/UID/GROUP COUNTS
6,B,p6_B_AUG0,p6_B_AUG0_s43,43,NOT APPLICABLE,joint,5,train,neutrophil,72,89,49,40,1.816326530612245,3,6,DETERMINISTIC SAMPLER REPLAY VERIFIED AGAINST ALL LOGGED CLASS/UID/GROUP COUNTS
6,B,p6_B_AUG0,p6_B_AUG0_s43,43,NOT APPLICABLE,joint,5,train,stroma,72,80,45,35,1.7777777777777777,4,38,DETERMINISTIC SAMPLER REPLAY VERIFIED AGAINST ALL LOGGED CLASS/UID/GROUP COUNTS
6,B,p6_B_AUG0,p6_B_AUG0_s43,43,NOT APPLICABLE,joint,5,train,epithelium,72,84,52,32,1.6153846153846154,3,10,DETERMINISTIC SAMPLER REPLAY VERIFIED AGAINST ALL LOGGED CLASS/UID/GROUP COUNTS
6,B,p6_B_AUG0,p6_B_AUG0_s43,43,NOT APPLICABLE,joint,5,train,endothelium,72,93,58,35,1.603448275862069,4,36,DETERMINISTIC SAMPLER REPLAY VERIFIED AGAINST ALL LOGGED CLASS/UID/GROUP COUNTS
6,B,p6_B_AUG0,p6_B_AUG0_s43,43,NOT APPLICABLE,joint,5,train,apoptosis,72,94,56,38,1.6785714285714286,6,36,DETERMINISTIC SAMPLER REPLAY VERIFIED AGAINST ALL LOGGED CLASS/UID/GROUP COUNTS
6,B,p6_B_AUG0,p6_B_AUG0_s43,43,NOT APPLICABLE,joint,6,train,tumor,213,97,79,18,1.2278481012658229,3,49,DETERMINISTIC SAMPLER REPLAY VERIFIED AGAINST ALL LOGGED CLASS/UID/GROUP COUNTS
6,B,p6_B_AUG0,p6_B_AUG0_s43,43,NOT APPLICABLE,joint,6,train,lymphocyte,111,91,64,27,1.421875,3,47,DETERMINISTIC SAMPLER REPLAY VERIFIED AGAINST ALL LOGGED CLASS/UID/GROUP COUNTS
6,B,p6_B_AUG0,p6_B_AUG0_s43,43,NOT APPLICABLE,joint,6,train,plasma_cell,72,89,48,41,1.8541666666666667,5,13,DETERMINISTIC SAMPLER REPLAY VERIFIED AGAINST ALL LOGGED CLASS/UID/GROUP COUNTS
6,B,p6_B_AUG0,p6_B_AUG0_s43,43,NOT APPLICABLE,joint,6,train,histiocyte,72,85,50,35,1.7,3,32,DETERMINISTIC SAMPLER REPLAY VERIFIED AGAINST ALL LOGGED CLASS/UID/GROUP COUNTS
6,B,p6_B_AUG0,p6_B_AUG0_s43,43,NOT APPLICABLE,joint,6,train,melanophage,72,81,49,32,1.653061224489796,4,24,DETERMINISTIC SAMPLER REPLAY VERIFIED AGAINST ALL LOGGED CLASS/UID/GROUP COUNTS
6,B,p6_B_AUG0,p6_B_AUG0_s43,43,NOT APPLICABLE,joint,6,train,neutrophil,72,91,49,42,1.8571428571428572,5,7,DETERMINISTIC SAMPLER REPLAY VERIFIED AGAINST ALL LOGGED CLASS/UID/GROUP COUNTS
6,B,p6_B_AUG0,p6_B_AUG0_s43,43,NOT APPLICABLE,joint,6,train,stroma,72,80,48,32,1.6666666666666667,4,40,DETERMINISTIC SAMPLER REPLAY VERIFIED AGAINST ALL LOGGED CLASS/UID/GROUP COUNTS
6,B,p6_B_AUG0,p6_B_AUG0_s43,43,NOT APPLICABLE,joint,6,train,epithelium,72,93,54,39,1.7222222222222223,4,10,DETERMINISTIC SAMPLER REPLAY VERIFIED AGAINST ALL LOGGED CLASS/UID/GROUP COUNTS
6,B,p6_B_AUG0,p6_B_AUG0_s43,43,NOT APPLICABLE,joint,6,train,endothelium,72,90,54,36,1.6666666666666667,4,37,DETERMINISTIC SAMPLER REPLAY VERIFIED AGAINST ALL LOGGED CLASS/UID/GROUP COUNTS
6,B,p6_B_AUG0,p6_B_AUG0_s43,43,NOT APPLICABLE,joint,6,train,apoptosis,72,103,53,50,1.9433962264150944,5,35,DETERMINISTIC SAMPLER REPLAY VERIFIED AGAINST ALL LOGGED CLASS/UID/GROUP COUNTS
6,C,p6_C_cached_crt_noreset,p6_C_cached_crt_noreset_s17,17,NOT APPLICABLE,joint,1,train,tumor,213,84,70,14,1.2,3,50,DETERMINISTIC SAMPLER REPLAY VERIFIED AGAINST ALL LOGGED CLASS/UID/GROUP COUNTS
6,C,p6_C_cached_crt_noreset,p6_C_cached_crt_noreset_s17,17,NOT APPLICABLE,joint,1,train,lymphocyte,111,100,73,27,1.36986301369863,4,51,DETERMINISTIC SAMPLER REPLAY VERIFIED AGAINST ALL LOGGED CLASS/UID/GROUP COUNTS
6,C,p6_C_cached_crt_noreset,p6_C_cached_crt_noreset_s17,17,NOT APPLICABLE,joint,1,train,plasma_cell,72,89,51,38,1.7450980392156863,6,16,DETERMINISTIC SAMPLER REPLAY VERIFIED AGAINST ALL LOGGED CLASS/UID/GROUP COUNTS
6,C,p6_C_cached_crt_noreset,p6_C_cached_crt_noreset_s17,17,NOT APPLICABLE,joint,1,train,histiocyte,72,90,56,34,1.6071428571428572,5,35,DETERMINISTIC SAMPLER REPLAY VERIFIED AGAINST ALL LOGGED CLASS/UID/GROUP COUNTS
6,C,p6_C_cached_crt_noreset,p6_C_cached_crt_noreset_s17,17,NOT APPLICABLE,joint,1,train,melanophage,72,90,50,40,1.8,4,24,DETERMINISTIC SAMPLER REPLAY VERIFIED AGAINST ALL LOGGED CLASS/UID/GROUP COUNTS
6,C,p6_C_cached_crt_noreset,p6_C_cached_crt_noreset_s17,17,NOT APPLICABLE,joint,1,train,neutrophil,72,76,48,28,1.5833333333333333,4,7,DETERMINISTIC SAMPLER REPLAY VERIFIED AGAINST ALL LOGGED CLASS/UID/GROUP COUNTS
6,C,p6_C_cached_crt_noreset,p6_C_cached_crt_noreset_s17,17,NOT APPLICABLE,joint,1,train,stroma,72,83,47,36,1.7659574468085106,5,40,DETERMINISTIC SAMPLER REPLAY VERIFIED AGAINST ALL LOGGED CLASS/UID/GROUP COUNTS
6,C,p6_C_cached_crt_noreset,p6_C_cached_crt_noreset_s17,17,NOT APPLICABLE,joint,1,train,epithelium,72,97,55,42,1.7636363636363637,5,10,DETERMINISTIC SAMPLER REPLAY VERIFIED AGAINST ALL LOGGED CLASS/UID/GROUP COUNTS
6,C,p6_C_cached_crt_noreset,p6_C_cached_crt_noreset_s17,17,NOT APPLICABLE,joint,1,train,endothelium,72,100,56,44,1.7857142857142858,5,38,DETERMINISTIC SAMPLER REPLAY VERIFIED AGAINST ALL LOGGED CLASS/UID/GROUP COUNTS
6,C,p6_C_cached_crt_noreset,p6_C_cached_crt_noreset_s17,17,NOT APPLICABLE,joint,1,train,apoptosis,72,91,48,43,1.8958333333333333,4,35,DETERMINISTIC SAMPLER REPLAY VERIFIED AGAINST ALL LOGGED CLASS/UID/GROUP COUNTS
6,C,p6_C_cached_crt_noreset,p6_C_cached_crt_noreset_s17,17,NOT APPLICABLE,joint,2,train,tumor,213,102,82,20,1.2439024390243902,3,49,DETERMINISTIC SAMPLER REPLAY VERIFIED AGAINST ALL LOGGED CLASS/UID/GROUP COUNTS
6,C,p6_C_cached_crt_noreset,p6_C_cached_crt_noreset_s17,17,NOT APPLICABLE,joint,2,train,lymphocyte,111,86,59,27,1.4576271186440677,3,44,DETERMINISTIC SAMPLER REPLAY VERIFIED AGAINST ALL LOGGED CLASS/UID/GROUP COUNTS
6,C,p6_C_cached_crt_noreset,p6_C_cached_crt_noreset_s17,17,NOT APPLICABLE,joint,2,train,plasma_cell,72,85,47,38,1.8085106382978724,5,15,DETERMINISTIC SAMPLER REPLAY VERIFIED AGAINST ALL LOGGED CLASS/UID/GROUP COUNTS
6,C,p6_C_cached_crt_noreset,p6_C_cached_crt_noreset_s17,17,NOT APPLICABLE,joint,2,train,histiocyte,72,81,48,33,1.6875,5,32,DETERMINISTIC SAMPLER REPLAY VERIFIED AGAINST ALL LOGGED CLASS/UID/GROUP COUNTS
6,C,p6_C_cached_crt_noreset,p6_C_cached_crt_noreset_s17,17,NOT APPLICABLE,joint,2,train,melanophage,72,97,52,45,1.8653846153846154,5,26,DETERMINISTIC SAMPLER REPLAY VERIFIED AGAINST ALL LOGGED CLASS/UID/GROUP COUNTS
6,C,p6_C_cached_crt_noreset,p6_C_cached_crt_noreset_s17,17,NOT APPLICABLE,joint,2,train,neutrophil,72,86,50,36,1.72,5,7,DETERMINISTIC SAMPLER REPLAY VERIFIED AGAINST ALL LOGGED CLASS/UID/GROUP COUNTS
6,C,p6_C_cached_crt_noreset,p6_C_cached_crt_noreset_s17,17,NOT APPLICABLE,joint,2,train,stroma,72,85,49,36,1.7346938775510203,4,37,DETERMINISTIC SAMPLER REPLAY VERIFIED AGAINST ALL LOGGED CLASS/UID/GROUP COUNTS
6,C,p6_C_cached_crt_noreset,p6_C_cached_crt_noreset_s17,17,NOT APPLICABLE,joint,2,train,epithelium,72,89,53,36,1.679245283018868,4,10,DETERMINISTIC SAMPLER REPLAY VERIFIED AGAINST ALL LOGGED CLASS/UID/GROUP COUNTS
6,C,p6_C_cached_crt_noreset,p6_C_cached_crt_noreset_s17,17,NOT APPLICABLE,joint,2,train,endothelium,72,104,52,52,2.0,7,37,DETERMINISTIC SAMPLER REPLAY VERIFIED AGAINST ALL LOGGED CLASS/UID/GROUP COUNTS
6,C,p6_C_cached_crt_noreset,p6_C_cached_crt_noreset_s17,17,NOT APPLICABLE,joint,2,train,apoptosis,72,85,49,36,1.7346938775510203,4,35,DETERMINISTIC SAMPLER REPLAY VERIFIED AGAINST ALL LOGGED CLASS/UID/GROUP COUNTS
6,C,p6_C_cached_crt_noreset,p6_C_cached_crt_noreset_s17,17,NOT APPLICABLE,joint,3,train,tumor,213,112,82,30,1.3658536585365855,4,48,DETERMINISTIC SAMPLER REPLAY VERIFIED AGAINST ALL LOGGED CLASS/UID/GROUP COUNTS
6,C,p6_C_cached_crt_noreset,p6_C_cached_crt_noreset_s17,17,NOT APPLICABLE,joint,3,train,lymphocyte,111,80,61,19,1.3114754098360655,4,47,DETERMINISTIC SAMPLER REPLAY VERIFIED AGAINST ALL LOGGED CLASS/UID/GROUP COUNTS
6,C,p6_C_cached_crt_noreset,p6_C_cached_crt_noreset_s17,17,NOT APPLICABLE,joint,3,train,plasma_cell,72,98,54,44,1.8148148148148149,4,16,DETERMINISTIC SAMPLER REPLAY VERIFIED AGAINST ALL LOGGED CLASS/UID/GROUP COUNTS
6,C,p6_C_cached_crt_noreset,p6_C_cached_crt_noreset_s17,17,NOT APPLICABLE,joint,3,train,histiocyte,72,108,62,46,1.7419354838709677,6,36,DETERMINISTIC SAMPLER REPLAY VERIFIED AGAINST ALL LOGGED CLASS/UID/GROUP COUNTS
6,C,p6_C_cached_crt_noreset,p6_C_cached_crt_noreset_s17,17,NOT APPLICABLE,joint,3,train,melanophage,72,102,55,47,1.8545454545454545,5,22,DETERMINISTIC SAMPLER REPLAY VERIFIED AGAINST ALL LOGGED CLASS/UID/GROUP COUNTS
6,C,p6_C_cached_crt_noreset,p6_C_cached_crt_noreset_s17,17,NOT APPLICABLE,joint,3,train,neutrophil,72,77,49,28,1.5714285714285714,3,7,DETERMINISTIC SAMPLER REPLAY VERIFIED AGAINST ALL LOGGED CLASS/UID/GROUP COUNTS
6,C,p6_C_cached_crt_noreset,p6_C_cached_crt_noreset_s17,17,NOT APPLICABLE,joint,3,train,stroma,72,85,49,36,1.7346938775510203,5,37,DETERMINISTIC SAMPLER REPLAY VERIFIED AGAINST ALL LOGGED CLASS/UID/GROUP COUNTS
6,C,p6_C_cached_crt_noreset,p6_C_cached_crt_noreset_s17,17,NOT APPLICABLE,joint,3,train,epithelium,72,80,49,31,1.6326530612244898,3,10,DETERMINISTIC SAMPLER REPLAY VERIFIED AGAINST ALL LOGGED CLASS/UID/GROUP COUNTS
6,C,p6_C_cached_crt_noreset,p6_C_cached_crt_noreset_s17,17,NOT APPLICABLE,joint,3,train,endothelium,72,77,51,26,1.5098039215686274,5,36,DETERMINISTIC SAMPLER REPLAY VERIFIED AGAINST ALL LOGGED CLASS/UID/GROUP COUNTS
6,C,p6_C_cached_crt_noreset,p6_C_cached_crt_noreset_s17,17,NOT APPLICABLE,joint,3,train,apoptosis,72,81,50,31,1.62,4,34,DETERMINISTIC SAMPLER REPLAY VERIFIED AGAINST ALL LOGGED CLASS/UID/GROUP COUNTS
6,C,p6_C_cached_crt_noreset,p6_C_cached_crt_noreset_s17,17,NOT APPLICABLE,joint,4,train,tumor,213,92,71,21,1.295774647887324,3,42,DETERMINISTIC SAMPLER REPLAY VERIFIED AGAINST ALL LOGGED CLASS/UID/GROUP COUNTS
6,C,p6_C_cached_crt_noreset,p6_C_cached_crt_noreset_s17,17,NOT APPLICABLE,joint,4,train,lymphocyte,111,93,68,25,1.3676470588235294,3,46,DETERMINISTIC SAMPLER REPLAY VERIFIED AGAINST ALL LOGGED CLASS/UID/GROUP COUNTS
6,C,p6_C_cached_crt_noreset,p6_C_cached_crt_noreset_s17,17,NOT APPLICABLE,joint,4,train,plasma_cell,72,87,49,38,1.7755102040816326,4,15,DETERMINISTIC SAMPLER REPLAY VERIFIED AGAINST ALL LOGGED CLASS/UID/GROUP COUNTS
6,C,p6_C_cached_crt_noreset,p6_C_cached_crt_noreset_s17,17,NOT APPLICABLE,joint,4,train,histiocyte,72,92,53,39,1.7358490566037736,4,34,DETERMINISTIC SAMPLER REPLAY VERIFIED AGAINST ALL LOGGED CLASS/UID/GROUP COUNTS
6,C,p6_C_cached_crt_noreset,p6_C_cached_crt_noreset_s17,17,NOT APPLICABLE,joint,4,train,melanophage,72,75,50,25,1.5,3,26,DETERMINISTIC SAMPLER REPLAY VERIFIED AGAINST ALL LOGGED CLASS/UID/GROUP COUNTS
6,C,p6_C_cached_crt_noreset,p6_C_cached_crt_noreset_s17,17,NOT APPLICABLE,joint,4,train,neutrophil,72,110,57,53,1.9298245614035088,7,8,DETERMINISTIC SAMPLER REPLAY VERIFIED AGAINST ALL LOGGED CLASS/UID/GROUP COUNTS
6,C,p6_C_cached_crt_noreset,p6_C_cached_crt_noreset_s17,17,NOT APPLICABLE,joint,4,train,stroma,72,85,52,33,1.6346153846153846,3,42,DETERMINISTIC SAMPLER REPLAY VERIFIED AGAINST ALL LOGGED CLASS/UID/GROUP COUNTS
6,C,p6_C_cached_crt_noreset,p6_C_cached_crt_noreset_s17,17,NOT APPLICABLE,joint,4,train,epithelium,72,101,55,46,1.8363636363636364,5,10,DETERMINISTIC SAMPLER REPLAY VERIFIED AGAINST ALL LOGGED CLASS/UID/GROUP COUNTS
6,C,p6_C_cached_crt_noreset,p6_C_cached_crt_noreset_s17,17,NOT APPLICABLE,joint,4,train,endothelium,72,80,45,35,1.7777777777777777,4,34,DETERMINISTIC SAMPLER REPLAY VERIFIED AGAINST ALL LOGGED CLASS/UID/GROUP COUNTS
6,C,p6_C_cached_crt_noreset,p6_C_cached_crt_noreset_s17,17,NOT APPLICABLE,joint,4,train,apoptosis,72,85,46,39,1.8478260869565217,4,32,DETERMINISTIC SAMPLER REPLAY VERIFIED AGAINST ALL LOGGED CLASS/UID/GROUP COUNTS
6,C,p6_C_cached_crt_noreset,p6_C_cached_crt_noreset_s17,17,NOT APPLICABLE,joint,5,train,tumor,213,90,75,15,1.2,3,50,DETERMINISTIC SAMPLER REPLAY VERIFIED AGAINST ALL LOGGED CLASS/UID/GROUP COUNTS
6,C,p6_C_cached_crt_noreset,p6_C_cached_crt_noreset_s17,17,NOT APPLICABLE,joint,5,train,lymphocyte,111,81,59,22,1.3728813559322033,5,43,DETERMINISTIC SAMPLER REPLAY VERIFIED AGAINST ALL LOGGED CLASS/UID/GROUP COUNTS
6,C,p6_C_cached_crt_noreset,p6_C_cached_crt_noreset_s17,17,NOT APPLICABLE,joint,5,train,plasma_cell,72,108,51,57,2.1176470588235294,6,16,DETERMINISTIC SAMPLER REPLAY VERIFIED AGAINST ALL LOGGED CLASS/UID/GROUP COUNTS
6,C,p6_C_cached_crt_noreset,p6_C_cached_crt_noreset_s17,17,NOT APPLICABLE,joint,5,train,histiocyte,72,98,51,47,1.9215686274509804,5,33,DETERMINISTIC SAMPLER REPLAY VERIFIED AGAINST ALL LOGGED CLASS/UID/GROUP COUNTS
6,C,p6_C_cached_crt_noreset,p6_C_cached_crt_noreset_s17,17,NOT APPLICABLE,joint,5,train,melanophage,72,81,47,34,1.7234042553191489,6,24,DETERMINISTIC SAMPLER REPLAY VERIFIED AGAINST ALL LOGGED CLASS/UID/GROUP COUNTS
6,C,p6_C_cached_crt_noreset,p6_C_cached_crt_noreset_s17,17,NOT APPLICABLE,joint,5,train,neutrophil,72,78,46,32,1.6956521739130435,3,7,DETERMINISTIC SAMPLER REPLAY VERIFIED AGAINST ALL LOGGED CLASS/UID/GROUP COUNTS
6,C,p6_C_cached_crt_noreset,p6_C_cached_crt_noreset_s17,17,NOT APPLICABLE,joint,5,train,stroma,72,86,51,35,1.6862745098039216,4,40,DETERMINISTIC SAMPLER REPLAY VERIFIED AGAINST ALL LOGGED CLASS/UID/GROUP COUNTS
6,C,p6_C_cached_crt_noreset,p6_C_cached_crt_noreset_s17,17,NOT APPLICABLE,joint,5,train,epithelium,72,82,44,38,1.8636363636363635,4,10,DETERMINISTIC SAMPLER REPLAY VERIFIED AGAINST ALL LOGGED CLASS/UID/GROUP COUNTS
6,C,p6_C_cached_crt_noreset,p6_C_cached_crt_noreset_s17,17,NOT APPLICABLE,joint,5,train,endothelium,72,108,61,47,1.7704918032786885,5,38,DETERMINISTIC SAMPLER REPLAY VERIFIED AGAINST ALL LOGGED CLASS/UID/GROUP COUNTS
6,C,p6_C_cached_crt_noreset,p6_C_cached_crt_noreset_s17,17,NOT APPLICABLE,joint,5,train,apoptosis,72,88,51,37,1.7254901960784315,4,34,DETERMINISTIC SAMPLER REPLAY VERIFIED AGAINST ALL LOGGED CLASS/UID/GROUP COUNTS
6,C,p6_C_cached_crt_noreset,p6_C_cached_crt_noreset_s17,17,NOT APPLICABLE,joint,6,train,tumor,213,100,77,23,1.2987012987012987,3,52,DETERMINISTIC SAMPLER REPLAY VERIFIED AGAINST ALL LOGGED CLASS/UID/GROUP COUNTS
6,C,p6_C_cached_crt_noreset,p6_C_cached_crt_noreset_s17,17,NOT APPLICABLE,joint,6,train,lymphocyte,111,90,64,26,1.40625,4,47,DETERMINISTIC SAMPLER REPLAY VERIFIED AGAINST ALL LOGGED CLASS/UID/GROUP COUNTS
6,C,p6_C_cached_crt_noreset,p6_C_cached_crt_noreset_s17,17,NOT APPLICABLE,joint,6,train,plasma_cell,72,91,52,39,1.75,5,16,DETERMINISTIC SAMPLER REPLAY VERIFIED AGAINST ALL LOGGED CLASS/UID/GROUP COUNTS
6,C,p6_C_cached_crt_noreset,p6_C_cached_crt_noreset_s17,17,NOT APPLICABLE,joint,6,train,histiocyte,72,84,57,27,1.4736842105263157,3,36,DETERMINISTIC SAMPLER REPLAY VERIFIED AGAINST ALL LOGGED CLASS/UID/GROUP COUNTS
6,C,p6_C_cached_crt_noreset,p6_C_cached_crt_noreset_s17,17,NOT APPLICABLE,joint,6,train,melanophage,72,85,54,31,1.5740740740740742,3,23,DETERMINISTIC SAMPLER REPLAY VERIFIED AGAINST ALL LOGGED CLASS/UID/GROUP COUNTS
6,C,p6_C_cached_crt_noreset,p6_C_cached_crt_noreset_s17,17,NOT APPLICABLE,joint,6,train,neutrophil,72,90,51,39,1.7647058823529411,6,8,DETERMINISTIC SAMPLER REPLAY VERIFIED AGAINST ALL LOGGED CLASS/UID/GROUP COUNTS
6,C,p6_C_cached_crt_noreset,p6_C_cached_crt_noreset_s17,17,NOT APPLICABLE,joint,6,train,stroma,72,104,57,47,1.8245614035087718,4,42,DETERMINISTIC SAMPLER REPLAY VERIFIED AGAINST ALL LOGGED CLASS/UID/GROUP COUNTS
6,C,p6_C_cached_crt_noreset,p6_C_cached_crt_noreset_s17,17,NOT APPLICABLE,joint,6,train,epithelium,72,85,53,32,1.6037735849056605,4,10,DETERMINISTIC SAMPLER REPLAY VERIFIED AGAINST ALL LOGGED CLASS/UID/GROUP COUNTS
6,C,p6_C_cached_crt_noreset,p6_C_cached_crt_noreset_s17,17,NOT APPLICABLE,joint,6,train,endothelium,72,93,51,42,1.8235294117647058,5,36,DETERMINISTIC SAMPLER REPLAY VERIFIED AGAINST ALL LOGGED CLASS/UID/GROUP COUNTS
6,C,p6_C_cached_crt_noreset,p6_C_cached_crt_noreset_s17,17,NOT APPLICABLE,joint,6,train,apoptosis,72,78,48,30,1.625,4,33,DETERMINISTIC SAMPLER REPLAY VERIFIED AGAINST ALL LOGGED CLASS/UID/GROUP COUNTS
6,C,p6_C_cached_crt_noreset,p6_C_cached_crt_noreset_s17,17,NOT APPLICABLE,joint,7,train,tumor,213,95,78,17,1.2179487179487178,3,49,DETERMINISTIC SAMPLER REPLAY VERIFIED AGAINST ALL LOGGED CLASS/UID/GROUP COUNTS
6,C,p6_C_cached_crt_noreset,p6_C_cached_crt_noreset_s17,17,NOT APPLICABLE,joint,7,train,lymphocyte,111,70,54,16,1.2962962962962963,3,41,DETERMINISTIC SAMPLER REPLAY VERIFIED AGAINST ALL LOGGED CLASS/UID/GROUP COUNTS
6,C,p6_C_cached_crt_noreset,p6_C_cached_crt_noreset_s17,17,NOT APPLICABLE,joint,7,train,plasma_cell,72,88,48,40,1.8333333333333333,7,15,DETERMINISTIC SAMPLER REPLAY VERIFIED AGAINST ALL LOGGED CLASS/UID/GROUP COUNTS
6,C,p6_C_cached_crt_noreset,p6_C_cached_crt_noreset_s17,17,NOT APPLICABLE,joint,7,train,histiocyte,72,96,50,46,1.92,5,34,DETERMINISTIC SAMPLER REPLAY VERIFIED AGAINST ALL LOGGED CLASS/UID/GROUP COUNTS
6,C,p6_C_cached_crt_noreset,p6_C_cached_crt_noreset_s17,17,NOT APPLICABLE,joint,7,train,melanophage,72,89,51,38,1.7450980392156863,5,24,DETERMINISTIC SAMPLER REPLAY VERIFIED AGAINST ALL LOGGED CLASS/UID/GROUP COUNTS
6,C,p6_C_cached_crt_noreset,p6_C_cached_crt_noreset_s17,17,NOT APPLICABLE,joint,7,train,neutrophil,72,88,56,32,1.5714285714285714,5,8,DETERMINISTIC SAMPLER REPLAY VERIFIED AGAINST ALL LOGGED CLASS/UID/GROUP COUNTS
6,C,p6_C_cached_crt_noreset,p6_C_cached_crt_noreset_s17,17,NOT APPLICABLE,joint,7,train,stroma,72,98,51,47,1.9215686274509804,4,44,DETERMINISTIC SAMPLER REPLAY VERIFIED AGAINST ALL LOGGED CLASS/UID/GROUP COUNTS
6,C,p6_C_cached_crt_noreset,p6_C_cached_crt_noreset_s17,17,NOT APPLICABLE,joint,7,train,epithelium,72,91,47,44,1.9361702127659575,6,10,DETERMINISTIC SAMPLER REPLAY VERIFIED AGAINST ALL LOGGED CLASS/UID/GROUP COUNTS
6,C,p6_C_cached_crt_noreset,p6_C_cached_crt_noreset_s17,17,NOT APPLICABLE,joint,7,train,endothelium,72,105,59,46,1.7796610169491525,5,37,DETERMINISTIC SAMPLER REPLAY VERIFIED AGAINST ALL LOGGED CLASS/UID/GROUP COUNTS
6,C,p6_C_cached_crt_noreset,p6_C_cached_crt_noreset_s17,17,NOT APPLICABLE,joint,7,train,apoptosis,72,80,44,36,1.8181818181818181,4,30,DETERMINISTIC SAMPLER REPLAY VERIFIED AGAINST ALL LOGGED CLASS/UID/GROUP COUNTS
6,C,p6_C_cached_crt_noreset,p6_C_cached_crt_noreset_s17,17,NOT APPLICABLE,joint,8,train,tumor,213,99,75,24,1.32,3,48,DETERMINISTIC SAMPLER REPLAY VERIFIED AGAINST ALL LOGGED CLASS/UID/GROUP COUNTS
6,C,p6_C_cached_crt_noreset,p6_C_cached_crt_noreset_s17,17,NOT APPLICABLE,joint,8,train,lymphocyte,111,90,56,34,1.6071428571428572,4,42,DETERMINISTIC SAMPLER REPLAY VERIFIED AGAINST ALL LOGGED CLASS/UID/GROUP COUNTS
6,C,p6_C_cached_crt_noreset,p6_C_cached_crt_noreset_s17,17,NOT APPLICABLE,joint,8,train,plasma_cell,72,84,52,32,1.6153846153846154,4,14,DETERMINISTIC SAMPLER REPLAY VERIFIED AGAINST ALL LOGGED CLASS/UID/GROUP COUNTS
6,C,p6_C_cached_crt_noreset,p6_C_cached_crt_noreset_s17,17,NOT APPLICABLE,joint,8,train,histiocyte,72,89,48,41,1.8541666666666667,4,30,DETERMINISTIC SAMPLER REPLAY VERIFIED AGAINST ALL LOGGED CLASS/UID/GROUP COUNTS
6,C,p6_C_cached_crt_noreset,p6_C_cached_crt_noreset_s17,17,NOT APPLICABLE,joint,8,train,melanophage,72,100,52,48,1.9230769230769231,5,25,DETERMINISTIC SAMPLER REPLAY VERIFIED AGAINST ALL LOGGED CLASS/UID/GROUP COUNTS
6,C,p6_C_cached_crt_noreset,p6_C_cached_crt_noreset_s17,17,NOT APPLICABLE,joint,8,train,neutrophil,72,76,48,28,1.5833333333333333,4,6,DETERMINISTIC SAMPLER REPLAY VERIFIED AGAINST ALL LOGGED CLASS/UID/GROUP COUNTS
6,C,p6_C_cached_crt_noreset,p6_C_cached_crt_noreset_s17,17,NOT APPLICABLE,joint,8,train,stroma,72,79,50,29,1.58,3,39,DETERMINISTIC SAMPLER REPLAY VERIFIED AGAINST ALL LOGGED CLASS/UID/GROUP COUNTS
6,C,p6_C_cached_crt_noreset,p6_C_cached_crt_noreset_s17,17,NOT APPLICABLE,joint,8,train,epithelium,72,100,56,44,1.7857142857142858,4,10,DETERMINISTIC SAMPLER REPLAY VERIFIED AGAINST ALL LOGGED CLASS/UID/GROUP COUNTS
6,C,p6_C_cached_crt_noreset,p6_C_cached_crt_noreset_s17,17,NOT APPLICABLE,joint,8,train,endothelium,72,96,53,43,1.8113207547169812,5,38,DETERMINISTIC SAMPLER REPLAY VERIFIED AGAINST ALL LOGGED CLASS/UID/GROUP COUNTS
6,C,p6_C_cached_crt_noreset,p6_C_cached_crt_noreset_s17,17,NOT APPLICABLE,joint,8,train,apoptosis,72,87,50,37,1.74,5,37,DETERMINISTIC SAMPLER REPLAY VERIFIED AGAINST ALL LOGGED CLASS/UID/GROUP COUNTS
6,C,p6_C_cached_crt_noreset,p6_C_cached_crt_noreset_s17,17,NOT APPLICABLE,joint,9,train,tumor,213,92,81,11,1.1358024691358024,3,47,DETERMINISTIC SAMPLER REPLAY VERIFIED AGAINST ALL LOGGED CLASS/UID/GROUP COUNTS
6,C,p6_C_cached_crt_noreset,p6_C_cached_crt_noreset_s17,17,NOT APPLICABLE,joint,9,train,lymphocyte,111,75,54,21,1.3888888888888888,4,43,DETERMINISTIC SAMPLER REPLAY VERIFIED AGAINST ALL LOGGED CLASS/UID/GROUP COUNTS
6,C,p6_C_cached_crt_noreset,p6_C_cached_crt_noreset_s17,17,NOT APPLICABLE,joint,9,train,plasma_cell,72,96,53,43,1.8113207547169812,4,17,DETERMINISTIC SAMPLER REPLAY VERIFIED AGAINST ALL LOGGED CLASS/UID/GROUP COUNTS
6,C,p6_C_cached_crt_noreset,p6_C_cached_crt_noreset_s17,17,NOT APPLICABLE,joint,9,train,histiocyte,72,85,50,35,1.7,4,33,DETERMINISTIC SAMPLER REPLAY VERIFIED AGAINST ALL LOGGED CLASS/UID/GROUP COUNTS
6,C,p6_C_cached_crt_noreset,p6_C_cached_crt_noreset_s17,17,NOT APPLICABLE,joint,9,train,melanophage,72,86,52,34,1.6538461538461537,5,24,DETERMINISTIC SAMPLER REPLAY VERIFIED AGAINST ALL LOGGED CLASS/UID/GROUP COUNTS
6,C,p6_C_cached_crt_noreset,p6_C_cached_crt_noreset_s17,17,NOT APPLICABLE,joint,9,train,neutrophil,72,87,50,37,1.74,4,8,DETERMINISTIC SAMPLER REPLAY VERIFIED AGAINST ALL LOGGED CLASS/UID/GROUP COUNTS
6,C,p6_C_cached_crt_noreset,p6_C_cached_crt_noreset_s17,17,NOT APPLICABLE,joint,9,train,stroma,72,100,57,43,1.7543859649122806,4,45,DETERMINISTIC SAMPLER REPLAY VERIFIED AGAINST ALL LOGGED CLASS/UID/GROUP COUNTS
6,C,p6_C_cached_crt_noreset,p6_C_cached_crt_noreset_s17,17,NOT APPLICABLE,joint,9,train,epithelium,72,90,55,35,1.6363636363636365,6,10,DETERMINISTIC SAMPLER REPLAY VERIFIED AGAINST ALL LOGGED CLASS/UID/GROUP COUNTS
6,C,p6_C_cached_crt_noreset,p6_C_cached_crt_noreset_s17,17,NOT APPLICABLE,joint,9,train,endothelium,72,95,52,43,1.8269230769230769,5,37,DETERMINISTIC SAMPLER REPLAY VERIFIED AGAINST ALL LOGGED CLASS/UID/GROUP COUNTS
6,C,p6_C_cached_crt_noreset,p6_C_cached_crt_noreset_s17,17,NOT APPLICABLE,joint,9,train,apoptosis,72,94,52,42,1.8076923076923077,4,35,DETERMINISTIC SAMPLER REPLAY VERIFIED AGAINST ALL LOGGED CLASS/UID/GROUP COUNTS
6,C,p6_C_cached_crt_noreset,p6_C_cached_crt_noreset_s17,17,NOT APPLICABLE,joint,10,train,tumor,213,86,64,22,1.34375,4,38,DETERMINISTIC SAMPLER REPLAY VERIFIED AGAINST ALL LOGGED CLASS/UID/GROUP COUNTS
6,C,p6_C_cached_crt_noreset,p6_C_cached_crt_noreset_s17,17,NOT APPLICABLE,joint,10,train,lymphocyte,111,96,66,30,1.4545454545454546,4,49,DETERMINISTIC SAMPLER REPLAY VERIFIED AGAINST ALL LOGGED CLASS/UID/GROUP COUNTS
6,C,p6_C_cached_crt_noreset,p6_C_cached_crt_noreset_s17,17,NOT APPLICABLE,joint,10,train,plasma_cell,72,78,49,29,1.5918367346938775,3,13,DETERMINISTIC SAMPLER REPLAY VERIFIED AGAINST ALL LOGGED CLASS/UID/GROUP COUNTS
6,C,p6_C_cached_crt_noreset,p6_C_cached_crt_noreset_s17,17,NOT APPLICABLE,joint,10,train,histiocyte,72,92,50,42,1.84,4,35,DETERMINISTIC SAMPLER REPLAY VERIFIED AGAINST ALL LOGGED CLASS/UID/GROUP COUNTS
6,C,p6_C_cached_crt_noreset,p6_C_cached_crt_noreset_s17,17,NOT APPLICABLE,joint,10,train,melanophage,72,101,53,48,1.9056603773584906,5,23,DETERMINISTIC SAMPLER REPLAY VERIFIED AGAINST ALL LOGGED CLASS/UID/GROUP COUNTS
6,C,p6_C_cached_crt_noreset,p6_C_cached_crt_noreset_s17,17,NOT APPLICABLE,joint,10,train,neutrophil,72,94,54,40,1.7407407407407407,3,8,DETERMINISTIC SAMPLER REPLAY VERIFIED AGAINST ALL LOGGED CLASS/UID/GROUP COUNTS
6,C,p6_C_cached_crt_noreset,p6_C_cached_crt_noreset_s17,17,NOT APPLICABLE,joint,10,train,stroma,72,82,47,35,1.7446808510638299,5,38,DETERMINISTIC SAMPLER REPLAY VERIFIED AGAINST ALL LOGGED CLASS/UID/GROUP COUNTS
6,C,p6_C_cached_crt_noreset,p6_C_cached_crt_noreset_s17,17,NOT APPLICABLE,joint,10,train,epithelium,72,81,51,30,1.588235294117647,4,10,DETERMINISTIC SAMPLER REPLAY VERIFIED AGAINST ALL LOGGED CLASS/UID/GROUP COUNTS
6,C,p6_C_cached_crt_noreset,p6_C_cached_crt_noreset_s17,17,NOT APPLICABLE,joint,10,train,endothelium,72,89,54,35,1.6481481481481481,4,37,DETERMINISTIC SAMPLER REPLAY VERIFIED AGAINST ALL LOGGED CLASS/UID/GROUP COUNTS
6,C,p6_C_cached_crt_noreset,p6_C_cached_crt_noreset_s17,17,NOT APPLICABLE,joint,10,train,apoptosis,72,101,54,47,1.8703703703703705,5,36,DETERMINISTIC SAMPLER REPLAY VERIFIED AGAINST ALL LOGGED CLASS/UID/GROUP COUNTS
6,C,p6_C_cached_crt_noreset,p6_C_cached_crt_noreset_s17,17,NOT APPLICABLE,decoupled,1,train,tumor,213,82,68,14,1.2058823529411764,3,45,DETERMINISTIC SAMPLER REPLAY VERIFIED AGAINST ALL LOGGED CLASS/UID/GROUP COUNTS
6,C,p6_C_cached_crt_noreset,p6_C_cached_crt_noreset_s17,17,NOT APPLICABLE,decoupled,1,train,lymphocyte,111,84,55,29,1.5272727272727273,4,41,DETERMINISTIC SAMPLER REPLAY VERIFIED AGAINST ALL LOGGED CLASS/UID/GROUP COUNTS
6,C,p6_C_cached_crt_noreset,p6_C_cached_crt_noreset_s17,17,NOT APPLICABLE,decoupled,1,train,plasma_cell,72,94,54,40,1.7407407407407407,4,15,DETERMINISTIC SAMPLER REPLAY VERIFIED AGAINST ALL LOGGED CLASS/UID/GROUP COUNTS
6,C,p6_C_cached_crt_noreset,p6_C_cached_crt_noreset_s17,17,NOT APPLICABLE,decoupled,1,train,histiocyte,72,94,53,41,1.7735849056603774,6,34,DETERMINISTIC SAMPLER REPLAY VERIFIED AGAINST ALL LOGGED CLASS/UID/GROUP COUNTS
6,C,p6_C_cached_crt_noreset,p6_C_cached_crt_noreset_s17,17,NOT APPLICABLE,decoupled,1,train,melanophage,72,88,51,37,1.7254901960784315,4,23,DETERMINISTIC SAMPLER REPLAY VERIFIED AGAINST ALL LOGGED CLASS/UID/GROUP COUNTS
6,C,p6_C_cached_crt_noreset,p6_C_cached_crt_noreset_s17,17,NOT APPLICABLE,decoupled,1,train,neutrophil,72,84,51,33,1.6470588235294117,5,6,DETERMINISTIC SAMPLER REPLAY VERIFIED AGAINST ALL LOGGED CLASS/UID/GROUP COUNTS
6,C,p6_C_cached_crt_noreset,p6_C_cached_crt_noreset_s17,17,NOT APPLICABLE,decoupled,1,train,stroma,72,97,55,42,1.7636363636363637,4,39,DETERMINISTIC SAMPLER REPLAY VERIFIED AGAINST ALL LOGGED CLASS/UID/GROUP COUNTS
6,C,p6_C_cached_crt_noreset,p6_C_cached_crt_noreset_s17,17,NOT APPLICABLE,decoupled,1,train,epithelium,72,91,52,39,1.75,4,10,DETERMINISTIC SAMPLER REPLAY VERIFIED AGAINST ALL LOGGED CLASS/UID/GROUP COUNTS
6,C,p6_C_cached_crt_noreset,p6_C_cached_crt_noreset_s17,17,NOT APPLICABLE,decoupled,1,train,endothelium,72,102,56,46,1.8214285714285714,4,36,DETERMINISTIC SAMPLER REPLAY VERIFIED AGAINST ALL LOGGED CLASS/UID/GROUP COUNTS
6,C,p6_C_cached_crt_noreset,p6_C_cached_crt_noreset_s17,17,NOT APPLICABLE,decoupled,1,train,apoptosis,72,84,47,37,1.7872340425531914,5,34,DETERMINISTIC SAMPLER REPLAY VERIFIED AGAINST ALL LOGGED CLASS/UID/GROUP COUNTS
6,C,p6_C_cached_crt_noreset,p6_C_cached_crt_noreset_s17,17,NOT APPLICABLE,decoupled,2,train,tumor,213,99,81,18,1.2222222222222223,4,50,DETERMINISTIC SAMPLER REPLAY VERIFIED AGAINST ALL LOGGED CLASS/UID/GROUP COUNTS
6,C,p6_C_cached_crt_noreset,p6_C_cached_crt_noreset_s17,17,NOT APPLICABLE,decoupled,2,train,lymphocyte,111,84,61,23,1.3770491803278688,4,43,DETERMINISTIC SAMPLER REPLAY VERIFIED AGAINST ALL LOGGED CLASS/UID/GROUP COUNTS
6,C,p6_C_cached_crt_noreset,p6_C_cached_crt_noreset_s17,17,NOT APPLICABLE,decoupled,2,train,plasma_cell,72,96,52,44,1.8461538461538463,5,17,DETERMINISTIC SAMPLER REPLAY VERIFIED AGAINST ALL LOGGED CLASS/UID/GROUP COUNTS
6,C,p6_C_cached_crt_noreset,p6_C_cached_crt_noreset_s17,17,NOT APPLICABLE,decoupled,2,train,histiocyte,72,86,45,41,1.9111111111111112,5,29,DETERMINISTIC SAMPLER REPLAY VERIFIED AGAINST ALL LOGGED CLASS/UID/GROUP COUNTS
6,C,p6_C_cached_crt_noreset,p6_C_cached_crt_noreset_s17,17,NOT APPLICABLE,decoupled,2,train,melanophage,72,101,55,46,1.8363636363636364,6,24,DETERMINISTIC SAMPLER REPLAY VERIFIED AGAINST ALL LOGGED CLASS/UID/GROUP COUNTS
6,C,p6_C_cached_crt_noreset,p6_C_cached_crt_noreset_s17,17,NOT APPLICABLE,decoupled,2,train,neutrophil,72,81,47,34,1.7234042553191489,4,7,DETERMINISTIC SAMPLER REPLAY VERIFIED AGAINST ALL LOGGED CLASS/UID/GROUP COUNTS
6,C,p6_C_cached_crt_noreset,p6_C_cached_crt_noreset_s17,17,NOT APPLICABLE,decoupled,2,train,stroma,72,87,58,29,1.5,5,45,DETERMINISTIC SAMPLER REPLAY VERIFIED AGAINST ALL LOGGED CLASS/UID/GROUP COUNTS
6,C,p6_C_cached_crt_noreset,p6_C_cached_crt_noreset_s17,17,NOT APPLICABLE,decoupled,2,train,epithelium,72,76,46,30,1.6521739130434783,4,10,DETERMINISTIC SAMPLER REPLAY VERIFIED AGAINST ALL LOGGED CLASS/UID/GROUP COUNTS
6,C,p6_C_cached_crt_noreset,p6_C_cached_crt_noreset_s17,17,NOT APPLICABLE,decoupled,2,train,endothelium,72,102,57,45,1.7894736842105263,5,40,DETERMINISTIC SAMPLER REPLAY VERIFIED AGAINST ALL LOGGED CLASS/UID/GROUP COUNTS
6,C,p6_C_cached_crt_noreset,p6_C_cached_crt_noreset_s17,17,NOT APPLICABLE,decoupled,2,train,apoptosis,72,88,51,37,1.7254901960784315,4,34,DETERMINISTIC SAMPLER REPLAY VERIFIED AGAINST ALL LOGGED CLASS/UID/GROUP COUNTS
6,C,p6_C_cached_crt_noreset,p6_C_cached_crt_noreset_s17,17,NOT APPLICABLE,decoupled,3,train,tumor,213,73,63,10,1.1587301587301588,3,45,DETERMINISTIC SAMPLER REPLAY VERIFIED AGAINST ALL LOGGED CLASS/UID/GROUP COUNTS
6,C,p6_C_cached_crt_noreset,p6_C_cached_crt_noreset_s17,17,NOT APPLICABLE,decoupled,3,train,lymphocyte,111,94,62,32,1.5161290322580645,4,46,DETERMINISTIC SAMPLER REPLAY VERIFIED AGAINST ALL LOGGED CLASS/UID/GROUP COUNTS
6,C,p6_C_cached_crt_noreset,p6_C_cached_crt_noreset_s17,17,NOT APPLICABLE,decoupled,3,train,plasma_cell,72,100,56,44,1.7857142857142858,6,16,DETERMINISTIC SAMPLER REPLAY VERIFIED AGAINST ALL LOGGED CLASS/UID/GROUP COUNTS
6,C,p6_C_cached_crt_noreset,p6_C_cached_crt_noreset_s17,17,NOT APPLICABLE,decoupled,3,train,histiocyte,72,105,51,54,2.0588235294117645,6,35,DETERMINISTIC SAMPLER REPLAY VERIFIED AGAINST ALL LOGGED CLASS/UID/GROUP COUNTS
6,C,p6_C_cached_crt_noreset,p6_C_cached_crt_noreset_s17,17,NOT APPLICABLE,decoupled,3,train,melanophage,72,90,50,40,1.8,5,23,DETERMINISTIC SAMPLER REPLAY VERIFIED AGAINST ALL LOGGED CLASS/UID/GROUP COUNTS
6,C,p6_C_cached_crt_noreset,p6_C_cached_crt_noreset_s17,17,NOT APPLICABLE,decoupled,3,train,neutrophil,72,71,47,24,1.5106382978723405,4,6,DETERMINISTIC SAMPLER REPLAY VERIFIED AGAINST ALL LOGGED CLASS/UID/GROUP COUNTS
6,C,p6_C_cached_crt_noreset,p6_C_cached_crt_noreset_s17,17,NOT APPLICABLE,decoupled,3,train,stroma,72,83,49,34,1.6938775510204083,5,37,DETERMINISTIC SAMPLER REPLAY VERIFIED AGAINST ALL LOGGED CLASS/UID/GROUP COUNTS
6,C,p6_C_cached_crt_noreset,p6_C_cached_crt_noreset_s17,17,NOT APPLICABLE,decoupled,3,train,epithelium,72,84,49,35,1.7142857142857142,3,10,DETERMINISTIC SAMPLER REPLAY VERIFIED AGAINST ALL LOGGED CLASS/UID/GROUP COUNTS
6,C,p6_C_cached_crt_noreset,p6_C_cached_crt_noreset_s17,17,NOT APPLICABLE,decoupled,3,train,endothelium,72,98,58,40,1.6896551724137931,4,39,DETERMINISTIC SAMPLER REPLAY VERIFIED AGAINST ALL LOGGED CLASS/UID/GROUP COUNTS
6,C,p6_C_cached_crt_noreset,p6_C_cached_crt_noreset_s17,17,NOT APPLICABLE,decoupled,3,train,apoptosis,72,102,59,43,1.728813559322034,3,36,DETERMINISTIC SAMPLER REPLAY VERIFIED AGAINST ALL LOGGED CLASS/UID/GROUP COUNTS
6,C,p6_C_cached_crt_noreset,p6_C_cached_crt_noreset_s17,17,NOT APPLICABLE,decoupled,4,train,tumor,213,68,61,7,1.1147540983606556,2,44,DETERMINISTIC SAMPLER REPLAY VERIFIED AGAINST ALL LOGGED CLASS/UID/GROUP COUNTS
6,C,p6_C_cached_crt_noreset,p6_C_cached_crt_noreset_s17,17,NOT APPLICABLE,decoupled,4,train,lymphocyte,111,100,66,34,1.5151515151515151,5,48,DETERMINISTIC SAMPLER REPLAY VERIFIED AGAINST ALL LOGGED CLASS/UID/GROUP COUNTS
6,C,p6_C_cached_crt_noreset,p6_C_cached_crt_noreset_s17,17,NOT APPLICABLE,decoupled,4,train,plasma_cell,72,87,47,40,1.851063829787234,5,12,DETERMINISTIC SAMPLER REPLAY VERIFIED AGAINST ALL LOGGED CLASS/UID/GROUP COUNTS
6,C,p6_C_cached_crt_noreset,p6_C_cached_crt_noreset_s17,17,NOT APPLICABLE,decoupled,4,train,histiocyte,72,87,46,41,1.891304347826087,4,33,DETERMINISTIC SAMPLER REPLAY VERIFIED AGAINST ALL LOGGED CLASS/UID/GROUP COUNTS
6,C,p6_C_cached_crt_noreset,p6_C_cached_crt_noreset_s17,17,NOT APPLICABLE,decoupled,4,train,melanophage,72,72,47,25,1.5319148936170213,4,23,DETERMINISTIC SAMPLER REPLAY VERIFIED AGAINST ALL LOGGED CLASS/UID/GROUP COUNTS
6,C,p6_C_cached_crt_noreset,p6_C_cached_crt_noreset_s17,17,NOT APPLICABLE,decoupled,4,train,neutrophil,72,104,51,53,2.0392156862745097,6,7,DETERMINISTIC SAMPLER REPLAY VERIFIED AGAINST ALL LOGGED CLASS/UID/GROUP COUNTS
6,C,p6_C_cached_crt_noreset,p6_C_cached_crt_noreset_s17,17,NOT APPLICABLE,decoupled,4,train,stroma,72,104,55,49,1.8909090909090909,7,42,DETERMINISTIC SAMPLER REPLAY VERIFIED AGAINST ALL LOGGED CLASS/UID/GROUP COUNTS
6,C,p6_C_cached_crt_noreset,p6_C_cached_crt_noreset_s17,17,NOT APPLICABLE,decoupled,4,train,epithelium,72,95,54,41,1.7592592592592593,6,10,DETERMINISTIC SAMPLER REPLAY VERIFIED AGAINST ALL LOGGED CLASS/UID/GROUP COUNTS
6,C,p6_C_cached_crt_noreset,p6_C_cached_crt_noreset_s17,17,NOT APPLICABLE,decoupled,4,train,endothelium,72,95,52,43,1.8269230769230769,5,38,DETERMINISTIC SAMPLER REPLAY VERIFIED AGAINST ALL LOGGED CLASS/UID/GROUP COUNTS
6,C,p6_C_cached_crt_noreset,p6_C_cached_crt_noreset_s17,17,NOT APPLICABLE,decoupled,4,train,apoptosis,72,88,52,36,1.6923076923076923,4,35,DETERMINISTIC SAMPLER REPLAY VERIFIED AGAINST ALL LOGGED CLASS/UID/GROUP COUNTS
6,C,p6_C_cached_crt_noreset,p6_C_cached_crt_noreset_s17,17,NOT APPLICABLE,decoupled,5,train,tumor,213,98,76,22,1.2894736842105263,2,49,DETERMINISTIC SAMPLER REPLAY VERIFIED AGAINST ALL LOGGED CLASS/UID/GROUP COUNTS
6,C,p6_C_cached_crt_noreset,p6_C_cached_crt_noreset_s17,17,NOT APPLICABLE,decoupled,5,train,lymphocyte,111,96,66,30,1.4545454545454546,4,48,DETERMINISTIC SAMPLER REPLAY VERIFIED AGAINST ALL LOGGED CLASS/UID/GROUP COUNTS
6,C,p6_C_cached_crt_noreset,p6_C_cached_crt_noreset_s17,17,NOT APPLICABLE,decoupled,5,train,plasma_cell,72,83,49,34,1.6938775510204083,4,12,DETERMINISTIC SAMPLER REPLAY VERIFIED AGAINST ALL LOGGED CLASS/UID/GROUP COUNTS
6,C,p6_C_cached_crt_noreset,p6_C_cached_crt_noreset_s17,17,NOT APPLICABLE,decoupled,5,train,histiocyte,72,74,48,26,1.5416666666666667,5,32,DETERMINISTIC SAMPLER REPLAY VERIFIED AGAINST ALL LOGGED CLASS/UID/GROUP COUNTS
6,C,p6_C_cached_crt_noreset,p6_C_cached_crt_noreset_s17,17,NOT APPLICABLE,decoupled,5,train,melanophage,72,87,46,41,1.891304347826087,5,23,DETERMINISTIC SAMPLER REPLAY VERIFIED AGAINST ALL LOGGED CLASS/UID/GROUP COUNTS
6,C,p6_C_cached_crt_noreset,p6_C_cached_crt_noreset_s17,17,NOT APPLICABLE,decoupled,5,train,neutrophil,72,91,52,39,1.75,4,8,DETERMINISTIC SAMPLER REPLAY VERIFIED AGAINST ALL LOGGED CLASS/UID/GROUP COUNTS
6,C,p6_C_cached_crt_noreset,p6_C_cached_crt_noreset_s17,17,NOT APPLICABLE,decoupled,5,train,stroma,72,98,59,39,1.6610169491525424,5,43,DETERMINISTIC SAMPLER REPLAY VERIFIED AGAINST ALL LOGGED CLASS/UID/GROUP COUNTS
6,C,p6_C_cached_crt_noreset,p6_C_cached_crt_noreset_s17,17,NOT APPLICABLE,decoupled,5,train,epithelium,72,84,57,27,1.4736842105263157,4,10,DETERMINISTIC SAMPLER REPLAY VERIFIED AGAINST ALL LOGGED CLASS/UID/GROUP COUNTS
6,C,p6_C_cached_crt_noreset,p6_C_cached_crt_noreset_s17,17,NOT APPLICABLE,decoupled,5,train,endothelium,72,86,48,38,1.7916666666666667,5,35,DETERMINISTIC SAMPLER REPLAY VERIFIED AGAINST ALL LOGGED CLASS/UID/GROUP COUNTS
6,C,p6_C_cached_crt_noreset,p6_C_cached_crt_noreset_s17,17,NOT APPLICABLE,decoupled,5,train,apoptosis,72,103,55,48,1.8727272727272728,5,34,DETERMINISTIC SAMPLER REPLAY VERIFIED AGAINST ALL LOGGED CLASS/UID/GROUP COUNTS
6,C,p6_C_cached_crt_noreset,p6_C_cached_crt_noreset_s29,29,NOT APPLICABLE,joint,1,train,tumor,213,90,72,18,1.25,3,48,DETERMINISTIC SAMPLER REPLAY VERIFIED AGAINST ALL LOGGED CLASS/UID/GROUP COUNTS
6,C,p6_C_cached_crt_noreset,p6_C_cached_crt_noreset_s29,29,NOT APPLICABLE,joint,1,train,lymphocyte,111,82,58,24,1.4137931034482758,3,42,DETERMINISTIC SAMPLER REPLAY VERIFIED AGAINST ALL LOGGED CLASS/UID/GROUP COUNTS
6,C,p6_C_cached_crt_noreset,p6_C_cached_crt_noreset_s29,29,NOT APPLICABLE,joint,1,train,plasma_cell,72,89,50,39,1.78,5,13,DETERMINISTIC SAMPLER REPLAY VERIFIED AGAINST ALL LOGGED CLASS/UID/GROUP COUNTS
6,C,p6_C_cached_crt_noreset,p6_C_cached_crt_noreset_s29,29,NOT APPLICABLE,joint,1,train,histiocyte,72,92,56,36,1.6428571428571428,4,36,DETERMINISTIC SAMPLER REPLAY VERIFIED AGAINST ALL LOGGED CLASS/UID/GROUP COUNTS
6,C,p6_C_cached_crt_noreset,p6_C_cached_crt_noreset_s29,29,NOT APPLICABLE,joint,1,train,melanophage,72,99,54,45,1.8333333333333333,6,22,DETERMINISTIC SAMPLER REPLAY VERIFIED AGAINST ALL LOGGED CLASS/UID/GROUP COUNTS
6,C,p6_C_cached_crt_noreset,p6_C_cached_crt_noreset_s29,29,NOT APPLICABLE,joint,1,train,neutrophil,72,90,55,35,1.6363636363636365,4,8,DETERMINISTIC SAMPLER REPLAY VERIFIED AGAINST ALL LOGGED CLASS/UID/GROUP COUNTS
6,C,p6_C_cached_crt_noreset,p6_C_cached_crt_noreset_s29,29,NOT APPLICABLE,joint,1,train,stroma,72,108,58,50,1.8620689655172413,5,42,DETERMINISTIC SAMPLER REPLAY VERIFIED AGAINST ALL LOGGED CLASS/UID/GROUP COUNTS
6,C,p6_C_cached_crt_noreset,p6_C_cached_crt_noreset_s29,29,NOT APPLICABLE,joint,1,train,epithelium,72,90,52,38,1.7307692307692308,5,10,DETERMINISTIC SAMPLER REPLAY VERIFIED AGAINST ALL LOGGED CLASS/UID/GROUP COUNTS
6,C,p6_C_cached_crt_noreset,p6_C_cached_crt_noreset_s29,29,NOT APPLICABLE,joint,1,train,endothelium,72,78,49,29,1.5918367346938775,4,36,DETERMINISTIC SAMPLER REPLAY VERIFIED AGAINST ALL LOGGED CLASS/UID/GROUP COUNTS
6,C,p6_C_cached_crt_noreset,p6_C_cached_crt_noreset_s29,29,NOT APPLICABLE,joint,1,train,apoptosis,72,82,53,29,1.5471698113207548,5,35,DETERMINISTIC SAMPLER REPLAY VERIFIED AGAINST ALL LOGGED CLASS/UID/GROUP COUNTS
6,C,p6_C_cached_crt_noreset,p6_C_cached_crt_noreset_s29,29,NOT APPLICABLE,joint,2,train,tumor,213,87,66,21,1.3181818181818181,3,48,DETERMINISTIC SAMPLER REPLAY VERIFIED AGAINST ALL LOGGED CLASS/UID/GROUP COUNTS
6,C,p6_C_cached_crt_noreset,p6_C_cached_crt_noreset_s29,29,NOT APPLICABLE,joint,2,train,lymphocyte,111,90,66,24,1.3636363636363635,4,47,DETERMINISTIC SAMPLER REPLAY VERIFIED AGAINST ALL LOGGED CLASS/UID/GROUP COUNTS
6,C,p6_C_cached_crt_noreset,p6_C_cached_crt_noreset_s29,29,NOT APPLICABLE,joint,2,train,plasma_cell,72,98,58,40,1.6896551724137931,3,16,DETERMINISTIC SAMPLER REPLAY VERIFIED AGAINST ALL LOGGED CLASS/UID/GROUP COUNTS
6,C,p6_C_cached_crt_noreset,p6_C_cached_crt_noreset_s29,29,NOT APPLICABLE,joint,2,train,histiocyte,72,98,58,40,1.6896551724137931,4,34,DETERMINISTIC SAMPLER REPLAY VERIFIED AGAINST ALL LOGGED CLASS/UID/GROUP COUNTS
6,C,p6_C_cached_crt_noreset,p6_C_cached_crt_noreset_s29,29,NOT APPLICABLE,joint,2,train,melanophage,72,73,45,28,1.6222222222222222,4,22,DETERMINISTIC SAMPLER REPLAY VERIFIED AGAINST ALL LOGGED CLASS/UID/GROUP COUNTS
6,C,p6_C_cached_crt_noreset,p6_C_cached_crt_noreset_s29,29,NOT APPLICABLE,joint,2,train,neutrophil,72,80,51,29,1.5686274509803921,4,7,DETERMINISTIC SAMPLER REPLAY VERIFIED AGAINST ALL LOGGED CLASS/UID/GROUP COUNTS
6,C,p6_C_cached_crt_noreset,p6_C_cached_crt_noreset_s29,29,NOT APPLICABLE,joint,2,train,stroma,72,85,51,34,1.6666666666666667,4,40,DETERMINISTIC SAMPLER REPLAY VERIFIED AGAINST ALL LOGGED CLASS/UID/GROUP COUNTS
6,C,p6_C_cached_crt_noreset,p6_C_cached_crt_noreset_s29,29,NOT APPLICABLE,joint,2,train,epithelium,72,93,54,39,1.7222222222222223,5,10,DETERMINISTIC SAMPLER REPLAY VERIFIED AGAINST ALL LOGGED CLASS/UID/GROUP COUNTS
6,C,p6_C_cached_crt_noreset,p6_C_cached_crt_noreset_s29,29,NOT APPLICABLE,joint,2,train,endothelium,72,107,54,53,1.9814814814814814,4,37,DETERMINISTIC SAMPLER REPLAY VERIFIED AGAINST ALL LOGGED CLASS/UID/GROUP COUNTS
6,C,p6_C_cached_crt_noreset,p6_C_cached_crt_noreset_s29,29,NOT APPLICABLE,joint,2,train,apoptosis,72,89,48,41,1.8541666666666667,6,32,DETERMINISTIC SAMPLER REPLAY VERIFIED AGAINST ALL LOGGED CLASS/UID/GROUP COUNTS
6,C,p6_C_cached_crt_noreset,p6_C_cached_crt_noreset_s29,29,NOT APPLICABLE,joint,3,train,tumor,213,78,61,17,1.278688524590164,4,39,DETERMINISTIC SAMPLER REPLAY VERIFIED AGAINST ALL LOGGED CLASS/UID/GROUP COUNTS
6,C,p6_C_cached_crt_noreset,p6_C_cached_crt_noreset_s29,29,NOT APPLICABLE,joint,3,train,lymphocyte,111,76,56,20,1.3571428571428572,4,42,DETERMINISTIC SAMPLER REPLAY VERIFIED AGAINST ALL LOGGED CLASS/UID/GROUP COUNTS
6,C,p6_C_cached_crt_noreset,p6_C_cached_crt_noreset_s29,29,NOT APPLICABLE,joint,3,train,plasma_cell,72,100,55,45,1.8181818181818181,5,15,DETERMINISTIC SAMPLER REPLAY VERIFIED AGAINST ALL LOGGED CLASS/UID/GROUP COUNTS
6,C,p6_C_cached_crt_noreset,p6_C_cached_crt_noreset_s29,29,NOT APPLICABLE,joint,3,train,histiocyte,72,82,47,35,1.7446808510638299,5,31,DETERMINISTIC SAMPLER REPLAY VERIFIED AGAINST ALL LOGGED CLASS/UID/GROUP COUNTS
6,C,p6_C_cached_crt_noreset,p6_C_cached_crt_noreset_s29,29,NOT APPLICABLE,joint,3,train,melanophage,72,85,55,30,1.5454545454545454,4,26,DETERMINISTIC SAMPLER REPLAY VERIFIED AGAINST ALL LOGGED CLASS/UID/GROUP COUNTS
6,C,p6_C_cached_crt_noreset,p6_C_cached_crt_noreset_s29,29,NOT APPLICABLE,joint,3,train,neutrophil,72,93,58,35,1.603448275862069,4,7,DETERMINISTIC SAMPLER REPLAY VERIFIED AGAINST ALL LOGGED CLASS/UID/GROUP COUNTS
6,C,p6_C_cached_crt_noreset,p6_C_cached_crt_noreset_s29,29,NOT APPLICABLE,joint,3,train,stroma,72,98,54,44,1.8148148148148149,5,43,DETERMINISTIC SAMPLER REPLAY VERIFIED AGAINST ALL LOGGED CLASS/UID/GROUP COUNTS
6,C,p6_C_cached_crt_noreset,p6_C_cached_crt_noreset_s29,29,NOT APPLICABLE,joint,3,train,epithelium,72,95,54,41,1.7592592592592593,5,10,DETERMINISTIC SAMPLER REPLAY VERIFIED AGAINST ALL LOGGED CLASS/UID/GROUP COUNTS
6,C,p6_C_cached_crt_noreset,p6_C_cached_crt_noreset_s29,29,NOT APPLICABLE,joint,3,train,endothelium,72,108,51,57,2.1176470588235294,5,36,DETERMINISTIC SAMPLER REPLAY VERIFIED AGAINST ALL LOGGED CLASS/UID/GROUP COUNTS
6,C,p6_C_cached_crt_noreset,p6_C_cached_crt_noreset_s29,29,NOT APPLICABLE,joint,3,train,apoptosis,72,85,53,32,1.6037735849056605,3,33,DETERMINISTIC SAMPLER REPLAY VERIFIED AGAINST ALL LOGGED CLASS/UID/GROUP COUNTS
6,C,p6_C_cached_crt_noreset,p6_C_cached_crt_noreset_s29,29,NOT APPLICABLE,joint,4,train,tumor,213,84,72,12,1.1666666666666667,3,44,DETERMINISTIC SAMPLER REPLAY VERIFIED AGAINST ALL LOGGED CLASS/UID/GROUP COUNTS
6,C,p6_C_cached_crt_noreset,p6_C_cached_crt_noreset_s29,29,NOT APPLICABLE,joint,4,train,lymphocyte,111,98,64,34,1.53125,5,48,DETERMINISTIC SAMPLER REPLAY VERIFIED AGAINST ALL LOGGED CLASS/UID/GROUP COUNTS
6,C,p6_C_cached_crt_noreset,p6_C_cached_crt_noreset_s29,29,NOT APPLICABLE,joint,4,train,plasma_cell,72,104,59,45,1.7627118644067796,4,17,DETERMINISTIC SAMPLER REPLAY VERIFIED AGAINST ALL LOGGED CLASS/UID/GROUP COUNTS
6,C,p6_C_cached_crt_noreset,p6_C_cached_crt_noreset_s29,29,NOT APPLICABLE,joint,4,train,histiocyte,72,88,52,36,1.6923076923076923,4,33,DETERMINISTIC SAMPLER REPLAY VERIFIED AGAINST ALL LOGGED CLASS/UID/GROUP COUNTS
6,C,p6_C_cached_crt_noreset,p6_C_cached_crt_noreset_s29,29,NOT APPLICABLE,joint,4,train,melanophage,72,91,51,40,1.7843137254901962,4,24,DETERMINISTIC SAMPLER REPLAY VERIFIED AGAINST ALL LOGGED CLASS/UID/GROUP COUNTS
6,C,p6_C_cached_crt_noreset,p6_C_cached_crt_noreset_s29,29,NOT APPLICABLE,joint,4,train,neutrophil,72,88,53,35,1.6603773584905661,4,7,DETERMINISTIC SAMPLER REPLAY VERIFIED AGAINST ALL LOGGED CLASS/UID/GROUP COUNTS
6,C,p6_C_cached_crt_noreset,p6_C_cached_crt_noreset_s29,29,NOT APPLICABLE,joint,4,train,stroma,72,88,49,39,1.7959183673469388,4,40,DETERMINISTIC SAMPLER REPLAY VERIFIED AGAINST ALL LOGGED CLASS/UID/GROUP COUNTS
6,C,p6_C_cached_crt_noreset,p6_C_cached_crt_noreset_s29,29,NOT APPLICABLE,joint,4,train,epithelium,72,99,57,42,1.736842105263158,4,10,DETERMINISTIC SAMPLER REPLAY VERIFIED AGAINST ALL LOGGED CLASS/UID/GROUP COUNTS
6,C,p6_C_cached_crt_noreset,p6_C_cached_crt_noreset_s29,29,NOT APPLICABLE,joint,4,train,endothelium,72,81,47,34,1.7234042553191489,4,35,DETERMINISTIC SAMPLER REPLAY VERIFIED AGAINST ALL LOGGED CLASS/UID/GROUP COUNTS
6,C,p6_C_cached_crt_noreset,p6_C_cached_crt_noreset_s29,29,NOT APPLICABLE,joint,4,train,apoptosis,72,79,52,27,1.5192307692307692,3,37,DETERMINISTIC SAMPLER REPLAY VERIFIED AGAINST ALL LOGGED CLASS/UID/GROUP COUNTS
6,C,p6_C_cached_crt_noreset,p6_C_cached_crt_noreset_s29,29,NOT APPLICABLE,joint,5,train,tumor,213,80,68,12,1.1764705882352942,3,45,DETERMINISTIC SAMPLER REPLAY VERIFIED AGAINST ALL LOGGED CLASS/UID/GROUP COUNTS
6,C,p6_C_cached_crt_noreset,p6_C_cached_crt_noreset_s29,29,NOT APPLICABLE,joint,5,train,lymphocyte,111,86,69,17,1.2463768115942029,3,46,DETERMINISTIC SAMPLER REPLAY VERIFIED AGAINST ALL LOGGED CLASS/UID/GROUP COUNTS
6,C,p6_C_cached_crt_noreset,p6_C_cached_crt_noreset_s29,29,NOT APPLICABLE,joint,5,train,plasma_cell,72,91,50,41,1.82,5,14,DETERMINISTIC SAMPLER REPLAY VERIFIED AGAINST ALL LOGGED CLASS/UID/GROUP COUNTS
6,C,p6_C_cached_crt_noreset,p6_C_cached_crt_noreset_s29,29,NOT APPLICABLE,joint,5,train,histiocyte,72,94,52,42,1.8076923076923077,4,35,DETERMINISTIC SAMPLER REPLAY VERIFIED AGAINST ALL LOGGED CLASS/UID/GROUP COUNTS
6,C,p6_C_cached_crt_noreset,p6_C_cached_crt_noreset_s29,29,NOT APPLICABLE,joint,5,train,melanophage,72,93,49,44,1.8979591836734695,5,23,DETERMINISTIC SAMPLER REPLAY VERIFIED AGAINST ALL LOGGED CLASS/UID/GROUP COUNTS
6,C,p6_C_cached_crt_noreset,p6_C_cached_crt_noreset_s29,29,NOT APPLICABLE,joint,5,train,neutrophil,72,91,52,39,1.75,5,7,DETERMINISTIC SAMPLER REPLAY VERIFIED AGAINST ALL LOGGED CLASS/UID/GROUP COUNTS
6,C,p6_C_cached_crt_noreset,p6_C_cached_crt_noreset_s29,29,NOT APPLICABLE,joint,5,train,stroma,72,82,52,30,1.5769230769230769,4,41,DETERMINISTIC SAMPLER REPLAY VERIFIED AGAINST ALL LOGGED CLASS/UID/GROUP COUNTS
6,C,p6_C_cached_crt_noreset,p6_C_cached_crt_noreset_s29,29,NOT APPLICABLE,joint,5,train,epithelium,72,101,51,50,1.9803921568627452,5,10,DETERMINISTIC SAMPLER REPLAY VERIFIED AGAINST ALL LOGGED CLASS/UID/GROUP COUNTS
6,C,p6_C_cached_crt_noreset,p6_C_cached_crt_noreset_s29,29,NOT APPLICABLE,joint,5,train,endothelium,72,85,48,37,1.7708333333333333,4,37,DETERMINISTIC SAMPLER REPLAY VERIFIED AGAINST ALL LOGGED CLASS/UID/GROUP COUNTS
6,C,p6_C_cached_crt_noreset,p6_C_cached_crt_noreset_s29,29,NOT APPLICABLE,joint,5,train,apoptosis,72,97,55,42,1.7636363636363637,6,36,DETERMINISTIC SAMPLER REPLAY VERIFIED AGAINST ALL LOGGED CLASS/UID/GROUP COUNTS
6,C,p6_C_cached_crt_noreset,p6_C_cached_crt_noreset_s29,29,NOT APPLICABLE,joint,6,train,tumor,213,99,77,22,1.2857142857142858,3,49,DETERMINISTIC SAMPLER REPLAY VERIFIED AGAINST ALL LOGGED CLASS/UID/GROUP COUNTS
6,C,p6_C_cached_crt_noreset,p6_C_cached_crt_noreset_s29,29,NOT APPLICABLE,joint,6,train,lymphocyte,111,87,61,26,1.4262295081967213,3,43,DETERMINISTIC SAMPLER REPLAY VERIFIED AGAINST ALL LOGGED CLASS/UID/GROUP COUNTS
6,C,p6_C_cached_crt_noreset,p6_C_cached_crt_noreset_s29,29,NOT APPLICABLE,joint,6,train,plasma_cell,72,75,44,31,1.7045454545454546,5,13,DETERMINISTIC SAMPLER REPLAY VERIFIED AGAINST ALL LOGGED CLASS/UID/GROUP COUNTS
6,C,p6_C_cached_crt_noreset,p6_C_cached_crt_noreset_s29,29,NOT APPLICABLE,joint,6,train,histiocyte,72,87,56,31,1.5535714285714286,3,36,DETERMINISTIC SAMPLER REPLAY VERIFIED AGAINST ALL LOGGED CLASS/UID/GROUP COUNTS
6,C,p6_C_cached_crt_noreset,p6_C_cached_crt_noreset_s29,29,NOT APPLICABLE,joint,6,train,melanophage,72,100,52,48,1.9230769230769231,5,23,DETERMINISTIC SAMPLER REPLAY VERIFIED AGAINST ALL LOGGED CLASS/UID/GROUP COUNTS
6,C,p6_C_cached_crt_noreset,p6_C_cached_crt_noreset_s29,29,NOT APPLICABLE,joint,6,train,neutrophil,72,104,53,51,1.9622641509433962,5,8,DETERMINISTIC SAMPLER REPLAY VERIFIED AGAINST ALL LOGGED CLASS/UID/GROUP COUNTS
6,C,p6_C_cached_crt_noreset,p6_C_cached_crt_noreset_s29,29,NOT APPLICABLE,joint,6,train,stroma,72,84,52,32,1.6153846153846154,4,39,DETERMINISTIC SAMPLER REPLAY VERIFIED AGAINST ALL LOGGED CLASS/UID/GROUP COUNTS
6,C,p6_C_cached_crt_noreset,p6_C_cached_crt_noreset_s29,29,NOT APPLICABLE,joint,6,train,epithelium,72,96,56,40,1.7142857142857142,4,10,DETERMINISTIC SAMPLER REPLAY VERIFIED AGAINST ALL LOGGED CLASS/UID/GROUP COUNTS
6,C,p6_C_cached_crt_noreset,p6_C_cached_crt_noreset_s29,29,NOT APPLICABLE,joint,6,train,endothelium,72,93,52,41,1.7884615384615385,4,36,DETERMINISTIC SAMPLER REPLAY VERIFIED AGAINST ALL LOGGED CLASS/UID/GROUP COUNTS
6,C,p6_C_cached_crt_noreset,p6_C_cached_crt_noreset_s29,29,NOT APPLICABLE,joint,6,train,apoptosis,72,75,49,26,1.530612244897959,4,32,DETERMINISTIC SAMPLER REPLAY VERIFIED AGAINST ALL LOGGED CLASS/UID/GROUP COUNTS
6,C,p6_C_cached_crt_noreset,p6_C_cached_crt_noreset_s29,29,NOT APPLICABLE,joint,7,train,tumor,213,84,68,16,1.2352941176470589,2,48,DETERMINISTIC SAMPLER REPLAY VERIFIED AGAINST ALL LOGGED CLASS/UID/GROUP COUNTS
6,C,p6_C_cached_crt_noreset,p6_C_cached_crt_noreset_s29,29,NOT APPLICABLE,joint,7,train,lymphocyte,111,89,62,27,1.435483870967742,4,44,DETERMINISTIC SAMPLER REPLAY VERIFIED AGAINST ALL LOGGED CLASS/UID/GROUP COUNTS
6,C,p6_C_cached_crt_noreset,p6_C_cached_crt_noreset_s29,29,NOT APPLICABLE,joint,7,train,plasma_cell,72,84,50,34,1.68,4,13,DETERMINISTIC SAMPLER REPLAY VERIFIED AGAINST ALL LOGGED CLASS/UID/GROUP COUNTS
6,C,p6_C_cached_crt_noreset,p6_C_cached_crt_noreset_s29,29,NOT APPLICABLE,joint,7,train,histiocyte,72,80,49,31,1.6326530612244898,4,31,DETERMINISTIC SAMPLER REPLAY VERIFIED AGAINST ALL LOGGED CLASS/UID/GROUP COUNTS
6,C,p6_C_cached_crt_noreset,p6_C_cached_crt_noreset_s29,29,NOT APPLICABLE,joint,7,train,melanophage,72,79,50,29,1.58,4,24,DETERMINISTIC SAMPLER REPLAY VERIFIED AGAINST ALL LOGGED CLASS/UID/GROUP COUNTS
6,C,p6_C_cached_crt_noreset,p6_C_cached_crt_noreset_s29,29,NOT APPLICABLE,joint,7,train,neutrophil,72,87,47,40,1.851063829787234,4,8,DETERMINISTIC SAMPLER REPLAY VERIFIED AGAINST ALL LOGGED CLASS/UID/GROUP COUNTS
6,C,p6_C_cached_crt_noreset,p6_C_cached_crt_noreset_s29,29,NOT APPLICABLE,joint,7,train,stroma,72,93,55,38,1.690909090909091,4,42,DETERMINISTIC SAMPLER REPLAY VERIFIED AGAINST ALL LOGGED CLASS/UID/GROUP COUNTS
6,C,p6_C_cached_crt_noreset,p6_C_cached_crt_noreset_s29,29,NOT APPLICABLE,joint,7,train,epithelium,72,105,51,54,2.0588235294117645,5,10,DETERMINISTIC SAMPLER REPLAY VERIFIED AGAINST ALL LOGGED CLASS/UID/GROUP COUNTS
6,C,p6_C_cached_crt_noreset,p6_C_cached_crt_noreset_s29,29,NOT APPLICABLE,joint,7,train,endothelium,72,91,55,36,1.6545454545454545,6,41,DETERMINISTIC SAMPLER REPLAY VERIFIED AGAINST ALL LOGGED CLASS/UID/GROUP COUNTS
6,C,p6_C_cached_crt_noreset,p6_C_cached_crt_noreset_s29,29,NOT APPLICABLE,joint,7,train,apoptosis,72,108,58,50,1.8620689655172413,6,35,DETERMINISTIC SAMPLER REPLAY VERIFIED AGAINST ALL LOGGED CLASS/UID/GROUP COUNTS
6,C,p6_C_cached_crt_noreset,p6_C_cached_crt_noreset_s29,29,NOT APPLICABLE,joint,8,train,tumor,213,85,70,15,1.2142857142857142,4,47,DETERMINISTIC SAMPLER REPLAY VERIFIED AGAINST ALL LOGGED CLASS/UID/GROUP COUNTS
6,C,p6_C_cached_crt_noreset,p6_C_cached_crt_noreset_s29,29,NOT APPLICABLE,joint,8,train,lymphocyte,111,89,63,26,1.4126984126984128,5,47,DETERMINISTIC SAMPLER REPLAY VERIFIED AGAINST ALL LOGGED CLASS/UID/GROUP COUNTS
6,C,p6_C_cached_crt_noreset,p6_C_cached_crt_noreset_s29,29,NOT APPLICABLE,joint,8,train,plasma_cell,72,85,52,33,1.6346153846153846,3,15,DETERMINISTIC SAMPLER REPLAY VERIFIED AGAINST ALL LOGGED CLASS/UID/GROUP COUNTS
6,C,p6_C_cached_crt_noreset,p6_C_cached_crt_noreset_s29,29,NOT APPLICABLE,joint,8,train,histiocyte,72,95,45,50,2.111111111111111,5,29,DETERMINISTIC SAMPLER REPLAY VERIFIED AGAINST ALL LOGGED CLASS/UID/GROUP COUNTS
6,C,p6_C_cached_crt_noreset,p6_C_cached_crt_noreset_s29,29,NOT APPLICABLE,joint,8,train,melanophage,72,111,58,53,1.9137931034482758,4,25,DETERMINISTIC SAMPLER REPLAY VERIFIED AGAINST ALL LOGGED CLASS/UID/GROUP COUNTS
6,C,p6_C_cached_crt_noreset,p6_C_cached_crt_noreset_s29,29,NOT APPLICABLE,joint,8,train,neutrophil,72,69,45,24,1.5333333333333334,5,7,DETERMINISTIC SAMPLER REPLAY VERIFIED AGAINST ALL LOGGED CLASS/UID/GROUP COUNTS
6,C,p6_C_cached_crt_noreset,p6_C_cached_crt_noreset_s29,29,NOT APPLICABLE,joint,8,train,stroma,72,84,51,33,1.6470588235294117,4,41,DETERMINISTIC SAMPLER REPLAY VERIFIED AGAINST ALL LOGGED CLASS/UID/GROUP COUNTS
6,C,p6_C_cached_crt_noreset,p6_C_cached_crt_noreset_s29,29,NOT APPLICABLE,joint,8,train,epithelium,72,97,49,48,1.9795918367346939,5,10,DETERMINISTIC SAMPLER REPLAY VERIFIED AGAINST ALL LOGGED CLASS/UID/GROUP COUNTS
6,C,p6_C_cached_crt_noreset,p6_C_cached_crt_noreset_s29,29,NOT APPLICABLE,joint,8,train,endothelium,72,96,53,43,1.8113207547169812,5,36,DETERMINISTIC SAMPLER REPLAY VERIFIED AGAINST ALL LOGGED CLASS/UID/GROUP COUNTS
6,C,p6_C_cached_crt_noreset,p6_C_cached_crt_noreset_s29,29,NOT APPLICABLE,joint,8,train,apoptosis,72,89,51,38,1.7450980392156863,5,33,DETERMINISTIC SAMPLER REPLAY VERIFIED AGAINST ALL LOGGED CLASS/UID/GROUP COUNTS
6,C,p6_C_cached_crt_noreset,p6_C_cached_crt_noreset_s29,29,NOT APPLICABLE,joint,9,train,tumor,213,89,74,15,1.2027027027027026,3,48,DETERMINISTIC SAMPLER REPLAY VERIFIED AGAINST ALL LOGGED CLASS/UID/GROUP COUNTS
6,C,p6_C_cached_crt_noreset,p6_C_cached_crt_noreset_s29,29,NOT APPLICABLE,joint,9,train,lymphocyte,111,84,63,21,1.3333333333333333,5,45,DETERMINISTIC SAMPLER REPLAY VERIFIED AGAINST ALL LOGGED CLASS/UID/GROUP COUNTS
6,C,p6_C_cached_crt_noreset,p6_C_cached_crt_noreset_s29,29,NOT APPLICABLE,joint,9,train,plasma_cell,72,102,58,44,1.7586206896551724,4,16,DETERMINISTIC SAMPLER REPLAY VERIFIED AGAINST ALL LOGGED CLASS/UID/GROUP COUNTS
6,C,p6_C_cached_crt_noreset,p6_C_cached_crt_noreset_s29,29,NOT APPLICABLE,joint,9,train,histiocyte,72,115,59,56,1.9491525423728813,5,36,DETERMINISTIC SAMPLER REPLAY VERIFIED AGAINST ALL LOGGED CLASS/UID/GROUP COUNTS
6,C,p6_C_cached_crt_noreset,p6_C_cached_crt_noreset_s29,29,NOT APPLICABLE,joint,9,train,melanophage,72,93,53,40,1.7547169811320755,4,24,DETERMINISTIC SAMPLER REPLAY VERIFIED AGAINST ALL LOGGED CLASS/UID/GROUP COUNTS
6,C,p6_C_cached_crt_noreset,p6_C_cached_crt_noreset_s29,29,NOT APPLICABLE,joint,9,train,neutrophil,72,90,54,36,1.6666666666666667,4,6,DETERMINISTIC SAMPLER REPLAY VERIFIED AGAINST ALL LOGGED CLASS/UID/GROUP COUNTS
6,C,p6_C_cached_crt_noreset,p6_C_cached_crt_noreset_s29,29,NOT APPLICABLE,joint,9,train,stroma,72,86,52,34,1.6538461538461537,5,41,DETERMINISTIC SAMPLER REPLAY VERIFIED AGAINST ALL LOGGED CLASS/UID/GROUP COUNTS
6,C,p6_C_cached_crt_noreset,p6_C_cached_crt_noreset_s29,29,NOT APPLICABLE,joint,9,train,epithelium,72,101,55,46,1.8363636363636364,5,10,DETERMINISTIC SAMPLER REPLAY VERIFIED AGAINST ALL LOGGED CLASS/UID/GROUP COUNTS
6,C,p6_C_cached_crt_noreset,p6_C_cached_crt_noreset_s29,29,NOT APPLICABLE,joint,9,train,endothelium,72,66,44,22,1.5,3,32,DETERMINISTIC SAMPLER REPLAY VERIFIED AGAINST ALL LOGGED CLASS/UID/GROUP COUNTS
6,C,p6_C_cached_crt_noreset,p6_C_cached_crt_noreset_s29,29,NOT APPLICABLE,joint,9,train,apoptosis,72,74,47,27,1.574468085106383,3,34,DETERMINISTIC SAMPLER REPLAY VERIFIED AGAINST ALL LOGGED CLASS/UID/GROUP COUNTS
6,C,p6_C_cached_crt_noreset,p6_C_cached_crt_noreset_s29,29,NOT APPLICABLE,joint,10,train,tumor,213,80,67,13,1.1940298507462686,3,42,DETERMINISTIC SAMPLER REPLAY VERIFIED AGAINST ALL LOGGED CLASS/UID/GROUP COUNTS
6,C,p6_C_cached_crt_noreset,p6_C_cached_crt_noreset_s29,29,NOT APPLICABLE,joint,10,train,lymphocyte,111,105,67,38,1.5671641791044777,4,47,DETERMINISTIC SAMPLER REPLAY VERIFIED AGAINST ALL LOGGED CLASS/UID/GROUP COUNTS
6,C,p6_C_cached_crt_noreset,p6_C_cached_crt_noreset_s29,29,NOT APPLICABLE,joint,10,train,plasma_cell,72,95,49,46,1.9387755102040816,6,17,DETERMINISTIC SAMPLER REPLAY VERIFIED AGAINST ALL LOGGED CLASS/UID/GROUP COUNTS
6,C,p6_C_cached_crt_noreset,p6_C_cached_crt_noreset_s29,29,NOT APPLICABLE,joint,10,train,histiocyte,72,94,48,46,1.9583333333333333,5,33,DETERMINISTIC SAMPLER REPLAY VERIFIED AGAINST ALL LOGGED CLASS/UID/GROUP COUNTS
6,C,p6_C_cached_crt_noreset,p6_C_cached_crt_noreset_s29,29,NOT APPLICABLE,joint,10,train,melanophage,72,92,52,40,1.7692307692307692,4,23,DETERMINISTIC SAMPLER REPLAY VERIFIED AGAINST ALL LOGGED CLASS/UID/GROUP COUNTS
6,C,p6_C_cached_crt_noreset,p6_C_cached_crt_noreset_s29,29,NOT APPLICABLE,joint,10,train,neutrophil,72,86,51,35,1.6862745098039216,4,7,DETERMINISTIC SAMPLER REPLAY VERIFIED AGAINST ALL LOGGED CLASS/UID/GROUP COUNTS
6,C,p6_C_cached_crt_noreset,p6_C_cached_crt_noreset_s29,29,NOT APPLICABLE,joint,10,train,stroma,72,102,57,45,1.7894736842105263,4,43,DETERMINISTIC SAMPLER REPLAY VERIFIED AGAINST ALL LOGGED CLASS/UID/GROUP COUNTS
6,C,p6_C_cached_crt_noreset,p6_C_cached_crt_noreset_s29,29,NOT APPLICABLE,joint,10,train,epithelium,72,90,50,40,1.8,4,10,DETERMINISTIC SAMPLER REPLAY VERIFIED AGAINST ALL LOGGED CLASS/UID/GROUP COUNTS
6,C,p6_C_cached_crt_noreset,p6_C_cached_crt_noreset_s29,29,NOT APPLICABLE,joint,10,train,endothelium,72,78,47,31,1.6595744680851063,4,32,DETERMINISTIC SAMPLER REPLAY VERIFIED AGAINST ALL LOGGED CLASS/UID/GROUP COUNTS
6,C,p6_C_cached_crt_noreset,p6_C_cached_crt_noreset_s29,29,NOT APPLICABLE,joint,10,train,apoptosis,72,78,44,34,1.7727272727272727,4,31,DETERMINISTIC SAMPLER REPLAY VERIFIED AGAINST ALL LOGGED CLASS/UID/GROUP COUNTS
6,C,p6_C_cached_crt_noreset,p6_C_cached_crt_noreset_s29,29,NOT APPLICABLE,decoupled,1,train,tumor,213,101,87,14,1.160919540229885,3,51,DETERMINISTIC SAMPLER REPLAY VERIFIED AGAINST ALL LOGGED CLASS/UID/GROUP COUNTS
6,C,p6_C_cached_crt_noreset,p6_C_cached_crt_noreset_s29,29,NOT APPLICABLE,decoupled,1,train,lymphocyte,111,98,63,35,1.5555555555555556,4,46,DETERMINISTIC SAMPLER REPLAY VERIFIED AGAINST ALL LOGGED CLASS/UID/GROUP COUNTS
6,C,p6_C_cached_crt_noreset,p6_C_cached_crt_noreset_s29,29,NOT APPLICABLE,decoupled,1,train,plasma_cell,72,97,52,45,1.8653846153846154,5,13,DETERMINISTIC SAMPLER REPLAY VERIFIED AGAINST ALL LOGGED CLASS/UID/GROUP COUNTS
6,C,p6_C_cached_crt_noreset,p6_C_cached_crt_noreset_s29,29,NOT APPLICABLE,decoupled,1,train,histiocyte,72,86,49,37,1.7551020408163265,5,34,DETERMINISTIC SAMPLER REPLAY VERIFIED AGAINST ALL LOGGED CLASS/UID/GROUP COUNTS
6,C,p6_C_cached_crt_noreset,p6_C_cached_crt_noreset_s29,29,NOT APPLICABLE,decoupled,1,train,melanophage,72,79,51,28,1.5490196078431373,4,22,DETERMINISTIC SAMPLER REPLAY VERIFIED AGAINST ALL LOGGED CLASS/UID/GROUP COUNTS
6,C,p6_C_cached_crt_noreset,p6_C_cached_crt_noreset_s29,29,NOT APPLICABLE,decoupled,1,train,neutrophil,72,89,53,36,1.679245283018868,5,8,DETERMINISTIC SAMPLER REPLAY VERIFIED AGAINST ALL LOGGED CLASS/UID/GROUP COUNTS
6,C,p6_C_cached_crt_noreset,p6_C_cached_crt_noreset_s29,29,NOT APPLICABLE,decoupled,1,train,stroma,72,97,56,41,1.7321428571428572,3,43,DETERMINISTIC SAMPLER REPLAY VERIFIED AGAINST ALL LOGGED CLASS/UID/GROUP COUNTS
6,C,p6_C_cached_crt_noreset,p6_C_cached_crt_noreset_s29,29,NOT APPLICABLE,decoupled,1,train,epithelium,72,78,47,31,1.6595744680851063,5,10,DETERMINISTIC SAMPLER REPLAY VERIFIED AGAINST ALL LOGGED CLASS/UID/GROUP COUNTS
6,C,p6_C_cached_crt_noreset,p6_C_cached_crt_noreset_s29,29,NOT APPLICABLE,decoupled,1,train,endothelium,72,86,48,38,1.7916666666666667,5,34,DETERMINISTIC SAMPLER REPLAY VERIFIED AGAINST ALL LOGGED CLASS/UID/GROUP COUNTS
6,C,p6_C_cached_crt_noreset,p6_C_cached_crt_noreset_s29,29,NOT APPLICABLE,decoupled,1,train,apoptosis,72,89,52,37,1.7115384615384615,4,34,DETERMINISTIC SAMPLER REPLAY VERIFIED AGAINST ALL LOGGED CLASS/UID/GROUP COUNTS
6,C,p6_C_cached_crt_noreset,p6_C_cached_crt_noreset_s29,29,NOT APPLICABLE,decoupled,2,train,tumor,213,88,69,19,1.2753623188405796,3,49,DETERMINISTIC SAMPLER REPLAY VERIFIED AGAINST ALL LOGGED CLASS/UID/GROUP COUNTS
6,C,p6_C_cached_crt_noreset,p6_C_cached_crt_noreset_s29,29,NOT APPLICABLE,decoupled,2,train,lymphocyte,111,90,65,25,1.3846153846153846,5,47,DETERMINISTIC SAMPLER REPLAY VERIFIED AGAINST ALL LOGGED CLASS/UID/GROUP COUNTS
6,C,p6_C_cached_crt_noreset,p6_C_cached_crt_noreset_s29,29,NOT APPLICABLE,decoupled,2,train,plasma_cell,72,82,51,31,1.607843137254902,5,14,DETERMINISTIC SAMPLER REPLAY VERIFIED AGAINST ALL LOGGED CLASS/UID/GROUP COUNTS
6,C,p6_C_cached_crt_noreset,p6_C_cached_crt_noreset_s29,29,NOT APPLICABLE,decoupled,2,train,histiocyte,72,89,54,35,1.6481481481481481,3,34,DETERMINISTIC SAMPLER REPLAY VERIFIED AGAINST ALL LOGGED CLASS/UID/GROUP COUNTS
6,C,p6_C_cached_crt_noreset,p6_C_cached_crt_noreset_s29,29,NOT APPLICABLE,decoupled,2,train,melanophage,72,91,53,38,1.7169811320754718,5,21,DETERMINISTIC SAMPLER REPLAY VERIFIED AGAINST ALL LOGGED CLASS/UID/GROUP COUNTS
6,C,p6_C_cached_crt_noreset,p6_C_cached_crt_noreset_s29,29,NOT APPLICABLE,decoupled,2,train,neutrophil,72,84,52,32,1.6153846153846154,5,8,DETERMINISTIC SAMPLER REPLAY VERIFIED AGAINST ALL LOGGED CLASS/UID/GROUP COUNTS
6,C,p6_C_cached_crt_noreset,p6_C_cached_crt_noreset_s29,29,NOT APPLICABLE,decoupled,2,train,stroma,72,87,48,39,1.8125,5,37,DETERMINISTIC SAMPLER REPLAY VERIFIED AGAINST ALL LOGGED CLASS/UID/GROUP COUNTS
6,C,p6_C_cached_crt_noreset,p6_C_cached_crt_noreset_s29,29,NOT APPLICABLE,decoupled,2,train,epithelium,72,88,50,38,1.76,5,10,DETERMINISTIC SAMPLER REPLAY VERIFIED AGAINST ALL LOGGED CLASS/UID/GROUP COUNTS
6,C,p6_C_cached_crt_noreset,p6_C_cached_crt_noreset_s29,29,NOT APPLICABLE,decoupled,2,train,endothelium,72,101,54,47,1.8703703703703705,6,38,DETERMINISTIC SAMPLER REPLAY VERIFIED AGAINST ALL LOGGED CLASS/UID/GROUP COUNTS
6,C,p6_C_cached_crt_noreset,p6_C_cached_crt_noreset_s29,29,NOT APPLICABLE,decoupled,2,train,apoptosis,72,100,53,47,1.8867924528301887,5,33,DETERMINISTIC SAMPLER REPLAY VERIFIED AGAINST ALL LOGGED CLASS/UID/GROUP COUNTS
6,C,p6_C_cached_crt_noreset,p6_C_cached_crt_noreset_s29,29,NOT APPLICABLE,decoupled,3,train,tumor,213,92,74,18,1.2432432432432432,3,49,DETERMINISTIC SAMPLER REPLAY VERIFIED AGAINST ALL LOGGED CLASS/UID/GROUP COUNTS
6,C,p6_C_cached_crt_noreset,p6_C_cached_crt_noreset_s29,29,NOT APPLICABLE,decoupled,3,train,lymphocyte,111,95,66,29,1.4393939393939394,5,46,DETERMINISTIC SAMPLER REPLAY VERIFIED AGAINST ALL LOGGED CLASS/UID/GROUP COUNTS
6,C,p6_C_cached_crt_noreset,p6_C_cached_crt_noreset_s29,29,NOT APPLICABLE,decoupled,3,train,plasma_cell,72,79,46,33,1.7173913043478262,4,13,DETERMINISTIC SAMPLER REPLAY VERIFIED AGAINST ALL LOGGED CLASS/UID/GROUP COUNTS
6,C,p6_C_cached_crt_noreset,p6_C_cached_crt_noreset_s29,29,NOT APPLICABLE,decoupled,3,train,histiocyte,72,95,55,40,1.7272727272727273,5,33,DETERMINISTIC SAMPLER REPLAY VERIFIED AGAINST ALL LOGGED CLASS/UID/GROUP COUNTS
6,C,p6_C_cached_crt_noreset,p6_C_cached_crt_noreset_s29,29,NOT APPLICABLE,decoupled,3,train,melanophage,72,95,51,44,1.8627450980392157,5,23,DETERMINISTIC SAMPLER REPLAY VERIFIED AGAINST ALL LOGGED CLASS/UID/GROUP COUNTS
6,C,p6_C_cached_crt_noreset,p6_C_cached_crt_noreset_s29,29,NOT APPLICABLE,decoupled,3,train,neutrophil,72,81,46,35,1.7608695652173914,6,7,DETERMINISTIC SAMPLER REPLAY VERIFIED AGAINST ALL LOGGED CLASS/UID/GROUP COUNTS
6,C,p6_C_cached_crt_noreset,p6_C_cached_crt_noreset_s29,29,NOT APPLICABLE,decoupled,3,train,stroma,72,88,55,33,1.6,3,39,DETERMINISTIC SAMPLER REPLAY VERIFIED AGAINST ALL LOGGED CLASS/UID/GROUP COUNTS
6,C,p6_C_cached_crt_noreset,p6_C_cached_crt_noreset_s29,29,NOT APPLICABLE,decoupled,3,train,epithelium,72,86,48,38,1.7916666666666667,4,10,DETERMINISTIC SAMPLER REPLAY VERIFIED AGAINST ALL LOGGED CLASS/UID/GROUP COUNTS
6,C,p6_C_cached_crt_noreset,p6_C_cached_crt_noreset_s29,29,NOT APPLICABLE,decoupled,3,train,endothelium,72,91,50,41,1.82,5,33,DETERMINISTIC SAMPLER REPLAY VERIFIED AGAINST ALL LOGGED CLASS/UID/GROUP COUNTS
6,C,p6_C_cached_crt_noreset,p6_C_cached_crt_noreset_s29,29,NOT APPLICABLE,decoupled,3,train,apoptosis,72,98,47,51,2.0851063829787235,5,33,DETERMINISTIC SAMPLER REPLAY VERIFIED AGAINST ALL LOGGED CLASS/UID/GROUP COUNTS
6,C,p6_C_cached_crt_noreset,p6_C_cached_crt_noreset_s29,29,NOT APPLICABLE,decoupled,4,train,tumor,213,92,78,14,1.1794871794871795,3,53,DETERMINISTIC SAMPLER REPLAY VERIFIED AGAINST ALL LOGGED CLASS/UID/GROUP COUNTS
6,C,p6_C_cached_crt_noreset,p6_C_cached_crt_noreset_s29,29,NOT APPLICABLE,decoupled,4,train,lymphocyte,111,72,57,15,1.263157894736842,5,44,DETERMINISTIC SAMPLER REPLAY VERIFIED AGAINST ALL LOGGED CLASS/UID/GROUP COUNTS
6,C,p6_C_cached_crt_noreset,p6_C_cached_crt_noreset_s29,29,NOT APPLICABLE,decoupled,4,train,plasma_cell,72,85,50,35,1.7,4,13,DETERMINISTIC SAMPLER REPLAY VERIFIED AGAINST ALL LOGGED CLASS/UID/GROUP COUNTS
6,C,p6_C_cached_crt_noreset,p6_C_cached_crt_noreset_s29,29,NOT APPLICABLE,decoupled,4,train,histiocyte,72,97,51,46,1.9019607843137254,5,33,DETERMINISTIC SAMPLER REPLAY VERIFIED AGAINST ALL LOGGED CLASS/UID/GROUP COUNTS
6,C,p6_C_cached_crt_noreset,p6_C_cached_crt_noreset_s29,29,NOT APPLICABLE,decoupled,4,train,melanophage,72,115,55,60,2.090909090909091,7,25,DETERMINISTIC SAMPLER REPLAY VERIFIED AGAINST ALL LOGGED CLASS/UID/GROUP COUNTS
6,C,p6_C_cached_crt_noreset,p6_C_cached_crt_noreset_s29,29,NOT APPLICABLE,decoupled,4,train,neutrophil,72,87,49,38,1.7755102040816326,5,7,DETERMINISTIC SAMPLER REPLAY VERIFIED AGAINST ALL LOGGED CLASS/UID/GROUP COUNTS
6,C,p6_C_cached_crt_noreset,p6_C_cached_crt_noreset_s29,29,NOT APPLICABLE,decoupled,4,train,stroma,72,89,48,41,1.8541666666666667,5,38,DETERMINISTIC SAMPLER REPLAY VERIFIED AGAINST ALL LOGGED CLASS/UID/GROUP COUNTS
6,C,p6_C_cached_crt_noreset,p6_C_cached_crt_noreset_s29,29,NOT APPLICABLE,decoupled,4,train,epithelium,72,93,54,39,1.7222222222222223,4,10,DETERMINISTIC SAMPLER REPLAY VERIFIED AGAINST ALL LOGGED CLASS/UID/GROUP COUNTS
6,C,p6_C_cached_crt_noreset,p6_C_cached_crt_noreset_s29,29,NOT APPLICABLE,decoupled,4,train,endothelium,72,90,49,41,1.836734693877551,5,36,DETERMINISTIC SAMPLER REPLAY VERIFIED AGAINST ALL LOGGED CLASS/UID/GROUP COUNTS
6,C,p6_C_cached_crt_noreset,p6_C_cached_crt_noreset_s29,29,NOT APPLICABLE,decoupled,4,train,apoptosis,72,80,53,27,1.509433962264151,3,35,DETERMINISTIC SAMPLER REPLAY VERIFIED AGAINST ALL LOGGED CLASS/UID/GROUP COUNTS
6,C,p6_C_cached_crt_noreset,p6_C_cached_crt_noreset_s29,29,NOT APPLICABLE,decoupled,5,train,tumor,213,88,66,22,1.3333333333333333,3,43,DETERMINISTIC SAMPLER REPLAY VERIFIED AGAINST ALL LOGGED CLASS/UID/GROUP COUNTS
6,C,p6_C_cached_crt_noreset,p6_C_cached_crt_noreset_s29,29,NOT APPLICABLE,decoupled,5,train,lymphocyte,111,91,64,27,1.421875,3,48,DETERMINISTIC SAMPLER REPLAY VERIFIED AGAINST ALL LOGGED CLASS/UID/GROUP COUNTS
6,C,p6_C_cached_crt_noreset,p6_C_cached_crt_noreset_s29,29,NOT APPLICABLE,decoupled,5,train,plasma_cell,72,89,51,38,1.7450980392156863,3,16,DETERMINISTIC SAMPLER REPLAY VERIFIED AGAINST ALL LOGGED CLASS/UID/GROUP COUNTS
6,C,p6_C_cached_crt_noreset,p6_C_cached_crt_noreset_s29,29,NOT APPLICABLE,decoupled,5,train,histiocyte,72,94,55,39,1.709090909090909,4,33,DETERMINISTIC SAMPLER REPLAY VERIFIED AGAINST ALL LOGGED CLASS/UID/GROUP COUNTS
6,C,p6_C_cached_crt_noreset,p6_C_cached_crt_noreset_s29,29,NOT APPLICABLE,decoupled,5,train,melanophage,72,96,54,42,1.7777777777777777,4,24,DETERMINISTIC SAMPLER REPLAY VERIFIED AGAINST ALL LOGGED CLASS/UID/GROUP COUNTS
6,C,p6_C_cached_crt_noreset,p6_C_cached_crt_noreset_s29,29,NOT APPLICABLE,decoupled,5,train,neutrophil,72,105,52,53,2.019230769230769,6,7,DETERMINISTIC SAMPLER REPLAY VERIFIED AGAINST ALL LOGGED CLASS/UID/GROUP COUNTS
6,C,p6_C_cached_crt_noreset,p6_C_cached_crt_noreset_s29,29,NOT APPLICABLE,decoupled,5,train,stroma,72,77,46,31,1.673913043478261,4,40,DETERMINISTIC SAMPLER REPLAY VERIFIED AGAINST ALL LOGGED CLASS/UID/GROUP COUNTS
6,C,p6_C_cached_crt_noreset,p6_C_cached_crt_noreset_s29,29,NOT APPLICABLE,decoupled,5,train,epithelium,72,83,48,35,1.7291666666666667,5,10,DETERMINISTIC SAMPLER REPLAY VERIFIED AGAINST ALL LOGGED CLASS/UID/GROUP COUNTS
6,C,p6_C_cached_crt_noreset,p6_C_cached_crt_noreset_s29,29,NOT APPLICABLE,decoupled,5,train,endothelium,72,84,50,34,1.68,4,37,DETERMINISTIC SAMPLER REPLAY VERIFIED AGAINST ALL LOGGED CLASS/UID/GROUP COUNTS
6,C,p6_C_cached_crt_noreset,p6_C_cached_crt_noreset_s29,29,NOT APPLICABLE,decoupled,5,train,apoptosis,72,93,54,39,1.7222222222222223,4,38,DETERMINISTIC SAMPLER REPLAY VERIFIED AGAINST ALL LOGGED CLASS/UID/GROUP COUNTS
6,C,p6_C_cached_crt_noreset,p6_C_cached_crt_noreset_s43,43,NOT APPLICABLE,joint,1,train,tumor,213,81,65,16,1.2461538461538462,3,43,DETERMINISTIC SAMPLER REPLAY VERIFIED AGAINST ALL LOGGED CLASS/UID/GROUP COUNTS
6,C,p6_C_cached_crt_noreset,p6_C_cached_crt_noreset_s43,43,NOT APPLICABLE,joint,1,train,lymphocyte,111,83,59,24,1.4067796610169492,4,45,DETERMINISTIC SAMPLER REPLAY VERIFIED AGAINST ALL LOGGED CLASS/UID/GROUP COUNTS
6,C,p6_C_cached_crt_noreset,p6_C_cached_crt_noreset_s43,43,NOT APPLICABLE,joint,1,train,plasma_cell,72,83,45,38,1.8444444444444446,4,16,DETERMINISTIC SAMPLER REPLAY VERIFIED AGAINST ALL LOGGED CLASS/UID/GROUP COUNTS
6,C,p6_C_cached_crt_noreset,p6_C_cached_crt_noreset_s43,43,NOT APPLICABLE,joint,1,train,histiocyte,72,91,56,35,1.625,5,36,DETERMINISTIC SAMPLER REPLAY VERIFIED AGAINST ALL LOGGED CLASS/UID/GROUP COUNTS
6,C,p6_C_cached_crt_noreset,p6_C_cached_crt_noreset_s43,43,NOT APPLICABLE,joint,1,train,melanophage,72,111,59,52,1.88135593220339,5,25,DETERMINISTIC SAMPLER REPLAY VERIFIED AGAINST ALL LOGGED CLASS/UID/GROUP COUNTS
6,C,p6_C_cached_crt_noreset,p6_C_cached_crt_noreset_s43,43,NOT APPLICABLE,joint,1,train,neutrophil,72,91,45,46,2.022222222222222,5,6,DETERMINISTIC SAMPLER REPLAY VERIFIED AGAINST ALL LOGGED CLASS/UID/GROUP COUNTS
6,C,p6_C_cached_crt_noreset,p6_C_cached_crt_noreset_s43,43,NOT APPLICABLE,joint,1,train,stroma,72,102,56,46,1.8214285714285714,5,43,DETERMINISTIC SAMPLER REPLAY VERIFIED AGAINST ALL LOGGED CLASS/UID/GROUP COUNTS
6,C,p6_C_cached_crt_noreset,p6_C_cached_crt_noreset_s43,43,NOT APPLICABLE,joint,1,train,epithelium,72,84,47,37,1.7872340425531914,4,10,DETERMINISTIC SAMPLER REPLAY VERIFIED AGAINST ALL LOGGED CLASS/UID/GROUP COUNTS
6,C,p6_C_cached_crt_noreset,p6_C_cached_crt_noreset_s43,43,NOT APPLICABLE,joint,1,train,endothelium,72,91,52,39,1.75,5,36,DETERMINISTIC SAMPLER REPLAY VERIFIED AGAINST ALL LOGGED CLASS/UID/GROUP COUNTS
6,C,p6_C_cached_crt_noreset,p6_C_cached_crt_noreset_s43,43,NOT APPLICABLE,joint,1,train,apoptosis,72,83,54,29,1.537037037037037,3,33,DETERMINISTIC SAMPLER REPLAY VERIFIED AGAINST ALL LOGGED CLASS/UID/GROUP COUNTS
6,C,p6_C_cached_crt_noreset,p6_C_cached_crt_noreset_s43,43,NOT APPLICABLE,joint,2,train,tumor,213,97,79,18,1.2278481012658229,3,52,DETERMINISTIC SAMPLER REPLAY VERIFIED AGAINST ALL LOGGED CLASS/UID/GROUP COUNTS
6,C,p6_C_cached_crt_noreset,p6_C_cached_crt_noreset_s43,43,NOT APPLICABLE,joint,2,train,lymphocyte,111,84,62,22,1.3548387096774193,3,47,DETERMINISTIC SAMPLER REPLAY VERIFIED AGAINST ALL LOGGED CLASS/UID/GROUP COUNTS
6,C,p6_C_cached_crt_noreset,p6_C_cached_crt_noreset_s43,43,NOT APPLICABLE,joint,2,train,plasma_cell,72,95,51,44,1.8627450980392157,7,13,DETERMINISTIC SAMPLER REPLAY VERIFIED AGAINST ALL LOGGED CLASS/UID/GROUP COUNTS
6,C,p6_C_cached_crt_noreset,p6_C_cached_crt_noreset_s43,43,NOT APPLICABLE,joint,2,train,histiocyte,72,87,53,34,1.6415094339622642,4,34,DETERMINISTIC SAMPLER REPLAY VERIFIED AGAINST ALL LOGGED CLASS/UID/GROUP COUNTS
6,C,p6_C_cached_crt_noreset,p6_C_cached_crt_noreset_s43,43,NOT APPLICABLE,joint,2,train,melanophage,72,94,51,43,1.8431372549019607,4,25,DETERMINISTIC SAMPLER REPLAY VERIFIED AGAINST ALL LOGGED CLASS/UID/GROUP COUNTS
6,C,p6_C_cached_crt_noreset,p6_C_cached_crt_noreset_s43,43,NOT APPLICABLE,joint,2,train,neutrophil,72,100,51,49,1.9607843137254901,5,7,DETERMINISTIC SAMPLER REPLAY VERIFIED AGAINST ALL LOGGED CLASS/UID/GROUP COUNTS
6,C,p6_C_cached_crt_noreset,p6_C_cached_crt_noreset_s43,43,NOT APPLICABLE,joint,2,train,stroma,72,83,48,35,1.7291666666666667,4,36,DETERMINISTIC SAMPLER REPLAY VERIFIED AGAINST ALL LOGGED CLASS/UID/GROUP COUNTS
6,C,p6_C_cached_crt_noreset,p6_C_cached_crt_noreset_s43,43,NOT APPLICABLE,joint,2,train,epithelium,72,81,53,28,1.528301886792453,4,10,DETERMINISTIC SAMPLER REPLAY VERIFIED AGAINST ALL LOGGED CLASS/UID/GROUP COUNTS
6,C,p6_C_cached_crt_noreset,p6_C_cached_crt_noreset_s43,43,NOT APPLICABLE,joint,2,train,endothelium,72,103,55,48,1.8727272727272728,6,39,DETERMINISTIC SAMPLER REPLAY VERIFIED AGAINST ALL LOGGED CLASS/UID/GROUP COUNTS
6,C,p6_C_cached_crt_noreset,p6_C_cached_crt_noreset_s43,43,NOT APPLICABLE,joint,2,train,apoptosis,72,76,49,27,1.5510204081632653,6,33,DETERMINISTIC SAMPLER REPLAY VERIFIED AGAINST ALL LOGGED CLASS/UID/GROUP COUNTS
6,C,p6_C_cached_crt_noreset,p6_C_cached_crt_noreset_s43,43,NOT APPLICABLE,joint,3,train,tumor,213,78,66,12,1.1818181818181819,3,40,DETERMINISTIC SAMPLER REPLAY VERIFIED AGAINST ALL LOGGED CLASS/UID/GROUP COUNTS
6,C,p6_C_cached_crt_noreset,p6_C_cached_crt_noreset_s43,43,NOT APPLICABLE,joint,3,train,lymphocyte,111,90,63,27,1.4285714285714286,4,43,DETERMINISTIC SAMPLER REPLAY VERIFIED AGAINST ALL LOGGED CLASS/UID/GROUP COUNTS
6,C,p6_C_cached_crt_noreset,p6_C_cached_crt_noreset_s43,43,NOT APPLICABLE,joint,3,train,plasma_cell,72,103,56,47,1.8392857142857142,5,15,DETERMINISTIC SAMPLER REPLAY VERIFIED AGAINST ALL LOGGED CLASS/UID/GROUP COUNTS
6,C,p6_C_cached_crt_noreset,p6_C_cached_crt_noreset_s43,43,NOT APPLICABLE,joint,3,train,histiocyte,72,102,55,47,1.8545454545454545,5,34,DETERMINISTIC SAMPLER REPLAY VERIFIED AGAINST ALL LOGGED CLASS/UID/GROUP COUNTS
6,C,p6_C_cached_crt_noreset,p6_C_cached_crt_noreset_s43,43,NOT APPLICABLE,joint,3,train,melanophage,72,96,54,42,1.7777777777777777,5,22,DETERMINISTIC SAMPLER REPLAY VERIFIED AGAINST ALL LOGGED CLASS/UID/GROUP COUNTS
6,C,p6_C_cached_crt_noreset,p6_C_cached_crt_noreset_s43,43,NOT APPLICABLE,joint,3,train,neutrophil,72,80,45,35,1.7777777777777777,6,8,DETERMINISTIC SAMPLER REPLAY VERIFIED AGAINST ALL LOGGED CLASS/UID/GROUP COUNTS
6,C,p6_C_cached_crt_noreset,p6_C_cached_crt_noreset_s43,43,NOT APPLICABLE,joint,3,train,stroma,72,75,50,25,1.5,5,38,DETERMINISTIC SAMPLER REPLAY VERIFIED AGAINST ALL LOGGED CLASS/UID/GROUP COUNTS
6,C,p6_C_cached_crt_noreset,p6_C_cached_crt_noreset_s43,43,NOT APPLICABLE,joint,3,train,epithelium,72,90,56,34,1.6071428571428572,4,10,DETERMINISTIC SAMPLER REPLAY VERIFIED AGAINST ALL LOGGED CLASS/UID/GROUP COUNTS
6,C,p6_C_cached_crt_noreset,p6_C_cached_crt_noreset_s43,43,NOT APPLICABLE,joint,3,train,endothelium,72,82,50,32,1.64,3,36,DETERMINISTIC SAMPLER REPLAY VERIFIED AGAINST ALL LOGGED CLASS/UID/GROUP COUNTS
6,C,p6_C_cached_crt_noreset,p6_C_cached_crt_noreset_s43,43,NOT APPLICABLE,joint,3,train,apoptosis,72,104,58,46,1.793103448275862,6,35,DETERMINISTIC SAMPLER REPLAY VERIFIED AGAINST ALL LOGGED CLASS/UID/GROUP COUNTS
6,C,p6_C_cached_crt_noreset,p6_C_cached_crt_noreset_s43,43,NOT APPLICABLE,joint,4,train,tumor,213,89,71,18,1.2535211267605635,3,44,DETERMINISTIC SAMPLER REPLAY VERIFIED AGAINST ALL LOGGED CLASS/UID/GROUP COUNTS
6,C,p6_C_cached_crt_noreset,p6_C_cached_crt_noreset_s43,43,NOT APPLICABLE,joint,4,train,lymphocyte,111,89,59,30,1.5084745762711864,3,43,DETERMINISTIC SAMPLER REPLAY VERIFIED AGAINST ALL LOGGED CLASS/UID/GROUP COUNTS
6,C,p6_C_cached_crt_noreset,p6_C_cached_crt_noreset_s43,43,NOT APPLICABLE,joint,4,train,plasma_cell,72,100,53,47,1.8867924528301887,4,13,DETERMINISTIC SAMPLER REPLAY VERIFIED AGAINST ALL LOGGED CLASS/UID/GROUP COUNTS
6,C,p6_C_cached_crt_noreset,p6_C_cached_crt_noreset_s43,43,NOT APPLICABLE,joint,4,train,histiocyte,72,85,51,34,1.6666666666666667,4,34,DETERMINISTIC SAMPLER REPLAY VERIFIED AGAINST ALL LOGGED CLASS/UID/GROUP COUNTS
6,C,p6_C_cached_crt_noreset,p6_C_cached_crt_noreset_s43,43,NOT APPLICABLE,joint,4,train,melanophage,72,86,56,30,1.5357142857142858,4,24,DETERMINISTIC SAMPLER REPLAY VERIFIED AGAINST ALL LOGGED CLASS/UID/GROUP COUNTS
6,C,p6_C_cached_crt_noreset,p6_C_cached_crt_noreset_s43,43,NOT APPLICABLE,joint,4,train,neutrophil,72,80,50,30,1.6,4,8,DETERMINISTIC SAMPLER REPLAY VERIFIED AGAINST ALL LOGGED CLASS/UID/GROUP COUNTS
6,C,p6_C_cached_crt_noreset,p6_C_cached_crt_noreset_s43,43,NOT APPLICABLE,joint,4,train,stroma,72,87,46,41,1.891304347826087,7,35,DETERMINISTIC SAMPLER REPLAY VERIFIED AGAINST ALL LOGGED CLASS/UID/GROUP COUNTS
6,C,p6_C_cached_crt_noreset,p6_C_cached_crt_noreset_s43,43,NOT APPLICABLE,joint,4,train,epithelium,72,95,52,43,1.8269230769230769,5,10,DETERMINISTIC SAMPLER REPLAY VERIFIED AGAINST ALL LOGGED CLASS/UID/GROUP COUNTS
6,C,p6_C_cached_crt_noreset,p6_C_cached_crt_noreset_s43,43,NOT APPLICABLE,joint,4,train,endothelium,72,95,51,44,1.8627450980392157,6,36,DETERMINISTIC SAMPLER REPLAY VERIFIED AGAINST ALL LOGGED CLASS/UID/GROUP COUNTS
6,C,p6_C_cached_crt_noreset,p6_C_cached_crt_noreset_s43,43,NOT APPLICABLE,joint,4,train,apoptosis,72,94,54,40,1.7407407407407407,4,33,DETERMINISTIC SAMPLER REPLAY VERIFIED AGAINST ALL LOGGED CLASS/UID/GROUP COUNTS
6,C,p6_C_cached_crt_noreset,p6_C_cached_crt_noreset_s43,43,NOT APPLICABLE,joint,5,train,tumor,213,103,83,20,1.2409638554216869,4,48,DETERMINISTIC SAMPLER REPLAY VERIFIED AGAINST ALL LOGGED CLASS/UID/GROUP COUNTS
6,C,p6_C_cached_crt_noreset,p6_C_cached_crt_noreset_s43,43,NOT APPLICABLE,joint,5,train,lymphocyte,111,77,51,26,1.5098039215686274,3,36,DETERMINISTIC SAMPLER REPLAY VERIFIED AGAINST ALL LOGGED CLASS/UID/GROUP COUNTS
6,C,p6_C_cached_crt_noreset,p6_C_cached_crt_noreset_s43,43,NOT APPLICABLE,joint,5,train,plasma_cell,72,89,47,42,1.8936170212765957,4,16,DETERMINISTIC SAMPLER REPLAY VERIFIED AGAINST ALL LOGGED CLASS/UID/GROUP COUNTS
6,C,p6_C_cached_crt_noreset,p6_C_cached_crt_noreset_s43,43,NOT APPLICABLE,joint,5,train,histiocyte,72,97,54,43,1.7962962962962963,4,35,DETERMINISTIC SAMPLER REPLAY VERIFIED AGAINST ALL LOGGED CLASS/UID/GROUP COUNTS
6,C,p6_C_cached_crt_noreset,p6_C_cached_crt_noreset_s43,43,NOT APPLICABLE,joint,5,train,melanophage,72,94,53,41,1.7735849056603774,5,25,DETERMINISTIC SAMPLER REPLAY VERIFIED AGAINST ALL LOGGED CLASS/UID/GROUP COUNTS
6,C,p6_C_cached_crt_noreset,p6_C_cached_crt_noreset_s43,43,NOT APPLICABLE,joint,5,train,neutrophil,72,89,49,40,1.816326530612245,3,6,DETERMINISTIC SAMPLER REPLAY VERIFIED AGAINST ALL LOGGED CLASS/UID/GROUP COUNTS
6,C,p6_C_cached_crt_noreset,p6_C_cached_crt_noreset_s43,43,NOT APPLICABLE,joint,5,train,stroma,72,80,45,35,1.7777777777777777,4,38,DETERMINISTIC SAMPLER REPLAY VERIFIED AGAINST ALL LOGGED CLASS/UID/GROUP COUNTS
6,C,p6_C_cached_crt_noreset,p6_C_cached_crt_noreset_s43,43,NOT APPLICABLE,joint,5,train,epithelium,72,84,52,32,1.6153846153846154,3,10,DETERMINISTIC SAMPLER REPLAY VERIFIED AGAINST ALL LOGGED CLASS/UID/GROUP COUNTS
6,C,p6_C_cached_crt_noreset,p6_C_cached_crt_noreset_s43,43,NOT APPLICABLE,joint,5,train,endothelium,72,93,58,35,1.603448275862069,4,36,DETERMINISTIC SAMPLER REPLAY VERIFIED AGAINST ALL LOGGED CLASS/UID/GROUP COUNTS
6,C,p6_C_cached_crt_noreset,p6_C_cached_crt_noreset_s43,43,NOT APPLICABLE,joint,5,train,apoptosis,72,94,56,38,1.6785714285714286,6,36,DETERMINISTIC SAMPLER REPLAY VERIFIED AGAINST ALL LOGGED CLASS/UID/GROUP COUNTS
6,C,p6_C_cached_crt_noreset,p6_C_cached_crt_noreset_s43,43,NOT APPLICABLE,joint,6,train,tumor,213,97,79,18,1.2278481012658229,3,49,DETERMINISTIC SAMPLER REPLAY VERIFIED AGAINST ALL LOGGED CLASS/UID/GROUP COUNTS
6,C,p6_C_cached_crt_noreset,p6_C_cached_crt_noreset_s43,43,NOT APPLICABLE,joint,6,train,lymphocyte,111,91,64,27,1.421875,3,47,DETERMINISTIC SAMPLER REPLAY VERIFIED AGAINST ALL LOGGED CLASS/UID/GROUP COUNTS
6,C,p6_C_cached_crt_noreset,p6_C_cached_crt_noreset_s43,43,NOT APPLICABLE,joint,6,train,plasma_cell,72,89,48,41,1.8541666666666667,5,13,DETERMINISTIC SAMPLER REPLAY VERIFIED AGAINST ALL LOGGED CLASS/UID/GROUP COUNTS
6,C,p6_C_cached_crt_noreset,p6_C_cached_crt_noreset_s43,43,NOT APPLICABLE,joint,6,train,histiocyte,72,85,50,35,1.7,3,32,DETERMINISTIC SAMPLER REPLAY VERIFIED AGAINST ALL LOGGED CLASS/UID/GROUP COUNTS
6,C,p6_C_cached_crt_noreset,p6_C_cached_crt_noreset_s43,43,NOT APPLICABLE,joint,6,train,melanophage,72,81,49,32,1.653061224489796,4,24,DETERMINISTIC SAMPLER REPLAY VERIFIED AGAINST ALL LOGGED CLASS/UID/GROUP COUNTS
6,C,p6_C_cached_crt_noreset,p6_C_cached_crt_noreset_s43,43,NOT APPLICABLE,joint,6,train,neutrophil,72,91,49,42,1.8571428571428572,5,7,DETERMINISTIC SAMPLER REPLAY VERIFIED AGAINST ALL LOGGED CLASS/UID/GROUP COUNTS
6,C,p6_C_cached_crt_noreset,p6_C_cached_crt_noreset_s43,43,NOT APPLICABLE,joint,6,train,stroma,72,80,48,32,1.6666666666666667,4,40,DETERMINISTIC SAMPLER REPLAY VERIFIED AGAINST ALL LOGGED CLASS/UID/GROUP COUNTS
6,C,p6_C_cached_crt_noreset,p6_C_cached_crt_noreset_s43,43,NOT APPLICABLE,joint,6,train,epithelium,72,93,54,39,1.7222222222222223,4,10,DETERMINISTIC SAMPLER REPLAY VERIFIED AGAINST ALL LOGGED CLASS/UID/GROUP COUNTS
6,C,p6_C_cached_crt_noreset,p6_C_cached_crt_noreset_s43,43,NOT APPLICABLE,joint,6,train,endothelium,72,90,54,36,1.6666666666666667,4,37,DETERMINISTIC SAMPLER REPLAY VERIFIED AGAINST ALL LOGGED CLASS/UID/GROUP COUNTS
6,C,p6_C_cached_crt_noreset,p6_C_cached_crt_noreset_s43,43,NOT APPLICABLE,joint,6,train,apoptosis,72,103,53,50,1.9433962264150944,5,35,DETERMINISTIC SAMPLER REPLAY VERIFIED AGAINST ALL LOGGED CLASS/UID/GROUP COUNTS
6,C,p6_C_cached_crt_noreset,p6_C_cached_crt_noreset_s43,43,NOT APPLICABLE,joint,7,train,tumor,213,96,74,22,1.2972972972972974,3,44,DETERMINISTIC SAMPLER REPLAY VERIFIED AGAINST ALL LOGGED CLASS/UID/GROUP COUNTS
6,C,p6_C_cached_crt_noreset,p6_C_cached_crt_noreset_s43,43,NOT APPLICABLE,joint,7,train,lymphocyte,111,80,59,21,1.3559322033898304,3,41,DETERMINISTIC SAMPLER REPLAY VERIFIED AGAINST ALL LOGGED CLASS/UID/GROUP COUNTS
6,C,p6_C_cached_crt_noreset,p6_C_cached_crt_noreset_s43,43,NOT APPLICABLE,joint,7,train,plasma_cell,72,93,48,45,1.9375,4,15,DETERMINISTIC SAMPLER REPLAY VERIFIED AGAINST ALL LOGGED CLASS/UID/GROUP COUNTS
6,C,p6_C_cached_crt_noreset,p6_C_cached_crt_noreset_s43,43,NOT APPLICABLE,joint,7,train,histiocyte,72,91,52,39,1.75,4,34,DETERMINISTIC SAMPLER REPLAY VERIFIED AGAINST ALL LOGGED CLASS/UID/GROUP COUNTS
6,C,p6_C_cached_crt_noreset,p6_C_cached_crt_noreset_s43,43,NOT APPLICABLE,joint,7,train,melanophage,72,91,50,41,1.82,6,24,DETERMINISTIC SAMPLER REPLAY VERIFIED AGAINST ALL LOGGED CLASS/UID/GROUP COUNTS
6,C,p6_C_cached_crt_noreset,p6_C_cached_crt_noreset_s43,43,NOT APPLICABLE,joint,7,train,neutrophil,72,110,56,54,1.9642857142857142,4,5,DETERMINISTIC SAMPLER REPLAY VERIFIED AGAINST ALL LOGGED CLASS/UID/GROUP COUNTS
6,C,p6_C_cached_crt_noreset,p6_C_cached_crt_noreset_s43,43,NOT APPLICABLE,joint,7,train,stroma,72,85,49,36,1.7346938775510203,5,40,DETERMINISTIC SAMPLER REPLAY VERIFIED AGAINST ALL LOGGED CLASS/UID/GROUP COUNTS
6,C,p6_C_cached_crt_noreset,p6_C_cached_crt_noreset_s43,43,NOT APPLICABLE,joint,7,train,epithelium,72,94,48,46,1.9583333333333333,6,10,DETERMINISTIC SAMPLER REPLAY VERIFIED AGAINST ALL LOGGED CLASS/UID/GROUP COUNTS
6,C,p6_C_cached_crt_noreset,p6_C_cached_crt_noreset_s43,43,NOT APPLICABLE,joint,7,train,endothelium,72,77,48,29,1.6041666666666667,5,34,DETERMINISTIC SAMPLER REPLAY VERIFIED AGAINST ALL LOGGED CLASS/UID/GROUP COUNTS
6,C,p6_C_cached_crt_noreset,p6_C_cached_crt_noreset_s43,43,NOT APPLICABLE,joint,7,train,apoptosis,72,83,45,38,1.8444444444444446,5,35,DETERMINISTIC SAMPLER REPLAY VERIFIED AGAINST ALL LOGGED CLASS/UID/GROUP COUNTS
6,C,p6_C_cached_crt_noreset,p6_C_cached_crt_noreset_s43,43,NOT APPLICABLE,joint,8,train,tumor,213,87,74,13,1.1756756756756757,3,47,DETERMINISTIC SAMPLER REPLAY VERIFIED AGAINST ALL LOGGED CLASS/UID/GROUP COUNTS
6,C,p6_C_cached_crt_noreset,p6_C_cached_crt_noreset_s43,43,NOT APPLICABLE,joint,8,train,lymphocyte,111,93,58,35,1.603448275862069,4,44,DETERMINISTIC SAMPLER REPLAY VERIFIED AGAINST ALL LOGGED CLASS/UID/GROUP COUNTS
6,C,p6_C_cached_crt_noreset,p6_C_cached_crt_noreset_s43,43,NOT APPLICABLE,joint,8,train,plasma_cell,72,100,55,45,1.8181818181818181,5,15,DETERMINISTIC SAMPLER REPLAY VERIFIED AGAINST ALL LOGGED CLASS/UID/GROUP COUNTS
6,C,p6_C_cached_crt_noreset,p6_C_cached_crt_noreset_s43,43,NOT APPLICABLE,joint,8,train,histiocyte,72,84,51,33,1.6470588235294117,4,34,DETERMINISTIC SAMPLER REPLAY VERIFIED AGAINST ALL LOGGED CLASS/UID/GROUP COUNTS
6,C,p6_C_cached_crt_noreset,p6_C_cached_crt_noreset_s43,43,NOT APPLICABLE,joint,8,train,melanophage,72,90,52,38,1.7307692307692308,6,26,DETERMINISTIC SAMPLER REPLAY VERIFIED AGAINST ALL LOGGED CLASS/UID/GROUP COUNTS
6,C,p6_C_cached_crt_noreset,p6_C_cached_crt_noreset_s43,43,NOT APPLICABLE,joint,8,train,neutrophil,72,81,49,32,1.653061224489796,5,6,DETERMINISTIC SAMPLER REPLAY VERIFIED AGAINST ALL LOGGED CLASS/UID/GROUP COUNTS
6,C,p6_C_cached_crt_noreset,p6_C_cached_crt_noreset_s43,43,NOT APPLICABLE,joint,8,train,stroma,72,98,52,46,1.8846153846153846,5,40,DETERMINISTIC SAMPLER REPLAY VERIFIED AGAINST ALL LOGGED CLASS/UID/GROUP COUNTS
6,C,p6_C_cached_crt_noreset,p6_C_cached_crt_noreset_s43,43,NOT APPLICABLE,joint,8,train,epithelium,72,93,52,41,1.7884615384615385,5,10,DETERMINISTIC SAMPLER REPLAY VERIFIED AGAINST ALL LOGGED CLASS/UID/GROUP COUNTS
6,C,p6_C_cached_crt_noreset,p6_C_cached_crt_noreset_s43,43,NOT APPLICABLE,joint,8,train,endothelium,72,84,49,35,1.7142857142857142,4,36,DETERMINISTIC SAMPLER REPLAY VERIFIED AGAINST ALL LOGGED CLASS/UID/GROUP COUNTS
6,C,p6_C_cached_crt_noreset,p6_C_cached_crt_noreset_s43,43,NOT APPLICABLE,joint,8,train,apoptosis,72,90,49,41,1.836734693877551,5,36,DETERMINISTIC SAMPLER REPLAY VERIFIED AGAINST ALL LOGGED CLASS/UID/GROUP COUNTS
6,C,p6_C_cached_crt_noreset,p6_C_cached_crt_noreset_s43,43,NOT APPLICABLE,joint,9,train,tumor,213,77,62,15,1.2419354838709677,3,41,DETERMINISTIC SAMPLER REPLAY VERIFIED AGAINST ALL LOGGED CLASS/UID/GROUP COUNTS
6,C,p6_C_cached_crt_noreset,p6_C_cached_crt_noreset_s43,43,NOT APPLICABLE,joint,9,train,lymphocyte,111,91,63,28,1.4444444444444444,3,45,DETERMINISTIC SAMPLER REPLAY VERIFIED AGAINST ALL LOGGED CLASS/UID/GROUP COUNTS
6,C,p6_C_cached_crt_noreset,p6_C_cached_crt_noreset_s43,43,NOT APPLICABLE,joint,9,train,plasma_cell,72,99,56,43,1.7678571428571428,5,15,DETERMINISTIC SAMPLER REPLAY VERIFIED AGAINST ALL LOGGED CLASS/UID/GROUP COUNTS
6,C,p6_C_cached_crt_noreset,p6_C_cached_crt_noreset_s43,43,NOT APPLICABLE,joint,9,train,histiocyte,72,103,53,50,1.9433962264150944,5,33,DETERMINISTIC SAMPLER REPLAY VERIFIED AGAINST ALL LOGGED CLASS/UID/GROUP COUNTS
6,C,p6_C_cached_crt_noreset,p6_C_cached_crt_noreset_s43,43,NOT APPLICABLE,joint,9,train,melanophage,72,101,59,42,1.7118644067796611,5,24,DETERMINISTIC SAMPLER REPLAY VERIFIED AGAINST ALL LOGGED CLASS/UID/GROUP COUNTS
6,C,p6_C_cached_crt_noreset,p6_C_cached_crt_noreset_s43,43,NOT APPLICABLE,joint,9,train,neutrophil,72,90,50,40,1.8,4,6,DETERMINISTIC SAMPLER REPLAY VERIFIED AGAINST ALL LOGGED CLASS/UID/GROUP COUNTS
6,C,p6_C_cached_crt_noreset,p6_C_cached_crt_noreset_s43,43,NOT APPLICABLE,joint,9,train,stroma,72,80,46,34,1.7391304347826086,6,38,DETERMINISTIC SAMPLER REPLAY VERIFIED AGAINST ALL LOGGED CLASS/UID/GROUP COUNTS
6,C,p6_C_cached_crt_noreset,p6_C_cached_crt_noreset_s43,43,NOT APPLICABLE,joint,9,train,epithelium,72,78,45,33,1.7333333333333334,4,10,DETERMINISTIC SAMPLER REPLAY VERIFIED AGAINST ALL LOGGED CLASS/UID/GROUP COUNTS
6,C,p6_C_cached_crt_noreset,p6_C_cached_crt_noreset_s43,43,NOT APPLICABLE,joint,9,train,endothelium,72,88,54,34,1.6296296296296295,5,37,DETERMINISTIC SAMPLER REPLAY VERIFIED AGAINST ALL LOGGED CLASS/UID/GROUP COUNTS
6,C,p6_C_cached_crt_noreset,p6_C_cached_crt_noreset_s43,43,NOT APPLICABLE,joint,9,train,apoptosis,72,93,52,41,1.7884615384615385,4,34,DETERMINISTIC SAMPLER REPLAY VERIFIED AGAINST ALL LOGGED CLASS/UID/GROUP COUNTS
6,C,p6_C_cached_crt_noreset,p6_C_cached_crt_noreset_s43,43,NOT APPLICABLE,joint,10,train,tumor,213,95,78,17,1.2179487179487178,3,46,DETERMINISTIC SAMPLER REPLAY VERIFIED AGAINST ALL LOGGED CLASS/UID/GROUP COUNTS
6,C,p6_C_cached_crt_noreset,p6_C_cached_crt_noreset_s43,43,NOT APPLICABLE,joint,10,train,lymphocyte,111,83,59,24,1.4067796610169492,4,47,DETERMINISTIC SAMPLER REPLAY VERIFIED AGAINST ALL LOGGED CLASS/UID/GROUP COUNTS
6,C,p6_C_cached_crt_noreset,p6_C_cached_crt_noreset_s43,43,NOT APPLICABLE,joint,10,train,plasma_cell,72,89,50,39,1.78,5,16,DETERMINISTIC SAMPLER REPLAY VERIFIED AGAINST ALL LOGGED CLASS/UID/GROUP COUNTS
6,C,p6_C_cached_crt_noreset,p6_C_cached_crt_noreset_s43,43,NOT APPLICABLE,joint,10,train,histiocyte,72,88,51,37,1.7254901960784315,4,34,DETERMINISTIC SAMPLER REPLAY VERIFIED AGAINST ALL LOGGED CLASS/UID/GROUP COUNTS
6,C,p6_C_cached_crt_noreset,p6_C_cached_crt_noreset_s43,43,NOT APPLICABLE,joint,10,train,melanophage,72,92,52,40,1.7692307692307692,4,24,DETERMINISTIC SAMPLER REPLAY VERIFIED AGAINST ALL LOGGED CLASS/UID/GROUP COUNTS
6,C,p6_C_cached_crt_noreset,p6_C_cached_crt_noreset_s43,43,NOT APPLICABLE,joint,10,train,neutrophil,72,81,48,33,1.6875,5,6,DETERMINISTIC SAMPLER REPLAY VERIFIED AGAINST ALL LOGGED CLASS/UID/GROUP COUNTS
6,C,p6_C_cached_crt_noreset,p6_C_cached_crt_noreset_s43,43,NOT APPLICABLE,joint,10,train,stroma,72,91,53,38,1.7169811320754718,4,43,DETERMINISTIC SAMPLER REPLAY VERIFIED AGAINST ALL LOGGED CLASS/UID/GROUP COUNTS
6,C,p6_C_cached_crt_noreset,p6_C_cached_crt_noreset_s43,43,NOT APPLICABLE,joint,10,train,epithelium,72,83,50,33,1.66,4,10,DETERMINISTIC SAMPLER REPLAY VERIFIED AGAINST ALL LOGGED CLASS/UID/GROUP COUNTS
6,C,p6_C_cached_crt_noreset,p6_C_cached_crt_noreset_s43,43,NOT APPLICABLE,joint,10,train,endothelium,72,96,56,40,1.7142857142857142,5,38,DETERMINISTIC SAMPLER REPLAY VERIFIED AGAINST ALL LOGGED CLASS/UID/GROUP COUNTS
6,C,p6_C_cached_crt_noreset,p6_C_cached_crt_noreset_s43,43,NOT APPLICABLE,joint,10,train,apoptosis,72,102,50,52,2.04,5,32,DETERMINISTIC SAMPLER REPLAY VERIFIED AGAINST ALL LOGGED CLASS/UID/GROUP COUNTS
6,C,p6_C_cached_crt_noreset,p6_C_cached_crt_noreset_s43,43,NOT APPLICABLE,decoupled,1,train,tumor,213,98,79,19,1.240506329113924,3,47,DETERMINISTIC SAMPLER REPLAY VERIFIED AGAINST ALL LOGGED CLASS/UID/GROUP COUNTS
6,C,p6_C_cached_crt_noreset,p6_C_cached_crt_noreset_s43,43,NOT APPLICABLE,decoupled,1,train,lymphocyte,111,84,58,26,1.4482758620689655,6,45,DETERMINISTIC SAMPLER REPLAY VERIFIED AGAINST ALL LOGGED CLASS/UID/GROUP COUNTS
6,C,p6_C_cached_crt_noreset,p6_C_cached_crt_noreset_s43,43,NOT APPLICABLE,decoupled,1,train,plasma_cell,72,85,48,37,1.7708333333333333,4,13,DETERMINISTIC SAMPLER REPLAY VERIFIED AGAINST ALL LOGGED CLASS/UID/GROUP COUNTS
6,C,p6_C_cached_crt_noreset,p6_C_cached_crt_noreset_s43,43,NOT APPLICABLE,decoupled,1,train,histiocyte,72,84,53,31,1.5849056603773586,6,34,DETERMINISTIC SAMPLER REPLAY VERIFIED AGAINST ALL LOGGED CLASS/UID/GROUP COUNTS
6,C,p6_C_cached_crt_noreset,p6_C_cached_crt_noreset_s43,43,NOT APPLICABLE,decoupled,1,train,melanophage,72,87,56,31,1.5535714285714286,4,23,DETERMINISTIC SAMPLER REPLAY VERIFIED AGAINST ALL LOGGED CLASS/UID/GROUP COUNTS
6,C,p6_C_cached_crt_noreset,p6_C_cached_crt_noreset_s43,43,NOT APPLICABLE,decoupled,1,train,neutrophil,72,79,45,34,1.7555555555555555,4,8,DETERMINISTIC SAMPLER REPLAY VERIFIED AGAINST ALL LOGGED CLASS/UID/GROUP COUNTS
6,C,p6_C_cached_crt_noreset,p6_C_cached_crt_noreset_s43,43,NOT APPLICABLE,decoupled,1,train,stroma,72,91,56,35,1.625,4,42,DETERMINISTIC SAMPLER REPLAY VERIFIED AGAINST ALL LOGGED CLASS/UID/GROUP COUNTS
6,C,p6_C_cached_crt_noreset,p6_C_cached_crt_noreset_s43,43,NOT APPLICABLE,decoupled,1,train,epithelium,72,90,50,40,1.8,4,10,DETERMINISTIC SAMPLER REPLAY VERIFIED AGAINST ALL LOGGED CLASS/UID/GROUP COUNTS
6,C,p6_C_cached_crt_noreset,p6_C_cached_crt_noreset_s43,43,NOT APPLICABLE,decoupled,1,train,endothelium,72,102,54,48,1.8888888888888888,5,38,DETERMINISTIC SAMPLER REPLAY VERIFIED AGAINST ALL LOGGED CLASS/UID/GROUP COUNTS
6,C,p6_C_cached_crt_noreset,p6_C_cached_crt_noreset_s43,43,NOT APPLICABLE,decoupled,1,train,apoptosis,72,100,48,52,2.0833333333333335,5,33,DETERMINISTIC SAMPLER REPLAY VERIFIED AGAINST ALL LOGGED CLASS/UID/GROUP COUNTS
6,C,p6_C_cached_crt_noreset,p6_C_cached_crt_noreset_s43,43,NOT APPLICABLE,decoupled,2,train,tumor,213,98,74,24,1.3243243243243243,3,49,DETERMINISTIC SAMPLER REPLAY VERIFIED AGAINST ALL LOGGED CLASS/UID/GROUP COUNTS
6,C,p6_C_cached_crt_noreset,p6_C_cached_crt_noreset_s43,43,NOT APPLICABLE,decoupled,2,train,lymphocyte,111,94,62,32,1.5161290322580645,4,47,DETERMINISTIC SAMPLER REPLAY VERIFIED AGAINST ALL LOGGED CLASS/UID/GROUP COUNTS
6,C,p6_C_cached_crt_noreset,p6_C_cached_crt_noreset_s43,43,NOT APPLICABLE,decoupled,2,train,plasma_cell,72,95,55,40,1.7272727272727273,4,15,DETERMINISTIC SAMPLER REPLAY VERIFIED AGAINST ALL LOGGED CLASS/UID/GROUP COUNTS
6,C,p6_C_cached_crt_noreset,p6_C_cached_crt_noreset_s43,43,NOT APPLICABLE,decoupled,2,train,histiocyte,72,109,54,55,2.0185185185185186,6,35,DETERMINISTIC SAMPLER REPLAY VERIFIED AGAINST ALL LOGGED CLASS/UID/GROUP COUNTS
6,C,p6_C_cached_crt_noreset,p6_C_cached_crt_noreset_s43,43,NOT APPLICABLE,decoupled,2,train,melanophage,72,73,45,28,1.6222222222222222,4,22,DETERMINISTIC SAMPLER REPLAY VERIFIED AGAINST ALL LOGGED CLASS/UID/GROUP COUNTS
6,C,p6_C_cached_crt_noreset,p6_C_cached_crt_noreset_s43,43,NOT APPLICABLE,decoupled,2,train,neutrophil,72,84,49,35,1.7142857142857142,4,7,DETERMINISTIC SAMPLER REPLAY VERIFIED AGAINST ALL LOGGED CLASS/UID/GROUP COUNTS
6,C,p6_C_cached_crt_noreset,p6_C_cached_crt_noreset_s43,43,NOT APPLICABLE,decoupled,2,train,stroma,72,80,52,28,1.5384615384615385,4,41,DETERMINISTIC SAMPLER REPLAY VERIFIED AGAINST ALL LOGGED CLASS/UID/GROUP COUNTS
6,C,p6_C_cached_crt_noreset,p6_C_cached_crt_noreset_s43,43,NOT APPLICABLE,decoupled,2,train,epithelium,72,84,52,32,1.6153846153846154,4,10,DETERMINISTIC SAMPLER REPLAY VERIFIED AGAINST ALL LOGGED CLASS/UID/GROUP COUNTS
6,C,p6_C_cached_crt_noreset,p6_C_cached_crt_noreset_s43,43,NOT APPLICABLE,decoupled,2,train,endothelium,72,94,53,41,1.7735849056603774,5,38,DETERMINISTIC SAMPLER REPLAY VERIFIED AGAINST ALL LOGGED CLASS/UID/GROUP COUNTS
6,C,p6_C_cached_crt_noreset,p6_C_cached_crt_noreset_s43,43,NOT APPLICABLE,decoupled,2,train,apoptosis,72,89,52,37,1.7115384615384615,6,34,DETERMINISTIC SAMPLER REPLAY VERIFIED AGAINST ALL LOGGED CLASS/UID/GROUP COUNTS
6,C,p6_C_cached_crt_noreset,p6_C_cached_crt_noreset_s43,43,NOT APPLICABLE,decoupled,3,train,tumor,213,84,70,14,1.2,2,46,DETERMINISTIC SAMPLER REPLAY VERIFIED AGAINST ALL LOGGED CLASS/UID/GROUP COUNTS
6,C,p6_C_cached_crt_noreset,p6_C_cached_crt_noreset_s43,43,NOT APPLICABLE,decoupled,3,train,lymphocyte,111,80,57,23,1.4035087719298245,4,44,DETERMINISTIC SAMPLER REPLAY VERIFIED AGAINST ALL LOGGED CLASS/UID/GROUP COUNTS
6,C,p6_C_cached_crt_noreset,p6_C_cached_crt_noreset_s43,43,NOT APPLICABLE,decoupled,3,train,plasma_cell,72,84,48,36,1.75,4,14,DETERMINISTIC SAMPLER REPLAY VERIFIED AGAINST ALL LOGGED CLASS/UID/GROUP COUNTS
6,C,p6_C_cached_crt_noreset,p6_C_cached_crt_noreset_s43,43,NOT APPLICABLE,decoupled,3,train,histiocyte,72,98,54,44,1.8148148148148149,5,33,DETERMINISTIC SAMPLER REPLAY VERIFIED AGAINST ALL LOGGED CLASS/UID/GROUP COUNTS
6,C,p6_C_cached_crt_noreset,p6_C_cached_crt_noreset_s43,43,NOT APPLICABLE,decoupled,3,train,melanophage,72,93,54,39,1.7222222222222223,4,24,DETERMINISTIC SAMPLER REPLAY VERIFIED AGAINST ALL LOGGED CLASS/UID/GROUP COUNTS
6,C,p6_C_cached_crt_noreset,p6_C_cached_crt_noreset_s43,43,NOT APPLICABLE,decoupled,3,train,neutrophil,72,101,55,46,1.8363636363636364,5,8,DETERMINISTIC SAMPLER REPLAY VERIFIED AGAINST ALL LOGGED CLASS/UID/GROUP COUNTS
6,C,p6_C_cached_crt_noreset,p6_C_cached_crt_noreset_s43,43,NOT APPLICABLE,decoupled,3,train,stroma,72,87,53,34,1.6415094339622642,5,39,DETERMINISTIC SAMPLER REPLAY VERIFIED AGAINST ALL LOGGED CLASS/UID/GROUP COUNTS
6,C,p6_C_cached_crt_noreset,p6_C_cached_crt_noreset_s43,43,NOT APPLICABLE,decoupled,3,train,epithelium,72,97,54,43,1.7962962962962963,4,10,DETERMINISTIC SAMPLER REPLAY VERIFIED AGAINST ALL LOGGED CLASS/UID/GROUP COUNTS
6,C,p6_C_cached_crt_noreset,p6_C_cached_crt_noreset_s43,43,NOT APPLICABLE,decoupled,3,train,endothelium,72,85,46,39,1.8478260869565217,5,36,DETERMINISTIC SAMPLER REPLAY VERIFIED AGAINST ALL LOGGED CLASS/UID/GROUP COUNTS
6,C,p6_C_cached_crt_noreset,p6_C_cached_crt_noreset_s43,43,NOT APPLICABLE,decoupled,3,train,apoptosis,72,91,57,34,1.5964912280701755,4,37,DETERMINISTIC SAMPLER REPLAY VERIFIED AGAINST ALL LOGGED CLASS/UID/GROUP COUNTS
6,C,p6_C_cached_crt_noreset,p6_C_cached_crt_noreset_s43,43,NOT APPLICABLE,decoupled,4,train,tumor,213,72,62,10,1.1612903225806452,3,43,DETERMINISTIC SAMPLER REPLAY VERIFIED AGAINST ALL LOGGED CLASS/UID/GROUP COUNTS
6,C,p6_C_cached_crt_noreset,p6_C_cached_crt_noreset_s43,43,NOT APPLICABLE,decoupled,4,train,lymphocyte,111,96,59,37,1.6271186440677967,5,44,DETERMINISTIC SAMPLER REPLAY VERIFIED AGAINST ALL LOGGED CLASS/UID/GROUP COUNTS
6,C,p6_C_cached_crt_noreset,p6_C_cached_crt_noreset_s43,43,NOT APPLICABLE,decoupled,4,train,plasma_cell,72,105,52,53,2.019230769230769,4,15,DETERMINISTIC SAMPLER REPLAY VERIFIED AGAINST ALL LOGGED CLASS/UID/GROUP COUNTS
6,C,p6_C_cached_crt_noreset,p6_C_cached_crt_noreset_s43,43,NOT APPLICABLE,decoupled,4,train,histiocyte,72,85,49,36,1.7346938775510203,4,32,DETERMINISTIC SAMPLER REPLAY VERIFIED AGAINST ALL LOGGED CLASS/UID/GROUP COUNTS
6,C,p6_C_cached_crt_noreset,p6_C_cached_crt_noreset_s43,43,NOT APPLICABLE,decoupled,4,train,melanophage,72,82,52,30,1.5769230769230769,4,24,DETERMINISTIC SAMPLER REPLAY VERIFIED AGAINST ALL LOGGED CLASS/UID/GROUP COUNTS
6,C,p6_C_cached_crt_noreset,p6_C_cached_crt_noreset_s43,43,NOT APPLICABLE,decoupled,4,train,neutrophil,72,98,51,47,1.9215686274509804,4,6,DETERMINISTIC SAMPLER REPLAY VERIFIED AGAINST ALL LOGGED CLASS/UID/GROUP COUNTS
6,C,p6_C_cached_crt_noreset,p6_C_cached_crt_noreset_s43,43,NOT APPLICABLE,decoupled,4,train,stroma,72,89,53,36,1.679245283018868,4,39,DETERMINISTIC SAMPLER REPLAY VERIFIED AGAINST ALL LOGGED CLASS/UID/GROUP COUNTS
6,C,p6_C_cached_crt_noreset,p6_C_cached_crt_noreset_s43,43,NOT APPLICABLE,decoupled,4,train,epithelium,72,105,54,51,1.9444444444444444,5,10,DETERMINISTIC SAMPLER REPLAY VERIFIED AGAINST ALL LOGGED CLASS/UID/GROUP COUNTS
6,C,p6_C_cached_crt_noreset,p6_C_cached_crt_noreset_s43,43,NOT APPLICABLE,decoupled,4,train,endothelium,72,85,51,34,1.6666666666666667,6,35,DETERMINISTIC SAMPLER REPLAY VERIFIED AGAINST ALL LOGGED CLASS/UID/GROUP COUNTS
6,C,p6_C_cached_crt_noreset,p6_C_cached_crt_noreset_s43,43,NOT APPLICABLE,decoupled,4,train,apoptosis,72,83,49,34,1.6938775510204083,4,34,DETERMINISTIC SAMPLER REPLAY VERIFIED AGAINST ALL LOGGED CLASS/UID/GROUP COUNTS
6,C,p6_C_cached_crt_noreset,p6_C_cached_crt_noreset_s43,43,NOT APPLICABLE,decoupled,5,train,tumor,213,81,67,14,1.208955223880597,3,45,DETERMINISTIC SAMPLER REPLAY VERIFIED AGAINST ALL LOGGED CLASS/UID/GROUP COUNTS
6,C,p6_C_cached_crt_noreset,p6_C_cached_crt_noreset_s43,43,NOT APPLICABLE,decoupled,5,train,lymphocyte,111,94,67,27,1.4029850746268657,4,49,DETERMINISTIC SAMPLER REPLAY VERIFIED AGAINST ALL LOGGED CLASS/UID/GROUP COUNTS
6,C,p6_C_cached_crt_noreset,p6_C_cached_crt_noreset_s43,43,NOT APPLICABLE,decoupled,5,train,plasma_cell,72,71,44,27,1.6136363636363635,4,14,DETERMINISTIC SAMPLER REPLAY VERIFIED AGAINST ALL LOGGED CLASS/UID/GROUP COUNTS
6,C,p6_C_cached_crt_noreset,p6_C_cached_crt_noreset_s43,43,NOT APPLICABLE,decoupled,5,train,histiocyte,72,83,52,31,1.5961538461538463,5,34,DETERMINISTIC SAMPLER REPLAY VERIFIED AGAINST ALL LOGGED CLASS/UID/GROUP COUNTS
6,C,p6_C_cached_crt_noreset,p6_C_cached_crt_noreset_s43,43,NOT APPLICABLE,decoupled,5,train,melanophage,72,94,49,45,1.9183673469387754,5,23,DETERMINISTIC SAMPLER REPLAY VERIFIED AGAINST ALL LOGGED CLASS/UID/GROUP COUNTS
6,C,p6_C_cached_crt_noreset,p6_C_cached_crt_noreset_s43,43,NOT APPLICABLE,decoupled,5,train,neutrophil,72,99,56,43,1.7678571428571428,5,7,DETERMINISTIC SAMPLER REPLAY VERIFIED AGAINST ALL LOGGED CLASS/UID/GROUP COUNTS
6,C,p6_C_cached_crt_noreset,p6_C_cached_crt_noreset_s43,43,NOT APPLICABLE,decoupled,5,train,stroma,72,87,53,34,1.6415094339622642,4,40,DETERMINISTIC SAMPLER REPLAY VERIFIED AGAINST ALL LOGGED CLASS/UID/GROUP COUNTS
6,C,p6_C_cached_crt_noreset,p6_C_cached_crt_noreset_s43,43,NOT APPLICABLE,decoupled,5,train,epithelium,72,97,55,42,1.7636363636363637,5,10,DETERMINISTIC SAMPLER REPLAY VERIFIED AGAINST ALL LOGGED CLASS/UID/GROUP COUNTS
6,C,p6_C_cached_crt_noreset,p6_C_cached_crt_noreset_s43,43,NOT APPLICABLE,decoupled,5,train,endothelium,72,103,56,47,1.8392857142857142,5,37,DETERMINISTIC SAMPLER REPLAY VERIFIED AGAINST ALL LOGGED CLASS/UID/GROUP COUNTS
6,C,p6_C_cached_crt_noreset,p6_C_cached_crt_noreset_s43,43,NOT APPLICABLE,decoupled,5,train,apoptosis,72,91,54,37,1.6851851851851851,6,36,DETERMINISTIC SAMPLER REPLAY VERIFIED AGAINST ALL LOGGED CLASS/UID/GROUP COUNTS
6,C,p6_C_cached_crt_reset,p6_C_cached_crt_reset_s17,17,NOT APPLICABLE,joint,1,train,tumor,213,84,70,14,1.2,3,50,DETERMINISTIC SAMPLER REPLAY VERIFIED AGAINST ALL LOGGED CLASS/UID/GROUP COUNTS
6,C,p6_C_cached_crt_reset,p6_C_cached_crt_reset_s17,17,NOT APPLICABLE,joint,1,train,lymphocyte,111,100,73,27,1.36986301369863,4,51,DETERMINISTIC SAMPLER REPLAY VERIFIED AGAINST ALL LOGGED CLASS/UID/GROUP COUNTS
6,C,p6_C_cached_crt_reset,p6_C_cached_crt_reset_s17,17,NOT APPLICABLE,joint,1,train,plasma_cell,72,89,51,38,1.7450980392156863,6,16,DETERMINISTIC SAMPLER REPLAY VERIFIED AGAINST ALL LOGGED CLASS/UID/GROUP COUNTS
6,C,p6_C_cached_crt_reset,p6_C_cached_crt_reset_s17,17,NOT APPLICABLE,joint,1,train,histiocyte,72,90,56,34,1.6071428571428572,5,35,DETERMINISTIC SAMPLER REPLAY VERIFIED AGAINST ALL LOGGED CLASS/UID/GROUP COUNTS
6,C,p6_C_cached_crt_reset,p6_C_cached_crt_reset_s17,17,NOT APPLICABLE,joint,1,train,melanophage,72,90,50,40,1.8,4,24,DETERMINISTIC SAMPLER REPLAY VERIFIED AGAINST ALL LOGGED CLASS/UID/GROUP COUNTS
6,C,p6_C_cached_crt_reset,p6_C_cached_crt_reset_s17,17,NOT APPLICABLE,joint,1,train,neutrophil,72,76,48,28,1.5833333333333333,4,7,DETERMINISTIC SAMPLER REPLAY VERIFIED AGAINST ALL LOGGED CLASS/UID/GROUP COUNTS
6,C,p6_C_cached_crt_reset,p6_C_cached_crt_reset_s17,17,NOT APPLICABLE,joint,1,train,stroma,72,83,47,36,1.7659574468085106,5,40,DETERMINISTIC SAMPLER REPLAY VERIFIED AGAINST ALL LOGGED CLASS/UID/GROUP COUNTS
6,C,p6_C_cached_crt_reset,p6_C_cached_crt_reset_s17,17,NOT APPLICABLE,joint,1,train,epithelium,72,97,55,42,1.7636363636363637,5,10,DETERMINISTIC SAMPLER REPLAY VERIFIED AGAINST ALL LOGGED CLASS/UID/GROUP COUNTS
6,C,p6_C_cached_crt_reset,p6_C_cached_crt_reset_s17,17,NOT APPLICABLE,joint,1,train,endothelium,72,100,56,44,1.7857142857142858,5,38,DETERMINISTIC SAMPLER REPLAY VERIFIED AGAINST ALL LOGGED CLASS/UID/GROUP COUNTS
6,C,p6_C_cached_crt_reset,p6_C_cached_crt_reset_s17,17,NOT APPLICABLE,joint,1,train,apoptosis,72,91,48,43,1.8958333333333333,4,35,DETERMINISTIC SAMPLER REPLAY VERIFIED AGAINST ALL LOGGED CLASS/UID/GROUP COUNTS
6,C,p6_C_cached_crt_reset,p6_C_cached_crt_reset_s17,17,NOT APPLICABLE,joint,2,train,tumor,213,102,82,20,1.2439024390243902,3,49,DETERMINISTIC SAMPLER REPLAY VERIFIED AGAINST ALL LOGGED CLASS/UID/GROUP COUNTS
6,C,p6_C_cached_crt_reset,p6_C_cached_crt_reset_s17,17,NOT APPLICABLE,joint,2,train,lymphocyte,111,86,59,27,1.4576271186440677,3,44,DETERMINISTIC SAMPLER REPLAY VERIFIED AGAINST ALL LOGGED CLASS/UID/GROUP COUNTS
6,C,p6_C_cached_crt_reset,p6_C_cached_crt_reset_s17,17,NOT APPLICABLE,joint,2,train,plasma_cell,72,85,47,38,1.8085106382978724,5,15,DETERMINISTIC SAMPLER REPLAY VERIFIED AGAINST ALL LOGGED CLASS/UID/GROUP COUNTS
6,C,p6_C_cached_crt_reset,p6_C_cached_crt_reset_s17,17,NOT APPLICABLE,joint,2,train,histiocyte,72,81,48,33,1.6875,5,32,DETERMINISTIC SAMPLER REPLAY VERIFIED AGAINST ALL LOGGED CLASS/UID/GROUP COUNTS
6,C,p6_C_cached_crt_reset,p6_C_cached_crt_reset_s17,17,NOT APPLICABLE,joint,2,train,melanophage,72,97,52,45,1.8653846153846154,5,26,DETERMINISTIC SAMPLER REPLAY VERIFIED AGAINST ALL LOGGED CLASS/UID/GROUP COUNTS
6,C,p6_C_cached_crt_reset,p6_C_cached_crt_reset_s17,17,NOT APPLICABLE,joint,2,train,neutrophil,72,86,50,36,1.72,5,7,DETERMINISTIC SAMPLER REPLAY VERIFIED AGAINST ALL LOGGED CLASS/UID/GROUP COUNTS
6,C,p6_C_cached_crt_reset,p6_C_cached_crt_reset_s17,17,NOT APPLICABLE,joint,2,train,stroma,72,85,49,36,1.7346938775510203,4,37,DETERMINISTIC SAMPLER REPLAY VERIFIED AGAINST ALL LOGGED CLASS/UID/GROUP COUNTS
6,C,p6_C_cached_crt_reset,p6_C_cached_crt_reset_s17,17,NOT APPLICABLE,joint,2,train,epithelium,72,89,53,36,1.679245283018868,4,10,DETERMINISTIC SAMPLER REPLAY VERIFIED AGAINST ALL LOGGED CLASS/UID/GROUP COUNTS
6,C,p6_C_cached_crt_reset,p6_C_cached_crt_reset_s17,17,NOT APPLICABLE,joint,2,train,endothelium,72,104,52,52,2.0,7,37,DETERMINISTIC SAMPLER REPLAY VERIFIED AGAINST ALL LOGGED CLASS/UID/GROUP COUNTS
6,C,p6_C_cached_crt_reset,p6_C_cached_crt_reset_s17,17,NOT APPLICABLE,joint,2,train,apoptosis,72,85,49,36,1.7346938775510203,4,35,DETERMINISTIC SAMPLER REPLAY VERIFIED AGAINST ALL LOGGED CLASS/UID/GROUP COUNTS
6,C,p6_C_cached_crt_reset,p6_C_cached_crt_reset_s17,17,NOT APPLICABLE,joint,3,train,tumor,213,112,82,30,1.3658536585365855,4,48,DETERMINISTIC SAMPLER REPLAY VERIFIED AGAINST ALL LOGGED CLASS/UID/GROUP COUNTS
6,C,p6_C_cached_crt_reset,p6_C_cached_crt_reset_s17,17,NOT APPLICABLE,joint,3,train,lymphocyte,111,80,61,19,1.3114754098360655,4,47,DETERMINISTIC SAMPLER REPLAY VERIFIED AGAINST ALL LOGGED CLASS/UID/GROUP COUNTS
6,C,p6_C_cached_crt_reset,p6_C_cached_crt_reset_s17,17,NOT APPLICABLE,joint,3,train,plasma_cell,72,98,54,44,1.8148148148148149,4,16,DETERMINISTIC SAMPLER REPLAY VERIFIED AGAINST ALL LOGGED CLASS/UID/GROUP COUNTS
6,C,p6_C_cached_crt_reset,p6_C_cached_crt_reset_s17,17,NOT APPLICABLE,joint,3,train,histiocyte,72,108,62,46,1.7419354838709677,6,36,DETERMINISTIC SAMPLER REPLAY VERIFIED AGAINST ALL LOGGED CLASS/UID/GROUP COUNTS
6,C,p6_C_cached_crt_reset,p6_C_cached_crt_reset_s17,17,NOT APPLICABLE,joint,3,train,melanophage,72,102,55,47,1.8545454545454545,5,22,DETERMINISTIC SAMPLER REPLAY VERIFIED AGAINST ALL LOGGED CLASS/UID/GROUP COUNTS
6,C,p6_C_cached_crt_reset,p6_C_cached_crt_reset_s17,17,NOT APPLICABLE,joint,3,train,neutrophil,72,77,49,28,1.5714285714285714,3,7,DETERMINISTIC SAMPLER REPLAY VERIFIED AGAINST ALL LOGGED CLASS/UID/GROUP COUNTS
6,C,p6_C_cached_crt_reset,p6_C_cached_crt_reset_s17,17,NOT APPLICABLE,joint,3,train,stroma,72,85,49,36,1.7346938775510203,5,37,DETERMINISTIC SAMPLER REPLAY VERIFIED AGAINST ALL LOGGED CLASS/UID/GROUP COUNTS
6,C,p6_C_cached_crt_reset,p6_C_cached_crt_reset_s17,17,NOT APPLICABLE,joint,3,train,epithelium,72,80,49,31,1.6326530612244898,3,10,DETERMINISTIC SAMPLER REPLAY VERIFIED AGAINST ALL LOGGED CLASS/UID/GROUP COUNTS
6,C,p6_C_cached_crt_reset,p6_C_cached_crt_reset_s17,17,NOT APPLICABLE,joint,3,train,endothelium,72,77,51,26,1.5098039215686274,5,36,DETERMINISTIC SAMPLER REPLAY VERIFIED AGAINST ALL LOGGED CLASS/UID/GROUP COUNTS
6,C,p6_C_cached_crt_reset,p6_C_cached_crt_reset_s17,17,NOT APPLICABLE,joint,3,train,apoptosis,72,81,50,31,1.62,4,34,DETERMINISTIC SAMPLER REPLAY VERIFIED AGAINST ALL LOGGED CLASS/UID/GROUP COUNTS
6,C,p6_C_cached_crt_reset,p6_C_cached_crt_reset_s17,17,NOT APPLICABLE,joint,4,train,tumor,213,92,71,21,1.295774647887324,3,42,DETERMINISTIC SAMPLER REPLAY VERIFIED AGAINST ALL LOGGED CLASS/UID/GROUP COUNTS
6,C,p6_C_cached_crt_reset,p6_C_cached_crt_reset_s17,17,NOT APPLICABLE,joint,4,train,lymphocyte,111,93,68,25,1.3676470588235294,3,46,DETERMINISTIC SAMPLER REPLAY VERIFIED AGAINST ALL LOGGED CLASS/UID/GROUP COUNTS
6,C,p6_C_cached_crt_reset,p6_C_cached_crt_reset_s17,17,NOT APPLICABLE,joint,4,train,plasma_cell,72,87,49,38,1.7755102040816326,4,15,DETERMINISTIC SAMPLER REPLAY VERIFIED AGAINST ALL LOGGED CLASS/UID/GROUP COUNTS
6,C,p6_C_cached_crt_reset,p6_C_cached_crt_reset_s17,17,NOT APPLICABLE,joint,4,train,histiocyte,72,92,53,39,1.7358490566037736,4,34,DETERMINISTIC SAMPLER REPLAY VERIFIED AGAINST ALL LOGGED CLASS/UID/GROUP COUNTS
6,C,p6_C_cached_crt_reset,p6_C_cached_crt_reset_s17,17,NOT APPLICABLE,joint,4,train,melanophage,72,75,50,25,1.5,3,26,DETERMINISTIC SAMPLER REPLAY VERIFIED AGAINST ALL LOGGED CLASS/UID/GROUP COUNTS
6,C,p6_C_cached_crt_reset,p6_C_cached_crt_reset_s17,17,NOT APPLICABLE,joint,4,train,neutrophil,72,110,57,53,1.9298245614035088,7,8,DETERMINISTIC SAMPLER REPLAY VERIFIED AGAINST ALL LOGGED CLASS/UID/GROUP COUNTS
6,C,p6_C_cached_crt_reset,p6_C_cached_crt_reset_s17,17,NOT APPLICABLE,joint,4,train,stroma,72,85,52,33,1.6346153846153846,3,42,DETERMINISTIC SAMPLER REPLAY VERIFIED AGAINST ALL LOGGED CLASS/UID/GROUP COUNTS
6,C,p6_C_cached_crt_reset,p6_C_cached_crt_reset_s17,17,NOT APPLICABLE,joint,4,train,epithelium,72,101,55,46,1.8363636363636364,5,10,DETERMINISTIC SAMPLER REPLAY VERIFIED AGAINST ALL LOGGED CLASS/UID/GROUP COUNTS
6,C,p6_C_cached_crt_reset,p6_C_cached_crt_reset_s17,17,NOT APPLICABLE,joint,4,train,endothelium,72,80,45,35,1.7777777777777777,4,34,DETERMINISTIC SAMPLER REPLAY VERIFIED AGAINST ALL LOGGED CLASS/UID/GROUP COUNTS
6,C,p6_C_cached_crt_reset,p6_C_cached_crt_reset_s17,17,NOT APPLICABLE,joint,4,train,apoptosis,72,85,46,39,1.8478260869565217,4,32,DETERMINISTIC SAMPLER REPLAY VERIFIED AGAINST ALL LOGGED CLASS/UID/GROUP COUNTS
6,C,p6_C_cached_crt_reset,p6_C_cached_crt_reset_s17,17,NOT APPLICABLE,joint,5,train,tumor,213,90,75,15,1.2,3,50,DETERMINISTIC SAMPLER REPLAY VERIFIED AGAINST ALL LOGGED CLASS/UID/GROUP COUNTS
6,C,p6_C_cached_crt_reset,p6_C_cached_crt_reset_s17,17,NOT APPLICABLE,joint,5,train,lymphocyte,111,81,59,22,1.3728813559322033,5,43,DETERMINISTIC SAMPLER REPLAY VERIFIED AGAINST ALL LOGGED CLASS/UID/GROUP COUNTS
6,C,p6_C_cached_crt_reset,p6_C_cached_crt_reset_s17,17,NOT APPLICABLE,joint,5,train,plasma_cell,72,108,51,57,2.1176470588235294,6,16,DETERMINISTIC SAMPLER REPLAY VERIFIED AGAINST ALL LOGGED CLASS/UID/GROUP COUNTS
6,C,p6_C_cached_crt_reset,p6_C_cached_crt_reset_s17,17,NOT APPLICABLE,joint,5,train,histiocyte,72,98,51,47,1.9215686274509804,5,33,DETERMINISTIC SAMPLER REPLAY VERIFIED AGAINST ALL LOGGED CLASS/UID/GROUP COUNTS
6,C,p6_C_cached_crt_reset,p6_C_cached_crt_reset_s17,17,NOT APPLICABLE,joint,5,train,melanophage,72,81,47,34,1.7234042553191489,6,24,DETERMINISTIC SAMPLER REPLAY VERIFIED AGAINST ALL LOGGED CLASS/UID/GROUP COUNTS
6,C,p6_C_cached_crt_reset,p6_C_cached_crt_reset_s17,17,NOT APPLICABLE,joint,5,train,neutrophil,72,78,46,32,1.6956521739130435,3,7,DETERMINISTIC SAMPLER REPLAY VERIFIED AGAINST ALL LOGGED CLASS/UID/GROUP COUNTS
6,C,p6_C_cached_crt_reset,p6_C_cached_crt_reset_s17,17,NOT APPLICABLE,joint,5,train,stroma,72,86,51,35,1.6862745098039216,4,40,DETERMINISTIC SAMPLER REPLAY VERIFIED AGAINST ALL LOGGED CLASS/UID/GROUP COUNTS
6,C,p6_C_cached_crt_reset,p6_C_cached_crt_reset_s17,17,NOT APPLICABLE,joint,5,train,epithelium,72,82,44,38,1.8636363636363635,4,10,DETERMINISTIC SAMPLER REPLAY VERIFIED AGAINST ALL LOGGED CLASS/UID/GROUP COUNTS
6,C,p6_C_cached_crt_reset,p6_C_cached_crt_reset_s17,17,NOT APPLICABLE,joint,5,train,endothelium,72,108,61,47,1.7704918032786885,5,38,DETERMINISTIC SAMPLER REPLAY VERIFIED AGAINST ALL LOGGED CLASS/UID/GROUP COUNTS
6,C,p6_C_cached_crt_reset,p6_C_cached_crt_reset_s17,17,NOT APPLICABLE,joint,5,train,apoptosis,72,88,51,37,1.7254901960784315,4,34,DETERMINISTIC SAMPLER REPLAY VERIFIED AGAINST ALL LOGGED CLASS/UID/GROUP COUNTS
6,C,p6_C_cached_crt_reset,p6_C_cached_crt_reset_s17,17,NOT APPLICABLE,joint,6,train,tumor,213,100,77,23,1.2987012987012987,3,52,DETERMINISTIC SAMPLER REPLAY VERIFIED AGAINST ALL LOGGED CLASS/UID/GROUP COUNTS
6,C,p6_C_cached_crt_reset,p6_C_cached_crt_reset_s17,17,NOT APPLICABLE,joint,6,train,lymphocyte,111,90,64,26,1.40625,4,47,DETERMINISTIC SAMPLER REPLAY VERIFIED AGAINST ALL LOGGED CLASS/UID/GROUP COUNTS
6,C,p6_C_cached_crt_reset,p6_C_cached_crt_reset_s17,17,NOT APPLICABLE,joint,6,train,plasma_cell,72,91,52,39,1.75,5,16,DETERMINISTIC SAMPLER REPLAY VERIFIED AGAINST ALL LOGGED CLASS/UID/GROUP COUNTS
6,C,p6_C_cached_crt_reset,p6_C_cached_crt_reset_s17,17,NOT APPLICABLE,joint,6,train,histiocyte,72,84,57,27,1.4736842105263157,3,36,DETERMINISTIC SAMPLER REPLAY VERIFIED AGAINST ALL LOGGED CLASS/UID/GROUP COUNTS
6,C,p6_C_cached_crt_reset,p6_C_cached_crt_reset_s17,17,NOT APPLICABLE,joint,6,train,melanophage,72,85,54,31,1.5740740740740742,3,23,DETERMINISTIC SAMPLER REPLAY VERIFIED AGAINST ALL LOGGED CLASS/UID/GROUP COUNTS
6,C,p6_C_cached_crt_reset,p6_C_cached_crt_reset_s17,17,NOT APPLICABLE,joint,6,train,neutrophil,72,90,51,39,1.7647058823529411,6,8,DETERMINISTIC SAMPLER REPLAY VERIFIED AGAINST ALL LOGGED CLASS/UID/GROUP COUNTS
6,C,p6_C_cached_crt_reset,p6_C_cached_crt_reset_s17,17,NOT APPLICABLE,joint,6,train,stroma,72,104,57,47,1.8245614035087718,4,42,DETERMINISTIC SAMPLER REPLAY VERIFIED AGAINST ALL LOGGED CLASS/UID/GROUP COUNTS
6,C,p6_C_cached_crt_reset,p6_C_cached_crt_reset_s17,17,NOT APPLICABLE,joint,6,train,epithelium,72,85,53,32,1.6037735849056605,4,10,DETERMINISTIC SAMPLER REPLAY VERIFIED AGAINST ALL LOGGED CLASS/UID/GROUP COUNTS
6,C,p6_C_cached_crt_reset,p6_C_cached_crt_reset_s17,17,NOT APPLICABLE,joint,6,train,endothelium,72,93,51,42,1.8235294117647058,5,36,DETERMINISTIC SAMPLER REPLAY VERIFIED AGAINST ALL LOGGED CLASS/UID/GROUP COUNTS
6,C,p6_C_cached_crt_reset,p6_C_cached_crt_reset_s17,17,NOT APPLICABLE,joint,6,train,apoptosis,72,78,48,30,1.625,4,33,DETERMINISTIC SAMPLER REPLAY VERIFIED AGAINST ALL LOGGED CLASS/UID/GROUP COUNTS
6,C,p6_C_cached_crt_reset,p6_C_cached_crt_reset_s17,17,NOT APPLICABLE,joint,7,train,tumor,213,95,78,17,1.2179487179487178,3,49,DETERMINISTIC SAMPLER REPLAY VERIFIED AGAINST ALL LOGGED CLASS/UID/GROUP COUNTS
6,C,p6_C_cached_crt_reset,p6_C_cached_crt_reset_s17,17,NOT APPLICABLE,joint,7,train,lymphocyte,111,70,54,16,1.2962962962962963,3,41,DETERMINISTIC SAMPLER REPLAY VERIFIED AGAINST ALL LOGGED CLASS/UID/GROUP COUNTS
6,C,p6_C_cached_crt_reset,p6_C_cached_crt_reset_s17,17,NOT APPLICABLE,joint,7,train,plasma_cell,72,88,48,40,1.8333333333333333,7,15,DETERMINISTIC SAMPLER REPLAY VERIFIED AGAINST ALL LOGGED CLASS/UID/GROUP COUNTS
6,C,p6_C_cached_crt_reset,p6_C_cached_crt_reset_s17,17,NOT APPLICABLE,joint,7,train,histiocyte,72,96,50,46,1.92,5,34,DETERMINISTIC SAMPLER REPLAY VERIFIED AGAINST ALL LOGGED CLASS/UID/GROUP COUNTS
6,C,p6_C_cached_crt_reset,p6_C_cached_crt_reset_s17,17,NOT APPLICABLE,joint,7,train,melanophage,72,89,51,38,1.7450980392156863,5,24,DETERMINISTIC SAMPLER REPLAY VERIFIED AGAINST ALL LOGGED CLASS/UID/GROUP COUNTS
6,C,p6_C_cached_crt_reset,p6_C_cached_crt_reset_s17,17,NOT APPLICABLE,joint,7,train,neutrophil,72,88,56,32,1.5714285714285714,5,8,DETERMINISTIC SAMPLER REPLAY VERIFIED AGAINST ALL LOGGED CLASS/UID/GROUP COUNTS
6,C,p6_C_cached_crt_reset,p6_C_cached_crt_reset_s17,17,NOT APPLICABLE,joint,7,train,stroma,72,98,51,47,1.9215686274509804,4,44,DETERMINISTIC SAMPLER REPLAY VERIFIED AGAINST ALL LOGGED CLASS/UID/GROUP COUNTS
6,C,p6_C_cached_crt_reset,p6_C_cached_crt_reset_s17,17,NOT APPLICABLE,joint,7,train,epithelium,72,91,47,44,1.9361702127659575,6,10,DETERMINISTIC SAMPLER REPLAY VERIFIED AGAINST ALL LOGGED CLASS/UID/GROUP COUNTS
6,C,p6_C_cached_crt_reset,p6_C_cached_crt_reset_s17,17,NOT APPLICABLE,joint,7,train,endothelium,72,105,59,46,1.7796610169491525,5,37,DETERMINISTIC SAMPLER REPLAY VERIFIED AGAINST ALL LOGGED CLASS/UID/GROUP COUNTS
6,C,p6_C_cached_crt_reset,p6_C_cached_crt_reset_s17,17,NOT APPLICABLE,joint,7,train,apoptosis,72,80,44,36,1.8181818181818181,4,30,DETERMINISTIC SAMPLER REPLAY VERIFIED AGAINST ALL LOGGED CLASS/UID/GROUP COUNTS
6,C,p6_C_cached_crt_reset,p6_C_cached_crt_reset_s17,17,NOT APPLICABLE,joint,8,train,tumor,213,99,75,24,1.32,3,48,DETERMINISTIC SAMPLER REPLAY VERIFIED AGAINST ALL LOGGED CLASS/UID/GROUP COUNTS
6,C,p6_C_cached_crt_reset,p6_C_cached_crt_reset_s17,17,NOT APPLICABLE,joint,8,train,lymphocyte,111,90,56,34,1.6071428571428572,4,42,DETERMINISTIC SAMPLER REPLAY VERIFIED AGAINST ALL LOGGED CLASS/UID/GROUP COUNTS
6,C,p6_C_cached_crt_reset,p6_C_cached_crt_reset_s17,17,NOT APPLICABLE,joint,8,train,plasma_cell,72,84,52,32,1.6153846153846154,4,14,DETERMINISTIC SAMPLER REPLAY VERIFIED AGAINST ALL LOGGED CLASS/UID/GROUP COUNTS
6,C,p6_C_cached_crt_reset,p6_C_cached_crt_reset_s17,17,NOT APPLICABLE,joint,8,train,histiocyte,72,89,48,41,1.8541666666666667,4,30,DETERMINISTIC SAMPLER REPLAY VERIFIED AGAINST ALL LOGGED CLASS/UID/GROUP COUNTS
6,C,p6_C_cached_crt_reset,p6_C_cached_crt_reset_s17,17,NOT APPLICABLE,joint,8,train,melanophage,72,100,52,48,1.9230769230769231,5,25,DETERMINISTIC SAMPLER REPLAY VERIFIED AGAINST ALL LOGGED CLASS/UID/GROUP COUNTS
6,C,p6_C_cached_crt_reset,p6_C_cached_crt_reset_s17,17,NOT APPLICABLE,joint,8,train,neutrophil,72,76,48,28,1.5833333333333333,4,6,DETERMINISTIC SAMPLER REPLAY VERIFIED AGAINST ALL LOGGED CLASS/UID/GROUP COUNTS
6,C,p6_C_cached_crt_reset,p6_C_cached_crt_reset_s17,17,NOT APPLICABLE,joint,8,train,stroma,72,79,50,29,1.58,3,39,DETERMINISTIC SAMPLER REPLAY VERIFIED AGAINST ALL LOGGED CLASS/UID/GROUP COUNTS
6,C,p6_C_cached_crt_reset,p6_C_cached_crt_reset_s17,17,NOT APPLICABLE,joint,8,train,epithelium,72,100,56,44,1.7857142857142858,4,10,DETERMINISTIC SAMPLER REPLAY VERIFIED AGAINST ALL LOGGED CLASS/UID/GROUP COUNTS
6,C,p6_C_cached_crt_reset,p6_C_cached_crt_reset_s17,17,NOT APPLICABLE,joint,8,train,endothelium,72,96,53,43,1.8113207547169812,5,38,DETERMINISTIC SAMPLER REPLAY VERIFIED AGAINST ALL LOGGED CLASS/UID/GROUP COUNTS
6,C,p6_C_cached_crt_reset,p6_C_cached_crt_reset_s17,17,NOT APPLICABLE,joint,8,train,apoptosis,72,87,50,37,1.74,5,37,DETERMINISTIC SAMPLER REPLAY VERIFIED AGAINST ALL LOGGED CLASS/UID/GROUP COUNTS
6,C,p6_C_cached_crt_reset,p6_C_cached_crt_reset_s17,17,NOT APPLICABLE,joint,9,train,tumor,213,92,81,11,1.1358024691358024,3,47,DETERMINISTIC SAMPLER REPLAY VERIFIED AGAINST ALL LOGGED CLASS/UID/GROUP COUNTS
6,C,p6_C_cached_crt_reset,p6_C_cached_crt_reset_s17,17,NOT APPLICABLE,joint,9,train,lymphocyte,111,75,54,21,1.3888888888888888,4,43,DETERMINISTIC SAMPLER REPLAY VERIFIED AGAINST ALL LOGGED CLASS/UID/GROUP COUNTS
6,C,p6_C_cached_crt_reset,p6_C_cached_crt_reset_s17,17,NOT APPLICABLE,joint,9,train,plasma_cell,72,96,53,43,1.8113207547169812,4,17,DETERMINISTIC SAMPLER REPLAY VERIFIED AGAINST ALL LOGGED CLASS/UID/GROUP COUNTS
6,C,p6_C_cached_crt_reset,p6_C_cached_crt_reset_s17,17,NOT APPLICABLE,joint,9,train,histiocyte,72,85,50,35,1.7,4,33,DETERMINISTIC SAMPLER REPLAY VERIFIED AGAINST ALL LOGGED CLASS/UID/GROUP COUNTS
6,C,p6_C_cached_crt_reset,p6_C_cached_crt_reset_s17,17,NOT APPLICABLE,joint,9,train,melanophage,72,86,52,34,1.6538461538461537,5,24,DETERMINISTIC SAMPLER REPLAY VERIFIED AGAINST ALL LOGGED CLASS/UID/GROUP COUNTS
6,C,p6_C_cached_crt_reset,p6_C_cached_crt_reset_s17,17,NOT APPLICABLE,joint,9,train,neutrophil,72,87,50,37,1.74,4,8,DETERMINISTIC SAMPLER REPLAY VERIFIED AGAINST ALL LOGGED CLASS/UID/GROUP COUNTS
6,C,p6_C_cached_crt_reset,p6_C_cached_crt_reset_s17,17,NOT APPLICABLE,joint,9,train,stroma,72,100,57,43,1.7543859649122806,4,45,DETERMINISTIC SAMPLER REPLAY VERIFIED AGAINST ALL LOGGED CLASS/UID/GROUP COUNTS
6,C,p6_C_cached_crt_reset,p6_C_cached_crt_reset_s17,17,NOT APPLICABLE,joint,9,train,epithelium,72,90,55,35,1.6363636363636365,6,10,DETERMINISTIC SAMPLER REPLAY VERIFIED AGAINST ALL LOGGED CLASS/UID/GROUP COUNTS
6,C,p6_C_cached_crt_reset,p6_C_cached_crt_reset_s17,17,NOT APPLICABLE,joint,9,train,endothelium,72,95,52,43,1.8269230769230769,5,37,DETERMINISTIC SAMPLER REPLAY VERIFIED AGAINST ALL LOGGED CLASS/UID/GROUP COUNTS
6,C,p6_C_cached_crt_reset,p6_C_cached_crt_reset_s17,17,NOT APPLICABLE,joint,9,train,apoptosis,72,94,52,42,1.8076923076923077,4,35,DETERMINISTIC SAMPLER REPLAY VERIFIED AGAINST ALL LOGGED CLASS/UID/GROUP COUNTS
6,C,p6_C_cached_crt_reset,p6_C_cached_crt_reset_s17,17,NOT APPLICABLE,joint,10,train,tumor,213,86,64,22,1.34375,4,38,DETERMINISTIC SAMPLER REPLAY VERIFIED AGAINST ALL LOGGED CLASS/UID/GROUP COUNTS
6,C,p6_C_cached_crt_reset,p6_C_cached_crt_reset_s17,17,NOT APPLICABLE,joint,10,train,lymphocyte,111,96,66,30,1.4545454545454546,4,49,DETERMINISTIC SAMPLER REPLAY VERIFIED AGAINST ALL LOGGED CLASS/UID/GROUP COUNTS
6,C,p6_C_cached_crt_reset,p6_C_cached_crt_reset_s17,17,NOT APPLICABLE,joint,10,train,plasma_cell,72,78,49,29,1.5918367346938775,3,13,DETERMINISTIC SAMPLER REPLAY VERIFIED AGAINST ALL LOGGED CLASS/UID/GROUP COUNTS
6,C,p6_C_cached_crt_reset,p6_C_cached_crt_reset_s17,17,NOT APPLICABLE,joint,10,train,histiocyte,72,92,50,42,1.84,4,35,DETERMINISTIC SAMPLER REPLAY VERIFIED AGAINST ALL LOGGED CLASS/UID/GROUP COUNTS
6,C,p6_C_cached_crt_reset,p6_C_cached_crt_reset_s17,17,NOT APPLICABLE,joint,10,train,melanophage,72,101,53,48,1.9056603773584906,5,23,DETERMINISTIC SAMPLER REPLAY VERIFIED AGAINST ALL LOGGED CLASS/UID/GROUP COUNTS
6,C,p6_C_cached_crt_reset,p6_C_cached_crt_reset_s17,17,NOT APPLICABLE,joint,10,train,neutrophil,72,94,54,40,1.7407407407407407,3,8,DETERMINISTIC SAMPLER REPLAY VERIFIED AGAINST ALL LOGGED CLASS/UID/GROUP COUNTS
6,C,p6_C_cached_crt_reset,p6_C_cached_crt_reset_s17,17,NOT APPLICABLE,joint,10,train,stroma,72,82,47,35,1.7446808510638299,5,38,DETERMINISTIC SAMPLER REPLAY VERIFIED AGAINST ALL LOGGED CLASS/UID/GROUP COUNTS
6,C,p6_C_cached_crt_reset,p6_C_cached_crt_reset_s17,17,NOT APPLICABLE,joint,10,train,epithelium,72,81,51,30,1.588235294117647,4,10,DETERMINISTIC SAMPLER REPLAY VERIFIED AGAINST ALL LOGGED CLASS/UID/GROUP COUNTS
6,C,p6_C_cached_crt_reset,p6_C_cached_crt_reset_s17,17,NOT APPLICABLE,joint,10,train,endothelium,72,89,54,35,1.6481481481481481,4,37,DETERMINISTIC SAMPLER REPLAY VERIFIED AGAINST ALL LOGGED CLASS/UID/GROUP COUNTS
6,C,p6_C_cached_crt_reset,p6_C_cached_crt_reset_s17,17,NOT APPLICABLE,joint,10,train,apoptosis,72,101,54,47,1.8703703703703705,5,36,DETERMINISTIC SAMPLER REPLAY VERIFIED AGAINST ALL LOGGED CLASS/UID/GROUP COUNTS
6,C,p6_C_cached_crt_reset,p6_C_cached_crt_reset_s17,17,NOT APPLICABLE,decoupled,1,train,tumor,213,82,68,14,1.2058823529411764,3,45,DETERMINISTIC SAMPLER REPLAY VERIFIED AGAINST ALL LOGGED CLASS/UID/GROUP COUNTS
6,C,p6_C_cached_crt_reset,p6_C_cached_crt_reset_s17,17,NOT APPLICABLE,decoupled,1,train,lymphocyte,111,84,55,29,1.5272727272727273,4,41,DETERMINISTIC SAMPLER REPLAY VERIFIED AGAINST ALL LOGGED CLASS/UID/GROUP COUNTS
6,C,p6_C_cached_crt_reset,p6_C_cached_crt_reset_s17,17,NOT APPLICABLE,decoupled,1,train,plasma_cell,72,94,54,40,1.7407407407407407,4,15,DETERMINISTIC SAMPLER REPLAY VERIFIED AGAINST ALL LOGGED CLASS/UID/GROUP COUNTS
6,C,p6_C_cached_crt_reset,p6_C_cached_crt_reset_s17,17,NOT APPLICABLE,decoupled,1,train,histiocyte,72,94,53,41,1.7735849056603774,6,34,DETERMINISTIC SAMPLER REPLAY VERIFIED AGAINST ALL LOGGED CLASS/UID/GROUP COUNTS
6,C,p6_C_cached_crt_reset,p6_C_cached_crt_reset_s17,17,NOT APPLICABLE,decoupled,1,train,melanophage,72,88,51,37,1.7254901960784315,4,23,DETERMINISTIC SAMPLER REPLAY VERIFIED AGAINST ALL LOGGED CLASS/UID/GROUP COUNTS
6,C,p6_C_cached_crt_reset,p6_C_cached_crt_reset_s17,17,NOT APPLICABLE,decoupled,1,train,neutrophil,72,84,51,33,1.6470588235294117,5,6,DETERMINISTIC SAMPLER REPLAY VERIFIED AGAINST ALL LOGGED CLASS/UID/GROUP COUNTS
6,C,p6_C_cached_crt_reset,p6_C_cached_crt_reset_s17,17,NOT APPLICABLE,decoupled,1,train,stroma,72,97,55,42,1.7636363636363637,4,39,DETERMINISTIC SAMPLER REPLAY VERIFIED AGAINST ALL LOGGED CLASS/UID/GROUP COUNTS
6,C,p6_C_cached_crt_reset,p6_C_cached_crt_reset_s17,17,NOT APPLICABLE,decoupled,1,train,epithelium,72,91,52,39,1.75,4,10,DETERMINISTIC SAMPLER REPLAY VERIFIED AGAINST ALL LOGGED CLASS/UID/GROUP COUNTS
6,C,p6_C_cached_crt_reset,p6_C_cached_crt_reset_s17,17,NOT APPLICABLE,decoupled,1,train,endothelium,72,102,56,46,1.8214285714285714,4,36,DETERMINISTIC SAMPLER REPLAY VERIFIED AGAINST ALL LOGGED CLASS/UID/GROUP COUNTS
6,C,p6_C_cached_crt_reset,p6_C_cached_crt_reset_s17,17,NOT APPLICABLE,decoupled,1,train,apoptosis,72,84,47,37,1.7872340425531914,5,34,DETERMINISTIC SAMPLER REPLAY VERIFIED AGAINST ALL LOGGED CLASS/UID/GROUP COUNTS
6,C,p6_C_cached_crt_reset,p6_C_cached_crt_reset_s17,17,NOT APPLICABLE,decoupled,2,train,tumor,213,99,81,18,1.2222222222222223,4,50,DETERMINISTIC SAMPLER REPLAY VERIFIED AGAINST ALL LOGGED CLASS/UID/GROUP COUNTS
6,C,p6_C_cached_crt_reset,p6_C_cached_crt_reset_s17,17,NOT APPLICABLE,decoupled,2,train,lymphocyte,111,84,61,23,1.3770491803278688,4,43,DETERMINISTIC SAMPLER REPLAY VERIFIED AGAINST ALL LOGGED CLASS/UID/GROUP COUNTS
6,C,p6_C_cached_crt_reset,p6_C_cached_crt_reset_s17,17,NOT APPLICABLE,decoupled,2,train,plasma_cell,72,96,52,44,1.8461538461538463,5,17,DETERMINISTIC SAMPLER REPLAY VERIFIED AGAINST ALL LOGGED CLASS/UID/GROUP COUNTS
6,C,p6_C_cached_crt_reset,p6_C_cached_crt_reset_s17,17,NOT APPLICABLE,decoupled,2,train,histiocyte,72,86,45,41,1.9111111111111112,5,29,DETERMINISTIC SAMPLER REPLAY VERIFIED AGAINST ALL LOGGED CLASS/UID/GROUP COUNTS
6,C,p6_C_cached_crt_reset,p6_C_cached_crt_reset_s17,17,NOT APPLICABLE,decoupled,2,train,melanophage,72,101,55,46,1.8363636363636364,6,24,DETERMINISTIC SAMPLER REPLAY VERIFIED AGAINST ALL LOGGED CLASS/UID/GROUP COUNTS
6,C,p6_C_cached_crt_reset,p6_C_cached_crt_reset_s17,17,NOT APPLICABLE,decoupled,2,train,neutrophil,72,81,47,34,1.7234042553191489,4,7,DETERMINISTIC SAMPLER REPLAY VERIFIED AGAINST ALL LOGGED CLASS/UID/GROUP COUNTS
6,C,p6_C_cached_crt_reset,p6_C_cached_crt_reset_s17,17,NOT APPLICABLE,decoupled,2,train,stroma,72,87,58,29,1.5,5,45,DETERMINISTIC SAMPLER REPLAY VERIFIED AGAINST ALL LOGGED CLASS/UID/GROUP COUNTS
6,C,p6_C_cached_crt_reset,p6_C_cached_crt_reset_s17,17,NOT APPLICABLE,decoupled,2,train,epithelium,72,76,46,30,1.6521739130434783,4,10,DETERMINISTIC SAMPLER REPLAY VERIFIED AGAINST ALL LOGGED CLASS/UID/GROUP COUNTS
6,C,p6_C_cached_crt_reset,p6_C_cached_crt_reset_s17,17,NOT APPLICABLE,decoupled,2,train,endothelium,72,102,57,45,1.7894736842105263,5,40,DETERMINISTIC SAMPLER REPLAY VERIFIED AGAINST ALL LOGGED CLASS/UID/GROUP COUNTS
6,C,p6_C_cached_crt_reset,p6_C_cached_crt_reset_s17,17,NOT APPLICABLE,decoupled,2,train,apoptosis,72,88,51,37,1.7254901960784315,4,34,DETERMINISTIC SAMPLER REPLAY VERIFIED AGAINST ALL LOGGED CLASS/UID/GROUP COUNTS
6,C,p6_C_cached_crt_reset,p6_C_cached_crt_reset_s17,17,NOT APPLICABLE,decoupled,3,train,tumor,213,73,63,10,1.1587301587301588,3,45,DETERMINISTIC SAMPLER REPLAY VERIFIED AGAINST ALL LOGGED CLASS/UID/GROUP COUNTS
6,C,p6_C_cached_crt_reset,p6_C_cached_crt_reset_s17,17,NOT APPLICABLE,decoupled,3,train,lymphocyte,111,94,62,32,1.5161290322580645,4,46,DETERMINISTIC SAMPLER REPLAY VERIFIED AGAINST ALL LOGGED CLASS/UID/GROUP COUNTS
6,C,p6_C_cached_crt_reset,p6_C_cached_crt_reset_s17,17,NOT APPLICABLE,decoupled,3,train,plasma_cell,72,100,56,44,1.7857142857142858,6,16,DETERMINISTIC SAMPLER REPLAY VERIFIED AGAINST ALL LOGGED CLASS/UID/GROUP COUNTS
6,C,p6_C_cached_crt_reset,p6_C_cached_crt_reset_s17,17,NOT APPLICABLE,decoupled,3,train,histiocyte,72,105,51,54,2.0588235294117645,6,35,DETERMINISTIC SAMPLER REPLAY VERIFIED AGAINST ALL LOGGED CLASS/UID/GROUP COUNTS
6,C,p6_C_cached_crt_reset,p6_C_cached_crt_reset_s17,17,NOT APPLICABLE,decoupled,3,train,melanophage,72,90,50,40,1.8,5,23,DETERMINISTIC SAMPLER REPLAY VERIFIED AGAINST ALL LOGGED CLASS/UID/GROUP COUNTS
6,C,p6_C_cached_crt_reset,p6_C_cached_crt_reset_s17,17,NOT APPLICABLE,decoupled,3,train,neutrophil,72,71,47,24,1.5106382978723405,4,6,DETERMINISTIC SAMPLER REPLAY VERIFIED AGAINST ALL LOGGED CLASS/UID/GROUP COUNTS
6,C,p6_C_cached_crt_reset,p6_C_cached_crt_reset_s17,17,NOT APPLICABLE,decoupled,3,train,stroma,72,83,49,34,1.6938775510204083,5,37,DETERMINISTIC SAMPLER REPLAY VERIFIED AGAINST ALL LOGGED CLASS/UID/GROUP COUNTS
6,C,p6_C_cached_crt_reset,p6_C_cached_crt_reset_s17,17,NOT APPLICABLE,decoupled,3,train,epithelium,72,84,49,35,1.7142857142857142,3,10,DETERMINISTIC SAMPLER REPLAY VERIFIED AGAINST ALL LOGGED CLASS/UID/GROUP COUNTS
6,C,p6_C_cached_crt_reset,p6_C_cached_crt_reset_s17,17,NOT APPLICABLE,decoupled,3,train,endothelium,72,98,58,40,1.6896551724137931,4,39,DETERMINISTIC SAMPLER REPLAY VERIFIED AGAINST ALL LOGGED CLASS/UID/GROUP COUNTS
6,C,p6_C_cached_crt_reset,p6_C_cached_crt_reset_s17,17,NOT APPLICABLE,decoupled,3,train,apoptosis,72,102,59,43,1.728813559322034,3,36,DETERMINISTIC SAMPLER REPLAY VERIFIED AGAINST ALL LOGGED CLASS/UID/GROUP COUNTS
6,C,p6_C_cached_crt_reset,p6_C_cached_crt_reset_s17,17,NOT APPLICABLE,decoupled,4,train,tumor,213,68,61,7,1.1147540983606556,2,44,DETERMINISTIC SAMPLER REPLAY VERIFIED AGAINST ALL LOGGED CLASS/UID/GROUP COUNTS
6,C,p6_C_cached_crt_reset,p6_C_cached_crt_reset_s17,17,NOT APPLICABLE,decoupled,4,train,lymphocyte,111,100,66,34,1.5151515151515151,5,48,DETERMINISTIC SAMPLER REPLAY VERIFIED AGAINST ALL LOGGED CLASS/UID/GROUP COUNTS
6,C,p6_C_cached_crt_reset,p6_C_cached_crt_reset_s17,17,NOT APPLICABLE,decoupled,4,train,plasma_cell,72,87,47,40,1.851063829787234,5,12,DETERMINISTIC SAMPLER REPLAY VERIFIED AGAINST ALL LOGGED CLASS/UID/GROUP COUNTS
6,C,p6_C_cached_crt_reset,p6_C_cached_crt_reset_s17,17,NOT APPLICABLE,decoupled,4,train,histiocyte,72,87,46,41,1.891304347826087,4,33,DETERMINISTIC SAMPLER REPLAY VERIFIED AGAINST ALL LOGGED CLASS/UID/GROUP COUNTS
6,C,p6_C_cached_crt_reset,p6_C_cached_crt_reset_s17,17,NOT APPLICABLE,decoupled,4,train,melanophage,72,72,47,25,1.5319148936170213,4,23,DETERMINISTIC SAMPLER REPLAY VERIFIED AGAINST ALL LOGGED CLASS/UID/GROUP COUNTS
6,C,p6_C_cached_crt_reset,p6_C_cached_crt_reset_s17,17,NOT APPLICABLE,decoupled,4,train,neutrophil,72,104,51,53,2.0392156862745097,6,7,DETERMINISTIC SAMPLER REPLAY VERIFIED AGAINST ALL LOGGED CLASS/UID/GROUP COUNTS
6,C,p6_C_cached_crt_reset,p6_C_cached_crt_reset_s17,17,NOT APPLICABLE,decoupled,4,train,stroma,72,104,55,49,1.8909090909090909,7,42,DETERMINISTIC SAMPLER REPLAY VERIFIED AGAINST ALL LOGGED CLASS/UID/GROUP COUNTS
6,C,p6_C_cached_crt_reset,p6_C_cached_crt_reset_s17,17,NOT APPLICABLE,decoupled,4,train,epithelium,72,95,54,41,1.7592592592592593,6,10,DETERMINISTIC SAMPLER REPLAY VERIFIED AGAINST ALL LOGGED CLASS/UID/GROUP COUNTS
6,C,p6_C_cached_crt_reset,p6_C_cached_crt_reset_s17,17,NOT APPLICABLE,decoupled,4,train,endothelium,72,95,52,43,1.8269230769230769,5,38,DETERMINISTIC SAMPLER REPLAY VERIFIED AGAINST ALL LOGGED CLASS/UID/GROUP COUNTS
6,C,p6_C_cached_crt_reset,p6_C_cached_crt_reset_s17,17,NOT APPLICABLE,decoupled,4,train,apoptosis,72,88,52,36,1.6923076923076923,4,35,DETERMINISTIC SAMPLER REPLAY VERIFIED AGAINST ALL LOGGED CLASS/UID/GROUP COUNTS
6,C,p6_C_cached_crt_reset,p6_C_cached_crt_reset_s17,17,NOT APPLICABLE,decoupled,5,train,tumor,213,98,76,22,1.2894736842105263,2,49,DETERMINISTIC SAMPLER REPLAY VERIFIED AGAINST ALL LOGGED CLASS/UID/GROUP COUNTS
6,C,p6_C_cached_crt_reset,p6_C_cached_crt_reset_s17,17,NOT APPLICABLE,decoupled,5,train,lymphocyte,111,96,66,30,1.4545454545454546,4,48,DETERMINISTIC SAMPLER REPLAY VERIFIED AGAINST ALL LOGGED CLASS/UID/GROUP COUNTS
6,C,p6_C_cached_crt_reset,p6_C_cached_crt_reset_s17,17,NOT APPLICABLE,decoupled,5,train,plasma_cell,72,83,49,34,1.6938775510204083,4,12,DETERMINISTIC SAMPLER REPLAY VERIFIED AGAINST ALL LOGGED CLASS/UID/GROUP COUNTS
6,C,p6_C_cached_crt_reset,p6_C_cached_crt_reset_s17,17,NOT APPLICABLE,decoupled,5,train,histiocyte,72,74,48,26,1.5416666666666667,5,32,DETERMINISTIC SAMPLER REPLAY VERIFIED AGAINST ALL LOGGED CLASS/UID/GROUP COUNTS
6,C,p6_C_cached_crt_reset,p6_C_cached_crt_reset_s17,17,NOT APPLICABLE,decoupled,5,train,melanophage,72,87,46,41,1.891304347826087,5,23,DETERMINISTIC SAMPLER REPLAY VERIFIED AGAINST ALL LOGGED CLASS/UID/GROUP COUNTS
6,C,p6_C_cached_crt_reset,p6_C_cached_crt_reset_s17,17,NOT APPLICABLE,decoupled,5,train,neutrophil,72,91,52,39,1.75,4,8,DETERMINISTIC SAMPLER REPLAY VERIFIED AGAINST ALL LOGGED CLASS/UID/GROUP COUNTS
6,C,p6_C_cached_crt_reset,p6_C_cached_crt_reset_s17,17,NOT APPLICABLE,decoupled,5,train,stroma,72,98,59,39,1.6610169491525424,5,43,DETERMINISTIC SAMPLER REPLAY VERIFIED AGAINST ALL LOGGED CLASS/UID/GROUP COUNTS
6,C,p6_C_cached_crt_reset,p6_C_cached_crt_reset_s17,17,NOT APPLICABLE,decoupled,5,train,epithelium,72,84,57,27,1.4736842105263157,4,10,DETERMINISTIC SAMPLER REPLAY VERIFIED AGAINST ALL LOGGED CLASS/UID/GROUP COUNTS
6,C,p6_C_cached_crt_reset,p6_C_cached_crt_reset_s17,17,NOT APPLICABLE,decoupled,5,train,endothelium,72,86,48,38,1.7916666666666667,5,35,DETERMINISTIC SAMPLER REPLAY VERIFIED AGAINST ALL LOGGED CLASS/UID/GROUP COUNTS
6,C,p6_C_cached_crt_reset,p6_C_cached_crt_reset_s17,17,NOT APPLICABLE,decoupled,5,train,apoptosis,72,103,55,48,1.8727272727272728,5,34,DETERMINISTIC SAMPLER REPLAY VERIFIED AGAINST ALL LOGGED CLASS/UID/GROUP COUNTS
6,C,p6_C_cached_crt_reset,p6_C_cached_crt_reset_s29,29,NOT APPLICABLE,joint,1,train,tumor,213,90,72,18,1.25,3,48,DETERMINISTIC SAMPLER REPLAY VERIFIED AGAINST ALL LOGGED CLASS/UID/GROUP COUNTS
6,C,p6_C_cached_crt_reset,p6_C_cached_crt_reset_s29,29,NOT APPLICABLE,joint,1,train,lymphocyte,111,82,58,24,1.4137931034482758,3,42,DETERMINISTIC SAMPLER REPLAY VERIFIED AGAINST ALL LOGGED CLASS/UID/GROUP COUNTS
6,C,p6_C_cached_crt_reset,p6_C_cached_crt_reset_s29,29,NOT APPLICABLE,joint,1,train,plasma_cell,72,89,50,39,1.78,5,13,DETERMINISTIC SAMPLER REPLAY VERIFIED AGAINST ALL LOGGED CLASS/UID/GROUP COUNTS
6,C,p6_C_cached_crt_reset,p6_C_cached_crt_reset_s29,29,NOT APPLICABLE,joint,1,train,histiocyte,72,92,56,36,1.6428571428571428,4,36,DETERMINISTIC SAMPLER REPLAY VERIFIED AGAINST ALL LOGGED CLASS/UID/GROUP COUNTS
6,C,p6_C_cached_crt_reset,p6_C_cached_crt_reset_s29,29,NOT APPLICABLE,joint,1,train,melanophage,72,99,54,45,1.8333333333333333,6,22,DETERMINISTIC SAMPLER REPLAY VERIFIED AGAINST ALL LOGGED CLASS/UID/GROUP COUNTS
6,C,p6_C_cached_crt_reset,p6_C_cached_crt_reset_s29,29,NOT APPLICABLE,joint,1,train,neutrophil,72,90,55,35,1.6363636363636365,4,8,DETERMINISTIC SAMPLER REPLAY VERIFIED AGAINST ALL LOGGED CLASS/UID/GROUP COUNTS
6,C,p6_C_cached_crt_reset,p6_C_cached_crt_reset_s29,29,NOT APPLICABLE,joint,1,train,stroma,72,108,58,50,1.8620689655172413,5,42,DETERMINISTIC SAMPLER REPLAY VERIFIED AGAINST ALL LOGGED CLASS/UID/GROUP COUNTS
6,C,p6_C_cached_crt_reset,p6_C_cached_crt_reset_s29,29,NOT APPLICABLE,joint,1,train,epithelium,72,90,52,38,1.7307692307692308,5,10,DETERMINISTIC SAMPLER REPLAY VERIFIED AGAINST ALL LOGGED CLASS/UID/GROUP COUNTS
6,C,p6_C_cached_crt_reset,p6_C_cached_crt_reset_s29,29,NOT APPLICABLE,joint,1,train,endothelium,72,78,49,29,1.5918367346938775,4,36,DETERMINISTIC SAMPLER REPLAY VERIFIED AGAINST ALL LOGGED CLASS/UID/GROUP COUNTS
6,C,p6_C_cached_crt_reset,p6_C_cached_crt_reset_s29,29,NOT APPLICABLE,joint,1,train,apoptosis,72,82,53,29,1.5471698113207548,5,35,DETERMINISTIC SAMPLER REPLAY VERIFIED AGAINST ALL LOGGED CLASS/UID/GROUP COUNTS
6,C,p6_C_cached_crt_reset,p6_C_cached_crt_reset_s29,29,NOT APPLICABLE,joint,2,train,tumor,213,87,66,21,1.3181818181818181,3,48,DETERMINISTIC SAMPLER REPLAY VERIFIED AGAINST ALL LOGGED CLASS/UID/GROUP COUNTS
6,C,p6_C_cached_crt_reset,p6_C_cached_crt_reset_s29,29,NOT APPLICABLE,joint,2,train,lymphocyte,111,90,66,24,1.3636363636363635,4,47,DETERMINISTIC SAMPLER REPLAY VERIFIED AGAINST ALL LOGGED CLASS/UID/GROUP COUNTS
6,C,p6_C_cached_crt_reset,p6_C_cached_crt_reset_s29,29,NOT APPLICABLE,joint,2,train,plasma_cell,72,98,58,40,1.6896551724137931,3,16,DETERMINISTIC SAMPLER REPLAY VERIFIED AGAINST ALL LOGGED CLASS/UID/GROUP COUNTS
6,C,p6_C_cached_crt_reset,p6_C_cached_crt_reset_s29,29,NOT APPLICABLE,joint,2,train,histiocyte,72,98,58,40,1.6896551724137931,4,34,DETERMINISTIC SAMPLER REPLAY VERIFIED AGAINST ALL LOGGED CLASS/UID/GROUP COUNTS
6,C,p6_C_cached_crt_reset,p6_C_cached_crt_reset_s29,29,NOT APPLICABLE,joint,2,train,melanophage,72,73,45,28,1.6222222222222222,4,22,DETERMINISTIC SAMPLER REPLAY VERIFIED AGAINST ALL LOGGED CLASS/UID/GROUP COUNTS
6,C,p6_C_cached_crt_reset,p6_C_cached_crt_reset_s29,29,NOT APPLICABLE,joint,2,train,neutrophil,72,80,51,29,1.5686274509803921,4,7,DETERMINISTIC SAMPLER REPLAY VERIFIED AGAINST ALL LOGGED CLASS/UID/GROUP COUNTS
6,C,p6_C_cached_crt_reset,p6_C_cached_crt_reset_s29,29,NOT APPLICABLE,joint,2,train,stroma,72,85,51,34,1.6666666666666667,4,40,DETERMINISTIC SAMPLER REPLAY VERIFIED AGAINST ALL LOGGED CLASS/UID/GROUP COUNTS
6,C,p6_C_cached_crt_reset,p6_C_cached_crt_reset_s29,29,NOT APPLICABLE,joint,2,train,epithelium,72,93,54,39,1.7222222222222223,5,10,DETERMINISTIC SAMPLER REPLAY VERIFIED AGAINST ALL LOGGED CLASS/UID/GROUP COUNTS
6,C,p6_C_cached_crt_reset,p6_C_cached_crt_reset_s29,29,NOT APPLICABLE,joint,2,train,endothelium,72,107,54,53,1.9814814814814814,4,37,DETERMINISTIC SAMPLER REPLAY VERIFIED AGAINST ALL LOGGED CLASS/UID/GROUP COUNTS
6,C,p6_C_cached_crt_reset,p6_C_cached_crt_reset_s29,29,NOT APPLICABLE,joint,2,train,apoptosis,72,89,48,41,1.8541666666666667,6,32,DETERMINISTIC SAMPLER REPLAY VERIFIED AGAINST ALL LOGGED CLASS/UID/GROUP COUNTS
6,C,p6_C_cached_crt_reset,p6_C_cached_crt_reset_s29,29,NOT APPLICABLE,joint,3,train,tumor,213,78,61,17,1.278688524590164,4,39,DETERMINISTIC SAMPLER REPLAY VERIFIED AGAINST ALL LOGGED CLASS/UID/GROUP COUNTS
6,C,p6_C_cached_crt_reset,p6_C_cached_crt_reset_s29,29,NOT APPLICABLE,joint,3,train,lymphocyte,111,76,56,20,1.3571428571428572,4,42,DETERMINISTIC SAMPLER REPLAY VERIFIED AGAINST ALL LOGGED CLASS/UID/GROUP COUNTS
6,C,p6_C_cached_crt_reset,p6_C_cached_crt_reset_s29,29,NOT APPLICABLE,joint,3,train,plasma_cell,72,100,55,45,1.8181818181818181,5,15,DETERMINISTIC SAMPLER REPLAY VERIFIED AGAINST ALL LOGGED CLASS/UID/GROUP COUNTS
6,C,p6_C_cached_crt_reset,p6_C_cached_crt_reset_s29,29,NOT APPLICABLE,joint,3,train,histiocyte,72,82,47,35,1.7446808510638299,5,31,DETERMINISTIC SAMPLER REPLAY VERIFIED AGAINST ALL LOGGED CLASS/UID/GROUP COUNTS
6,C,p6_C_cached_crt_reset,p6_C_cached_crt_reset_s29,29,NOT APPLICABLE,joint,3,train,melanophage,72,85,55,30,1.5454545454545454,4,26,DETERMINISTIC SAMPLER REPLAY VERIFIED AGAINST ALL LOGGED CLASS/UID/GROUP COUNTS
6,C,p6_C_cached_crt_reset,p6_C_cached_crt_reset_s29,29,NOT APPLICABLE,joint,3,train,neutrophil,72,93,58,35,1.603448275862069,4,7,DETERMINISTIC SAMPLER REPLAY VERIFIED AGAINST ALL LOGGED CLASS/UID/GROUP COUNTS
6,C,p6_C_cached_crt_reset,p6_C_cached_crt_reset_s29,29,NOT APPLICABLE,joint,3,train,stroma,72,98,54,44,1.8148148148148149,5,43,DETERMINISTIC SAMPLER REPLAY VERIFIED AGAINST ALL LOGGED CLASS/UID/GROUP COUNTS
6,C,p6_C_cached_crt_reset,p6_C_cached_crt_reset_s29,29,NOT APPLICABLE,joint,3,train,epithelium,72,95,54,41,1.7592592592592593,5,10,DETERMINISTIC SAMPLER REPLAY VERIFIED AGAINST ALL LOGGED CLASS/UID/GROUP COUNTS
6,C,p6_C_cached_crt_reset,p6_C_cached_crt_reset_s29,29,NOT APPLICABLE,joint,3,train,endothelium,72,108,51,57,2.1176470588235294,5,36,DETERMINISTIC SAMPLER REPLAY VERIFIED AGAINST ALL LOGGED CLASS/UID/GROUP COUNTS
6,C,p6_C_cached_crt_reset,p6_C_cached_crt_reset_s29,29,NOT APPLICABLE,joint,3,train,apoptosis,72,85,53,32,1.6037735849056605,3,33,DETERMINISTIC SAMPLER REPLAY VERIFIED AGAINST ALL LOGGED CLASS/UID/GROUP COUNTS
6,C,p6_C_cached_crt_reset,p6_C_cached_crt_reset_s29,29,NOT APPLICABLE,joint,4,train,tumor,213,84,72,12,1.1666666666666667,3,44,DETERMINISTIC SAMPLER REPLAY VERIFIED AGAINST ALL LOGGED CLASS/UID/GROUP COUNTS
6,C,p6_C_cached_crt_reset,p6_C_cached_crt_reset_s29,29,NOT APPLICABLE,joint,4,train,lymphocyte,111,98,64,34,1.53125,5,48,DETERMINISTIC SAMPLER REPLAY VERIFIED AGAINST ALL LOGGED CLASS/UID/GROUP COUNTS
6,C,p6_C_cached_crt_reset,p6_C_cached_crt_reset_s29,29,NOT APPLICABLE,joint,4,train,plasma_cell,72,104,59,45,1.7627118644067796,4,17,DETERMINISTIC SAMPLER REPLAY VERIFIED AGAINST ALL LOGGED CLASS/UID/GROUP COUNTS
6,C,p6_C_cached_crt_reset,p6_C_cached_crt_reset_s29,29,NOT APPLICABLE,joint,4,train,histiocyte,72,88,52,36,1.6923076923076923,4,33,DETERMINISTIC SAMPLER REPLAY VERIFIED AGAINST ALL LOGGED CLASS/UID/GROUP COUNTS
6,C,p6_C_cached_crt_reset,p6_C_cached_crt_reset_s29,29,NOT APPLICABLE,joint,4,train,melanophage,72,91,51,40,1.7843137254901962,4,24,DETERMINISTIC SAMPLER REPLAY VERIFIED AGAINST ALL LOGGED CLASS/UID/GROUP COUNTS
6,C,p6_C_cached_crt_reset,p6_C_cached_crt_reset_s29,29,NOT APPLICABLE,joint,4,train,neutrophil,72,88,53,35,1.6603773584905661,4,7,DETERMINISTIC SAMPLER REPLAY VERIFIED AGAINST ALL LOGGED CLASS/UID/GROUP COUNTS
6,C,p6_C_cached_crt_reset,p6_C_cached_crt_reset_s29,29,NOT APPLICABLE,joint,4,train,stroma,72,88,49,39,1.7959183673469388,4,40,DETERMINISTIC SAMPLER REPLAY VERIFIED AGAINST ALL LOGGED CLASS/UID/GROUP COUNTS
6,C,p6_C_cached_crt_reset,p6_C_cached_crt_reset_s29,29,NOT APPLICABLE,joint,4,train,epithelium,72,99,57,42,1.736842105263158,4,10,DETERMINISTIC SAMPLER REPLAY VERIFIED AGAINST ALL LOGGED CLASS/UID/GROUP COUNTS
6,C,p6_C_cached_crt_reset,p6_C_cached_crt_reset_s29,29,NOT APPLICABLE,joint,4,train,endothelium,72,81,47,34,1.7234042553191489,4,35,DETERMINISTIC SAMPLER REPLAY VERIFIED AGAINST ALL LOGGED CLASS/UID/GROUP COUNTS
6,C,p6_C_cached_crt_reset,p6_C_cached_crt_reset_s29,29,NOT APPLICABLE,joint,4,train,apoptosis,72,79,52,27,1.5192307692307692,3,37,DETERMINISTIC SAMPLER REPLAY VERIFIED AGAINST ALL LOGGED CLASS/UID/GROUP COUNTS
6,C,p6_C_cached_crt_reset,p6_C_cached_crt_reset_s29,29,NOT APPLICABLE,joint,5,train,tumor,213,80,68,12,1.1764705882352942,3,45,DETERMINISTIC SAMPLER REPLAY VERIFIED AGAINST ALL LOGGED CLASS/UID/GROUP COUNTS
6,C,p6_C_cached_crt_reset,p6_C_cached_crt_reset_s29,29,NOT APPLICABLE,joint,5,train,lymphocyte,111,86,69,17,1.2463768115942029,3,46,DETERMINISTIC SAMPLER REPLAY VERIFIED AGAINST ALL LOGGED CLASS/UID/GROUP COUNTS
6,C,p6_C_cached_crt_reset,p6_C_cached_crt_reset_s29,29,NOT APPLICABLE,joint,5,train,plasma_cell,72,91,50,41,1.82,5,14,DETERMINISTIC SAMPLER REPLAY VERIFIED AGAINST ALL LOGGED CLASS/UID/GROUP COUNTS
6,C,p6_C_cached_crt_reset,p6_C_cached_crt_reset_s29,29,NOT APPLICABLE,joint,5,train,histiocyte,72,94,52,42,1.8076923076923077,4,35,DETERMINISTIC SAMPLER REPLAY VERIFIED AGAINST ALL LOGGED CLASS/UID/GROUP COUNTS
6,C,p6_C_cached_crt_reset,p6_C_cached_crt_reset_s29,29,NOT APPLICABLE,joint,5,train,melanophage,72,93,49,44,1.8979591836734695,5,23,DETERMINISTIC SAMPLER REPLAY VERIFIED AGAINST ALL LOGGED CLASS/UID/GROUP COUNTS
6,C,p6_C_cached_crt_reset,p6_C_cached_crt_reset_s29,29,NOT APPLICABLE,joint,5,train,neutrophil,72,91,52,39,1.75,5,7,DETERMINISTIC SAMPLER REPLAY VERIFIED AGAINST ALL LOGGED CLASS/UID/GROUP COUNTS
6,C,p6_C_cached_crt_reset,p6_C_cached_crt_reset_s29,29,NOT APPLICABLE,joint,5,train,stroma,72,82,52,30,1.5769230769230769,4,41,DETERMINISTIC SAMPLER REPLAY VERIFIED AGAINST ALL LOGGED CLASS/UID/GROUP COUNTS
6,C,p6_C_cached_crt_reset,p6_C_cached_crt_reset_s29,29,NOT APPLICABLE,joint,5,train,epithelium,72,101,51,50,1.9803921568627452,5,10,DETERMINISTIC SAMPLER REPLAY VERIFIED AGAINST ALL LOGGED CLASS/UID/GROUP COUNTS
6,C,p6_C_cached_crt_reset,p6_C_cached_crt_reset_s29,29,NOT APPLICABLE,joint,5,train,endothelium,72,85,48,37,1.7708333333333333,4,37,DETERMINISTIC SAMPLER REPLAY VERIFIED AGAINST ALL LOGGED CLASS/UID/GROUP COUNTS
6,C,p6_C_cached_crt_reset,p6_C_cached_crt_reset_s29,29,NOT APPLICABLE,joint,5,train,apoptosis,72,97,55,42,1.7636363636363637,6,36,DETERMINISTIC SAMPLER REPLAY VERIFIED AGAINST ALL LOGGED CLASS/UID/GROUP COUNTS
6,C,p6_C_cached_crt_reset,p6_C_cached_crt_reset_s29,29,NOT APPLICABLE,joint,6,train,tumor,213,99,77,22,1.2857142857142858,3,49,DETERMINISTIC SAMPLER REPLAY VERIFIED AGAINST ALL LOGGED CLASS/UID/GROUP COUNTS
6,C,p6_C_cached_crt_reset,p6_C_cached_crt_reset_s29,29,NOT APPLICABLE,joint,6,train,lymphocyte,111,87,61,26,1.4262295081967213,3,43,DETERMINISTIC SAMPLER REPLAY VERIFIED AGAINST ALL LOGGED CLASS/UID/GROUP COUNTS
6,C,p6_C_cached_crt_reset,p6_C_cached_crt_reset_s29,29,NOT APPLICABLE,joint,6,train,plasma_cell,72,75,44,31,1.7045454545454546,5,13,DETERMINISTIC SAMPLER REPLAY VERIFIED AGAINST ALL LOGGED CLASS/UID/GROUP COUNTS
6,C,p6_C_cached_crt_reset,p6_C_cached_crt_reset_s29,29,NOT APPLICABLE,joint,6,train,histiocyte,72,87,56,31,1.5535714285714286,3,36,DETERMINISTIC SAMPLER REPLAY VERIFIED AGAINST ALL LOGGED CLASS/UID/GROUP COUNTS
6,C,p6_C_cached_crt_reset,p6_C_cached_crt_reset_s29,29,NOT APPLICABLE,joint,6,train,melanophage,72,100,52,48,1.9230769230769231,5,23,DETERMINISTIC SAMPLER REPLAY VERIFIED AGAINST ALL LOGGED CLASS/UID/GROUP COUNTS
6,C,p6_C_cached_crt_reset,p6_C_cached_crt_reset_s29,29,NOT APPLICABLE,joint,6,train,neutrophil,72,104,53,51,1.9622641509433962,5,8,DETERMINISTIC SAMPLER REPLAY VERIFIED AGAINST ALL LOGGED CLASS/UID/GROUP COUNTS
6,C,p6_C_cached_crt_reset,p6_C_cached_crt_reset_s29,29,NOT APPLICABLE,joint,6,train,stroma,72,84,52,32,1.6153846153846154,4,39,DETERMINISTIC SAMPLER REPLAY VERIFIED AGAINST ALL LOGGED CLASS/UID/GROUP COUNTS
6,C,p6_C_cached_crt_reset,p6_C_cached_crt_reset_s29,29,NOT APPLICABLE,joint,6,train,epithelium,72,96,56,40,1.7142857142857142,4,10,DETERMINISTIC SAMPLER REPLAY VERIFIED AGAINST ALL LOGGED CLASS/UID/GROUP COUNTS
6,C,p6_C_cached_crt_reset,p6_C_cached_crt_reset_s29,29,NOT APPLICABLE,joint,6,train,endothelium,72,93,52,41,1.7884615384615385,4,36,DETERMINISTIC SAMPLER REPLAY VERIFIED AGAINST ALL LOGGED CLASS/UID/GROUP COUNTS
6,C,p6_C_cached_crt_reset,p6_C_cached_crt_reset_s29,29,NOT APPLICABLE,joint,6,train,apoptosis,72,75,49,26,1.530612244897959,4,32,DETERMINISTIC SAMPLER REPLAY VERIFIED AGAINST ALL LOGGED CLASS/UID/GROUP COUNTS
6,C,p6_C_cached_crt_reset,p6_C_cached_crt_reset_s29,29,NOT APPLICABLE,joint,7,train,tumor,213,84,68,16,1.2352941176470589,2,48,DETERMINISTIC SAMPLER REPLAY VERIFIED AGAINST ALL LOGGED CLASS/UID/GROUP COUNTS
6,C,p6_C_cached_crt_reset,p6_C_cached_crt_reset_s29,29,NOT APPLICABLE,joint,7,train,lymphocyte,111,89,62,27,1.435483870967742,4,44,DETERMINISTIC SAMPLER REPLAY VERIFIED AGAINST ALL LOGGED CLASS/UID/GROUP COUNTS
6,C,p6_C_cached_crt_reset,p6_C_cached_crt_reset_s29,29,NOT APPLICABLE,joint,7,train,plasma_cell,72,84,50,34,1.68,4,13,DETERMINISTIC SAMPLER REPLAY VERIFIED AGAINST ALL LOGGED CLASS/UID/GROUP COUNTS
6,C,p6_C_cached_crt_reset,p6_C_cached_crt_reset_s29,29,NOT APPLICABLE,joint,7,train,histiocyte,72,80,49,31,1.6326530612244898,4,31,DETERMINISTIC SAMPLER REPLAY VERIFIED AGAINST ALL LOGGED CLASS/UID/GROUP COUNTS
6,C,p6_C_cached_crt_reset,p6_C_cached_crt_reset_s29,29,NOT APPLICABLE,joint,7,train,melanophage,72,79,50,29,1.58,4,24,DETERMINISTIC SAMPLER REPLAY VERIFIED AGAINST ALL LOGGED CLASS/UID/GROUP COUNTS
6,C,p6_C_cached_crt_reset,p6_C_cached_crt_reset_s29,29,NOT APPLICABLE,joint,7,train,neutrophil,72,87,47,40,1.851063829787234,4,8,DETERMINISTIC SAMPLER REPLAY VERIFIED AGAINST ALL LOGGED CLASS/UID/GROUP COUNTS
6,C,p6_C_cached_crt_reset,p6_C_cached_crt_reset_s29,29,NOT APPLICABLE,joint,7,train,stroma,72,93,55,38,1.690909090909091,4,42,DETERMINISTIC SAMPLER REPLAY VERIFIED AGAINST ALL LOGGED CLASS/UID/GROUP COUNTS
6,C,p6_C_cached_crt_reset,p6_C_cached_crt_reset_s29,29,NOT APPLICABLE,joint,7,train,epithelium,72,105,51,54,2.0588235294117645,5,10,DETERMINISTIC SAMPLER REPLAY VERIFIED AGAINST ALL LOGGED CLASS/UID/GROUP COUNTS
6,C,p6_C_cached_crt_reset,p6_C_cached_crt_reset_s29,29,NOT APPLICABLE,joint,7,train,endothelium,72,91,55,36,1.6545454545454545,6,41,DETERMINISTIC SAMPLER REPLAY VERIFIED AGAINST ALL LOGGED CLASS/UID/GROUP COUNTS
6,C,p6_C_cached_crt_reset,p6_C_cached_crt_reset_s29,29,NOT APPLICABLE,joint,7,train,apoptosis,72,108,58,50,1.8620689655172413,6,35,DETERMINISTIC SAMPLER REPLAY VERIFIED AGAINST ALL LOGGED CLASS/UID/GROUP COUNTS
6,C,p6_C_cached_crt_reset,p6_C_cached_crt_reset_s29,29,NOT APPLICABLE,joint,8,train,tumor,213,85,70,15,1.2142857142857142,4,47,DETERMINISTIC SAMPLER REPLAY VERIFIED AGAINST ALL LOGGED CLASS/UID/GROUP COUNTS
6,C,p6_C_cached_crt_reset,p6_C_cached_crt_reset_s29,29,NOT APPLICABLE,joint,8,train,lymphocyte,111,89,63,26,1.4126984126984128,5,47,DETERMINISTIC SAMPLER REPLAY VERIFIED AGAINST ALL LOGGED CLASS/UID/GROUP COUNTS
6,C,p6_C_cached_crt_reset,p6_C_cached_crt_reset_s29,29,NOT APPLICABLE,joint,8,train,plasma_cell,72,85,52,33,1.6346153846153846,3,15,DETERMINISTIC SAMPLER REPLAY VERIFIED AGAINST ALL LOGGED CLASS/UID/GROUP COUNTS
6,C,p6_C_cached_crt_reset,p6_C_cached_crt_reset_s29,29,NOT APPLICABLE,joint,8,train,histiocyte,72,95,45,50,2.111111111111111,5,29,DETERMINISTIC SAMPLER REPLAY VERIFIED AGAINST ALL LOGGED CLASS/UID/GROUP COUNTS
6,C,p6_C_cached_crt_reset,p6_C_cached_crt_reset_s29,29,NOT APPLICABLE,joint,8,train,melanophage,72,111,58,53,1.9137931034482758,4,25,DETERMINISTIC SAMPLER REPLAY VERIFIED AGAINST ALL LOGGED CLASS/UID/GROUP COUNTS
6,C,p6_C_cached_crt_reset,p6_C_cached_crt_reset_s29,29,NOT APPLICABLE,joint,8,train,neutrophil,72,69,45,24,1.5333333333333334,5,7,DETERMINISTIC SAMPLER REPLAY VERIFIED AGAINST ALL LOGGED CLASS/UID/GROUP COUNTS
6,C,p6_C_cached_crt_reset,p6_C_cached_crt_reset_s29,29,NOT APPLICABLE,joint,8,train,stroma,72,84,51,33,1.6470588235294117,4,41,DETERMINISTIC SAMPLER REPLAY VERIFIED AGAINST ALL LOGGED CLASS/UID/GROUP COUNTS
6,C,p6_C_cached_crt_reset,p6_C_cached_crt_reset_s29,29,NOT APPLICABLE,joint,8,train,epithelium,72,97,49,48,1.9795918367346939,5,10,DETERMINISTIC SAMPLER REPLAY VERIFIED AGAINST ALL LOGGED CLASS/UID/GROUP COUNTS
6,C,p6_C_cached_crt_reset,p6_C_cached_crt_reset_s29,29,NOT APPLICABLE,joint,8,train,endothelium,72,96,53,43,1.8113207547169812,5,36,DETERMINISTIC SAMPLER REPLAY VERIFIED AGAINST ALL LOGGED CLASS/UID/GROUP COUNTS
6,C,p6_C_cached_crt_reset,p6_C_cached_crt_reset_s29,29,NOT APPLICABLE,joint,8,train,apoptosis,72,89,51,38,1.7450980392156863,5,33,DETERMINISTIC SAMPLER REPLAY VERIFIED AGAINST ALL LOGGED CLASS/UID/GROUP COUNTS
6,C,p6_C_cached_crt_reset,p6_C_cached_crt_reset_s29,29,NOT APPLICABLE,joint,9,train,tumor,213,89,74,15,1.2027027027027026,3,48,DETERMINISTIC SAMPLER REPLAY VERIFIED AGAINST ALL LOGGED CLASS/UID/GROUP COUNTS
6,C,p6_C_cached_crt_reset,p6_C_cached_crt_reset_s29,29,NOT APPLICABLE,joint,9,train,lymphocyte,111,84,63,21,1.3333333333333333,5,45,DETERMINISTIC SAMPLER REPLAY VERIFIED AGAINST ALL LOGGED CLASS/UID/GROUP COUNTS
6,C,p6_C_cached_crt_reset,p6_C_cached_crt_reset_s29,29,NOT APPLICABLE,joint,9,train,plasma_cell,72,102,58,44,1.7586206896551724,4,16,DETERMINISTIC SAMPLER REPLAY VERIFIED AGAINST ALL LOGGED CLASS/UID/GROUP COUNTS
6,C,p6_C_cached_crt_reset,p6_C_cached_crt_reset_s29,29,NOT APPLICABLE,joint,9,train,histiocyte,72,115,59,56,1.9491525423728813,5,36,DETERMINISTIC SAMPLER REPLAY VERIFIED AGAINST ALL LOGGED CLASS/UID/GROUP COUNTS
6,C,p6_C_cached_crt_reset,p6_C_cached_crt_reset_s29,29,NOT APPLICABLE,joint,9,train,melanophage,72,93,53,40,1.7547169811320755,4,24,DETERMINISTIC SAMPLER REPLAY VERIFIED AGAINST ALL LOGGED CLASS/UID/GROUP COUNTS
6,C,p6_C_cached_crt_reset,p6_C_cached_crt_reset_s29,29,NOT APPLICABLE,joint,9,train,neutrophil,72,90,54,36,1.6666666666666667,4,6,DETERMINISTIC SAMPLER REPLAY VERIFIED AGAINST ALL LOGGED CLASS/UID/GROUP COUNTS
6,C,p6_C_cached_crt_reset,p6_C_cached_crt_reset_s29,29,NOT APPLICABLE,joint,9,train,stroma,72,86,52,34,1.6538461538461537,5,41,DETERMINISTIC SAMPLER REPLAY VERIFIED AGAINST ALL LOGGED CLASS/UID/GROUP COUNTS
6,C,p6_C_cached_crt_reset,p6_C_cached_crt_reset_s29,29,NOT APPLICABLE,joint,9,train,epithelium,72,101,55,46,1.8363636363636364,5,10,DETERMINISTIC SAMPLER REPLAY VERIFIED AGAINST ALL LOGGED CLASS/UID/GROUP COUNTS
6,C,p6_C_cached_crt_reset,p6_C_cached_crt_reset_s29,29,NOT APPLICABLE,joint,9,train,endothelium,72,66,44,22,1.5,3,32,DETERMINISTIC SAMPLER REPLAY VERIFIED AGAINST ALL LOGGED CLASS/UID/GROUP COUNTS
6,C,p6_C_cached_crt_reset,p6_C_cached_crt_reset_s29,29,NOT APPLICABLE,joint,9,train,apoptosis,72,74,47,27,1.574468085106383,3,34,DETERMINISTIC SAMPLER REPLAY VERIFIED AGAINST ALL LOGGED CLASS/UID/GROUP COUNTS
6,C,p6_C_cached_crt_reset,p6_C_cached_crt_reset_s29,29,NOT APPLICABLE,joint,10,train,tumor,213,80,67,13,1.1940298507462686,3,42,DETERMINISTIC SAMPLER REPLAY VERIFIED AGAINST ALL LOGGED CLASS/UID/GROUP COUNTS
6,C,p6_C_cached_crt_reset,p6_C_cached_crt_reset_s29,29,NOT APPLICABLE,joint,10,train,lymphocyte,111,105,67,38,1.5671641791044777,4,47,DETERMINISTIC SAMPLER REPLAY VERIFIED AGAINST ALL LOGGED CLASS/UID/GROUP COUNTS
6,C,p6_C_cached_crt_reset,p6_C_cached_crt_reset_s29,29,NOT APPLICABLE,joint,10,train,plasma_cell,72,95,49,46,1.9387755102040816,6,17,DETERMINISTIC SAMPLER REPLAY VERIFIED AGAINST ALL LOGGED CLASS/UID/GROUP COUNTS
6,C,p6_C_cached_crt_reset,p6_C_cached_crt_reset_s29,29,NOT APPLICABLE,joint,10,train,histiocyte,72,94,48,46,1.9583333333333333,5,33,DETERMINISTIC SAMPLER REPLAY VERIFIED AGAINST ALL LOGGED CLASS/UID/GROUP COUNTS
6,C,p6_C_cached_crt_reset,p6_C_cached_crt_reset_s29,29,NOT APPLICABLE,joint,10,train,melanophage,72,92,52,40,1.7692307692307692,4,23,DETERMINISTIC SAMPLER REPLAY VERIFIED AGAINST ALL LOGGED CLASS/UID/GROUP COUNTS
6,C,p6_C_cached_crt_reset,p6_C_cached_crt_reset_s29,29,NOT APPLICABLE,joint,10,train,neutrophil,72,86,51,35,1.6862745098039216,4,7,DETERMINISTIC SAMPLER REPLAY VERIFIED AGAINST ALL LOGGED CLASS/UID/GROUP COUNTS
6,C,p6_C_cached_crt_reset,p6_C_cached_crt_reset_s29,29,NOT APPLICABLE,joint,10,train,stroma,72,102,57,45,1.7894736842105263,4,43,DETERMINISTIC SAMPLER REPLAY VERIFIED AGAINST ALL LOGGED CLASS/UID/GROUP COUNTS
6,C,p6_C_cached_crt_reset,p6_C_cached_crt_reset_s29,29,NOT APPLICABLE,joint,10,train,epithelium,72,90,50,40,1.8,4,10,DETERMINISTIC SAMPLER REPLAY VERIFIED AGAINST ALL LOGGED CLASS/UID/GROUP COUNTS
6,C,p6_C_cached_crt_reset,p6_C_cached_crt_reset_s29,29,NOT APPLICABLE,joint,10,train,endothelium,72,78,47,31,1.6595744680851063,4,32,DETERMINISTIC SAMPLER REPLAY VERIFIED AGAINST ALL LOGGED CLASS/UID/GROUP COUNTS
6,C,p6_C_cached_crt_reset,p6_C_cached_crt_reset_s29,29,NOT APPLICABLE,joint,10,train,apoptosis,72,78,44,34,1.7727272727272727,4,31,DETERMINISTIC SAMPLER REPLAY VERIFIED AGAINST ALL LOGGED CLASS/UID/GROUP COUNTS
6,C,p6_C_cached_crt_reset,p6_C_cached_crt_reset_s29,29,NOT APPLICABLE,decoupled,1,train,tumor,213,101,87,14,1.160919540229885,3,51,DETERMINISTIC SAMPLER REPLAY VERIFIED AGAINST ALL LOGGED CLASS/UID/GROUP COUNTS
6,C,p6_C_cached_crt_reset,p6_C_cached_crt_reset_s29,29,NOT APPLICABLE,decoupled,1,train,lymphocyte,111,98,63,35,1.5555555555555556,4,46,DETERMINISTIC SAMPLER REPLAY VERIFIED AGAINST ALL LOGGED CLASS/UID/GROUP COUNTS
6,C,p6_C_cached_crt_reset,p6_C_cached_crt_reset_s29,29,NOT APPLICABLE,decoupled,1,train,plasma_cell,72,97,52,45,1.8653846153846154,5,13,DETERMINISTIC SAMPLER REPLAY VERIFIED AGAINST ALL LOGGED CLASS/UID/GROUP COUNTS
6,C,p6_C_cached_crt_reset,p6_C_cached_crt_reset_s29,29,NOT APPLICABLE,decoupled,1,train,histiocyte,72,86,49,37,1.7551020408163265,5,34,DETERMINISTIC SAMPLER REPLAY VERIFIED AGAINST ALL LOGGED CLASS/UID/GROUP COUNTS
6,C,p6_C_cached_crt_reset,p6_C_cached_crt_reset_s29,29,NOT APPLICABLE,decoupled,1,train,melanophage,72,79,51,28,1.5490196078431373,4,22,DETERMINISTIC SAMPLER REPLAY VERIFIED AGAINST ALL LOGGED CLASS/UID/GROUP COUNTS
6,C,p6_C_cached_crt_reset,p6_C_cached_crt_reset_s29,29,NOT APPLICABLE,decoupled,1,train,neutrophil,72,89,53,36,1.679245283018868,5,8,DETERMINISTIC SAMPLER REPLAY VERIFIED AGAINST ALL LOGGED CLASS/UID/GROUP COUNTS
6,C,p6_C_cached_crt_reset,p6_C_cached_crt_reset_s29,29,NOT APPLICABLE,decoupled,1,train,stroma,72,97,56,41,1.7321428571428572,3,43,DETERMINISTIC SAMPLER REPLAY VERIFIED AGAINST ALL LOGGED CLASS/UID/GROUP COUNTS
6,C,p6_C_cached_crt_reset,p6_C_cached_crt_reset_s29,29,NOT APPLICABLE,decoupled,1,train,epithelium,72,78,47,31,1.6595744680851063,5,10,DETERMINISTIC SAMPLER REPLAY VERIFIED AGAINST ALL LOGGED CLASS/UID/GROUP COUNTS
6,C,p6_C_cached_crt_reset,p6_C_cached_crt_reset_s29,29,NOT APPLICABLE,decoupled,1,train,endothelium,72,86,48,38,1.7916666666666667,5,34,DETERMINISTIC SAMPLER REPLAY VERIFIED AGAINST ALL LOGGED CLASS/UID/GROUP COUNTS
6,C,p6_C_cached_crt_reset,p6_C_cached_crt_reset_s29,29,NOT APPLICABLE,decoupled,1,train,apoptosis,72,89,52,37,1.7115384615384615,4,34,DETERMINISTIC SAMPLER REPLAY VERIFIED AGAINST ALL LOGGED CLASS/UID/GROUP COUNTS
6,C,p6_C_cached_crt_reset,p6_C_cached_crt_reset_s29,29,NOT APPLICABLE,decoupled,2,train,tumor,213,88,69,19,1.2753623188405796,3,49,DETERMINISTIC SAMPLER REPLAY VERIFIED AGAINST ALL LOGGED CLASS/UID/GROUP COUNTS
6,C,p6_C_cached_crt_reset,p6_C_cached_crt_reset_s29,29,NOT APPLICABLE,decoupled,2,train,lymphocyte,111,90,65,25,1.3846153846153846,5,47,DETERMINISTIC SAMPLER REPLAY VERIFIED AGAINST ALL LOGGED CLASS/UID/GROUP COUNTS
6,C,p6_C_cached_crt_reset,p6_C_cached_crt_reset_s29,29,NOT APPLICABLE,decoupled,2,train,plasma_cell,72,82,51,31,1.607843137254902,5,14,DETERMINISTIC SAMPLER REPLAY VERIFIED AGAINST ALL LOGGED CLASS/UID/GROUP COUNTS
6,C,p6_C_cached_crt_reset,p6_C_cached_crt_reset_s29,29,NOT APPLICABLE,decoupled,2,train,histiocyte,72,89,54,35,1.6481481481481481,3,34,DETERMINISTIC SAMPLER REPLAY VERIFIED AGAINST ALL LOGGED CLASS/UID/GROUP COUNTS
6,C,p6_C_cached_crt_reset,p6_C_cached_crt_reset_s29,29,NOT APPLICABLE,decoupled,2,train,melanophage,72,91,53,38,1.7169811320754718,5,21,DETERMINISTIC SAMPLER REPLAY VERIFIED AGAINST ALL LOGGED CLASS/UID/GROUP COUNTS
6,C,p6_C_cached_crt_reset,p6_C_cached_crt_reset_s29,29,NOT APPLICABLE,decoupled,2,train,neutrophil,72,84,52,32,1.6153846153846154,5,8,DETERMINISTIC SAMPLER REPLAY VERIFIED AGAINST ALL LOGGED CLASS/UID/GROUP COUNTS
6,C,p6_C_cached_crt_reset,p6_C_cached_crt_reset_s29,29,NOT APPLICABLE,decoupled,2,train,stroma,72,87,48,39,1.8125,5,37,DETERMINISTIC SAMPLER REPLAY VERIFIED AGAINST ALL LOGGED CLASS/UID/GROUP COUNTS
6,C,p6_C_cached_crt_reset,p6_C_cached_crt_reset_s29,29,NOT APPLICABLE,decoupled,2,train,epithelium,72,88,50,38,1.76,5,10,DETERMINISTIC SAMPLER REPLAY VERIFIED AGAINST ALL LOGGED CLASS/UID/GROUP COUNTS
6,C,p6_C_cached_crt_reset,p6_C_cached_crt_reset_s29,29,NOT APPLICABLE,decoupled,2,train,endothelium,72,101,54,47,1.8703703703703705,6,38,DETERMINISTIC SAMPLER REPLAY VERIFIED AGAINST ALL LOGGED CLASS/UID/GROUP COUNTS
6,C,p6_C_cached_crt_reset,p6_C_cached_crt_reset_s29,29,NOT APPLICABLE,decoupled,2,train,apoptosis,72,100,53,47,1.8867924528301887,5,33,DETERMINISTIC SAMPLER REPLAY VERIFIED AGAINST ALL LOGGED CLASS/UID/GROUP COUNTS
6,C,p6_C_cached_crt_reset,p6_C_cached_crt_reset_s29,29,NOT APPLICABLE,decoupled,3,train,tumor,213,92,74,18,1.2432432432432432,3,49,DETERMINISTIC SAMPLER REPLAY VERIFIED AGAINST ALL LOGGED CLASS/UID/GROUP COUNTS
6,C,p6_C_cached_crt_reset,p6_C_cached_crt_reset_s29,29,NOT APPLICABLE,decoupled,3,train,lymphocyte,111,95,66,29,1.4393939393939394,5,46,DETERMINISTIC SAMPLER REPLAY VERIFIED AGAINST ALL LOGGED CLASS/UID/GROUP COUNTS
6,C,p6_C_cached_crt_reset,p6_C_cached_crt_reset_s29,29,NOT APPLICABLE,decoupled,3,train,plasma_cell,72,79,46,33,1.7173913043478262,4,13,DETERMINISTIC SAMPLER REPLAY VERIFIED AGAINST ALL LOGGED CLASS/UID/GROUP COUNTS
6,C,p6_C_cached_crt_reset,p6_C_cached_crt_reset_s29,29,NOT APPLICABLE,decoupled,3,train,histiocyte,72,95,55,40,1.7272727272727273,5,33,DETERMINISTIC SAMPLER REPLAY VERIFIED AGAINST ALL LOGGED CLASS/UID/GROUP COUNTS
6,C,p6_C_cached_crt_reset,p6_C_cached_crt_reset_s29,29,NOT APPLICABLE,decoupled,3,train,melanophage,72,95,51,44,1.8627450980392157,5,23,DETERMINISTIC SAMPLER REPLAY VERIFIED AGAINST ALL LOGGED CLASS/UID/GROUP COUNTS
6,C,p6_C_cached_crt_reset,p6_C_cached_crt_reset_s29,29,NOT APPLICABLE,decoupled,3,train,neutrophil,72,81,46,35,1.7608695652173914,6,7,DETERMINISTIC SAMPLER REPLAY VERIFIED AGAINST ALL LOGGED CLASS/UID/GROUP COUNTS
6,C,p6_C_cached_crt_reset,p6_C_cached_crt_reset_s29,29,NOT APPLICABLE,decoupled,3,train,stroma,72,88,55,33,1.6,3,39,DETERMINISTIC SAMPLER REPLAY VERIFIED AGAINST ALL LOGGED CLASS/UID/GROUP COUNTS
6,C,p6_C_cached_crt_reset,p6_C_cached_crt_reset_s29,29,NOT APPLICABLE,decoupled,3,train,epithelium,72,86,48,38,1.7916666666666667,4,10,DETERMINISTIC SAMPLER REPLAY VERIFIED AGAINST ALL LOGGED CLASS/UID/GROUP COUNTS
6,C,p6_C_cached_crt_reset,p6_C_cached_crt_reset_s29,29,NOT APPLICABLE,decoupled,3,train,endothelium,72,91,50,41,1.82,5,33,DETERMINISTIC SAMPLER REPLAY VERIFIED AGAINST ALL LOGGED CLASS/UID/GROUP COUNTS
6,C,p6_C_cached_crt_reset,p6_C_cached_crt_reset_s29,29,NOT APPLICABLE,decoupled,3,train,apoptosis,72,98,47,51,2.0851063829787235,5,33,DETERMINISTIC SAMPLER REPLAY VERIFIED AGAINST ALL LOGGED CLASS/UID/GROUP COUNTS
6,C,p6_C_cached_crt_reset,p6_C_cached_crt_reset_s29,29,NOT APPLICABLE,decoupled,4,train,tumor,213,92,78,14,1.1794871794871795,3,53,DETERMINISTIC SAMPLER REPLAY VERIFIED AGAINST ALL LOGGED CLASS/UID/GROUP COUNTS
6,C,p6_C_cached_crt_reset,p6_C_cached_crt_reset_s29,29,NOT APPLICABLE,decoupled,4,train,lymphocyte,111,72,57,15,1.263157894736842,5,44,DETERMINISTIC SAMPLER REPLAY VERIFIED AGAINST ALL LOGGED CLASS/UID/GROUP COUNTS
6,C,p6_C_cached_crt_reset,p6_C_cached_crt_reset_s29,29,NOT APPLICABLE,decoupled,4,train,plasma_cell,72,85,50,35,1.7,4,13,DETERMINISTIC SAMPLER REPLAY VERIFIED AGAINST ALL LOGGED CLASS/UID/GROUP COUNTS
6,C,p6_C_cached_crt_reset,p6_C_cached_crt_reset_s29,29,NOT APPLICABLE,decoupled,4,train,histiocyte,72,97,51,46,1.9019607843137254,5,33,DETERMINISTIC SAMPLER REPLAY VERIFIED AGAINST ALL LOGGED CLASS/UID/GROUP COUNTS
6,C,p6_C_cached_crt_reset,p6_C_cached_crt_reset_s29,29,NOT APPLICABLE,decoupled,4,train,melanophage,72,115,55,60,2.090909090909091,7,25,DETERMINISTIC SAMPLER REPLAY VERIFIED AGAINST ALL LOGGED CLASS/UID/GROUP COUNTS
6,C,p6_C_cached_crt_reset,p6_C_cached_crt_reset_s29,29,NOT APPLICABLE,decoupled,4,train,neutrophil,72,87,49,38,1.7755102040816326,5,7,DETERMINISTIC SAMPLER REPLAY VERIFIED AGAINST ALL LOGGED CLASS/UID/GROUP COUNTS
6,C,p6_C_cached_crt_reset,p6_C_cached_crt_reset_s29,29,NOT APPLICABLE,decoupled,4,train,stroma,72,89,48,41,1.8541666666666667,5,38,DETERMINISTIC SAMPLER REPLAY VERIFIED AGAINST ALL LOGGED CLASS/UID/GROUP COUNTS
6,C,p6_C_cached_crt_reset,p6_C_cached_crt_reset_s29,29,NOT APPLICABLE,decoupled,4,train,epithelium,72,93,54,39,1.7222222222222223,4,10,DETERMINISTIC SAMPLER REPLAY VERIFIED AGAINST ALL LOGGED CLASS/UID/GROUP COUNTS
6,C,p6_C_cached_crt_reset,p6_C_cached_crt_reset_s29,29,NOT APPLICABLE,decoupled,4,train,endothelium,72,90,49,41,1.836734693877551,5,36,DETERMINISTIC SAMPLER REPLAY VERIFIED AGAINST ALL LOGGED CLASS/UID/GROUP COUNTS
6,C,p6_C_cached_crt_reset,p6_C_cached_crt_reset_s29,29,NOT APPLICABLE,decoupled,4,train,apoptosis,72,80,53,27,1.509433962264151,3,35,DETERMINISTIC SAMPLER REPLAY VERIFIED AGAINST ALL LOGGED CLASS/UID/GROUP COUNTS
6,C,p6_C_cached_crt_reset,p6_C_cached_crt_reset_s29,29,NOT APPLICABLE,decoupled,5,train,tumor,213,88,66,22,1.3333333333333333,3,43,DETERMINISTIC SAMPLER REPLAY VERIFIED AGAINST ALL LOGGED CLASS/UID/GROUP COUNTS
6,C,p6_C_cached_crt_reset,p6_C_cached_crt_reset_s29,29,NOT APPLICABLE,decoupled,5,train,lymphocyte,111,91,64,27,1.421875,3,48,DETERMINISTIC SAMPLER REPLAY VERIFIED AGAINST ALL LOGGED CLASS/UID/GROUP COUNTS
6,C,p6_C_cached_crt_reset,p6_C_cached_crt_reset_s29,29,NOT APPLICABLE,decoupled,5,train,plasma_cell,72,89,51,38,1.7450980392156863,3,16,DETERMINISTIC SAMPLER REPLAY VERIFIED AGAINST ALL LOGGED CLASS/UID/GROUP COUNTS
6,C,p6_C_cached_crt_reset,p6_C_cached_crt_reset_s29,29,NOT APPLICABLE,decoupled,5,train,histiocyte,72,94,55,39,1.709090909090909,4,33,DETERMINISTIC SAMPLER REPLAY VERIFIED AGAINST ALL LOGGED CLASS/UID/GROUP COUNTS
6,C,p6_C_cached_crt_reset,p6_C_cached_crt_reset_s29,29,NOT APPLICABLE,decoupled,5,train,melanophage,72,96,54,42,1.7777777777777777,4,24,DETERMINISTIC SAMPLER REPLAY VERIFIED AGAINST ALL LOGGED CLASS/UID/GROUP COUNTS
6,C,p6_C_cached_crt_reset,p6_C_cached_crt_reset_s29,29,NOT APPLICABLE,decoupled,5,train,neutrophil,72,105,52,53,2.019230769230769,6,7,DETERMINISTIC SAMPLER REPLAY VERIFIED AGAINST ALL LOGGED CLASS/UID/GROUP COUNTS
6,C,p6_C_cached_crt_reset,p6_C_cached_crt_reset_s29,29,NOT APPLICABLE,decoupled,5,train,stroma,72,77,46,31,1.673913043478261,4,40,DETERMINISTIC SAMPLER REPLAY VERIFIED AGAINST ALL LOGGED CLASS/UID/GROUP COUNTS
6,C,p6_C_cached_crt_reset,p6_C_cached_crt_reset_s29,29,NOT APPLICABLE,decoupled,5,train,epithelium,72,83,48,35,1.7291666666666667,5,10,DETERMINISTIC SAMPLER REPLAY VERIFIED AGAINST ALL LOGGED CLASS/UID/GROUP COUNTS
6,C,p6_C_cached_crt_reset,p6_C_cached_crt_reset_s29,29,NOT APPLICABLE,decoupled,5,train,endothelium,72,84,50,34,1.68,4,37,DETERMINISTIC SAMPLER REPLAY VERIFIED AGAINST ALL LOGGED CLASS/UID/GROUP COUNTS
6,C,p6_C_cached_crt_reset,p6_C_cached_crt_reset_s29,29,NOT APPLICABLE,decoupled,5,train,apoptosis,72,93,54,39,1.7222222222222223,4,38,DETERMINISTIC SAMPLER REPLAY VERIFIED AGAINST ALL LOGGED CLASS/UID/GROUP COUNTS
6,C,p6_C_cached_crt_reset,p6_C_cached_crt_reset_s43,43,NOT APPLICABLE,joint,1,train,tumor,213,81,65,16,1.2461538461538462,3,43,DETERMINISTIC SAMPLER REPLAY VERIFIED AGAINST ALL LOGGED CLASS/UID/GROUP COUNTS
6,C,p6_C_cached_crt_reset,p6_C_cached_crt_reset_s43,43,NOT APPLICABLE,joint,1,train,lymphocyte,111,83,59,24,1.4067796610169492,4,45,DETERMINISTIC SAMPLER REPLAY VERIFIED AGAINST ALL LOGGED CLASS/UID/GROUP COUNTS
6,C,p6_C_cached_crt_reset,p6_C_cached_crt_reset_s43,43,NOT APPLICABLE,joint,1,train,plasma_cell,72,83,45,38,1.8444444444444446,4,16,DETERMINISTIC SAMPLER REPLAY VERIFIED AGAINST ALL LOGGED CLASS/UID/GROUP COUNTS
6,C,p6_C_cached_crt_reset,p6_C_cached_crt_reset_s43,43,NOT APPLICABLE,joint,1,train,histiocyte,72,91,56,35,1.625,5,36,DETERMINISTIC SAMPLER REPLAY VERIFIED AGAINST ALL LOGGED CLASS/UID/GROUP COUNTS
6,C,p6_C_cached_crt_reset,p6_C_cached_crt_reset_s43,43,NOT APPLICABLE,joint,1,train,melanophage,72,111,59,52,1.88135593220339,5,25,DETERMINISTIC SAMPLER REPLAY VERIFIED AGAINST ALL LOGGED CLASS/UID/GROUP COUNTS
6,C,p6_C_cached_crt_reset,p6_C_cached_crt_reset_s43,43,NOT APPLICABLE,joint,1,train,neutrophil,72,91,45,46,2.022222222222222,5,6,DETERMINISTIC SAMPLER REPLAY VERIFIED AGAINST ALL LOGGED CLASS/UID/GROUP COUNTS
6,C,p6_C_cached_crt_reset,p6_C_cached_crt_reset_s43,43,NOT APPLICABLE,joint,1,train,stroma,72,102,56,46,1.8214285714285714,5,43,DETERMINISTIC SAMPLER REPLAY VERIFIED AGAINST ALL LOGGED CLASS/UID/GROUP COUNTS
6,C,p6_C_cached_crt_reset,p6_C_cached_crt_reset_s43,43,NOT APPLICABLE,joint,1,train,epithelium,72,84,47,37,1.7872340425531914,4,10,DETERMINISTIC SAMPLER REPLAY VERIFIED AGAINST ALL LOGGED CLASS/UID/GROUP COUNTS
6,C,p6_C_cached_crt_reset,p6_C_cached_crt_reset_s43,43,NOT APPLICABLE,joint,1,train,endothelium,72,91,52,39,1.75,5,36,DETERMINISTIC SAMPLER REPLAY VERIFIED AGAINST ALL LOGGED CLASS/UID/GROUP COUNTS
6,C,p6_C_cached_crt_reset,p6_C_cached_crt_reset_s43,43,NOT APPLICABLE,joint,1,train,apoptosis,72,83,54,29,1.537037037037037,3,33,DETERMINISTIC SAMPLER REPLAY VERIFIED AGAINST ALL LOGGED CLASS/UID/GROUP COUNTS
6,C,p6_C_cached_crt_reset,p6_C_cached_crt_reset_s43,43,NOT APPLICABLE,joint,2,train,tumor,213,97,79,18,1.2278481012658229,3,52,DETERMINISTIC SAMPLER REPLAY VERIFIED AGAINST ALL LOGGED CLASS/UID/GROUP COUNTS
6,C,p6_C_cached_crt_reset,p6_C_cached_crt_reset_s43,43,NOT APPLICABLE,joint,2,train,lymphocyte,111,84,62,22,1.3548387096774193,3,47,DETERMINISTIC SAMPLER REPLAY VERIFIED AGAINST ALL LOGGED CLASS/UID/GROUP COUNTS
6,C,p6_C_cached_crt_reset,p6_C_cached_crt_reset_s43,43,NOT APPLICABLE,joint,2,train,plasma_cell,72,95,51,44,1.8627450980392157,7,13,DETERMINISTIC SAMPLER REPLAY VERIFIED AGAINST ALL LOGGED CLASS/UID/GROUP COUNTS
6,C,p6_C_cached_crt_reset,p6_C_cached_crt_reset_s43,43,NOT APPLICABLE,joint,2,train,histiocyte,72,87,53,34,1.6415094339622642,4,34,DETERMINISTIC SAMPLER REPLAY VERIFIED AGAINST ALL LOGGED CLASS/UID/GROUP COUNTS
6,C,p6_C_cached_crt_reset,p6_C_cached_crt_reset_s43,43,NOT APPLICABLE,joint,2,train,melanophage,72,94,51,43,1.8431372549019607,4,25,DETERMINISTIC SAMPLER REPLAY VERIFIED AGAINST ALL LOGGED CLASS/UID/GROUP COUNTS
6,C,p6_C_cached_crt_reset,p6_C_cached_crt_reset_s43,43,NOT APPLICABLE,joint,2,train,neutrophil,72,100,51,49,1.9607843137254901,5,7,DETERMINISTIC SAMPLER REPLAY VERIFIED AGAINST ALL LOGGED CLASS/UID/GROUP COUNTS
6,C,p6_C_cached_crt_reset,p6_C_cached_crt_reset_s43,43,NOT APPLICABLE,joint,2,train,stroma,72,83,48,35,1.7291666666666667,4,36,DETERMINISTIC SAMPLER REPLAY VERIFIED AGAINST ALL LOGGED CLASS/UID/GROUP COUNTS
6,C,p6_C_cached_crt_reset,p6_C_cached_crt_reset_s43,43,NOT APPLICABLE,joint,2,train,epithelium,72,81,53,28,1.528301886792453,4,10,DETERMINISTIC SAMPLER REPLAY VERIFIED AGAINST ALL LOGGED CLASS/UID/GROUP COUNTS
6,C,p6_C_cached_crt_reset,p6_C_cached_crt_reset_s43,43,NOT APPLICABLE,joint,2,train,endothelium,72,103,55,48,1.8727272727272728,6,39,DETERMINISTIC SAMPLER REPLAY VERIFIED AGAINST ALL LOGGED CLASS/UID/GROUP COUNTS
6,C,p6_C_cached_crt_reset,p6_C_cached_crt_reset_s43,43,NOT APPLICABLE,joint,2,train,apoptosis,72,76,49,27,1.5510204081632653,6,33,DETERMINISTIC SAMPLER REPLAY VERIFIED AGAINST ALL LOGGED CLASS/UID/GROUP COUNTS
6,C,p6_C_cached_crt_reset,p6_C_cached_crt_reset_s43,43,NOT APPLICABLE,joint,3,train,tumor,213,78,66,12,1.1818181818181819,3,40,DETERMINISTIC SAMPLER REPLAY VERIFIED AGAINST ALL LOGGED CLASS/UID/GROUP COUNTS
6,C,p6_C_cached_crt_reset,p6_C_cached_crt_reset_s43,43,NOT APPLICABLE,joint,3,train,lymphocyte,111,90,63,27,1.4285714285714286,4,43,DETERMINISTIC SAMPLER REPLAY VERIFIED AGAINST ALL LOGGED CLASS/UID/GROUP COUNTS
6,C,p6_C_cached_crt_reset,p6_C_cached_crt_reset_s43,43,NOT APPLICABLE,joint,3,train,plasma_cell,72,103,56,47,1.8392857142857142,5,15,DETERMINISTIC SAMPLER REPLAY VERIFIED AGAINST ALL LOGGED CLASS/UID/GROUP COUNTS
6,C,p6_C_cached_crt_reset,p6_C_cached_crt_reset_s43,43,NOT APPLICABLE,joint,3,train,histiocyte,72,102,55,47,1.8545454545454545,5,34,DETERMINISTIC SAMPLER REPLAY VERIFIED AGAINST ALL LOGGED CLASS/UID/GROUP COUNTS
6,C,p6_C_cached_crt_reset,p6_C_cached_crt_reset_s43,43,NOT APPLICABLE,joint,3,train,melanophage,72,96,54,42,1.7777777777777777,5,22,DETERMINISTIC SAMPLER REPLAY VERIFIED AGAINST ALL LOGGED CLASS/UID/GROUP COUNTS
6,C,p6_C_cached_crt_reset,p6_C_cached_crt_reset_s43,43,NOT APPLICABLE,joint,3,train,neutrophil,72,80,45,35,1.7777777777777777,6,8,DETERMINISTIC SAMPLER REPLAY VERIFIED AGAINST ALL LOGGED CLASS/UID/GROUP COUNTS
6,C,p6_C_cached_crt_reset,p6_C_cached_crt_reset_s43,43,NOT APPLICABLE,joint,3,train,stroma,72,75,50,25,1.5,5,38,DETERMINISTIC SAMPLER REPLAY VERIFIED AGAINST ALL LOGGED CLASS/UID/GROUP COUNTS
6,C,p6_C_cached_crt_reset,p6_C_cached_crt_reset_s43,43,NOT APPLICABLE,joint,3,train,epithelium,72,90,56,34,1.6071428571428572,4,10,DETERMINISTIC SAMPLER REPLAY VERIFIED AGAINST ALL LOGGED CLASS/UID/GROUP COUNTS
6,C,p6_C_cached_crt_reset,p6_C_cached_crt_reset_s43,43,NOT APPLICABLE,joint,3,train,endothelium,72,82,50,32,1.64,3,36,DETERMINISTIC SAMPLER REPLAY VERIFIED AGAINST ALL LOGGED CLASS/UID/GROUP COUNTS
6,C,p6_C_cached_crt_reset,p6_C_cached_crt_reset_s43,43,NOT APPLICABLE,joint,3,train,apoptosis,72,104,58,46,1.793103448275862,6,35,DETERMINISTIC SAMPLER REPLAY VERIFIED AGAINST ALL LOGGED CLASS/UID/GROUP COUNTS
6,C,p6_C_cached_crt_reset,p6_C_cached_crt_reset_s43,43,NOT APPLICABLE,joint,4,train,tumor,213,89,71,18,1.2535211267605635,3,44,DETERMINISTIC SAMPLER REPLAY VERIFIED AGAINST ALL LOGGED CLASS/UID/GROUP COUNTS
6,C,p6_C_cached_crt_reset,p6_C_cached_crt_reset_s43,43,NOT APPLICABLE,joint,4,train,lymphocyte,111,89,59,30,1.5084745762711864,3,43,DETERMINISTIC SAMPLER REPLAY VERIFIED AGAINST ALL LOGGED CLASS/UID/GROUP COUNTS
6,C,p6_C_cached_crt_reset,p6_C_cached_crt_reset_s43,43,NOT APPLICABLE,joint,4,train,plasma_cell,72,100,53,47,1.8867924528301887,4,13,DETERMINISTIC SAMPLER REPLAY VERIFIED AGAINST ALL LOGGED CLASS/UID/GROUP COUNTS
6,C,p6_C_cached_crt_reset,p6_C_cached_crt_reset_s43,43,NOT APPLICABLE,joint,4,train,histiocyte,72,85,51,34,1.6666666666666667,4,34,DETERMINISTIC SAMPLER REPLAY VERIFIED AGAINST ALL LOGGED CLASS/UID/GROUP COUNTS
6,C,p6_C_cached_crt_reset,p6_C_cached_crt_reset_s43,43,NOT APPLICABLE,joint,4,train,melanophage,72,86,56,30,1.5357142857142858,4,24,DETERMINISTIC SAMPLER REPLAY VERIFIED AGAINST ALL LOGGED CLASS/UID/GROUP COUNTS
6,C,p6_C_cached_crt_reset,p6_C_cached_crt_reset_s43,43,NOT APPLICABLE,joint,4,train,neutrophil,72,80,50,30,1.6,4,8,DETERMINISTIC SAMPLER REPLAY VERIFIED AGAINST ALL LOGGED CLASS/UID/GROUP COUNTS
6,C,p6_C_cached_crt_reset,p6_C_cached_crt_reset_s43,43,NOT APPLICABLE,joint,4,train,stroma,72,87,46,41,1.891304347826087,7,35,DETERMINISTIC SAMPLER REPLAY VERIFIED AGAINST ALL LOGGED CLASS/UID/GROUP COUNTS
6,C,p6_C_cached_crt_reset,p6_C_cached_crt_reset_s43,43,NOT APPLICABLE,joint,4,train,epithelium,72,95,52,43,1.8269230769230769,5,10,DETERMINISTIC SAMPLER REPLAY VERIFIED AGAINST ALL LOGGED CLASS/UID/GROUP COUNTS
6,C,p6_C_cached_crt_reset,p6_C_cached_crt_reset_s43,43,NOT APPLICABLE,joint,4,train,endothelium,72,95,51,44,1.8627450980392157,6,36,DETERMINISTIC SAMPLER REPLAY VERIFIED AGAINST ALL LOGGED CLASS/UID/GROUP COUNTS
6,C,p6_C_cached_crt_reset,p6_C_cached_crt_reset_s43,43,NOT APPLICABLE,joint,4,train,apoptosis,72,94,54,40,1.7407407407407407,4,33,DETERMINISTIC SAMPLER REPLAY VERIFIED AGAINST ALL LOGGED CLASS/UID/GROUP COUNTS
6,C,p6_C_cached_crt_reset,p6_C_cached_crt_reset_s43,43,NOT APPLICABLE,joint,5,train,tumor,213,103,83,20,1.2409638554216869,4,48,DETERMINISTIC SAMPLER REPLAY VERIFIED AGAINST ALL LOGGED CLASS/UID/GROUP COUNTS
6,C,p6_C_cached_crt_reset,p6_C_cached_crt_reset_s43,43,NOT APPLICABLE,joint,5,train,lymphocyte,111,77,51,26,1.5098039215686274,3,36,DETERMINISTIC SAMPLER REPLAY VERIFIED AGAINST ALL LOGGED CLASS/UID/GROUP COUNTS
6,C,p6_C_cached_crt_reset,p6_C_cached_crt_reset_s43,43,NOT APPLICABLE,joint,5,train,plasma_cell,72,89,47,42,1.8936170212765957,4,16,DETERMINISTIC SAMPLER REPLAY VERIFIED AGAINST ALL LOGGED CLASS/UID/GROUP COUNTS
6,C,p6_C_cached_crt_reset,p6_C_cached_crt_reset_s43,43,NOT APPLICABLE,joint,5,train,histiocyte,72,97,54,43,1.7962962962962963,4,35,DETERMINISTIC SAMPLER REPLAY VERIFIED AGAINST ALL LOGGED CLASS/UID/GROUP COUNTS
6,C,p6_C_cached_crt_reset,p6_C_cached_crt_reset_s43,43,NOT APPLICABLE,joint,5,train,melanophage,72,94,53,41,1.7735849056603774,5,25,DETERMINISTIC SAMPLER REPLAY VERIFIED AGAINST ALL LOGGED CLASS/UID/GROUP COUNTS
6,C,p6_C_cached_crt_reset,p6_C_cached_crt_reset_s43,43,NOT APPLICABLE,joint,5,train,neutrophil,72,89,49,40,1.816326530612245,3,6,DETERMINISTIC SAMPLER REPLAY VERIFIED AGAINST ALL LOGGED CLASS/UID/GROUP COUNTS
6,C,p6_C_cached_crt_reset,p6_C_cached_crt_reset_s43,43,NOT APPLICABLE,joint,5,train,stroma,72,80,45,35,1.7777777777777777,4,38,DETERMINISTIC SAMPLER REPLAY VERIFIED AGAINST ALL LOGGED CLASS/UID/GROUP COUNTS
6,C,p6_C_cached_crt_reset,p6_C_cached_crt_reset_s43,43,NOT APPLICABLE,joint,5,train,epithelium,72,84,52,32,1.6153846153846154,3,10,DETERMINISTIC SAMPLER REPLAY VERIFIED AGAINST ALL LOGGED CLASS/UID/GROUP COUNTS
6,C,p6_C_cached_crt_reset,p6_C_cached_crt_reset_s43,43,NOT APPLICABLE,joint,5,train,endothelium,72,93,58,35,1.603448275862069,4,36,DETERMINISTIC SAMPLER REPLAY VERIFIED AGAINST ALL LOGGED CLASS/UID/GROUP COUNTS
6,C,p6_C_cached_crt_reset,p6_C_cached_crt_reset_s43,43,NOT APPLICABLE,joint,5,train,apoptosis,72,94,56,38,1.6785714285714286,6,36,DETERMINISTIC SAMPLER REPLAY VERIFIED AGAINST ALL LOGGED CLASS/UID/GROUP COUNTS
6,C,p6_C_cached_crt_reset,p6_C_cached_crt_reset_s43,43,NOT APPLICABLE,joint,6,train,tumor,213,97,79,18,1.2278481012658229,3,49,DETERMINISTIC SAMPLER REPLAY VERIFIED AGAINST ALL LOGGED CLASS/UID/GROUP COUNTS
6,C,p6_C_cached_crt_reset,p6_C_cached_crt_reset_s43,43,NOT APPLICABLE,joint,6,train,lymphocyte,111,91,64,27,1.421875,3,47,DETERMINISTIC SAMPLER REPLAY VERIFIED AGAINST ALL LOGGED CLASS/UID/GROUP COUNTS
6,C,p6_C_cached_crt_reset,p6_C_cached_crt_reset_s43,43,NOT APPLICABLE,joint,6,train,plasma_cell,72,89,48,41,1.8541666666666667,5,13,DETERMINISTIC SAMPLER REPLAY VERIFIED AGAINST ALL LOGGED CLASS/UID/GROUP COUNTS
6,C,p6_C_cached_crt_reset,p6_C_cached_crt_reset_s43,43,NOT APPLICABLE,joint,6,train,histiocyte,72,85,50,35,1.7,3,32,DETERMINISTIC SAMPLER REPLAY VERIFIED AGAINST ALL LOGGED CLASS/UID/GROUP COUNTS
6,C,p6_C_cached_crt_reset,p6_C_cached_crt_reset_s43,43,NOT APPLICABLE,joint,6,train,melanophage,72,81,49,32,1.653061224489796,4,24,DETERMINISTIC SAMPLER REPLAY VERIFIED AGAINST ALL LOGGED CLASS/UID/GROUP COUNTS
6,C,p6_C_cached_crt_reset,p6_C_cached_crt_reset_s43,43,NOT APPLICABLE,joint,6,train,neutrophil,72,91,49,42,1.8571428571428572,5,7,DETERMINISTIC SAMPLER REPLAY VERIFIED AGAINST ALL LOGGED CLASS/UID/GROUP COUNTS
6,C,p6_C_cached_crt_reset,p6_C_cached_crt_reset_s43,43,NOT APPLICABLE,joint,6,train,stroma,72,80,48,32,1.6666666666666667,4,40,DETERMINISTIC SAMPLER REPLAY VERIFIED AGAINST ALL LOGGED CLASS/UID/GROUP COUNTS
6,C,p6_C_cached_crt_reset,p6_C_cached_crt_reset_s43,43,NOT APPLICABLE,joint,6,train,epithelium,72,93,54,39,1.7222222222222223,4,10,DETERMINISTIC SAMPLER REPLAY VERIFIED AGAINST ALL LOGGED CLASS/UID/GROUP COUNTS
6,C,p6_C_cached_crt_reset,p6_C_cached_crt_reset_s43,43,NOT APPLICABLE,joint,6,train,endothelium,72,90,54,36,1.6666666666666667,4,37,DETERMINISTIC SAMPLER REPLAY VERIFIED AGAINST ALL LOGGED CLASS/UID/GROUP COUNTS
6,C,p6_C_cached_crt_reset,p6_C_cached_crt_reset_s43,43,NOT APPLICABLE,joint,6,train,apoptosis,72,103,53,50,1.9433962264150944,5,35,DETERMINISTIC SAMPLER REPLAY VERIFIED AGAINST ALL LOGGED CLASS/UID/GROUP COUNTS
6,C,p6_C_cached_crt_reset,p6_C_cached_crt_reset_s43,43,NOT APPLICABLE,joint,7,train,tumor,213,96,74,22,1.2972972972972974,3,44,DETERMINISTIC SAMPLER REPLAY VERIFIED AGAINST ALL LOGGED CLASS/UID/GROUP COUNTS
6,C,p6_C_cached_crt_reset,p6_C_cached_crt_reset_s43,43,NOT APPLICABLE,joint,7,train,lymphocyte,111,80,59,21,1.3559322033898304,3,41,DETERMINISTIC SAMPLER REPLAY VERIFIED AGAINST ALL LOGGED CLASS/UID/GROUP COUNTS
6,C,p6_C_cached_crt_reset,p6_C_cached_crt_reset_s43,43,NOT APPLICABLE,joint,7,train,plasma_cell,72,93,48,45,1.9375,4,15,DETERMINISTIC SAMPLER REPLAY VERIFIED AGAINST ALL LOGGED CLASS/UID/GROUP COUNTS
6,C,p6_C_cached_crt_reset,p6_C_cached_crt_reset_s43,43,NOT APPLICABLE,joint,7,train,histiocyte,72,91,52,39,1.75,4,34,DETERMINISTIC SAMPLER REPLAY VERIFIED AGAINST ALL LOGGED CLASS/UID/GROUP COUNTS
6,C,p6_C_cached_crt_reset,p6_C_cached_crt_reset_s43,43,NOT APPLICABLE,joint,7,train,melanophage,72,91,50,41,1.82,6,24,DETERMINISTIC SAMPLER REPLAY VERIFIED AGAINST ALL LOGGED CLASS/UID/GROUP COUNTS
6,C,p6_C_cached_crt_reset,p6_C_cached_crt_reset_s43,43,NOT APPLICABLE,joint,7,train,neutrophil,72,110,56,54,1.9642857142857142,4,5,DETERMINISTIC SAMPLER REPLAY VERIFIED AGAINST ALL LOGGED CLASS/UID/GROUP COUNTS
6,C,p6_C_cached_crt_reset,p6_C_cached_crt_reset_s43,43,NOT APPLICABLE,joint,7,train,stroma,72,85,49,36,1.7346938775510203,5,40,DETERMINISTIC SAMPLER REPLAY VERIFIED AGAINST ALL LOGGED CLASS/UID/GROUP COUNTS
6,C,p6_C_cached_crt_reset,p6_C_cached_crt_reset_s43,43,NOT APPLICABLE,joint,7,train,epithelium,72,94,48,46,1.9583333333333333,6,10,DETERMINISTIC SAMPLER REPLAY VERIFIED AGAINST ALL LOGGED CLASS/UID/GROUP COUNTS
6,C,p6_C_cached_crt_reset,p6_C_cached_crt_reset_s43,43,NOT APPLICABLE,joint,7,train,endothelium,72,77,48,29,1.6041666666666667,5,34,DETERMINISTIC SAMPLER REPLAY VERIFIED AGAINST ALL LOGGED CLASS/UID/GROUP COUNTS
6,C,p6_C_cached_crt_reset,p6_C_cached_crt_reset_s43,43,NOT APPLICABLE,joint,7,train,apoptosis,72,83,45,38,1.8444444444444446,5,35,DETERMINISTIC SAMPLER REPLAY VERIFIED AGAINST ALL LOGGED CLASS/UID/GROUP COUNTS
6,C,p6_C_cached_crt_reset,p6_C_cached_crt_reset_s43,43,NOT APPLICABLE,joint,8,train,tumor,213,87,74,13,1.1756756756756757,3,47,DETERMINISTIC SAMPLER REPLAY VERIFIED AGAINST ALL LOGGED CLASS/UID/GROUP COUNTS
6,C,p6_C_cached_crt_reset,p6_C_cached_crt_reset_s43,43,NOT APPLICABLE,joint,8,train,lymphocyte,111,93,58,35,1.603448275862069,4,44,DETERMINISTIC SAMPLER REPLAY VERIFIED AGAINST ALL LOGGED CLASS/UID/GROUP COUNTS
6,C,p6_C_cached_crt_reset,p6_C_cached_crt_reset_s43,43,NOT APPLICABLE,joint,8,train,plasma_cell,72,100,55,45,1.8181818181818181,5,15,DETERMINISTIC SAMPLER REPLAY VERIFIED AGAINST ALL LOGGED CLASS/UID/GROUP COUNTS
6,C,p6_C_cached_crt_reset,p6_C_cached_crt_reset_s43,43,NOT APPLICABLE,joint,8,train,histiocyte,72,84,51,33,1.6470588235294117,4,34,DETERMINISTIC SAMPLER REPLAY VERIFIED AGAINST ALL LOGGED CLASS/UID/GROUP COUNTS
6,C,p6_C_cached_crt_reset,p6_C_cached_crt_reset_s43,43,NOT APPLICABLE,joint,8,train,melanophage,72,90,52,38,1.7307692307692308,6,26,DETERMINISTIC SAMPLER REPLAY VERIFIED AGAINST ALL LOGGED CLASS/UID/GROUP COUNTS
6,C,p6_C_cached_crt_reset,p6_C_cached_crt_reset_s43,43,NOT APPLICABLE,joint,8,train,neutrophil,72,81,49,32,1.653061224489796,5,6,DETERMINISTIC SAMPLER REPLAY VERIFIED AGAINST ALL LOGGED CLASS/UID/GROUP COUNTS
6,C,p6_C_cached_crt_reset,p6_C_cached_crt_reset_s43,43,NOT APPLICABLE,joint,8,train,stroma,72,98,52,46,1.8846153846153846,5,40,DETERMINISTIC SAMPLER REPLAY VERIFIED AGAINST ALL LOGGED CLASS/UID/GROUP COUNTS
6,C,p6_C_cached_crt_reset,p6_C_cached_crt_reset_s43,43,NOT APPLICABLE,joint,8,train,epithelium,72,93,52,41,1.7884615384615385,5,10,DETERMINISTIC SAMPLER REPLAY VERIFIED AGAINST ALL LOGGED CLASS/UID/GROUP COUNTS
6,C,p6_C_cached_crt_reset,p6_C_cached_crt_reset_s43,43,NOT APPLICABLE,joint,8,train,endothelium,72,84,49,35,1.7142857142857142,4,36,DETERMINISTIC SAMPLER REPLAY VERIFIED AGAINST ALL LOGGED CLASS/UID/GROUP COUNTS
6,C,p6_C_cached_crt_reset,p6_C_cached_crt_reset_s43,43,NOT APPLICABLE,joint,8,train,apoptosis,72,90,49,41,1.836734693877551,5,36,DETERMINISTIC SAMPLER REPLAY VERIFIED AGAINST ALL LOGGED CLASS/UID/GROUP COUNTS
6,C,p6_C_cached_crt_reset,p6_C_cached_crt_reset_s43,43,NOT APPLICABLE,joint,9,train,tumor,213,77,62,15,1.2419354838709677,3,41,DETERMINISTIC SAMPLER REPLAY VERIFIED AGAINST ALL LOGGED CLASS/UID/GROUP COUNTS
6,C,p6_C_cached_crt_reset,p6_C_cached_crt_reset_s43,43,NOT APPLICABLE,joint,9,train,lymphocyte,111,91,63,28,1.4444444444444444,3,45,DETERMINISTIC SAMPLER REPLAY VERIFIED AGAINST ALL LOGGED CLASS/UID/GROUP COUNTS
6,C,p6_C_cached_crt_reset,p6_C_cached_crt_reset_s43,43,NOT APPLICABLE,joint,9,train,plasma_cell,72,99,56,43,1.7678571428571428,5,15,DETERMINISTIC SAMPLER REPLAY VERIFIED AGAINST ALL LOGGED CLASS/UID/GROUP COUNTS
6,C,p6_C_cached_crt_reset,p6_C_cached_crt_reset_s43,43,NOT APPLICABLE,joint,9,train,histiocyte,72,103,53,50,1.9433962264150944,5,33,DETERMINISTIC SAMPLER REPLAY VERIFIED AGAINST ALL LOGGED CLASS/UID/GROUP COUNTS
6,C,p6_C_cached_crt_reset,p6_C_cached_crt_reset_s43,43,NOT APPLICABLE,joint,9,train,melanophage,72,101,59,42,1.7118644067796611,5,24,DETERMINISTIC SAMPLER REPLAY VERIFIED AGAINST ALL LOGGED CLASS/UID/GROUP COUNTS
6,C,p6_C_cached_crt_reset,p6_C_cached_crt_reset_s43,43,NOT APPLICABLE,joint,9,train,neutrophil,72,90,50,40,1.8,4,6,DETERMINISTIC SAMPLER REPLAY VERIFIED AGAINST ALL LOGGED CLASS/UID/GROUP COUNTS
6,C,p6_C_cached_crt_reset,p6_C_cached_crt_reset_s43,43,NOT APPLICABLE,joint,9,train,stroma,72,80,46,34,1.7391304347826086,6,38,DETERMINISTIC SAMPLER REPLAY VERIFIED AGAINST ALL LOGGED CLASS/UID/GROUP COUNTS
6,C,p6_C_cached_crt_reset,p6_C_cached_crt_reset_s43,43,NOT APPLICABLE,joint,9,train,epithelium,72,78,45,33,1.7333333333333334,4,10,DETERMINISTIC SAMPLER REPLAY VERIFIED AGAINST ALL LOGGED CLASS/UID/GROUP COUNTS
6,C,p6_C_cached_crt_reset,p6_C_cached_crt_reset_s43,43,NOT APPLICABLE,joint,9,train,endothelium,72,88,54,34,1.6296296296296295,5,37,DETERMINISTIC SAMPLER REPLAY VERIFIED AGAINST ALL LOGGED CLASS/UID/GROUP COUNTS
6,C,p6_C_cached_crt_reset,p6_C_cached_crt_reset_s43,43,NOT APPLICABLE,joint,9,train,apoptosis,72,93,52,41,1.7884615384615385,4,34,DETERMINISTIC SAMPLER REPLAY VERIFIED AGAINST ALL LOGGED CLASS/UID/GROUP COUNTS
6,C,p6_C_cached_crt_reset,p6_C_cached_crt_reset_s43,43,NOT APPLICABLE,joint,10,train,tumor,213,95,78,17,1.2179487179487178,3,46,DETERMINISTIC SAMPLER REPLAY VERIFIED AGAINST ALL LOGGED CLASS/UID/GROUP COUNTS
6,C,p6_C_cached_crt_reset,p6_C_cached_crt_reset_s43,43,NOT APPLICABLE,joint,10,train,lymphocyte,111,83,59,24,1.4067796610169492,4,47,DETERMINISTIC SAMPLER REPLAY VERIFIED AGAINST ALL LOGGED CLASS/UID/GROUP COUNTS
6,C,p6_C_cached_crt_reset,p6_C_cached_crt_reset_s43,43,NOT APPLICABLE,joint,10,train,plasma_cell,72,89,50,39,1.78,5,16,DETERMINISTIC SAMPLER REPLAY VERIFIED AGAINST ALL LOGGED CLASS/UID/GROUP COUNTS
6,C,p6_C_cached_crt_reset,p6_C_cached_crt_reset_s43,43,NOT APPLICABLE,joint,10,train,histiocyte,72,88,51,37,1.7254901960784315,4,34,DETERMINISTIC SAMPLER REPLAY VERIFIED AGAINST ALL LOGGED CLASS/UID/GROUP COUNTS
6,C,p6_C_cached_crt_reset,p6_C_cached_crt_reset_s43,43,NOT APPLICABLE,joint,10,train,melanophage,72,92,52,40,1.7692307692307692,4,24,DETERMINISTIC SAMPLER REPLAY VERIFIED AGAINST ALL LOGGED CLASS/UID/GROUP COUNTS
6,C,p6_C_cached_crt_reset,p6_C_cached_crt_reset_s43,43,NOT APPLICABLE,joint,10,train,neutrophil,72,81,48,33,1.6875,5,6,DETERMINISTIC SAMPLER REPLAY VERIFIED AGAINST ALL LOGGED CLASS/UID/GROUP COUNTS
6,C,p6_C_cached_crt_reset,p6_C_cached_crt_reset_s43,43,NOT APPLICABLE,joint,10,train,stroma,72,91,53,38,1.7169811320754718,4,43,DETERMINISTIC SAMPLER REPLAY VERIFIED AGAINST ALL LOGGED CLASS/UID/GROUP COUNTS
6,C,p6_C_cached_crt_reset,p6_C_cached_crt_reset_s43,43,NOT APPLICABLE,joint,10,train,epithelium,72,83,50,33,1.66,4,10,DETERMINISTIC SAMPLER REPLAY VERIFIED AGAINST ALL LOGGED CLASS/UID/GROUP COUNTS
6,C,p6_C_cached_crt_reset,p6_C_cached_crt_reset_s43,43,NOT APPLICABLE,joint,10,train,endothelium,72,96,56,40,1.7142857142857142,5,38,DETERMINISTIC SAMPLER REPLAY VERIFIED AGAINST ALL LOGGED CLASS/UID/GROUP COUNTS
6,C,p6_C_cached_crt_reset,p6_C_cached_crt_reset_s43,43,NOT APPLICABLE,joint,10,train,apoptosis,72,102,50,52,2.04,5,32,DETERMINISTIC SAMPLER REPLAY VERIFIED AGAINST ALL LOGGED CLASS/UID/GROUP COUNTS
6,C,p6_C_cached_crt_reset,p6_C_cached_crt_reset_s43,43,NOT APPLICABLE,decoupled,1,train,tumor,213,98,79,19,1.240506329113924,3,47,DETERMINISTIC SAMPLER REPLAY VERIFIED AGAINST ALL LOGGED CLASS/UID/GROUP COUNTS
6,C,p6_C_cached_crt_reset,p6_C_cached_crt_reset_s43,43,NOT APPLICABLE,decoupled,1,train,lymphocyte,111,84,58,26,1.4482758620689655,6,45,DETERMINISTIC SAMPLER REPLAY VERIFIED AGAINST ALL LOGGED CLASS/UID/GROUP COUNTS
6,C,p6_C_cached_crt_reset,p6_C_cached_crt_reset_s43,43,NOT APPLICABLE,decoupled,1,train,plasma_cell,72,85,48,37,1.7708333333333333,4,13,DETERMINISTIC SAMPLER REPLAY VERIFIED AGAINST ALL LOGGED CLASS/UID/GROUP COUNTS
6,C,p6_C_cached_crt_reset,p6_C_cached_crt_reset_s43,43,NOT APPLICABLE,decoupled,1,train,histiocyte,72,84,53,31,1.5849056603773586,6,34,DETERMINISTIC SAMPLER REPLAY VERIFIED AGAINST ALL LOGGED CLASS/UID/GROUP COUNTS
6,C,p6_C_cached_crt_reset,p6_C_cached_crt_reset_s43,43,NOT APPLICABLE,decoupled,1,train,melanophage,72,87,56,31,1.5535714285714286,4,23,DETERMINISTIC SAMPLER REPLAY VERIFIED AGAINST ALL LOGGED CLASS/UID/GROUP COUNTS
6,C,p6_C_cached_crt_reset,p6_C_cached_crt_reset_s43,43,NOT APPLICABLE,decoupled,1,train,neutrophil,72,79,45,34,1.7555555555555555,4,8,DETERMINISTIC SAMPLER REPLAY VERIFIED AGAINST ALL LOGGED CLASS/UID/GROUP COUNTS
6,C,p6_C_cached_crt_reset,p6_C_cached_crt_reset_s43,43,NOT APPLICABLE,decoupled,1,train,stroma,72,91,56,35,1.625,4,42,DETERMINISTIC SAMPLER REPLAY VERIFIED AGAINST ALL LOGGED CLASS/UID/GROUP COUNTS
6,C,p6_C_cached_crt_reset,p6_C_cached_crt_reset_s43,43,NOT APPLICABLE,decoupled,1,train,epithelium,72,90,50,40,1.8,4,10,DETERMINISTIC SAMPLER REPLAY VERIFIED AGAINST ALL LOGGED CLASS/UID/GROUP COUNTS
6,C,p6_C_cached_crt_reset,p6_C_cached_crt_reset_s43,43,NOT APPLICABLE,decoupled,1,train,endothelium,72,102,54,48,1.8888888888888888,5,38,DETERMINISTIC SAMPLER REPLAY VERIFIED AGAINST ALL LOGGED CLASS/UID/GROUP COUNTS
6,C,p6_C_cached_crt_reset,p6_C_cached_crt_reset_s43,43,NOT APPLICABLE,decoupled,1,train,apoptosis,72,100,48,52,2.0833333333333335,5,33,DETERMINISTIC SAMPLER REPLAY VERIFIED AGAINST ALL LOGGED CLASS/UID/GROUP COUNTS
6,C,p6_C_cached_crt_reset,p6_C_cached_crt_reset_s43,43,NOT APPLICABLE,decoupled,2,train,tumor,213,98,74,24,1.3243243243243243,3,49,DETERMINISTIC SAMPLER REPLAY VERIFIED AGAINST ALL LOGGED CLASS/UID/GROUP COUNTS
6,C,p6_C_cached_crt_reset,p6_C_cached_crt_reset_s43,43,NOT APPLICABLE,decoupled,2,train,lymphocyte,111,94,62,32,1.5161290322580645,4,47,DETERMINISTIC SAMPLER REPLAY VERIFIED AGAINST ALL LOGGED CLASS/UID/GROUP COUNTS
6,C,p6_C_cached_crt_reset,p6_C_cached_crt_reset_s43,43,NOT APPLICABLE,decoupled,2,train,plasma_cell,72,95,55,40,1.7272727272727273,4,15,DETERMINISTIC SAMPLER REPLAY VERIFIED AGAINST ALL LOGGED CLASS/UID/GROUP COUNTS
6,C,p6_C_cached_crt_reset,p6_C_cached_crt_reset_s43,43,NOT APPLICABLE,decoupled,2,train,histiocyte,72,109,54,55,2.0185185185185186,6,35,DETERMINISTIC SAMPLER REPLAY VERIFIED AGAINST ALL LOGGED CLASS/UID/GROUP COUNTS
6,C,p6_C_cached_crt_reset,p6_C_cached_crt_reset_s43,43,NOT APPLICABLE,decoupled,2,train,melanophage,72,73,45,28,1.6222222222222222,4,22,DETERMINISTIC SAMPLER REPLAY VERIFIED AGAINST ALL LOGGED CLASS/UID/GROUP COUNTS
6,C,p6_C_cached_crt_reset,p6_C_cached_crt_reset_s43,43,NOT APPLICABLE,decoupled,2,train,neutrophil,72,84,49,35,1.7142857142857142,4,7,DETERMINISTIC SAMPLER REPLAY VERIFIED AGAINST ALL LOGGED CLASS/UID/GROUP COUNTS
6,C,p6_C_cached_crt_reset,p6_C_cached_crt_reset_s43,43,NOT APPLICABLE,decoupled,2,train,stroma,72,80,52,28,1.5384615384615385,4,41,DETERMINISTIC SAMPLER REPLAY VERIFIED AGAINST ALL LOGGED CLASS/UID/GROUP COUNTS
6,C,p6_C_cached_crt_reset,p6_C_cached_crt_reset_s43,43,NOT APPLICABLE,decoupled,2,train,epithelium,72,84,52,32,1.6153846153846154,4,10,DETERMINISTIC SAMPLER REPLAY VERIFIED AGAINST ALL LOGGED CLASS/UID/GROUP COUNTS
6,C,p6_C_cached_crt_reset,p6_C_cached_crt_reset_s43,43,NOT APPLICABLE,decoupled,2,train,endothelium,72,94,53,41,1.7735849056603774,5,38,DETERMINISTIC SAMPLER REPLAY VERIFIED AGAINST ALL LOGGED CLASS/UID/GROUP COUNTS
6,C,p6_C_cached_crt_reset,p6_C_cached_crt_reset_s43,43,NOT APPLICABLE,decoupled,2,train,apoptosis,72,89,52,37,1.7115384615384615,6,34,DETERMINISTIC SAMPLER REPLAY VERIFIED AGAINST ALL LOGGED CLASS/UID/GROUP COUNTS
6,C,p6_C_cached_crt_reset,p6_C_cached_crt_reset_s43,43,NOT APPLICABLE,decoupled,3,train,tumor,213,84,70,14,1.2,2,46,DETERMINISTIC SAMPLER REPLAY VERIFIED AGAINST ALL LOGGED CLASS/UID/GROUP COUNTS
6,C,p6_C_cached_crt_reset,p6_C_cached_crt_reset_s43,43,NOT APPLICABLE,decoupled,3,train,lymphocyte,111,80,57,23,1.4035087719298245,4,44,DETERMINISTIC SAMPLER REPLAY VERIFIED AGAINST ALL LOGGED CLASS/UID/GROUP COUNTS
6,C,p6_C_cached_crt_reset,p6_C_cached_crt_reset_s43,43,NOT APPLICABLE,decoupled,3,train,plasma_cell,72,84,48,36,1.75,4,14,DETERMINISTIC SAMPLER REPLAY VERIFIED AGAINST ALL LOGGED CLASS/UID/GROUP COUNTS
6,C,p6_C_cached_crt_reset,p6_C_cached_crt_reset_s43,43,NOT APPLICABLE,decoupled,3,train,histiocyte,72,98,54,44,1.8148148148148149,5,33,DETERMINISTIC SAMPLER REPLAY VERIFIED AGAINST ALL LOGGED CLASS/UID/GROUP COUNTS
6,C,p6_C_cached_crt_reset,p6_C_cached_crt_reset_s43,43,NOT APPLICABLE,decoupled,3,train,melanophage,72,93,54,39,1.7222222222222223,4,24,DETERMINISTIC SAMPLER REPLAY VERIFIED AGAINST ALL LOGGED CLASS/UID/GROUP COUNTS
6,C,p6_C_cached_crt_reset,p6_C_cached_crt_reset_s43,43,NOT APPLICABLE,decoupled,3,train,neutrophil,72,101,55,46,1.8363636363636364,5,8,DETERMINISTIC SAMPLER REPLAY VERIFIED AGAINST ALL LOGGED CLASS/UID/GROUP COUNTS
6,C,p6_C_cached_crt_reset,p6_C_cached_crt_reset_s43,43,NOT APPLICABLE,decoupled,3,train,stroma,72,87,53,34,1.6415094339622642,5,39,DETERMINISTIC SAMPLER REPLAY VERIFIED AGAINST ALL LOGGED CLASS/UID/GROUP COUNTS
6,C,p6_C_cached_crt_reset,p6_C_cached_crt_reset_s43,43,NOT APPLICABLE,decoupled,3,train,epithelium,72,97,54,43,1.7962962962962963,4,10,DETERMINISTIC SAMPLER REPLAY VERIFIED AGAINST ALL LOGGED CLASS/UID/GROUP COUNTS
6,C,p6_C_cached_crt_reset,p6_C_cached_crt_reset_s43,43,NOT APPLICABLE,decoupled,3,train,endothelium,72,85,46,39,1.8478260869565217,5,36,DETERMINISTIC SAMPLER REPLAY VERIFIED AGAINST ALL LOGGED CLASS/UID/GROUP COUNTS
6,C,p6_C_cached_crt_reset,p6_C_cached_crt_reset_s43,43,NOT APPLICABLE,decoupled,3,train,apoptosis,72,91,57,34,1.5964912280701755,4,37,DETERMINISTIC SAMPLER REPLAY VERIFIED AGAINST ALL LOGGED CLASS/UID/GROUP COUNTS
6,C,p6_C_cached_crt_reset,p6_C_cached_crt_reset_s43,43,NOT APPLICABLE,decoupled,4,train,tumor,213,72,62,10,1.1612903225806452,3,43,DETERMINISTIC SAMPLER REPLAY VERIFIED AGAINST ALL LOGGED CLASS/UID/GROUP COUNTS
6,C,p6_C_cached_crt_reset,p6_C_cached_crt_reset_s43,43,NOT APPLICABLE,decoupled,4,train,lymphocyte,111,96,59,37,1.6271186440677967,5,44,DETERMINISTIC SAMPLER REPLAY VERIFIED AGAINST ALL LOGGED CLASS/UID/GROUP COUNTS
6,C,p6_C_cached_crt_reset,p6_C_cached_crt_reset_s43,43,NOT APPLICABLE,decoupled,4,train,plasma_cell,72,105,52,53,2.019230769230769,4,15,DETERMINISTIC SAMPLER REPLAY VERIFIED AGAINST ALL LOGGED CLASS/UID/GROUP COUNTS
6,C,p6_C_cached_crt_reset,p6_C_cached_crt_reset_s43,43,NOT APPLICABLE,decoupled,4,train,histiocyte,72,85,49,36,1.7346938775510203,4,32,DETERMINISTIC SAMPLER REPLAY VERIFIED AGAINST ALL LOGGED CLASS/UID/GROUP COUNTS
6,C,p6_C_cached_crt_reset,p6_C_cached_crt_reset_s43,43,NOT APPLICABLE,decoupled,4,train,melanophage,72,82,52,30,1.5769230769230769,4,24,DETERMINISTIC SAMPLER REPLAY VERIFIED AGAINST ALL LOGGED CLASS/UID/GROUP COUNTS
6,C,p6_C_cached_crt_reset,p6_C_cached_crt_reset_s43,43,NOT APPLICABLE,decoupled,4,train,neutrophil,72,98,51,47,1.9215686274509804,4,6,DETERMINISTIC SAMPLER REPLAY VERIFIED AGAINST ALL LOGGED CLASS/UID/GROUP COUNTS
6,C,p6_C_cached_crt_reset,p6_C_cached_crt_reset_s43,43,NOT APPLICABLE,decoupled,4,train,stroma,72,89,53,36,1.679245283018868,4,39,DETERMINISTIC SAMPLER REPLAY VERIFIED AGAINST ALL LOGGED CLASS/UID/GROUP COUNTS
6,C,p6_C_cached_crt_reset,p6_C_cached_crt_reset_s43,43,NOT APPLICABLE,decoupled,4,train,epithelium,72,105,54,51,1.9444444444444444,5,10,DETERMINISTIC SAMPLER REPLAY VERIFIED AGAINST ALL LOGGED CLASS/UID/GROUP COUNTS
6,C,p6_C_cached_crt_reset,p6_C_cached_crt_reset_s43,43,NOT APPLICABLE,decoupled,4,train,endothelium,72,85,51,34,1.6666666666666667,6,35,DETERMINISTIC SAMPLER REPLAY VERIFIED AGAINST ALL LOGGED CLASS/UID/GROUP COUNTS
6,C,p6_C_cached_crt_reset,p6_C_cached_crt_reset_s43,43,NOT APPLICABLE,decoupled,4,train,apoptosis,72,83,49,34,1.6938775510204083,4,34,DETERMINISTIC SAMPLER REPLAY VERIFIED AGAINST ALL LOGGED CLASS/UID/GROUP COUNTS
6,C,p6_C_cached_crt_reset,p6_C_cached_crt_reset_s43,43,NOT APPLICABLE,decoupled,5,train,tumor,213,81,67,14,1.208955223880597,3,45,DETERMINISTIC SAMPLER REPLAY VERIFIED AGAINST ALL LOGGED CLASS/UID/GROUP COUNTS
6,C,p6_C_cached_crt_reset,p6_C_cached_crt_reset_s43,43,NOT APPLICABLE,decoupled,5,train,lymphocyte,111,94,67,27,1.4029850746268657,4,49,DETERMINISTIC SAMPLER REPLAY VERIFIED AGAINST ALL LOGGED CLASS/UID/GROUP COUNTS
6,C,p6_C_cached_crt_reset,p6_C_cached_crt_reset_s43,43,NOT APPLICABLE,decoupled,5,train,plasma_cell,72,71,44,27,1.6136363636363635,4,14,DETERMINISTIC SAMPLER REPLAY VERIFIED AGAINST ALL LOGGED CLASS/UID/GROUP COUNTS
6,C,p6_C_cached_crt_reset,p6_C_cached_crt_reset_s43,43,NOT APPLICABLE,decoupled,5,train,histiocyte,72,83,52,31,1.5961538461538463,5,34,DETERMINISTIC SAMPLER REPLAY VERIFIED AGAINST ALL LOGGED CLASS/UID/GROUP COUNTS
6,C,p6_C_cached_crt_reset,p6_C_cached_crt_reset_s43,43,NOT APPLICABLE,decoupled,5,train,melanophage,72,94,49,45,1.9183673469387754,5,23,DETERMINISTIC SAMPLER REPLAY VERIFIED AGAINST ALL LOGGED CLASS/UID/GROUP COUNTS
6,C,p6_C_cached_crt_reset,p6_C_cached_crt_reset_s43,43,NOT APPLICABLE,decoupled,5,train,neutrophil,72,99,56,43,1.7678571428571428,5,7,DETERMINISTIC SAMPLER REPLAY VERIFIED AGAINST ALL LOGGED CLASS/UID/GROUP COUNTS
6,C,p6_C_cached_crt_reset,p6_C_cached_crt_reset_s43,43,NOT APPLICABLE,decoupled,5,train,stroma,72,87,53,34,1.6415094339622642,4,40,DETERMINISTIC SAMPLER REPLAY VERIFIED AGAINST ALL LOGGED CLASS/UID/GROUP COUNTS
6,C,p6_C_cached_crt_reset,p6_C_cached_crt_reset_s43,43,NOT APPLICABLE,decoupled,5,train,epithelium,72,97,55,42,1.7636363636363637,5,10,DETERMINISTIC SAMPLER REPLAY VERIFIED AGAINST ALL LOGGED CLASS/UID/GROUP COUNTS
6,C,p6_C_cached_crt_reset,p6_C_cached_crt_reset_s43,43,NOT APPLICABLE,decoupled,5,train,endothelium,72,103,56,47,1.8392857142857142,5,37,DETERMINISTIC SAMPLER REPLAY VERIFIED AGAINST ALL LOGGED CLASS/UID/GROUP COUNTS
6,C,p6_C_cached_crt_reset,p6_C_cached_crt_reset_s43,43,NOT APPLICABLE,decoupled,5,train,apoptosis,72,91,54,37,1.6851851851851851,6,36,DETERMINISTIC SAMPLER REPLAY VERIFIED AGAINST ALL LOGGED CLASS/UID/GROUP COUNTS
6,C,p6_C_cached_natural,p6_C_cached_natural_s17,17,NOT APPLICABLE,joint,1,train,tumor,213,213,213,0,1.0,1,61,DETERMINISTIC SAMPLER REPLAY VERIFIED AGAINST ALL LOGGED CLASS/UID/GROUP COUNTS
6,C,p6_C_cached_natural,p6_C_cached_natural_s17,17,NOT APPLICABLE,joint,1,train,lymphocyte,111,111,111,0,1.0,1,57,DETERMINISTIC SAMPLER REPLAY VERIFIED AGAINST ALL LOGGED CLASS/UID/GROUP COUNTS
6,C,p6_C_cached_natural,p6_C_cached_natural_s17,17,NOT APPLICABLE,joint,1,train,plasma_cell,72,72,72,0,1.0,1,17,DETERMINISTIC SAMPLER REPLAY VERIFIED AGAINST ALL LOGGED CLASS/UID/GROUP COUNTS
6,C,p6_C_cached_natural,p6_C_cached_natural_s17,17,NOT APPLICABLE,joint,1,train,histiocyte,72,72,72,0,1.0,1,37,DETERMINISTIC SAMPLER REPLAY VERIFIED AGAINST ALL LOGGED CLASS/UID/GROUP COUNTS
6,C,p6_C_cached_natural,p6_C_cached_natural_s17,17,NOT APPLICABLE,joint,1,train,melanophage,72,72,72,0,1.0,1,26,DETERMINISTIC SAMPLER REPLAY VERIFIED AGAINST ALL LOGGED CLASS/UID/GROUP COUNTS
6,C,p6_C_cached_natural,p6_C_cached_natural_s17,17,NOT APPLICABLE,joint,1,train,neutrophil,72,72,72,0,1.0,1,8,DETERMINISTIC SAMPLER REPLAY VERIFIED AGAINST ALL LOGGED CLASS/UID/GROUP COUNTS
6,C,p6_C_cached_natural,p6_C_cached_natural_s17,17,NOT APPLICABLE,joint,1,train,stroma,72,72,72,0,1.0,1,50,DETERMINISTIC SAMPLER REPLAY VERIFIED AGAINST ALL LOGGED CLASS/UID/GROUP COUNTS
6,C,p6_C_cached_natural,p6_C_cached_natural_s17,17,NOT APPLICABLE,joint,1,train,epithelium,72,72,72,0,1.0,1,10,DETERMINISTIC SAMPLER REPLAY VERIFIED AGAINST ALL LOGGED CLASS/UID/GROUP COUNTS
6,C,p6_C_cached_natural,p6_C_cached_natural_s17,17,NOT APPLICABLE,joint,1,train,endothelium,72,72,72,0,1.0,1,42,DETERMINISTIC SAMPLER REPLAY VERIFIED AGAINST ALL LOGGED CLASS/UID/GROUP COUNTS
6,C,p6_C_cached_natural,p6_C_cached_natural_s17,17,NOT APPLICABLE,joint,1,train,apoptosis,72,72,72,0,1.0,1,39,DETERMINISTIC SAMPLER REPLAY VERIFIED AGAINST ALL LOGGED CLASS/UID/GROUP COUNTS
6,C,p6_C_cached_natural,p6_C_cached_natural_s17,17,NOT APPLICABLE,joint,2,train,tumor,213,213,213,0,1.0,1,61,DETERMINISTIC SAMPLER REPLAY VERIFIED AGAINST ALL LOGGED CLASS/UID/GROUP COUNTS
6,C,p6_C_cached_natural,p6_C_cached_natural_s17,17,NOT APPLICABLE,joint,2,train,lymphocyte,111,111,111,0,1.0,1,57,DETERMINISTIC SAMPLER REPLAY VERIFIED AGAINST ALL LOGGED CLASS/UID/GROUP COUNTS
6,C,p6_C_cached_natural,p6_C_cached_natural_s17,17,NOT APPLICABLE,joint,2,train,plasma_cell,72,72,72,0,1.0,1,17,DETERMINISTIC SAMPLER REPLAY VERIFIED AGAINST ALL LOGGED CLASS/UID/GROUP COUNTS
6,C,p6_C_cached_natural,p6_C_cached_natural_s17,17,NOT APPLICABLE,joint,2,train,histiocyte,72,72,72,0,1.0,1,37,DETERMINISTIC SAMPLER REPLAY VERIFIED AGAINST ALL LOGGED CLASS/UID/GROUP COUNTS
6,C,p6_C_cached_natural,p6_C_cached_natural_s17,17,NOT APPLICABLE,joint,2,train,melanophage,72,72,72,0,1.0,1,26,DETERMINISTIC SAMPLER REPLAY VERIFIED AGAINST ALL LOGGED CLASS/UID/GROUP COUNTS
6,C,p6_C_cached_natural,p6_C_cached_natural_s17,17,NOT APPLICABLE,joint,2,train,neutrophil,72,72,72,0,1.0,1,8,DETERMINISTIC SAMPLER REPLAY VERIFIED AGAINST ALL LOGGED CLASS/UID/GROUP COUNTS
6,C,p6_C_cached_natural,p6_C_cached_natural_s17,17,NOT APPLICABLE,joint,2,train,stroma,72,72,72,0,1.0,1,50,DETERMINISTIC SAMPLER REPLAY VERIFIED AGAINST ALL LOGGED CLASS/UID/GROUP COUNTS
6,C,p6_C_cached_natural,p6_C_cached_natural_s17,17,NOT APPLICABLE,joint,2,train,epithelium,72,72,72,0,1.0,1,10,DETERMINISTIC SAMPLER REPLAY VERIFIED AGAINST ALL LOGGED CLASS/UID/GROUP COUNTS
6,C,p6_C_cached_natural,p6_C_cached_natural_s17,17,NOT APPLICABLE,joint,2,train,endothelium,72,72,72,0,1.0,1,42,DETERMINISTIC SAMPLER REPLAY VERIFIED AGAINST ALL LOGGED CLASS/UID/GROUP COUNTS
6,C,p6_C_cached_natural,p6_C_cached_natural_s17,17,NOT APPLICABLE,joint,2,train,apoptosis,72,72,72,0,1.0,1,39,DETERMINISTIC SAMPLER REPLAY VERIFIED AGAINST ALL LOGGED CLASS/UID/GROUP COUNTS
6,C,p6_C_cached_natural,p6_C_cached_natural_s17,17,NOT APPLICABLE,joint,3,train,tumor,213,213,213,0,1.0,1,61,DETERMINISTIC SAMPLER REPLAY VERIFIED AGAINST ALL LOGGED CLASS/UID/GROUP COUNTS
6,C,p6_C_cached_natural,p6_C_cached_natural_s17,17,NOT APPLICABLE,joint,3,train,lymphocyte,111,111,111,0,1.0,1,57,DETERMINISTIC SAMPLER REPLAY VERIFIED AGAINST ALL LOGGED CLASS/UID/GROUP COUNTS
6,C,p6_C_cached_natural,p6_C_cached_natural_s17,17,NOT APPLICABLE,joint,3,train,plasma_cell,72,72,72,0,1.0,1,17,DETERMINISTIC SAMPLER REPLAY VERIFIED AGAINST ALL LOGGED CLASS/UID/GROUP COUNTS
6,C,p6_C_cached_natural,p6_C_cached_natural_s17,17,NOT APPLICABLE,joint,3,train,histiocyte,72,72,72,0,1.0,1,37,DETERMINISTIC SAMPLER REPLAY VERIFIED AGAINST ALL LOGGED CLASS/UID/GROUP COUNTS
6,C,p6_C_cached_natural,p6_C_cached_natural_s17,17,NOT APPLICABLE,joint,3,train,melanophage,72,72,72,0,1.0,1,26,DETERMINISTIC SAMPLER REPLAY VERIFIED AGAINST ALL LOGGED CLASS/UID/GROUP COUNTS
6,C,p6_C_cached_natural,p6_C_cached_natural_s17,17,NOT APPLICABLE,joint,3,train,neutrophil,72,72,72,0,1.0,1,8,DETERMINISTIC SAMPLER REPLAY VERIFIED AGAINST ALL LOGGED CLASS/UID/GROUP COUNTS
6,C,p6_C_cached_natural,p6_C_cached_natural_s17,17,NOT APPLICABLE,joint,3,train,stroma,72,72,72,0,1.0,1,50,DETERMINISTIC SAMPLER REPLAY VERIFIED AGAINST ALL LOGGED CLASS/UID/GROUP COUNTS
6,C,p6_C_cached_natural,p6_C_cached_natural_s17,17,NOT APPLICABLE,joint,3,train,epithelium,72,72,72,0,1.0,1,10,DETERMINISTIC SAMPLER REPLAY VERIFIED AGAINST ALL LOGGED CLASS/UID/GROUP COUNTS
6,C,p6_C_cached_natural,p6_C_cached_natural_s17,17,NOT APPLICABLE,joint,3,train,endothelium,72,72,72,0,1.0,1,42,DETERMINISTIC SAMPLER REPLAY VERIFIED AGAINST ALL LOGGED CLASS/UID/GROUP COUNTS
6,C,p6_C_cached_natural,p6_C_cached_natural_s17,17,NOT APPLICABLE,joint,3,train,apoptosis,72,72,72,0,1.0,1,39,DETERMINISTIC SAMPLER REPLAY VERIFIED AGAINST ALL LOGGED CLASS/UID/GROUP COUNTS
6,C,p6_C_cached_natural,p6_C_cached_natural_s17,17,NOT APPLICABLE,joint,4,train,tumor,213,213,213,0,1.0,1,61,DETERMINISTIC SAMPLER REPLAY VERIFIED AGAINST ALL LOGGED CLASS/UID/GROUP COUNTS
6,C,p6_C_cached_natural,p6_C_cached_natural_s17,17,NOT APPLICABLE,joint,4,train,lymphocyte,111,111,111,0,1.0,1,57,DETERMINISTIC SAMPLER REPLAY VERIFIED AGAINST ALL LOGGED CLASS/UID/GROUP COUNTS
6,C,p6_C_cached_natural,p6_C_cached_natural_s17,17,NOT APPLICABLE,joint,4,train,plasma_cell,72,72,72,0,1.0,1,17,DETERMINISTIC SAMPLER REPLAY VERIFIED AGAINST ALL LOGGED CLASS/UID/GROUP COUNTS
6,C,p6_C_cached_natural,p6_C_cached_natural_s17,17,NOT APPLICABLE,joint,4,train,histiocyte,72,72,72,0,1.0,1,37,DETERMINISTIC SAMPLER REPLAY VERIFIED AGAINST ALL LOGGED CLASS/UID/GROUP COUNTS
6,C,p6_C_cached_natural,p6_C_cached_natural_s17,17,NOT APPLICABLE,joint,4,train,melanophage,72,72,72,0,1.0,1,26,DETERMINISTIC SAMPLER REPLAY VERIFIED AGAINST ALL LOGGED CLASS/UID/GROUP COUNTS
6,C,p6_C_cached_natural,p6_C_cached_natural_s17,17,NOT APPLICABLE,joint,4,train,neutrophil,72,72,72,0,1.0,1,8,DETERMINISTIC SAMPLER REPLAY VERIFIED AGAINST ALL LOGGED CLASS/UID/GROUP COUNTS
6,C,p6_C_cached_natural,p6_C_cached_natural_s17,17,NOT APPLICABLE,joint,4,train,stroma,72,72,72,0,1.0,1,50,DETERMINISTIC SAMPLER REPLAY VERIFIED AGAINST ALL LOGGED CLASS/UID/GROUP COUNTS
6,C,p6_C_cached_natural,p6_C_cached_natural_s17,17,NOT APPLICABLE,joint,4,train,epithelium,72,72,72,0,1.0,1,10,DETERMINISTIC SAMPLER REPLAY VERIFIED AGAINST ALL LOGGED CLASS/UID/GROUP COUNTS
6,C,p6_C_cached_natural,p6_C_cached_natural_s17,17,NOT APPLICABLE,joint,4,train,endothelium,72,72,72,0,1.0,1,42,DETERMINISTIC SAMPLER REPLAY VERIFIED AGAINST ALL LOGGED CLASS/UID/GROUP COUNTS
6,C,p6_C_cached_natural,p6_C_cached_natural_s17,17,NOT APPLICABLE,joint,4,train,apoptosis,72,72,72,0,1.0,1,39,DETERMINISTIC SAMPLER REPLAY VERIFIED AGAINST ALL LOGGED CLASS/UID/GROUP COUNTS
6,C,p6_C_cached_natural,p6_C_cached_natural_s17,17,NOT APPLICABLE,joint,5,train,tumor,213,213,213,0,1.0,1,61,DETERMINISTIC SAMPLER REPLAY VERIFIED AGAINST ALL LOGGED CLASS/UID/GROUP COUNTS
6,C,p6_C_cached_natural,p6_C_cached_natural_s17,17,NOT APPLICABLE,joint,5,train,lymphocyte,111,111,111,0,1.0,1,57,DETERMINISTIC SAMPLER REPLAY VERIFIED AGAINST ALL LOGGED CLASS/UID/GROUP COUNTS
6,C,p6_C_cached_natural,p6_C_cached_natural_s17,17,NOT APPLICABLE,joint,5,train,plasma_cell,72,72,72,0,1.0,1,17,DETERMINISTIC SAMPLER REPLAY VERIFIED AGAINST ALL LOGGED CLASS/UID/GROUP COUNTS
6,C,p6_C_cached_natural,p6_C_cached_natural_s17,17,NOT APPLICABLE,joint,5,train,histiocyte,72,72,72,0,1.0,1,37,DETERMINISTIC SAMPLER REPLAY VERIFIED AGAINST ALL LOGGED CLASS/UID/GROUP COUNTS
6,C,p6_C_cached_natural,p6_C_cached_natural_s17,17,NOT APPLICABLE,joint,5,train,melanophage,72,72,72,0,1.0,1,26,DETERMINISTIC SAMPLER REPLAY VERIFIED AGAINST ALL LOGGED CLASS/UID/GROUP COUNTS
6,C,p6_C_cached_natural,p6_C_cached_natural_s17,17,NOT APPLICABLE,joint,5,train,neutrophil,72,72,72,0,1.0,1,8,DETERMINISTIC SAMPLER REPLAY VERIFIED AGAINST ALL LOGGED CLASS/UID/GROUP COUNTS
6,C,p6_C_cached_natural,p6_C_cached_natural_s17,17,NOT APPLICABLE,joint,5,train,stroma,72,72,72,0,1.0,1,50,DETERMINISTIC SAMPLER REPLAY VERIFIED AGAINST ALL LOGGED CLASS/UID/GROUP COUNTS
6,C,p6_C_cached_natural,p6_C_cached_natural_s17,17,NOT APPLICABLE,joint,5,train,epithelium,72,72,72,0,1.0,1,10,DETERMINISTIC SAMPLER REPLAY VERIFIED AGAINST ALL LOGGED CLASS/UID/GROUP COUNTS
6,C,p6_C_cached_natural,p6_C_cached_natural_s17,17,NOT APPLICABLE,joint,5,train,endothelium,72,72,72,0,1.0,1,42,DETERMINISTIC SAMPLER REPLAY VERIFIED AGAINST ALL LOGGED CLASS/UID/GROUP COUNTS
6,C,p6_C_cached_natural,p6_C_cached_natural_s17,17,NOT APPLICABLE,joint,5,train,apoptosis,72,72,72,0,1.0,1,39,DETERMINISTIC SAMPLER REPLAY VERIFIED AGAINST ALL LOGGED CLASS/UID/GROUP COUNTS
6,C,p6_C_cached_natural,p6_C_cached_natural_s17,17,NOT APPLICABLE,joint,6,train,tumor,213,213,213,0,1.0,1,61,DETERMINISTIC SAMPLER REPLAY VERIFIED AGAINST ALL LOGGED CLASS/UID/GROUP COUNTS
6,C,p6_C_cached_natural,p6_C_cached_natural_s17,17,NOT APPLICABLE,joint,6,train,lymphocyte,111,111,111,0,1.0,1,57,DETERMINISTIC SAMPLER REPLAY VERIFIED AGAINST ALL LOGGED CLASS/UID/GROUP COUNTS
6,C,p6_C_cached_natural,p6_C_cached_natural_s17,17,NOT APPLICABLE,joint,6,train,plasma_cell,72,72,72,0,1.0,1,17,DETERMINISTIC SAMPLER REPLAY VERIFIED AGAINST ALL LOGGED CLASS/UID/GROUP COUNTS
6,C,p6_C_cached_natural,p6_C_cached_natural_s17,17,NOT APPLICABLE,joint,6,train,histiocyte,72,72,72,0,1.0,1,37,DETERMINISTIC SAMPLER REPLAY VERIFIED AGAINST ALL LOGGED CLASS/UID/GROUP COUNTS
6,C,p6_C_cached_natural,p6_C_cached_natural_s17,17,NOT APPLICABLE,joint,6,train,melanophage,72,72,72,0,1.0,1,26,DETERMINISTIC SAMPLER REPLAY VERIFIED AGAINST ALL LOGGED CLASS/UID/GROUP COUNTS
6,C,p6_C_cached_natural,p6_C_cached_natural_s17,17,NOT APPLICABLE,joint,6,train,neutrophil,72,72,72,0,1.0,1,8,DETERMINISTIC SAMPLER REPLAY VERIFIED AGAINST ALL LOGGED CLASS/UID/GROUP COUNTS
6,C,p6_C_cached_natural,p6_C_cached_natural_s17,17,NOT APPLICABLE,joint,6,train,stroma,72,72,72,0,1.0,1,50,DETERMINISTIC SAMPLER REPLAY VERIFIED AGAINST ALL LOGGED CLASS/UID/GROUP COUNTS
6,C,p6_C_cached_natural,p6_C_cached_natural_s17,17,NOT APPLICABLE,joint,6,train,epithelium,72,72,72,0,1.0,1,10,DETERMINISTIC SAMPLER REPLAY VERIFIED AGAINST ALL LOGGED CLASS/UID/GROUP COUNTS
6,C,p6_C_cached_natural,p6_C_cached_natural_s17,17,NOT APPLICABLE,joint,6,train,endothelium,72,72,72,0,1.0,1,42,DETERMINISTIC SAMPLER REPLAY VERIFIED AGAINST ALL LOGGED CLASS/UID/GROUP COUNTS
6,C,p6_C_cached_natural,p6_C_cached_natural_s17,17,NOT APPLICABLE,joint,6,train,apoptosis,72,72,72,0,1.0,1,39,DETERMINISTIC SAMPLER REPLAY VERIFIED AGAINST ALL LOGGED CLASS/UID/GROUP COUNTS
6,C,p6_C_cached_natural,p6_C_cached_natural_s17,17,NOT APPLICABLE,joint,7,train,tumor,213,213,213,0,1.0,1,61,DETERMINISTIC SAMPLER REPLAY VERIFIED AGAINST ALL LOGGED CLASS/UID/GROUP COUNTS
6,C,p6_C_cached_natural,p6_C_cached_natural_s17,17,NOT APPLICABLE,joint,7,train,lymphocyte,111,111,111,0,1.0,1,57,DETERMINISTIC SAMPLER REPLAY VERIFIED AGAINST ALL LOGGED CLASS/UID/GROUP COUNTS
6,C,p6_C_cached_natural,p6_C_cached_natural_s17,17,NOT APPLICABLE,joint,7,train,plasma_cell,72,72,72,0,1.0,1,17,DETERMINISTIC SAMPLER REPLAY VERIFIED AGAINST ALL LOGGED CLASS/UID/GROUP COUNTS
6,C,p6_C_cached_natural,p6_C_cached_natural_s17,17,NOT APPLICABLE,joint,7,train,histiocyte,72,72,72,0,1.0,1,37,DETERMINISTIC SAMPLER REPLAY VERIFIED AGAINST ALL LOGGED CLASS/UID/GROUP COUNTS
6,C,p6_C_cached_natural,p6_C_cached_natural_s17,17,NOT APPLICABLE,joint,7,train,melanophage,72,72,72,0,1.0,1,26,DETERMINISTIC SAMPLER REPLAY VERIFIED AGAINST ALL LOGGED CLASS/UID/GROUP COUNTS
6,C,p6_C_cached_natural,p6_C_cached_natural_s17,17,NOT APPLICABLE,joint,7,train,neutrophil,72,72,72,0,1.0,1,8,DETERMINISTIC SAMPLER REPLAY VERIFIED AGAINST ALL LOGGED CLASS/UID/GROUP COUNTS
6,C,p6_C_cached_natural,p6_C_cached_natural_s17,17,NOT APPLICABLE,joint,7,train,stroma,72,72,72,0,1.0,1,50,DETERMINISTIC SAMPLER REPLAY VERIFIED AGAINST ALL LOGGED CLASS/UID/GROUP COUNTS
6,C,p6_C_cached_natural,p6_C_cached_natural_s17,17,NOT APPLICABLE,joint,7,train,epithelium,72,72,72,0,1.0,1,10,DETERMINISTIC SAMPLER REPLAY VERIFIED AGAINST ALL LOGGED CLASS/UID/GROUP COUNTS
6,C,p6_C_cached_natural,p6_C_cached_natural_s17,17,NOT APPLICABLE,joint,7,train,endothelium,72,72,72,0,1.0,1,42,DETERMINISTIC SAMPLER REPLAY VERIFIED AGAINST ALL LOGGED CLASS/UID/GROUP COUNTS
6,C,p6_C_cached_natural,p6_C_cached_natural_s17,17,NOT APPLICABLE,joint,7,train,apoptosis,72,72,72,0,1.0,1,39,DETERMINISTIC SAMPLER REPLAY VERIFIED AGAINST ALL LOGGED CLASS/UID/GROUP COUNTS
6,C,p6_C_cached_natural,p6_C_cached_natural_s17,17,NOT APPLICABLE,joint,8,train,tumor,213,213,213,0,1.0,1,61,DETERMINISTIC SAMPLER REPLAY VERIFIED AGAINST ALL LOGGED CLASS/UID/GROUP COUNTS
6,C,p6_C_cached_natural,p6_C_cached_natural_s17,17,NOT APPLICABLE,joint,8,train,lymphocyte,111,111,111,0,1.0,1,57,DETERMINISTIC SAMPLER REPLAY VERIFIED AGAINST ALL LOGGED CLASS/UID/GROUP COUNTS
6,C,p6_C_cached_natural,p6_C_cached_natural_s17,17,NOT APPLICABLE,joint,8,train,plasma_cell,72,72,72,0,1.0,1,17,DETERMINISTIC SAMPLER REPLAY VERIFIED AGAINST ALL LOGGED CLASS/UID/GROUP COUNTS
6,C,p6_C_cached_natural,p6_C_cached_natural_s17,17,NOT APPLICABLE,joint,8,train,histiocyte,72,72,72,0,1.0,1,37,DETERMINISTIC SAMPLER REPLAY VERIFIED AGAINST ALL LOGGED CLASS/UID/GROUP COUNTS
6,C,p6_C_cached_natural,p6_C_cached_natural_s17,17,NOT APPLICABLE,joint,8,train,melanophage,72,72,72,0,1.0,1,26,DETERMINISTIC SAMPLER REPLAY VERIFIED AGAINST ALL LOGGED CLASS/UID/GROUP COUNTS
6,C,p6_C_cached_natural,p6_C_cached_natural_s17,17,NOT APPLICABLE,joint,8,train,neutrophil,72,72,72,0,1.0,1,8,DETERMINISTIC SAMPLER REPLAY VERIFIED AGAINST ALL LOGGED CLASS/UID/GROUP COUNTS
6,C,p6_C_cached_natural,p6_C_cached_natural_s17,17,NOT APPLICABLE,joint,8,train,stroma,72,72,72,0,1.0,1,50,DETERMINISTIC SAMPLER REPLAY VERIFIED AGAINST ALL LOGGED CLASS/UID/GROUP COUNTS
6,C,p6_C_cached_natural,p6_C_cached_natural_s17,17,NOT APPLICABLE,joint,8,train,epithelium,72,72,72,0,1.0,1,10,DETERMINISTIC SAMPLER REPLAY VERIFIED AGAINST ALL LOGGED CLASS/UID/GROUP COUNTS
6,C,p6_C_cached_natural,p6_C_cached_natural_s17,17,NOT APPLICABLE,joint,8,train,endothelium,72,72,72,0,1.0,1,42,DETERMINISTIC SAMPLER REPLAY VERIFIED AGAINST ALL LOGGED CLASS/UID/GROUP COUNTS
6,C,p6_C_cached_natural,p6_C_cached_natural_s17,17,NOT APPLICABLE,joint,8,train,apoptosis,72,72,72,0,1.0,1,39,DETERMINISTIC SAMPLER REPLAY VERIFIED AGAINST ALL LOGGED CLASS/UID/GROUP COUNTS
6,C,p6_C_cached_natural,p6_C_cached_natural_s17,17,NOT APPLICABLE,joint,9,train,tumor,213,213,213,0,1.0,1,61,DETERMINISTIC SAMPLER REPLAY VERIFIED AGAINST ALL LOGGED CLASS/UID/GROUP COUNTS
6,C,p6_C_cached_natural,p6_C_cached_natural_s17,17,NOT APPLICABLE,joint,9,train,lymphocyte,111,111,111,0,1.0,1,57,DETERMINISTIC SAMPLER REPLAY VERIFIED AGAINST ALL LOGGED CLASS/UID/GROUP COUNTS
6,C,p6_C_cached_natural,p6_C_cached_natural_s17,17,NOT APPLICABLE,joint,9,train,plasma_cell,72,72,72,0,1.0,1,17,DETERMINISTIC SAMPLER REPLAY VERIFIED AGAINST ALL LOGGED CLASS/UID/GROUP COUNTS
6,C,p6_C_cached_natural,p6_C_cached_natural_s17,17,NOT APPLICABLE,joint,9,train,histiocyte,72,72,72,0,1.0,1,37,DETERMINISTIC SAMPLER REPLAY VERIFIED AGAINST ALL LOGGED CLASS/UID/GROUP COUNTS
6,C,p6_C_cached_natural,p6_C_cached_natural_s17,17,NOT APPLICABLE,joint,9,train,melanophage,72,72,72,0,1.0,1,26,DETERMINISTIC SAMPLER REPLAY VERIFIED AGAINST ALL LOGGED CLASS/UID/GROUP COUNTS
6,C,p6_C_cached_natural,p6_C_cached_natural_s17,17,NOT APPLICABLE,joint,9,train,neutrophil,72,72,72,0,1.0,1,8,DETERMINISTIC SAMPLER REPLAY VERIFIED AGAINST ALL LOGGED CLASS/UID/GROUP COUNTS
6,C,p6_C_cached_natural,p6_C_cached_natural_s17,17,NOT APPLICABLE,joint,9,train,stroma,72,72,72,0,1.0,1,50,DETERMINISTIC SAMPLER REPLAY VERIFIED AGAINST ALL LOGGED CLASS/UID/GROUP COUNTS
6,C,p6_C_cached_natural,p6_C_cached_natural_s17,17,NOT APPLICABLE,joint,9,train,epithelium,72,72,72,0,1.0,1,10,DETERMINISTIC SAMPLER REPLAY VERIFIED AGAINST ALL LOGGED CLASS/UID/GROUP COUNTS
6,C,p6_C_cached_natural,p6_C_cached_natural_s17,17,NOT APPLICABLE,joint,9,train,endothelium,72,72,72,0,1.0,1,42,DETERMINISTIC SAMPLER REPLAY VERIFIED AGAINST ALL LOGGED CLASS/UID/GROUP COUNTS
6,C,p6_C_cached_natural,p6_C_cached_natural_s17,17,NOT APPLICABLE,joint,9,train,apoptosis,72,72,72,0,1.0,1,39,DETERMINISTIC SAMPLER REPLAY VERIFIED AGAINST ALL LOGGED CLASS/UID/GROUP COUNTS
6,C,p6_C_cached_natural,p6_C_cached_natural_s17,17,NOT APPLICABLE,joint,10,train,tumor,213,213,213,0,1.0,1,61,DETERMINISTIC SAMPLER REPLAY VERIFIED AGAINST ALL LOGGED CLASS/UID/GROUP COUNTS
6,C,p6_C_cached_natural,p6_C_cached_natural_s17,17,NOT APPLICABLE,joint,10,train,lymphocyte,111,111,111,0,1.0,1,57,DETERMINISTIC SAMPLER REPLAY VERIFIED AGAINST ALL LOGGED CLASS/UID/GROUP COUNTS
6,C,p6_C_cached_natural,p6_C_cached_natural_s17,17,NOT APPLICABLE,joint,10,train,plasma_cell,72,72,72,0,1.0,1,17,DETERMINISTIC SAMPLER REPLAY VERIFIED AGAINST ALL LOGGED CLASS/UID/GROUP COUNTS
6,C,p6_C_cached_natural,p6_C_cached_natural_s17,17,NOT APPLICABLE,joint,10,train,histiocyte,72,72,72,0,1.0,1,37,DETERMINISTIC SAMPLER REPLAY VERIFIED AGAINST ALL LOGGED CLASS/UID/GROUP COUNTS
6,C,p6_C_cached_natural,p6_C_cached_natural_s17,17,NOT APPLICABLE,joint,10,train,melanophage,72,72,72,0,1.0,1,26,DETERMINISTIC SAMPLER REPLAY VERIFIED AGAINST ALL LOGGED CLASS/UID/GROUP COUNTS
6,C,p6_C_cached_natural,p6_C_cached_natural_s17,17,NOT APPLICABLE,joint,10,train,neutrophil,72,72,72,0,1.0,1,8,DETERMINISTIC SAMPLER REPLAY VERIFIED AGAINST ALL LOGGED CLASS/UID/GROUP COUNTS
6,C,p6_C_cached_natural,p6_C_cached_natural_s17,17,NOT APPLICABLE,joint,10,train,stroma,72,72,72,0,1.0,1,50,DETERMINISTIC SAMPLER REPLAY VERIFIED AGAINST ALL LOGGED CLASS/UID/GROUP COUNTS
6,C,p6_C_cached_natural,p6_C_cached_natural_s17,17,NOT APPLICABLE,joint,10,train,epithelium,72,72,72,0,1.0,1,10,DETERMINISTIC SAMPLER REPLAY VERIFIED AGAINST ALL LOGGED CLASS/UID/GROUP COUNTS
6,C,p6_C_cached_natural,p6_C_cached_natural_s17,17,NOT APPLICABLE,joint,10,train,endothelium,72,72,72,0,1.0,1,42,DETERMINISTIC SAMPLER REPLAY VERIFIED AGAINST ALL LOGGED CLASS/UID/GROUP COUNTS
6,C,p6_C_cached_natural,p6_C_cached_natural_s17,17,NOT APPLICABLE,joint,10,train,apoptosis,72,72,72,0,1.0,1,39,DETERMINISTIC SAMPLER REPLAY VERIFIED AGAINST ALL LOGGED CLASS/UID/GROUP COUNTS
6,C,p6_C_cached_natural,p6_C_cached_natural_s29,29,NOT APPLICABLE,joint,1,train,tumor,213,213,213,0,1.0,1,61,DETERMINISTIC SAMPLER REPLAY VERIFIED AGAINST ALL LOGGED CLASS/UID/GROUP COUNTS
6,C,p6_C_cached_natural,p6_C_cached_natural_s29,29,NOT APPLICABLE,joint,1,train,lymphocyte,111,111,111,0,1.0,1,57,DETERMINISTIC SAMPLER REPLAY VERIFIED AGAINST ALL LOGGED CLASS/UID/GROUP COUNTS
6,C,p6_C_cached_natural,p6_C_cached_natural_s29,29,NOT APPLICABLE,joint,1,train,plasma_cell,72,72,72,0,1.0,1,17,DETERMINISTIC SAMPLER REPLAY VERIFIED AGAINST ALL LOGGED CLASS/UID/GROUP COUNTS
6,C,p6_C_cached_natural,p6_C_cached_natural_s29,29,NOT APPLICABLE,joint,1,train,histiocyte,72,72,72,0,1.0,1,37,DETERMINISTIC SAMPLER REPLAY VERIFIED AGAINST ALL LOGGED CLASS/UID/GROUP COUNTS
6,C,p6_C_cached_natural,p6_C_cached_natural_s29,29,NOT APPLICABLE,joint,1,train,melanophage,72,72,72,0,1.0,1,26,DETERMINISTIC SAMPLER REPLAY VERIFIED AGAINST ALL LOGGED CLASS/UID/GROUP COUNTS
6,C,p6_C_cached_natural,p6_C_cached_natural_s29,29,NOT APPLICABLE,joint,1,train,neutrophil,72,72,72,0,1.0,1,8,DETERMINISTIC SAMPLER REPLAY VERIFIED AGAINST ALL LOGGED CLASS/UID/GROUP COUNTS
6,C,p6_C_cached_natural,p6_C_cached_natural_s29,29,NOT APPLICABLE,joint,1,train,stroma,72,72,72,0,1.0,1,50,DETERMINISTIC SAMPLER REPLAY VERIFIED AGAINST ALL LOGGED CLASS/UID/GROUP COUNTS
6,C,p6_C_cached_natural,p6_C_cached_natural_s29,29,NOT APPLICABLE,joint,1,train,epithelium,72,72,72,0,1.0,1,10,DETERMINISTIC SAMPLER REPLAY VERIFIED AGAINST ALL LOGGED CLASS/UID/GROUP COUNTS
6,C,p6_C_cached_natural,p6_C_cached_natural_s29,29,NOT APPLICABLE,joint,1,train,endothelium,72,72,72,0,1.0,1,42,DETERMINISTIC SAMPLER REPLAY VERIFIED AGAINST ALL LOGGED CLASS/UID/GROUP COUNTS
6,C,p6_C_cached_natural,p6_C_cached_natural_s29,29,NOT APPLICABLE,joint,1,train,apoptosis,72,72,72,0,1.0,1,39,DETERMINISTIC SAMPLER REPLAY VERIFIED AGAINST ALL LOGGED CLASS/UID/GROUP COUNTS
6,C,p6_C_cached_natural,p6_C_cached_natural_s29,29,NOT APPLICABLE,joint,2,train,tumor,213,213,213,0,1.0,1,61,DETERMINISTIC SAMPLER REPLAY VERIFIED AGAINST ALL LOGGED CLASS/UID/GROUP COUNTS
6,C,p6_C_cached_natural,p6_C_cached_natural_s29,29,NOT APPLICABLE,joint,2,train,lymphocyte,111,111,111,0,1.0,1,57,DETERMINISTIC SAMPLER REPLAY VERIFIED AGAINST ALL LOGGED CLASS/UID/GROUP COUNTS
6,C,p6_C_cached_natural,p6_C_cached_natural_s29,29,NOT APPLICABLE,joint,2,train,plasma_cell,72,72,72,0,1.0,1,17,DETERMINISTIC SAMPLER REPLAY VERIFIED AGAINST ALL LOGGED CLASS/UID/GROUP COUNTS
6,C,p6_C_cached_natural,p6_C_cached_natural_s29,29,NOT APPLICABLE,joint,2,train,histiocyte,72,72,72,0,1.0,1,37,DETERMINISTIC SAMPLER REPLAY VERIFIED AGAINST ALL LOGGED CLASS/UID/GROUP COUNTS
6,C,p6_C_cached_natural,p6_C_cached_natural_s29,29,NOT APPLICABLE,joint,2,train,melanophage,72,72,72,0,1.0,1,26,DETERMINISTIC SAMPLER REPLAY VERIFIED AGAINST ALL LOGGED CLASS/UID/GROUP COUNTS
6,C,p6_C_cached_natural,p6_C_cached_natural_s29,29,NOT APPLICABLE,joint,2,train,neutrophil,72,72,72,0,1.0,1,8,DETERMINISTIC SAMPLER REPLAY VERIFIED AGAINST ALL LOGGED CLASS/UID/GROUP COUNTS
6,C,p6_C_cached_natural,p6_C_cached_natural_s29,29,NOT APPLICABLE,joint,2,train,stroma,72,72,72,0,1.0,1,50,DETERMINISTIC SAMPLER REPLAY VERIFIED AGAINST ALL LOGGED CLASS/UID/GROUP COUNTS
6,C,p6_C_cached_natural,p6_C_cached_natural_s29,29,NOT APPLICABLE,joint,2,train,epithelium,72,72,72,0,1.0,1,10,DETERMINISTIC SAMPLER REPLAY VERIFIED AGAINST ALL LOGGED CLASS/UID/GROUP COUNTS
6,C,p6_C_cached_natural,p6_C_cached_natural_s29,29,NOT APPLICABLE,joint,2,train,endothelium,72,72,72,0,1.0,1,42,DETERMINISTIC SAMPLER REPLAY VERIFIED AGAINST ALL LOGGED CLASS/UID/GROUP COUNTS
6,C,p6_C_cached_natural,p6_C_cached_natural_s29,29,NOT APPLICABLE,joint,2,train,apoptosis,72,72,72,0,1.0,1,39,DETERMINISTIC SAMPLER REPLAY VERIFIED AGAINST ALL LOGGED CLASS/UID/GROUP COUNTS
6,C,p6_C_cached_natural,p6_C_cached_natural_s29,29,NOT APPLICABLE,joint,3,train,tumor,213,213,213,0,1.0,1,61,DETERMINISTIC SAMPLER REPLAY VERIFIED AGAINST ALL LOGGED CLASS/UID/GROUP COUNTS
6,C,p6_C_cached_natural,p6_C_cached_natural_s29,29,NOT APPLICABLE,joint,3,train,lymphocyte,111,111,111,0,1.0,1,57,DETERMINISTIC SAMPLER REPLAY VERIFIED AGAINST ALL LOGGED CLASS/UID/GROUP COUNTS
6,C,p6_C_cached_natural,p6_C_cached_natural_s29,29,NOT APPLICABLE,joint,3,train,plasma_cell,72,72,72,0,1.0,1,17,DETERMINISTIC SAMPLER REPLAY VERIFIED AGAINST ALL LOGGED CLASS/UID/GROUP COUNTS
6,C,p6_C_cached_natural,p6_C_cached_natural_s29,29,NOT APPLICABLE,joint,3,train,histiocyte,72,72,72,0,1.0,1,37,DETERMINISTIC SAMPLER REPLAY VERIFIED AGAINST ALL LOGGED CLASS/UID/GROUP COUNTS
6,C,p6_C_cached_natural,p6_C_cached_natural_s29,29,NOT APPLICABLE,joint,3,train,melanophage,72,72,72,0,1.0,1,26,DETERMINISTIC SAMPLER REPLAY VERIFIED AGAINST ALL LOGGED CLASS/UID/GROUP COUNTS
6,C,p6_C_cached_natural,p6_C_cached_natural_s29,29,NOT APPLICABLE,joint,3,train,neutrophil,72,72,72,0,1.0,1,8,DETERMINISTIC SAMPLER REPLAY VERIFIED AGAINST ALL LOGGED CLASS/UID/GROUP COUNTS
6,C,p6_C_cached_natural,p6_C_cached_natural_s29,29,NOT APPLICABLE,joint,3,train,stroma,72,72,72,0,1.0,1,50,DETERMINISTIC SAMPLER REPLAY VERIFIED AGAINST ALL LOGGED CLASS/UID/GROUP COUNTS
6,C,p6_C_cached_natural,p6_C_cached_natural_s29,29,NOT APPLICABLE,joint,3,train,epithelium,72,72,72,0,1.0,1,10,DETERMINISTIC SAMPLER REPLAY VERIFIED AGAINST ALL LOGGED CLASS/UID/GROUP COUNTS
6,C,p6_C_cached_natural,p6_C_cached_natural_s29,29,NOT APPLICABLE,joint,3,train,endothelium,72,72,72,0,1.0,1,42,DETERMINISTIC SAMPLER REPLAY VERIFIED AGAINST ALL LOGGED CLASS/UID/GROUP COUNTS
6,C,p6_C_cached_natural,p6_C_cached_natural_s29,29,NOT APPLICABLE,joint,3,train,apoptosis,72,72,72,0,1.0,1,39,DETERMINISTIC SAMPLER REPLAY VERIFIED AGAINST ALL LOGGED CLASS/UID/GROUP COUNTS
6,C,p6_C_cached_natural,p6_C_cached_natural_s29,29,NOT APPLICABLE,joint,4,train,tumor,213,213,213,0,1.0,1,61,DETERMINISTIC SAMPLER REPLAY VERIFIED AGAINST ALL LOGGED CLASS/UID/GROUP COUNTS
6,C,p6_C_cached_natural,p6_C_cached_natural_s29,29,NOT APPLICABLE,joint,4,train,lymphocyte,111,111,111,0,1.0,1,57,DETERMINISTIC SAMPLER REPLAY VERIFIED AGAINST ALL LOGGED CLASS/UID/GROUP COUNTS
6,C,p6_C_cached_natural,p6_C_cached_natural_s29,29,NOT APPLICABLE,joint,4,train,plasma_cell,72,72,72,0,1.0,1,17,DETERMINISTIC SAMPLER REPLAY VERIFIED AGAINST ALL LOGGED CLASS/UID/GROUP COUNTS
6,C,p6_C_cached_natural,p6_C_cached_natural_s29,29,NOT APPLICABLE,joint,4,train,histiocyte,72,72,72,0,1.0,1,37,DETERMINISTIC SAMPLER REPLAY VERIFIED AGAINST ALL LOGGED CLASS/UID/GROUP COUNTS
6,C,p6_C_cached_natural,p6_C_cached_natural_s29,29,NOT APPLICABLE,joint,4,train,melanophage,72,72,72,0,1.0,1,26,DETERMINISTIC SAMPLER REPLAY VERIFIED AGAINST ALL LOGGED CLASS/UID/GROUP COUNTS
6,C,p6_C_cached_natural,p6_C_cached_natural_s29,29,NOT APPLICABLE,joint,4,train,neutrophil,72,72,72,0,1.0,1,8,DETERMINISTIC SAMPLER REPLAY VERIFIED AGAINST ALL LOGGED CLASS/UID/GROUP COUNTS
6,C,p6_C_cached_natural,p6_C_cached_natural_s29,29,NOT APPLICABLE,joint,4,train,stroma,72,72,72,0,1.0,1,50,DETERMINISTIC SAMPLER REPLAY VERIFIED AGAINST ALL LOGGED CLASS/UID/GROUP COUNTS
6,C,p6_C_cached_natural,p6_C_cached_natural_s29,29,NOT APPLICABLE,joint,4,train,epithelium,72,72,72,0,1.0,1,10,DETERMINISTIC SAMPLER REPLAY VERIFIED AGAINST ALL LOGGED CLASS/UID/GROUP COUNTS
6,C,p6_C_cached_natural,p6_C_cached_natural_s29,29,NOT APPLICABLE,joint,4,train,endothelium,72,72,72,0,1.0,1,42,DETERMINISTIC SAMPLER REPLAY VERIFIED AGAINST ALL LOGGED CLASS/UID/GROUP COUNTS
6,C,p6_C_cached_natural,p6_C_cached_natural_s29,29,NOT APPLICABLE,joint,4,train,apoptosis,72,72,72,0,1.0,1,39,DETERMINISTIC SAMPLER REPLAY VERIFIED AGAINST ALL LOGGED CLASS/UID/GROUP COUNTS
6,C,p6_C_cached_natural,p6_C_cached_natural_s29,29,NOT APPLICABLE,joint,5,train,tumor,213,213,213,0,1.0,1,61,DETERMINISTIC SAMPLER REPLAY VERIFIED AGAINST ALL LOGGED CLASS/UID/GROUP COUNTS
6,C,p6_C_cached_natural,p6_C_cached_natural_s29,29,NOT APPLICABLE,joint,5,train,lymphocyte,111,111,111,0,1.0,1,57,DETERMINISTIC SAMPLER REPLAY VERIFIED AGAINST ALL LOGGED CLASS/UID/GROUP COUNTS
6,C,p6_C_cached_natural,p6_C_cached_natural_s29,29,NOT APPLICABLE,joint,5,train,plasma_cell,72,72,72,0,1.0,1,17,DETERMINISTIC SAMPLER REPLAY VERIFIED AGAINST ALL LOGGED CLASS/UID/GROUP COUNTS
6,C,p6_C_cached_natural,p6_C_cached_natural_s29,29,NOT APPLICABLE,joint,5,train,histiocyte,72,72,72,0,1.0,1,37,DETERMINISTIC SAMPLER REPLAY VERIFIED AGAINST ALL LOGGED CLASS/UID/GROUP COUNTS
6,C,p6_C_cached_natural,p6_C_cached_natural_s29,29,NOT APPLICABLE,joint,5,train,melanophage,72,72,72,0,1.0,1,26,DETERMINISTIC SAMPLER REPLAY VERIFIED AGAINST ALL LOGGED CLASS/UID/GROUP COUNTS
6,C,p6_C_cached_natural,p6_C_cached_natural_s29,29,NOT APPLICABLE,joint,5,train,neutrophil,72,72,72,0,1.0,1,8,DETERMINISTIC SAMPLER REPLAY VERIFIED AGAINST ALL LOGGED CLASS/UID/GROUP COUNTS
6,C,p6_C_cached_natural,p6_C_cached_natural_s29,29,NOT APPLICABLE,joint,5,train,stroma,72,72,72,0,1.0,1,50,DETERMINISTIC SAMPLER REPLAY VERIFIED AGAINST ALL LOGGED CLASS/UID/GROUP COUNTS
6,C,p6_C_cached_natural,p6_C_cached_natural_s29,29,NOT APPLICABLE,joint,5,train,epithelium,72,72,72,0,1.0,1,10,DETERMINISTIC SAMPLER REPLAY VERIFIED AGAINST ALL LOGGED CLASS/UID/GROUP COUNTS
6,C,p6_C_cached_natural,p6_C_cached_natural_s29,29,NOT APPLICABLE,joint,5,train,endothelium,72,72,72,0,1.0,1,42,DETERMINISTIC SAMPLER REPLAY VERIFIED AGAINST ALL LOGGED CLASS/UID/GROUP COUNTS
6,C,p6_C_cached_natural,p6_C_cached_natural_s29,29,NOT APPLICABLE,joint,5,train,apoptosis,72,72,72,0,1.0,1,39,DETERMINISTIC SAMPLER REPLAY VERIFIED AGAINST ALL LOGGED CLASS/UID/GROUP COUNTS
6,C,p6_C_cached_natural,p6_C_cached_natural_s29,29,NOT APPLICABLE,joint,6,train,tumor,213,213,213,0,1.0,1,61,DETERMINISTIC SAMPLER REPLAY VERIFIED AGAINST ALL LOGGED CLASS/UID/GROUP COUNTS
6,C,p6_C_cached_natural,p6_C_cached_natural_s29,29,NOT APPLICABLE,joint,6,train,lymphocyte,111,111,111,0,1.0,1,57,DETERMINISTIC SAMPLER REPLAY VERIFIED AGAINST ALL LOGGED CLASS/UID/GROUP COUNTS
6,C,p6_C_cached_natural,p6_C_cached_natural_s29,29,NOT APPLICABLE,joint,6,train,plasma_cell,72,72,72,0,1.0,1,17,DETERMINISTIC SAMPLER REPLAY VERIFIED AGAINST ALL LOGGED CLASS/UID/GROUP COUNTS
6,C,p6_C_cached_natural,p6_C_cached_natural_s29,29,NOT APPLICABLE,joint,6,train,histiocyte,72,72,72,0,1.0,1,37,DETERMINISTIC SAMPLER REPLAY VERIFIED AGAINST ALL LOGGED CLASS/UID/GROUP COUNTS
6,C,p6_C_cached_natural,p6_C_cached_natural_s29,29,NOT APPLICABLE,joint,6,train,melanophage,72,72,72,0,1.0,1,26,DETERMINISTIC SAMPLER REPLAY VERIFIED AGAINST ALL LOGGED CLASS/UID/GROUP COUNTS
6,C,p6_C_cached_natural,p6_C_cached_natural_s29,29,NOT APPLICABLE,joint,6,train,neutrophil,72,72,72,0,1.0,1,8,DETERMINISTIC SAMPLER REPLAY VERIFIED AGAINST ALL LOGGED CLASS/UID/GROUP COUNTS
6,C,p6_C_cached_natural,p6_C_cached_natural_s29,29,NOT APPLICABLE,joint,6,train,stroma,72,72,72,0,1.0,1,50,DETERMINISTIC SAMPLER REPLAY VERIFIED AGAINST ALL LOGGED CLASS/UID/GROUP COUNTS
6,C,p6_C_cached_natural,p6_C_cached_natural_s29,29,NOT APPLICABLE,joint,6,train,epithelium,72,72,72,0,1.0,1,10,DETERMINISTIC SAMPLER REPLAY VERIFIED AGAINST ALL LOGGED CLASS/UID/GROUP COUNTS
6,C,p6_C_cached_natural,p6_C_cached_natural_s29,29,NOT APPLICABLE,joint,6,train,endothelium,72,72,72,0,1.0,1,42,DETERMINISTIC SAMPLER REPLAY VERIFIED AGAINST ALL LOGGED CLASS/UID/GROUP COUNTS
6,C,p6_C_cached_natural,p6_C_cached_natural_s29,29,NOT APPLICABLE,joint,6,train,apoptosis,72,72,72,0,1.0,1,39,DETERMINISTIC SAMPLER REPLAY VERIFIED AGAINST ALL LOGGED CLASS/UID/GROUP COUNTS
6,C,p6_C_cached_natural,p6_C_cached_natural_s29,29,NOT APPLICABLE,joint,7,train,tumor,213,213,213,0,1.0,1,61,DETERMINISTIC SAMPLER REPLAY VERIFIED AGAINST ALL LOGGED CLASS/UID/GROUP COUNTS
6,C,p6_C_cached_natural,p6_C_cached_natural_s29,29,NOT APPLICABLE,joint,7,train,lymphocyte,111,111,111,0,1.0,1,57,DETERMINISTIC SAMPLER REPLAY VERIFIED AGAINST ALL LOGGED CLASS/UID/GROUP COUNTS
6,C,p6_C_cached_natural,p6_C_cached_natural_s29,29,NOT APPLICABLE,joint,7,train,plasma_cell,72,72,72,0,1.0,1,17,DETERMINISTIC SAMPLER REPLAY VERIFIED AGAINST ALL LOGGED CLASS/UID/GROUP COUNTS
6,C,p6_C_cached_natural,p6_C_cached_natural_s29,29,NOT APPLICABLE,joint,7,train,histiocyte,72,72,72,0,1.0,1,37,DETERMINISTIC SAMPLER REPLAY VERIFIED AGAINST ALL LOGGED CLASS/UID/GROUP COUNTS
6,C,p6_C_cached_natural,p6_C_cached_natural_s29,29,NOT APPLICABLE,joint,7,train,melanophage,72,72,72,0,1.0,1,26,DETERMINISTIC SAMPLER REPLAY VERIFIED AGAINST ALL LOGGED CLASS/UID/GROUP COUNTS
6,C,p6_C_cached_natural,p6_C_cached_natural_s29,29,NOT APPLICABLE,joint,7,train,neutrophil,72,72,72,0,1.0,1,8,DETERMINISTIC SAMPLER REPLAY VERIFIED AGAINST ALL LOGGED CLASS/UID/GROUP COUNTS
6,C,p6_C_cached_natural,p6_C_cached_natural_s29,29,NOT APPLICABLE,joint,7,train,stroma,72,72,72,0,1.0,1,50,DETERMINISTIC SAMPLER REPLAY VERIFIED AGAINST ALL LOGGED CLASS/UID/GROUP COUNTS
6,C,p6_C_cached_natural,p6_C_cached_natural_s29,29,NOT APPLICABLE,joint,7,train,epithelium,72,72,72,0,1.0,1,10,DETERMINISTIC SAMPLER REPLAY VERIFIED AGAINST ALL LOGGED CLASS/UID/GROUP COUNTS
6,C,p6_C_cached_natural,p6_C_cached_natural_s29,29,NOT APPLICABLE,joint,7,train,endothelium,72,72,72,0,1.0,1,42,DETERMINISTIC SAMPLER REPLAY VERIFIED AGAINST ALL LOGGED CLASS/UID/GROUP COUNTS
6,C,p6_C_cached_natural,p6_C_cached_natural_s29,29,NOT APPLICABLE,joint,7,train,apoptosis,72,72,72,0,1.0,1,39,DETERMINISTIC SAMPLER REPLAY VERIFIED AGAINST ALL LOGGED CLASS/UID/GROUP COUNTS
6,C,p6_C_cached_natural,p6_C_cached_natural_s29,29,NOT APPLICABLE,joint,8,train,tumor,213,213,213,0,1.0,1,61,DETERMINISTIC SAMPLER REPLAY VERIFIED AGAINST ALL LOGGED CLASS/UID/GROUP COUNTS
6,C,p6_C_cached_natural,p6_C_cached_natural_s29,29,NOT APPLICABLE,joint,8,train,lymphocyte,111,111,111,0,1.0,1,57,DETERMINISTIC SAMPLER REPLAY VERIFIED AGAINST ALL LOGGED CLASS/UID/GROUP COUNTS
6,C,p6_C_cached_natural,p6_C_cached_natural_s29,29,NOT APPLICABLE,joint,8,train,plasma_cell,72,72,72,0,1.0,1,17,DETERMINISTIC SAMPLER REPLAY VERIFIED AGAINST ALL LOGGED CLASS/UID/GROUP COUNTS
6,C,p6_C_cached_natural,p6_C_cached_natural_s29,29,NOT APPLICABLE,joint,8,train,histiocyte,72,72,72,0,1.0,1,37,DETERMINISTIC SAMPLER REPLAY VERIFIED AGAINST ALL LOGGED CLASS/UID/GROUP COUNTS
6,C,p6_C_cached_natural,p6_C_cached_natural_s29,29,NOT APPLICABLE,joint,8,train,melanophage,72,72,72,0,1.0,1,26,DETERMINISTIC SAMPLER REPLAY VERIFIED AGAINST ALL LOGGED CLASS/UID/GROUP COUNTS
6,C,p6_C_cached_natural,p6_C_cached_natural_s29,29,NOT APPLICABLE,joint,8,train,neutrophil,72,72,72,0,1.0,1,8,DETERMINISTIC SAMPLER REPLAY VERIFIED AGAINST ALL LOGGED CLASS/UID/GROUP COUNTS
6,C,p6_C_cached_natural,p6_C_cached_natural_s29,29,NOT APPLICABLE,joint,8,train,stroma,72,72,72,0,1.0,1,50,DETERMINISTIC SAMPLER REPLAY VERIFIED AGAINST ALL LOGGED CLASS/UID/GROUP COUNTS
6,C,p6_C_cached_natural,p6_C_cached_natural_s29,29,NOT APPLICABLE,joint,8,train,epithelium,72,72,72,0,1.0,1,10,DETERMINISTIC SAMPLER REPLAY VERIFIED AGAINST ALL LOGGED CLASS/UID/GROUP COUNTS
6,C,p6_C_cached_natural,p6_C_cached_natural_s29,29,NOT APPLICABLE,joint,8,train,endothelium,72,72,72,0,1.0,1,42,DETERMINISTIC SAMPLER REPLAY VERIFIED AGAINST ALL LOGGED CLASS/UID/GROUP COUNTS
6,C,p6_C_cached_natural,p6_C_cached_natural_s29,29,NOT APPLICABLE,joint,8,train,apoptosis,72,72,72,0,1.0,1,39,DETERMINISTIC SAMPLER REPLAY VERIFIED AGAINST ALL LOGGED CLASS/UID/GROUP COUNTS
6,C,p6_C_cached_natural,p6_C_cached_natural_s29,29,NOT APPLICABLE,joint,9,train,tumor,213,213,213,0,1.0,1,61,DETERMINISTIC SAMPLER REPLAY VERIFIED AGAINST ALL LOGGED CLASS/UID/GROUP COUNTS
6,C,p6_C_cached_natural,p6_C_cached_natural_s29,29,NOT APPLICABLE,joint,9,train,lymphocyte,111,111,111,0,1.0,1,57,DETERMINISTIC SAMPLER REPLAY VERIFIED AGAINST ALL LOGGED CLASS/UID/GROUP COUNTS
6,C,p6_C_cached_natural,p6_C_cached_natural_s29,29,NOT APPLICABLE,joint,9,train,plasma_cell,72,72,72,0,1.0,1,17,DETERMINISTIC SAMPLER REPLAY VERIFIED AGAINST ALL LOGGED CLASS/UID/GROUP COUNTS
6,C,p6_C_cached_natural,p6_C_cached_natural_s29,29,NOT APPLICABLE,joint,9,train,histiocyte,72,72,72,0,1.0,1,37,DETERMINISTIC SAMPLER REPLAY VERIFIED AGAINST ALL LOGGED CLASS/UID/GROUP COUNTS
6,C,p6_C_cached_natural,p6_C_cached_natural_s29,29,NOT APPLICABLE,joint,9,train,melanophage,72,72,72,0,1.0,1,26,DETERMINISTIC SAMPLER REPLAY VERIFIED AGAINST ALL LOGGED CLASS/UID/GROUP COUNTS
6,C,p6_C_cached_natural,p6_C_cached_natural_s29,29,NOT APPLICABLE,joint,9,train,neutrophil,72,72,72,0,1.0,1,8,DETERMINISTIC SAMPLER REPLAY VERIFIED AGAINST ALL LOGGED CLASS/UID/GROUP COUNTS
6,C,p6_C_cached_natural,p6_C_cached_natural_s29,29,NOT APPLICABLE,joint,9,train,stroma,72,72,72,0,1.0,1,50,DETERMINISTIC SAMPLER REPLAY VERIFIED AGAINST ALL LOGGED CLASS/UID/GROUP COUNTS
6,C,p6_C_cached_natural,p6_C_cached_natural_s29,29,NOT APPLICABLE,joint,9,train,epithelium,72,72,72,0,1.0,1,10,DETERMINISTIC SAMPLER REPLAY VERIFIED AGAINST ALL LOGGED CLASS/UID/GROUP COUNTS
6,C,p6_C_cached_natural,p6_C_cached_natural_s29,29,NOT APPLICABLE,joint,9,train,endothelium,72,72,72,0,1.0,1,42,DETERMINISTIC SAMPLER REPLAY VERIFIED AGAINST ALL LOGGED CLASS/UID/GROUP COUNTS
6,C,p6_C_cached_natural,p6_C_cached_natural_s29,29,NOT APPLICABLE,joint,9,train,apoptosis,72,72,72,0,1.0,1,39,DETERMINISTIC SAMPLER REPLAY VERIFIED AGAINST ALL LOGGED CLASS/UID/GROUP COUNTS
6,C,p6_C_cached_natural,p6_C_cached_natural_s29,29,NOT APPLICABLE,joint,10,train,tumor,213,213,213,0,1.0,1,61,DETERMINISTIC SAMPLER REPLAY VERIFIED AGAINST ALL LOGGED CLASS/UID/GROUP COUNTS
6,C,p6_C_cached_natural,p6_C_cached_natural_s29,29,NOT APPLICABLE,joint,10,train,lymphocyte,111,111,111,0,1.0,1,57,DETERMINISTIC SAMPLER REPLAY VERIFIED AGAINST ALL LOGGED CLASS/UID/GROUP COUNTS
6,C,p6_C_cached_natural,p6_C_cached_natural_s29,29,NOT APPLICABLE,joint,10,train,plasma_cell,72,72,72,0,1.0,1,17,DETERMINISTIC SAMPLER REPLAY VERIFIED AGAINST ALL LOGGED CLASS/UID/GROUP COUNTS
6,C,p6_C_cached_natural,p6_C_cached_natural_s29,29,NOT APPLICABLE,joint,10,train,histiocyte,72,72,72,0,1.0,1,37,DETERMINISTIC SAMPLER REPLAY VERIFIED AGAINST ALL LOGGED CLASS/UID/GROUP COUNTS
6,C,p6_C_cached_natural,p6_C_cached_natural_s29,29,NOT APPLICABLE,joint,10,train,melanophage,72,72,72,0,1.0,1,26,DETERMINISTIC SAMPLER REPLAY VERIFIED AGAINST ALL LOGGED CLASS/UID/GROUP COUNTS
6,C,p6_C_cached_natural,p6_C_cached_natural_s29,29,NOT APPLICABLE,joint,10,train,neutrophil,72,72,72,0,1.0,1,8,DETERMINISTIC SAMPLER REPLAY VERIFIED AGAINST ALL LOGGED CLASS/UID/GROUP COUNTS
6,C,p6_C_cached_natural,p6_C_cached_natural_s29,29,NOT APPLICABLE,joint,10,train,stroma,72,72,72,0,1.0,1,50,DETERMINISTIC SAMPLER REPLAY VERIFIED AGAINST ALL LOGGED CLASS/UID/GROUP COUNTS
6,C,p6_C_cached_natural,p6_C_cached_natural_s29,29,NOT APPLICABLE,joint,10,train,epithelium,72,72,72,0,1.0,1,10,DETERMINISTIC SAMPLER REPLAY VERIFIED AGAINST ALL LOGGED CLASS/UID/GROUP COUNTS
6,C,p6_C_cached_natural,p6_C_cached_natural_s29,29,NOT APPLICABLE,joint,10,train,endothelium,72,72,72,0,1.0,1,42,DETERMINISTIC SAMPLER REPLAY VERIFIED AGAINST ALL LOGGED CLASS/UID/GROUP COUNTS
6,C,p6_C_cached_natural,p6_C_cached_natural_s29,29,NOT APPLICABLE,joint,10,train,apoptosis,72,72,72,0,1.0,1,39,DETERMINISTIC SAMPLER REPLAY VERIFIED AGAINST ALL LOGGED CLASS/UID/GROUP COUNTS
6,C,p6_C_cached_natural,p6_C_cached_natural_s43,43,NOT APPLICABLE,joint,1,train,tumor,213,213,213,0,1.0,1,61,DETERMINISTIC SAMPLER REPLAY VERIFIED AGAINST ALL LOGGED CLASS/UID/GROUP COUNTS
6,C,p6_C_cached_natural,p6_C_cached_natural_s43,43,NOT APPLICABLE,joint,1,train,lymphocyte,111,111,111,0,1.0,1,57,DETERMINISTIC SAMPLER REPLAY VERIFIED AGAINST ALL LOGGED CLASS/UID/GROUP COUNTS
6,C,p6_C_cached_natural,p6_C_cached_natural_s43,43,NOT APPLICABLE,joint,1,train,plasma_cell,72,72,72,0,1.0,1,17,DETERMINISTIC SAMPLER REPLAY VERIFIED AGAINST ALL LOGGED CLASS/UID/GROUP COUNTS
6,C,p6_C_cached_natural,p6_C_cached_natural_s43,43,NOT APPLICABLE,joint,1,train,histiocyte,72,72,72,0,1.0,1,37,DETERMINISTIC SAMPLER REPLAY VERIFIED AGAINST ALL LOGGED CLASS/UID/GROUP COUNTS
6,C,p6_C_cached_natural,p6_C_cached_natural_s43,43,NOT APPLICABLE,joint,1,train,melanophage,72,72,72,0,1.0,1,26,DETERMINISTIC SAMPLER REPLAY VERIFIED AGAINST ALL LOGGED CLASS/UID/GROUP COUNTS
6,C,p6_C_cached_natural,p6_C_cached_natural_s43,43,NOT APPLICABLE,joint,1,train,neutrophil,72,72,72,0,1.0,1,8,DETERMINISTIC SAMPLER REPLAY VERIFIED AGAINST ALL LOGGED CLASS/UID/GROUP COUNTS
6,C,p6_C_cached_natural,p6_C_cached_natural_s43,43,NOT APPLICABLE,joint,1,train,stroma,72,72,72,0,1.0,1,50,DETERMINISTIC SAMPLER REPLAY VERIFIED AGAINST ALL LOGGED CLASS/UID/GROUP COUNTS
6,C,p6_C_cached_natural,p6_C_cached_natural_s43,43,NOT APPLICABLE,joint,1,train,epithelium,72,72,72,0,1.0,1,10,DETERMINISTIC SAMPLER REPLAY VERIFIED AGAINST ALL LOGGED CLASS/UID/GROUP COUNTS
6,C,p6_C_cached_natural,p6_C_cached_natural_s43,43,NOT APPLICABLE,joint,1,train,endothelium,72,72,72,0,1.0,1,42,DETERMINISTIC SAMPLER REPLAY VERIFIED AGAINST ALL LOGGED CLASS/UID/GROUP COUNTS
6,C,p6_C_cached_natural,p6_C_cached_natural_s43,43,NOT APPLICABLE,joint,1,train,apoptosis,72,72,72,0,1.0,1,39,DETERMINISTIC SAMPLER REPLAY VERIFIED AGAINST ALL LOGGED CLASS/UID/GROUP COUNTS
6,C,p6_C_cached_natural,p6_C_cached_natural_s43,43,NOT APPLICABLE,joint,2,train,tumor,213,213,213,0,1.0,1,61,DETERMINISTIC SAMPLER REPLAY VERIFIED AGAINST ALL LOGGED CLASS/UID/GROUP COUNTS
6,C,p6_C_cached_natural,p6_C_cached_natural_s43,43,NOT APPLICABLE,joint,2,train,lymphocyte,111,111,111,0,1.0,1,57,DETERMINISTIC SAMPLER REPLAY VERIFIED AGAINST ALL LOGGED CLASS/UID/GROUP COUNTS
6,C,p6_C_cached_natural,p6_C_cached_natural_s43,43,NOT APPLICABLE,joint,2,train,plasma_cell,72,72,72,0,1.0,1,17,DETERMINISTIC SAMPLER REPLAY VERIFIED AGAINST ALL LOGGED CLASS/UID/GROUP COUNTS
6,C,p6_C_cached_natural,p6_C_cached_natural_s43,43,NOT APPLICABLE,joint,2,train,histiocyte,72,72,72,0,1.0,1,37,DETERMINISTIC SAMPLER REPLAY VERIFIED AGAINST ALL LOGGED CLASS/UID/GROUP COUNTS
6,C,p6_C_cached_natural,p6_C_cached_natural_s43,43,NOT APPLICABLE,joint,2,train,melanophage,72,72,72,0,1.0,1,26,DETERMINISTIC SAMPLER REPLAY VERIFIED AGAINST ALL LOGGED CLASS/UID/GROUP COUNTS
6,C,p6_C_cached_natural,p6_C_cached_natural_s43,43,NOT APPLICABLE,joint,2,train,neutrophil,72,72,72,0,1.0,1,8,DETERMINISTIC SAMPLER REPLAY VERIFIED AGAINST ALL LOGGED CLASS/UID/GROUP COUNTS
6,C,p6_C_cached_natural,p6_C_cached_natural_s43,43,NOT APPLICABLE,joint,2,train,stroma,72,72,72,0,1.0,1,50,DETERMINISTIC SAMPLER REPLAY VERIFIED AGAINST ALL LOGGED CLASS/UID/GROUP COUNTS
6,C,p6_C_cached_natural,p6_C_cached_natural_s43,43,NOT APPLICABLE,joint,2,train,epithelium,72,72,72,0,1.0,1,10,DETERMINISTIC SAMPLER REPLAY VERIFIED AGAINST ALL LOGGED CLASS/UID/GROUP COUNTS
6,C,p6_C_cached_natural,p6_C_cached_natural_s43,43,NOT APPLICABLE,joint,2,train,endothelium,72,72,72,0,1.0,1,42,DETERMINISTIC SAMPLER REPLAY VERIFIED AGAINST ALL LOGGED CLASS/UID/GROUP COUNTS
6,C,p6_C_cached_natural,p6_C_cached_natural_s43,43,NOT APPLICABLE,joint,2,train,apoptosis,72,72,72,0,1.0,1,39,DETERMINISTIC SAMPLER REPLAY VERIFIED AGAINST ALL LOGGED CLASS/UID/GROUP COUNTS
6,C,p6_C_cached_natural,p6_C_cached_natural_s43,43,NOT APPLICABLE,joint,3,train,tumor,213,213,213,0,1.0,1,61,DETERMINISTIC SAMPLER REPLAY VERIFIED AGAINST ALL LOGGED CLASS/UID/GROUP COUNTS
6,C,p6_C_cached_natural,p6_C_cached_natural_s43,43,NOT APPLICABLE,joint,3,train,lymphocyte,111,111,111,0,1.0,1,57,DETERMINISTIC SAMPLER REPLAY VERIFIED AGAINST ALL LOGGED CLASS/UID/GROUP COUNTS
6,C,p6_C_cached_natural,p6_C_cached_natural_s43,43,NOT APPLICABLE,joint,3,train,plasma_cell,72,72,72,0,1.0,1,17,DETERMINISTIC SAMPLER REPLAY VERIFIED AGAINST ALL LOGGED CLASS/UID/GROUP COUNTS
6,C,p6_C_cached_natural,p6_C_cached_natural_s43,43,NOT APPLICABLE,joint,3,train,histiocyte,72,72,72,0,1.0,1,37,DETERMINISTIC SAMPLER REPLAY VERIFIED AGAINST ALL LOGGED CLASS/UID/GROUP COUNTS
6,C,p6_C_cached_natural,p6_C_cached_natural_s43,43,NOT APPLICABLE,joint,3,train,melanophage,72,72,72,0,1.0,1,26,DETERMINISTIC SAMPLER REPLAY VERIFIED AGAINST ALL LOGGED CLASS/UID/GROUP COUNTS
6,C,p6_C_cached_natural,p6_C_cached_natural_s43,43,NOT APPLICABLE,joint,3,train,neutrophil,72,72,72,0,1.0,1,8,DETERMINISTIC SAMPLER REPLAY VERIFIED AGAINST ALL LOGGED CLASS/UID/GROUP COUNTS
6,C,p6_C_cached_natural,p6_C_cached_natural_s43,43,NOT APPLICABLE,joint,3,train,stroma,72,72,72,0,1.0,1,50,DETERMINISTIC SAMPLER REPLAY VERIFIED AGAINST ALL LOGGED CLASS/UID/GROUP COUNTS
6,C,p6_C_cached_natural,p6_C_cached_natural_s43,43,NOT APPLICABLE,joint,3,train,epithelium,72,72,72,0,1.0,1,10,DETERMINISTIC SAMPLER REPLAY VERIFIED AGAINST ALL LOGGED CLASS/UID/GROUP COUNTS
6,C,p6_C_cached_natural,p6_C_cached_natural_s43,43,NOT APPLICABLE,joint,3,train,endothelium,72,72,72,0,1.0,1,42,DETERMINISTIC SAMPLER REPLAY VERIFIED AGAINST ALL LOGGED CLASS/UID/GROUP COUNTS
6,C,p6_C_cached_natural,p6_C_cached_natural_s43,43,NOT APPLICABLE,joint,3,train,apoptosis,72,72,72,0,1.0,1,39,DETERMINISTIC SAMPLER REPLAY VERIFIED AGAINST ALL LOGGED CLASS/UID/GROUP COUNTS
6,C,p6_C_cached_natural,p6_C_cached_natural_s43,43,NOT APPLICABLE,joint,4,train,tumor,213,213,213,0,1.0,1,61,DETERMINISTIC SAMPLER REPLAY VERIFIED AGAINST ALL LOGGED CLASS/UID/GROUP COUNTS
6,C,p6_C_cached_natural,p6_C_cached_natural_s43,43,NOT APPLICABLE,joint,4,train,lymphocyte,111,111,111,0,1.0,1,57,DETERMINISTIC SAMPLER REPLAY VERIFIED AGAINST ALL LOGGED CLASS/UID/GROUP COUNTS
6,C,p6_C_cached_natural,p6_C_cached_natural_s43,43,NOT APPLICABLE,joint,4,train,plasma_cell,72,72,72,0,1.0,1,17,DETERMINISTIC SAMPLER REPLAY VERIFIED AGAINST ALL LOGGED CLASS/UID/GROUP COUNTS
6,C,p6_C_cached_natural,p6_C_cached_natural_s43,43,NOT APPLICABLE,joint,4,train,histiocyte,72,72,72,0,1.0,1,37,DETERMINISTIC SAMPLER REPLAY VERIFIED AGAINST ALL LOGGED CLASS/UID/GROUP COUNTS
6,C,p6_C_cached_natural,p6_C_cached_natural_s43,43,NOT APPLICABLE,joint,4,train,melanophage,72,72,72,0,1.0,1,26,DETERMINISTIC SAMPLER REPLAY VERIFIED AGAINST ALL LOGGED CLASS/UID/GROUP COUNTS
6,C,p6_C_cached_natural,p6_C_cached_natural_s43,43,NOT APPLICABLE,joint,4,train,neutrophil,72,72,72,0,1.0,1,8,DETERMINISTIC SAMPLER REPLAY VERIFIED AGAINST ALL LOGGED CLASS/UID/GROUP COUNTS
6,C,p6_C_cached_natural,p6_C_cached_natural_s43,43,NOT APPLICABLE,joint,4,train,stroma,72,72,72,0,1.0,1,50,DETERMINISTIC SAMPLER REPLAY VERIFIED AGAINST ALL LOGGED CLASS/UID/GROUP COUNTS
6,C,p6_C_cached_natural,p6_C_cached_natural_s43,43,NOT APPLICABLE,joint,4,train,epithelium,72,72,72,0,1.0,1,10,DETERMINISTIC SAMPLER REPLAY VERIFIED AGAINST ALL LOGGED CLASS/UID/GROUP COUNTS
6,C,p6_C_cached_natural,p6_C_cached_natural_s43,43,NOT APPLICABLE,joint,4,train,endothelium,72,72,72,0,1.0,1,42,DETERMINISTIC SAMPLER REPLAY VERIFIED AGAINST ALL LOGGED CLASS/UID/GROUP COUNTS
6,C,p6_C_cached_natural,p6_C_cached_natural_s43,43,NOT APPLICABLE,joint,4,train,apoptosis,72,72,72,0,1.0,1,39,DETERMINISTIC SAMPLER REPLAY VERIFIED AGAINST ALL LOGGED CLASS/UID/GROUP COUNTS
6,C,p6_C_cached_natural,p6_C_cached_natural_s43,43,NOT APPLICABLE,joint,5,train,tumor,213,213,213,0,1.0,1,61,DETERMINISTIC SAMPLER REPLAY VERIFIED AGAINST ALL LOGGED CLASS/UID/GROUP COUNTS
6,C,p6_C_cached_natural,p6_C_cached_natural_s43,43,NOT APPLICABLE,joint,5,train,lymphocyte,111,111,111,0,1.0,1,57,DETERMINISTIC SAMPLER REPLAY VERIFIED AGAINST ALL LOGGED CLASS/UID/GROUP COUNTS
6,C,p6_C_cached_natural,p6_C_cached_natural_s43,43,NOT APPLICABLE,joint,5,train,plasma_cell,72,72,72,0,1.0,1,17,DETERMINISTIC SAMPLER REPLAY VERIFIED AGAINST ALL LOGGED CLASS/UID/GROUP COUNTS
6,C,p6_C_cached_natural,p6_C_cached_natural_s43,43,NOT APPLICABLE,joint,5,train,histiocyte,72,72,72,0,1.0,1,37,DETERMINISTIC SAMPLER REPLAY VERIFIED AGAINST ALL LOGGED CLASS/UID/GROUP COUNTS
6,C,p6_C_cached_natural,p6_C_cached_natural_s43,43,NOT APPLICABLE,joint,5,train,melanophage,72,72,72,0,1.0,1,26,DETERMINISTIC SAMPLER REPLAY VERIFIED AGAINST ALL LOGGED CLASS/UID/GROUP COUNTS
6,C,p6_C_cached_natural,p6_C_cached_natural_s43,43,NOT APPLICABLE,joint,5,train,neutrophil,72,72,72,0,1.0,1,8,DETERMINISTIC SAMPLER REPLAY VERIFIED AGAINST ALL LOGGED CLASS/UID/GROUP COUNTS
6,C,p6_C_cached_natural,p6_C_cached_natural_s43,43,NOT APPLICABLE,joint,5,train,stroma,72,72,72,0,1.0,1,50,DETERMINISTIC SAMPLER REPLAY VERIFIED AGAINST ALL LOGGED CLASS/UID/GROUP COUNTS
6,C,p6_C_cached_natural,p6_C_cached_natural_s43,43,NOT APPLICABLE,joint,5,train,epithelium,72,72,72,0,1.0,1,10,DETERMINISTIC SAMPLER REPLAY VERIFIED AGAINST ALL LOGGED CLASS/UID/GROUP COUNTS
6,C,p6_C_cached_natural,p6_C_cached_natural_s43,43,NOT APPLICABLE,joint,5,train,endothelium,72,72,72,0,1.0,1,42,DETERMINISTIC SAMPLER REPLAY VERIFIED AGAINST ALL LOGGED CLASS/UID/GROUP COUNTS
6,C,p6_C_cached_natural,p6_C_cached_natural_s43,43,NOT APPLICABLE,joint,5,train,apoptosis,72,72,72,0,1.0,1,39,DETERMINISTIC SAMPLER REPLAY VERIFIED AGAINST ALL LOGGED CLASS/UID/GROUP COUNTS
6,C,p6_C_cached_natural,p6_C_cached_natural_s43,43,NOT APPLICABLE,joint,6,train,tumor,213,213,213,0,1.0,1,61,DETERMINISTIC SAMPLER REPLAY VERIFIED AGAINST ALL LOGGED CLASS/UID/GROUP COUNTS
6,C,p6_C_cached_natural,p6_C_cached_natural_s43,43,NOT APPLICABLE,joint,6,train,lymphocyte,111,111,111,0,1.0,1,57,DETERMINISTIC SAMPLER REPLAY VERIFIED AGAINST ALL LOGGED CLASS/UID/GROUP COUNTS
6,C,p6_C_cached_natural,p6_C_cached_natural_s43,43,NOT APPLICABLE,joint,6,train,plasma_cell,72,72,72,0,1.0,1,17,DETERMINISTIC SAMPLER REPLAY VERIFIED AGAINST ALL LOGGED CLASS/UID/GROUP COUNTS
6,C,p6_C_cached_natural,p6_C_cached_natural_s43,43,NOT APPLICABLE,joint,6,train,histiocyte,72,72,72,0,1.0,1,37,DETERMINISTIC SAMPLER REPLAY VERIFIED AGAINST ALL LOGGED CLASS/UID/GROUP COUNTS
6,C,p6_C_cached_natural,p6_C_cached_natural_s43,43,NOT APPLICABLE,joint,6,train,melanophage,72,72,72,0,1.0,1,26,DETERMINISTIC SAMPLER REPLAY VERIFIED AGAINST ALL LOGGED CLASS/UID/GROUP COUNTS
6,C,p6_C_cached_natural,p6_C_cached_natural_s43,43,NOT APPLICABLE,joint,6,train,neutrophil,72,72,72,0,1.0,1,8,DETERMINISTIC SAMPLER REPLAY VERIFIED AGAINST ALL LOGGED CLASS/UID/GROUP COUNTS
6,C,p6_C_cached_natural,p6_C_cached_natural_s43,43,NOT APPLICABLE,joint,6,train,stroma,72,72,72,0,1.0,1,50,DETERMINISTIC SAMPLER REPLAY VERIFIED AGAINST ALL LOGGED CLASS/UID/GROUP COUNTS
6,C,p6_C_cached_natural,p6_C_cached_natural_s43,43,NOT APPLICABLE,joint,6,train,epithelium,72,72,72,0,1.0,1,10,DETERMINISTIC SAMPLER REPLAY VERIFIED AGAINST ALL LOGGED CLASS/UID/GROUP COUNTS
6,C,p6_C_cached_natural,p6_C_cached_natural_s43,43,NOT APPLICABLE,joint,6,train,endothelium,72,72,72,0,1.0,1,42,DETERMINISTIC SAMPLER REPLAY VERIFIED AGAINST ALL LOGGED CLASS/UID/GROUP COUNTS
6,C,p6_C_cached_natural,p6_C_cached_natural_s43,43,NOT APPLICABLE,joint,6,train,apoptosis,72,72,72,0,1.0,1,39,DETERMINISTIC SAMPLER REPLAY VERIFIED AGAINST ALL LOGGED CLASS/UID/GROUP COUNTS
6,C,p6_C_cached_natural,p6_C_cached_natural_s43,43,NOT APPLICABLE,joint,7,train,tumor,213,213,213,0,1.0,1,61,DETERMINISTIC SAMPLER REPLAY VERIFIED AGAINST ALL LOGGED CLASS/UID/GROUP COUNTS
6,C,p6_C_cached_natural,p6_C_cached_natural_s43,43,NOT APPLICABLE,joint,7,train,lymphocyte,111,111,111,0,1.0,1,57,DETERMINISTIC SAMPLER REPLAY VERIFIED AGAINST ALL LOGGED CLASS/UID/GROUP COUNTS
6,C,p6_C_cached_natural,p6_C_cached_natural_s43,43,NOT APPLICABLE,joint,7,train,plasma_cell,72,72,72,0,1.0,1,17,DETERMINISTIC SAMPLER REPLAY VERIFIED AGAINST ALL LOGGED CLASS/UID/GROUP COUNTS
6,C,p6_C_cached_natural,p6_C_cached_natural_s43,43,NOT APPLICABLE,joint,7,train,histiocyte,72,72,72,0,1.0,1,37,DETERMINISTIC SAMPLER REPLAY VERIFIED AGAINST ALL LOGGED CLASS/UID/GROUP COUNTS
6,C,p6_C_cached_natural,p6_C_cached_natural_s43,43,NOT APPLICABLE,joint,7,train,melanophage,72,72,72,0,1.0,1,26,DETERMINISTIC SAMPLER REPLAY VERIFIED AGAINST ALL LOGGED CLASS/UID/GROUP COUNTS
6,C,p6_C_cached_natural,p6_C_cached_natural_s43,43,NOT APPLICABLE,joint,7,train,neutrophil,72,72,72,0,1.0,1,8,DETERMINISTIC SAMPLER REPLAY VERIFIED AGAINST ALL LOGGED CLASS/UID/GROUP COUNTS
6,C,p6_C_cached_natural,p6_C_cached_natural_s43,43,NOT APPLICABLE,joint,7,train,stroma,72,72,72,0,1.0,1,50,DETERMINISTIC SAMPLER REPLAY VERIFIED AGAINST ALL LOGGED CLASS/UID/GROUP COUNTS
6,C,p6_C_cached_natural,p6_C_cached_natural_s43,43,NOT APPLICABLE,joint,7,train,epithelium,72,72,72,0,1.0,1,10,DETERMINISTIC SAMPLER REPLAY VERIFIED AGAINST ALL LOGGED CLASS/UID/GROUP COUNTS
6,C,p6_C_cached_natural,p6_C_cached_natural_s43,43,NOT APPLICABLE,joint,7,train,endothelium,72,72,72,0,1.0,1,42,DETERMINISTIC SAMPLER REPLAY VERIFIED AGAINST ALL LOGGED CLASS/UID/GROUP COUNTS
6,C,p6_C_cached_natural,p6_C_cached_natural_s43,43,NOT APPLICABLE,joint,7,train,apoptosis,72,72,72,0,1.0,1,39,DETERMINISTIC SAMPLER REPLAY VERIFIED AGAINST ALL LOGGED CLASS/UID/GROUP COUNTS
6,C,p6_C_cached_natural,p6_C_cached_natural_s43,43,NOT APPLICABLE,joint,8,train,tumor,213,213,213,0,1.0,1,61,DETERMINISTIC SAMPLER REPLAY VERIFIED AGAINST ALL LOGGED CLASS/UID/GROUP COUNTS
6,C,p6_C_cached_natural,p6_C_cached_natural_s43,43,NOT APPLICABLE,joint,8,train,lymphocyte,111,111,111,0,1.0,1,57,DETERMINISTIC SAMPLER REPLAY VERIFIED AGAINST ALL LOGGED CLASS/UID/GROUP COUNTS
6,C,p6_C_cached_natural,p6_C_cached_natural_s43,43,NOT APPLICABLE,joint,8,train,plasma_cell,72,72,72,0,1.0,1,17,DETERMINISTIC SAMPLER REPLAY VERIFIED AGAINST ALL LOGGED CLASS/UID/GROUP COUNTS
6,C,p6_C_cached_natural,p6_C_cached_natural_s43,43,NOT APPLICABLE,joint,8,train,histiocyte,72,72,72,0,1.0,1,37,DETERMINISTIC SAMPLER REPLAY VERIFIED AGAINST ALL LOGGED CLASS/UID/GROUP COUNTS
6,C,p6_C_cached_natural,p6_C_cached_natural_s43,43,NOT APPLICABLE,joint,8,train,melanophage,72,72,72,0,1.0,1,26,DETERMINISTIC SAMPLER REPLAY VERIFIED AGAINST ALL LOGGED CLASS/UID/GROUP COUNTS
6,C,p6_C_cached_natural,p6_C_cached_natural_s43,43,NOT APPLICABLE,joint,8,train,neutrophil,72,72,72,0,1.0,1,8,DETERMINISTIC SAMPLER REPLAY VERIFIED AGAINST ALL LOGGED CLASS/UID/GROUP COUNTS
6,C,p6_C_cached_natural,p6_C_cached_natural_s43,43,NOT APPLICABLE,joint,8,train,stroma,72,72,72,0,1.0,1,50,DETERMINISTIC SAMPLER REPLAY VERIFIED AGAINST ALL LOGGED CLASS/UID/GROUP COUNTS
6,C,p6_C_cached_natural,p6_C_cached_natural_s43,43,NOT APPLICABLE,joint,8,train,epithelium,72,72,72,0,1.0,1,10,DETERMINISTIC SAMPLER REPLAY VERIFIED AGAINST ALL LOGGED CLASS/UID/GROUP COUNTS
6,C,p6_C_cached_natural,p6_C_cached_natural_s43,43,NOT APPLICABLE,joint,8,train,endothelium,72,72,72,0,1.0,1,42,DETERMINISTIC SAMPLER REPLAY VERIFIED AGAINST ALL LOGGED CLASS/UID/GROUP COUNTS
6,C,p6_C_cached_natural,p6_C_cached_natural_s43,43,NOT APPLICABLE,joint,8,train,apoptosis,72,72,72,0,1.0,1,39,DETERMINISTIC SAMPLER REPLAY VERIFIED AGAINST ALL LOGGED CLASS/UID/GROUP COUNTS
6,C,p6_C_cached_natural,p6_C_cached_natural_s43,43,NOT APPLICABLE,joint,9,train,tumor,213,213,213,0,1.0,1,61,DETERMINISTIC SAMPLER REPLAY VERIFIED AGAINST ALL LOGGED CLASS/UID/GROUP COUNTS
6,C,p6_C_cached_natural,p6_C_cached_natural_s43,43,NOT APPLICABLE,joint,9,train,lymphocyte,111,111,111,0,1.0,1,57,DETERMINISTIC SAMPLER REPLAY VERIFIED AGAINST ALL LOGGED CLASS/UID/GROUP COUNTS
6,C,p6_C_cached_natural,p6_C_cached_natural_s43,43,NOT APPLICABLE,joint,9,train,plasma_cell,72,72,72,0,1.0,1,17,DETERMINISTIC SAMPLER REPLAY VERIFIED AGAINST ALL LOGGED CLASS/UID/GROUP COUNTS
6,C,p6_C_cached_natural,p6_C_cached_natural_s43,43,NOT APPLICABLE,joint,9,train,histiocyte,72,72,72,0,1.0,1,37,DETERMINISTIC SAMPLER REPLAY VERIFIED AGAINST ALL LOGGED CLASS/UID/GROUP COUNTS
6,C,p6_C_cached_natural,p6_C_cached_natural_s43,43,NOT APPLICABLE,joint,9,train,melanophage,72,72,72,0,1.0,1,26,DETERMINISTIC SAMPLER REPLAY VERIFIED AGAINST ALL LOGGED CLASS/UID/GROUP COUNTS
6,C,p6_C_cached_natural,p6_C_cached_natural_s43,43,NOT APPLICABLE,joint,9,train,neutrophil,72,72,72,0,1.0,1,8,DETERMINISTIC SAMPLER REPLAY VERIFIED AGAINST ALL LOGGED CLASS/UID/GROUP COUNTS
6,C,p6_C_cached_natural,p6_C_cached_natural_s43,43,NOT APPLICABLE,joint,9,train,stroma,72,72,72,0,1.0,1,50,DETERMINISTIC SAMPLER REPLAY VERIFIED AGAINST ALL LOGGED CLASS/UID/GROUP COUNTS
6,C,p6_C_cached_natural,p6_C_cached_natural_s43,43,NOT APPLICABLE,joint,9,train,epithelium,72,72,72,0,1.0,1,10,DETERMINISTIC SAMPLER REPLAY VERIFIED AGAINST ALL LOGGED CLASS/UID/GROUP COUNTS
6,C,p6_C_cached_natural,p6_C_cached_natural_s43,43,NOT APPLICABLE,joint,9,train,endothelium,72,72,72,0,1.0,1,42,DETERMINISTIC SAMPLER REPLAY VERIFIED AGAINST ALL LOGGED CLASS/UID/GROUP COUNTS
6,C,p6_C_cached_natural,p6_C_cached_natural_s43,43,NOT APPLICABLE,joint,9,train,apoptosis,72,72,72,0,1.0,1,39,DETERMINISTIC SAMPLER REPLAY VERIFIED AGAINST ALL LOGGED CLASS/UID/GROUP COUNTS
6,C,p6_C_cached_natural,p6_C_cached_natural_s43,43,NOT APPLICABLE,joint,10,train,tumor,213,213,213,0,1.0,1,61,DETERMINISTIC SAMPLER REPLAY VERIFIED AGAINST ALL LOGGED CLASS/UID/GROUP COUNTS
6,C,p6_C_cached_natural,p6_C_cached_natural_s43,43,NOT APPLICABLE,joint,10,train,lymphocyte,111,111,111,0,1.0,1,57,DETERMINISTIC SAMPLER REPLAY VERIFIED AGAINST ALL LOGGED CLASS/UID/GROUP COUNTS
6,C,p6_C_cached_natural,p6_C_cached_natural_s43,43,NOT APPLICABLE,joint,10,train,plasma_cell,72,72,72,0,1.0,1,17,DETERMINISTIC SAMPLER REPLAY VERIFIED AGAINST ALL LOGGED CLASS/UID/GROUP COUNTS
6,C,p6_C_cached_natural,p6_C_cached_natural_s43,43,NOT APPLICABLE,joint,10,train,histiocyte,72,72,72,0,1.0,1,37,DETERMINISTIC SAMPLER REPLAY VERIFIED AGAINST ALL LOGGED CLASS/UID/GROUP COUNTS
6,C,p6_C_cached_natural,p6_C_cached_natural_s43,43,NOT APPLICABLE,joint,10,train,melanophage,72,72,72,0,1.0,1,26,DETERMINISTIC SAMPLER REPLAY VERIFIED AGAINST ALL LOGGED CLASS/UID/GROUP COUNTS
6,C,p6_C_cached_natural,p6_C_cached_natural_s43,43,NOT APPLICABLE,joint,10,train,neutrophil,72,72,72,0,1.0,1,8,DETERMINISTIC SAMPLER REPLAY VERIFIED AGAINST ALL LOGGED CLASS/UID/GROUP COUNTS
6,C,p6_C_cached_natural,p6_C_cached_natural_s43,43,NOT APPLICABLE,joint,10,train,stroma,72,72,72,0,1.0,1,50,DETERMINISTIC SAMPLER REPLAY VERIFIED AGAINST ALL LOGGED CLASS/UID/GROUP COUNTS
6,C,p6_C_cached_natural,p6_C_cached_natural_s43,43,NOT APPLICABLE,joint,10,train,epithelium,72,72,72,0,1.0,1,10,DETERMINISTIC SAMPLER REPLAY VERIFIED AGAINST ALL LOGGED CLASS/UID/GROUP COUNTS
6,C,p6_C_cached_natural,p6_C_cached_natural_s43,43,NOT APPLICABLE,joint,10,train,endothelium,72,72,72,0,1.0,1,42,DETERMINISTIC SAMPLER REPLAY VERIFIED AGAINST ALL LOGGED CLASS/UID/GROUP COUNTS
6,C,p6_C_cached_natural,p6_C_cached_natural_s43,43,NOT APPLICABLE,joint,10,train,apoptosis,72,72,72,0,1.0,1,39,DETERMINISTIC SAMPLER REPLAY VERIFIED AGAINST ALL LOGGED CLASS/UID/GROUP COUNTS
6,C,p6_C_cached_tempered,p6_C_cached_tempered_s17,17,NOT APPLICABLE,joint,1,train,tumor,213,136,101,35,1.3465346534653466,4,55,DETERMINISTIC SAMPLER REPLAY VERIFIED AGAINST ALL LOGGED CLASS/UID/GROUP COUNTS
6,C,p6_C_cached_tempered,p6_C_cached_tempered_s17,17,NOT APPLICABLE,joint,1,train,lymphocyte,111,107,72,35,1.4861111111111112,4,51,DETERMINISTIC SAMPLER REPLAY VERIFIED AGAINST ALL LOGGED CLASS/UID/GROUP COUNTS
6,C,p6_C_cached_tempered,p6_C_cached_tempered_s17,17,NOT APPLICABLE,joint,1,train,plasma_cell,72,81,51,30,1.588235294117647,4,16,DETERMINISTIC SAMPLER REPLAY VERIFIED AGAINST ALL LOGGED CLASS/UID/GROUP COUNTS
6,C,p6_C_cached_tempered,p6_C_cached_tempered_s17,17,NOT APPLICABLE,joint,1,train,histiocyte,72,88,51,37,1.7254901960784315,4,32,DETERMINISTIC SAMPLER REPLAY VERIFIED AGAINST ALL LOGGED CLASS/UID/GROUP COUNTS
6,C,p6_C_cached_tempered,p6_C_cached_tempered_s17,17,NOT APPLICABLE,joint,1,train,melanophage,72,82,52,30,1.5769230769230769,4,23,DETERMINISTIC SAMPLER REPLAY VERIFIED AGAINST ALL LOGGED CLASS/UID/GROUP COUNTS
6,C,p6_C_cached_tempered,p6_C_cached_tempered_s17,17,NOT APPLICABLE,joint,1,train,neutrophil,72,63,36,27,1.75,4,6,DETERMINISTIC SAMPLER REPLAY VERIFIED AGAINST ALL LOGGED CLASS/UID/GROUP COUNTS
6,C,p6_C_cached_tempered,p6_C_cached_tempered_s17,17,NOT APPLICABLE,joint,1,train,stroma,72,84,48,36,1.75,6,37,DETERMINISTIC SAMPLER REPLAY VERIFIED AGAINST ALL LOGGED CLASS/UID/GROUP COUNTS
6,C,p6_C_cached_tempered,p6_C_cached_tempered_s17,17,NOT APPLICABLE,joint,1,train,epithelium,72,87,53,34,1.6415094339622642,4,10,DETERMINISTIC SAMPLER REPLAY VERIFIED AGAINST ALL LOGGED CLASS/UID/GROUP COUNTS
6,C,p6_C_cached_tempered,p6_C_cached_tempered_s17,17,NOT APPLICABLE,joint,1,train,endothelium,72,87,52,35,1.6730769230769231,4,36,DETERMINISTIC SAMPLER REPLAY VERIFIED AGAINST ALL LOGGED CLASS/UID/GROUP COUNTS
6,C,p6_C_cached_tempered,p6_C_cached_tempered_s17,17,NOT APPLICABLE,joint,1,train,apoptosis,72,85,51,34,1.6666666666666667,4,33,DETERMINISTIC SAMPLER REPLAY VERIFIED AGAINST ALL LOGGED CLASS/UID/GROUP COUNTS
6,C,p6_C_cached_tempered,p6_C_cached_tempered_s17,17,NOT APPLICABLE,joint,2,train,tumor,213,158,115,43,1.373913043478261,4,58,DETERMINISTIC SAMPLER REPLAY VERIFIED AGAINST ALL LOGGED CLASS/UID/GROUP COUNTS
6,C,p6_C_cached_tempered,p6_C_cached_tempered_s17,17,NOT APPLICABLE,joint,2,train,lymphocyte,111,97,64,33,1.515625,5,45,DETERMINISTIC SAMPLER REPLAY VERIFIED AGAINST ALL LOGGED CLASS/UID/GROUP COUNTS
6,C,p6_C_cached_tempered,p6_C_cached_tempered_s17,17,NOT APPLICABLE,joint,2,train,plasma_cell,72,69,42,27,1.6428571428571428,4,14,DETERMINISTIC SAMPLER REPLAY VERIFIED AGAINST ALL LOGGED CLASS/UID/GROUP COUNTS
6,C,p6_C_cached_tempered,p6_C_cached_tempered_s17,17,NOT APPLICABLE,joint,2,train,histiocyte,72,84,46,38,1.826086956521739,4,32,DETERMINISTIC SAMPLER REPLAY VERIFIED AGAINST ALL LOGGED CLASS/UID/GROUP COUNTS
6,C,p6_C_cached_tempered,p6_C_cached_tempered_s17,17,NOT APPLICABLE,joint,2,train,melanophage,72,77,49,28,1.5714285714285714,6,23,DETERMINISTIC SAMPLER REPLAY VERIFIED AGAINST ALL LOGGED CLASS/UID/GROUP COUNTS
6,C,p6_C_cached_tempered,p6_C_cached_tempered_s17,17,NOT APPLICABLE,joint,2,train,neutrophil,72,88,52,36,1.6923076923076923,3,6,DETERMINISTIC SAMPLER REPLAY VERIFIED AGAINST ALL LOGGED CLASS/UID/GROUP COUNTS
6,C,p6_C_cached_tempered,p6_C_cached_tempered_s17,17,NOT APPLICABLE,joint,2,train,stroma,72,78,50,28,1.56,4,39,DETERMINISTIC SAMPLER REPLAY VERIFIED AGAINST ALL LOGGED CLASS/UID/GROUP COUNTS
6,C,p6_C_cached_tempered,p6_C_cached_tempered_s17,17,NOT APPLICABLE,joint,2,train,epithelium,72,80,48,32,1.6666666666666667,4,10,DETERMINISTIC SAMPLER REPLAY VERIFIED AGAINST ALL LOGGED CLASS/UID/GROUP COUNTS
6,C,p6_C_cached_tempered,p6_C_cached_tempered_s17,17,NOT APPLICABLE,joint,2,train,endothelium,72,95,46,49,2.0652173913043477,7,32,DETERMINISTIC SAMPLER REPLAY VERIFIED AGAINST ALL LOGGED CLASS/UID/GROUP COUNTS
6,C,p6_C_cached_tempered,p6_C_cached_tempered_s17,17,NOT APPLICABLE,joint,2,train,apoptosis,72,74,46,28,1.608695652173913,4,32,DETERMINISTIC SAMPLER REPLAY VERIFIED AGAINST ALL LOGGED CLASS/UID/GROUP COUNTS
6,C,p6_C_cached_tempered,p6_C_cached_tempered_s17,17,NOT APPLICABLE,joint,3,train,tumor,213,153,110,43,1.3909090909090909,5,53,DETERMINISTIC SAMPLER REPLAY VERIFIED AGAINST ALL LOGGED CLASS/UID/GROUP COUNTS
6,C,p6_C_cached_tempered,p6_C_cached_tempered_s17,17,NOT APPLICABLE,joint,3,train,lymphocyte,111,109,71,38,1.5352112676056338,4,49,DETERMINISTIC SAMPLER REPLAY VERIFIED AGAINST ALL LOGGED CLASS/UID/GROUP COUNTS
6,C,p6_C_cached_tempered,p6_C_cached_tempered_s17,17,NOT APPLICABLE,joint,3,train,plasma_cell,72,96,55,41,1.7454545454545454,6,15,DETERMINISTIC SAMPLER REPLAY VERIFIED AGAINST ALL LOGGED CLASS/UID/GROUP COUNTS
6,C,p6_C_cached_tempered,p6_C_cached_tempered_s17,17,NOT APPLICABLE,joint,3,train,histiocyte,72,92,55,37,1.6727272727272726,4,35,DETERMINISTIC SAMPLER REPLAY VERIFIED AGAINST ALL LOGGED CLASS/UID/GROUP COUNTS
6,C,p6_C_cached_tempered,p6_C_cached_tempered_s17,17,NOT APPLICABLE,joint,3,train,melanophage,72,84,53,31,1.5849056603773586,5,24,DETERMINISTIC SAMPLER REPLAY VERIFIED AGAINST ALL LOGGED CLASS/UID/GROUP COUNTS
6,C,p6_C_cached_tempered,p6_C_cached_tempered_s17,17,NOT APPLICABLE,joint,3,train,neutrophil,72,73,45,28,1.6222222222222222,3,7,DETERMINISTIC SAMPLER REPLAY VERIFIED AGAINST ALL LOGGED CLASS/UID/GROUP COUNTS
6,C,p6_C_cached_tempered,p6_C_cached_tempered_s17,17,NOT APPLICABLE,joint,3,train,stroma,72,78,42,36,1.8571428571428572,5,34,DETERMINISTIC SAMPLER REPLAY VERIFIED AGAINST ALL LOGGED CLASS/UID/GROUP COUNTS
6,C,p6_C_cached_tempered,p6_C_cached_tempered_s17,17,NOT APPLICABLE,joint,3,train,epithelium,72,72,46,26,1.565217391304348,3,10,DETERMINISTIC SAMPLER REPLAY VERIFIED AGAINST ALL LOGGED CLASS/UID/GROUP COUNTS
6,C,p6_C_cached_tempered,p6_C_cached_tempered_s17,17,NOT APPLICABLE,joint,3,train,endothelium,72,72,50,22,1.44,5,39,DETERMINISTIC SAMPLER REPLAY VERIFIED AGAINST ALL LOGGED CLASS/UID/GROUP COUNTS
6,C,p6_C_cached_tempered,p6_C_cached_tempered_s17,17,NOT APPLICABLE,joint,3,train,apoptosis,72,71,44,27,1.6136363636363635,4,32,DETERMINISTIC SAMPLER REPLAY VERIFIED AGAINST ALL LOGGED CLASS/UID/GROUP COUNTS
6,C,p6_C_cached_tempered,p6_C_cached_tempered_s17,17,NOT APPLICABLE,joint,4,train,tumor,213,139,105,34,1.3238095238095238,3,56,DETERMINISTIC SAMPLER REPLAY VERIFIED AGAINST ALL LOGGED CLASS/UID/GROUP COUNTS
6,C,p6_C_cached_tempered,p6_C_cached_tempered_s17,17,NOT APPLICABLE,joint,4,train,lymphocyte,111,106,64,42,1.65625,4,48,DETERMINISTIC SAMPLER REPLAY VERIFIED AGAINST ALL LOGGED CLASS/UID/GROUP COUNTS
6,C,p6_C_cached_tempered,p6_C_cached_tempered_s17,17,NOT APPLICABLE,joint,4,train,plasma_cell,72,90,50,40,1.8,4,16,DETERMINISTIC SAMPLER REPLAY VERIFIED AGAINST ALL LOGGED CLASS/UID/GROUP COUNTS
6,C,p6_C_cached_tempered,p6_C_cached_tempered_s17,17,NOT APPLICABLE,joint,4,train,histiocyte,72,67,49,18,1.3673469387755102,3,34,DETERMINISTIC SAMPLER REPLAY VERIFIED AGAINST ALL LOGGED CLASS/UID/GROUP COUNTS
6,C,p6_C_cached_tempered,p6_C_cached_tempered_s17,17,NOT APPLICABLE,joint,4,train,melanophage,72,96,52,44,1.8461538461538463,6,23,DETERMINISTIC SAMPLER REPLAY VERIFIED AGAINST ALL LOGGED CLASS/UID/GROUP COUNTS
6,C,p6_C_cached_tempered,p6_C_cached_tempered_s17,17,NOT APPLICABLE,joint,4,train,neutrophil,72,82,52,30,1.5769230769230769,3,7,DETERMINISTIC SAMPLER REPLAY VERIFIED AGAINST ALL LOGGED CLASS/UID/GROUP COUNTS
6,C,p6_C_cached_tempered,p6_C_cached_tempered_s17,17,NOT APPLICABLE,joint,4,train,stroma,72,82,51,31,1.607843137254902,3,41,DETERMINISTIC SAMPLER REPLAY VERIFIED AGAINST ALL LOGGED CLASS/UID/GROUP COUNTS
6,C,p6_C_cached_tempered,p6_C_cached_tempered_s17,17,NOT APPLICABLE,joint,4,train,epithelium,72,87,55,32,1.5818181818181818,5,10,DETERMINISTIC SAMPLER REPLAY VERIFIED AGAINST ALL LOGGED CLASS/UID/GROUP COUNTS
6,C,p6_C_cached_tempered,p6_C_cached_tempered_s17,17,NOT APPLICABLE,joint,4,train,endothelium,72,71,45,26,1.5777777777777777,4,34,DETERMINISTIC SAMPLER REPLAY VERIFIED AGAINST ALL LOGGED CLASS/UID/GROUP COUNTS
6,C,p6_C_cached_tempered,p6_C_cached_tempered_s17,17,NOT APPLICABLE,joint,4,train,apoptosis,72,80,48,32,1.6666666666666667,4,35,DETERMINISTIC SAMPLER REPLAY VERIFIED AGAINST ALL LOGGED CLASS/UID/GROUP COUNTS
6,C,p6_C_cached_tempered,p6_C_cached_tempered_s17,17,NOT APPLICABLE,joint,5,train,tumor,213,134,101,33,1.3267326732673268,4,56,DETERMINISTIC SAMPLER REPLAY VERIFIED AGAINST ALL LOGGED CLASS/UID/GROUP COUNTS
6,C,p6_C_cached_tempered,p6_C_cached_tempered_s17,17,NOT APPLICABLE,joint,5,train,lymphocyte,111,116,74,42,1.5675675675675675,4,52,DETERMINISTIC SAMPLER REPLAY VERIFIED AGAINST ALL LOGGED CLASS/UID/GROUP COUNTS
6,C,p6_C_cached_tempered,p6_C_cached_tempered_s17,17,NOT APPLICABLE,joint,5,train,plasma_cell,72,91,47,44,1.9361702127659575,5,15,DETERMINISTIC SAMPLER REPLAY VERIFIED AGAINST ALL LOGGED CLASS/UID/GROUP COUNTS
6,C,p6_C_cached_tempered,p6_C_cached_tempered_s17,17,NOT APPLICABLE,joint,5,train,histiocyte,72,84,48,36,1.75,7,30,DETERMINISTIC SAMPLER REPLAY VERIFIED AGAINST ALL LOGGED CLASS/UID/GROUP COUNTS
6,C,p6_C_cached_tempered,p6_C_cached_tempered_s17,17,NOT APPLICABLE,joint,5,train,melanophage,72,63,39,24,1.6153846153846154,4,22,DETERMINISTIC SAMPLER REPLAY VERIFIED AGAINST ALL LOGGED CLASS/UID/GROUP COUNTS
6,C,p6_C_cached_tempered,p6_C_cached_tempered_s17,17,NOT APPLICABLE,joint,5,train,neutrophil,72,82,51,31,1.607843137254902,4,7,DETERMINISTIC SAMPLER REPLAY VERIFIED AGAINST ALL LOGGED CLASS/UID/GROUP COUNTS
6,C,p6_C_cached_tempered,p6_C_cached_tempered_s17,17,NOT APPLICABLE,joint,5,train,stroma,72,68,44,24,1.5454545454545454,3,36,DETERMINISTIC SAMPLER REPLAY VERIFIED AGAINST ALL LOGGED CLASS/UID/GROUP COUNTS
6,C,p6_C_cached_tempered,p6_C_cached_tempered_s17,17,NOT APPLICABLE,joint,5,train,epithelium,72,85,41,44,2.073170731707317,5,10,DETERMINISTIC SAMPLER REPLAY VERIFIED AGAINST ALL LOGGED CLASS/UID/GROUP COUNTS
6,C,p6_C_cached_tempered,p6_C_cached_tempered_s17,17,NOT APPLICABLE,joint,5,train,endothelium,72,97,57,40,1.7017543859649122,5,38,DETERMINISTIC SAMPLER REPLAY VERIFIED AGAINST ALL LOGGED CLASS/UID/GROUP COUNTS
6,C,p6_C_cached_tempered,p6_C_cached_tempered_s17,17,NOT APPLICABLE,joint,5,train,apoptosis,72,80,47,33,1.702127659574468,4,33,DETERMINISTIC SAMPLER REPLAY VERIFIED AGAINST ALL LOGGED CLASS/UID/GROUP COUNTS
6,C,p6_C_cached_tempered,p6_C_cached_tempered_s17,17,NOT APPLICABLE,joint,6,train,tumor,213,144,106,38,1.3584905660377358,4,54,DETERMINISTIC SAMPLER REPLAY VERIFIED AGAINST ALL LOGGED CLASS/UID/GROUP COUNTS
6,C,p6_C_cached_tempered,p6_C_cached_tempered_s17,17,NOT APPLICABLE,joint,6,train,lymphocyte,111,118,73,45,1.6164383561643836,4,51,DETERMINISTIC SAMPLER REPLAY VERIFIED AGAINST ALL LOGGED CLASS/UID/GROUP COUNTS
6,C,p6_C_cached_tempered,p6_C_cached_tempered_s17,17,NOT APPLICABLE,joint,6,train,plasma_cell,72,76,51,25,1.4901960784313726,3,13,DETERMINISTIC SAMPLER REPLAY VERIFIED AGAINST ALL LOGGED CLASS/UID/GROUP COUNTS
6,C,p6_C_cached_tempered,p6_C_cached_tempered_s17,17,NOT APPLICABLE,joint,6,train,histiocyte,72,77,51,26,1.5098039215686274,3,34,DETERMINISTIC SAMPLER REPLAY VERIFIED AGAINST ALL LOGGED CLASS/UID/GROUP COUNTS
6,C,p6_C_cached_tempered,p6_C_cached_tempered_s17,17,NOT APPLICABLE,joint,6,train,melanophage,72,82,52,30,1.5769230769230769,6,24,DETERMINISTIC SAMPLER REPLAY VERIFIED AGAINST ALL LOGGED CLASS/UID/GROUP COUNTS
6,C,p6_C_cached_tempered,p6_C_cached_tempered_s17,17,NOT APPLICABLE,joint,6,train,neutrophil,72,81,48,33,1.6875,4,7,DETERMINISTIC SAMPLER REPLAY VERIFIED AGAINST ALL LOGGED CLASS/UID/GROUP COUNTS
6,C,p6_C_cached_tempered,p6_C_cached_tempered_s17,17,NOT APPLICABLE,joint,6,train,stroma,72,86,55,31,1.5636363636363637,4,44,DETERMINISTIC SAMPLER REPLAY VERIFIED AGAINST ALL LOGGED CLASS/UID/GROUP COUNTS
6,C,p6_C_cached_tempered,p6_C_cached_tempered_s17,17,NOT APPLICABLE,joint,6,train,epithelium,72,76,50,26,1.52,4,10,DETERMINISTIC SAMPLER REPLAY VERIFIED AGAINST ALL LOGGED CLASS/UID/GROUP COUNTS
6,C,p6_C_cached_tempered,p6_C_cached_tempered_s17,17,NOT APPLICABLE,joint,6,train,endothelium,72,85,49,36,1.7346938775510203,4,38,DETERMINISTIC SAMPLER REPLAY VERIFIED AGAINST ALL LOGGED CLASS/UID/GROUP COUNTS
6,C,p6_C_cached_tempered,p6_C_cached_tempered_s17,17,NOT APPLICABLE,joint,6,train,apoptosis,72,75,44,31,1.7045454545454546,4,29,DETERMINISTIC SAMPLER REPLAY VERIFIED AGAINST ALL LOGGED CLASS/UID/GROUP COUNTS
6,C,p6_C_cached_tempered,p6_C_cached_tempered_s17,17,NOT APPLICABLE,joint,7,train,tumor,213,134,100,34,1.34,3,54,DETERMINISTIC SAMPLER REPLAY VERIFIED AGAINST ALL LOGGED CLASS/UID/GROUP COUNTS
6,C,p6_C_cached_tempered,p6_C_cached_tempered_s17,17,NOT APPLICABLE,joint,7,train,lymphocyte,111,96,60,36,1.6,5,46,DETERMINISTIC SAMPLER REPLAY VERIFIED AGAINST ALL LOGGED CLASS/UID/GROUP COUNTS
6,C,p6_C_cached_tempered,p6_C_cached_tempered_s17,17,NOT APPLICABLE,joint,7,train,plasma_cell,72,73,44,29,1.6590909090909092,5,14,DETERMINISTIC SAMPLER REPLAY VERIFIED AGAINST ALL LOGGED CLASS/UID/GROUP COUNTS
6,C,p6_C_cached_tempered,p6_C_cached_tempered_s17,17,NOT APPLICABLE,joint,7,train,histiocyte,72,89,50,39,1.78,4,32,DETERMINISTIC SAMPLER REPLAY VERIFIED AGAINST ALL LOGGED CLASS/UID/GROUP COUNTS
6,C,p6_C_cached_tempered,p6_C_cached_tempered_s17,17,NOT APPLICABLE,joint,7,train,melanophage,72,80,50,30,1.6,4,23,DETERMINISTIC SAMPLER REPLAY VERIFIED AGAINST ALL LOGGED CLASS/UID/GROUP COUNTS
6,C,p6_C_cached_tempered,p6_C_cached_tempered_s17,17,NOT APPLICABLE,joint,7,train,neutrophil,72,92,54,38,1.7037037037037037,5,8,DETERMINISTIC SAMPLER REPLAY VERIFIED AGAINST ALL LOGGED CLASS/UID/GROUP COUNTS
6,C,p6_C_cached_tempered,p6_C_cached_tempered_s17,17,NOT APPLICABLE,joint,7,train,stroma,72,74,46,28,1.608695652173913,4,38,DETERMINISTIC SAMPLER REPLAY VERIFIED AGAINST ALL LOGGED CLASS/UID/GROUP COUNTS
6,C,p6_C_cached_tempered,p6_C_cached_tempered_s17,17,NOT APPLICABLE,joint,7,train,epithelium,72,97,54,43,1.7962962962962963,4,10,DETERMINISTIC SAMPLER REPLAY VERIFIED AGAINST ALL LOGGED CLASS/UID/GROUP COUNTS
6,C,p6_C_cached_tempered,p6_C_cached_tempered_s17,17,NOT APPLICABLE,joint,7,train,endothelium,72,91,56,35,1.625,5,40,DETERMINISTIC SAMPLER REPLAY VERIFIED AGAINST ALL LOGGED CLASS/UID/GROUP COUNTS
6,C,p6_C_cached_tempered,p6_C_cached_tempered_s17,17,NOT APPLICABLE,joint,7,train,apoptosis,72,74,43,31,1.7209302325581395,5,31,DETERMINISTIC SAMPLER REPLAY VERIFIED AGAINST ALL LOGGED CLASS/UID/GROUP COUNTS
6,C,p6_C_cached_tempered,p6_C_cached_tempered_s17,17,NOT APPLICABLE,joint,8,train,tumor,213,157,103,54,1.5242718446601942,4,56,DETERMINISTIC SAMPLER REPLAY VERIFIED AGAINST ALL LOGGED CLASS/UID/GROUP COUNTS
6,C,p6_C_cached_tempered,p6_C_cached_tempered_s17,17,NOT APPLICABLE,joint,8,train,lymphocyte,111,91,64,27,1.421875,3,44,DETERMINISTIC SAMPLER REPLAY VERIFIED AGAINST ALL LOGGED CLASS/UID/GROUP COUNTS
6,C,p6_C_cached_tempered,p6_C_cached_tempered_s17,17,NOT APPLICABLE,joint,8,train,plasma_cell,72,82,50,32,1.64,4,16,DETERMINISTIC SAMPLER REPLAY VERIFIED AGAINST ALL LOGGED CLASS/UID/GROUP COUNTS
6,C,p6_C_cached_tempered,p6_C_cached_tempered_s17,17,NOT APPLICABLE,joint,8,train,histiocyte,72,84,49,35,1.7142857142857142,4,35,DETERMINISTIC SAMPLER REPLAY VERIFIED AGAINST ALL LOGGED CLASS/UID/GROUP COUNTS
6,C,p6_C_cached_tempered,p6_C_cached_tempered_s17,17,NOT APPLICABLE,joint,8,train,melanophage,72,81,44,37,1.8409090909090908,4,23,DETERMINISTIC SAMPLER REPLAY VERIFIED AGAINST ALL LOGGED CLASS/UID/GROUP COUNTS
6,C,p6_C_cached_tempered,p6_C_cached_tempered_s17,17,NOT APPLICABLE,joint,8,train,neutrophil,72,68,47,21,1.446808510638298,3,7,DETERMINISTIC SAMPLER REPLAY VERIFIED AGAINST ALL LOGGED CLASS/UID/GROUP COUNTS
6,C,p6_C_cached_tempered,p6_C_cached_tempered_s17,17,NOT APPLICABLE,joint,8,train,stroma,72,76,46,30,1.6521739130434783,4,39,DETERMINISTIC SAMPLER REPLAY VERIFIED AGAINST ALL LOGGED CLASS/UID/GROUP COUNTS
6,C,p6_C_cached_tempered,p6_C_cached_tempered_s17,17,NOT APPLICABLE,joint,8,train,epithelium,72,90,51,39,1.7647058823529411,4,10,DETERMINISTIC SAMPLER REPLAY VERIFIED AGAINST ALL LOGGED CLASS/UID/GROUP COUNTS
6,C,p6_C_cached_tempered,p6_C_cached_tempered_s17,17,NOT APPLICABLE,joint,8,train,endothelium,72,91,55,36,1.6545454545454545,5,36,DETERMINISTIC SAMPLER REPLAY VERIFIED AGAINST ALL LOGGED CLASS/UID/GROUP COUNTS
6,C,p6_C_cached_tempered,p6_C_cached_tempered_s17,17,NOT APPLICABLE,joint,8,train,apoptosis,72,80,48,32,1.6666666666666667,4,35,DETERMINISTIC SAMPLER REPLAY VERIFIED AGAINST ALL LOGGED CLASS/UID/GROUP COUNTS
6,C,p6_C_cached_tempered,p6_C_cached_tempered_s17,17,NOT APPLICABLE,joint,9,train,tumor,213,140,106,34,1.320754716981132,4,56,DETERMINISTIC SAMPLER REPLAY VERIFIED AGAINST ALL LOGGED CLASS/UID/GROUP COUNTS
6,C,p6_C_cached_tempered,p6_C_cached_tempered_s17,17,NOT APPLICABLE,joint,9,train,lymphocyte,111,101,66,35,1.5303030303030303,3,45,DETERMINISTIC SAMPLER REPLAY VERIFIED AGAINST ALL LOGGED CLASS/UID/GROUP COUNTS
6,C,p6_C_cached_tempered,p6_C_cached_tempered_s17,17,NOT APPLICABLE,joint,9,train,plasma_cell,72,67,39,28,1.7179487179487178,4,13,DETERMINISTIC SAMPLER REPLAY VERIFIED AGAINST ALL LOGGED CLASS/UID/GROUP COUNTS
6,C,p6_C_cached_tempered,p6_C_cached_tempered_s17,17,NOT APPLICABLE,joint,9,train,histiocyte,72,88,49,39,1.7959183673469388,5,33,DETERMINISTIC SAMPLER REPLAY VERIFIED AGAINST ALL LOGGED CLASS/UID/GROUP COUNTS
6,C,p6_C_cached_tempered,p6_C_cached_tempered_s17,17,NOT APPLICABLE,joint,9,train,melanophage,72,74,50,24,1.48,4,24,DETERMINISTIC SAMPLER REPLAY VERIFIED AGAINST ALL LOGGED CLASS/UID/GROUP COUNTS
6,C,p6_C_cached_tempered,p6_C_cached_tempered_s17,17,NOT APPLICABLE,joint,9,train,neutrophil,72,84,51,33,1.6470588235294117,4,8,DETERMINISTIC SAMPLER REPLAY VERIFIED AGAINST ALL LOGGED CLASS/UID/GROUP COUNTS
6,C,p6_C_cached_tempered,p6_C_cached_tempered_s17,17,NOT APPLICABLE,joint,9,train,stroma,72,90,51,39,1.7647058823529411,3,37,DETERMINISTIC SAMPLER REPLAY VERIFIED AGAINST ALL LOGGED CLASS/UID/GROUP COUNTS
6,C,p6_C_cached_tempered,p6_C_cached_tempered_s17,17,NOT APPLICABLE,joint,9,train,epithelium,72,75,42,33,1.7857142857142858,5,10,DETERMINISTIC SAMPLER REPLAY VERIFIED AGAINST ALL LOGGED CLASS/UID/GROUP COUNTS
6,C,p6_C_cached_tempered,p6_C_cached_tempered_s17,17,NOT APPLICABLE,joint,9,train,endothelium,72,99,51,48,1.9411764705882353,5,39,DETERMINISTIC SAMPLER REPLAY VERIFIED AGAINST ALL LOGGED CLASS/UID/GROUP COUNTS
6,C,p6_C_cached_tempered,p6_C_cached_tempered_s17,17,NOT APPLICABLE,joint,9,train,apoptosis,72,82,47,35,1.7446808510638299,4,35,DETERMINISTIC SAMPLER REPLAY VERIFIED AGAINST ALL LOGGED CLASS/UID/GROUP COUNTS
6,C,p6_C_cached_tempered,p6_C_cached_tempered_s17,17,NOT APPLICABLE,joint,10,train,tumor,213,136,95,41,1.431578947368421,4,51,DETERMINISTIC SAMPLER REPLAY VERIFIED AGAINST ALL LOGGED CLASS/UID/GROUP COUNTS
6,C,p6_C_cached_tempered,p6_C_cached_tempered_s17,17,NOT APPLICABLE,joint,10,train,lymphocyte,111,99,64,35,1.546875,5,43,DETERMINISTIC SAMPLER REPLAY VERIFIED AGAINST ALL LOGGED CLASS/UID/GROUP COUNTS
6,C,p6_C_cached_tempered,p6_C_cached_tempered_s17,17,NOT APPLICABLE,joint,10,train,plasma_cell,72,83,49,34,1.6938775510204083,4,16,DETERMINISTIC SAMPLER REPLAY VERIFIED AGAINST ALL LOGGED CLASS/UID/GROUP COUNTS
6,C,p6_C_cached_tempered,p6_C_cached_tempered_s17,17,NOT APPLICABLE,joint,10,train,histiocyte,72,82,50,32,1.64,4,34,DETERMINISTIC SAMPLER REPLAY VERIFIED AGAINST ALL LOGGED CLASS/UID/GROUP COUNTS
6,C,p6_C_cached_tempered,p6_C_cached_tempered_s17,17,NOT APPLICABLE,joint,10,train,melanophage,72,96,57,39,1.6842105263157894,6,26,DETERMINISTIC SAMPLER REPLAY VERIFIED AGAINST ALL LOGGED CLASS/UID/GROUP COUNTS
6,C,p6_C_cached_tempered,p6_C_cached_tempered_s17,17,NOT APPLICABLE,joint,10,train,neutrophil,72,84,49,35,1.7142857142857142,4,7,DETERMINISTIC SAMPLER REPLAY VERIFIED AGAINST ALL LOGGED CLASS/UID/GROUP COUNTS
6,C,p6_C_cached_tempered,p6_C_cached_tempered_s17,17,NOT APPLICABLE,joint,10,train,stroma,72,71,43,28,1.6511627906976745,4,32,DETERMINISTIC SAMPLER REPLAY VERIFIED AGAINST ALL LOGGED CLASS/UID/GROUP COUNTS
6,C,p6_C_cached_tempered,p6_C_cached_tempered_s17,17,NOT APPLICABLE,joint,10,train,epithelium,72,73,48,25,1.5208333333333333,3,10,DETERMINISTIC SAMPLER REPLAY VERIFIED AGAINST ALL LOGGED CLASS/UID/GROUP COUNTS
6,C,p6_C_cached_tempered,p6_C_cached_tempered_s17,17,NOT APPLICABLE,joint,10,train,endothelium,72,83,49,34,1.6938775510204083,4,34,DETERMINISTIC SAMPLER REPLAY VERIFIED AGAINST ALL LOGGED CLASS/UID/GROUP COUNTS
6,C,p6_C_cached_tempered,p6_C_cached_tempered_s17,17,NOT APPLICABLE,joint,10,train,apoptosis,72,93,53,40,1.7547169811320755,5,36,DETERMINISTIC SAMPLER REPLAY VERIFIED AGAINST ALL LOGGED CLASS/UID/GROUP COUNTS
6,C,p6_C_cached_tempered,p6_C_cached_tempered_s29,29,NOT APPLICABLE,joint,1,train,tumor,213,138,100,38,1.38,3,55,DETERMINISTIC SAMPLER REPLAY VERIFIED AGAINST ALL LOGGED CLASS/UID/GROUP COUNTS
6,C,p6_C_cached_tempered,p6_C_cached_tempered_s29,29,NOT APPLICABLE,joint,1,train,lymphocyte,111,102,62,40,1.6451612903225807,4,48,DETERMINISTIC SAMPLER REPLAY VERIFIED AGAINST ALL LOGGED CLASS/UID/GROUP COUNTS
6,C,p6_C_cached_tempered,p6_C_cached_tempered_s29,29,NOT APPLICABLE,joint,1,train,plasma_cell,72,75,48,27,1.5625,3,14,DETERMINISTIC SAMPLER REPLAY VERIFIED AGAINST ALL LOGGED CLASS/UID/GROUP COUNTS
6,C,p6_C_cached_tempered,p6_C_cached_tempered_s29,29,NOT APPLICABLE,joint,1,train,histiocyte,72,91,55,36,1.6545454545454545,4,34,DETERMINISTIC SAMPLER REPLAY VERIFIED AGAINST ALL LOGGED CLASS/UID/GROUP COUNTS
6,C,p6_C_cached_tempered,p6_C_cached_tempered_s29,29,NOT APPLICABLE,joint,1,train,melanophage,72,90,52,38,1.7307692307692308,4,25,DETERMINISTIC SAMPLER REPLAY VERIFIED AGAINST ALL LOGGED CLASS/UID/GROUP COUNTS
6,C,p6_C_cached_tempered,p6_C_cached_tempered_s29,29,NOT APPLICABLE,joint,1,train,neutrophil,72,87,52,35,1.6730769230769231,4,6,DETERMINISTIC SAMPLER REPLAY VERIFIED AGAINST ALL LOGGED CLASS/UID/GROUP COUNTS
6,C,p6_C_cached_tempered,p6_C_cached_tempered_s29,29,NOT APPLICABLE,joint,1,train,stroma,72,97,54,43,1.7962962962962963,4,43,DETERMINISTIC SAMPLER REPLAY VERIFIED AGAINST ALL LOGGED CLASS/UID/GROUP COUNTS
6,C,p6_C_cached_tempered,p6_C_cached_tempered_s29,29,NOT APPLICABLE,joint,1,train,epithelium,72,73,48,25,1.5208333333333333,4,10,DETERMINISTIC SAMPLER REPLAY VERIFIED AGAINST ALL LOGGED CLASS/UID/GROUP COUNTS
6,C,p6_C_cached_tempered,p6_C_cached_tempered_s29,29,NOT APPLICABLE,joint,1,train,endothelium,72,70,43,27,1.627906976744186,5,31,DETERMINISTIC SAMPLER REPLAY VERIFIED AGAINST ALL LOGGED CLASS/UID/GROUP COUNTS
6,C,p6_C_cached_tempered,p6_C_cached_tempered_s29,29,NOT APPLICABLE,joint,1,train,apoptosis,72,77,47,30,1.6382978723404256,4,31,DETERMINISTIC SAMPLER REPLAY VERIFIED AGAINST ALL LOGGED CLASS/UID/GROUP COUNTS
6,C,p6_C_cached_tempered,p6_C_cached_tempered_s29,29,NOT APPLICABLE,joint,2,train,tumor,213,145,109,36,1.3302752293577982,4,56,DETERMINISTIC SAMPLER REPLAY VERIFIED AGAINST ALL LOGGED CLASS/UID/GROUP COUNTS
6,C,p6_C_cached_tempered,p6_C_cached_tempered_s29,29,NOT APPLICABLE,joint,2,train,lymphocyte,111,98,66,32,1.4848484848484849,3,49,DETERMINISTIC SAMPLER REPLAY VERIFIED AGAINST ALL LOGGED CLASS/UID/GROUP COUNTS
6,C,p6_C_cached_tempered,p6_C_cached_tempered_s29,29,NOT APPLICABLE,joint,2,train,plasma_cell,72,98,57,41,1.719298245614035,4,17,DETERMINISTIC SAMPLER REPLAY VERIFIED AGAINST ALL LOGGED CLASS/UID/GROUP COUNTS
6,C,p6_C_cached_tempered,p6_C_cached_tempered_s29,29,NOT APPLICABLE,joint,2,train,histiocyte,72,70,46,24,1.5217391304347827,4,34,DETERMINISTIC SAMPLER REPLAY VERIFIED AGAINST ALL LOGGED CLASS/UID/GROUP COUNTS
6,C,p6_C_cached_tempered,p6_C_cached_tempered_s29,29,NOT APPLICABLE,joint,2,train,melanophage,72,72,45,27,1.6,3,23,DETERMINISTIC SAMPLER REPLAY VERIFIED AGAINST ALL LOGGED CLASS/UID/GROUP COUNTS
6,C,p6_C_cached_tempered,p6_C_cached_tempered_s29,29,NOT APPLICABLE,joint,2,train,neutrophil,72,72,43,29,1.6744186046511629,4,7,DETERMINISTIC SAMPLER REPLAY VERIFIED AGAINST ALL LOGGED CLASS/UID/GROUP COUNTS
6,C,p6_C_cached_tempered,p6_C_cached_tempered_s29,29,NOT APPLICABLE,joint,2,train,stroma,72,76,48,28,1.5833333333333333,4,40,DETERMINISTIC SAMPLER REPLAY VERIFIED AGAINST ALL LOGGED CLASS/UID/GROUP COUNTS
6,C,p6_C_cached_tempered,p6_C_cached_tempered_s29,29,NOT APPLICABLE,joint,2,train,epithelium,72,91,54,37,1.6851851851851851,5,10,DETERMINISTIC SAMPLER REPLAY VERIFIED AGAINST ALL LOGGED CLASS/UID/GROUP COUNTS
6,C,p6_C_cached_tempered,p6_C_cached_tempered_s29,29,NOT APPLICABLE,joint,2,train,endothelium,72,100,52,48,1.9230769230769231,4,35,DETERMINISTIC SAMPLER REPLAY VERIFIED AGAINST ALL LOGGED CLASS/UID/GROUP COUNTS
6,C,p6_C_cached_tempered,p6_C_cached_tempered_s29,29,NOT APPLICABLE,joint,2,train,apoptosis,72,78,46,32,1.6956521739130435,5,34,DETERMINISTIC SAMPLER REPLAY VERIFIED AGAINST ALL LOGGED CLASS/UID/GROUP COUNTS
6,C,p6_C_cached_tempered,p6_C_cached_tempered_s29,29,NOT APPLICABLE,joint,3,train,tumor,213,118,85,33,1.388235294117647,4,49,DETERMINISTIC SAMPLER REPLAY VERIFIED AGAINST ALL LOGGED CLASS/UID/GROUP COUNTS
6,C,p6_C_cached_tempered,p6_C_cached_tempered_s29,29,NOT APPLICABLE,joint,3,train,lymphocyte,111,105,66,39,1.5909090909090908,4,49,DETERMINISTIC SAMPLER REPLAY VERIFIED AGAINST ALL LOGGED CLASS/UID/GROUP COUNTS
6,C,p6_C_cached_tempered,p6_C_cached_tempered_s29,29,NOT APPLICABLE,joint,3,train,plasma_cell,72,90,53,37,1.6981132075471699,4,16,DETERMINISTIC SAMPLER REPLAY VERIFIED AGAINST ALL LOGGED CLASS/UID/GROUP COUNTS
6,C,p6_C_cached_tempered,p6_C_cached_tempered_s29,29,NOT APPLICABLE,joint,3,train,histiocyte,72,75,45,30,1.6666666666666667,4,29,DETERMINISTIC SAMPLER REPLAY VERIFIED AGAINST ALL LOGGED CLASS/UID/GROUP COUNTS
6,C,p6_C_cached_tempered,p6_C_cached_tempered_s29,29,NOT APPLICABLE,joint,3,train,melanophage,72,74,48,26,1.5416666666666667,4,25,DETERMINISTIC SAMPLER REPLAY VERIFIED AGAINST ALL LOGGED CLASS/UID/GROUP COUNTS
6,C,p6_C_cached_tempered,p6_C_cached_tempered_s29,29,NOT APPLICABLE,joint,3,train,neutrophil,72,85,52,33,1.6346153846153846,5,6,DETERMINISTIC SAMPLER REPLAY VERIFIED AGAINST ALL LOGGED CLASS/UID/GROUP COUNTS
6,C,p6_C_cached_tempered,p6_C_cached_tempered_s29,29,NOT APPLICABLE,joint,3,train,stroma,72,85,51,34,1.6666666666666667,4,40,DETERMINISTIC SAMPLER REPLAY VERIFIED AGAINST ALL LOGGED CLASS/UID/GROUP COUNTS
6,C,p6_C_cached_tempered,p6_C_cached_tempered_s29,29,NOT APPLICABLE,joint,3,train,epithelium,72,90,51,39,1.7647058823529411,4,10,DETERMINISTIC SAMPLER REPLAY VERIFIED AGAINST ALL LOGGED CLASS/UID/GROUP COUNTS
6,C,p6_C_cached_tempered,p6_C_cached_tempered_s29,29,NOT APPLICABLE,joint,3,train,endothelium,72,101,49,52,2.061224489795918,5,38,DETERMINISTIC SAMPLER REPLAY VERIFIED AGAINST ALL LOGGED CLASS/UID/GROUP COUNTS
6,C,p6_C_cached_tempered,p6_C_cached_tempered_s29,29,NOT APPLICABLE,joint,3,train,apoptosis,72,77,49,28,1.5714285714285714,4,31,DETERMINISTIC SAMPLER REPLAY VERIFIED AGAINST ALL LOGGED CLASS/UID/GROUP COUNTS
6,C,p6_C_cached_tempered,p6_C_cached_tempered_s29,29,NOT APPLICABLE,joint,4,train,tumor,213,145,106,39,1.3679245283018868,4,54,DETERMINISTIC SAMPLER REPLAY VERIFIED AGAINST ALL LOGGED CLASS/UID/GROUP COUNTS
6,C,p6_C_cached_tempered,p6_C_cached_tempered_s29,29,NOT APPLICABLE,joint,4,train,lymphocyte,111,108,72,36,1.5,3,48,DETERMINISTIC SAMPLER REPLAY VERIFIED AGAINST ALL LOGGED CLASS/UID/GROUP COUNTS
6,C,p6_C_cached_tempered,p6_C_cached_tempered_s29,29,NOT APPLICABLE,joint,4,train,plasma_cell,72,86,48,38,1.7916666666666667,5,15,DETERMINISTIC SAMPLER REPLAY VERIFIED AGAINST ALL LOGGED CLASS/UID/GROUP COUNTS
6,C,p6_C_cached_tempered,p6_C_cached_tempered_s29,29,NOT APPLICABLE,joint,4,train,histiocyte,72,77,48,29,1.6041666666666667,4,31,DETERMINISTIC SAMPLER REPLAY VERIFIED AGAINST ALL LOGGED CLASS/UID/GROUP COUNTS
6,C,p6_C_cached_tempered,p6_C_cached_tempered_s29,29,NOT APPLICABLE,joint,4,train,melanophage,72,91,53,38,1.7169811320754718,5,22,DETERMINISTIC SAMPLER REPLAY VERIFIED AGAINST ALL LOGGED CLASS/UID/GROUP COUNTS
6,C,p6_C_cached_tempered,p6_C_cached_tempered_s29,29,NOT APPLICABLE,joint,4,train,neutrophil,72,78,51,27,1.5294117647058822,3,8,DETERMINISTIC SAMPLER REPLAY VERIFIED AGAINST ALL LOGGED CLASS/UID/GROUP COUNTS
6,C,p6_C_cached_tempered,p6_C_cached_tempered_s29,29,NOT APPLICABLE,joint,4,train,stroma,72,86,51,35,1.6862745098039216,4,37,DETERMINISTIC SAMPLER REPLAY VERIFIED AGAINST ALL LOGGED CLASS/UID/GROUP COUNTS
6,C,p6_C_cached_tempered,p6_C_cached_tempered_s29,29,NOT APPLICABLE,joint,4,train,epithelium,72,88,53,35,1.6603773584905661,4,10,DETERMINISTIC SAMPLER REPLAY VERIFIED AGAINST ALL LOGGED CLASS/UID/GROUP COUNTS
6,C,p6_C_cached_tempered,p6_C_cached_tempered_s29,29,NOT APPLICABLE,joint,4,train,endothelium,72,65,41,24,1.5853658536585367,4,31,DETERMINISTIC SAMPLER REPLAY VERIFIED AGAINST ALL LOGGED CLASS/UID/GROUP COUNTS
6,C,p6_C_cached_tempered,p6_C_cached_tempered_s29,29,NOT APPLICABLE,joint,4,train,apoptosis,72,76,52,24,1.4615384615384615,3,35,DETERMINISTIC SAMPLER REPLAY VERIFIED AGAINST ALL LOGGED CLASS/UID/GROUP COUNTS
6,C,p6_C_cached_tempered,p6_C_cached_tempered_s29,29,NOT APPLICABLE,joint,5,train,tumor,213,132,98,34,1.346938775510204,4,55,DETERMINISTIC SAMPLER REPLAY VERIFIED AGAINST ALL LOGGED CLASS/UID/GROUP COUNTS
6,C,p6_C_cached_tempered,p6_C_cached_tempered_s29,29,NOT APPLICABLE,joint,5,train,lymphocyte,111,101,68,33,1.4852941176470589,4,49,DETERMINISTIC SAMPLER REPLAY VERIFIED AGAINST ALL LOGGED CLASS/UID/GROUP COUNTS
6,C,p6_C_cached_tempered,p6_C_cached_tempered_s29,29,NOT APPLICABLE,joint,5,train,plasma_cell,72,73,50,23,1.46,3,14,DETERMINISTIC SAMPLER REPLAY VERIFIED AGAINST ALL LOGGED CLASS/UID/GROUP COUNTS
6,C,p6_C_cached_tempered,p6_C_cached_tempered_s29,29,NOT APPLICABLE,joint,5,train,histiocyte,72,102,52,50,1.9615384615384615,5,35,DETERMINISTIC SAMPLER REPLAY VERIFIED AGAINST ALL LOGGED CLASS/UID/GROUP COUNTS
6,C,p6_C_cached_tempered,p6_C_cached_tempered_s29,29,NOT APPLICABLE,joint,5,train,melanophage,72,70,45,25,1.5555555555555556,4,20,DETERMINISTIC SAMPLER REPLAY VERIFIED AGAINST ALL LOGGED CLASS/UID/GROUP COUNTS
6,C,p6_C_cached_tempered,p6_C_cached_tempered_s29,29,NOT APPLICABLE,joint,5,train,neutrophil,72,88,49,39,1.7959183673469388,5,8,DETERMINISTIC SAMPLER REPLAY VERIFIED AGAINST ALL LOGGED CLASS/UID/GROUP COUNTS
6,C,p6_C_cached_tempered,p6_C_cached_tempered_s29,29,NOT APPLICABLE,joint,5,train,stroma,72,77,49,28,1.5714285714285714,4,37,DETERMINISTIC SAMPLER REPLAY VERIFIED AGAINST ALL LOGGED CLASS/UID/GROUP COUNTS
6,C,p6_C_cached_tempered,p6_C_cached_tempered_s29,29,NOT APPLICABLE,joint,5,train,epithelium,72,96,52,44,1.8461538461538463,4,10,DETERMINISTIC SAMPLER REPLAY VERIFIED AGAINST ALL LOGGED CLASS/UID/GROUP COUNTS
6,C,p6_C_cached_tempered,p6_C_cached_tempered_s29,29,NOT APPLICABLE,joint,5,train,endothelium,72,71,47,24,1.5106382978723405,4,32,DETERMINISTIC SAMPLER REPLAY VERIFIED AGAINST ALL LOGGED CLASS/UID/GROUP COUNTS
6,C,p6_C_cached_tempered,p6_C_cached_tempered_s29,29,NOT APPLICABLE,joint,5,train,apoptosis,72,90,46,44,1.9565217391304348,5,34,DETERMINISTIC SAMPLER REPLAY VERIFIED AGAINST ALL LOGGED CLASS/UID/GROUP COUNTS
6,C,p6_C_cached_tempered,p6_C_cached_tempered_s29,29,NOT APPLICABLE,joint,6,train,tumor,213,153,107,46,1.4299065420560748,3,53,DETERMINISTIC SAMPLER REPLAY VERIFIED AGAINST ALL LOGGED CLASS/UID/GROUP COUNTS
6,C,p6_C_cached_tempered,p6_C_cached_tempered_s29,29,NOT APPLICABLE,joint,6,train,lymphocyte,111,85,54,31,1.5740740740740742,4,42,DETERMINISTIC SAMPLER REPLAY VERIFIED AGAINST ALL LOGGED CLASS/UID/GROUP COUNTS
6,C,p6_C_cached_tempered,p6_C_cached_tempered_s29,29,NOT APPLICABLE,joint,6,train,plasma_cell,72,75,50,25,1.5,3,14,DETERMINISTIC SAMPLER REPLAY VERIFIED AGAINST ALL LOGGED CLASS/UID/GROUP COUNTS
6,C,p6_C_cached_tempered,p6_C_cached_tempered_s29,29,NOT APPLICABLE,joint,6,train,histiocyte,72,96,56,40,1.7142857142857142,4,34,DETERMINISTIC SAMPLER REPLAY VERIFIED AGAINST ALL LOGGED CLASS/UID/GROUP COUNTS
6,C,p6_C_cached_tempered,p6_C_cached_tempered_s29,29,NOT APPLICABLE,joint,6,train,melanophage,72,84,44,40,1.9090909090909092,5,21,DETERMINISTIC SAMPLER REPLAY VERIFIED AGAINST ALL LOGGED CLASS/UID/GROUP COUNTS
6,C,p6_C_cached_tempered,p6_C_cached_tempered_s29,29,NOT APPLICABLE,joint,6,train,neutrophil,72,94,55,39,1.709090909090909,5,6,DETERMINISTIC SAMPLER REPLAY VERIFIED AGAINST ALL LOGGED CLASS/UID/GROUP COUNTS
6,C,p6_C_cached_tempered,p6_C_cached_tempered_s29,29,NOT APPLICABLE,joint,6,train,stroma,72,66,44,22,1.5,4,36,DETERMINISTIC SAMPLER REPLAY VERIFIED AGAINST ALL LOGGED CLASS/UID/GROUP COUNTS
6,C,p6_C_cached_tempered,p6_C_cached_tempered_s29,29,NOT APPLICABLE,joint,6,train,epithelium,72,97,55,42,1.7636363636363637,4,10,DETERMINISTIC SAMPLER REPLAY VERIFIED AGAINST ALL LOGGED CLASS/UID/GROUP COUNTS
6,C,p6_C_cached_tempered,p6_C_cached_tempered_s29,29,NOT APPLICABLE,joint,6,train,endothelium,72,82,51,31,1.607843137254902,5,38,DETERMINISTIC SAMPLER REPLAY VERIFIED AGAINST ALL LOGGED CLASS/UID/GROUP COUNTS
6,C,p6_C_cached_tempered,p6_C_cached_tempered_s29,29,NOT APPLICABLE,joint,6,train,apoptosis,72,68,41,27,1.6585365853658536,4,31,DETERMINISTIC SAMPLER REPLAY VERIFIED AGAINST ALL LOGGED CLASS/UID/GROUP COUNTS
6,C,p6_C_cached_tempered,p6_C_cached_tempered_s29,29,NOT APPLICABLE,joint,7,train,tumor,213,140,99,41,1.4141414141414141,3,54,DETERMINISTIC SAMPLER REPLAY VERIFIED AGAINST ALL LOGGED CLASS/UID/GROUP COUNTS
6,C,p6_C_cached_tempered,p6_C_cached_tempered_s29,29,NOT APPLICABLE,joint,7,train,lymphocyte,111,93,64,29,1.453125,4,46,DETERMINISTIC SAMPLER REPLAY VERIFIED AGAINST ALL LOGGED CLASS/UID/GROUP COUNTS
6,C,p6_C_cached_tempered,p6_C_cached_tempered_s29,29,NOT APPLICABLE,joint,7,train,plasma_cell,72,70,48,22,1.4583333333333333,3,15,DETERMINISTIC SAMPLER REPLAY VERIFIED AGAINST ALL LOGGED CLASS/UID/GROUP COUNTS
6,C,p6_C_cached_tempered,p6_C_cached_tempered_s29,29,NOT APPLICABLE,joint,7,train,histiocyte,72,70,47,23,1.4893617021276595,4,34,DETERMINISTIC SAMPLER REPLAY VERIFIED AGAINST ALL LOGGED CLASS/UID/GROUP COUNTS
6,C,p6_C_cached_tempered,p6_C_cached_tempered_s29,29,NOT APPLICABLE,joint,7,train,melanophage,72,80,50,30,1.6,4,23,DETERMINISTIC SAMPLER REPLAY VERIFIED AGAINST ALL LOGGED CLASS/UID/GROUP COUNTS
6,C,p6_C_cached_tempered,p6_C_cached_tempered_s29,29,NOT APPLICABLE,joint,7,train,neutrophil,72,87,52,35,1.6730769230769231,5,6,DETERMINISTIC SAMPLER REPLAY VERIFIED AGAINST ALL LOGGED CLASS/UID/GROUP COUNTS
6,C,p6_C_cached_tempered,p6_C_cached_tempered_s29,29,NOT APPLICABLE,joint,7,train,stroma,72,83,52,31,1.5961538461538463,4,40,DETERMINISTIC SAMPLER REPLAY VERIFIED AGAINST ALL LOGGED CLASS/UID/GROUP COUNTS
6,C,p6_C_cached_tempered,p6_C_cached_tempered_s29,29,NOT APPLICABLE,joint,7,train,epithelium,72,91,45,46,2.022222222222222,5,10,DETERMINISTIC SAMPLER REPLAY VERIFIED AGAINST ALL LOGGED CLASS/UID/GROUP COUNTS
6,C,p6_C_cached_tempered,p6_C_cached_tempered_s29,29,NOT APPLICABLE,joint,7,train,endothelium,72,92,49,43,1.8775510204081634,5,36,DETERMINISTIC SAMPLER REPLAY VERIFIED AGAINST ALL LOGGED CLASS/UID/GROUP COUNTS
6,C,p6_C_cached_tempered,p6_C_cached_tempered_s29,29,NOT APPLICABLE,joint,7,train,apoptosis,72,94,54,40,1.7407407407407407,5,36,DETERMINISTIC SAMPLER REPLAY VERIFIED AGAINST ALL LOGGED CLASS/UID/GROUP COUNTS
6,C,p6_C_cached_tempered,p6_C_cached_tempered_s29,29,NOT APPLICABLE,joint,8,train,tumor,213,132,98,34,1.346938775510204,4,54,DETERMINISTIC SAMPLER REPLAY VERIFIED AGAINST ALL LOGGED CLASS/UID/GROUP COUNTS
6,C,p6_C_cached_tempered,p6_C_cached_tempered_s29,29,NOT APPLICABLE,joint,8,train,lymphocyte,111,97,59,38,1.6440677966101696,4,42,DETERMINISTIC SAMPLER REPLAY VERIFIED AGAINST ALL LOGGED CLASS/UID/GROUP COUNTS
6,C,p6_C_cached_tempered,p6_C_cached_tempered_s29,29,NOT APPLICABLE,joint,8,train,plasma_cell,72,86,49,37,1.7551020408163265,4,16,DETERMINISTIC SAMPLER REPLAY VERIFIED AGAINST ALL LOGGED CLASS/UID/GROUP COUNTS
6,C,p6_C_cached_tempered,p6_C_cached_tempered_s29,29,NOT APPLICABLE,joint,8,train,histiocyte,72,95,52,43,1.8269230769230769,5,34,DETERMINISTIC SAMPLER REPLAY VERIFIED AGAINST ALL LOGGED CLASS/UID/GROUP COUNTS
6,C,p6_C_cached_tempered,p6_C_cached_tempered_s29,29,NOT APPLICABLE,joint,8,train,melanophage,72,89,51,38,1.7450980392156863,4,25,DETERMINISTIC SAMPLER REPLAY VERIFIED AGAINST ALL LOGGED CLASS/UID/GROUP COUNTS
6,C,p6_C_cached_tempered,p6_C_cached_tempered_s29,29,NOT APPLICABLE,joint,8,train,neutrophil,72,68,43,25,1.5813953488372092,5,7,DETERMINISTIC SAMPLER REPLAY VERIFIED AGAINST ALL LOGGED CLASS/UID/GROUP COUNTS
6,C,p6_C_cached_tempered,p6_C_cached_tempered_s29,29,NOT APPLICABLE,joint,8,train,stroma,72,74,46,28,1.608695652173913,4,34,DETERMINISTIC SAMPLER REPLAY VERIFIED AGAINST ALL LOGGED CLASS/UID/GROUP COUNTS
6,C,p6_C_cached_tempered,p6_C_cached_tempered_s29,29,NOT APPLICABLE,joint,8,train,epithelium,72,89,47,42,1.8936170212765957,4,10,DETERMINISTIC SAMPLER REPLAY VERIFIED AGAINST ALL LOGGED CLASS/UID/GROUP COUNTS
6,C,p6_C_cached_tempered,p6_C_cached_tempered_s29,29,NOT APPLICABLE,joint,8,train,endothelium,72,96,49,47,1.9591836734693877,6,36,DETERMINISTIC SAMPLER REPLAY VERIFIED AGAINST ALL LOGGED CLASS/UID/GROUP COUNTS
6,C,p6_C_cached_tempered,p6_C_cached_tempered_s29,29,NOT APPLICABLE,joint,8,train,apoptosis,72,74,47,27,1.574468085106383,4,34,DETERMINISTIC SAMPLER REPLAY VERIFIED AGAINST ALL LOGGED CLASS/UID/GROUP COUNTS
6,C,p6_C_cached_tempered,p6_C_cached_tempered_s29,29,NOT APPLICABLE,joint,9,train,tumor,213,137,102,35,1.3431372549019607,4,54,DETERMINISTIC SAMPLER REPLAY VERIFIED AGAINST ALL LOGGED CLASS/UID/GROUP COUNTS
6,C,p6_C_cached_tempered,p6_C_cached_tempered_s29,29,NOT APPLICABLE,joint,9,train,lymphocyte,111,105,74,31,1.4189189189189189,4,50,DETERMINISTIC SAMPLER REPLAY VERIFIED AGAINST ALL LOGGED CLASS/UID/GROUP COUNTS
6,C,p6_C_cached_tempered,p6_C_cached_tempered_s29,29,NOT APPLICABLE,joint,9,train,plasma_cell,72,104,54,50,1.9259259259259258,5,13,DETERMINISTIC SAMPLER REPLAY VERIFIED AGAINST ALL LOGGED CLASS/UID/GROUP COUNTS
6,C,p6_C_cached_tempered,p6_C_cached_tempered_s29,29,NOT APPLICABLE,joint,9,train,histiocyte,72,100,57,43,1.7543859649122806,6,36,DETERMINISTIC SAMPLER REPLAY VERIFIED AGAINST ALL LOGGED CLASS/UID/GROUP COUNTS
6,C,p6_C_cached_tempered,p6_C_cached_tempered_s29,29,NOT APPLICABLE,joint,9,train,melanophage,72,83,50,33,1.66,5,23,DETERMINISTIC SAMPLER REPLAY VERIFIED AGAINST ALL LOGGED CLASS/UID/GROUP COUNTS
6,C,p6_C_cached_tempered,p6_C_cached_tempered_s29,29,NOT APPLICABLE,joint,9,train,neutrophil,72,79,50,29,1.58,3,8,DETERMINISTIC SAMPLER REPLAY VERIFIED AGAINST ALL LOGGED CLASS/UID/GROUP COUNTS
6,C,p6_C_cached_tempered,p6_C_cached_tempered_s29,29,NOT APPLICABLE,joint,9,train,stroma,72,79,51,28,1.5490196078431373,4,42,DETERMINISTIC SAMPLER REPLAY VERIFIED AGAINST ALL LOGGED CLASS/UID/GROUP COUNTS
6,C,p6_C_cached_tempered,p6_C_cached_tempered_s29,29,NOT APPLICABLE,joint,9,train,epithelium,72,78,49,29,1.5918367346938775,5,10,DETERMINISTIC SAMPLER REPLAY VERIFIED AGAINST ALL LOGGED CLASS/UID/GROUP COUNTS
6,C,p6_C_cached_tempered,p6_C_cached_tempered_s29,29,NOT APPLICABLE,joint,9,train,endothelium,72,69,44,25,1.5681818181818181,4,32,DETERMINISTIC SAMPLER REPLAY VERIFIED AGAINST ALL LOGGED CLASS/UID/GROUP COUNTS
6,C,p6_C_cached_tempered,p6_C_cached_tempered_s29,29,NOT APPLICABLE,joint,9,train,apoptosis,72,66,40,26,1.65,4,30,DETERMINISTIC SAMPLER REPLAY VERIFIED AGAINST ALL LOGGED CLASS/UID/GROUP COUNTS
6,C,p6_C_cached_tempered,p6_C_cached_tempered_s29,29,NOT APPLICABLE,joint,10,train,tumor,213,142,104,38,1.3653846153846154,4,55,DETERMINISTIC SAMPLER REPLAY VERIFIED AGAINST ALL LOGGED CLASS/UID/GROUP COUNTS
6,C,p6_C_cached_tempered,p6_C_cached_tempered_s29,29,NOT APPLICABLE,joint,10,train,lymphocyte,111,116,70,46,1.6571428571428573,4,47,DETERMINISTIC SAMPLER REPLAY VERIFIED AGAINST ALL LOGGED CLASS/UID/GROUP COUNTS
6,C,p6_C_cached_tempered,p6_C_cached_tempered_s29,29,NOT APPLICABLE,joint,10,train,plasma_cell,72,78,44,34,1.7727272727272727,4,12,DETERMINISTIC SAMPLER REPLAY VERIFIED AGAINST ALL LOGGED CLASS/UID/GROUP COUNTS
6,C,p6_C_cached_tempered,p6_C_cached_tempered_s29,29,NOT APPLICABLE,joint,10,train,histiocyte,72,83,46,37,1.8043478260869565,4,31,DETERMINISTIC SAMPLER REPLAY VERIFIED AGAINST ALL LOGGED CLASS/UID/GROUP COUNTS
6,C,p6_C_cached_tempered,p6_C_cached_tempered_s29,29,NOT APPLICABLE,joint,10,train,melanophage,72,79,51,28,1.5490196078431373,3,24,DETERMINISTIC SAMPLER REPLAY VERIFIED AGAINST ALL LOGGED CLASS/UID/GROUP COUNTS
6,C,p6_C_cached_tempered,p6_C_cached_tempered_s29,29,NOT APPLICABLE,joint,10,train,neutrophil,72,91,52,39,1.75,5,8,DETERMINISTIC SAMPLER REPLAY VERIFIED AGAINST ALL LOGGED CLASS/UID/GROUP COUNTS
6,C,p6_C_cached_tempered,p6_C_cached_tempered_s29,29,NOT APPLICABLE,joint,10,train,stroma,72,96,55,41,1.7454545454545454,5,43,DETERMINISTIC SAMPLER REPLAY VERIFIED AGAINST ALL LOGGED CLASS/UID/GROUP COUNTS
6,C,p6_C_cached_tempered,p6_C_cached_tempered_s29,29,NOT APPLICABLE,joint,10,train,epithelium,72,71,40,31,1.775,4,10,DETERMINISTIC SAMPLER REPLAY VERIFIED AGAINST ALL LOGGED CLASS/UID/GROUP COUNTS
6,C,p6_C_cached_tempered,p6_C_cached_tempered_s29,29,NOT APPLICABLE,joint,10,train,endothelium,72,73,45,28,1.6222222222222222,4,35,DETERMINISTIC SAMPLER REPLAY VERIFIED AGAINST ALL LOGGED CLASS/UID/GROUP COUNTS
6,C,p6_C_cached_tempered,p6_C_cached_tempered_s29,29,NOT APPLICABLE,joint,10,train,apoptosis,72,71,44,27,1.6136363636363635,4,32,DETERMINISTIC SAMPLER REPLAY VERIFIED AGAINST ALL LOGGED CLASS/UID/GROUP COUNTS
6,C,p6_C_cached_tempered,p6_C_cached_tempered_s43,43,NOT APPLICABLE,joint,1,train,tumor,213,130,92,38,1.4130434782608696,4,53,DETERMINISTIC SAMPLER REPLAY VERIFIED AGAINST ALL LOGGED CLASS/UID/GROUP COUNTS
6,C,p6_C_cached_tempered,p6_C_cached_tempered_s43,43,NOT APPLICABLE,joint,1,train,lymphocyte,111,92,62,30,1.4838709677419355,3,46,DETERMINISTIC SAMPLER REPLAY VERIFIED AGAINST ALL LOGGED CLASS/UID/GROUP COUNTS
6,C,p6_C_cached_tempered,p6_C_cached_tempered_s43,43,NOT APPLICABLE,joint,1,train,plasma_cell,72,81,50,31,1.62,4,15,DETERMINISTIC SAMPLER REPLAY VERIFIED AGAINST ALL LOGGED CLASS/UID/GROUP COUNTS
6,C,p6_C_cached_tempered,p6_C_cached_tempered_s43,43,NOT APPLICABLE,joint,1,train,histiocyte,72,96,51,45,1.8823529411764706,5,35,DETERMINISTIC SAMPLER REPLAY VERIFIED AGAINST ALL LOGGED CLASS/UID/GROUP COUNTS
6,C,p6_C_cached_tempered,p6_C_cached_tempered_s43,43,NOT APPLICABLE,joint,1,train,melanophage,72,84,49,35,1.7142857142857142,4,22,DETERMINISTIC SAMPLER REPLAY VERIFIED AGAINST ALL LOGGED CLASS/UID/GROUP COUNTS
6,C,p6_C_cached_tempered,p6_C_cached_tempered_s43,43,NOT APPLICABLE,joint,1,train,neutrophil,72,92,48,44,1.9166666666666667,5,7,DETERMINISTIC SAMPLER REPLAY VERIFIED AGAINST ALL LOGGED CLASS/UID/GROUP COUNTS
6,C,p6_C_cached_tempered,p6_C_cached_tempered_s43,43,NOT APPLICABLE,joint,1,train,stroma,72,93,54,39,1.7222222222222223,4,42,DETERMINISTIC SAMPLER REPLAY VERIFIED AGAINST ALL LOGGED CLASS/UID/GROUP COUNTS
6,C,p6_C_cached_tempered,p6_C_cached_tempered_s43,43,NOT APPLICABLE,joint,1,train,epithelium,72,78,47,31,1.6595744680851063,3,10,DETERMINISTIC SAMPLER REPLAY VERIFIED AGAINST ALL LOGGED CLASS/UID/GROUP COUNTS
6,C,p6_C_cached_tempered,p6_C_cached_tempered_s43,43,NOT APPLICABLE,joint,1,train,endothelium,72,76,48,28,1.5833333333333333,4,36,DETERMINISTIC SAMPLER REPLAY VERIFIED AGAINST ALL LOGGED CLASS/UID/GROUP COUNTS
6,C,p6_C_cached_tempered,p6_C_cached_tempered_s43,43,NOT APPLICABLE,joint,1,train,apoptosis,72,78,52,26,1.5,4,35,DETERMINISTIC SAMPLER REPLAY VERIFIED AGAINST ALL LOGGED CLASS/UID/GROUP COUNTS
6,C,p6_C_cached_tempered,p6_C_cached_tempered_s43,43,NOT APPLICABLE,joint,2,train,tumor,213,148,110,38,1.3454545454545455,4,55,DETERMINISTIC SAMPLER REPLAY VERIFIED AGAINST ALL LOGGED CLASS/UID/GROUP COUNTS
6,C,p6_C_cached_tempered,p6_C_cached_tempered_s43,43,NOT APPLICABLE,joint,2,train,lymphocyte,111,100,63,37,1.5873015873015872,5,49,DETERMINISTIC SAMPLER REPLAY VERIFIED AGAINST ALL LOGGED CLASS/UID/GROUP COUNTS
6,C,p6_C_cached_tempered,p6_C_cached_tempered_s43,43,NOT APPLICABLE,joint,2,train,plasma_cell,72,86,52,34,1.6538461538461537,5,16,DETERMINISTIC SAMPLER REPLAY VERIFIED AGAINST ALL LOGGED CLASS/UID/GROUP COUNTS
6,C,p6_C_cached_tempered,p6_C_cached_tempered_s43,43,NOT APPLICABLE,joint,2,train,histiocyte,72,82,53,29,1.5471698113207548,4,34,DETERMINISTIC SAMPLER REPLAY VERIFIED AGAINST ALL LOGGED CLASS/UID/GROUP COUNTS
6,C,p6_C_cached_tempered,p6_C_cached_tempered_s43,43,NOT APPLICABLE,joint,2,train,melanophage,72,84,45,39,1.8666666666666667,4,25,DETERMINISTIC SAMPLER REPLAY VERIFIED AGAINST ALL LOGGED CLASS/UID/GROUP COUNTS
6,C,p6_C_cached_tempered,p6_C_cached_tempered_s43,43,NOT APPLICABLE,joint,2,train,neutrophil,72,94,59,35,1.5932203389830508,4,7,DETERMINISTIC SAMPLER REPLAY VERIFIED AGAINST ALL LOGGED CLASS/UID/GROUP COUNTS
6,C,p6_C_cached_tempered,p6_C_cached_tempered_s43,43,NOT APPLICABLE,joint,2,train,stroma,72,64,40,24,1.6,4,34,DETERMINISTIC SAMPLER REPLAY VERIFIED AGAINST ALL LOGGED CLASS/UID/GROUP COUNTS
6,C,p6_C_cached_tempered,p6_C_cached_tempered_s43,43,NOT APPLICABLE,joint,2,train,epithelium,72,75,52,23,1.4423076923076923,4,10,DETERMINISTIC SAMPLER REPLAY VERIFIED AGAINST ALL LOGGED CLASS/UID/GROUP COUNTS
6,C,p6_C_cached_tempered,p6_C_cached_tempered_s43,43,NOT APPLICABLE,joint,2,train,endothelium,72,96,53,43,1.8113207547169812,6,37,DETERMINISTIC SAMPLER REPLAY VERIFIED AGAINST ALL LOGGED CLASS/UID/GROUP COUNTS
6,C,p6_C_cached_tempered,p6_C_cached_tempered_s43,43,NOT APPLICABLE,joint,2,train,apoptosis,72,71,45,26,1.5777777777777777,5,31,DETERMINISTIC SAMPLER REPLAY VERIFIED AGAINST ALL LOGGED CLASS/UID/GROUP COUNTS
6,C,p6_C_cached_tempered,p6_C_cached_tempered_s43,43,NOT APPLICABLE,joint,3,train,tumor,213,124,95,29,1.305263157894737,3,55,DETERMINISTIC SAMPLER REPLAY VERIFIED AGAINST ALL LOGGED CLASS/UID/GROUP COUNTS
6,C,p6_C_cached_tempered,p6_C_cached_tempered_s43,43,NOT APPLICABLE,joint,3,train,lymphocyte,111,118,74,44,1.5945945945945945,4,50,DETERMINISTIC SAMPLER REPLAY VERIFIED AGAINST ALL LOGGED CLASS/UID/GROUP COUNTS
6,C,p6_C_cached_tempered,p6_C_cached_tempered_s43,43,NOT APPLICABLE,joint,3,train,plasma_cell,72,84,45,39,1.8666666666666667,5,14,DETERMINISTIC SAMPLER REPLAY VERIFIED AGAINST ALL LOGGED CLASS/UID/GROUP COUNTS
6,C,p6_C_cached_tempered,p6_C_cached_tempered_s43,43,NOT APPLICABLE,joint,3,train,histiocyte,72,90,52,38,1.7307692307692308,4,34,DETERMINISTIC SAMPLER REPLAY VERIFIED AGAINST ALL LOGGED CLASS/UID/GROUP COUNTS
6,C,p6_C_cached_tempered,p6_C_cached_tempered_s43,43,NOT APPLICABLE,joint,3,train,melanophage,72,91,56,35,1.625,4,25,DETERMINISTIC SAMPLER REPLAY VERIFIED AGAINST ALL LOGGED CLASS/UID/GROUP COUNTS
6,C,p6_C_cached_tempered,p6_C_cached_tempered_s43,43,NOT APPLICABLE,joint,3,train,neutrophil,72,74,44,30,1.6818181818181819,4,8,DETERMINISTIC SAMPLER REPLAY VERIFIED AGAINST ALL LOGGED CLASS/UID/GROUP COUNTS
6,C,p6_C_cached_tempered,p6_C_cached_tempered_s43,43,NOT APPLICABLE,joint,3,train,stroma,72,63,43,20,1.4651162790697674,3,35,DETERMINISTIC SAMPLER REPLAY VERIFIED AGAINST ALL LOGGED CLASS/UID/GROUP COUNTS
6,C,p6_C_cached_tempered,p6_C_cached_tempered_s43,43,NOT APPLICABLE,joint,3,train,epithelium,72,84,52,32,1.6153846153846154,4,10,DETERMINISTIC SAMPLER REPLAY VERIFIED AGAINST ALL LOGGED CLASS/UID/GROUP COUNTS
6,C,p6_C_cached_tempered,p6_C_cached_tempered_s43,43,NOT APPLICABLE,joint,3,train,endothelium,72,75,45,30,1.6666666666666667,4,35,DETERMINISTIC SAMPLER REPLAY VERIFIED AGAINST ALL LOGGED CLASS/UID/GROUP COUNTS
6,C,p6_C_cached_tempered,p6_C_cached_tempered_s43,43,NOT APPLICABLE,joint,3,train,apoptosis,72,97,55,42,1.7636363636363637,5,34,DETERMINISTIC SAMPLER REPLAY VERIFIED AGAINST ALL LOGGED CLASS/UID/GROUP COUNTS
6,C,p6_C_cached_tempered,p6_C_cached_tempered_s43,43,NOT APPLICABLE,joint,4,train,tumor,213,134,97,37,1.3814432989690721,3,48,DETERMINISTIC SAMPLER REPLAY VERIFIED AGAINST ALL LOGGED CLASS/UID/GROUP COUNTS
6,C,p6_C_cached_tempered,p6_C_cached_tempered_s43,43,NOT APPLICABLE,joint,4,train,lymphocyte,111,108,69,39,1.565217391304348,4,49,DETERMINISTIC SAMPLER REPLAY VERIFIED AGAINST ALL LOGGED CLASS/UID/GROUP COUNTS
6,C,p6_C_cached_tempered,p6_C_cached_tempered_s43,43,NOT APPLICABLE,joint,4,train,plasma_cell,72,87,53,34,1.6415094339622642,4,16,DETERMINISTIC SAMPLER REPLAY VERIFIED AGAINST ALL LOGGED CLASS/UID/GROUP COUNTS
6,C,p6_C_cached_tempered,p6_C_cached_tempered_s43,43,NOT APPLICABLE,joint,4,train,histiocyte,72,78,48,30,1.625,4,33,DETERMINISTIC SAMPLER REPLAY VERIFIED AGAINST ALL LOGGED CLASS/UID/GROUP COUNTS
6,C,p6_C_cached_tempered,p6_C_cached_tempered_s43,43,NOT APPLICABLE,joint,4,train,melanophage,72,83,55,28,1.509090909090909,3,23,DETERMINISTIC SAMPLER REPLAY VERIFIED AGAINST ALL LOGGED CLASS/UID/GROUP COUNTS
6,C,p6_C_cached_tempered,p6_C_cached_tempered_s43,43,NOT APPLICABLE,joint,4,train,neutrophil,72,73,48,25,1.5208333333333333,4,7,DETERMINISTIC SAMPLER REPLAY VERIFIED AGAINST ALL LOGGED CLASS/UID/GROUP COUNTS
6,C,p6_C_cached_tempered,p6_C_cached_tempered_s43,43,NOT APPLICABLE,joint,4,train,stroma,72,81,46,35,1.7608695652173914,5,37,DETERMINISTIC SAMPLER REPLAY VERIFIED AGAINST ALL LOGGED CLASS/UID/GROUP COUNTS
6,C,p6_C_cached_tempered,p6_C_cached_tempered_s43,43,NOT APPLICABLE,joint,4,train,epithelium,72,81,50,31,1.62,4,10,DETERMINISTIC SAMPLER REPLAY VERIFIED AGAINST ALL LOGGED CLASS/UID/GROUP COUNTS
6,C,p6_C_cached_tempered,p6_C_cached_tempered_s43,43,NOT APPLICABLE,joint,4,train,endothelium,72,87,50,37,1.74,6,36,DETERMINISTIC SAMPLER REPLAY VERIFIED AGAINST ALL LOGGED CLASS/UID/GROUP COUNTS
6,C,p6_C_cached_tempered,p6_C_cached_tempered_s43,43,NOT APPLICABLE,joint,4,train,apoptosis,72,88,52,36,1.6923076923076923,4,33,DETERMINISTIC SAMPLER REPLAY VERIFIED AGAINST ALL LOGGED CLASS/UID/GROUP COUNTS
6,C,p6_C_cached_tempered,p6_C_cached_tempered_s43,43,NOT APPLICABLE,joint,5,train,tumor,213,145,101,44,1.4356435643564356,3,57,DETERMINISTIC SAMPLER REPLAY VERIFIED AGAINST ALL LOGGED CLASS/UID/GROUP COUNTS
6,C,p6_C_cached_tempered,p6_C_cached_tempered_s43,43,NOT APPLICABLE,joint,5,train,lymphocyte,111,97,57,40,1.7017543859649122,4,44,DETERMINISTIC SAMPLER REPLAY VERIFIED AGAINST ALL LOGGED CLASS/UID/GROUP COUNTS
6,C,p6_C_cached_tempered,p6_C_cached_tempered_s43,43,NOT APPLICABLE,joint,5,train,plasma_cell,72,87,47,40,1.851063829787234,5,15,DETERMINISTIC SAMPLER REPLAY VERIFIED AGAINST ALL LOGGED CLASS/UID/GROUP COUNTS
6,C,p6_C_cached_tempered,p6_C_cached_tempered_s43,43,NOT APPLICABLE,joint,5,train,histiocyte,72,87,54,33,1.6111111111111112,4,32,DETERMINISTIC SAMPLER REPLAY VERIFIED AGAINST ALL LOGGED CLASS/UID/GROUP COUNTS
6,C,p6_C_cached_tempered,p6_C_cached_tempered_s43,43,NOT APPLICABLE,joint,5,train,melanophage,72,83,48,35,1.7291666666666667,5,21,DETERMINISTIC SAMPLER REPLAY VERIFIED AGAINST ALL LOGGED CLASS/UID/GROUP COUNTS
6,C,p6_C_cached_tempered,p6_C_cached_tempered_s43,43,NOT APPLICABLE,joint,5,train,neutrophil,72,85,47,38,1.8085106382978724,4,6,DETERMINISTIC SAMPLER REPLAY VERIFIED AGAINST ALL LOGGED CLASS/UID/GROUP COUNTS
6,C,p6_C_cached_tempered,p6_C_cached_tempered_s43,43,NOT APPLICABLE,joint,5,train,stroma,72,68,42,26,1.619047619047619,4,31,DETERMINISTIC SAMPLER REPLAY VERIFIED AGAINST ALL LOGGED CLASS/UID/GROUP COUNTS
6,C,p6_C_cached_tempered,p6_C_cached_tempered_s43,43,NOT APPLICABLE,joint,5,train,epithelium,72,79,50,29,1.58,3,10,DETERMINISTIC SAMPLER REPLAY VERIFIED AGAINST ALL LOGGED CLASS/UID/GROUP COUNTS
6,C,p6_C_cached_tempered,p6_C_cached_tempered_s43,43,NOT APPLICABLE,joint,5,train,endothelium,72,84,52,32,1.6153846153846154,4,36,DETERMINISTIC SAMPLER REPLAY VERIFIED AGAINST ALL LOGGED CLASS/UID/GROUP COUNTS
6,C,p6_C_cached_tempered,p6_C_cached_tempered_s43,43,NOT APPLICABLE,joint,5,train,apoptosis,72,85,52,33,1.6346153846153846,6,32,DETERMINISTIC SAMPLER REPLAY VERIFIED AGAINST ALL LOGGED CLASS/UID/GROUP COUNTS
6,C,p6_C_cached_tempered,p6_C_cached_tempered_s43,43,NOT APPLICABLE,joint,6,train,tumor,213,148,111,37,1.3333333333333333,3,55,DETERMINISTIC SAMPLER REPLAY VERIFIED AGAINST ALL LOGGED CLASS/UID/GROUP COUNTS
6,C,p6_C_cached_tempered,p6_C_cached_tempered_s43,43,NOT APPLICABLE,joint,6,train,lymphocyte,111,108,65,43,1.6615384615384616,4,49,DETERMINISTIC SAMPLER REPLAY VERIFIED AGAINST ALL LOGGED CLASS/UID/GROUP COUNTS
6,C,p6_C_cached_tempered,p6_C_cached_tempered_s43,43,NOT APPLICABLE,joint,6,train,plasma_cell,72,77,49,28,1.5714285714285714,3,14,DETERMINISTIC SAMPLER REPLAY VERIFIED AGAINST ALL LOGGED CLASS/UID/GROUP COUNTS
6,C,p6_C_cached_tempered,p6_C_cached_tempered_s43,43,NOT APPLICABLE,joint,6,train,histiocyte,72,80,46,34,1.7391304347826086,4,31,DETERMINISTIC SAMPLER REPLAY VERIFIED AGAINST ALL LOGGED CLASS/UID/GROUP COUNTS
6,C,p6_C_cached_tempered,p6_C_cached_tempered_s43,43,NOT APPLICABLE,joint,6,train,melanophage,72,73,44,29,1.6590909090909092,5,22,DETERMINISTIC SAMPLER REPLAY VERIFIED AGAINST ALL LOGGED CLASS/UID/GROUP COUNTS
6,C,p6_C_cached_tempered,p6_C_cached_tempered_s43,43,NOT APPLICABLE,joint,6,train,neutrophil,72,69,41,28,1.6829268292682926,4,5,DETERMINISTIC SAMPLER REPLAY VERIFIED AGAINST ALL LOGGED CLASS/UID/GROUP COUNTS
6,C,p6_C_cached_tempered,p6_C_cached_tempered_s43,43,NOT APPLICABLE,joint,6,train,stroma,72,89,51,38,1.7450980392156863,4,40,DETERMINISTIC SAMPLER REPLAY VERIFIED AGAINST ALL LOGGED CLASS/UID/GROUP COUNTS
6,C,p6_C_cached_tempered,p6_C_cached_tempered_s43,43,NOT APPLICABLE,joint,6,train,epithelium,72,86,52,34,1.6538461538461537,4,10,DETERMINISTIC SAMPLER REPLAY VERIFIED AGAINST ALL LOGGED CLASS/UID/GROUP COUNTS
6,C,p6_C_cached_tempered,p6_C_cached_tempered_s43,43,NOT APPLICABLE,joint,6,train,endothelium,72,77,50,27,1.54,4,35,DETERMINISTIC SAMPLER REPLAY VERIFIED AGAINST ALL LOGGED CLASS/UID/GROUP COUNTS
6,C,p6_C_cached_tempered,p6_C_cached_tempered_s43,43,NOT APPLICABLE,joint,6,train,apoptosis,72,93,49,44,1.8979591836734695,5,33,DETERMINISTIC SAMPLER REPLAY VERIFIED AGAINST ALL LOGGED CLASS/UID/GROUP COUNTS
6,C,p6_C_cached_tempered,p6_C_cached_tempered_s43,43,NOT APPLICABLE,joint,7,train,tumor,213,141,103,38,1.3689320388349515,4,53,DETERMINISTIC SAMPLER REPLAY VERIFIED AGAINST ALL LOGGED CLASS/UID/GROUP COUNTS
6,C,p6_C_cached_tempered,p6_C_cached_tempered_s43,43,NOT APPLICABLE,joint,7,train,lymphocyte,111,96,68,28,1.411764705882353,3,49,DETERMINISTIC SAMPLER REPLAY VERIFIED AGAINST ALL LOGGED CLASS/UID/GROUP COUNTS
6,C,p6_C_cached_tempered,p6_C_cached_tempered_s43,43,NOT APPLICABLE,joint,7,train,plasma_cell,72,88,51,37,1.7254901960784315,4,15,DETERMINISTIC SAMPLER REPLAY VERIFIED AGAINST ALL LOGGED CLASS/UID/GROUP COUNTS
6,C,p6_C_cached_tempered,p6_C_cached_tempered_s43,43,NOT APPLICABLE,joint,7,train,histiocyte,72,84,47,37,1.7872340425531914,4,32,DETERMINISTIC SAMPLER REPLAY VERIFIED AGAINST ALL LOGGED CLASS/UID/GROUP COUNTS
6,C,p6_C_cached_tempered,p6_C_cached_tempered_s43,43,NOT APPLICABLE,joint,7,train,melanophage,72,88,50,38,1.76,4,25,DETERMINISTIC SAMPLER REPLAY VERIFIED AGAINST ALL LOGGED CLASS/UID/GROUP COUNTS
6,C,p6_C_cached_tempered,p6_C_cached_tempered_s43,43,NOT APPLICABLE,joint,7,train,neutrophil,72,88,53,35,1.6603773584905661,4,6,DETERMINISTIC SAMPLER REPLAY VERIFIED AGAINST ALL LOGGED CLASS/UID/GROUP COUNTS
6,C,p6_C_cached_tempered,p6_C_cached_tempered_s43,43,NOT APPLICABLE,joint,7,train,stroma,72,88,52,36,1.6923076923076923,4,41,DETERMINISTIC SAMPLER REPLAY VERIFIED AGAINST ALL LOGGED CLASS/UID/GROUP COUNTS
6,C,p6_C_cached_tempered,p6_C_cached_tempered_s43,43,NOT APPLICABLE,joint,7,train,epithelium,72,87,46,41,1.891304347826087,5,10,DETERMINISTIC SAMPLER REPLAY VERIFIED AGAINST ALL LOGGED CLASS/UID/GROUP COUNTS
6,C,p6_C_cached_tempered,p6_C_cached_tempered_s43,43,NOT APPLICABLE,joint,7,train,endothelium,72,66,42,24,1.5714285714285714,5,34,DETERMINISTIC SAMPLER REPLAY VERIFIED AGAINST ALL LOGGED CLASS/UID/GROUP COUNTS
6,C,p6_C_cached_tempered,p6_C_cached_tempered_s43,43,NOT APPLICABLE,joint,7,train,apoptosis,72,74,43,31,1.7209302325581395,5,31,DETERMINISTIC SAMPLER REPLAY VERIFIED AGAINST ALL LOGGED CLASS/UID/GROUP COUNTS
6,C,p6_C_cached_tempered,p6_C_cached_tempered_s43,43,NOT APPLICABLE,joint,8,train,tumor,213,149,108,41,1.3796296296296295,4,55,DETERMINISTIC SAMPLER REPLAY VERIFIED AGAINST ALL LOGGED CLASS/UID/GROUP COUNTS
6,C,p6_C_cached_tempered,p6_C_cached_tempered_s43,43,NOT APPLICABLE,joint,8,train,lymphocyte,111,105,69,36,1.5217391304347827,4,48,DETERMINISTIC SAMPLER REPLAY VERIFIED AGAINST ALL LOGGED CLASS/UID/GROUP COUNTS
6,C,p6_C_cached_tempered,p6_C_cached_tempered_s43,43,NOT APPLICABLE,joint,8,train,plasma_cell,72,79,47,32,1.6808510638297873,4,14,DETERMINISTIC SAMPLER REPLAY VERIFIED AGAINST ALL LOGGED CLASS/UID/GROUP COUNTS
6,C,p6_C_cached_tempered,p6_C_cached_tempered_s43,43,NOT APPLICABLE,joint,8,train,histiocyte,72,79,51,28,1.5490196078431373,6,31,DETERMINISTIC SAMPLER REPLAY VERIFIED AGAINST ALL LOGGED CLASS/UID/GROUP COUNTS
6,C,p6_C_cached_tempered,p6_C_cached_tempered_s43,43,NOT APPLICABLE,joint,8,train,melanophage,72,80,48,32,1.6666666666666667,6,23,DETERMINISTIC SAMPLER REPLAY VERIFIED AGAINST ALL LOGGED CLASS/UID/GROUP COUNTS
6,C,p6_C_cached_tempered,p6_C_cached_tempered_s43,43,NOT APPLICABLE,joint,8,train,neutrophil,72,79,49,30,1.6122448979591837,4,7,DETERMINISTIC SAMPLER REPLAY VERIFIED AGAINST ALL LOGGED CLASS/UID/GROUP COUNTS
6,C,p6_C_cached_tempered,p6_C_cached_tempered_s43,43,NOT APPLICABLE,joint,8,train,stroma,72,88,54,34,1.6296296296296295,5,42,DETERMINISTIC SAMPLER REPLAY VERIFIED AGAINST ALL LOGGED CLASS/UID/GROUP COUNTS
6,C,p6_C_cached_tempered,p6_C_cached_tempered_s43,43,NOT APPLICABLE,joint,8,train,epithelium,72,80,46,34,1.7391304347826086,5,10,DETERMINISTIC SAMPLER REPLAY VERIFIED AGAINST ALL LOGGED CLASS/UID/GROUP COUNTS
6,C,p6_C_cached_tempered,p6_C_cached_tempered_s43,43,NOT APPLICABLE,joint,8,train,endothelium,72,77,44,33,1.75,4,34,DETERMINISTIC SAMPLER REPLAY VERIFIED AGAINST ALL LOGGED CLASS/UID/GROUP COUNTS
6,C,p6_C_cached_tempered,p6_C_cached_tempered_s43,43,NOT APPLICABLE,joint,8,train,apoptosis,72,84,48,36,1.75,6,34,DETERMINISTIC SAMPLER REPLAY VERIFIED AGAINST ALL LOGGED CLASS/UID/GROUP COUNTS
6,C,p6_C_cached_tempered,p6_C_cached_tempered_s43,43,NOT APPLICABLE,joint,9,train,tumor,213,132,98,34,1.346938775510204,4,55,DETERMINISTIC SAMPLER REPLAY VERIFIED AGAINST ALL LOGGED CLASS/UID/GROUP COUNTS
6,C,p6_C_cached_tempered,p6_C_cached_tempered_s43,43,NOT APPLICABLE,joint,9,train,lymphocyte,111,111,71,40,1.5633802816901408,5,50,DETERMINISTIC SAMPLER REPLAY VERIFIED AGAINST ALL LOGGED CLASS/UID/GROUP COUNTS
6,C,p6_C_cached_tempered,p6_C_cached_tempered_s43,43,NOT APPLICABLE,joint,9,train,plasma_cell,72,87,46,41,1.891304347826087,4,14,DETERMINISTIC SAMPLER REPLAY VERIFIED AGAINST ALL LOGGED CLASS/UID/GROUP COUNTS
6,C,p6_C_cached_tempered,p6_C_cached_tempered_s43,43,NOT APPLICABLE,joint,9,train,histiocyte,72,98,55,43,1.7818181818181817,6,36,DETERMINISTIC SAMPLER REPLAY VERIFIED AGAINST ALL LOGGED CLASS/UID/GROUP COUNTS
6,C,p6_C_cached_tempered,p6_C_cached_tempered_s43,43,NOT APPLICABLE,joint,9,train,melanophage,72,79,46,33,1.7173913043478262,5,22,DETERMINISTIC SAMPLER REPLAY VERIFIED AGAINST ALL LOGGED CLASS/UID/GROUP COUNTS
6,C,p6_C_cached_tempered,p6_C_cached_tempered_s43,43,NOT APPLICABLE,joint,9,train,neutrophil,72,82,47,35,1.7446808510638299,4,7,DETERMINISTIC SAMPLER REPLAY VERIFIED AGAINST ALL LOGGED CLASS/UID/GROUP COUNTS
6,C,p6_C_cached_tempered,p6_C_cached_tempered_s43,43,NOT APPLICABLE,joint,9,train,stroma,72,76,44,32,1.7272727272727273,5,37,DETERMINISTIC SAMPLER REPLAY VERIFIED AGAINST ALL LOGGED CLASS/UID/GROUP COUNTS
6,C,p6_C_cached_tempered,p6_C_cached_tempered_s43,43,NOT APPLICABLE,joint,9,train,epithelium,72,69,47,22,1.4680851063829787,3,10,DETERMINISTIC SAMPLER REPLAY VERIFIED AGAINST ALL LOGGED CLASS/UID/GROUP COUNTS
6,C,p6_C_cached_tempered,p6_C_cached_tempered_s43,43,NOT APPLICABLE,joint,9,train,endothelium,72,81,51,30,1.588235294117647,5,35,DETERMINISTIC SAMPLER REPLAY VERIFIED AGAINST ALL LOGGED CLASS/UID/GROUP COUNTS
6,C,p6_C_cached_tempered,p6_C_cached_tempered_s43,43,NOT APPLICABLE,joint,9,train,apoptosis,72,85,50,35,1.7,4,33,DETERMINISTIC SAMPLER REPLAY VERIFIED AGAINST ALL LOGGED CLASS/UID/GROUP COUNTS
6,C,p6_C_cached_tempered,p6_C_cached_tempered_s43,43,NOT APPLICABLE,joint,10,train,tumor,213,140,102,38,1.3725490196078431,4,55,DETERMINISTIC SAMPLER REPLAY VERIFIED AGAINST ALL LOGGED CLASS/UID/GROUP COUNTS
6,C,p6_C_cached_tempered,p6_C_cached_tempered_s43,43,NOT APPLICABLE,joint,10,train,lymphocyte,111,102,66,36,1.5454545454545454,4,47,DETERMINISTIC SAMPLER REPLAY VERIFIED AGAINST ALL LOGGED CLASS/UID/GROUP COUNTS
6,C,p6_C_cached_tempered,p6_C_cached_tempered_s43,43,NOT APPLICABLE,joint,10,train,plasma_cell,72,73,43,30,1.697674418604651,3,15,DETERMINISTIC SAMPLER REPLAY VERIFIED AGAINST ALL LOGGED CLASS/UID/GROUP COUNTS
6,C,p6_C_cached_tempered,p6_C_cached_tempered_s43,43,NOT APPLICABLE,joint,10,train,histiocyte,72,90,50,40,1.8,4,33,DETERMINISTIC SAMPLER REPLAY VERIFIED AGAINST ALL LOGGED CLASS/UID/GROUP COUNTS
6,C,p6_C_cached_tempered,p6_C_cached_tempered_s43,43,NOT APPLICABLE,joint,10,train,melanophage,72,79,50,29,1.58,4,24,DETERMINISTIC SAMPLER REPLAY VERIFIED AGAINST ALL LOGGED CLASS/UID/GROUP COUNTS
6,C,p6_C_cached_tempered,p6_C_cached_tempered_s43,43,NOT APPLICABLE,joint,10,train,neutrophil,72,78,45,33,1.7333333333333334,4,8,DETERMINISTIC SAMPLER REPLAY VERIFIED AGAINST ALL LOGGED CLASS/UID/GROUP COUNTS
6,C,p6_C_cached_tempered,p6_C_cached_tempered_s43,43,NOT APPLICABLE,joint,10,train,stroma,72,74,46,28,1.608695652173913,4,38,DETERMINISTIC SAMPLER REPLAY VERIFIED AGAINST ALL LOGGED CLASS/UID/GROUP COUNTS
6,C,p6_C_cached_tempered,p6_C_cached_tempered_s43,43,NOT APPLICABLE,joint,10,train,epithelium,72,83,51,32,1.6274509803921569,4,10,DETERMINISTIC SAMPLER REPLAY VERIFIED AGAINST ALL LOGGED CLASS/UID/GROUP COUNTS
6,C,p6_C_cached_tempered,p6_C_cached_tempered_s43,43,NOT APPLICABLE,joint,10,train,endothelium,72,92,53,39,1.7358490566037736,6,38,DETERMINISTIC SAMPLER REPLAY VERIFIED AGAINST ALL LOGGED CLASS/UID/GROUP COUNTS
6,C,p6_C_cached_tempered,p6_C_cached_tempered_s43,43,NOT APPLICABLE,joint,10,train,apoptosis,72,89,51,38,1.7450980392156863,4,32,DETERMINISTIC SAMPLER REPLAY VERIFIED AGAINST ALL LOGGED CLASS/UID/GROUP COUNTS
