prompt,run_id,seed,fold,config_path,config_sha256,resolved_config,history_path,history_sha256,epochs,status
2,exp_biology_lr_0.003,17,NOT RECORDED IN ORIGINAL RUN,C:\Users\Hngk\Documents\Codex\PUMA_STAGE2_RESEARCH_PROMPTS_1_TO_4\PROMPT_2\ARCHITECTURES\BIOLOGY_ONLY_tierA\RESULTS\RUNS\exp_biology_lr_0.003\config.json,3b67b7ac977c70e835424a348701a761a1bfd467bf469510f57a767d11bf6a3f,"{""id"":""exp_biology_lr_0.003"",""biology"":""tierA"",""biology_only"":true,""epochs"":10,""seed"":17,""fov"":96,""tau"":1,""sampler"":""natural"",""lr"":0.003,""weight_decay"":0.01,""hypothesis"":""Exploratory correction of linear biology under-optimization""}",C:\Users\Hngk\Documents\Codex\PUMA_STAGE2_RESEARCH_PROMPTS_1_TO_4\PROMPT_2\ARCHITECTURES\BIOLOGY_ONLY_tierA\RESULTS\RUNS\exp_biology_lr_0.003\logs\history.jsonl,d54967bb91e781ced418c096d49d190f8463802298925dc70f508e4c2f735c12,10,RECOVERED_ORIGINAL_EPOCHS
2,exp_biology_lr_0.01,17,NOT RECORDED IN ORIGINAL RUN,C:\Users\Hngk\Documents\Codex\PUMA_STAGE2_RESEARCH_PROMPTS_1_TO_4\PROMPT_2\ARCHITECTURES\BIOLOGY_ONLY_tierA\RESULTS\RUNS\exp_biology_lr_0.01\config.json,c08373496e8980b860fa2bfe40f7d3bd063878b345b8763732600f3899651843,"{""id"":""exp_biology_lr_0.01"",""biology"":""tierA"",""biology_only"":true,""epochs"":10,""seed"":17,""fov"":96,""tau"":1,""sampler"":""natural"",""lr"":0.01,""weight_decay"":0.01,""hypothesis"":""Exploratory correction of linear biology under-optimization""}",C:\Users\Hngk\Documents\Codex\PUMA_STAGE2_RESEARCH_PROMPTS_1_TO_4\PROMPT_2\ARCHITECTURES\BIOLOGY_ONLY_tierA\RESULTS\RUNS\exp_biology_lr_0.01\logs\history.jsonl,27f11069dda7ba47b1256d2de681fd8c542feee6bf85880434f2c4592f9293de,10,RECOVERED_ORIGINAL_EPOCHS
2,exp_biology_only,17,NOT RECORDED IN ORIGINAL RUN,C:\Users\Hngk\Documents\Codex\PUMA_STAGE2_RESEARCH_PROMPTS_1_TO_4\PROMPT_2\ARCHITECTURES\BIOLOGY_ONLY_tierA\RESULTS\RUNS\exp_biology_only\config.json,04f0bd12ff9cc4d5a4db5f6df86c7a0a86a0f3949b90d2163a7838e2c6ca7c1d,"{""id"":""exp_biology_only"",""epochs"":10,""seed"":17,""fov"":96,""tau"":1,""sampler"":""natural"",""lr"":0.001,""weight_decay"":0.01,""biology"":""tierA"",""biology_only"":true,""hypothesis"":""Does direct RGB biology generalize by itself?""}",C:\Users\Hngk\Documents\Codex\PUMA_STAGE2_RESEARCH_PROMPTS_1_TO_4\PROMPT_2\ARCHITECTURES\BIOLOGY_ONLY_tierA\RESULTS\RUNS\exp_biology_only\logs\history.jsonl,97c407194cde8fab283e38837e6b254372c369438bb04dee8e745636bdab2ab9,10,RECOVERED_ORIGINAL_EPOCHS
2,exp_fov128_la,17,NOT RECORDED IN ORIGINAL RUN,C:\Users\Hngk\Documents\Codex\PUMA_STAGE2_RESEARCH_PROMPTS_1_TO_4\PROMPT_2\ARCHITECTURES\FROZEN_UNI2_none\RESULTS\RUNS\exp_fov128_la\config.json,4352210c7d26564cd2f06fae0bade0d7476d34913226397294d23d9e856f42e7,"{""id"":""exp_fov128_la"",""epochs"":10,""seed"":17,""fov"":128,""tau"":1,""sampler"":""natural"",""lr"":0.001,""weight_decay"":0.01,""hypothesis"":""Matched single-field-of-view screen""}",C:\Users\Hngk\Documents\Codex\PUMA_STAGE2_RESEARCH_PROMPTS_1_TO_4\PROMPT_2\ARCHITECTURES\FROZEN_UNI2_none\RESULTS\RUNS\exp_fov128_la\logs\history.jsonl,bcc9943352bf54a786075e38ea8a3b84ce77888d6d5838f56ebb84d896700f53,10,RECOVERED_ORIGINAL_EPOCHS
2,exp_fov64_la,17,NOT RECORDED IN ORIGINAL RUN,C:\Users\Hngk\Documents\Codex\PUMA_STAGE2_RESEARCH_PROMPTS_1_TO_4\PROMPT_2\ARCHITECTURES\FROZEN_UNI2_none\RESULTS\RUNS\exp_fov64_la\config.json,8fdf8f29b029263f8254746902d7987627df8b742ac7203f6ce88dcf0458c4c6,"{""id"":""exp_fov64_la"",""epochs"":10,""seed"":17,""fov"":64,""tau"":1,""sampler"":""natural"",""lr"":0.001,""weight_decay"":0.01,""hypothesis"":""Matched single-field-of-view screen""}",C:\Users\Hngk\Documents\Codex\PUMA_STAGE2_RESEARCH_PROMPTS_1_TO_4\PROMPT_2\ARCHITECTURES\FROZEN_UNI2_none\RESULTS\RUNS\exp_fov64_la\logs\history.jsonl,fcce9af76a851226003c5bdd91c1919970642088e4e762d3b8b975cc1a593d30,10,RECOVERED_ORIGINAL_EPOCHS
2,exp_fov96_la,17,NOT RECORDED IN ORIGINAL RUN,C:\Users\Hngk\Documents\Codex\PUMA_STAGE2_RESEARCH_PROMPTS_1_TO_4\PROMPT_2\ARCHITECTURES\FROZEN_UNI2_none\RESULTS\RUNS\exp_fov96_la\config.json,846aa7a6a1be0feac4cfeeeaab8471b77a6291bc90f0389aee89a2f057cd20b3,"{""id"":""exp_fov96_la"",""epochs"":10,""seed"":17,""fov"":96,""tau"":1,""sampler"":""natural"",""lr"":0.001,""weight_decay"":0.01,""hypothesis"":""Matched single-field-of-view screen""}",C:\Users\Hngk\Documents\Codex\PUMA_STAGE2_RESEARCH_PROMPTS_1_TO_4\PROMPT_2\ARCHITECTURES\FROZEN_UNI2_none\RESULTS\RUNS\exp_fov96_la\logs\history.jsonl,64ab58aab8e2dc2e8a929faf59547c28119b1cb8661ba7d529cf457e792152f7,10,RECOVERED_ORIGINAL_EPOCHS
2,exp_loss_balanced_ce,17,NOT RECORDED IN ORIGINAL RUN,C:\Users\Hngk\Documents\Codex\PUMA_STAGE2_RESEARCH_PROMPTS_1_TO_4\PROMPT_2\ARCHITECTURES\FROZEN_UNI2_none\RESULTS\RUNS\exp_loss_balanced_ce\config.json,f1f8f598ac62b585c6e755f7f707fe31599227d4ad3cfce04fbd9a23ea84e63b,"{""id"":""exp_loss_balanced_ce"",""epochs"":10,""seed"":17,""fov"":96,""tau"":0,""sampler"":""balanced"",""lr"":0.001,""weight_decay"":0.01,""hypothesis"":""Isolate effective prior and exposure""}",C:\Users\Hngk\Documents\Codex\PUMA_STAGE2_RESEARCH_PROMPTS_1_TO_4\PROMPT_2\ARCHITECTURES\FROZEN_UNI2_none\RESULTS\RUNS\exp_loss_balanced_ce\logs\history.jsonl,2164c781adca5ff1b0c14c3a50172de408837e4d9451407d2b6b04f317c37e36,10,RECOVERED_ORIGINAL_EPOCHS
2,exp_loss_ce,17,NOT RECORDED IN ORIGINAL RUN,C:\Users\Hngk\Documents\Codex\PUMA_STAGE2_RESEARCH_PROMPTS_1_TO_4\PROMPT_2\ARCHITECTURES\FROZEN_UNI2_none\RESULTS\RUNS\exp_loss_ce\config.json,54806f38f8db19f69d01391f9e266c9e23df8e6d0ad214e480978011cd8c6fa6,"{""id"":""exp_loss_ce"",""epochs"":10,""seed"":17,""fov"":96,""tau"":0,""sampler"":""natural"",""lr"":0.001,""weight_decay"":0.01,""hypothesis"":""Isolate effective prior and exposure""}",C:\Users\Hngk\Documents\Codex\PUMA_STAGE2_RESEARCH_PROMPTS_1_TO_4\PROMPT_2\ARCHITECTURES\FROZEN_UNI2_none\RESULTS\RUNS\exp_loss_ce\logs\history.jsonl,68adc493a66253c3b3cd0612c131b881a69964bc0538d1aedca63565d6f43d7e,10,RECOVERED_ORIGINAL_EPOCHS
2,exp_rep_none_29,29,NOT RECORDED IN ORIGINAL RUN,C:\Users\Hngk\Documents\Codex\PUMA_STAGE2_RESEARCH_PROMPTS_1_TO_4\PROMPT_2\ARCHITECTURES\FROZEN_UNI2_none\RESULTS\RUNS\exp_rep_none_29\config.json,4f961edcaea932274db5fa3bdc892e58890964abde1aca4326211c20152ced93,"{""id"":""exp_rep_none_29"",""epochs"":10,""seed"":29,""fov"":96,""tau"":0,""sampler"":""balanced"",""lr"":0.001,""weight_decay"":0.01,""biology"":""none"",""hypothesis"":""Repeat apparent biological increment across initialization and sampling seeds""}",C:\Users\Hngk\Documents\Codex\PUMA_STAGE2_RESEARCH_PROMPTS_1_TO_4\PROMPT_2\ARCHITECTURES\FROZEN_UNI2_none\RESULTS\RUNS\exp_rep_none_29\logs\history.jsonl,e1ebf8346dd07c2cce7ffa4242577da14126266be87f3217a4b58abc3dc8ca8c,10,RECOVERED_ORIGINAL_EPOCHS
2,exp_rep_none_43,43,NOT RECORDED IN ORIGINAL RUN,C:\Users\Hngk\Documents\Codex\PUMA_STAGE2_RESEARCH_PROMPTS_1_TO_4\PROMPT_2\ARCHITECTURES\FROZEN_UNI2_none\RESULTS\RUNS\exp_rep_none_43\config.json,72b91d917a0f872ba23781059bc8cffdc88aef4e23d35314848681892e001d4c,"{""id"":""exp_rep_none_43"",""epochs"":10,""seed"":43,""fov"":96,""tau"":0,""sampler"":""balanced"",""lr"":0.001,""weight_decay"":0.01,""biology"":""none"",""hypothesis"":""Repeat apparent biological increment across initialization and sampling seeds""}",C:\Users\Hngk\Documents\Codex\PUMA_STAGE2_RESEARCH_PROMPTS_1_TO_4\PROMPT_2\ARCHITECTURES\FROZEN_UNI2_none\RESULTS\RUNS\exp_rep_none_43\logs\history.jsonl,faac7e94db4832bba742472b5a0418510ecc626ba9bcf08ed7d79c384b7bb82d,10,RECOVERED_ORIGINAL_EPOCHS
2,exp_fusion_oracle,17,NOT RECORDED IN ORIGINAL RUN,C:\Users\Hngk\Documents\Codex\PUMA_STAGE2_RESEARCH_PROMPTS_1_TO_4\PROMPT_2\ARCHITECTURES\FROZEN_UNI2_oracle\RESULTS\RUNS\exp_fusion_oracle\config.json,e371eb14e6d92380a1f6f0f0bc1a183a16d23a3c3fc84807072fbac09b7ad393,"{""id"":""exp_fusion_oracle"",""epochs"":10,""seed"":17,""fov"":96,""tau"":0,""sampler"":""balanced"",""lr"":0.001,""weight_decay"":0.01,""biology"":""oracle"",""hypothesis"":""Incremental biology with matched capacity and information controls""}",C:\Users\Hngk\Documents\Codex\PUMA_STAGE2_RESEARCH_PROMPTS_1_TO_4\PROMPT_2\ARCHITECTURES\FROZEN_UNI2_oracle\RESULTS\RUNS\exp_fusion_oracle\logs\history.jsonl,a4448b708a30e194881ee7e16ee072498c141562cddbe474205861845855395f,10,RECOVERED_ORIGINAL_EPOCHS
2,exp_fusion_placebo,17,NOT RECORDED IN ORIGINAL RUN,C:\Users\Hngk\Documents\Codex\PUMA_STAGE2_RESEARCH_PROMPTS_1_TO_4\PROMPT_2\ARCHITECTURES\FROZEN_UNI2_placebo\RESULTS\RUNS\exp_fusion_placebo\config.json,41850bbf93d72454d15983b0f19f7d6e0279c98173a19f34fe323fe8012dd919,"{""id"":""exp_fusion_placebo"",""epochs"":10,""seed"":17,""fov"":96,""tau"":0,""sampler"":""balanced"",""lr"":0.001,""weight_decay"":0.01,""biology"":""placebo"",""hypothesis"":""Incremental biology with matched capacity and information controls""}",C:\Users\Hngk\Documents\Codex\PUMA_STAGE2_RESEARCH_PROMPTS_1_TO_4\PROMPT_2\ARCHITECTURES\FROZEN_UNI2_placebo\RESULTS\RUNS\exp_fusion_placebo\logs\history.jsonl,705177ae813b6818bb891677dd8c5686f52da2c46b20ea5857a2f6d2191c200b,10,RECOVERED_ORIGINAL_EPOCHS
2,exp_rep_placebo_29,29,NOT RECORDED IN ORIGINAL RUN,C:\Users\Hngk\Documents\Codex\PUMA_STAGE2_RESEARCH_PROMPTS_1_TO_4\PROMPT_2\ARCHITECTURES\FROZEN_UNI2_placebo\RESULTS\RUNS\exp_rep_placebo_29\config.json,e1fb0b471efcc6713e2b6a12d7991af14bbc0d218db6d941460917166f2b2b85,"{""id"":""exp_rep_placebo_29"",""epochs"":10,""seed"":29,""fov"":96,""tau"":0,""sampler"":""balanced"",""lr"":0.001,""weight_decay"":0.01,""biology"":""placebo"",""hypothesis"":""Repeat apparent biological increment across initialization and sampling seeds""}",C:\Users\Hngk\Documents\Codex\PUMA_STAGE2_RESEARCH_PROMPTS_1_TO_4\PROMPT_2\ARCHITECTURES\FROZEN_UNI2_placebo\RESULTS\RUNS\exp_rep_placebo_29\logs\history.jsonl,811626271e02f385e3df9c9be6d35442168ca3ae2f4b1976363ea8650e862f71,10,RECOVERED_ORIGINAL_EPOCHS
2,exp_rep_placebo_43,43,NOT RECORDED IN ORIGINAL RUN,C:\Users\Hngk\Documents\Codex\PUMA_STAGE2_RESEARCH_PROMPTS_1_TO_4\PROMPT_2\ARCHITECTURES\FROZEN_UNI2_placebo\RESULTS\RUNS\exp_rep_placebo_43\config.json,6baa3ebeb019cd5ac5b5d12b48955d2a8d75d8313bdcd3d0b6a05800e7995fd3,"{""id"":""exp_rep_placebo_43"",""epochs"":10,""seed"":43,""fov"":96,""tau"":0,""sampler"":""balanced"",""lr"":0.001,""weight_decay"":0.01,""biology"":""placebo"",""hypothesis"":""Repeat apparent biological increment across initialization and sampling seeds""}",C:\Users\Hngk\Documents\Codex\PUMA_STAGE2_RESEARCH_PROMPTS_1_TO_4\PROMPT_2\ARCHITECTURES\FROZEN_UNI2_placebo\RESULTS\RUNS\exp_rep_placebo_43\logs\history.jsonl,3346f7249f091f44918fa5614091fb976ddeaced9adf3c6f6c380d45ee440438,10,RECOVERED_ORIGINAL_EPOCHS
2,exp_fusion_shuffle,17,NOT RECORDED IN ORIGINAL RUN,C:\Users\Hngk\Documents\Codex\PUMA_STAGE2_RESEARCH_PROMPTS_1_TO_4\PROMPT_2\ARCHITECTURES\FROZEN_UNI2_shuffle\RESULTS\RUNS\exp_fusion_shuffle\config.json,fd6365983ca42ad75631ae651ab9c7f583ff8dcde7a5571933438a99c9a6caac,"{""id"":""exp_fusion_shuffle"",""epochs"":10,""seed"":17,""fov"":96,""tau"":0,""sampler"":""balanced"",""lr"":0.001,""weight_decay"":0.01,""biology"":""shuffle"",""hypothesis"":""Incremental biology with matched capacity and information controls""}",C:\Users\Hngk\Documents\Codex\PUMA_STAGE2_RESEARCH_PROMPTS_1_TO_4\PROMPT_2\ARCHITECTURES\FROZEN_UNI2_shuffle\RESULTS\RUNS\exp_fusion_shuffle\logs\history.jsonl,ae395c4660ebe98ca995fea56ceb372c72ef3fabe92fd66c2ea83117c7187648,10,RECOVERED_ORIGINAL_EPOCHS
2,exp_rep_shuffle_29,29,NOT RECORDED IN ORIGINAL RUN,C:\Users\Hngk\Documents\Codex\PUMA_STAGE2_RESEARCH_PROMPTS_1_TO_4\PROMPT_2\ARCHITECTURES\FROZEN_UNI2_shuffle\RESULTS\RUNS\exp_rep_shuffle_29\config.json,6e4bdffb94190d6dc23b1b5fe21dff92beea4db50325a76c2aa4c9d2e8e4c25f,"{""id"":""exp_rep_shuffle_29"",""epochs"":10,""seed"":29,""fov"":96,""tau"":0,""sampler"":""balanced"",""lr"":0.001,""weight_decay"":0.01,""biology"":""shuffle"",""hypothesis"":""Repeat apparent biological increment across initialization and sampling seeds""}",C:\Users\Hngk\Documents\Codex\PUMA_STAGE2_RESEARCH_PROMPTS_1_TO_4\PROMPT_2\ARCHITECTURES\FROZEN_UNI2_shuffle\RESULTS\RUNS\exp_rep_shuffle_29\logs\history.jsonl,03b6ce4db21c4cdca0101130c8a893f8f8ff8a22743bc0d7e25079dac3577b71,10,RECOVERED_ORIGINAL_EPOCHS
2,exp_rep_shuffle_43,43,NOT RECORDED IN ORIGINAL RUN,C:\Users\Hngk\Documents\Codex\PUMA_STAGE2_RESEARCH_PROMPTS_1_TO_4\PROMPT_2\ARCHITECTURES\FROZEN_UNI2_shuffle\RESULTS\RUNS\exp_rep_shuffle_43\config.json,c30938a3916830afd0ade0d6d58822fe1eae5689a47bc2e18412e86881117e1d,"{""id"":""exp_rep_shuffle_43"",""epochs"":10,""seed"":43,""fov"":96,""tau"":0,""sampler"":""balanced"",""lr"":0.001,""weight_decay"":0.01,""biology"":""shuffle"",""hypothesis"":""Repeat apparent biological increment across initialization and sampling seeds""}",C:\Users\Hngk\Documents\Codex\PUMA_STAGE2_RESEARCH_PROMPTS_1_TO_4\PROMPT_2\ARCHITECTURES\FROZEN_UNI2_shuffle\RESULTS\RUNS\exp_rep_shuffle_43\logs\history.jsonl,3c2f485b02fd41fecf607b5554d45ad14ee8ba06f3b0ed7fe023e53a1a6a7e79,10,RECOVERED_ORIGINAL_EPOCHS
2,exp_drop_gradient_texture,17,NOT RECORDED IN ORIGINAL RUN,C:\Users\Hngk\Documents\Codex\PUMA_STAGE2_RESEARCH_PROMPTS_1_TO_4\PROMPT_2\ARCHITECTURES\FROZEN_UNI2_tierA\RESULTS\RUNS\exp_drop_gradient_texture\config.json,f67b659c9aa7d3303331d97d0b008d99fd1513304f3ba91a614361ced314a7ef,"{""id"":""exp_drop_gradient_texture"",""epochs"":10,""seed"":17,""fov"":96,""tau"":0,""sampler"":""balanced"",""lr"":0.001,""weight_decay"":0.01,""biology"":""tierA"",""families"":[""stain"",""ring"",""roi_relative""],""hypothesis"":""Leave one family out of the qualifying full TierA model""}",C:\Users\Hngk\Documents\Codex\PUMA_STAGE2_RESEARCH_PROMPTS_1_TO_4\PROMPT_2\ARCHITECTURES\FROZEN_UNI2_tierA\RESULTS\RUNS\exp_drop_gradient_texture\logs\history.jsonl,ba7e593e4ddcc1a530a314234b9194b0c90af8af77350666e9ae7cdc2d59865e,10,RECOVERED_ORIGINAL_EPOCHS
2,exp_drop_ring,17,NOT RECORDED IN ORIGINAL RUN,C:\Users\Hngk\Documents\Codex\PUMA_STAGE2_RESEARCH_PROMPTS_1_TO_4\PROMPT_2\ARCHITECTURES\FROZEN_UNI2_tierA\RESULTS\RUNS\exp_drop_ring\config.json,d99744e1a553ba96c9471fc1554011f9a904f6926d84e01afabd0c1a8fab8d7c,"{""id"":""exp_drop_ring"",""epochs"":10,""seed"":17,""fov"":96,""tau"":0,""sampler"":""balanced"",""lr"":0.001,""weight_decay"":0.01,""biology"":""tierA"",""families"":[""stain"",""gradient_texture"",""roi_relative""],""hypothesis"":""Leave one family out of the qualifying full TierA model""}",C:\Users\Hngk\Documents\Codex\PUMA_STAGE2_RESEARCH_PROMPTS_1_TO_4\PROMPT_2\ARCHITECTURES\FROZEN_UNI2_tierA\RESULTS\RUNS\exp_drop_ring\logs\history.jsonl,a86952737e5861119c96be2749418afd9752b06672587bdda606344be9c0b86e,10,RECOVERED_ORIGINAL_EPOCHS
2,exp_drop_roi_relative,17,NOT RECORDED IN ORIGINAL RUN,C:\Users\Hngk\Documents\Codex\PUMA_STAGE2_RESEARCH_PROMPTS_1_TO_4\PROMPT_2\ARCHITECTURES\FROZEN_UNI2_tierA\RESULTS\RUNS\exp_drop_roi_relative\config.json,9667ff3611b43eaaab25c6b26ccef8c4d4eedb64ddfd73af339b647692e88783,"{""id"":""exp_drop_roi_relative"",""epochs"":10,""seed"":17,""fov"":96,""tau"":0,""sampler"":""balanced"",""lr"":0.001,""weight_decay"":0.01,""biology"":""tierA"",""families"":[""stain"",""gradient_texture"",""ring""],""hypothesis"":""Leave one family out of the qualifying full TierA model""}",C:\Users\Hngk\Documents\Codex\PUMA_STAGE2_RESEARCH_PROMPTS_1_TO_4\PROMPT_2\ARCHITECTURES\FROZEN_UNI2_tierA\RESULTS\RUNS\exp_drop_roi_relative\logs\history.jsonl,6aafee0f4b0c3ba750bc6509c80b10da6bc1ddb84d21349db88d9010b338bc13,10,RECOVERED_ORIGINAL_EPOCHS
2,exp_drop_stain,17,NOT RECORDED IN ORIGINAL RUN,C:\Users\Hngk\Documents\Codex\PUMA_STAGE2_RESEARCH_PROMPTS_1_TO_4\PROMPT_2\ARCHITECTURES\FROZEN_UNI2_tierA\RESULTS\RUNS\exp_drop_stain\config.json,5840188398180b7d9ad211ca233f63e1d9f22e427dbc509ff210e96319da19d1,"{""id"":""exp_drop_stain"",""epochs"":10,""seed"":17,""fov"":96,""tau"":0,""sampler"":""balanced"",""lr"":0.001,""weight_decay"":0.01,""biology"":""tierA"",""families"":[""gradient_texture"",""ring"",""roi_relative""],""hypothesis"":""Leave one family out of the qualifying full TierA model""}",C:\Users\Hngk\Documents\Codex\PUMA_STAGE2_RESEARCH_PROMPTS_1_TO_4\PROMPT_2\ARCHITECTURES\FROZEN_UNI2_tierA\RESULTS\RUNS\exp_drop_stain\logs\history.jsonl,7080eea74d4bb7a6cc4defdb6d6d83284cd79cd92f5a39a22258b3d7de1c11f6,10,RECOVERED_ORIGINAL_EPOCHS
2,exp_family_gradient_texture,17,NOT RECORDED IN ORIGINAL RUN,C:\Users\Hngk\Documents\Codex\PUMA_STAGE2_RESEARCH_PROMPTS_1_TO_4\PROMPT_2\ARCHITECTURES\FROZEN_UNI2_tierA\RESULTS\RUNS\exp_family_gradient_texture\config.json,760082afa0709d5274af05deb722964468b00ad75f05624d415ed0597ab10e5a,"{""id"":""exp_family_gradient_texture"",""epochs"":10,""seed"":17,""fov"":96,""tau"":0,""sampler"":""balanced"",""lr"":0.001,""weight_decay"":0.01,""biology"":""tierA"",""families"":[""gradient_texture""],""hypothesis"":""Which biological family contributes beyond appearance?""}",C:\Users\Hngk\Documents\Codex\PUMA_STAGE2_RESEARCH_PROMPTS_1_TO_4\PROMPT_2\ARCHITECTURES\FROZEN_UNI2_tierA\RESULTS\RUNS\exp_family_gradient_texture\logs\history.jsonl,4cd949fc15b6d82735fff507bed20f536d5d5132cc8738da28dd35649ae9b24f,10,RECOVERED_ORIGINAL_EPOCHS
2,exp_family_ring,17,NOT RECORDED IN ORIGINAL RUN,C:\Users\Hngk\Documents\Codex\PUMA_STAGE2_RESEARCH_PROMPTS_1_TO_4\PROMPT_2\ARCHITECTURES\FROZEN_UNI2_tierA\RESULTS\RUNS\exp_family_ring\config.json,36d383b9a3f19dd19a966154b541abfaaf7e1598610fc97fbcfbb078b36ed898,"{""id"":""exp_family_ring"",""epochs"":10,""seed"":17,""fov"":96,""tau"":0,""sampler"":""balanced"",""lr"":0.001,""weight_decay"":0.01,""biology"":""tierA"",""families"":[""ring""],""hypothesis"":""Which biological family contributes beyond appearance?""}",C:\Users\Hngk\Documents\Codex\PUMA_STAGE2_RESEARCH_PROMPTS_1_TO_4\PROMPT_2\ARCHITECTURES\FROZEN_UNI2_tierA\RESULTS\RUNS\exp_family_ring\logs\history.jsonl,6f0e84731add50bbdf5d536b6fc0cb6b34bc4382036fec3f8c2ea7f8a8ee385e,10,RECOVERED_ORIGINAL_EPOCHS
2,exp_family_roi_relative,17,NOT RECORDED IN ORIGINAL RUN,C:\Users\Hngk\Documents\Codex\PUMA_STAGE2_RESEARCH_PROMPTS_1_TO_4\PROMPT_2\ARCHITECTURES\FROZEN_UNI2_tierA\RESULTS\RUNS\exp_family_roi_relative\config.json,1a8071da66997522229c1d176d5690f020d6dc4d27490acdef1cdf63101b1087,"{""id"":""exp_family_roi_relative"",""epochs"":10,""seed"":17,""fov"":96,""tau"":0,""sampler"":""balanced"",""lr"":0.001,""weight_decay"":0.01,""biology"":""tierA"",""families"":[""roi_relative""],""hypothesis"":""Which biological family contributes beyond appearance?""}",C:\Users\Hngk\Documents\Codex\PUMA_STAGE2_RESEARCH_PROMPTS_1_TO_4\PROMPT_2\ARCHITECTURES\FROZEN_UNI2_tierA\RESULTS\RUNS\exp_family_roi_relative\logs\history.jsonl,5072f5dbd3c6334d8469ced3561d0e24eb265b07edd669f0991eb9ed1ed52cc9,10,RECOVERED_ORIGINAL_EPOCHS
2,exp_family_stain,17,NOT RECORDED IN ORIGINAL RUN,C:\Users\Hngk\Documents\Codex\PUMA_STAGE2_RESEARCH_PROMPTS_1_TO_4\PROMPT_2\ARCHITECTURES\FROZEN_UNI2_tierA\RESULTS\RUNS\exp_family_stain\config.json,5e15f4e36a21d59be385bb1f82a4352445c9054069291f6b9d08e058a113a66f,"{""id"":""exp_family_stain"",""epochs"":10,""seed"":17,""fov"":96,""tau"":0,""sampler"":""balanced"",""lr"":0.001,""weight_decay"":0.01,""biology"":""tierA"",""families"":[""stain""],""hypothesis"":""Which biological family contributes beyond appearance?""}",C:\Users\Hngk\Documents\Codex\PUMA_STAGE2_RESEARCH_PROMPTS_1_TO_4\PROMPT_2\ARCHITECTURES\FROZEN_UNI2_tierA\RESULTS\RUNS\exp_family_stain\logs\history.jsonl,832320491c01f32eb2b58c26ab26acb57af09317f1d6cecf22b2bfbee1edde09,10,RECOVERED_ORIGINAL_EPOCHS
2,exp_fusion_tierA,17,NOT RECORDED IN ORIGINAL RUN,C:\Users\Hngk\Documents\Codex\PUMA_STAGE2_RESEARCH_PROMPTS_1_TO_4\PROMPT_2\ARCHITECTURES\FROZEN_UNI2_tierA\RESULTS\RUNS\exp_fusion_tierA\config.json,1e9c29f8138f796f79904e20f09ed7c4ada0651a40d9bd36a50797e0ec8a88c9,"{""id"":""exp_fusion_tierA"",""epochs"":10,""seed"":17,""fov"":96,""tau"":0,""sampler"":""balanced"",""lr"":0.001,""weight_decay"":0.01,""biology"":""tierA"",""hypothesis"":""Incremental biology with matched capacity and information controls""}",C:\Users\Hngk\Documents\Codex\PUMA_STAGE2_RESEARCH_PROMPTS_1_TO_4\PROMPT_2\ARCHITECTURES\FROZEN_UNI2_tierA\RESULTS\RUNS\exp_fusion_tierA\logs\history.jsonl,aff5632a0f76c84b4a7b0d6f138a80fb0f520f440a4ab9f2ea245606b3ed168b,10,RECOVERED_ORIGINAL_EPOCHS
2,exp_rep_tierA_29,29,NOT RECORDED IN ORIGINAL RUN,C:\Users\Hngk\Documents\Codex\PUMA_STAGE2_RESEARCH_PROMPTS_1_TO_4\PROMPT_2\ARCHITECTURES\FROZEN_UNI2_tierA\RESULTS\RUNS\exp_rep_tierA_29\config.json,bf4ed61d54f5c634700056c52a7847527dbd44b857688a574c0365e8db475838,"{""id"":""exp_rep_tierA_29"",""epochs"":10,""seed"":29,""fov"":96,""tau"":0,""sampler"":""balanced"",""lr"":0.001,""weight_decay"":0.01,""biology"":""tierA"",""hypothesis"":""Repeat apparent biological increment across initialization and sampling seeds""}",C:\Users\Hngk\Documents\Codex\PUMA_STAGE2_RESEARCH_PROMPTS_1_TO_4\PROMPT_2\ARCHITECTURES\FROZEN_UNI2_tierA\RESULTS\RUNS\exp_rep_tierA_29\logs\history.jsonl,1a76fd30a227a39da867bc1a641f93f12570a1e7c2836132d066f91a11064ded,10,RECOVERED_ORIGINAL_EPOCHS
2,exp_rep_tierA_43,43,NOT RECORDED IN ORIGINAL RUN,C:\Users\Hngk\Documents\Codex\PUMA_STAGE2_RESEARCH_PROMPTS_1_TO_4\PROMPT_2\ARCHITECTURES\FROZEN_UNI2_tierA\RESULTS\RUNS\exp_rep_tierA_43\config.json,e5ec16d587ce9b557b2e3bd99ba17b3c0c2f6072ba0c1ba737ab4e607817dd7a,"{""id"":""exp_rep_tierA_43"",""epochs"":10,""seed"":43,""fov"":96,""tau"":0,""sampler"":""balanced"",""lr"":0.001,""weight_decay"":0.01,""biology"":""tierA"",""hypothesis"":""Repeat apparent biological increment across initialization and sampling seeds""}",C:\Users\Hngk\Documents\Codex\PUMA_STAGE2_RESEARCH_PROMPTS_1_TO_4\PROMPT_2\ARCHITECTURES\FROZEN_UNI2_tierA\RESULTS\RUNS\exp_rep_tierA_43\logs\history.jsonl,5d88c14c0832c3c49b4a5e33876e3e1ae6dd08385525ccdcac7961c4cb2af97a,10,RECOVERED_ORIGINAL_EPOCHS
2,exp_tune_bio_lr_0.0003,17,NOT RECORDED IN ORIGINAL RUN,C:\Users\Hngk\Documents\Codex\PUMA_STAGE2_RESEARCH_PROMPTS_1_TO_4\PROMPT_2\ARCHITECTURES\FROZEN_UNI2_tierA\RESULTS\RUNS\exp_tune_bio_lr_0.0003\config.json,bfdaef3bee56d1826dbd10c8aa3236253ae91f20e98b3f70896fee9474e8deec,"{""id"":""exp_tune_bio_lr_0.0003"",""epochs"":10,""seed"":17,""fov"":96,""tau"":0,""sampler"":""balanced"",""lr"":0.0003,""weight_decay"":0.01,""biology"":""tierA"",""hypothesis"":""Prespecified small head LR refinement for surviving minimal biology fusion""}",C:\Users\Hngk\Documents\Codex\PUMA_STAGE2_RESEARCH_PROMPTS_1_TO_4\PROMPT_2\ARCHITECTURES\FROZEN_UNI2_tierA\RESULTS\RUNS\exp_tune_bio_lr_0.0003\logs\history.jsonl,f4a82f11f5e333178f39c6066b2e36fd01c3c2b64f3d0754274bae1d8d068496,10,RECOVERED_ORIGINAL_EPOCHS
2,exp_tune_bio_lr_0.003,17,NOT RECORDED IN ORIGINAL RUN,C:\Users\Hngk\Documents\Codex\PUMA_STAGE2_RESEARCH_PROMPTS_1_TO_4\PROMPT_2\ARCHITECTURES\FROZEN_UNI2_tierA\RESULTS\RUNS\exp_tune_bio_lr_0.003\config.json,95e48df24a34b253297fdb562fa2ff016be796ab13ec788a59a85d8798763c5c,"{""id"":""exp_tune_bio_lr_0.003"",""epochs"":10,""seed"":17,""fov"":96,""tau"":0,""sampler"":""balanced"",""lr"":0.003,""weight_decay"":0.01,""biology"":""tierA"",""hypothesis"":""Prespecified small head LR refinement for surviving minimal biology fusion""}",C:\Users\Hngk\Documents\Codex\PUMA_STAGE2_RESEARCH_PROMPTS_1_TO_4\PROMPT_2\ARCHITECTURES\FROZEN_UNI2_tierA\RESULTS\RUNS\exp_tune_bio_lr_0.003\logs\history.jsonl,e99a7f50575e526878a51b9bfe4c44a8af2f2b831beb5cf3f25cd91b155fe019,10,RECOVERED_ORIGINAL_EPOCHS
3,p3_A0_real_s17_cv0,17,0,C:\Users\Hngk\Documents\Codex\PUMA_STAGE2_RESEARCH_PROMPTS_1_TO_4\PROMPT_3\ARCHITECTURES\A0\RESULTS\RUNS\p3_A0_real_s17_cv0\config.json,6fe05ede0ae1c3d5be8cd432a3b96d15feb9e857d971236bc01d651d82ac1ae8,"{""id"":""p3_A0_real_s17_cv0"",""architecture"":""A0"",""control"":""real"",""seed"":17,""fold"":0,""epochs"":10,""lr"":0.001,""weight_decay"":0.01,""sampler"":""balanced"",""tau"":0}",C:\Users\Hngk\Documents\Codex\PUMA_STAGE2_RESEARCH_PROMPTS_1_TO_4\PROMPT_3\ARCHITECTURES\A0\RESULTS\RUNS\p3_A0_real_s17_cv0\history.jsonl,4e0e1016228434df1c9bf5396d68de700b25c1f78e24fecd4eb347257dcca4eb,10,RECOVERED_ORIGINAL_EPOCHS
3,p3_A0_real_s17_cv1,17,1,C:\Users\Hngk\Documents\Codex\PUMA_STAGE2_RESEARCH_PROMPTS_1_TO_4\PROMPT_3\ARCHITECTURES\A0\RESULTS\RUNS\p3_A0_real_s17_cv1\config.json,55a2affa66ebf855c094200c4d1363d4b0df3ee8a0e59275ba87188cf7f6cbfa,"{""id"":""p3_A0_real_s17_cv1"",""architecture"":""A0"",""control"":""real"",""seed"":17,""fold"":1,""epochs"":10,""lr"":0.001,""weight_decay"":0.01,""sampler"":""balanced"",""tau"":0}",C:\Users\Hngk\Documents\Codex\PUMA_STAGE2_RESEARCH_PROMPTS_1_TO_4\PROMPT_3\ARCHITECTURES\A0\RESULTS\RUNS\p3_A0_real_s17_cv1\history.jsonl,e889c8c3a5e579990f051d8fa8a1f90b10696baceb11e354a5ba049b6cf46ee1,10,RECOVERED_ORIGINAL_EPOCHS
3,p3_A0_real_s17_cv2,17,2,C:\Users\Hngk\Documents\Codex\PUMA_STAGE2_RESEARCH_PROMPTS_1_TO_4\PROMPT_3\ARCHITECTURES\A0\RESULTS\RUNS\p3_A0_real_s17_cv2\config.json,6ac5016076da61a49fb297efae5bcfe84ab0fcb3a3f6491fc07f9eb024f8d393,"{""id"":""p3_A0_real_s17_cv2"",""architecture"":""A0"",""control"":""real"",""seed"":17,""fold"":2,""epochs"":10,""lr"":0.001,""weight_decay"":0.01,""sampler"":""balanced"",""tau"":0}",C:\Users\Hngk\Documents\Codex\PUMA_STAGE2_RESEARCH_PROMPTS_1_TO_4\PROMPT_3\ARCHITECTURES\A0\RESULTS\RUNS\p3_A0_real_s17_cv2\history.jsonl,a8c02c6f4990f829178151d1fe301aef937ac3bd132ccf5880eb80ac595421f8,10,RECOVERED_ORIGINAL_EPOCHS
3,p3_A0_real_s29_cv0,29,0,C:\Users\Hngk\Documents\Codex\PUMA_STAGE2_RESEARCH_PROMPTS_1_TO_4\PROMPT_3\ARCHITECTURES\A0\RESULTS\RUNS\p3_A0_real_s29_cv0\config.json,2989b17fe489979b10fe86ea59a776192b0942fb3a87742d6e0a5443f3a5b111,"{""id"":""p3_A0_real_s29_cv0"",""architecture"":""A0"",""control"":""real"",""seed"":29,""fold"":0,""epochs"":10,""lr"":0.001,""weight_decay"":0.01,""sampler"":""balanced"",""tau"":0}",C:\Users\Hngk\Documents\Codex\PUMA_STAGE2_RESEARCH_PROMPTS_1_TO_4\PROMPT_3\ARCHITECTURES\A0\RESULTS\RUNS\p3_A0_real_s29_cv0\history.jsonl,7a8021f58c64fa3fc0cb3cae77cf48d2930406fb39bc6f7c7826b4fcad85bd47,10,RECOVERED_ORIGINAL_EPOCHS
3,p3_A0_real_s29_cv1,29,1,C:\Users\Hngk\Documents\Codex\PUMA_STAGE2_RESEARCH_PROMPTS_1_TO_4\PROMPT_3\ARCHITECTURES\A0\RESULTS\RUNS\p3_A0_real_s29_cv1\config.json,079c2ddc88a487399c1532e20bbc2e2a0e6b79857343d37733ef086cfd9631ce,"{""id"":""p3_A0_real_s29_cv1"",""architecture"":""A0"",""control"":""real"",""seed"":29,""fold"":1,""epochs"":10,""lr"":0.001,""weight_decay"":0.01,""sampler"":""balanced"",""tau"":0}",C:\Users\Hngk\Documents\Codex\PUMA_STAGE2_RESEARCH_PROMPTS_1_TO_4\PROMPT_3\ARCHITECTURES\A0\RESULTS\RUNS\p3_A0_real_s29_cv1\history.jsonl,6ae1f67db0d48da770c7279e12e72e7102ee58d2f368b7235c1994f60ae07174,10,RECOVERED_ORIGINAL_EPOCHS
3,p3_A0_real_s29_cv2,29,2,C:\Users\Hngk\Documents\Codex\PUMA_STAGE2_RESEARCH_PROMPTS_1_TO_4\PROMPT_3\ARCHITECTURES\A0\RESULTS\RUNS\p3_A0_real_s29_cv2\config.json,b3501abbd76abf4396cab8b8cab5d447ced171206e0d13bdf2f3bb21db1c0b4b,"{""id"":""p3_A0_real_s29_cv2"",""architecture"":""A0"",""control"":""real"",""seed"":29,""fold"":2,""epochs"":10,""lr"":0.001,""weight_decay"":0.01,""sampler"":""balanced"",""tau"":0}",C:\Users\Hngk\Documents\Codex\PUMA_STAGE2_RESEARCH_PROMPTS_1_TO_4\PROMPT_3\ARCHITECTURES\A0\RESULTS\RUNS\p3_A0_real_s29_cv2\history.jsonl,d1d4287bb0e5ab5c78c460fd5e4b7eab366b32f62e3bdde55d348d9864625b92,10,RECOVERED_ORIGINAL_EPOCHS
3,p3_A0_real_s43_cv0,43,0,C:\Users\Hngk\Documents\Codex\PUMA_STAGE2_RESEARCH_PROMPTS_1_TO_4\PROMPT_3\ARCHITECTURES\A0\RESULTS\RUNS\p3_A0_real_s43_cv0\config.json,4fa7eef2d27615ab8ce444cef9cdc5ba206a9013bb1ccc62e21b3742131f28e5,"{""id"":""p3_A0_real_s43_cv0"",""architecture"":""A0"",""control"":""real"",""seed"":43,""fold"":0,""epochs"":10,""lr"":0.001,""weight_decay"":0.01,""sampler"":""balanced"",""tau"":0}",C:\Users\Hngk\Documents\Codex\PUMA_STAGE2_RESEARCH_PROMPTS_1_TO_4\PROMPT_3\ARCHITECTURES\A0\RESULTS\RUNS\p3_A0_real_s43_cv0\history.jsonl,e825e007982a49e18912a51d48e7decd61fc3def0022317496830b94ead37b0f,10,RECOVERED_ORIGINAL_EPOCHS
3,p3_A0_real_s43_cv1,43,1,C:\Users\Hngk\Documents\Codex\PUMA_STAGE2_RESEARCH_PROMPTS_1_TO_4\PROMPT_3\ARCHITECTURES\A0\RESULTS\RUNS\p3_A0_real_s43_cv1\config.json,9d39221373705b2ab75a1e48c9385148c8eca274b258310ca04305f9db39cceb,"{""id"":""p3_A0_real_s43_cv1"",""architecture"":""A0"",""control"":""real"",""seed"":43,""fold"":1,""epochs"":10,""lr"":0.001,""weight_decay"":0.01,""sampler"":""balanced"",""tau"":0}",C:\Users\Hngk\Documents\Codex\PUMA_STAGE2_RESEARCH_PROMPTS_1_TO_4\PROMPT_3\ARCHITECTURES\A0\RESULTS\RUNS\p3_A0_real_s43_cv1\history.jsonl,1bc6326624efe1c896d404f5034c48cbb0da7b8174abd398c021737a628ac4f8,10,RECOVERED_ORIGINAL_EPOCHS
3,p3_A0_real_s43_cv2,43,2,C:\Users\Hngk\Documents\Codex\PUMA_STAGE2_RESEARCH_PROMPTS_1_TO_4\PROMPT_3\ARCHITECTURES\A0\RESULTS\RUNS\p3_A0_real_s43_cv2\config.json,4763a2d51952776f47b732e141e48d8179fb4e42a7f2ca223c75f075d2851aed,"{""id"":""p3_A0_real_s43_cv2"",""architecture"":""A0"",""control"":""real"",""seed"":43,""fold"":2,""epochs"":10,""lr"":0.001,""weight_decay"":0.01,""sampler"":""balanced"",""tau"":0}",C:\Users\Hngk\Documents\Codex\PUMA_STAGE2_RESEARCH_PROMPTS_1_TO_4\PROMPT_3\ARCHITECTURES\A0\RESULTS\RUNS\p3_A0_real_s43_cv2\history.jsonl,72c3ed22f6bae3dd062f7e5187f8bcade044f81d6607e762cab5d1af3a5025e4,10,RECOVERED_ORIGINAL_EPOCHS
3,p3_A1_real_s17_cv0,17,0,C:\Users\Hngk\Documents\Codex\PUMA_STAGE2_RESEARCH_PROMPTS_1_TO_4\PROMPT_3\ARCHITECTURES\A1\RESULTS\RUNS\p3_A1_real_s17_cv0\config.json,8f02f8748eaed8eff2a7fe279ea57f9df9567472b1039f31c96197c3fe1c12d6,"{""id"":""p3_A1_real_s17_cv0"",""architecture"":""A1"",""control"":""real"",""seed"":17,""fold"":0,""epochs"":10,""lr"":0.001,""weight_decay"":0.01,""sampler"":""balanced"",""tau"":0}",C:\Users\Hngk\Documents\Codex\PUMA_STAGE2_RESEARCH_PROMPTS_1_TO_4\PROMPT_3\ARCHITECTURES\A1\RESULTS\RUNS\p3_A1_real_s17_cv0\history.jsonl,34b691c7b05b688e7f2cc0622e97e8fa11020ea669a2a9dd7186d3aa4e74e67c,10,RECOVERED_ORIGINAL_EPOCHS
3,p3_A1_real_s17_cv1,17,1,C:\Users\Hngk\Documents\Codex\PUMA_STAGE2_RESEARCH_PROMPTS_1_TO_4\PROMPT_3\ARCHITECTURES\A1\RESULTS\RUNS\p3_A1_real_s17_cv1\config.json,5d49320ea7b243541f137e06479091471586166033af199274f4b0c25b98c575,"{""id"":""p3_A1_real_s17_cv1"",""architecture"":""A1"",""control"":""real"",""seed"":17,""fold"":1,""epochs"":10,""lr"":0.001,""weight_decay"":0.01,""sampler"":""balanced"",""tau"":0}",C:\Users\Hngk\Documents\Codex\PUMA_STAGE2_RESEARCH_PROMPTS_1_TO_4\PROMPT_3\ARCHITECTURES\A1\RESULTS\RUNS\p3_A1_real_s17_cv1\history.jsonl,c8013f755d738142fb33e7e9d412b989b74a489024276b4778d4f59b9c89beb4,10,RECOVERED_ORIGINAL_EPOCHS
3,p3_A1_real_s17_cv2,17,2,C:\Users\Hngk\Documents\Codex\PUMA_STAGE2_RESEARCH_PROMPTS_1_TO_4\PROMPT_3\ARCHITECTURES\A1\RESULTS\RUNS\p3_A1_real_s17_cv2\config.json,74920125237a0f84f2a2e507dbfee2ca4de6c605c72395f5de4d395d1ce9e0fe,"{""id"":""p3_A1_real_s17_cv2"",""architecture"":""A1"",""control"":""real"",""seed"":17,""fold"":2,""epochs"":10,""lr"":0.001,""weight_decay"":0.01,""sampler"":""balanced"",""tau"":0}",C:\Users\Hngk\Documents\Codex\PUMA_STAGE2_RESEARCH_PROMPTS_1_TO_4\PROMPT_3\ARCHITECTURES\A1\RESULTS\RUNS\p3_A1_real_s17_cv2\history.jsonl,010f7fa08d7cd3c31bb76f30e279134063d402985f099b58523ddd890ac0548c,10,RECOVERED_ORIGINAL_EPOCHS
3,p3_A1_real_s29_cv0,29,0,C:\Users\Hngk\Documents\Codex\PUMA_STAGE2_RESEARCH_PROMPTS_1_TO_4\PROMPT_3\ARCHITECTURES\A1\RESULTS\RUNS\p3_A1_real_s29_cv0\config.json,f96fefafd43ea89a94bd712f5b661886bc13d6cee41ae9bbfa473576e725e11a,"{""id"":""p3_A1_real_s29_cv0"",""architecture"":""A1"",""control"":""real"",""seed"":29,""fold"":0,""epochs"":10,""lr"":0.001,""weight_decay"":0.01,""sampler"":""balanced"",""tau"":0}",C:\Users\Hngk\Documents\Codex\PUMA_STAGE2_RESEARCH_PROMPTS_1_TO_4\PROMPT_3\ARCHITECTURES\A1\RESULTS\RUNS\p3_A1_real_s29_cv0\history.jsonl,62edb9c122b44c4fa796dfcd5656c986461b48cbf916742528bc40bf9afec084,10,RECOVERED_ORIGINAL_EPOCHS
3,p3_A1_real_s29_cv1,29,1,C:\Users\Hngk\Documents\Codex\PUMA_STAGE2_RESEARCH_PROMPTS_1_TO_4\PROMPT_3\ARCHITECTURES\A1\RESULTS\RUNS\p3_A1_real_s29_cv1\config.json,90dea8de2efb269daf8b96afada6dd20e7b3ed741b67c14d1fd67f3477101f09,"{""id"":""p3_A1_real_s29_cv1"",""architecture"":""A1"",""control"":""real"",""seed"":29,""fold"":1,""epochs"":10,""lr"":0.001,""weight_decay"":0.01,""sampler"":""balanced"",""tau"":0}",C:\Users\Hngk\Documents\Codex\PUMA_STAGE2_RESEARCH_PROMPTS_1_TO_4\PROMPT_3\ARCHITECTURES\A1\RESULTS\RUNS\p3_A1_real_s29_cv1\history.jsonl,14d86e22723ef1c9ee48bbd59fc7900ed90edbaeb9e595f366fb85080b2fd11e,10,RECOVERED_ORIGINAL_EPOCHS
3,p3_A1_real_s29_cv2,29,2,C:\Users\Hngk\Documents\Codex\PUMA_STAGE2_RESEARCH_PROMPTS_1_TO_4\PROMPT_3\ARCHITECTURES\A1\RESULTS\RUNS\p3_A1_real_s29_cv2\config.json,0a4ef38fee06b79bbb6940a9e015b14db39ba14b8ccdac185892b264ab8f1a09,"{""id"":""p3_A1_real_s29_cv2"",""architecture"":""A1"",""control"":""real"",""seed"":29,""fold"":2,""epochs"":10,""lr"":0.001,""weight_decay"":0.01,""sampler"":""balanced"",""tau"":0}",C:\Users\Hngk\Documents\Codex\PUMA_STAGE2_RESEARCH_PROMPTS_1_TO_4\PROMPT_3\ARCHITECTURES\A1\RESULTS\RUNS\p3_A1_real_s29_cv2\history.jsonl,3fa76d10eac73eb120fd1b28eba3e79abc45b2b072cea46b257c3205a769f165,10,RECOVERED_ORIGINAL_EPOCHS
3,p3_A1_real_s43_cv0,43,0,C:\Users\Hngk\Documents\Codex\PUMA_STAGE2_RESEARCH_PROMPTS_1_TO_4\PROMPT_3\ARCHITECTURES\A1\RESULTS\RUNS\p3_A1_real_s43_cv0\config.json,4e970ac5c6a24536d4edfca0c4e89f78547a3587189879a5084145e764668ffd,"{""id"":""p3_A1_real_s43_cv0"",""architecture"":""A1"",""control"":""real"",""seed"":43,""fold"":0,""epochs"":10,""lr"":0.001,""weight_decay"":0.01,""sampler"":""balanced"",""tau"":0}",C:\Users\Hngk\Documents\Codex\PUMA_STAGE2_RESEARCH_PROMPTS_1_TO_4\PROMPT_3\ARCHITECTURES\A1\RESULTS\RUNS\p3_A1_real_s43_cv0\history.jsonl,4b00632ee96a32099027b00f6574af39736a33ee8c21cd68da3ab1228e0bd224,10,RECOVERED_ORIGINAL_EPOCHS
3,p3_A1_real_s43_cv1,43,1,C:\Users\Hngk\Documents\Codex\PUMA_STAGE2_RESEARCH_PROMPTS_1_TO_4\PROMPT_3\ARCHITECTURES\A1\RESULTS\RUNS\p3_A1_real_s43_cv1\config.json,e66372883e1e7341d899b6e20921b48ffb0b1bd6b2a409d6f9238f8485ef919d,"{""id"":""p3_A1_real_s43_cv1"",""architecture"":""A1"",""control"":""real"",""seed"":43,""fold"":1,""epochs"":10,""lr"":0.001,""weight_decay"":0.01,""sampler"":""balanced"",""tau"":0}",C:\Users\Hngk\Documents\Codex\PUMA_STAGE2_RESEARCH_PROMPTS_1_TO_4\PROMPT_3\ARCHITECTURES\A1\RESULTS\RUNS\p3_A1_real_s43_cv1\history.jsonl,edbdeb06f8e51c9c222b95f97ffaab4d73c1fd1aa264cc70a23d51ca3d0edd84,10,RECOVERED_ORIGINAL_EPOCHS
3,p3_A1_real_s43_cv2,43,2,C:\Users\Hngk\Documents\Codex\PUMA_STAGE2_RESEARCH_PROMPTS_1_TO_4\PROMPT_3\ARCHITECTURES\A1\RESULTS\RUNS\p3_A1_real_s43_cv2\config.json,a876631581a11062f39cc935be50226455c4ddcdf8431eb4f4decd0289e6fe28,"{""id"":""p3_A1_real_s43_cv2"",""architecture"":""A1"",""control"":""real"",""seed"":43,""fold"":2,""epochs"":10,""lr"":0.001,""weight_decay"":0.01,""sampler"":""balanced"",""tau"":0}",C:\Users\Hngk\Documents\Codex\PUMA_STAGE2_RESEARCH_PROMPTS_1_TO_4\PROMPT_3\ARCHITECTURES\A1\RESULTS\RUNS\p3_A1_real_s43_cv2\history.jsonl,01d510ad0b1d5ebe6e98a72a5e65f0272a0e36c96fe3a0dddf5cd6535904384f,10,RECOVERED_ORIGINAL_EPOCHS
3,p3_A2_placebo_s17_cv0,17,0,C:\Users\Hngk\Documents\Codex\PUMA_STAGE2_RESEARCH_PROMPTS_1_TO_4\PROMPT_3\ARCHITECTURES\A2\RESULTS\RUNS\p3_A2_placebo_s17_cv0\config.json,cacd5973794e1ee5a86c577e28ec884ff97a062d84ffdd37c3071db1223805c6,"{""id"":""p3_A2_placebo_s17_cv0"",""architecture"":""A2"",""control"":""placebo"",""seed"":17,""fold"":0,""epochs"":10,""lr"":0.001,""weight_decay"":0.01,""sampler"":""balanced"",""tau"":0}",C:\Users\Hngk\Documents\Codex\PUMA_STAGE2_RESEARCH_PROMPTS_1_TO_4\PROMPT_3\ARCHITECTURES\A2\RESULTS\RUNS\p3_A2_placebo_s17_cv0\history.jsonl,c6b75e161840f368da68220a13db05e4c014e16f4f5b06de2dfc8fe4d19e699e,10,RECOVERED_ORIGINAL_EPOCHS
3,p3_A2_placebo_s17_cv1,17,1,C:\Users\Hngk\Documents\Codex\PUMA_STAGE2_RESEARCH_PROMPTS_1_TO_4\PROMPT_3\ARCHITECTURES\A2\RESULTS\RUNS\p3_A2_placebo_s17_cv1\config.json,fb82b709ab33dc437deab7809bad2a17eeb76f62769bb4c1a0e1516d65c54531,"{""id"":""p3_A2_placebo_s17_cv1"",""architecture"":""A2"",""control"":""placebo"",""seed"":17,""fold"":1,""epochs"":10,""lr"":0.001,""weight_decay"":0.01,""sampler"":""balanced"",""tau"":0}",C:\Users\Hngk\Documents\Codex\PUMA_STAGE2_RESEARCH_PROMPTS_1_TO_4\PROMPT_3\ARCHITECTURES\A2\RESULTS\RUNS\p3_A2_placebo_s17_cv1\history.jsonl,11b3adb898a042b5510b1989577d7ccbbacd443c29e259a96cc52a390984e35c,10,RECOVERED_ORIGINAL_EPOCHS
3,p3_A2_placebo_s17_cv2,17,2,C:\Users\Hngk\Documents\Codex\PUMA_STAGE2_RESEARCH_PROMPTS_1_TO_4\PROMPT_3\ARCHITECTURES\A2\RESULTS\RUNS\p3_A2_placebo_s17_cv2\config.json,83bb23ceab5b0d5202729697dd324d96153579d5bdf594f59aaf7b125d47b392,"{""id"":""p3_A2_placebo_s17_cv2"",""architecture"":""A2"",""control"":""placebo"",""seed"":17,""fold"":2,""epochs"":10,""lr"":0.001,""weight_decay"":0.01,""sampler"":""balanced"",""tau"":0}",C:\Users\Hngk\Documents\Codex\PUMA_STAGE2_RESEARCH_PROMPTS_1_TO_4\PROMPT_3\ARCHITECTURES\A2\RESULTS\RUNS\p3_A2_placebo_s17_cv2\history.jsonl,b31cc8e63074abba475af919e6add6fc7c43ec2bcf87e9a91557be10f8b31576,10,RECOVERED_ORIGINAL_EPOCHS
3,p3_A2_placebo_s29_cv0,29,0,C:\Users\Hngk\Documents\Codex\PUMA_STAGE2_RESEARCH_PROMPTS_1_TO_4\PROMPT_3\ARCHITECTURES\A2\RESULTS\RUNS\p3_A2_placebo_s29_cv0\config.json,5d77edfc81c1b54ff339aab3401d3cfa12eed4c0018fe9ac827bf6508969d7e1,"{""id"":""p3_A2_placebo_s29_cv0"",""architecture"":""A2"",""control"":""placebo"",""seed"":29,""fold"":0,""epochs"":10,""lr"":0.001,""weight_decay"":0.01,""sampler"":""balanced"",""tau"":0}",C:\Users\Hngk\Documents\Codex\PUMA_STAGE2_RESEARCH_PROMPTS_1_TO_4\PROMPT_3\ARCHITECTURES\A2\RESULTS\RUNS\p3_A2_placebo_s29_cv0\history.jsonl,759a9ce7e4d4bc5631a39c9f158cc81697410e71676227ba1fa96471c935c614,10,RECOVERED_ORIGINAL_EPOCHS
3,p3_A2_placebo_s29_cv1,29,1,C:\Users\Hngk\Documents\Codex\PUMA_STAGE2_RESEARCH_PROMPTS_1_TO_4\PROMPT_3\ARCHITECTURES\A2\RESULTS\RUNS\p3_A2_placebo_s29_cv1\config.json,b3856e70f65b1c4d5e6bbe4a078bcec0c0cb1c2f24ddd35fdf43b28b24076a14,"{""id"":""p3_A2_placebo_s29_cv1"",""architecture"":""A2"",""control"":""placebo"",""seed"":29,""fold"":1,""epochs"":10,""lr"":0.001,""weight_decay"":0.01,""sampler"":""balanced"",""tau"":0}",C:\Users\Hngk\Documents\Codex\PUMA_STAGE2_RESEARCH_PROMPTS_1_TO_4\PROMPT_3\ARCHITECTURES\A2\RESULTS\RUNS\p3_A2_placebo_s29_cv1\history.jsonl,aed5677ac16fa44aa9e4d72680455ed3a3a643b2fac7de980a7a6c21189aa4b7,10,RECOVERED_ORIGINAL_EPOCHS
3,p3_A2_placebo_s29_cv2,29,2,C:\Users\Hngk\Documents\Codex\PUMA_STAGE2_RESEARCH_PROMPTS_1_TO_4\PROMPT_3\ARCHITECTURES\A2\RESULTS\RUNS\p3_A2_placebo_s29_cv2\config.json,dd3c25d1c747c1bcdbd5a635b734b1354af3dd37c7380157fdf6782ecc5f761b,"{""id"":""p3_A2_placebo_s29_cv2"",""architecture"":""A2"",""control"":""placebo"",""seed"":29,""fold"":2,""epochs"":10,""lr"":0.001,""weight_decay"":0.01,""sampler"":""balanced"",""tau"":0}",C:\Users\Hngk\Documents\Codex\PUMA_STAGE2_RESEARCH_PROMPTS_1_TO_4\PROMPT_3\ARCHITECTURES\A2\RESULTS\RUNS\p3_A2_placebo_s29_cv2\history.jsonl,bbb40c1ce0f517ac334ee70eb8a8a2eb8bf49afeff50a26eed31ef8507135d58,10,RECOVERED_ORIGINAL_EPOCHS
3,p3_A2_placebo_s43_cv0,43,0,C:\Users\Hngk\Documents\Codex\PUMA_STAGE2_RESEARCH_PROMPTS_1_TO_4\PROMPT_3\ARCHITECTURES\A2\RESULTS\RUNS\p3_A2_placebo_s43_cv0\config.json,c902b9e12cbc62f9f0c0e7c5409a89ea45f74c83646970cef16b9bdad96b6bd6,"{""id"":""p3_A2_placebo_s43_cv0"",""architecture"":""A2"",""control"":""placebo"",""seed"":43,""fold"":0,""epochs"":10,""lr"":0.001,""weight_decay"":0.01,""sampler"":""balanced"",""tau"":0}",C:\Users\Hngk\Documents\Codex\PUMA_STAGE2_RESEARCH_PROMPTS_1_TO_4\PROMPT_3\ARCHITECTURES\A2\RESULTS\RUNS\p3_A2_placebo_s43_cv0\history.jsonl,5a38ea570bb8e6354a186a7b23422676f48c3eb4f9067a5d841a2e5d023379ab,10,RECOVERED_ORIGINAL_EPOCHS
3,p3_A2_placebo_s43_cv1,43,1,C:\Users\Hngk\Documents\Codex\PUMA_STAGE2_RESEARCH_PROMPTS_1_TO_4\PROMPT_3\ARCHITECTURES\A2\RESULTS\RUNS\p3_A2_placebo_s43_cv1\config.json,6ede7f80aa15621bda601398eafb3ae6749f5e8130429e10fb94ff7e64c8797c,"{""id"":""p3_A2_placebo_s43_cv1"",""architecture"":""A2"",""control"":""placebo"",""seed"":43,""fold"":1,""epochs"":10,""lr"":0.001,""weight_decay"":0.01,""sampler"":""balanced"",""tau"":0}",C:\Users\Hngk\Documents\Codex\PUMA_STAGE2_RESEARCH_PROMPTS_1_TO_4\PROMPT_3\ARCHITECTURES\A2\RESULTS\RUNS\p3_A2_placebo_s43_cv1\history.jsonl,8766570c0c5337538f5075e135c799e00f3fdf5fbfb0d4eca2fd9c6e56e8c5f7,10,RECOVERED_ORIGINAL_EPOCHS
3,p3_A2_placebo_s43_cv2,43,2,C:\Users\Hngk\Documents\Codex\PUMA_STAGE2_RESEARCH_PROMPTS_1_TO_4\PROMPT_3\ARCHITECTURES\A2\RESULTS\RUNS\p3_A2_placebo_s43_cv2\config.json,ab6bba8661e73bc2d210f51e8f6f9bede25358287c1b97f08612034b449d9cbd,"{""id"":""p3_A2_placebo_s43_cv2"",""architecture"":""A2"",""control"":""placebo"",""seed"":43,""fold"":2,""epochs"":10,""lr"":0.001,""weight_decay"":0.01,""sampler"":""balanced"",""tau"":0}",C:\Users\Hngk\Documents\Codex\PUMA_STAGE2_RESEARCH_PROMPTS_1_TO_4\PROMPT_3\ARCHITECTURES\A2\RESULTS\RUNS\p3_A2_placebo_s43_cv2\history.jsonl,789b09006cb63c5758cd263166f468d8336990f7d27d43a2b3ffaa813bbefb5d,10,RECOVERED_ORIGINAL_EPOCHS
3,p3_A2_real_s17_cv0,17,0,C:\Users\Hngk\Documents\Codex\PUMA_STAGE2_RESEARCH_PROMPTS_1_TO_4\PROMPT_3\ARCHITECTURES\A2\RESULTS\RUNS\p3_A2_real_s17_cv0\config.json,6be9fe5d2d4d40e9a24694a32d5e57e2902d546a686d49159ab748aa714477ac,"{""id"":""p3_A2_real_s17_cv0"",""architecture"":""A2"",""control"":""real"",""seed"":17,""fold"":0,""epochs"":10,""lr"":0.001,""weight_decay"":0.01,""sampler"":""balanced"",""tau"":0}",C:\Users\Hngk\Documents\Codex\PUMA_STAGE2_RESEARCH_PROMPTS_1_TO_4\PROMPT_3\ARCHITECTURES\A2\RESULTS\RUNS\p3_A2_real_s17_cv0\history.jsonl,2e93dca61ec41f40fb9fc4eb13eb54dc191c994f984a393408d69e245ef553e1,10,RECOVERED_ORIGINAL_EPOCHS
3,p3_A2_real_s17_cv1,17,1,C:\Users\Hngk\Documents\Codex\PUMA_STAGE2_RESEARCH_PROMPTS_1_TO_4\PROMPT_3\ARCHITECTURES\A2\RESULTS\RUNS\p3_A2_real_s17_cv1\config.json,fcdf2040a85c2015e2c5c1b66e954b8ca6c84ca16c28949168456522f3738b97,"{""id"":""p3_A2_real_s17_cv1"",""architecture"":""A2"",""control"":""real"",""seed"":17,""fold"":1,""epochs"":10,""lr"":0.001,""weight_decay"":0.01,""sampler"":""balanced"",""tau"":0}",C:\Users\Hngk\Documents\Codex\PUMA_STAGE2_RESEARCH_PROMPTS_1_TO_4\PROMPT_3\ARCHITECTURES\A2\RESULTS\RUNS\p3_A2_real_s17_cv1\history.jsonl,1b0e1e0bd5252be1a99c08a6142e40a34f010947afca9e2b94bbd3aff5daacd6,10,RECOVERED_ORIGINAL_EPOCHS
3,p3_A2_real_s17_cv2,17,2,C:\Users\Hngk\Documents\Codex\PUMA_STAGE2_RESEARCH_PROMPTS_1_TO_4\PROMPT_3\ARCHITECTURES\A2\RESULTS\RUNS\p3_A2_real_s17_cv2\config.json,7790c3ace1b20abae6b04b6b5bfe3a59da4820fc1f6561e5f24d1d6fd0f11fca,"{""id"":""p3_A2_real_s17_cv2"",""architecture"":""A2"",""control"":""real"",""seed"":17,""fold"":2,""epochs"":10,""lr"":0.001,""weight_decay"":0.01,""sampler"":""balanced"",""tau"":0}",C:\Users\Hngk\Documents\Codex\PUMA_STAGE2_RESEARCH_PROMPTS_1_TO_4\PROMPT_3\ARCHITECTURES\A2\RESULTS\RUNS\p3_A2_real_s17_cv2\history.jsonl,cacd2ea2500a2743cbcd5dc94af16de864b4bb2e70583dcd98e9e27b7da826d8,10,RECOVERED_ORIGINAL_EPOCHS
3,p3_A2_real_s29_cv0,29,0,C:\Users\Hngk\Documents\Codex\PUMA_STAGE2_RESEARCH_PROMPTS_1_TO_4\PROMPT_3\ARCHITECTURES\A2\RESULTS\RUNS\p3_A2_real_s29_cv0\config.json,7d69e3043600f01963b6430ffeefd59d0c712775c25d9ce0231d8abe7655735d,"{""id"":""p3_A2_real_s29_cv0"",""architecture"":""A2"",""control"":""real"",""seed"":29,""fold"":0,""epochs"":10,""lr"":0.001,""weight_decay"":0.01,""sampler"":""balanced"",""tau"":0}",C:\Users\Hngk\Documents\Codex\PUMA_STAGE2_RESEARCH_PROMPTS_1_TO_4\PROMPT_3\ARCHITECTURES\A2\RESULTS\RUNS\p3_A2_real_s29_cv0\history.jsonl,73ae7ac5f176a70ad1560c5bb14a8a0961c0672a8faa06ac77161d7ee1c2c810,10,RECOVERED_ORIGINAL_EPOCHS
3,p3_A2_real_s29_cv1,29,1,C:\Users\Hngk\Documents\Codex\PUMA_STAGE2_RESEARCH_PROMPTS_1_TO_4\PROMPT_3\ARCHITECTURES\A2\RESULTS\RUNS\p3_A2_real_s29_cv1\config.json,9a1158c1bd551ca10b3dc8f684c1c3c1538f79e394173087e2f3f292aff95029,"{""id"":""p3_A2_real_s29_cv1"",""architecture"":""A2"",""control"":""real"",""seed"":29,""fold"":1,""epochs"":10,""lr"":0.001,""weight_decay"":0.01,""sampler"":""balanced"",""tau"":0}",C:\Users\Hngk\Documents\Codex\PUMA_STAGE2_RESEARCH_PROMPTS_1_TO_4\PROMPT_3\ARCHITECTURES\A2\RESULTS\RUNS\p3_A2_real_s29_cv1\history.jsonl,b74fea65c638ee4cfae9ab5c2eb7ff9a61660b0aad10298cb4a452da00d724af,10,RECOVERED_ORIGINAL_EPOCHS
3,p3_A2_real_s29_cv2,29,2,C:\Users\Hngk\Documents\Codex\PUMA_STAGE2_RESEARCH_PROMPTS_1_TO_4\PROMPT_3\ARCHITECTURES\A2\RESULTS\RUNS\p3_A2_real_s29_cv2\config.json,0c1aa569e6baf729b50841d150bc16198cd3b7e71f733473eb6a50aaaf30374c,"{""id"":""p3_A2_real_s29_cv2"",""architecture"":""A2"",""control"":""real"",""seed"":29,""fold"":2,""epochs"":10,""lr"":0.001,""weight_decay"":0.01,""sampler"":""balanced"",""tau"":0}",C:\Users\Hngk\Documents\Codex\PUMA_STAGE2_RESEARCH_PROMPTS_1_TO_4\PROMPT_3\ARCHITECTURES\A2\RESULTS\RUNS\p3_A2_real_s29_cv2\history.jsonl,7af1b23b0b3f2860522157297679b05dffab6d0ebc640df4c4491e9ba89e972a,10,RECOVERED_ORIGINAL_EPOCHS
3,p3_A2_real_s43_cv0,43,0,C:\Users\Hngk\Documents\Codex\PUMA_STAGE2_RESEARCH_PROMPTS_1_TO_4\PROMPT_3\ARCHITECTURES\A2\RESULTS\RUNS\p3_A2_real_s43_cv0\config.json,b5db4606508c6492c02a0045e402e9fcdc7ae0166796171d2c297b7b66553e13,"{""id"":""p3_A2_real_s43_cv0"",""architecture"":""A2"",""control"":""real"",""seed"":43,""fold"":0,""epochs"":10,""lr"":0.001,""weight_decay"":0.01,""sampler"":""balanced"",""tau"":0}",C:\Users\Hngk\Documents\Codex\PUMA_STAGE2_RESEARCH_PROMPTS_1_TO_4\PROMPT_3\ARCHITECTURES\A2\RESULTS\RUNS\p3_A2_real_s43_cv0\history.jsonl,64d1b240405b6d1651558ba5706fab7bbbf7466df735a59b0d164b99bcbb07dc,10,RECOVERED_ORIGINAL_EPOCHS
3,p3_A2_real_s43_cv1,43,1,C:\Users\Hngk\Documents\Codex\PUMA_STAGE2_RESEARCH_PROMPTS_1_TO_4\PROMPT_3\ARCHITECTURES\A2\RESULTS\RUNS\p3_A2_real_s43_cv1\config.json,d80a8d48401c1822f7c836eb3ca93b91fb7d4a3cb306c93f50a04afac6d4f219,"{""id"":""p3_A2_real_s43_cv1"",""architecture"":""A2"",""control"":""real"",""seed"":43,""fold"":1,""epochs"":10,""lr"":0.001,""weight_decay"":0.01,""sampler"":""balanced"",""tau"":0}",C:\Users\Hngk\Documents\Codex\PUMA_STAGE2_RESEARCH_PROMPTS_1_TO_4\PROMPT_3\ARCHITECTURES\A2\RESULTS\RUNS\p3_A2_real_s43_cv1\history.jsonl,c6e76e0774bbf4087d450972f3aed3025645de7fc1b75bd76de28fd51cebbf01,10,RECOVERED_ORIGINAL_EPOCHS
3,p3_A2_real_s43_cv2,43,2,C:\Users\Hngk\Documents\Codex\PUMA_STAGE2_RESEARCH_PROMPTS_1_TO_4\PROMPT_3\ARCHITECTURES\A2\RESULTS\RUNS\p3_A2_real_s43_cv2\config.json,83c5c484fd6473bf2fd2fa319197f1b67fcb436291fbf887209512083693d013,"{""id"":""p3_A2_real_s43_cv2"",""architecture"":""A2"",""control"":""real"",""seed"":43,""fold"":2,""epochs"":10,""lr"":0.001,""weight_decay"":0.01,""sampler"":""balanced"",""tau"":0}",C:\Users\Hngk\Documents\Codex\PUMA_STAGE2_RESEARCH_PROMPTS_1_TO_4\PROMPT_3\ARCHITECTURES\A2\RESULTS\RUNS\p3_A2_real_s43_cv2\history.jsonl,f732f1def0fbb88f49a81a973ac8ccbec32cf5236a939adfebd65935577e2e02,10,RECOVERED_ORIGINAL_EPOCHS
3,p3_A2_shuffle_s17_cv0,17,0,C:\Users\Hngk\Documents\Codex\PUMA_STAGE2_RESEARCH_PROMPTS_1_TO_4\PROMPT_3\ARCHITECTURES\A2\RESULTS\RUNS\p3_A2_shuffle_s17_cv0\config.json,13badb7fb219cba73500d20087b0e5326a7bbeb73ec8ed4a1376a016c7610567,"{""id"":""p3_A2_shuffle_s17_cv0"",""architecture"":""A2"",""control"":""shuffle"",""seed"":17,""fold"":0,""epochs"":10,""lr"":0.001,""weight_decay"":0.01,""sampler"":""balanced"",""tau"":0}",C:\Users\Hngk\Documents\Codex\PUMA_STAGE2_RESEARCH_PROMPTS_1_TO_4\PROMPT_3\ARCHITECTURES\A2\RESULTS\RUNS\p3_A2_shuffle_s17_cv0\history.jsonl,4348f38ba9234b54094314ec834e70eede81a4a74e3678f8dcaef5947c44249c,10,RECOVERED_ORIGINAL_EPOCHS
3,p3_A2_shuffle_s17_cv1,17,1,C:\Users\Hngk\Documents\Codex\PUMA_STAGE2_RESEARCH_PROMPTS_1_TO_4\PROMPT_3\ARCHITECTURES\A2\RESULTS\RUNS\p3_A2_shuffle_s17_cv1\config.json,9ff59e5823dc7786f05d3386c61e05ff22e528b849945be1019b406d4140da5a,"{""id"":""p3_A2_shuffle_s17_cv1"",""architecture"":""A2"",""control"":""shuffle"",""seed"":17,""fold"":1,""epochs"":10,""lr"":0.001,""weight_decay"":0.01,""sampler"":""balanced"",""tau"":0}",C:\Users\Hngk\Documents\Codex\PUMA_STAGE2_RESEARCH_PROMPTS_1_TO_4\PROMPT_3\ARCHITECTURES\A2\RESULTS\RUNS\p3_A2_shuffle_s17_cv1\history.jsonl,77c82af1a842d7a561904c49417abecab3f34cd29fce238003cdabcc5a99690b,10,RECOVERED_ORIGINAL_EPOCHS
3,p3_A2_shuffle_s17_cv2,17,2,C:\Users\Hngk\Documents\Codex\PUMA_STAGE2_RESEARCH_PROMPTS_1_TO_4\PROMPT_3\ARCHITECTURES\A2\RESULTS\RUNS\p3_A2_shuffle_s17_cv2\config.json,ad510bee2a52715f99d26f51ed13074e5c64a2d5cda079276498792068fc296e,"{""id"":""p3_A2_shuffle_s17_cv2"",""architecture"":""A2"",""control"":""shuffle"",""seed"":17,""fold"":2,""epochs"":10,""lr"":0.001,""weight_decay"":0.01,""sampler"":""balanced"",""tau"":0}",C:\Users\Hngk\Documents\Codex\PUMA_STAGE2_RESEARCH_PROMPTS_1_TO_4\PROMPT_3\ARCHITECTURES\A2\RESULTS\RUNS\p3_A2_shuffle_s17_cv2\history.jsonl,b4a47047ec84f2427f05576a0475597187e8f8cad6f5ac9c96a9d3842e8f4cc5,10,RECOVERED_ORIGINAL_EPOCHS
3,p3_A2_shuffle_s29_cv0,29,0,C:\Users\Hngk\Documents\Codex\PUMA_STAGE2_RESEARCH_PROMPTS_1_TO_4\PROMPT_3\ARCHITECTURES\A2\RESULTS\RUNS\p3_A2_shuffle_s29_cv0\config.json,579711c809131fab39d023e9c880206fdd696a08c912408840d27dbc2e685a8f,"{""id"":""p3_A2_shuffle_s29_cv0"",""architecture"":""A2"",""control"":""shuffle"",""seed"":29,""fold"":0,""epochs"":10,""lr"":0.001,""weight_decay"":0.01,""sampler"":""balanced"",""tau"":0}",C:\Users\Hngk\Documents\Codex\PUMA_STAGE2_RESEARCH_PROMPTS_1_TO_4\PROMPT_3\ARCHITECTURES\A2\RESULTS\RUNS\p3_A2_shuffle_s29_cv0\history.jsonl,2d7d13a4a6c26435566545e0a04f391ad90c78f26e669978c479f7f3d220088d,10,RECOVERED_ORIGINAL_EPOCHS
3,p3_A2_shuffle_s29_cv1,29,1,C:\Users\Hngk\Documents\Codex\PUMA_STAGE2_RESEARCH_PROMPTS_1_TO_4\PROMPT_3\ARCHITECTURES\A2\RESULTS\RUNS\p3_A2_shuffle_s29_cv1\config.json,da3ed361705777cb7f7c0a97757d02460adec5925de4f1df90cf74c95d50eed4,"{""id"":""p3_A2_shuffle_s29_cv1"",""architecture"":""A2"",""control"":""shuffle"",""seed"":29,""fold"":1,""epochs"":10,""lr"":0.001,""weight_decay"":0.01,""sampler"":""balanced"",""tau"":0}",C:\Users\Hngk\Documents\Codex\PUMA_STAGE2_RESEARCH_PROMPTS_1_TO_4\PROMPT_3\ARCHITECTURES\A2\RESULTS\RUNS\p3_A2_shuffle_s29_cv1\history.jsonl,ab15472e4200d3493ed58854664a61cda411e67636f0cceac27e3bbbd268ed24,10,RECOVERED_ORIGINAL_EPOCHS
3,p3_A2_shuffle_s29_cv2,29,2,C:\Users\Hngk\Documents\Codex\PUMA_STAGE2_RESEARCH_PROMPTS_1_TO_4\PROMPT_3\ARCHITECTURES\A2\RESULTS\RUNS\p3_A2_shuffle_s29_cv2\config.json,782267eca429324a944e64f41ca34048334b7ec673fd90322626cbdf5e6d7770,"{""id"":""p3_A2_shuffle_s29_cv2"",""architecture"":""A2"",""control"":""shuffle"",""seed"":29,""fold"":2,""epochs"":10,""lr"":0.001,""weight_decay"":0.01,""sampler"":""balanced"",""tau"":0}",C:\Users\Hngk\Documents\Codex\PUMA_STAGE2_RESEARCH_PROMPTS_1_TO_4\PROMPT_3\ARCHITECTURES\A2\RESULTS\RUNS\p3_A2_shuffle_s29_cv2\history.jsonl,fa951c511e49847d071ac4915453d49b93edabda7995e578b03e5e8b450cf511,10,RECOVERED_ORIGINAL_EPOCHS
3,p3_A2_shuffle_s43_cv0,43,0,C:\Users\Hngk\Documents\Codex\PUMA_STAGE2_RESEARCH_PROMPTS_1_TO_4\PROMPT_3\ARCHITECTURES\A2\RESULTS\RUNS\p3_A2_shuffle_s43_cv0\config.json,48293c9e48b970c1ff9c80bc208823a95dd6b53de79a85e6263df110bbf360c7,"{""id"":""p3_A2_shuffle_s43_cv0"",""architecture"":""A2"",""control"":""shuffle"",""seed"":43,""fold"":0,""epochs"":10,""lr"":0.001,""weight_decay"":0.01,""sampler"":""balanced"",""tau"":0}",C:\Users\Hngk\Documents\Codex\PUMA_STAGE2_RESEARCH_PROMPTS_1_TO_4\PROMPT_3\ARCHITECTURES\A2\RESULTS\RUNS\p3_A2_shuffle_s43_cv0\history.jsonl,1bd4dec02dcc4c8caff36bbe5976d14d64bc812e220df143efd4e8729d4ff276,10,RECOVERED_ORIGINAL_EPOCHS
3,p3_A2_shuffle_s43_cv1,43,1,C:\Users\Hngk\Documents\Codex\PUMA_STAGE2_RESEARCH_PROMPTS_1_TO_4\PROMPT_3\ARCHITECTURES\A2\RESULTS\RUNS\p3_A2_shuffle_s43_cv1\config.json,18f21e0f48dd11534272f37a891c30f55447fa80e8b1a7a63d76f8088ea2a76e,"{""id"":""p3_A2_shuffle_s43_cv1"",""architecture"":""A2"",""control"":""shuffle"",""seed"":43,""fold"":1,""epochs"":10,""lr"":0.001,""weight_decay"":0.01,""sampler"":""balanced"",""tau"":0}",C:\Users\Hngk\Documents\Codex\PUMA_STAGE2_RESEARCH_PROMPTS_1_TO_4\PROMPT_3\ARCHITECTURES\A2\RESULTS\RUNS\p3_A2_shuffle_s43_cv1\history.jsonl,044b21e8654d17299db7468978ce8bde02fafddadfc8f530d7a37556e6182c31,10,RECOVERED_ORIGINAL_EPOCHS
3,p3_A2_shuffle_s43_cv2,43,2,C:\Users\Hngk\Documents\Codex\PUMA_STAGE2_RESEARCH_PROMPTS_1_TO_4\PROMPT_3\ARCHITECTURES\A2\RESULTS\RUNS\p3_A2_shuffle_s43_cv2\config.json,9b72cab33638538230fd76b1da2ad6c73a83074111bc364854b5dc67fbffd514,"{""id"":""p3_A2_shuffle_s43_cv2"",""architecture"":""A2"",""control"":""shuffle"",""seed"":43,""fold"":2,""epochs"":10,""lr"":0.001,""weight_decay"":0.01,""sampler"":""balanced"",""tau"":0}",C:\Users\Hngk\Documents\Codex\PUMA_STAGE2_RESEARCH_PROMPTS_1_TO_4\PROMPT_3\ARCHITECTURES\A2\RESULTS\RUNS\p3_A2_shuffle_s43_cv2\history.jsonl,36de687beb368ea3f4e821aa1c7336d45988d1623561dfcde7c7177e38457e47,10,RECOVERED_ORIGINAL_EPOCHS
3,p3_A3_placebo_s17_cv0,17,0,C:\Users\Hngk\Documents\Codex\PUMA_STAGE2_RESEARCH_PROMPTS_1_TO_4\PROMPT_3\ARCHITECTURES\A3\RESULTS\RUNS\p3_A3_placebo_s17_cv0\config.json,52b0a28470f7351df1b22c54c5e21ba13eb39b8ca2821a35c3e45b8edbff5e9b,"{""id"":""p3_A3_placebo_s17_cv0"",""architecture"":""A3"",""control"":""placebo"",""seed"":17,""fold"":0,""epochs"":10,""lr"":0.001,""weight_decay"":0.01,""sampler"":""balanced"",""tau"":0}",C:\Users\Hngk\Documents\Codex\PUMA_STAGE2_RESEARCH_PROMPTS_1_TO_4\PROMPT_3\ARCHITECTURES\A3\RESULTS\RUNS\p3_A3_placebo_s17_cv0\history.jsonl,580ae3cc39181147798498eaf59dcea5ecb969beb3d676479cb229b551af4683,10,RECOVERED_ORIGINAL_EPOCHS
3,p3_A3_placebo_s17_cv1,17,1,C:\Users\Hngk\Documents\Codex\PUMA_STAGE2_RESEARCH_PROMPTS_1_TO_4\PROMPT_3\ARCHITECTURES\A3\RESULTS\RUNS\p3_A3_placebo_s17_cv1\config.json,33e556b961f87f6102d27c3a009ae4fdf5b2f6437323b8a586bedb182bf6fce8,"{""id"":""p3_A3_placebo_s17_cv1"",""architecture"":""A3"",""control"":""placebo"",""seed"":17,""fold"":1,""epochs"":10,""lr"":0.001,""weight_decay"":0.01,""sampler"":""balanced"",""tau"":0}",C:\Users\Hngk\Documents\Codex\PUMA_STAGE2_RESEARCH_PROMPTS_1_TO_4\PROMPT_3\ARCHITECTURES\A3\RESULTS\RUNS\p3_A3_placebo_s17_cv1\history.jsonl,c1b7a7b141b4c175f062e315a5c5de044e0264d188cf363ae5ddc9d5150637a4,10,RECOVERED_ORIGINAL_EPOCHS
3,p3_A3_placebo_s17_cv2,17,2,C:\Users\Hngk\Documents\Codex\PUMA_STAGE2_RESEARCH_PROMPTS_1_TO_4\PROMPT_3\ARCHITECTURES\A3\RESULTS\RUNS\p3_A3_placebo_s17_cv2\config.json,08dd8ee089f863e4e21af311473958f4745f8200aea361bfda8bb620ec2f9f4f,"{""id"":""p3_A3_placebo_s17_cv2"",""architecture"":""A3"",""control"":""placebo"",""seed"":17,""fold"":2,""epochs"":10,""lr"":0.001,""weight_decay"":0.01,""sampler"":""balanced"",""tau"":0}",C:\Users\Hngk\Documents\Codex\PUMA_STAGE2_RESEARCH_PROMPTS_1_TO_4\PROMPT_3\ARCHITECTURES\A3\RESULTS\RUNS\p3_A3_placebo_s17_cv2\history.jsonl,fd4beec35530849d9ee45148024b4c5b0a7e4a398b461c5f6235f21843ef8646,10,RECOVERED_ORIGINAL_EPOCHS
3,p3_A3_placebo_s29_cv0,29,0,C:\Users\Hngk\Documents\Codex\PUMA_STAGE2_RESEARCH_PROMPTS_1_TO_4\PROMPT_3\ARCHITECTURES\A3\RESULTS\RUNS\p3_A3_placebo_s29_cv0\config.json,f0c9807c23d8112a5190c3fa52de44193be076325f6189c223cb7512187a16eb,"{""id"":""p3_A3_placebo_s29_cv0"",""architecture"":""A3"",""control"":""placebo"",""seed"":29,""fold"":0,""epochs"":10,""lr"":0.001,""weight_decay"":0.01,""sampler"":""balanced"",""tau"":0}",C:\Users\Hngk\Documents\Codex\PUMA_STAGE2_RESEARCH_PROMPTS_1_TO_4\PROMPT_3\ARCHITECTURES\A3\RESULTS\RUNS\p3_A3_placebo_s29_cv0\history.jsonl,d00fdadbcbe739a2628c20b8939ac3f31eca381c60ad631f33239a8749822ec6,10,RECOVERED_ORIGINAL_EPOCHS
3,p3_A3_placebo_s29_cv1,29,1,C:\Users\Hngk\Documents\Codex\PUMA_STAGE2_RESEARCH_PROMPTS_1_TO_4\PROMPT_3\ARCHITECTURES\A3\RESULTS\RUNS\p3_A3_placebo_s29_cv1\config.json,7aaa5369336a808f4df792ef142d358ca4713285836c168ae3663564f752ab88,"{""id"":""p3_A3_placebo_s29_cv1"",""architecture"":""A3"",""control"":""placebo"",""seed"":29,""fold"":1,""epochs"":10,""lr"":0.001,""weight_decay"":0.01,""sampler"":""balanced"",""tau"":0}",C:\Users\Hngk\Documents\Codex\PUMA_STAGE2_RESEARCH_PROMPTS_1_TO_4\PROMPT_3\ARCHITECTURES\A3\RESULTS\RUNS\p3_A3_placebo_s29_cv1\history.jsonl,66ed05f74a9fa361530ae794cb761b8e4fdf78fdea141bd4d3aea30e7dffe5d5,10,RECOVERED_ORIGINAL_EPOCHS
3,p3_A3_placebo_s29_cv2,29,2,C:\Users\Hngk\Documents\Codex\PUMA_STAGE2_RESEARCH_PROMPTS_1_TO_4\PROMPT_3\ARCHITECTURES\A3\RESULTS\RUNS\p3_A3_placebo_s29_cv2\config.json,049e082e65696632cdc740a90acd52c6ab1335c77a3f21e2b46207ddc8a4e4e3,"{""id"":""p3_A3_placebo_s29_cv2"",""architecture"":""A3"",""control"":""placebo"",""seed"":29,""fold"":2,""epochs"":10,""lr"":0.001,""weight_decay"":0.01,""sampler"":""balanced"",""tau"":0}",C:\Users\Hngk\Documents\Codex\PUMA_STAGE2_RESEARCH_PROMPTS_1_TO_4\PROMPT_3\ARCHITECTURES\A3\RESULTS\RUNS\p3_A3_placebo_s29_cv2\history.jsonl,1b83434646bce429a42e27c7c4576ee1102aecc280b96f247ca9d55c4b73efe8,10,RECOVERED_ORIGINAL_EPOCHS
3,p3_A3_placebo_s43_cv0,43,0,C:\Users\Hngk\Documents\Codex\PUMA_STAGE2_RESEARCH_PROMPTS_1_TO_4\PROMPT_3\ARCHITECTURES\A3\RESULTS\RUNS\p3_A3_placebo_s43_cv0\config.json,b035419ee67078bd45ccc778abdbc8074d8addabb5ca9ccea6f42c95cbe88150,"{""id"":""p3_A3_placebo_s43_cv0"",""architecture"":""A3"",""control"":""placebo"",""seed"":43,""fold"":0,""epochs"":10,""lr"":0.001,""weight_decay"":0.01,""sampler"":""balanced"",""tau"":0}",C:\Users\Hngk\Documents\Codex\PUMA_STAGE2_RESEARCH_PROMPTS_1_TO_4\PROMPT_3\ARCHITECTURES\A3\RESULTS\RUNS\p3_A3_placebo_s43_cv0\history.jsonl,b938f0b3cd4a8f811c774d9acb1d71ce7619b3c13d7a09b8bae836992091ff7e,10,RECOVERED_ORIGINAL_EPOCHS
3,p3_A3_placebo_s43_cv1,43,1,C:\Users\Hngk\Documents\Codex\PUMA_STAGE2_RESEARCH_PROMPTS_1_TO_4\PROMPT_3\ARCHITECTURES\A3\RESULTS\RUNS\p3_A3_placebo_s43_cv1\config.json,c9db6866269c7c1fcaa7a8a6f6231708c5f560b6661846f97156948abdd5eb08,"{""id"":""p3_A3_placebo_s43_cv1"",""architecture"":""A3"",""control"":""placebo"",""seed"":43,""fold"":1,""epochs"":10,""lr"":0.001,""weight_decay"":0.01,""sampler"":""balanced"",""tau"":0}",C:\Users\Hngk\Documents\Codex\PUMA_STAGE2_RESEARCH_PROMPTS_1_TO_4\PROMPT_3\ARCHITECTURES\A3\RESULTS\RUNS\p3_A3_placebo_s43_cv1\history.jsonl,5add8aa1521db27de0e530e245de7222ce18da36e72918b8d8a7ac3c0eb61560,10,RECOVERED_ORIGINAL_EPOCHS
3,p3_A3_placebo_s43_cv2,43,2,C:\Users\Hngk\Documents\Codex\PUMA_STAGE2_RESEARCH_PROMPTS_1_TO_4\PROMPT_3\ARCHITECTURES\A3\RESULTS\RUNS\p3_A3_placebo_s43_cv2\config.json,129e1dd4a4f0cb7405f58578165680872aea0438753c621e58b6177ba9a095b3,"{""id"":""p3_A3_placebo_s43_cv2"",""architecture"":""A3"",""control"":""placebo"",""seed"":43,""fold"":2,""epochs"":10,""lr"":0.001,""weight_decay"":0.01,""sampler"":""balanced"",""tau"":0}",C:\Users\Hngk\Documents\Codex\PUMA_STAGE2_RESEARCH_PROMPTS_1_TO_4\PROMPT_3\ARCHITECTURES\A3\RESULTS\RUNS\p3_A3_placebo_s43_cv2\history.jsonl,009c9a6ebc8480fe88dc860a00ceac60bba636eb155c60e29f1c3a6ff8c6aa76,10,RECOVERED_ORIGINAL_EPOCHS
3,p3_A3_real_s17_cv0,17,0,C:\Users\Hngk\Documents\Codex\PUMA_STAGE2_RESEARCH_PROMPTS_1_TO_4\PROMPT_3\ARCHITECTURES\A3\RESULTS\RUNS\p3_A3_real_s17_cv0\config.json,c07f8dc191c846627513dab63315cc33d5d376b27c7f1448a81e9e2466175dcb,"{""id"":""p3_A3_real_s17_cv0"",""architecture"":""A3"",""control"":""real"",""seed"":17,""fold"":0,""epochs"":10,""lr"":0.001,""weight_decay"":0.01,""sampler"":""balanced"",""tau"":0}",C:\Users\Hngk\Documents\Codex\PUMA_STAGE2_RESEARCH_PROMPTS_1_TO_4\PROMPT_3\ARCHITECTURES\A3\RESULTS\RUNS\p3_A3_real_s17_cv0\history.jsonl,e4f68d816a36ba006149809e4e3c83cf52594ad870a2c17cacfbdd7fcf4a736d,10,RECOVERED_ORIGINAL_EPOCHS
3,p3_A3_real_s17_cv1,17,1,C:\Users\Hngk\Documents\Codex\PUMA_STAGE2_RESEARCH_PROMPTS_1_TO_4\PROMPT_3\ARCHITECTURES\A3\RESULTS\RUNS\p3_A3_real_s17_cv1\config.json,f0e42d4df063cd3e9e450945e25f604ce56124df512b735b1b47156eb3b96ccb,"{""id"":""p3_A3_real_s17_cv1"",""architecture"":""A3"",""control"":""real"",""seed"":17,""fold"":1,""epochs"":10,""lr"":0.001,""weight_decay"":0.01,""sampler"":""balanced"",""tau"":0}",C:\Users\Hngk\Documents\Codex\PUMA_STAGE2_RESEARCH_PROMPTS_1_TO_4\PROMPT_3\ARCHITECTURES\A3\RESULTS\RUNS\p3_A3_real_s17_cv1\history.jsonl,b5f4ef4ab8e64e54255a2a6401e00e27839d0b13525fe6143f6b65696af03db0,10,RECOVERED_ORIGINAL_EPOCHS
3,p3_A3_real_s17_cv2,17,2,C:\Users\Hngk\Documents\Codex\PUMA_STAGE2_RESEARCH_PROMPTS_1_TO_4\PROMPT_3\ARCHITECTURES\A3\RESULTS\RUNS\p3_A3_real_s17_cv2\config.json,f779f6529b614e6393c65b095548a552034e07f87a4a6baaebccbf8894eb50f6,"{""id"":""p3_A3_real_s17_cv2"",""architecture"":""A3"",""control"":""real"",""seed"":17,""fold"":2,""epochs"":10,""lr"":0.001,""weight_decay"":0.01,""sampler"":""balanced"",""tau"":0}",C:\Users\Hngk\Documents\Codex\PUMA_STAGE2_RESEARCH_PROMPTS_1_TO_4\PROMPT_3\ARCHITECTURES\A3\RESULTS\RUNS\p3_A3_real_s17_cv2\history.jsonl,08c9d8164a02fc1a553b1637a398e79b297ff6001470801f425d7d282a357071,10,RECOVERED_ORIGINAL_EPOCHS
3,p3_A3_real_s29_cv0,29,0,C:\Users\Hngk\Documents\Codex\PUMA_STAGE2_RESEARCH_PROMPTS_1_TO_4\PROMPT_3\ARCHITECTURES\A3\RESULTS\RUNS\p3_A3_real_s29_cv0\config.json,9a2ab14ee66066b2cee2a1f7ccc1582c518819419a79005b9838055f08f3657b,"{""id"":""p3_A3_real_s29_cv0"",""architecture"":""A3"",""control"":""real"",""seed"":29,""fold"":0,""epochs"":10,""lr"":0.001,""weight_decay"":0.01,""sampler"":""balanced"",""tau"":0}",C:\Users\Hngk\Documents\Codex\PUMA_STAGE2_RESEARCH_PROMPTS_1_TO_4\PROMPT_3\ARCHITECTURES\A3\RESULTS\RUNS\p3_A3_real_s29_cv0\history.jsonl,ff77901b016c9fb7e2098471020afa084cfe30e2d34b9e8d50eea8be49174e85,10,RECOVERED_ORIGINAL_EPOCHS
3,p3_A3_real_s29_cv1,29,1,C:\Users\Hngk\Documents\Codex\PUMA_STAGE2_RESEARCH_PROMPTS_1_TO_4\PROMPT_3\ARCHITECTURES\A3\RESULTS\RUNS\p3_A3_real_s29_cv1\config.json,c89444d52b96098fb58e74b750f5be04db6ce4e353cadd78a07ef6c1cf13b3d9,"{""id"":""p3_A3_real_s29_cv1"",""architecture"":""A3"",""control"":""real"",""seed"":29,""fold"":1,""epochs"":10,""lr"":0.001,""weight_decay"":0.01,""sampler"":""balanced"",""tau"":0}",C:\Users\Hngk\Documents\Codex\PUMA_STAGE2_RESEARCH_PROMPTS_1_TO_4\PROMPT_3\ARCHITECTURES\A3\RESULTS\RUNS\p3_A3_real_s29_cv1\history.jsonl,a738d9237dfbdfeb78abaf97f77a7c7dfd89aa41148a76cbe328469a5e01227a,10,RECOVERED_ORIGINAL_EPOCHS
3,p3_A3_real_s29_cv2,29,2,C:\Users\Hngk\Documents\Codex\PUMA_STAGE2_RESEARCH_PROMPTS_1_TO_4\PROMPT_3\ARCHITECTURES\A3\RESULTS\RUNS\p3_A3_real_s29_cv2\config.json,6d05f9af2100d0facfd95872d2617c25ace4bc4114b759dea32340dfe152ca9a,"{""id"":""p3_A3_real_s29_cv2"",""architecture"":""A3"",""control"":""real"",""seed"":29,""fold"":2,""epochs"":10,""lr"":0.001,""weight_decay"":0.01,""sampler"":""balanced"",""tau"":0}",C:\Users\Hngk\Documents\Codex\PUMA_STAGE2_RESEARCH_PROMPTS_1_TO_4\PROMPT_3\ARCHITECTURES\A3\RESULTS\RUNS\p3_A3_real_s29_cv2\history.jsonl,6cf72812789a03f4a705c44c6787b1f23e4bc2ead7c82a468427f4df1fdc580b,10,RECOVERED_ORIGINAL_EPOCHS
3,p3_A3_real_s43_cv0,43,0,C:\Users\Hngk\Documents\Codex\PUMA_STAGE2_RESEARCH_PROMPTS_1_TO_4\PROMPT_3\ARCHITECTURES\A3\RESULTS\RUNS\p3_A3_real_s43_cv0\config.json,66c58244c25ecefe8ebc08cab0f6ddd80e53b3cde2df5fb4d058b21572f85c04,"{""id"":""p3_A3_real_s43_cv0"",""architecture"":""A3"",""control"":""real"",""seed"":43,""fold"":0,""epochs"":10,""lr"":0.001,""weight_decay"":0.01,""sampler"":""balanced"",""tau"":0}",C:\Users\Hngk\Documents\Codex\PUMA_STAGE2_RESEARCH_PROMPTS_1_TO_4\PROMPT_3\ARCHITECTURES\A3\RESULTS\RUNS\p3_A3_real_s43_cv0\history.jsonl,f04ceec06304060b6f4e1bc657bd8931317bbcbbef2bc300dee3b88d5f927be6,10,RECOVERED_ORIGINAL_EPOCHS
3,p3_A3_real_s43_cv1,43,1,C:\Users\Hngk\Documents\Codex\PUMA_STAGE2_RESEARCH_PROMPTS_1_TO_4\PROMPT_3\ARCHITECTURES\A3\RESULTS\RUNS\p3_A3_real_s43_cv1\config.json,1fd6b1b9a971beb0b7f235d497d86d299d205c154f8e4c1ce38d02cbe6168207,"{""id"":""p3_A3_real_s43_cv1"",""architecture"":""A3"",""control"":""real"",""seed"":43,""fold"":1,""epochs"":10,""lr"":0.001,""weight_decay"":0.01,""sampler"":""balanced"",""tau"":0}",C:\Users\Hngk\Documents\Codex\PUMA_STAGE2_RESEARCH_PROMPTS_1_TO_4\PROMPT_3\ARCHITECTURES\A3\RESULTS\RUNS\p3_A3_real_s43_cv1\history.jsonl,0c06abaac64ff83d6f037efdd937c7a7f15166844ea5504d3d764a8d2b6458c1,10,RECOVERED_ORIGINAL_EPOCHS
3,p3_A3_real_s43_cv2,43,2,C:\Users\Hngk\Documents\Codex\PUMA_STAGE2_RESEARCH_PROMPTS_1_TO_4\PROMPT_3\ARCHITECTURES\A3\RESULTS\RUNS\p3_A3_real_s43_cv2\config.json,e7ee3cc54c520ed955124ee8a7c39016f14dfd9603fcdbbf544863425155c63c,"{""id"":""p3_A3_real_s43_cv2"",""architecture"":""A3"",""control"":""real"",""seed"":43,""fold"":2,""epochs"":10,""lr"":0.001,""weight_decay"":0.01,""sampler"":""balanced"",""tau"":0}",C:\Users\Hngk\Documents\Codex\PUMA_STAGE2_RESEARCH_PROMPTS_1_TO_4\PROMPT_3\ARCHITECTURES\A3\RESULTS\RUNS\p3_A3_real_s43_cv2\history.jsonl,b82c234bf453a7465734761e5d1594381823d035325b86fdc204f6c11879445d,10,RECOVERED_ORIGINAL_EPOCHS
3,p3_A3_shuffle_s17_cv0,17,0,C:\Users\Hngk\Documents\Codex\PUMA_STAGE2_RESEARCH_PROMPTS_1_TO_4\PROMPT_3\ARCHITECTURES\A3\RESULTS\RUNS\p3_A3_shuffle_s17_cv0\config.json,4fd3031041e53f5d1ab8855a3c6d6235643755ffb884cf0e2e920368660a0260,"{""id"":""p3_A3_shuffle_s17_cv0"",""architecture"":""A3"",""control"":""shuffle"",""seed"":17,""fold"":0,""epochs"":10,""lr"":0.001,""weight_decay"":0.01,""sampler"":""balanced"",""tau"":0}",C:\Users\Hngk\Documents\Codex\PUMA_STAGE2_RESEARCH_PROMPTS_1_TO_4\PROMPT_3\ARCHITECTURES\A3\RESULTS\RUNS\p3_A3_shuffle_s17_cv0\history.jsonl,f317c92464d55f8c0e3dd60f198214a8e778a48e60c581dfa19d48d1d51dd615,10,RECOVERED_ORIGINAL_EPOCHS
3,p3_A3_shuffle_s17_cv1,17,1,C:\Users\Hngk\Documents\Codex\PUMA_STAGE2_RESEARCH_PROMPTS_1_TO_4\PROMPT_3\ARCHITECTURES\A3\RESULTS\RUNS\p3_A3_shuffle_s17_cv1\config.json,020b797c64781f752318017a3a4fb473c39b17ba783340dfc352590014b1ab40,"{""id"":""p3_A3_shuffle_s17_cv1"",""architecture"":""A3"",""control"":""shuffle"",""seed"":17,""fold"":1,""epochs"":10,""lr"":0.001,""weight_decay"":0.01,""sampler"":""balanced"",""tau"":0}",C:\Users\Hngk\Documents\Codex\PUMA_STAGE2_RESEARCH_PROMPTS_1_TO_4\PROMPT_3\ARCHITECTURES\A3\RESULTS\RUNS\p3_A3_shuffle_s17_cv1\history.jsonl,3be6dfcf7f2f9b0f55ee394e986b086944b345502e91fd0bfd108ead9e6214c5,10,RECOVERED_ORIGINAL_EPOCHS
3,p3_A3_shuffle_s17_cv2,17,2,C:\Users\Hngk\Documents\Codex\PUMA_STAGE2_RESEARCH_PROMPTS_1_TO_4\PROMPT_3\ARCHITECTURES\A3\RESULTS\RUNS\p3_A3_shuffle_s17_cv2\config.json,d8f57b2449d2c5eb5bd9b159360e25e039b9d789e180ee87fc2cab0d9c117b4a,"{""id"":""p3_A3_shuffle_s17_cv2"",""architecture"":""A3"",""control"":""shuffle"",""seed"":17,""fold"":2,""epochs"":10,""lr"":0.001,""weight_decay"":0.01,""sampler"":""balanced"",""tau"":0}",C:\Users\Hngk\Documents\Codex\PUMA_STAGE2_RESEARCH_PROMPTS_1_TO_4\PROMPT_3\ARCHITECTURES\A3\RESULTS\RUNS\p3_A3_shuffle_s17_cv2\history.jsonl,04dd1ec9385235a3c54a661b0e8af68e5158b933e4721d4602770d2c27597253,10,RECOVERED_ORIGINAL_EPOCHS
3,p3_A3_shuffle_s29_cv0,29,0,C:\Users\Hngk\Documents\Codex\PUMA_STAGE2_RESEARCH_PROMPTS_1_TO_4\PROMPT_3\ARCHITECTURES\A3\RESULTS\RUNS\p3_A3_shuffle_s29_cv0\config.json,0743ba28e00cdabae79d2024746b2cb34647fd0ea7c9ba28d21a3b17f03715e1,"{""id"":""p3_A3_shuffle_s29_cv0"",""architecture"":""A3"",""control"":""shuffle"",""seed"":29,""fold"":0,""epochs"":10,""lr"":0.001,""weight_decay"":0.01,""sampler"":""balanced"",""tau"":0}",C:\Users\Hngk\Documents\Codex\PUMA_STAGE2_RESEARCH_PROMPTS_1_TO_4\PROMPT_3\ARCHITECTURES\A3\RESULTS\RUNS\p3_A3_shuffle_s29_cv0\history.jsonl,0b29d65497926fb97d1598fb37d152080cfdf935287833ff0c9cb93033d1986d,10,RECOVERED_ORIGINAL_EPOCHS
3,p3_A3_shuffle_s29_cv1,29,1,C:\Users\Hngk\Documents\Codex\PUMA_STAGE2_RESEARCH_PROMPTS_1_TO_4\PROMPT_3\ARCHITECTURES\A3\RESULTS\RUNS\p3_A3_shuffle_s29_cv1\config.json,f8c0a19ef3fac6cab61ce0dd6f81d9ce95cc652984f27b52e7393e5b0850ca0e,"{""id"":""p3_A3_shuffle_s29_cv1"",""architecture"":""A3"",""control"":""shuffle"",""seed"":29,""fold"":1,""epochs"":10,""lr"":0.001,""weight_decay"":0.01,""sampler"":""balanced"",""tau"":0}",C:\Users\Hngk\Documents\Codex\PUMA_STAGE2_RESEARCH_PROMPTS_1_TO_4\PROMPT_3\ARCHITECTURES\A3\RESULTS\RUNS\p3_A3_shuffle_s29_cv1\history.jsonl,3b6f1df089a51b49c27e80a2e294c3d6f7cc775470fae3364f93f46c2594947f,10,RECOVERED_ORIGINAL_EPOCHS
3,p3_A3_shuffle_s29_cv2,29,2,C:\Users\Hngk\Documents\Codex\PUMA_STAGE2_RESEARCH_PROMPTS_1_TO_4\PROMPT_3\ARCHITECTURES\A3\RESULTS\RUNS\p3_A3_shuffle_s29_cv2\config.json,647045e5d5f6e66ac5ea3d17d4103e00df3f3e62f814f06dc1de9c7f89d7ef16,"{""id"":""p3_A3_shuffle_s29_cv2"",""architecture"":""A3"",""control"":""shuffle"",""seed"":29,""fold"":2,""epochs"":10,""lr"":0.001,""weight_decay"":0.01,""sampler"":""balanced"",""tau"":0}",C:\Users\Hngk\Documents\Codex\PUMA_STAGE2_RESEARCH_PROMPTS_1_TO_4\PROMPT_3\ARCHITECTURES\A3\RESULTS\RUNS\p3_A3_shuffle_s29_cv2\history.jsonl,01e2375b515e56bad676beedc6826cc486781aa9f7a832b5bf66a787e2fb9ec9,10,RECOVERED_ORIGINAL_EPOCHS
3,p3_A3_shuffle_s43_cv0,43,0,C:\Users\Hngk\Documents\Codex\PUMA_STAGE2_RESEARCH_PROMPTS_1_TO_4\PROMPT_3\ARCHITECTURES\A3\RESULTS\RUNS\p3_A3_shuffle_s43_cv0\config.json,53a18efbdf2c089abc79b06ae2eff675c578dc737c0a199b4532796c89677f59,"{""id"":""p3_A3_shuffle_s43_cv0"",""architecture"":""A3"",""control"":""shuffle"",""seed"":43,""fold"":0,""epochs"":10,""lr"":0.001,""weight_decay"":0.01,""sampler"":""balanced"",""tau"":0}",C:\Users\Hngk\Documents\Codex\PUMA_STAGE2_RESEARCH_PROMPTS_1_TO_4\PROMPT_3\ARCHITECTURES\A3\RESULTS\RUNS\p3_A3_shuffle_s43_cv0\history.jsonl,bdd3521cf31be8d79b817b90cba40754acc02e4ff909354642679696d1e5666a,10,RECOVERED_ORIGINAL_EPOCHS
3,p3_A3_shuffle_s43_cv1,43,1,C:\Users\Hngk\Documents\Codex\PUMA_STAGE2_RESEARCH_PROMPTS_1_TO_4\PROMPT_3\ARCHITECTURES\A3\RESULTS\RUNS\p3_A3_shuffle_s43_cv1\config.json,c8a5f3ca6c023f2aa076aa92303b8698f24c966e89fb25bd89bd31cb4a4e5c32,"{""id"":""p3_A3_shuffle_s43_cv1"",""architecture"":""A3"",""control"":""shuffle"",""seed"":43,""fold"":1,""epochs"":10,""lr"":0.001,""weight_decay"":0.01,""sampler"":""balanced"",""tau"":0}",C:\Users\Hngk\Documents\Codex\PUMA_STAGE2_RESEARCH_PROMPTS_1_TO_4\PROMPT_3\ARCHITECTURES\A3\RESULTS\RUNS\p3_A3_shuffle_s43_cv1\history.jsonl,362b9f20d9ac1232a171d801e46483057108eb22a2f38203c59576e1092d1f7f,10,RECOVERED_ORIGINAL_EPOCHS
3,p3_A3_shuffle_s43_cv2,43,2,C:\Users\Hngk\Documents\Codex\PUMA_STAGE2_RESEARCH_PROMPTS_1_TO_4\PROMPT_3\ARCHITECTURES\A3\RESULTS\RUNS\p3_A3_shuffle_s43_cv2\config.json,e704ba7416a5410bdb746c8972a1c0af37369277ab98114a7531db2b9e347875,"{""id"":""p3_A3_shuffle_s43_cv2"",""architecture"":""A3"",""control"":""shuffle"",""seed"":43,""fold"":2,""epochs"":10,""lr"":0.001,""weight_decay"":0.01,""sampler"":""balanced"",""tau"":0}",C:\Users\Hngk\Documents\Codex\PUMA_STAGE2_RESEARCH_PROMPTS_1_TO_4\PROMPT_3\ARCHITECTURES\A3\RESULTS\RUNS\p3_A3_shuffle_s43_cv2\history.jsonl,c00805cd7c42da6c04f7089ffcf293315ced4a60a07b475a449969e21573d8be,10,RECOVERED_ORIGINAL_EPOCHS
3,p3_A4_placebo_s17_cv0,17,0,C:\Users\Hngk\Documents\Codex\PUMA_STAGE2_RESEARCH_PROMPTS_1_TO_4\PROMPT_3\ARCHITECTURES\A4\RESULTS\RUNS\p3_A4_placebo_s17_cv0\config.json,e3677b2af09bc1108bb8fe6adda07348cf44867dc3a48a39a97a193f1981f296,"{""id"":""p3_A4_placebo_s17_cv0"",""architecture"":""A4"",""control"":""placebo"",""seed"":17,""fold"":0,""epochs"":10,""lr"":0.001,""weight_decay"":0.01,""sampler"":""balanced"",""tau"":0}",C:\Users\Hngk\Documents\Codex\PUMA_STAGE2_RESEARCH_PROMPTS_1_TO_4\PROMPT_3\ARCHITECTURES\A4\RESULTS\RUNS\p3_A4_placebo_s17_cv0\history.jsonl,1adeae17ccb5eeabce8fa3f8ebee4941071f97d65ea8d73efd36c6bb0a8ee6d3,10,RECOVERED_ORIGINAL_EPOCHS
3,p3_A4_placebo_s17_cv1,17,1,C:\Users\Hngk\Documents\Codex\PUMA_STAGE2_RESEARCH_PROMPTS_1_TO_4\PROMPT_3\ARCHITECTURES\A4\RESULTS\RUNS\p3_A4_placebo_s17_cv1\config.json,3cae7906e62dfc5d0d7fa9f04031243ea1f38b64b246bfb9090bbdf8b0f6deb1,"{""id"":""p3_A4_placebo_s17_cv1"",""architecture"":""A4"",""control"":""placebo"",""seed"":17,""fold"":1,""epochs"":10,""lr"":0.001,""weight_decay"":0.01,""sampler"":""balanced"",""tau"":0}",C:\Users\Hngk\Documents\Codex\PUMA_STAGE2_RESEARCH_PROMPTS_1_TO_4\PROMPT_3\ARCHITECTURES\A4\RESULTS\RUNS\p3_A4_placebo_s17_cv1\history.jsonl,7c0e477f2cfe32174e80e6aef993febaca2b1a279f4a99f7e588ccd6fe14c272,10,RECOVERED_ORIGINAL_EPOCHS
3,p3_A4_placebo_s17_cv2,17,2,C:\Users\Hngk\Documents\Codex\PUMA_STAGE2_RESEARCH_PROMPTS_1_TO_4\PROMPT_3\ARCHITECTURES\A4\RESULTS\RUNS\p3_A4_placebo_s17_cv2\config.json,b6c7d887e527b513f7b0846af2b2a70eb66684e739aa41235d892033b4e19f1f,"{""id"":""p3_A4_placebo_s17_cv2"",""architecture"":""A4"",""control"":""placebo"",""seed"":17,""fold"":2,""epochs"":10,""lr"":0.001,""weight_decay"":0.01,""sampler"":""balanced"",""tau"":0}",C:\Users\Hngk\Documents\Codex\PUMA_STAGE2_RESEARCH_PROMPTS_1_TO_4\PROMPT_3\ARCHITECTURES\A4\RESULTS\RUNS\p3_A4_placebo_s17_cv2\history.jsonl,f673839955ed35f0f209947eaba1ef10f8ab610986856428673ce3a0555767a5,10,RECOVERED_ORIGINAL_EPOCHS
3,p3_A4_placebo_s29_cv0,29,0,C:\Users\Hngk\Documents\Codex\PUMA_STAGE2_RESEARCH_PROMPTS_1_TO_4\PROMPT_3\ARCHITECTURES\A4\RESULTS\RUNS\p3_A4_placebo_s29_cv0\config.json,6de1f9f1fc106ad43916ee17b0bf7249ec4ef4c7ccbf98f57ecf48f2d10cfae3,"{""id"":""p3_A4_placebo_s29_cv0"",""architecture"":""A4"",""control"":""placebo"",""seed"":29,""fold"":0,""epochs"":10,""lr"":0.001,""weight_decay"":0.01,""sampler"":""balanced"",""tau"":0}",C:\Users\Hngk\Documents\Codex\PUMA_STAGE2_RESEARCH_PROMPTS_1_TO_4\PROMPT_3\ARCHITECTURES\A4\RESULTS\RUNS\p3_A4_placebo_s29_cv0\history.jsonl,abd2e43a244be4b0c13c3c608dc30c6c6fa84065d76d80082e31035dab69eeef,10,RECOVERED_ORIGINAL_EPOCHS
3,p3_A4_placebo_s29_cv1,29,1,C:\Users\Hngk\Documents\Codex\PUMA_STAGE2_RESEARCH_PROMPTS_1_TO_4\PROMPT_3\ARCHITECTURES\A4\RESULTS\RUNS\p3_A4_placebo_s29_cv1\config.json,2afada16713a7088634acec5604f30bee99acc73f86bff6529ddd09f8e63f0e0,"{""id"":""p3_A4_placebo_s29_cv1"",""architecture"":""A4"",""control"":""placebo"",""seed"":29,""fold"":1,""epochs"":10,""lr"":0.001,""weight_decay"":0.01,""sampler"":""balanced"",""tau"":0}",C:\Users\Hngk\Documents\Codex\PUMA_STAGE2_RESEARCH_PROMPTS_1_TO_4\PROMPT_3\ARCHITECTURES\A4\RESULTS\RUNS\p3_A4_placebo_s29_cv1\history.jsonl,87f86914911b031947b486ac6fd4d50488259af21681971b6206434037987e05,10,RECOVERED_ORIGINAL_EPOCHS
3,p3_A4_placebo_s29_cv2,29,2,C:\Users\Hngk\Documents\Codex\PUMA_STAGE2_RESEARCH_PROMPTS_1_TO_4\PROMPT_3\ARCHITECTURES\A4\RESULTS\RUNS\p3_A4_placebo_s29_cv2\config.json,b1c4e3bc60442ba33f26c0f8e26981db7fce989996f54dca175130da6af505fb,"{""id"":""p3_A4_placebo_s29_cv2"",""architecture"":""A4"",""control"":""placebo"",""seed"":29,""fold"":2,""epochs"":10,""lr"":0.001,""weight_decay"":0.01,""sampler"":""balanced"",""tau"":0}",C:\Users\Hngk\Documents\Codex\PUMA_STAGE2_RESEARCH_PROMPTS_1_TO_4\PROMPT_3\ARCHITECTURES\A4\RESULTS\RUNS\p3_A4_placebo_s29_cv2\history.jsonl,f3d0fc59d427070ee52b175a3385b3c67a34d446217a9905b42f327f67b30b71,10,RECOVERED_ORIGINAL_EPOCHS
3,p3_A4_placebo_s43_cv0,43,0,C:\Users\Hngk\Documents\Codex\PUMA_STAGE2_RESEARCH_PROMPTS_1_TO_4\PROMPT_3\ARCHITECTURES\A4\RESULTS\RUNS\p3_A4_placebo_s43_cv0\config.json,1a98efe94317ade0d00e505beb419c54acb0f89ab0bd6e36a6ceacde2344678b,"{""id"":""p3_A4_placebo_s43_cv0"",""architecture"":""A4"",""control"":""placebo"",""seed"":43,""fold"":0,""epochs"":10,""lr"":0.001,""weight_decay"":0.01,""sampler"":""balanced"",""tau"":0}",C:\Users\Hngk\Documents\Codex\PUMA_STAGE2_RESEARCH_PROMPTS_1_TO_4\PROMPT_3\ARCHITECTURES\A4\RESULTS\RUNS\p3_A4_placebo_s43_cv0\history.jsonl,1cd2805a74b0369f7d7d2cd62be9959b596999b1d416745054c3fca50fe2f945,10,RECOVERED_ORIGINAL_EPOCHS
3,p3_A4_placebo_s43_cv1,43,1,C:\Users\Hngk\Documents\Codex\PUMA_STAGE2_RESEARCH_PROMPTS_1_TO_4\PROMPT_3\ARCHITECTURES\A4\RESULTS\RUNS\p3_A4_placebo_s43_cv1\config.json,4ce4325897f1a7042d11b8c4e581f4e4162c8866dcf353ffce3cc7006429a3a4,"{""id"":""p3_A4_placebo_s43_cv1"",""architecture"":""A4"",""control"":""placebo"",""seed"":43,""fold"":1,""epochs"":10,""lr"":0.001,""weight_decay"":0.01,""sampler"":""balanced"",""tau"":0}",C:\Users\Hngk\Documents\Codex\PUMA_STAGE2_RESEARCH_PROMPTS_1_TO_4\PROMPT_3\ARCHITECTURES\A4\RESULTS\RUNS\p3_A4_placebo_s43_cv1\history.jsonl,0e4edbfba4af76bdba1500de6097ed9a8efc30d0786f362a40a58c8e28e31571,10,RECOVERED_ORIGINAL_EPOCHS
3,p3_A4_placebo_s43_cv2,43,2,C:\Users\Hngk\Documents\Codex\PUMA_STAGE2_RESEARCH_PROMPTS_1_TO_4\PROMPT_3\ARCHITECTURES\A4\RESULTS\RUNS\p3_A4_placebo_s43_cv2\config.json,12a47164e923fca3d8de354260e9d5e5153b079c0c1b9d741499e3df7f9e6fd7,"{""id"":""p3_A4_placebo_s43_cv2"",""architecture"":""A4"",""control"":""placebo"",""seed"":43,""fold"":2,""epochs"":10,""lr"":0.001,""weight_decay"":0.01,""sampler"":""balanced"",""tau"":0}",C:\Users\Hngk\Documents\Codex\PUMA_STAGE2_RESEARCH_PROMPTS_1_TO_4\PROMPT_3\ARCHITECTURES\A4\RESULTS\RUNS\p3_A4_placebo_s43_cv2\history.jsonl,20593ed67baab85dd37206928a2338a76ae1d625c48bfffc9896a06610fabc8c,10,RECOVERED_ORIGINAL_EPOCHS
3,p3_A4_real_s17_cv0,17,0,C:\Users\Hngk\Documents\Codex\PUMA_STAGE2_RESEARCH_PROMPTS_1_TO_4\PROMPT_3\ARCHITECTURES\A4\RESULTS\RUNS\p3_A4_real_s17_cv0\config.json,bb347cc93a3289753d37c3ce7955cf69c87d04ec5d04fe74744b5d299f3d991c,"{""id"":""p3_A4_real_s17_cv0"",""architecture"":""A4"",""control"":""real"",""seed"":17,""fold"":0,""epochs"":10,""lr"":0.001,""weight_decay"":0.01,""sampler"":""balanced"",""tau"":0}",C:\Users\Hngk\Documents\Codex\PUMA_STAGE2_RESEARCH_PROMPTS_1_TO_4\PROMPT_3\ARCHITECTURES\A4\RESULTS\RUNS\p3_A4_real_s17_cv0\history.jsonl,50399db44f583c6fa6b63b504583da67789f0fcb64d1bf5d1500c16969336a1a,10,RECOVERED_ORIGINAL_EPOCHS
3,p3_A4_real_s17_cv1,17,1,C:\Users\Hngk\Documents\Codex\PUMA_STAGE2_RESEARCH_PROMPTS_1_TO_4\PROMPT_3\ARCHITECTURES\A4\RESULTS\RUNS\p3_A4_real_s17_cv1\config.json,2d787386a09674dee7de9125839cf97aaa6f0c152ad065cb116a663b88537131,"{""id"":""p3_A4_real_s17_cv1"",""architecture"":""A4"",""control"":""real"",""seed"":17,""fold"":1,""epochs"":10,""lr"":0.001,""weight_decay"":0.01,""sampler"":""balanced"",""tau"":0}",C:\Users\Hngk\Documents\Codex\PUMA_STAGE2_RESEARCH_PROMPTS_1_TO_4\PROMPT_3\ARCHITECTURES\A4\RESULTS\RUNS\p3_A4_real_s17_cv1\history.jsonl,9d063c7cb951e225f3435cafd503f2ba5b6987d9a86a8db0c8fcd9f5503bf20a,10,RECOVERED_ORIGINAL_EPOCHS
3,p3_A4_real_s17_cv2,17,2,C:\Users\Hngk\Documents\Codex\PUMA_STAGE2_RESEARCH_PROMPTS_1_TO_4\PROMPT_3\ARCHITECTURES\A4\RESULTS\RUNS\p3_A4_real_s17_cv2\config.json,a786e05c4714d097795aded31c714252f3857b48f8face9fbe1a9578bfbdf9cb,"{""id"":""p3_A4_real_s17_cv2"",""architecture"":""A4"",""control"":""real"",""seed"":17,""fold"":2,""epochs"":10,""lr"":0.001,""weight_decay"":0.01,""sampler"":""balanced"",""tau"":0}",C:\Users\Hngk\Documents\Codex\PUMA_STAGE2_RESEARCH_PROMPTS_1_TO_4\PROMPT_3\ARCHITECTURES\A4\RESULTS\RUNS\p3_A4_real_s17_cv2\history.jsonl,66915168a94dc8a432e63ee802ecb8d896d79a1cefb4dac49f89a15281983c85,10,RECOVERED_ORIGINAL_EPOCHS
3,p3_A4_real_s29_cv0,29,0,C:\Users\Hngk\Documents\Codex\PUMA_STAGE2_RESEARCH_PROMPTS_1_TO_4\PROMPT_3\ARCHITECTURES\A4\RESULTS\RUNS\p3_A4_real_s29_cv0\config.json,d306c4837dc72ebd704b92c9edaec225cae6162c935f1957c5af04cbd1fcd2a0,"{""id"":""p3_A4_real_s29_cv0"",""architecture"":""A4"",""control"":""real"",""seed"":29,""fold"":0,""epochs"":10,""lr"":0.001,""weight_decay"":0.01,""sampler"":""balanced"",""tau"":0}",C:\Users\Hngk\Documents\Codex\PUMA_STAGE2_RESEARCH_PROMPTS_1_TO_4\PROMPT_3\ARCHITECTURES\A4\RESULTS\RUNS\p3_A4_real_s29_cv0\history.jsonl,5e792deefb6a23a8615508908146fe2a15bb9f717f93733550bf62eec965da7c,10,RECOVERED_ORIGINAL_EPOCHS
3,p3_A4_real_s29_cv1,29,1,C:\Users\Hngk\Documents\Codex\PUMA_STAGE2_RESEARCH_PROMPTS_1_TO_4\PROMPT_3\ARCHITECTURES\A4\RESULTS\RUNS\p3_A4_real_s29_cv1\config.json,ab44b0a0dc3cf523755abb00c2a49dce02878c02e82e929150b05a06f5e49a94,"{""id"":""p3_A4_real_s29_cv1"",""architecture"":""A4"",""control"":""real"",""seed"":29,""fold"":1,""epochs"":10,""lr"":0.001,""weight_decay"":0.01,""sampler"":""balanced"",""tau"":0}",C:\Users\Hngk\Documents\Codex\PUMA_STAGE2_RESEARCH_PROMPTS_1_TO_4\PROMPT_3\ARCHITECTURES\A4\RESULTS\RUNS\p3_A4_real_s29_cv1\history.jsonl,7440efe18b53516dc33abbf6483da29ee6c2a1c8bf27b39e7d60806c1c5c68a0,10,RECOVERED_ORIGINAL_EPOCHS
3,p3_A4_real_s29_cv2,29,2,C:\Users\Hngk\Documents\Codex\PUMA_STAGE2_RESEARCH_PROMPTS_1_TO_4\PROMPT_3\ARCHITECTURES\A4\RESULTS\RUNS\p3_A4_real_s29_cv2\config.json,3e87ad2e3f38b9690b460a1947f306cbfecc1bf6f601a97693c327f9cae0847e,"{""id"":""p3_A4_real_s29_cv2"",""architecture"":""A4"",""control"":""real"",""seed"":29,""fold"":2,""epochs"":10,""lr"":0.001,""weight_decay"":0.01,""sampler"":""balanced"",""tau"":0}",C:\Users\Hngk\Documents\Codex\PUMA_STAGE2_RESEARCH_PROMPTS_1_TO_4\PROMPT_3\ARCHITECTURES\A4\RESULTS\RUNS\p3_A4_real_s29_cv2\history.jsonl,2b5714ec4e98428e04c91e60173ec5f181cc51bec51aa0ef1d384e12715a2b3d,10,RECOVERED_ORIGINAL_EPOCHS
3,p3_A4_real_s43_cv0,43,0,C:\Users\Hngk\Documents\Codex\PUMA_STAGE2_RESEARCH_PROMPTS_1_TO_4\PROMPT_3\ARCHITECTURES\A4\RESULTS\RUNS\p3_A4_real_s43_cv0\config.json,f7e2b69cdfc697f42e0f4ad92dc673d5c26ff6ed2abe2c5436b95c2cd42896c1,"{""id"":""p3_A4_real_s43_cv0"",""architecture"":""A4"",""control"":""real"",""seed"":43,""fold"":0,""epochs"":10,""lr"":0.001,""weight_decay"":0.01,""sampler"":""balanced"",""tau"":0}",C:\Users\Hngk\Documents\Codex\PUMA_STAGE2_RESEARCH_PROMPTS_1_TO_4\PROMPT_3\ARCHITECTURES\A4\RESULTS\RUNS\p3_A4_real_s43_cv0\history.jsonl,745190ffee74abb7fafebc379ef8af25076f5aad944e7b575b22547d688696ef,10,RECOVERED_ORIGINAL_EPOCHS
3,p3_A4_real_s43_cv1,43,1,C:\Users\Hngk\Documents\Codex\PUMA_STAGE2_RESEARCH_PROMPTS_1_TO_4\PROMPT_3\ARCHITECTURES\A4\RESULTS\RUNS\p3_A4_real_s43_cv1\config.json,ba86f4f3553e941425f0d3baa4e7663da91f0d29f4fd025965a17f1d54fa2baf,"{""id"":""p3_A4_real_s43_cv1"",""architecture"":""A4"",""control"":""real"",""seed"":43,""fold"":1,""epochs"":10,""lr"":0.001,""weight_decay"":0.01,""sampler"":""balanced"",""tau"":0}",C:\Users\Hngk\Documents\Codex\PUMA_STAGE2_RESEARCH_PROMPTS_1_TO_4\PROMPT_3\ARCHITECTURES\A4\RESULTS\RUNS\p3_A4_real_s43_cv1\history.jsonl,5b5a511150826a910777fcf03123b12e634a79384641ba14421dde7b8872d656,10,RECOVERED_ORIGINAL_EPOCHS
3,p3_A4_real_s43_cv2,43,2,C:\Users\Hngk\Documents\Codex\PUMA_STAGE2_RESEARCH_PROMPTS_1_TO_4\PROMPT_3\ARCHITECTURES\A4\RESULTS\RUNS\p3_A4_real_s43_cv2\config.json,f9673046c48ddb4252be719fe3481c40d11f5412000ee93b6cb2fcc6c32ca183,"{""id"":""p3_A4_real_s43_cv2"",""architecture"":""A4"",""control"":""real"",""seed"":43,""fold"":2,""epochs"":10,""lr"":0.001,""weight_decay"":0.01,""sampler"":""balanced"",""tau"":0}",C:\Users\Hngk\Documents\Codex\PUMA_STAGE2_RESEARCH_PROMPTS_1_TO_4\PROMPT_3\ARCHITECTURES\A4\RESULTS\RUNS\p3_A4_real_s43_cv2\history.jsonl,dab420bf6d0ca5deaa53e40e45f7a13ba64de07fbb6fc319c656986189f9ad2a,10,RECOVERED_ORIGINAL_EPOCHS
3,p3_A4_shuffle_s17_cv0,17,0,C:\Users\Hngk\Documents\Codex\PUMA_STAGE2_RESEARCH_PROMPTS_1_TO_4\PROMPT_3\ARCHITECTURES\A4\RESULTS\RUNS\p3_A4_shuffle_s17_cv0\config.json,ce22889abe25941e3c3f6503805c97123fc3b2ccf2aad82dd141111b532c9253,"{""id"":""p3_A4_shuffle_s17_cv0"",""architecture"":""A4"",""control"":""shuffle"",""seed"":17,""fold"":0,""epochs"":10,""lr"":0.001,""weight_decay"":0.01,""sampler"":""balanced"",""tau"":0}",C:\Users\Hngk\Documents\Codex\PUMA_STAGE2_RESEARCH_PROMPTS_1_TO_4\PROMPT_3\ARCHITECTURES\A4\RESULTS\RUNS\p3_A4_shuffle_s17_cv0\history.jsonl,5b5c039eb9271de59dc9477b4dfed82c5672b7914f45467c116e17faf58a6aef,10,RECOVERED_ORIGINAL_EPOCHS
3,p3_A4_shuffle_s17_cv1,17,1,C:\Users\Hngk\Documents\Codex\PUMA_STAGE2_RESEARCH_PROMPTS_1_TO_4\PROMPT_3\ARCHITECTURES\A4\RESULTS\RUNS\p3_A4_shuffle_s17_cv1\config.json,56460c9dfa0c4a8909cfcc44924d03799f8a594e42f1c9dfbcb3d33ac72f2605,"{""id"":""p3_A4_shuffle_s17_cv1"",""architecture"":""A4"",""control"":""shuffle"",""seed"":17,""fold"":1,""epochs"":10,""lr"":0.001,""weight_decay"":0.01,""sampler"":""balanced"",""tau"":0}",C:\Users\Hngk\Documents\Codex\PUMA_STAGE2_RESEARCH_PROMPTS_1_TO_4\PROMPT_3\ARCHITECTURES\A4\RESULTS\RUNS\p3_A4_shuffle_s17_cv1\history.jsonl,0e1fd8e152431b30ed949bf855ce1f6742869e72e7e5b0550d4e7fb58a605b42,10,RECOVERED_ORIGINAL_EPOCHS
3,p3_A4_shuffle_s17_cv2,17,2,C:\Users\Hngk\Documents\Codex\PUMA_STAGE2_RESEARCH_PROMPTS_1_TO_4\PROMPT_3\ARCHITECTURES\A4\RESULTS\RUNS\p3_A4_shuffle_s17_cv2\config.json,e387693e149ede92881f50527a29cad3706b7c2fdae32634132d54f6db5feb11,"{""id"":""p3_A4_shuffle_s17_cv2"",""architecture"":""A4"",""control"":""shuffle"",""seed"":17,""fold"":2,""epochs"":10,""lr"":0.001,""weight_decay"":0.01,""sampler"":""balanced"",""tau"":0}",C:\Users\Hngk\Documents\Codex\PUMA_STAGE2_RESEARCH_PROMPTS_1_TO_4\PROMPT_3\ARCHITECTURES\A4\RESULTS\RUNS\p3_A4_shuffle_s17_cv2\history.jsonl,6fbf428f53e713343bf3c693a71794fe6584ffca367b3dfe19bc017eeba95052,10,RECOVERED_ORIGINAL_EPOCHS
3,p3_A4_shuffle_s29_cv0,29,0,C:\Users\Hngk\Documents\Codex\PUMA_STAGE2_RESEARCH_PROMPTS_1_TO_4\PROMPT_3\ARCHITECTURES\A4\RESULTS\RUNS\p3_A4_shuffle_s29_cv0\config.json,c8845eefb89efbeabdbc61f44cd13c99f5f07baab6f6c7d41cdb8b031e5de821,"{""id"":""p3_A4_shuffle_s29_cv0"",""architecture"":""A4"",""control"":""shuffle"",""seed"":29,""fold"":0,""epochs"":10,""lr"":0.001,""weight_decay"":0.01,""sampler"":""balanced"",""tau"":0}",C:\Users\Hngk\Documents\Codex\PUMA_STAGE2_RESEARCH_PROMPTS_1_TO_4\PROMPT_3\ARCHITECTURES\A4\RESULTS\RUNS\p3_A4_shuffle_s29_cv0\history.jsonl,c9a6872d1e427d2b1440f8e4e9e1905981dbd6f54b2d4f35339a5208c48fa2e5,10,RECOVERED_ORIGINAL_EPOCHS
3,p3_A4_shuffle_s29_cv1,29,1,C:\Users\Hngk\Documents\Codex\PUMA_STAGE2_RESEARCH_PROMPTS_1_TO_4\PROMPT_3\ARCHITECTURES\A4\RESULTS\RUNS\p3_A4_shuffle_s29_cv1\config.json,fd736cb6577efed65f42c457b72f07d3eca0899f627e9bed2a63c2db4b7c3b4f,"{""id"":""p3_A4_shuffle_s29_cv1"",""architecture"":""A4"",""control"":""shuffle"",""seed"":29,""fold"":1,""epochs"":10,""lr"":0.001,""weight_decay"":0.01,""sampler"":""balanced"",""tau"":0}",C:\Users\Hngk\Documents\Codex\PUMA_STAGE2_RESEARCH_PROMPTS_1_TO_4\PROMPT_3\ARCHITECTURES\A4\RESULTS\RUNS\p3_A4_shuffle_s29_cv1\history.jsonl,e92cc4b83f78845b1628c9298bbb4c3c01892155e49929b1d040d4b70e5bf00f,10,RECOVERED_ORIGINAL_EPOCHS
3,p3_A4_shuffle_s29_cv2,29,2,C:\Users\Hngk\Documents\Codex\PUMA_STAGE2_RESEARCH_PROMPTS_1_TO_4\PROMPT_3\ARCHITECTURES\A4\RESULTS\RUNS\p3_A4_shuffle_s29_cv2\config.json,64b096e7d07a818dae3ce41e9db5dfa640badcf58fc9ad65a7bb2950b404d012,"{""id"":""p3_A4_shuffle_s29_cv2"",""architecture"":""A4"",""control"":""shuffle"",""seed"":29,""fold"":2,""epochs"":10,""lr"":0.001,""weight_decay"":0.01,""sampler"":""balanced"",""tau"":0}",C:\Users\Hngk\Documents\Codex\PUMA_STAGE2_RESEARCH_PROMPTS_1_TO_4\PROMPT_3\ARCHITECTURES\A4\RESULTS\RUNS\p3_A4_shuffle_s29_cv2\history.jsonl,bf502157b0b14c4ce10da083b510ea81b32529c2488a26a3273e41b94040f745,10,RECOVERED_ORIGINAL_EPOCHS
3,p3_A4_shuffle_s43_cv0,43,0,C:\Users\Hngk\Documents\Codex\PUMA_STAGE2_RESEARCH_PROMPTS_1_TO_4\PROMPT_3\ARCHITECTURES\A4\RESULTS\RUNS\p3_A4_shuffle_s43_cv0\config.json,657b03323793255df24899478be8907aacbfa6b0615fa2083204cf1ff3410145,"{""id"":""p3_A4_shuffle_s43_cv0"",""architecture"":""A4"",""control"":""shuffle"",""seed"":43,""fold"":0,""epochs"":10,""lr"":0.001,""weight_decay"":0.01,""sampler"":""balanced"",""tau"":0}",C:\Users\Hngk\Documents\Codex\PUMA_STAGE2_RESEARCH_PROMPTS_1_TO_4\PROMPT_3\ARCHITECTURES\A4\RESULTS\RUNS\p3_A4_shuffle_s43_cv0\history.jsonl,c1a941dfe5f3ddafa56f6fc4225dc0517f36b194c38fa428eeea93b1d1c10b3a,10,RECOVERED_ORIGINAL_EPOCHS
3,p3_A4_shuffle_s43_cv1,43,1,C:\Users\Hngk\Documents\Codex\PUMA_STAGE2_RESEARCH_PROMPTS_1_TO_4\PROMPT_3\ARCHITECTURES\A4\RESULTS\RUNS\p3_A4_shuffle_s43_cv1\config.json,c32d61ba793480951947258c8f8138b16043e838ac8e38de2dffee450b29dd14,"{""id"":""p3_A4_shuffle_s43_cv1"",""architecture"":""A4"",""control"":""shuffle"",""seed"":43,""fold"":1,""epochs"":10,""lr"":0.001,""weight_decay"":0.01,""sampler"":""balanced"",""tau"":0}",C:\Users\Hngk\Documents\Codex\PUMA_STAGE2_RESEARCH_PROMPTS_1_TO_4\PROMPT_3\ARCHITECTURES\A4\RESULTS\RUNS\p3_A4_shuffle_s43_cv1\history.jsonl,70959be8da96c4c336bfb314d6d60ffbdb5f0b69fdd5cf69ca331df7a1ba8799,10,RECOVERED_ORIGINAL_EPOCHS
3,p3_A4_shuffle_s43_cv2,43,2,C:\Users\Hngk\Documents\Codex\PUMA_STAGE2_RESEARCH_PROMPTS_1_TO_4\PROMPT_3\ARCHITECTURES\A4\RESULTS\RUNS\p3_A4_shuffle_s43_cv2\config.json,8dfa260955a248b93cdc65e5c73ca2448bc5b1247fb06028c9f71715385e3633,"{""id"":""p3_A4_shuffle_s43_cv2"",""architecture"":""A4"",""control"":""shuffle"",""seed"":43,""fold"":2,""epochs"":10,""lr"":0.001,""weight_decay"":0.01,""sampler"":""balanced"",""tau"":0}",C:\Users\Hngk\Documents\Codex\PUMA_STAGE2_RESEARCH_PROMPTS_1_TO_4\PROMPT_3\ARCHITECTURES\A4\RESULTS\RUNS\p3_A4_shuffle_s43_cv2\history.jsonl,85ed9ef7ca9a4fcbe0787ce2f9030de8d1a3c8a0d868e892b1c289e23ea94c2d,10,RECOVERED_ORIGINAL_EPOCHS
3,p3_A5_placebo_s17_cv0,17,0,C:\Users\Hngk\Documents\Codex\PUMA_STAGE2_RESEARCH_PROMPTS_1_TO_4\PROMPT_3\ARCHITECTURES\A5\RESULTS\RUNS\p3_A5_placebo_s17_cv0\config.json,bb5e0feedeb1a5f5bd1f34f566f9e263b28c4f82ddea04e8ed9d58f9ba8011dc,"{""id"":""p3_A5_placebo_s17_cv0"",""architecture"":""A5"",""control"":""placebo"",""seed"":17,""fold"":0,""epochs"":10,""lr"":0.001,""weight_decay"":0.01,""sampler"":""balanced"",""tau"":0}",C:\Users\Hngk\Documents\Codex\PUMA_STAGE2_RESEARCH_PROMPTS_1_TO_4\PROMPT_3\ARCHITECTURES\A5\RESULTS\RUNS\p3_A5_placebo_s17_cv0\history.jsonl,31ccc52b3826a209111c9596261759f56fd0763ee90e1c26dc536f5175dab201,10,RECOVERED_ORIGINAL_EPOCHS
3,p3_A5_placebo_s17_cv1,17,1,C:\Users\Hngk\Documents\Codex\PUMA_STAGE2_RESEARCH_PROMPTS_1_TO_4\PROMPT_3\ARCHITECTURES\A5\RESULTS\RUNS\p3_A5_placebo_s17_cv1\config.json,c3baca72c18462db2e3a367987470580dfdc293d92c52c8cbd082d2c6dc25b0f,"{""id"":""p3_A5_placebo_s17_cv1"",""architecture"":""A5"",""control"":""placebo"",""seed"":17,""fold"":1,""epochs"":10,""lr"":0.001,""weight_decay"":0.01,""sampler"":""balanced"",""tau"":0}",C:\Users\Hngk\Documents\Codex\PUMA_STAGE2_RESEARCH_PROMPTS_1_TO_4\PROMPT_3\ARCHITECTURES\A5\RESULTS\RUNS\p3_A5_placebo_s17_cv1\history.jsonl,aaed4f80ca37ece38d88fcc36726df6ffe09c1eec0a0224f83576fc757e67973,10,RECOVERED_ORIGINAL_EPOCHS
3,p3_A5_placebo_s17_cv2,17,2,C:\Users\Hngk\Documents\Codex\PUMA_STAGE2_RESEARCH_PROMPTS_1_TO_4\PROMPT_3\ARCHITECTURES\A5\RESULTS\RUNS\p3_A5_placebo_s17_cv2\config.json,ae6c97eee96fdebca190212266208373fbe2ba78cd28b39bbc7b9c6f807a7abe,"{""id"":""p3_A5_placebo_s17_cv2"",""architecture"":""A5"",""control"":""placebo"",""seed"":17,""fold"":2,""epochs"":10,""lr"":0.001,""weight_decay"":0.01,""sampler"":""balanced"",""tau"":0}",C:\Users\Hngk\Documents\Codex\PUMA_STAGE2_RESEARCH_PROMPTS_1_TO_4\PROMPT_3\ARCHITECTURES\A5\RESULTS\RUNS\p3_A5_placebo_s17_cv2\history.jsonl,336f8bb3ca22959db762a08277a843c0f0bf060bcb582e4402a2d82841d1ba99,10,RECOVERED_ORIGINAL_EPOCHS
3,p3_A5_placebo_s29_cv0,29,0,C:\Users\Hngk\Documents\Codex\PUMA_STAGE2_RESEARCH_PROMPTS_1_TO_4\PROMPT_3\ARCHITECTURES\A5\RESULTS\RUNS\p3_A5_placebo_s29_cv0\config.json,e04e59d5a2499d8b107a922a91a74f6ce0009ce71a2627eb106452571018b246,"{""id"":""p3_A5_placebo_s29_cv0"",""architecture"":""A5"",""control"":""placebo"",""seed"":29,""fold"":0,""epochs"":10,""lr"":0.001,""weight_decay"":0.01,""sampler"":""balanced"",""tau"":0}",C:\Users\Hngk\Documents\Codex\PUMA_STAGE2_RESEARCH_PROMPTS_1_TO_4\PROMPT_3\ARCHITECTURES\A5\RESULTS\RUNS\p3_A5_placebo_s29_cv0\history.jsonl,eab523a7a4a73ce3976a86a916b8f4211a5294d5a9e06cc7dc366646b700abe1,10,RECOVERED_ORIGINAL_EPOCHS
3,p3_A5_placebo_s29_cv1,29,1,C:\Users\Hngk\Documents\Codex\PUMA_STAGE2_RESEARCH_PROMPTS_1_TO_4\PROMPT_3\ARCHITECTURES\A5\RESULTS\RUNS\p3_A5_placebo_s29_cv1\config.json,be3377b022626cba6df8b1786d9b3614d15f3c3c4eb5438b6ac8c82fb2b8e432,"{""id"":""p3_A5_placebo_s29_cv1"",""architecture"":""A5"",""control"":""placebo"",""seed"":29,""fold"":1,""epochs"":10,""lr"":0.001,""weight_decay"":0.01,""sampler"":""balanced"",""tau"":0}",C:\Users\Hngk\Documents\Codex\PUMA_STAGE2_RESEARCH_PROMPTS_1_TO_4\PROMPT_3\ARCHITECTURES\A5\RESULTS\RUNS\p3_A5_placebo_s29_cv1\history.jsonl,9d3dd18f5ebe6c2c29b825e763438fcdb7f9a4cfb7c9e6f6cf1eaaae895c8d53,10,RECOVERED_ORIGINAL_EPOCHS
3,p3_A5_placebo_s29_cv2,29,2,C:\Users\Hngk\Documents\Codex\PUMA_STAGE2_RESEARCH_PROMPTS_1_TO_4\PROMPT_3\ARCHITECTURES\A5\RESULTS\RUNS\p3_A5_placebo_s29_cv2\config.json,07177d5ec7d519dfcb2c5ba329baa0bca05c901800f0431b9878dd98320a54bf,"{""id"":""p3_A5_placebo_s29_cv2"",""architecture"":""A5"",""control"":""placebo"",""seed"":29,""fold"":2,""epochs"":10,""lr"":0.001,""weight_decay"":0.01,""sampler"":""balanced"",""tau"":0}",C:\Users\Hngk\Documents\Codex\PUMA_STAGE2_RESEARCH_PROMPTS_1_TO_4\PROMPT_3\ARCHITECTURES\A5\RESULTS\RUNS\p3_A5_placebo_s29_cv2\history.jsonl,e6ea79768c975085a8f72106273886c6ec17efc5a734d9519d7392976141efab,10,RECOVERED_ORIGINAL_EPOCHS
3,p3_A5_placebo_s43_cv0,43,0,C:\Users\Hngk\Documents\Codex\PUMA_STAGE2_RESEARCH_PROMPTS_1_TO_4\PROMPT_3\ARCHITECTURES\A5\RESULTS\RUNS\p3_A5_placebo_s43_cv0\config.json,392f177b3c99deaaec5153d5626a4ec0711f43f25357af5fabc1feba889635f3,"{""id"":""p3_A5_placebo_s43_cv0"",""architecture"":""A5"",""control"":""placebo"",""seed"":43,""fold"":0,""epochs"":10,""lr"":0.001,""weight_decay"":0.01,""sampler"":""balanced"",""tau"":0}",C:\Users\Hngk\Documents\Codex\PUMA_STAGE2_RESEARCH_PROMPTS_1_TO_4\PROMPT_3\ARCHITECTURES\A5\RESULTS\RUNS\p3_A5_placebo_s43_cv0\history.jsonl,b3f00f66cc92ba5b31476ea8d8f6e8f39510d39df46af92690f097ee73e49daa,10,RECOVERED_ORIGINAL_EPOCHS
3,p3_A5_placebo_s43_cv1,43,1,C:\Users\Hngk\Documents\Codex\PUMA_STAGE2_RESEARCH_PROMPTS_1_TO_4\PROMPT_3\ARCHITECTURES\A5\RESULTS\RUNS\p3_A5_placebo_s43_cv1\config.json,5a36c5c314456498e8821eaf040ce47d972a2de97c1921381960965d2034acdb,"{""id"":""p3_A5_placebo_s43_cv1"",""architecture"":""A5"",""control"":""placebo"",""seed"":43,""fold"":1,""epochs"":10,""lr"":0.001,""weight_decay"":0.01,""sampler"":""balanced"",""tau"":0}",C:\Users\Hngk\Documents\Codex\PUMA_STAGE2_RESEARCH_PROMPTS_1_TO_4\PROMPT_3\ARCHITECTURES\A5\RESULTS\RUNS\p3_A5_placebo_s43_cv1\history.jsonl,6f352fbc7ba6c45c5bd1ecc923168c0d19c961bfa3e9602be2e36aa010890162,10,RECOVERED_ORIGINAL_EPOCHS
3,p3_A5_placebo_s43_cv2,43,2,C:\Users\Hngk\Documents\Codex\PUMA_STAGE2_RESEARCH_PROMPTS_1_TO_4\PROMPT_3\ARCHITECTURES\A5\RESULTS\RUNS\p3_A5_placebo_s43_cv2\config.json,20f87fd60a6bca7dbfca2797102850621be228f8d6a26780e8604542e6f9d44f,"{""id"":""p3_A5_placebo_s43_cv2"",""architecture"":""A5"",""control"":""placebo"",""seed"":43,""fold"":2,""epochs"":10,""lr"":0.001,""weight_decay"":0.01,""sampler"":""balanced"",""tau"":0}",C:\Users\Hngk\Documents\Codex\PUMA_STAGE2_RESEARCH_PROMPTS_1_TO_4\PROMPT_3\ARCHITECTURES\A5\RESULTS\RUNS\p3_A5_placebo_s43_cv2\history.jsonl,2bdb64c144d0cacdeda30b3365dd38749670a97b58a3e1f54e984294469461e2,10,RECOVERED_ORIGINAL_EPOCHS
3,p3_A5_real_s17_cv0,17,0,C:\Users\Hngk\Documents\Codex\PUMA_STAGE2_RESEARCH_PROMPTS_1_TO_4\PROMPT_3\ARCHITECTURES\A5\RESULTS\RUNS\p3_A5_real_s17_cv0\config.json,865f7a48c834408753f1e6b2ef19b751412b967e731b1b777c21a2900f9ee723,"{""id"":""p3_A5_real_s17_cv0"",""architecture"":""A5"",""control"":""real"",""seed"":17,""fold"":0,""epochs"":10,""lr"":0.001,""weight_decay"":0.01,""sampler"":""balanced"",""tau"":0}",C:\Users\Hngk\Documents\Codex\PUMA_STAGE2_RESEARCH_PROMPTS_1_TO_4\PROMPT_3\ARCHITECTURES\A5\RESULTS\RUNS\p3_A5_real_s17_cv0\history.jsonl,b38bd9842e91aed03ac01ac1e24d831c45e5b46eb04aaea593e7005843abc811,10,RECOVERED_ORIGINAL_EPOCHS
3,p3_A5_real_s17_cv1,17,1,C:\Users\Hngk\Documents\Codex\PUMA_STAGE2_RESEARCH_PROMPTS_1_TO_4\PROMPT_3\ARCHITECTURES\A5\RESULTS\RUNS\p3_A5_real_s17_cv1\config.json,e504bdb534bdefa6229ec47bac576cba267adffb5bf2fc13879315765bba5fcc,"{""id"":""p3_A5_real_s17_cv1"",""architecture"":""A5"",""control"":""real"",""seed"":17,""fold"":1,""epochs"":10,""lr"":0.001,""weight_decay"":0.01,""sampler"":""balanced"",""tau"":0}",C:\Users\Hngk\Documents\Codex\PUMA_STAGE2_RESEARCH_PROMPTS_1_TO_4\PROMPT_3\ARCHITECTURES\A5\RESULTS\RUNS\p3_A5_real_s17_cv1\history.jsonl,3f8c67a3c85635d67f17dd1c3b4ea82a19b92b94bd32184f0c8e59e90d22b355,10,RECOVERED_ORIGINAL_EPOCHS
3,p3_A5_real_s17_cv2,17,2,C:\Users\Hngk\Documents\Codex\PUMA_STAGE2_RESEARCH_PROMPTS_1_TO_4\PROMPT_3\ARCHITECTURES\A5\RESULTS\RUNS\p3_A5_real_s17_cv2\config.json,546e88db6c58a2cc27a442d98b974cff69e2ad52155508990bd8d5470e895c51,"{""id"":""p3_A5_real_s17_cv2"",""architecture"":""A5"",""control"":""real"",""seed"":17,""fold"":2,""epochs"":10,""lr"":0.001,""weight_decay"":0.01,""sampler"":""balanced"",""tau"":0}",C:\Users\Hngk\Documents\Codex\PUMA_STAGE2_RESEARCH_PROMPTS_1_TO_4\PROMPT_3\ARCHITECTURES\A5\RESULTS\RUNS\p3_A5_real_s17_cv2\history.jsonl,73583d8710bce2ac65add0a2a2b41804ec348e456de15925611fa2949c1cd7a6,10,RECOVERED_ORIGINAL_EPOCHS
3,p3_A5_real_s29_cv0,29,0,C:\Users\Hngk\Documents\Codex\PUMA_STAGE2_RESEARCH_PROMPTS_1_TO_4\PROMPT_3\ARCHITECTURES\A5\RESULTS\RUNS\p3_A5_real_s29_cv0\config.json,cf440ede492e967d9c0a40da98b96b72644ef371eaf7e891856901c31c306f2c,"{""id"":""p3_A5_real_s29_cv0"",""architecture"":""A5"",""control"":""real"",""seed"":29,""fold"":0,""epochs"":10,""lr"":0.001,""weight_decay"":0.01,""sampler"":""balanced"",""tau"":0}",C:\Users\Hngk\Documents\Codex\PUMA_STAGE2_RESEARCH_PROMPTS_1_TO_4\PROMPT_3\ARCHITECTURES\A5\RESULTS\RUNS\p3_A5_real_s29_cv0\history.jsonl,ea4187034c03502963100c4183804fc0b43dae0fc557a4cbbde9108ee1cae4cb,10,RECOVERED_ORIGINAL_EPOCHS
3,p3_A5_real_s29_cv1,29,1,C:\Users\Hngk\Documents\Codex\PUMA_STAGE2_RESEARCH_PROMPTS_1_TO_4\PROMPT_3\ARCHITECTURES\A5\RESULTS\RUNS\p3_A5_real_s29_cv1\config.json,e19a6e6b5f59e07b3e1d51457a1b3ce70a1a4317bb279939d65fbf1c65e3e05e,"{""id"":""p3_A5_real_s29_cv1"",""architecture"":""A5"",""control"":""real"",""seed"":29,""fold"":1,""epochs"":10,""lr"":0.001,""weight_decay"":0.01,""sampler"":""balanced"",""tau"":0}",C:\Users\Hngk\Documents\Codex\PUMA_STAGE2_RESEARCH_PROMPTS_1_TO_4\PROMPT_3\ARCHITECTURES\A5\RESULTS\RUNS\p3_A5_real_s29_cv1\history.jsonl,1f5798e397e8dcf695d12ec8b9064c64ef4e0f8e72387440ef2531554ea7f15f,10,RECOVERED_ORIGINAL_EPOCHS
3,p3_A5_real_s29_cv2,29,2,C:\Users\Hngk\Documents\Codex\PUMA_STAGE2_RESEARCH_PROMPTS_1_TO_4\PROMPT_3\ARCHITECTURES\A5\RESULTS\RUNS\p3_A5_real_s29_cv2\config.json,8dcab30db3df5d42fa0ae354ab773ebd6a53179fca2c813a2cacee9515ff3b7b,"{""id"":""p3_A5_real_s29_cv2"",""architecture"":""A5"",""control"":""real"",""seed"":29,""fold"":2,""epochs"":10,""lr"":0.001,""weight_decay"":0.01,""sampler"":""balanced"",""tau"":0}",C:\Users\Hngk\Documents\Codex\PUMA_STAGE2_RESEARCH_PROMPTS_1_TO_4\PROMPT_3\ARCHITECTURES\A5\RESULTS\RUNS\p3_A5_real_s29_cv2\history.jsonl,a9a26138b1aa3468a333765fea08229d08d90dda4005b0481dbfe12ca9708100,10,RECOVERED_ORIGINAL_EPOCHS
3,p3_A5_real_s43_cv0,43,0,C:\Users\Hngk\Documents\Codex\PUMA_STAGE2_RESEARCH_PROMPTS_1_TO_4\PROMPT_3\ARCHITECTURES\A5\RESULTS\RUNS\p3_A5_real_s43_cv0\config.json,c87792b16f7a749e3b486e05bf4dc3cc9722efd25b27ec3edfc2b70e09fcc963,"{""id"":""p3_A5_real_s43_cv0"",""architecture"":""A5"",""control"":""real"",""seed"":43,""fold"":0,""epochs"":10,""lr"":0.001,""weight_decay"":0.01,""sampler"":""balanced"",""tau"":0}",C:\Users\Hngk\Documents\Codex\PUMA_STAGE2_RESEARCH_PROMPTS_1_TO_4\PROMPT_3\ARCHITECTURES\A5\RESULTS\RUNS\p3_A5_real_s43_cv0\history.jsonl,454f7e54a68d043b510311f4a818a5b6b37ef694e04be52aee95515a0040a3ad,10,RECOVERED_ORIGINAL_EPOCHS
3,p3_A5_real_s43_cv1,43,1,C:\Users\Hngk\Documents\Codex\PUMA_STAGE2_RESEARCH_PROMPTS_1_TO_4\PROMPT_3\ARCHITECTURES\A5\RESULTS\RUNS\p3_A5_real_s43_cv1\config.json,9d2dc8d82505518f92ab93870fb1bd478742cdee2683a3b9193546333bfbc403,"{""id"":""p3_A5_real_s43_cv1"",""architecture"":""A5"",""control"":""real"",""seed"":43,""fold"":1,""epochs"":10,""lr"":0.001,""weight_decay"":0.01,""sampler"":""balanced"",""tau"":0}",C:\Users\Hngk\Documents\Codex\PUMA_STAGE2_RESEARCH_PROMPTS_1_TO_4\PROMPT_3\ARCHITECTURES\A5\RESULTS\RUNS\p3_A5_real_s43_cv1\history.jsonl,5a8868b0c397f0e3c31ef388cb909bd5f120a93e3584e1db68befbc2c32062db,10,RECOVERED_ORIGINAL_EPOCHS
3,p3_A5_real_s43_cv2,43,2,C:\Users\Hngk\Documents\Codex\PUMA_STAGE2_RESEARCH_PROMPTS_1_TO_4\PROMPT_3\ARCHITECTURES\A5\RESULTS\RUNS\p3_A5_real_s43_cv2\config.json,4a4f76c445b7b8896e112b1653bebaa045ac665571819fcd336c9e545a5e5649,"{""id"":""p3_A5_real_s43_cv2"",""architecture"":""A5"",""control"":""real"",""seed"":43,""fold"":2,""epochs"":10,""lr"":0.001,""weight_decay"":0.01,""sampler"":""balanced"",""tau"":0}",C:\Users\Hngk\Documents\Codex\PUMA_STAGE2_RESEARCH_PROMPTS_1_TO_4\PROMPT_3\ARCHITECTURES\A5\RESULTS\RUNS\p3_A5_real_s43_cv2\history.jsonl,a88d3b53a96a340b5e06a177e0ba1321284914159578fddb1bebcad9712e9cb7,10,RECOVERED_ORIGINAL_EPOCHS
3,p3_A5_shuffle_s17_cv0,17,0,C:\Users\Hngk\Documents\Codex\PUMA_STAGE2_RESEARCH_PROMPTS_1_TO_4\PROMPT_3\ARCHITECTURES\A5\RESULTS\RUNS\p3_A5_shuffle_s17_cv0\config.json,fa18f3984d8d35a9055540040e844a5451c2963142051a3dea6777a88090734b,"{""id"":""p3_A5_shuffle_s17_cv0"",""architecture"":""A5"",""control"":""shuffle"",""seed"":17,""fold"":0,""epochs"":10,""lr"":0.001,""weight_decay"":0.01,""sampler"":""balanced"",""tau"":0}",C:\Users\Hngk\Documents\Codex\PUMA_STAGE2_RESEARCH_PROMPTS_1_TO_4\PROMPT_3\ARCHITECTURES\A5\RESULTS\RUNS\p3_A5_shuffle_s17_cv0\history.jsonl,4a3f623cefba13e4894b997cd55a23d638a66cd88573d2a3171df4fc05d6eebf,10,RECOVERED_ORIGINAL_EPOCHS
3,p3_A5_shuffle_s17_cv1,17,1,C:\Users\Hngk\Documents\Codex\PUMA_STAGE2_RESEARCH_PROMPTS_1_TO_4\PROMPT_3\ARCHITECTURES\A5\RESULTS\RUNS\p3_A5_shuffle_s17_cv1\config.json,d7eab0fbebcd1e3fe3e06c934ce0d13e50afdae8212f8531f28e1dc097397f94,"{""id"":""p3_A5_shuffle_s17_cv1"",""architecture"":""A5"",""control"":""shuffle"",""seed"":17,""fold"":1,""epochs"":10,""lr"":0.001,""weight_decay"":0.01,""sampler"":""balanced"",""tau"":0}",C:\Users\Hngk\Documents\Codex\PUMA_STAGE2_RESEARCH_PROMPTS_1_TO_4\PROMPT_3\ARCHITECTURES\A5\RESULTS\RUNS\p3_A5_shuffle_s17_cv1\history.jsonl,fb94ccd0a112546d48c07b328a10cf3c0c0e5b84d9836801c72fe3ea9f065fed,10,RECOVERED_ORIGINAL_EPOCHS
3,p3_A5_shuffle_s17_cv2,17,2,C:\Users\Hngk\Documents\Codex\PUMA_STAGE2_RESEARCH_PROMPTS_1_TO_4\PROMPT_3\ARCHITECTURES\A5\RESULTS\RUNS\p3_A5_shuffle_s17_cv2\config.json,ef1bfb733991cfcae8c96e4884ae4f856e20e9869b50fa11ca9507b96a2e1a84,"{""id"":""p3_A5_shuffle_s17_cv2"",""architecture"":""A5"",""control"":""shuffle"",""seed"":17,""fold"":2,""epochs"":10,""lr"":0.001,""weight_decay"":0.01,""sampler"":""balanced"",""tau"":0}",C:\Users\Hngk\Documents\Codex\PUMA_STAGE2_RESEARCH_PROMPTS_1_TO_4\PROMPT_3\ARCHITECTURES\A5\RESULTS\RUNS\p3_A5_shuffle_s17_cv2\history.jsonl,ee9526ec811d8580bd02b2205b6e7b0de273610bc4a5b15ccfda23199664a4a5,10,RECOVERED_ORIGINAL_EPOCHS
3,p3_A5_shuffle_s29_cv0,29,0,C:\Users\Hngk\Documents\Codex\PUMA_STAGE2_RESEARCH_PROMPTS_1_TO_4\PROMPT_3\ARCHITECTURES\A5\RESULTS\RUNS\p3_A5_shuffle_s29_cv0\config.json,6811d3f5aea642a2f5e94e7920d3aa72d48dc8472ac8011867db5d17df901ff0,"{""id"":""p3_A5_shuffle_s29_cv0"",""architecture"":""A5"",""control"":""shuffle"",""seed"":29,""fold"":0,""epochs"":10,""lr"":0.001,""weight_decay"":0.01,""sampler"":""balanced"",""tau"":0}",C:\Users\Hngk\Documents\Codex\PUMA_STAGE2_RESEARCH_PROMPTS_1_TO_4\PROMPT_3\ARCHITECTURES\A5\RESULTS\RUNS\p3_A5_shuffle_s29_cv0\history.jsonl,0a8a7eca50344ca02cdfef4239e4c22d2f7cac3263c1a08fbe170a997ad13405,10,RECOVERED_ORIGINAL_EPOCHS
3,p3_A5_shuffle_s29_cv1,29,1,C:\Users\Hngk\Documents\Codex\PUMA_STAGE2_RESEARCH_PROMPTS_1_TO_4\PROMPT_3\ARCHITECTURES\A5\RESULTS\RUNS\p3_A5_shuffle_s29_cv1\config.json,17ecbde9257fba20a7d89ba1952ccae77bce44d545e871fa7b5df547152482a6,"{""id"":""p3_A5_shuffle_s29_cv1"",""architecture"":""A5"",""control"":""shuffle"",""seed"":29,""fold"":1,""epochs"":10,""lr"":0.001,""weight_decay"":0.01,""sampler"":""balanced"",""tau"":0}",C:\Users\Hngk\Documents\Codex\PUMA_STAGE2_RESEARCH_PROMPTS_1_TO_4\PROMPT_3\ARCHITECTURES\A5\RESULTS\RUNS\p3_A5_shuffle_s29_cv1\history.jsonl,225ffff3bbbfccdeb12f70872463ed82f359a102b97eb7b3d806dff380f3fd26,10,RECOVERED_ORIGINAL_EPOCHS
3,p3_A5_shuffle_s29_cv2,29,2,C:\Users\Hngk\Documents\Codex\PUMA_STAGE2_RESEARCH_PROMPTS_1_TO_4\PROMPT_3\ARCHITECTURES\A5\RESULTS\RUNS\p3_A5_shuffle_s29_cv2\config.json,1694fe957911978ace3b4b1ca5d042b9e24e5309832ddff57b2981d0996de6f8,"{""id"":""p3_A5_shuffle_s29_cv2"",""architecture"":""A5"",""control"":""shuffle"",""seed"":29,""fold"":2,""epochs"":10,""lr"":0.001,""weight_decay"":0.01,""sampler"":""balanced"",""tau"":0}",C:\Users\Hngk\Documents\Codex\PUMA_STAGE2_RESEARCH_PROMPTS_1_TO_4\PROMPT_3\ARCHITECTURES\A5\RESULTS\RUNS\p3_A5_shuffle_s29_cv2\history.jsonl,5804a805b8d8578b1378e513d121d4fde047ff22b38c2a3081d4db28fe2d7d2f,10,RECOVERED_ORIGINAL_EPOCHS
3,p3_A5_shuffle_s43_cv0,43,0,C:\Users\Hngk\Documents\Codex\PUMA_STAGE2_RESEARCH_PROMPTS_1_TO_4\PROMPT_3\ARCHITECTURES\A5\RESULTS\RUNS\p3_A5_shuffle_s43_cv0\config.json,8f3a15540f55abd5f5b2f6a9df3e0e6033db2ec1863c993717106f09921b6c32,"{""id"":""p3_A5_shuffle_s43_cv0"",""architecture"":""A5"",""control"":""shuffle"",""seed"":43,""fold"":0,""epochs"":10,""lr"":0.001,""weight_decay"":0.01,""sampler"":""balanced"",""tau"":0}",C:\Users\Hngk\Documents\Codex\PUMA_STAGE2_RESEARCH_PROMPTS_1_TO_4\PROMPT_3\ARCHITECTURES\A5\RESULTS\RUNS\p3_A5_shuffle_s43_cv0\history.jsonl,a56cd85f01b9a248c8b12d46f06b0b2b93bb0e6ed096b193aaa698a00b20a2cd,10,RECOVERED_ORIGINAL_EPOCHS
3,p3_A5_shuffle_s43_cv1,43,1,C:\Users\Hngk\Documents\Codex\PUMA_STAGE2_RESEARCH_PROMPTS_1_TO_4\PROMPT_3\ARCHITECTURES\A5\RESULTS\RUNS\p3_A5_shuffle_s43_cv1\config.json,e33f87a49412c58647407fdc76aeb2d42035c5580eac36edf3adb4363dbd0c21,"{""id"":""p3_A5_shuffle_s43_cv1"",""architecture"":""A5"",""control"":""shuffle"",""seed"":43,""fold"":1,""epochs"":10,""lr"":0.001,""weight_decay"":0.01,""sampler"":""balanced"",""tau"":0}",C:\Users\Hngk\Documents\Codex\PUMA_STAGE2_RESEARCH_PROMPTS_1_TO_4\PROMPT_3\ARCHITECTURES\A5\RESULTS\RUNS\p3_A5_shuffle_s43_cv1\history.jsonl,bff7913b5bdca0019aee76be2b49fb9b8ecac21f80bd324f2bb0a49b7a782504,10,RECOVERED_ORIGINAL_EPOCHS
3,p3_A5_shuffle_s43_cv2,43,2,C:\Users\Hngk\Documents\Codex\PUMA_STAGE2_RESEARCH_PROMPTS_1_TO_4\PROMPT_3\ARCHITECTURES\A5\RESULTS\RUNS\p3_A5_shuffle_s43_cv2\config.json,0641e65647d0c12355910a08010cae68cb10049a99a5725711756242cee0cba7,"{""id"":""p3_A5_shuffle_s43_cv2"",""architecture"":""A5"",""control"":""shuffle"",""seed"":43,""fold"":2,""epochs"":10,""lr"":0.001,""weight_decay"":0.01,""sampler"":""balanced"",""tau"":0}",C:\Users\Hngk\Documents\Codex\PUMA_STAGE2_RESEARCH_PROMPTS_1_TO_4\PROMPT_3\ARCHITECTURES\A5\RESULTS\RUNS\p3_A5_shuffle_s43_cv2\history.jsonl,7973f7a9f9ddab8f0542d398ab3992e251557167d6ee6ae0d9a2a17b1313db1a,10,RECOVERED_ORIGINAL_EPOCHS
3,p3_confirm_A5_s17,17,-1,C:\Users\Hngk\Documents\Codex\PUMA_STAGE2_RESEARCH_PROMPTS_1_TO_4\PROMPT_3\ARCHITECTURES\A5\RESULTS\RUNS\p3_confirm_A5_s17\config.json,c695a9b068e47ae4133c8f6e5b0d5cf72ac78dd74c10ab55619d30844a5a08be,"{""id"":""p3_confirm_A5_s17"",""architecture"":""A5"",""control"":""real"",""seed"":17,""fold"":-1,""epochs"":10,""lr"":0.001,""weight_decay"":0.01,""sampler"":""balanced"",""tau"":0,""evaluation"":""one post-selection confirmation on reused original150; not external""}",C:\Users\Hngk\Documents\Codex\PUMA_STAGE2_RESEARCH_PROMPTS_1_TO_4\PROMPT_3\ARCHITECTURES\A5\RESULTS\RUNS\p3_confirm_A5_s17\history.jsonl,31cff73b3b0825fe003b65155b0561f1839f3d86cc43507b6db698015e107082,10,RECOVERED_ORIGINAL_EPOCHS
3,p3_confirm_A5_s29,29,-1,C:\Users\Hngk\Documents\Codex\PUMA_STAGE2_RESEARCH_PROMPTS_1_TO_4\PROMPT_3\ARCHITECTURES\A5\RESULTS\RUNS\p3_confirm_A5_s29\config.json,84ec27fbf77b47f0a31b7826bdd752009682ae247f194130e40bc891c49418db,"{""id"":""p3_confirm_A5_s29"",""architecture"":""A5"",""control"":""real"",""seed"":29,""fold"":-1,""epochs"":10,""lr"":0.001,""weight_decay"":0.01,""sampler"":""balanced"",""tau"":0,""evaluation"":""one post-selection confirmation on reused original150; not external""}",C:\Users\Hngk\Documents\Codex\PUMA_STAGE2_RESEARCH_PROMPTS_1_TO_4\PROMPT_3\ARCHITECTURES\A5\RESULTS\RUNS\p3_confirm_A5_s29\history.jsonl,3d8c42c31aee9885b6cf5271c9e38705be62130739d819bee9227a7f4aed762b,10,RECOVERED_ORIGINAL_EPOCHS
3,p3_confirm_A5_s43,43,-1,C:\Users\Hngk\Documents\Codex\PUMA_STAGE2_RESEARCH_PROMPTS_1_TO_4\PROMPT_3\ARCHITECTURES\A5\RESULTS\RUNS\p3_confirm_A5_s43\config.json,48070abd99cb17f7818c2cb5f6acb69a6c00158cb58a9cff02913c39722064dc,"{""id"":""p3_confirm_A5_s43"",""architecture"":""A5"",""control"":""real"",""seed"":43,""fold"":-1,""epochs"":10,""lr"":0.001,""weight_decay"":0.01,""sampler"":""balanced"",""tau"":0,""evaluation"":""one post-selection confirmation on reused original150; not external""}",C:\Users\Hngk\Documents\Codex\PUMA_STAGE2_RESEARCH_PROMPTS_1_TO_4\PROMPT_3\ARCHITECTURES\A5\RESULTS\RUNS\p3_confirm_A5_s43\history.jsonl,c664a69b1c90dc6b784fa2167a22cb03323bec9f0e559f97314e6713fe100cf3,10,RECOVERED_ORIGINAL_EPOCHS
3,p3_A6_placebo_s17_cv0,17,0,C:\Users\Hngk\Documents\Codex\PUMA_STAGE2_RESEARCH_PROMPTS_1_TO_4\PROMPT_3\ARCHITECTURES\A6\RESULTS\RUNS\p3_A6_placebo_s17_cv0\config.json,9ad994ca907a705a548ac61d607eae812d5bf11ce44e1cb357b358ef7bd89447,"{""id"":""p3_A6_placebo_s17_cv0"",""architecture"":""A6"",""control"":""placebo"",""seed"":17,""fold"":0,""epochs"":10,""lr"":0.001,""weight_decay"":0.01,""sampler"":""balanced"",""tau"":0}",C:\Users\Hngk\Documents\Codex\PUMA_STAGE2_RESEARCH_PROMPTS_1_TO_4\PROMPT_3\ARCHITECTURES\A6\RESULTS\RUNS\p3_A6_placebo_s17_cv0\history.jsonl,18c3ccc0e48bfc4d32cd492d7bfeeeceacfe5eb239d7cb9578bca3d2cfd359d9,10,RECOVERED_ORIGINAL_EPOCHS
3,p3_A6_placebo_s17_cv1,17,1,C:\Users\Hngk\Documents\Codex\PUMA_STAGE2_RESEARCH_PROMPTS_1_TO_4\PROMPT_3\ARCHITECTURES\A6\RESULTS\RUNS\p3_A6_placebo_s17_cv1\config.json,b240ac7a8f6d9c8cc53afc63a1d45d6e740a6745b885f6557d745cac00335b71,"{""id"":""p3_A6_placebo_s17_cv1"",""architecture"":""A6"",""control"":""placebo"",""seed"":17,""fold"":1,""epochs"":10,""lr"":0.001,""weight_decay"":0.01,""sampler"":""balanced"",""tau"":0}",C:\Users\Hngk\Documents\Codex\PUMA_STAGE2_RESEARCH_PROMPTS_1_TO_4\PROMPT_3\ARCHITECTURES\A6\RESULTS\RUNS\p3_A6_placebo_s17_cv1\history.jsonl,329b2c1bb1275cbcbb566a6d20f48753f7c530e2ff86a36b2c15a9397aaa96aa,10,RECOVERED_ORIGINAL_EPOCHS
3,p3_A6_placebo_s17_cv2,17,2,C:\Users\Hngk\Documents\Codex\PUMA_STAGE2_RESEARCH_PROMPTS_1_TO_4\PROMPT_3\ARCHITECTURES\A6\RESULTS\RUNS\p3_A6_placebo_s17_cv2\config.json,a8ee7ae09b61688cccdba5c15647f14ee2e35a011673d593947feaca8abbcb5e,"{""id"":""p3_A6_placebo_s17_cv2"",""architecture"":""A6"",""control"":""placebo"",""seed"":17,""fold"":2,""epochs"":10,""lr"":0.001,""weight_decay"":0.01,""sampler"":""balanced"",""tau"":0}",C:\Users\Hngk\Documents\Codex\PUMA_STAGE2_RESEARCH_PROMPTS_1_TO_4\PROMPT_3\ARCHITECTURES\A6\RESULTS\RUNS\p3_A6_placebo_s17_cv2\history.jsonl,f624f9346d2f6452a0b9d2a5f49ad74ad93456d835d1ffb2c6a184c7b9b725a3,10,RECOVERED_ORIGINAL_EPOCHS
3,p3_A6_placebo_s29_cv0,29,0,C:\Users\Hngk\Documents\Codex\PUMA_STAGE2_RESEARCH_PROMPTS_1_TO_4\PROMPT_3\ARCHITECTURES\A6\RESULTS\RUNS\p3_A6_placebo_s29_cv0\config.json,d5bca1a9d1f58b7bfc97c6c9a1266381324e9f73a5d737d8f82d0ae5a872d119,"{""id"":""p3_A6_placebo_s29_cv0"",""architecture"":""A6"",""control"":""placebo"",""seed"":29,""fold"":0,""epochs"":10,""lr"":0.001,""weight_decay"":0.01,""sampler"":""balanced"",""tau"":0}",C:\Users\Hngk\Documents\Codex\PUMA_STAGE2_RESEARCH_PROMPTS_1_TO_4\PROMPT_3\ARCHITECTURES\A6\RESULTS\RUNS\p3_A6_placebo_s29_cv0\history.jsonl,150f93c94bad9fe4ab91c09aed061697a21f7f1ef8e3ed56bc1f610225ad1a3e,10,RECOVERED_ORIGINAL_EPOCHS
3,p3_A6_placebo_s29_cv1,29,1,C:\Users\Hngk\Documents\Codex\PUMA_STAGE2_RESEARCH_PROMPTS_1_TO_4\PROMPT_3\ARCHITECTURES\A6\RESULTS\RUNS\p3_A6_placebo_s29_cv1\config.json,5004b4e2638eb512d6f0e2538770d907c45f2b051bda75eab53b9f413222d4a2,"{""id"":""p3_A6_placebo_s29_cv1"",""architecture"":""A6"",""control"":""placebo"",""seed"":29,""fold"":1,""epochs"":10,""lr"":0.001,""weight_decay"":0.01,""sampler"":""balanced"",""tau"":0}",C:\Users\Hngk\Documents\Codex\PUMA_STAGE2_RESEARCH_PROMPTS_1_TO_4\PROMPT_3\ARCHITECTURES\A6\RESULTS\RUNS\p3_A6_placebo_s29_cv1\history.jsonl,2f3f0429b660f2bb6a6dc3acd637d22d8f027ffa65ef5fa7d43d17e9dfc1c857,10,RECOVERED_ORIGINAL_EPOCHS
3,p3_A6_placebo_s29_cv2,29,2,C:\Users\Hngk\Documents\Codex\PUMA_STAGE2_RESEARCH_PROMPTS_1_TO_4\PROMPT_3\ARCHITECTURES\A6\RESULTS\RUNS\p3_A6_placebo_s29_cv2\config.json,3e1fd1afb60f2eb119534dfceb4b4ec5ed75d25f3e79a822b89c3f75a3f042a6,"{""id"":""p3_A6_placebo_s29_cv2"",""architecture"":""A6"",""control"":""placebo"",""seed"":29,""fold"":2,""epochs"":10,""lr"":0.001,""weight_decay"":0.01,""sampler"":""balanced"",""tau"":0}",C:\Users\Hngk\Documents\Codex\PUMA_STAGE2_RESEARCH_PROMPTS_1_TO_4\PROMPT_3\ARCHITECTURES\A6\RESULTS\RUNS\p3_A6_placebo_s29_cv2\history.jsonl,63025bf576e7ddca2121d2d8f1b64128db57678952b3c43e389e40d516751830,10,RECOVERED_ORIGINAL_EPOCHS
3,p3_A6_placebo_s43_cv0,43,0,C:\Users\Hngk\Documents\Codex\PUMA_STAGE2_RESEARCH_PROMPTS_1_TO_4\PROMPT_3\ARCHITECTURES\A6\RESULTS\RUNS\p3_A6_placebo_s43_cv0\config.json,31be0b7cf06480136e0365a1a01185f16be1559f0e210f3bf9cd369bb730d2f4,"{""id"":""p3_A6_placebo_s43_cv0"",""architecture"":""A6"",""control"":""placebo"",""seed"":43,""fold"":0,""epochs"":10,""lr"":0.001,""weight_decay"":0.01,""sampler"":""balanced"",""tau"":0}",C:\Users\Hngk\Documents\Codex\PUMA_STAGE2_RESEARCH_PROMPTS_1_TO_4\PROMPT_3\ARCHITECTURES\A6\RESULTS\RUNS\p3_A6_placebo_s43_cv0\history.jsonl,673f37c44b47b984757ada323f3954c80c5370a623ee35aadb30d96411c270b7,10,RECOVERED_ORIGINAL_EPOCHS
3,p3_A6_placebo_s43_cv1,43,1,C:\Users\Hngk\Documents\Codex\PUMA_STAGE2_RESEARCH_PROMPTS_1_TO_4\PROMPT_3\ARCHITECTURES\A6\RESULTS\RUNS\p3_A6_placebo_s43_cv1\config.json,ff836da023c76d2416a76ad100618fce003c3481360ae291236c5e79e19e188c,"{""id"":""p3_A6_placebo_s43_cv1"",""architecture"":""A6"",""control"":""placebo"",""seed"":43,""fold"":1,""epochs"":10,""lr"":0.001,""weight_decay"":0.01,""sampler"":""balanced"",""tau"":0}",C:\Users\Hngk\Documents\Codex\PUMA_STAGE2_RESEARCH_PROMPTS_1_TO_4\PROMPT_3\ARCHITECTURES\A6\RESULTS\RUNS\p3_A6_placebo_s43_cv1\history.jsonl,63548c9b9f3fe48f8dcdf1eb1332e564937e2ac0c9e51f487bcee6660ff8e191,10,RECOVERED_ORIGINAL_EPOCHS
3,p3_A6_placebo_s43_cv2,43,2,C:\Users\Hngk\Documents\Codex\PUMA_STAGE2_RESEARCH_PROMPTS_1_TO_4\PROMPT_3\ARCHITECTURES\A6\RESULTS\RUNS\p3_A6_placebo_s43_cv2\config.json,14933ec322f94cadb53a9fabc7cdba85151f1c0452fe5ad185b2618aabb15d4b,"{""id"":""p3_A6_placebo_s43_cv2"",""architecture"":""A6"",""control"":""placebo"",""seed"":43,""fold"":2,""epochs"":10,""lr"":0.001,""weight_decay"":0.01,""sampler"":""balanced"",""tau"":0}",C:\Users\Hngk\Documents\Codex\PUMA_STAGE2_RESEARCH_PROMPTS_1_TO_4\PROMPT_3\ARCHITECTURES\A6\RESULTS\RUNS\p3_A6_placebo_s43_cv2\history.jsonl,3b5a7dd5541bdd74aaec965853d298e075d623b803d1c1bba661dc7684e05373,10,RECOVERED_ORIGINAL_EPOCHS
3,p3_A6_real_s17_cv0,17,0,C:\Users\Hngk\Documents\Codex\PUMA_STAGE2_RESEARCH_PROMPTS_1_TO_4\PROMPT_3\ARCHITECTURES\A6\RESULTS\RUNS\p3_A6_real_s17_cv0\config.json,4acb72f0fba5ec3f7be07c36e1102de9096333db9ae5b6874b6897fcfa6445c8,"{""id"":""p3_A6_real_s17_cv0"",""architecture"":""A6"",""control"":""real"",""seed"":17,""fold"":0,""epochs"":10,""lr"":0.001,""weight_decay"":0.01,""sampler"":""balanced"",""tau"":0}",C:\Users\Hngk\Documents\Codex\PUMA_STAGE2_RESEARCH_PROMPTS_1_TO_4\PROMPT_3\ARCHITECTURES\A6\RESULTS\RUNS\p3_A6_real_s17_cv0\history.jsonl,aee2b11cfbd9cbafcbda418096987f2216c03ce3eea5fefa569d2284dc571bda,10,RECOVERED_ORIGINAL_EPOCHS
3,p3_A6_real_s17_cv1,17,1,C:\Users\Hngk\Documents\Codex\PUMA_STAGE2_RESEARCH_PROMPTS_1_TO_4\PROMPT_3\ARCHITECTURES\A6\RESULTS\RUNS\p3_A6_real_s17_cv1\config.json,747f985580bedbe9c45984a4186c30245234984cb887af2fa3e2431f886b9913,"{""id"":""p3_A6_real_s17_cv1"",""architecture"":""A6"",""control"":""real"",""seed"":17,""fold"":1,""epochs"":10,""lr"":0.001,""weight_decay"":0.01,""sampler"":""balanced"",""tau"":0}",C:\Users\Hngk\Documents\Codex\PUMA_STAGE2_RESEARCH_PROMPTS_1_TO_4\PROMPT_3\ARCHITECTURES\A6\RESULTS\RUNS\p3_A6_real_s17_cv1\history.jsonl,82bb29b2735bdd6dbc8e80f50f8cf89349cdb02ef9f4ea206713baaedd22f6c8,10,RECOVERED_ORIGINAL_EPOCHS
3,p3_A6_real_s17_cv2,17,2,C:\Users\Hngk\Documents\Codex\PUMA_STAGE2_RESEARCH_PROMPTS_1_TO_4\PROMPT_3\ARCHITECTURES\A6\RESULTS\RUNS\p3_A6_real_s17_cv2\config.json,73dc4fd50deca2c678139ebd16b75f7d32d6b58c625dbd9b0ccc0c26bb65aaa8,"{""id"":""p3_A6_real_s17_cv2"",""architecture"":""A6"",""control"":""real"",""seed"":17,""fold"":2,""epochs"":10,""lr"":0.001,""weight_decay"":0.01,""sampler"":""balanced"",""tau"":0}",C:\Users\Hngk\Documents\Codex\PUMA_STAGE2_RESEARCH_PROMPTS_1_TO_4\PROMPT_3\ARCHITECTURES\A6\RESULTS\RUNS\p3_A6_real_s17_cv2\history.jsonl,b09d6684e40a6052d7b6fb9da47fbbc88c55f537f86e8fbcdd189667136350df,10,RECOVERED_ORIGINAL_EPOCHS
3,p3_A6_real_s29_cv0,29,0,C:\Users\Hngk\Documents\Codex\PUMA_STAGE2_RESEARCH_PROMPTS_1_TO_4\PROMPT_3\ARCHITECTURES\A6\RESULTS\RUNS\p3_A6_real_s29_cv0\config.json,704528f772fcb3e2e05481bd43fbb3d6207d502c4792606f70690f1ee361f095,"{""id"":""p3_A6_real_s29_cv0"",""architecture"":""A6"",""control"":""real"",""seed"":29,""fold"":0,""epochs"":10,""lr"":0.001,""weight_decay"":0.01,""sampler"":""balanced"",""tau"":0}",C:\Users\Hngk\Documents\Codex\PUMA_STAGE2_RESEARCH_PROMPTS_1_TO_4\PROMPT_3\ARCHITECTURES\A6\RESULTS\RUNS\p3_A6_real_s29_cv0\history.jsonl,72e740aa5b70c911f065251cb3c837adc012549492dcbb87163fe38041811c2f,10,RECOVERED_ORIGINAL_EPOCHS
3,p3_A6_real_s29_cv1,29,1,C:\Users\Hngk\Documents\Codex\PUMA_STAGE2_RESEARCH_PROMPTS_1_TO_4\PROMPT_3\ARCHITECTURES\A6\RESULTS\RUNS\p3_A6_real_s29_cv1\config.json,d60ff8ac78a861922be68f1e4e53fffd60a87fc63cddd566ebcf02db62cf1fd8,"{""id"":""p3_A6_real_s29_cv1"",""architecture"":""A6"",""control"":""real"",""seed"":29,""fold"":1,""epochs"":10,""lr"":0.001,""weight_decay"":0.01,""sampler"":""balanced"",""tau"":0}",C:\Users\Hngk\Documents\Codex\PUMA_STAGE2_RESEARCH_PROMPTS_1_TO_4\PROMPT_3\ARCHITECTURES\A6\RESULTS\RUNS\p3_A6_real_s29_cv1\history.jsonl,69caf5b3681d1eec6549ca6735096beb3cf9c9e263e7a71203869e74f128e6a6,10,RECOVERED_ORIGINAL_EPOCHS
3,p3_A6_real_s29_cv2,29,2,C:\Users\Hngk\Documents\Codex\PUMA_STAGE2_RESEARCH_PROMPTS_1_TO_4\PROMPT_3\ARCHITECTURES\A6\RESULTS\RUNS\p3_A6_real_s29_cv2\config.json,df6543d1f8fc924fd517937475a8ccddcb2730015f8529dc48e201eaaaf88abc,"{""id"":""p3_A6_real_s29_cv2"",""architecture"":""A6"",""control"":""real"",""seed"":29,""fold"":2,""epochs"":10,""lr"":0.001,""weight_decay"":0.01,""sampler"":""balanced"",""tau"":0}",C:\Users\Hngk\Documents\Codex\PUMA_STAGE2_RESEARCH_PROMPTS_1_TO_4\PROMPT_3\ARCHITECTURES\A6\RESULTS\RUNS\p3_A6_real_s29_cv2\history.jsonl,d5884701dc2517e34b0e90736e325d053a98f9ab8c8c695957b877aee0b260ea,10,RECOVERED_ORIGINAL_EPOCHS
3,p3_A6_real_s43_cv0,43,0,C:\Users\Hngk\Documents\Codex\PUMA_STAGE2_RESEARCH_PROMPTS_1_TO_4\PROMPT_3\ARCHITECTURES\A6\RESULTS\RUNS\p3_A6_real_s43_cv0\config.json,b012785fe6df7c820052b87fc639cf53666d9428dc2d06c99a7fd171d9457bf0,"{""id"":""p3_A6_real_s43_cv0"",""architecture"":""A6"",""control"":""real"",""seed"":43,""fold"":0,""epochs"":10,""lr"":0.001,""weight_decay"":0.01,""sampler"":""balanced"",""tau"":0}",C:\Users\Hngk\Documents\Codex\PUMA_STAGE2_RESEARCH_PROMPTS_1_TO_4\PROMPT_3\ARCHITECTURES\A6\RESULTS\RUNS\p3_A6_real_s43_cv0\history.jsonl,97779310d9eeaf72a810484ed943a8015a7ed05afa31ea15ad46f9517f1a1c9f,10,RECOVERED_ORIGINAL_EPOCHS
3,p3_A6_real_s43_cv1,43,1,C:\Users\Hngk\Documents\Codex\PUMA_STAGE2_RESEARCH_PROMPTS_1_TO_4\PROMPT_3\ARCHITECTURES\A6\RESULTS\RUNS\p3_A6_real_s43_cv1\config.json,262a467d88dd265b0878f7c496b7cd13f1cd528851bc8211eccd846fc41826d3,"{""id"":""p3_A6_real_s43_cv1"",""architecture"":""A6"",""control"":""real"",""seed"":43,""fold"":1,""epochs"":10,""lr"":0.001,""weight_decay"":0.01,""sampler"":""balanced"",""tau"":0}",C:\Users\Hngk\Documents\Codex\PUMA_STAGE2_RESEARCH_PROMPTS_1_TO_4\PROMPT_3\ARCHITECTURES\A6\RESULTS\RUNS\p3_A6_real_s43_cv1\history.jsonl,f257aff4506186259051a6ee71ddb8194b2bdc571e4b678353071d4c55b56335,10,RECOVERED_ORIGINAL_EPOCHS
3,p3_A6_real_s43_cv2,43,2,C:\Users\Hngk\Documents\Codex\PUMA_STAGE2_RESEARCH_PROMPTS_1_TO_4\PROMPT_3\ARCHITECTURES\A6\RESULTS\RUNS\p3_A6_real_s43_cv2\config.json,833a19d195ef956214d882d9b516aad60d068673624807721c0be677dd8fa18b,"{""id"":""p3_A6_real_s43_cv2"",""architecture"":""A6"",""control"":""real"",""seed"":43,""fold"":2,""epochs"":10,""lr"":0.001,""weight_decay"":0.01,""sampler"":""balanced"",""tau"":0}",C:\Users\Hngk\Documents\Codex\PUMA_STAGE2_RESEARCH_PROMPTS_1_TO_4\PROMPT_3\ARCHITECTURES\A6\RESULTS\RUNS\p3_A6_real_s43_cv2\history.jsonl,6847496879fa39948ff27eba6e17f8fcc7c91540a7e18f4a18961f18d28cb0a3,10,RECOVERED_ORIGINAL_EPOCHS
3,p3_A6_shuffle_s17_cv0,17,0,C:\Users\Hngk\Documents\Codex\PUMA_STAGE2_RESEARCH_PROMPTS_1_TO_4\PROMPT_3\ARCHITECTURES\A6\RESULTS\RUNS\p3_A6_shuffle_s17_cv0\config.json,7525029e86b0325a51deb91ed7ac4cabdbcc3aaae0223222214cd0ff9611c314,"{""id"":""p3_A6_shuffle_s17_cv0"",""architecture"":""A6"",""control"":""shuffle"",""seed"":17,""fold"":0,""epochs"":10,""lr"":0.001,""weight_decay"":0.01,""sampler"":""balanced"",""tau"":0}",C:\Users\Hngk\Documents\Codex\PUMA_STAGE2_RESEARCH_PROMPTS_1_TO_4\PROMPT_3\ARCHITECTURES\A6\RESULTS\RUNS\p3_A6_shuffle_s17_cv0\history.jsonl,fadcdbfd45e420c8c70b4bedab6475edb4786e6cc1a366fe545b7bc17ed46c0c,10,RECOVERED_ORIGINAL_EPOCHS
3,p3_A6_shuffle_s17_cv1,17,1,C:\Users\Hngk\Documents\Codex\PUMA_STAGE2_RESEARCH_PROMPTS_1_TO_4\PROMPT_3\ARCHITECTURES\A6\RESULTS\RUNS\p3_A6_shuffle_s17_cv1\config.json,5590a713e0a179c9e245e178937946494b6ffffa7e0449cac0a2c2d06e04d03b,"{""id"":""p3_A6_shuffle_s17_cv1"",""architecture"":""A6"",""control"":""shuffle"",""seed"":17,""fold"":1,""epochs"":10,""lr"":0.001,""weight_decay"":0.01,""sampler"":""balanced"",""tau"":0}",C:\Users\Hngk\Documents\Codex\PUMA_STAGE2_RESEARCH_PROMPTS_1_TO_4\PROMPT_3\ARCHITECTURES\A6\RESULTS\RUNS\p3_A6_shuffle_s17_cv1\history.jsonl,471d0ade0939bce7a7d1047016fc8e5475be5355c7983c5115612cde390c3415,10,RECOVERED_ORIGINAL_EPOCHS
3,p3_A6_shuffle_s17_cv2,17,2,C:\Users\Hngk\Documents\Codex\PUMA_STAGE2_RESEARCH_PROMPTS_1_TO_4\PROMPT_3\ARCHITECTURES\A6\RESULTS\RUNS\p3_A6_shuffle_s17_cv2\config.json,87a566de93deb70bc527f66d818ab410c984a46e7ad054c48dff19c98a1c7033,"{""id"":""p3_A6_shuffle_s17_cv2"",""architecture"":""A6"",""control"":""shuffle"",""seed"":17,""fold"":2,""epochs"":10,""lr"":0.001,""weight_decay"":0.01,""sampler"":""balanced"",""tau"":0}",C:\Users\Hngk\Documents\Codex\PUMA_STAGE2_RESEARCH_PROMPTS_1_TO_4\PROMPT_3\ARCHITECTURES\A6\RESULTS\RUNS\p3_A6_shuffle_s17_cv2\history.jsonl,58e8273610db8c4750a2e54f49263e0eda4adc75ec7f1e62cc4770a5637c5c3e,10,RECOVERED_ORIGINAL_EPOCHS
3,p3_A6_shuffle_s29_cv0,29,0,C:\Users\Hngk\Documents\Codex\PUMA_STAGE2_RESEARCH_PROMPTS_1_TO_4\PROMPT_3\ARCHITECTURES\A6\RESULTS\RUNS\p3_A6_shuffle_s29_cv0\config.json,04e89ea5c985cbec9e8bc0cb883e73d1030dedc7cafb7b2c920f10c8fe398932,"{""id"":""p3_A6_shuffle_s29_cv0"",""architecture"":""A6"",""control"":""shuffle"",""seed"":29,""fold"":0,""epochs"":10,""lr"":0.001,""weight_decay"":0.01,""sampler"":""balanced"",""tau"":0}",C:\Users\Hngk\Documents\Codex\PUMA_STAGE2_RESEARCH_PROMPTS_1_TO_4\PROMPT_3\ARCHITECTURES\A6\RESULTS\RUNS\p3_A6_shuffle_s29_cv0\history.jsonl,c73609f56dd490b91e5dac27a25c9160395b7bd2cff80d6d8990b79427b66169,10,RECOVERED_ORIGINAL_EPOCHS
3,p3_A6_shuffle_s29_cv1,29,1,C:\Users\Hngk\Documents\Codex\PUMA_STAGE2_RESEARCH_PROMPTS_1_TO_4\PROMPT_3\ARCHITECTURES\A6\RESULTS\RUNS\p3_A6_shuffle_s29_cv1\config.json,2ce8f2f021b39453ea6fee003a36c44dde46dc777d800235695c039930666c77,"{""id"":""p3_A6_shuffle_s29_cv1"",""architecture"":""A6"",""control"":""shuffle"",""seed"":29,""fold"":1,""epochs"":10,""lr"":0.001,""weight_decay"":0.01,""sampler"":""balanced"",""tau"":0}",C:\Users\Hngk\Documents\Codex\PUMA_STAGE2_RESEARCH_PROMPTS_1_TO_4\PROMPT_3\ARCHITECTURES\A6\RESULTS\RUNS\p3_A6_shuffle_s29_cv1\history.jsonl,40e4ec49d2bebcb8bb9ee2dc0d301278e9f57285a28130b5b7b3072f0d470cf6,10,RECOVERED_ORIGINAL_EPOCHS
3,p3_A6_shuffle_s29_cv2,29,2,C:\Users\Hngk\Documents\Codex\PUMA_STAGE2_RESEARCH_PROMPTS_1_TO_4\PROMPT_3\ARCHITECTURES\A6\RESULTS\RUNS\p3_A6_shuffle_s29_cv2\config.json,4ac64050317f62ab0ab2adbebb674f16119bd4193e4d349f422e96c800f240d2,"{""id"":""p3_A6_shuffle_s29_cv2"",""architecture"":""A6"",""control"":""shuffle"",""seed"":29,""fold"":2,""epochs"":10,""lr"":0.001,""weight_decay"":0.01,""sampler"":""balanced"",""tau"":0}",C:\Users\Hngk\Documents\Codex\PUMA_STAGE2_RESEARCH_PROMPTS_1_TO_4\PROMPT_3\ARCHITECTURES\A6\RESULTS\RUNS\p3_A6_shuffle_s29_cv2\history.jsonl,a71f45a33ea8f5deec2e08eccd5df1d5161694080d48c78b0e3f4d7420e11c04,10,RECOVERED_ORIGINAL_EPOCHS
3,p3_A6_shuffle_s43_cv0,43,0,C:\Users\Hngk\Documents\Codex\PUMA_STAGE2_RESEARCH_PROMPTS_1_TO_4\PROMPT_3\ARCHITECTURES\A6\RESULTS\RUNS\p3_A6_shuffle_s43_cv0\config.json,9553ccbc4084b3c506db487f146f3216a95eb5277853806bcf79a82a64e775d2,"{""id"":""p3_A6_shuffle_s43_cv0"",""architecture"":""A6"",""control"":""shuffle"",""seed"":43,""fold"":0,""epochs"":10,""lr"":0.001,""weight_decay"":0.01,""sampler"":""balanced"",""tau"":0}",C:\Users\Hngk\Documents\Codex\PUMA_STAGE2_RESEARCH_PROMPTS_1_TO_4\PROMPT_3\ARCHITECTURES\A6\RESULTS\RUNS\p3_A6_shuffle_s43_cv0\history.jsonl,a7bfc4bf1960db6f2d2e3a75789a8ef6adff5fc630212d306a36b70077970fed,10,RECOVERED_ORIGINAL_EPOCHS
3,p3_A6_shuffle_s43_cv1,43,1,C:\Users\Hngk\Documents\Codex\PUMA_STAGE2_RESEARCH_PROMPTS_1_TO_4\PROMPT_3\ARCHITECTURES\A6\RESULTS\RUNS\p3_A6_shuffle_s43_cv1\config.json,1621a8a5aee800252d41fd7a97adbb107af13640077c4cd83a626ec4d3290c0f,"{""id"":""p3_A6_shuffle_s43_cv1"",""architecture"":""A6"",""control"":""shuffle"",""seed"":43,""fold"":1,""epochs"":10,""lr"":0.001,""weight_decay"":0.01,""sampler"":""balanced"",""tau"":0}",C:\Users\Hngk\Documents\Codex\PUMA_STAGE2_RESEARCH_PROMPTS_1_TO_4\PROMPT_3\ARCHITECTURES\A6\RESULTS\RUNS\p3_A6_shuffle_s43_cv1\history.jsonl,a20f3513be8a8d7ffbba00d9a01483293d5f291993ea724efeed6243a321d4ab,10,RECOVERED_ORIGINAL_EPOCHS
3,p3_A6_shuffle_s43_cv2,43,2,C:\Users\Hngk\Documents\Codex\PUMA_STAGE2_RESEARCH_PROMPTS_1_TO_4\PROMPT_3\ARCHITECTURES\A6\RESULTS\RUNS\p3_A6_shuffle_s43_cv2\config.json,922f525e875d45b6922161de3bdebdcb8eabb5fa6f43b4bb32f8a6993ab48816,"{""id"":""p3_A6_shuffle_s43_cv2"",""architecture"":""A6"",""control"":""shuffle"",""seed"":43,""fold"":2,""epochs"":10,""lr"":0.001,""weight_decay"":0.01,""sampler"":""balanced"",""tau"":0}",C:\Users\Hngk\Documents\Codex\PUMA_STAGE2_RESEARCH_PROMPTS_1_TO_4\PROMPT_3\ARCHITECTURES\A6\RESULTS\RUNS\p3_A6_shuffle_s43_cv2\history.jsonl,9f1e0c5ac26e9a9c25768dc2bcad810bb9edb5d8afb6d7d60de5e2644df38a1a,10,RECOVERED_ORIGINAL_EPOCHS
3,p3_B0_real_s17_cv0,17,0,C:\Users\Hngk\Documents\Codex\PUMA_STAGE2_RESEARCH_PROMPTS_1_TO_4\PROMPT_3\ARCHITECTURES\B0\RESULTS\RUNS\p3_B0_real_s17_cv0\config.json,153622c23051420ed173da4fe46a74a8a385d1ee0af67c94f04ee203a8fcd918,"{""id"":""p3_B0_real_s17_cv0"",""architecture"":""B0"",""control"":""real"",""seed"":17,""fold"":0,""epochs"":10,""lr"":0.001,""weight_decay"":0.01,""sampler"":""balanced"",""tau"":0}",C:\Users\Hngk\Documents\Codex\PUMA_STAGE2_RESEARCH_PROMPTS_1_TO_4\PROMPT_3\ARCHITECTURES\B0\RESULTS\RUNS\p3_B0_real_s17_cv0\history.jsonl,99312d9e1067463d18512e97114e0258b52e872fbc2868d3ec3fba0a91e09478,10,RECOVERED_ORIGINAL_EPOCHS
3,p3_B0_real_s17_cv1,17,1,C:\Users\Hngk\Documents\Codex\PUMA_STAGE2_RESEARCH_PROMPTS_1_TO_4\PROMPT_3\ARCHITECTURES\B0\RESULTS\RUNS\p3_B0_real_s17_cv1\config.json,3860eea707dca3cf94ce1c4281622bb4a9a636b454231da10db9edef251b87a0,"{""id"":""p3_B0_real_s17_cv1"",""architecture"":""B0"",""control"":""real"",""seed"":17,""fold"":1,""epochs"":10,""lr"":0.001,""weight_decay"":0.01,""sampler"":""balanced"",""tau"":0}",C:\Users\Hngk\Documents\Codex\PUMA_STAGE2_RESEARCH_PROMPTS_1_TO_4\PROMPT_3\ARCHITECTURES\B0\RESULTS\RUNS\p3_B0_real_s17_cv1\history.jsonl,d35d30435dfddffa3f6c011dcd1cc9ee4b5910e9896e6675e9600e23e82c8024,10,RECOVERED_ORIGINAL_EPOCHS
3,p3_B0_real_s17_cv2,17,2,C:\Users\Hngk\Documents\Codex\PUMA_STAGE2_RESEARCH_PROMPTS_1_TO_4\PROMPT_3\ARCHITECTURES\B0\RESULTS\RUNS\p3_B0_real_s17_cv2\config.json,b68b1c884506d2cc6b0ece02417928064eba3dfd1be92158385535def8490509,"{""id"":""p3_B0_real_s17_cv2"",""architecture"":""B0"",""control"":""real"",""seed"":17,""fold"":2,""epochs"":10,""lr"":0.001,""weight_decay"":0.01,""sampler"":""balanced"",""tau"":0}",C:\Users\Hngk\Documents\Codex\PUMA_STAGE2_RESEARCH_PROMPTS_1_TO_4\PROMPT_3\ARCHITECTURES\B0\RESULTS\RUNS\p3_B0_real_s17_cv2\history.jsonl,753326dfc26e2f46461910f68df9f55490f7f20f634b58be555623c8b3b9054e,10,RECOVERED_ORIGINAL_EPOCHS
3,p3_B0_real_s29_cv0,29,0,C:\Users\Hngk\Documents\Codex\PUMA_STAGE2_RESEARCH_PROMPTS_1_TO_4\PROMPT_3\ARCHITECTURES\B0\RESULTS\RUNS\p3_B0_real_s29_cv0\config.json,8f83f064a889a2879375522294ce98630a1dec4add7d8a315a3de97fd3153f2a,"{""id"":""p3_B0_real_s29_cv0"",""architecture"":""B0"",""control"":""real"",""seed"":29,""fold"":0,""epochs"":10,""lr"":0.001,""weight_decay"":0.01,""sampler"":""balanced"",""tau"":0}",C:\Users\Hngk\Documents\Codex\PUMA_STAGE2_RESEARCH_PROMPTS_1_TO_4\PROMPT_3\ARCHITECTURES\B0\RESULTS\RUNS\p3_B0_real_s29_cv0\history.jsonl,bc2919a44e491d33e3f332a118e3ca797a7b78fed7ade4a77f345b68d873d938,10,RECOVERED_ORIGINAL_EPOCHS
3,p3_B0_real_s29_cv1,29,1,C:\Users\Hngk\Documents\Codex\PUMA_STAGE2_RESEARCH_PROMPTS_1_TO_4\PROMPT_3\ARCHITECTURES\B0\RESULTS\RUNS\p3_B0_real_s29_cv1\config.json,168a1c15c68fe9be0286d32f407f73182dfc8fb69a5ad682cd40ed5439cf428c,"{""id"":""p3_B0_real_s29_cv1"",""architecture"":""B0"",""control"":""real"",""seed"":29,""fold"":1,""epochs"":10,""lr"":0.001,""weight_decay"":0.01,""sampler"":""balanced"",""tau"":0}",C:\Users\Hngk\Documents\Codex\PUMA_STAGE2_RESEARCH_PROMPTS_1_TO_4\PROMPT_3\ARCHITECTURES\B0\RESULTS\RUNS\p3_B0_real_s29_cv1\history.jsonl,a48330a70a70aac754f9805dc7e381314b1c013e306cc633052323f4d556f10e,10,RECOVERED_ORIGINAL_EPOCHS
3,p3_B0_real_s29_cv2,29,2,C:\Users\Hngk\Documents\Codex\PUMA_STAGE2_RESEARCH_PROMPTS_1_TO_4\PROMPT_3\ARCHITECTURES\B0\RESULTS\RUNS\p3_B0_real_s29_cv2\config.json,85001905879c48b20add062481854d5d3dd7b070ccc9a928babd032a7b267d03,"{""id"":""p3_B0_real_s29_cv2"",""architecture"":""B0"",""control"":""real"",""seed"":29,""fold"":2,""epochs"":10,""lr"":0.001,""weight_decay"":0.01,""sampler"":""balanced"",""tau"":0}",C:\Users\Hngk\Documents\Codex\PUMA_STAGE2_RESEARCH_PROMPTS_1_TO_4\PROMPT_3\ARCHITECTURES\B0\RESULTS\RUNS\p3_B0_real_s29_cv2\history.jsonl,74777d6b556df70bad65e6470ca6a6edf8f3ef4bb709b39de1d3458dde8cbfb4,10,RECOVERED_ORIGINAL_EPOCHS
3,p3_B0_real_s43_cv0,43,0,C:\Users\Hngk\Documents\Codex\PUMA_STAGE2_RESEARCH_PROMPTS_1_TO_4\PROMPT_3\ARCHITECTURES\B0\RESULTS\RUNS\p3_B0_real_s43_cv0\config.json,5c566739d6863644303af89b2bc5e2219ed9a726cba5faede38653afd9261594,"{""id"":""p3_B0_real_s43_cv0"",""architecture"":""B0"",""control"":""real"",""seed"":43,""fold"":0,""epochs"":10,""lr"":0.001,""weight_decay"":0.01,""sampler"":""balanced"",""tau"":0}",C:\Users\Hngk\Documents\Codex\PUMA_STAGE2_RESEARCH_PROMPTS_1_TO_4\PROMPT_3\ARCHITECTURES\B0\RESULTS\RUNS\p3_B0_real_s43_cv0\history.jsonl,078c52e407044b0a27b9a8210d3a9bfdedc4024399250e6b0152d633ae7d1c25,10,RECOVERED_ORIGINAL_EPOCHS
3,p3_B0_real_s43_cv1,43,1,C:\Users\Hngk\Documents\Codex\PUMA_STAGE2_RESEARCH_PROMPTS_1_TO_4\PROMPT_3\ARCHITECTURES\B0\RESULTS\RUNS\p3_B0_real_s43_cv1\config.json,98f3cb0f5932b748dc148f619b6bfcc7030948e369c3992f9327b1d5d22af70f,"{""id"":""p3_B0_real_s43_cv1"",""architecture"":""B0"",""control"":""real"",""seed"":43,""fold"":1,""epochs"":10,""lr"":0.001,""weight_decay"":0.01,""sampler"":""balanced"",""tau"":0}",C:\Users\Hngk\Documents\Codex\PUMA_STAGE2_RESEARCH_PROMPTS_1_TO_4\PROMPT_3\ARCHITECTURES\B0\RESULTS\RUNS\p3_B0_real_s43_cv1\history.jsonl,f671c30e7f645bf341412d8f79bf827b02b365f75ac62ed9d30079545c9605cd,10,RECOVERED_ORIGINAL_EPOCHS
3,p3_B0_real_s43_cv2,43,2,C:\Users\Hngk\Documents\Codex\PUMA_STAGE2_RESEARCH_PROMPTS_1_TO_4\PROMPT_3\ARCHITECTURES\B0\RESULTS\RUNS\p3_B0_real_s43_cv2\config.json,2dd6c803afb4ad86b301da82d2f622fd82b8dd9752ff27647f29dfff48659aa8,"{""id"":""p3_B0_real_s43_cv2"",""architecture"":""B0"",""control"":""real"",""seed"":43,""fold"":2,""epochs"":10,""lr"":0.001,""weight_decay"":0.01,""sampler"":""balanced"",""tau"":0}",C:\Users\Hngk\Documents\Codex\PUMA_STAGE2_RESEARCH_PROMPTS_1_TO_4\PROMPT_3\ARCHITECTURES\B0\RESULTS\RUNS\p3_B0_real_s43_cv2\history.jsonl,053afa3ed75ac53a3f405d1cbfc51ca564535ec6922cc84d42d5fe726dca75e3,10,RECOVERED_ORIGINAL_EPOCHS
3,p3_B1_real_s17_cv0,17,0,C:\Users\Hngk\Documents\Codex\PUMA_STAGE2_RESEARCH_PROMPTS_1_TO_4\PROMPT_3\ARCHITECTURES\B1\RESULTS\RUNS\p3_B1_real_s17_cv0\config.json,37526da3b8f60d80828eb3f2697107121262de111385af655427e74c6dba96b6,"{""id"":""p3_B1_real_s17_cv0"",""architecture"":""B1"",""control"":""real"",""seed"":17,""fold"":0,""epochs"":10,""lr"":0.001,""weight_decay"":0.01,""sampler"":""balanced"",""tau"":0}",C:\Users\Hngk\Documents\Codex\PUMA_STAGE2_RESEARCH_PROMPTS_1_TO_4\PROMPT_3\ARCHITECTURES\B1\RESULTS\RUNS\p3_B1_real_s17_cv0\history.jsonl,7b9d5a50e695681643fa500d467ffb5c87af671dc69e57aa1ba4379b97210f26,10,RECOVERED_ORIGINAL_EPOCHS
3,p3_B1_real_s17_cv1,17,1,C:\Users\Hngk\Documents\Codex\PUMA_STAGE2_RESEARCH_PROMPTS_1_TO_4\PROMPT_3\ARCHITECTURES\B1\RESULTS\RUNS\p3_B1_real_s17_cv1\config.json,d107bbd267192f67aed12863cf16176da0eb668c77082d5492032b53329b2dd9,"{""id"":""p3_B1_real_s17_cv1"",""architecture"":""B1"",""control"":""real"",""seed"":17,""fold"":1,""epochs"":10,""lr"":0.001,""weight_decay"":0.01,""sampler"":""balanced"",""tau"":0}",C:\Users\Hngk\Documents\Codex\PUMA_STAGE2_RESEARCH_PROMPTS_1_TO_4\PROMPT_3\ARCHITECTURES\B1\RESULTS\RUNS\p3_B1_real_s17_cv1\history.jsonl,1273247a09f59840df8df01f2e3794c2c23f332e8544f92ae51941874b8f1788,10,RECOVERED_ORIGINAL_EPOCHS
3,p3_B1_real_s17_cv2,17,2,C:\Users\Hngk\Documents\Codex\PUMA_STAGE2_RESEARCH_PROMPTS_1_TO_4\PROMPT_3\ARCHITECTURES\B1\RESULTS\RUNS\p3_B1_real_s17_cv2\config.json,bbf15cde2e0389df77a6b82cd22924189794e35385e723c8656a2e92628cefbf,"{""id"":""p3_B1_real_s17_cv2"",""architecture"":""B1"",""control"":""real"",""seed"":17,""fold"":2,""epochs"":10,""lr"":0.001,""weight_decay"":0.01,""sampler"":""balanced"",""tau"":0}",C:\Users\Hngk\Documents\Codex\PUMA_STAGE2_RESEARCH_PROMPTS_1_TO_4\PROMPT_3\ARCHITECTURES\B1\RESULTS\RUNS\p3_B1_real_s17_cv2\history.jsonl,90c59989f5b12f31f7c2749a8ab1433ffd92059ccbc18b467cacdcea02b05fb6,10,RECOVERED_ORIGINAL_EPOCHS
3,p3_B1_real_s29_cv0,29,0,C:\Users\Hngk\Documents\Codex\PUMA_STAGE2_RESEARCH_PROMPTS_1_TO_4\PROMPT_3\ARCHITECTURES\B1\RESULTS\RUNS\p3_B1_real_s29_cv0\config.json,4d3bb47f3ade21bf5fdfcf36444e25a222b766dc03aeba3f4fa5a63f68e8a8c5,"{""id"":""p3_B1_real_s29_cv0"",""architecture"":""B1"",""control"":""real"",""seed"":29,""fold"":0,""epochs"":10,""lr"":0.001,""weight_decay"":0.01,""sampler"":""balanced"",""tau"":0}",C:\Users\Hngk\Documents\Codex\PUMA_STAGE2_RESEARCH_PROMPTS_1_TO_4\PROMPT_3\ARCHITECTURES\B1\RESULTS\RUNS\p3_B1_real_s29_cv0\history.jsonl,12d44bb6cdb536ae05c612705e936023d5378b4b65c16483c82e2116af014e1e,10,RECOVERED_ORIGINAL_EPOCHS
3,p3_B1_real_s29_cv1,29,1,C:\Users\Hngk\Documents\Codex\PUMA_STAGE2_RESEARCH_PROMPTS_1_TO_4\PROMPT_3\ARCHITECTURES\B1\RESULTS\RUNS\p3_B1_real_s29_cv1\config.json,d8a0db0d4b4e4e4c96be74f5ac1609b6a2e0d85bdb0b23138a5854b4c50b317e,"{""id"":""p3_B1_real_s29_cv1"",""architecture"":""B1"",""control"":""real"",""seed"":29,""fold"":1,""epochs"":10,""lr"":0.001,""weight_decay"":0.01,""sampler"":""balanced"",""tau"":0}",C:\Users\Hngk\Documents\Codex\PUMA_STAGE2_RESEARCH_PROMPTS_1_TO_4\PROMPT_3\ARCHITECTURES\B1\RESULTS\RUNS\p3_B1_real_s29_cv1\history.jsonl,092e5d5023b87a1844cb107fd6cdd8c0e559cb941864142bcf93dc95bdd78cd8,10,RECOVERED_ORIGINAL_EPOCHS
3,p3_B1_real_s29_cv2,29,2,C:\Users\Hngk\Documents\Codex\PUMA_STAGE2_RESEARCH_PROMPTS_1_TO_4\PROMPT_3\ARCHITECTURES\B1\RESULTS\RUNS\p3_B1_real_s29_cv2\config.json,64bc55a850d44deccb790d0c5f2ac5803d50c89f1dc725eea17d4ff3e8bae36e,"{""id"":""p3_B1_real_s29_cv2"",""architecture"":""B1"",""control"":""real"",""seed"":29,""fold"":2,""epochs"":10,""lr"":0.001,""weight_decay"":0.01,""sampler"":""balanced"",""tau"":0}",C:\Users\Hngk\Documents\Codex\PUMA_STAGE2_RESEARCH_PROMPTS_1_TO_4\PROMPT_3\ARCHITECTURES\B1\RESULTS\RUNS\p3_B1_real_s29_cv2\history.jsonl,b0b973503cd206699d45a4cf65fc2de88ef555e40233aea7139c604902fc4f0a,10,RECOVERED_ORIGINAL_EPOCHS
3,p3_B1_real_s43_cv0,43,0,C:\Users\Hngk\Documents\Codex\PUMA_STAGE2_RESEARCH_PROMPTS_1_TO_4\PROMPT_3\ARCHITECTURES\B1\RESULTS\RUNS\p3_B1_real_s43_cv0\config.json,d63352fd53eeb01872d43830e586ace2d6b1de9c049666488149304c0805ac4e,"{""id"":""p3_B1_real_s43_cv0"",""architecture"":""B1"",""control"":""real"",""seed"":43,""fold"":0,""epochs"":10,""lr"":0.001,""weight_decay"":0.01,""sampler"":""balanced"",""tau"":0}",C:\Users\Hngk\Documents\Codex\PUMA_STAGE2_RESEARCH_PROMPTS_1_TO_4\PROMPT_3\ARCHITECTURES\B1\RESULTS\RUNS\p3_B1_real_s43_cv0\history.jsonl,9333f6e5519621a81e22b328a10d11a64ca4ff45360833946594c74c3a9e4335,10,RECOVERED_ORIGINAL_EPOCHS
3,p3_B1_real_s43_cv1,43,1,C:\Users\Hngk\Documents\Codex\PUMA_STAGE2_RESEARCH_PROMPTS_1_TO_4\PROMPT_3\ARCHITECTURES\B1\RESULTS\RUNS\p3_B1_real_s43_cv1\config.json,57b2813bdef36d68c7bdee0cc7d82e3747ad2c1551192fb65d04e0b02ed03e79,"{""id"":""p3_B1_real_s43_cv1"",""architecture"":""B1"",""control"":""real"",""seed"":43,""fold"":1,""epochs"":10,""lr"":0.001,""weight_decay"":0.01,""sampler"":""balanced"",""tau"":0}",C:\Users\Hngk\Documents\Codex\PUMA_STAGE2_RESEARCH_PROMPTS_1_TO_4\PROMPT_3\ARCHITECTURES\B1\RESULTS\RUNS\p3_B1_real_s43_cv1\history.jsonl,6578a22b7deb601496e6a90f9cbd7199b5e8d4ea5a77e39c3e45872611e7e2fb,10,RECOVERED_ORIGINAL_EPOCHS
3,p3_B1_real_s43_cv2,43,2,C:\Users\Hngk\Documents\Codex\PUMA_STAGE2_RESEARCH_PROMPTS_1_TO_4\PROMPT_3\ARCHITECTURES\B1\RESULTS\RUNS\p3_B1_real_s43_cv2\config.json,234f08195a793a6a01185a909f6cbfbb01ce1cfc61ae4cd65ad706b819ff6035,"{""id"":""p3_B1_real_s43_cv2"",""architecture"":""B1"",""control"":""real"",""seed"":43,""fold"":2,""epochs"":10,""lr"":0.001,""weight_decay"":0.01,""sampler"":""balanced"",""tau"":0}",C:\Users\Hngk\Documents\Codex\PUMA_STAGE2_RESEARCH_PROMPTS_1_TO_4\PROMPT_3\ARCHITECTURES\B1\RESULTS\RUNS\p3_B1_real_s43_cv2\history.jsonl,9dd15309a0c852ed5030b981a649910ed501ae069f67621af2c55b62e90d6bac,10,RECOVERED_ORIGINAL_EPOCHS
3,p3_B2_real_s17_cv0,17,0,C:\Users\Hngk\Documents\Codex\PUMA_STAGE2_RESEARCH_PROMPTS_1_TO_4\PROMPT_3\ARCHITECTURES\B2\RESULTS\RUNS\p3_B2_real_s17_cv0\config.json,6f260311a16e814d288dfd8d9a57b36e69e26e914afa91beeafd252dc36c3aeb,"{""id"":""p3_B2_real_s17_cv0"",""architecture"":""B2"",""control"":""real"",""seed"":17,""fold"":0,""epochs"":10,""lr"":0.001,""weight_decay"":0.01,""sampler"":""balanced"",""tau"":0}",C:\Users\Hngk\Documents\Codex\PUMA_STAGE2_RESEARCH_PROMPTS_1_TO_4\PROMPT_3\ARCHITECTURES\B2\RESULTS\RUNS\p3_B2_real_s17_cv0\history.jsonl,68395ce23bcc72b0afbcb75b1435c7101bc901f7eddf2a96e7a3b42c206b45f0,10,RECOVERED_ORIGINAL_EPOCHS
3,p3_B2_real_s17_cv1,17,1,C:\Users\Hngk\Documents\Codex\PUMA_STAGE2_RESEARCH_PROMPTS_1_TO_4\PROMPT_3\ARCHITECTURES\B2\RESULTS\RUNS\p3_B2_real_s17_cv1\config.json,352f96cc71c59df3d01f89e08e1674a052167164d275fe27cf65ddaec9959634,"{""id"":""p3_B2_real_s17_cv1"",""architecture"":""B2"",""control"":""real"",""seed"":17,""fold"":1,""epochs"":10,""lr"":0.001,""weight_decay"":0.01,""sampler"":""balanced"",""tau"":0}",C:\Users\Hngk\Documents\Codex\PUMA_STAGE2_RESEARCH_PROMPTS_1_TO_4\PROMPT_3\ARCHITECTURES\B2\RESULTS\RUNS\p3_B2_real_s17_cv1\history.jsonl,ee3c4e2c410cee9ddfde19e61e8049f0d65cfc9a8b8030cc6f0cef10bfb439ef,10,RECOVERED_ORIGINAL_EPOCHS
3,p3_B2_real_s17_cv2,17,2,C:\Users\Hngk\Documents\Codex\PUMA_STAGE2_RESEARCH_PROMPTS_1_TO_4\PROMPT_3\ARCHITECTURES\B2\RESULTS\RUNS\p3_B2_real_s17_cv2\config.json,4b8894054cddc98d736870e8f3ea1d07e1e004d59e7606a74f6265d3b9e58016,"{""id"":""p3_B2_real_s17_cv2"",""architecture"":""B2"",""control"":""real"",""seed"":17,""fold"":2,""epochs"":10,""lr"":0.001,""weight_decay"":0.01,""sampler"":""balanced"",""tau"":0}",C:\Users\Hngk\Documents\Codex\PUMA_STAGE2_RESEARCH_PROMPTS_1_TO_4\PROMPT_3\ARCHITECTURES\B2\RESULTS\RUNS\p3_B2_real_s17_cv2\history.jsonl,5474ad03473ce77eedd886a2328924b4f3cd6f3b07edfc19056c8b9373391bd6,10,RECOVERED_ORIGINAL_EPOCHS
3,p3_B2_real_s29_cv0,29,0,C:\Users\Hngk\Documents\Codex\PUMA_STAGE2_RESEARCH_PROMPTS_1_TO_4\PROMPT_3\ARCHITECTURES\B2\RESULTS\RUNS\p3_B2_real_s29_cv0\config.json,4a8d2f3991fe7b0fdedf66d9f161e59860f062f12c5495b952918e3dc79c40eb,"{""id"":""p3_B2_real_s29_cv0"",""architecture"":""B2"",""control"":""real"",""seed"":29,""fold"":0,""epochs"":10,""lr"":0.001,""weight_decay"":0.01,""sampler"":""balanced"",""tau"":0}",C:\Users\Hngk\Documents\Codex\PUMA_STAGE2_RESEARCH_PROMPTS_1_TO_4\PROMPT_3\ARCHITECTURES\B2\RESULTS\RUNS\p3_B2_real_s29_cv0\history.jsonl,99aa56a6786df2dd5e557f20ea8a139a59de3059e522757d63ad2f0752a54a2e,10,RECOVERED_ORIGINAL_EPOCHS
3,p3_B2_real_s29_cv1,29,1,C:\Users\Hngk\Documents\Codex\PUMA_STAGE2_RESEARCH_PROMPTS_1_TO_4\PROMPT_3\ARCHITECTURES\B2\RESULTS\RUNS\p3_B2_real_s29_cv1\config.json,f9d68729e298ce4f192be7de50bdc0834e437e5267460182b6ac48c7ade51db0,"{""id"":""p3_B2_real_s29_cv1"",""architecture"":""B2"",""control"":""real"",""seed"":29,""fold"":1,""epochs"":10,""lr"":0.001,""weight_decay"":0.01,""sampler"":""balanced"",""tau"":0}",C:\Users\Hngk\Documents\Codex\PUMA_STAGE2_RESEARCH_PROMPTS_1_TO_4\PROMPT_3\ARCHITECTURES\B2\RESULTS\RUNS\p3_B2_real_s29_cv1\history.jsonl,58521ac60131664165366eec52978df2a8731f901d7011a23a2e0a391bb5ee3b,10,RECOVERED_ORIGINAL_EPOCHS
3,p3_B2_real_s29_cv2,29,2,C:\Users\Hngk\Documents\Codex\PUMA_STAGE2_RESEARCH_PROMPTS_1_TO_4\PROMPT_3\ARCHITECTURES\B2\RESULTS\RUNS\p3_B2_real_s29_cv2\config.json,68e0305bec34daa67db8d457ff643c99e85432f68de2e7d2d70a90462d81cfe6,"{""id"":""p3_B2_real_s29_cv2"",""architecture"":""B2"",""control"":""real"",""seed"":29,""fold"":2,""epochs"":10,""lr"":0.001,""weight_decay"":0.01,""sampler"":""balanced"",""tau"":0}",C:\Users\Hngk\Documents\Codex\PUMA_STAGE2_RESEARCH_PROMPTS_1_TO_4\PROMPT_3\ARCHITECTURES\B2\RESULTS\RUNS\p3_B2_real_s29_cv2\history.jsonl,d2713004035d8ea8804b512467a94aec1426e1825d8bfd4f9dee7d8a5b1a1bc7,10,RECOVERED_ORIGINAL_EPOCHS
3,p3_B2_real_s43_cv0,43,0,C:\Users\Hngk\Documents\Codex\PUMA_STAGE2_RESEARCH_PROMPTS_1_TO_4\PROMPT_3\ARCHITECTURES\B2\RESULTS\RUNS\p3_B2_real_s43_cv0\config.json,03d66243749e0d205ed191a513b91d2755ce544971f4b0d8dd64f71f6a0eb06d,"{""id"":""p3_B2_real_s43_cv0"",""architecture"":""B2"",""control"":""real"",""seed"":43,""fold"":0,""epochs"":10,""lr"":0.001,""weight_decay"":0.01,""sampler"":""balanced"",""tau"":0}",C:\Users\Hngk\Documents\Codex\PUMA_STAGE2_RESEARCH_PROMPTS_1_TO_4\PROMPT_3\ARCHITECTURES\B2\RESULTS\RUNS\p3_B2_real_s43_cv0\history.jsonl,7c130018260fdf775e9ac34f333ed7e987c3701036e20acb26b7dd5ba97524dd,10,RECOVERED_ORIGINAL_EPOCHS
3,p3_B2_real_s43_cv1,43,1,C:\Users\Hngk\Documents\Codex\PUMA_STAGE2_RESEARCH_PROMPTS_1_TO_4\PROMPT_3\ARCHITECTURES\B2\RESULTS\RUNS\p3_B2_real_s43_cv1\config.json,cb48caa4cd7a683dc64847240770c9e941363cf1cc79485751d94d1dd85477b5,"{""id"":""p3_B2_real_s43_cv1"",""architecture"":""B2"",""control"":""real"",""seed"":43,""fold"":1,""epochs"":10,""lr"":0.001,""weight_decay"":0.01,""sampler"":""balanced"",""tau"":0}",C:\Users\Hngk\Documents\Codex\PUMA_STAGE2_RESEARCH_PROMPTS_1_TO_4\PROMPT_3\ARCHITECTURES\B2\RESULTS\RUNS\p3_B2_real_s43_cv1\history.jsonl,133f4ce5f0762754062b5b095bbf732183c5cf36c9dfaab9c479873cbc712491,10,RECOVERED_ORIGINAL_EPOCHS
3,p3_B2_real_s43_cv2,43,2,C:\Users\Hngk\Documents\Codex\PUMA_STAGE2_RESEARCH_PROMPTS_1_TO_4\PROMPT_3\ARCHITECTURES\B2\RESULTS\RUNS\p3_B2_real_s43_cv2\config.json,c0ae5f42041b4af0d3449feeb825fe15c8ff6299719f5f4c6b03b1f8006e3783,"{""id"":""p3_B2_real_s43_cv2"",""architecture"":""B2"",""control"":""real"",""seed"":43,""fold"":2,""epochs"":10,""lr"":0.001,""weight_decay"":0.01,""sampler"":""balanced"",""tau"":0}",C:\Users\Hngk\Documents\Codex\PUMA_STAGE2_RESEARCH_PROMPTS_1_TO_4\PROMPT_3\ARCHITECTURES\B2\RESULTS\RUNS\p3_B2_real_s43_cv2\history.jsonl,467b378f55e84ea4a7bf161d907040d0d0fe7a2f7f219012bdc267b9d841de95,10,RECOVERED_ORIGINAL_EPOCHS
3,p3_B3_placebo_s17_cv0,17,0,C:\Users\Hngk\Documents\Codex\PUMA_STAGE2_RESEARCH_PROMPTS_1_TO_4\PROMPT_3\ARCHITECTURES\B3\RESULTS\RUNS\p3_B3_placebo_s17_cv0\config.json,f06cc7bfeb196f45fc5bef23e65c259a09caaab4f86a7199f4f952d46af76fd1,"{""id"":""p3_B3_placebo_s17_cv0"",""architecture"":""B3"",""control"":""placebo"",""seed"":17,""fold"":0,""epochs"":10,""lr"":0.001,""weight_decay"":0.01,""sampler"":""balanced"",""tau"":0}",C:\Users\Hngk\Documents\Codex\PUMA_STAGE2_RESEARCH_PROMPTS_1_TO_4\PROMPT_3\ARCHITECTURES\B3\RESULTS\RUNS\p3_B3_placebo_s17_cv0\history.jsonl,601faf391ae339646444c65ee45ade7a25c1b100187c4a729c4a673826612dca,10,RECOVERED_ORIGINAL_EPOCHS
3,p3_B3_placebo_s17_cv1,17,1,C:\Users\Hngk\Documents\Codex\PUMA_STAGE2_RESEARCH_PROMPTS_1_TO_4\PROMPT_3\ARCHITECTURES\B3\RESULTS\RUNS\p3_B3_placebo_s17_cv1\config.json,ad9b0e7b3ddf5d165310d6aa78b0f93ab7762a1b91307174c7c20dfe07527602,"{""id"":""p3_B3_placebo_s17_cv1"",""architecture"":""B3"",""control"":""placebo"",""seed"":17,""fold"":1,""epochs"":10,""lr"":0.001,""weight_decay"":0.01,""sampler"":""balanced"",""tau"":0}",C:\Users\Hngk\Documents\Codex\PUMA_STAGE2_RESEARCH_PROMPTS_1_TO_4\PROMPT_3\ARCHITECTURES\B3\RESULTS\RUNS\p3_B3_placebo_s17_cv1\history.jsonl,79b882ef3c9735c10986744db81aaf825a92971f46e78dbb3ac10c2d9a0ab1d3,10,RECOVERED_ORIGINAL_EPOCHS
3,p3_B3_placebo_s17_cv2,17,2,C:\Users\Hngk\Documents\Codex\PUMA_STAGE2_RESEARCH_PROMPTS_1_TO_4\PROMPT_3\ARCHITECTURES\B3\RESULTS\RUNS\p3_B3_placebo_s17_cv2\config.json,a0b94e9273cbe86dde0a4c9fea77e993ac5248907258fdababa8d2023ef00527,"{""id"":""p3_B3_placebo_s17_cv2"",""architecture"":""B3"",""control"":""placebo"",""seed"":17,""fold"":2,""epochs"":10,""lr"":0.001,""weight_decay"":0.01,""sampler"":""balanced"",""tau"":0}",C:\Users\Hngk\Documents\Codex\PUMA_STAGE2_RESEARCH_PROMPTS_1_TO_4\PROMPT_3\ARCHITECTURES\B3\RESULTS\RUNS\p3_B3_placebo_s17_cv2\history.jsonl,31e78a7c3c09fe582c286092f66ed3d9b1fd6b834857e1482ea3e9fa347faadd,10,RECOVERED_ORIGINAL_EPOCHS
3,p3_B3_placebo_s29_cv0,29,0,C:\Users\Hngk\Documents\Codex\PUMA_STAGE2_RESEARCH_PROMPTS_1_TO_4\PROMPT_3\ARCHITECTURES\B3\RESULTS\RUNS\p3_B3_placebo_s29_cv0\config.json,35d92810cca1e373fc3a45fdb4e88e9b37c5bf9a6d70cfd5a1cf31cbe4a638a7,"{""id"":""p3_B3_placebo_s29_cv0"",""architecture"":""B3"",""control"":""placebo"",""seed"":29,""fold"":0,""epochs"":10,""lr"":0.001,""weight_decay"":0.01,""sampler"":""balanced"",""tau"":0}",C:\Users\Hngk\Documents\Codex\PUMA_STAGE2_RESEARCH_PROMPTS_1_TO_4\PROMPT_3\ARCHITECTURES\B3\RESULTS\RUNS\p3_B3_placebo_s29_cv0\history.jsonl,9930e92542c208dea26fd60995f3e30f0e9afbc3c74f67f12f63693c27be6929,10,RECOVERED_ORIGINAL_EPOCHS
3,p3_B3_placebo_s29_cv1,29,1,C:\Users\Hngk\Documents\Codex\PUMA_STAGE2_RESEARCH_PROMPTS_1_TO_4\PROMPT_3\ARCHITECTURES\B3\RESULTS\RUNS\p3_B3_placebo_s29_cv1\config.json,02ae8754717756afb137a46c4a5691221d5e7dc4b65f4f3667c1b67e6e7b8842,"{""id"":""p3_B3_placebo_s29_cv1"",""architecture"":""B3"",""control"":""placebo"",""seed"":29,""fold"":1,""epochs"":10,""lr"":0.001,""weight_decay"":0.01,""sampler"":""balanced"",""tau"":0}",C:\Users\Hngk\Documents\Codex\PUMA_STAGE2_RESEARCH_PROMPTS_1_TO_4\PROMPT_3\ARCHITECTURES\B3\RESULTS\RUNS\p3_B3_placebo_s29_cv1\history.jsonl,2ce56ec53916066200b6eb152b3c9d23975734b8dc981c1273308249606efc9a,10,RECOVERED_ORIGINAL_EPOCHS
3,p3_B3_placebo_s29_cv2,29,2,C:\Users\Hngk\Documents\Codex\PUMA_STAGE2_RESEARCH_PROMPTS_1_TO_4\PROMPT_3\ARCHITECTURES\B3\RESULTS\RUNS\p3_B3_placebo_s29_cv2\config.json,214e2a6167272a7bc1e8fc26d516aedceee015425fee4d03342907a12687519a,"{""id"":""p3_B3_placebo_s29_cv2"",""architecture"":""B3"",""control"":""placebo"",""seed"":29,""fold"":2,""epochs"":10,""lr"":0.001,""weight_decay"":0.01,""sampler"":""balanced"",""tau"":0}",C:\Users\Hngk\Documents\Codex\PUMA_STAGE2_RESEARCH_PROMPTS_1_TO_4\PROMPT_3\ARCHITECTURES\B3\RESULTS\RUNS\p3_B3_placebo_s29_cv2\history.jsonl,f6db693184751965cd2488d0514e5a57e4ac2dcd8e83ebd9cd1c428cb695a7eb,10,RECOVERED_ORIGINAL_EPOCHS
3,p3_B3_placebo_s43_cv0,43,0,C:\Users\Hngk\Documents\Codex\PUMA_STAGE2_RESEARCH_PROMPTS_1_TO_4\PROMPT_3\ARCHITECTURES\B3\RESULTS\RUNS\p3_B3_placebo_s43_cv0\config.json,99445932e6b46c84b1f8bb954f9c7fa6be4ce082cb714fe4fa62e81134b64271,"{""id"":""p3_B3_placebo_s43_cv0"",""architecture"":""B3"",""control"":""placebo"",""seed"":43,""fold"":0,""epochs"":10,""lr"":0.001,""weight_decay"":0.01,""sampler"":""balanced"",""tau"":0}",C:\Users\Hngk\Documents\Codex\PUMA_STAGE2_RESEARCH_PROMPTS_1_TO_4\PROMPT_3\ARCHITECTURES\B3\RESULTS\RUNS\p3_B3_placebo_s43_cv0\history.jsonl,0d8a11ed0b113da3c2b40875b1adfb7a3e01bdfd560287e1b657a3917c991de4,10,RECOVERED_ORIGINAL_EPOCHS
3,p3_B3_placebo_s43_cv1,43,1,C:\Users\Hngk\Documents\Codex\PUMA_STAGE2_RESEARCH_PROMPTS_1_TO_4\PROMPT_3\ARCHITECTURES\B3\RESULTS\RUNS\p3_B3_placebo_s43_cv1\config.json,ca3279b7ea94f6ac59aebbf02c2ac6e068f9c164fa0f590f42146e1c8e8c7cd5,"{""id"":""p3_B3_placebo_s43_cv1"",""architecture"":""B3"",""control"":""placebo"",""seed"":43,""fold"":1,""epochs"":10,""lr"":0.001,""weight_decay"":0.01,""sampler"":""balanced"",""tau"":0}",C:\Users\Hngk\Documents\Codex\PUMA_STAGE2_RESEARCH_PROMPTS_1_TO_4\PROMPT_3\ARCHITECTURES\B3\RESULTS\RUNS\p3_B3_placebo_s43_cv1\history.jsonl,8a6870c90567f01f62fc8fd7350a63f03df8e2578bc348e6c97e5825bee2fb60,10,RECOVERED_ORIGINAL_EPOCHS
3,p3_B3_placebo_s43_cv2,43,2,C:\Users\Hngk\Documents\Codex\PUMA_STAGE2_RESEARCH_PROMPTS_1_TO_4\PROMPT_3\ARCHITECTURES\B3\RESULTS\RUNS\p3_B3_placebo_s43_cv2\config.json,485e5dfdeed6434eda703992b724375dd10f22a29313ce1fa0cc872bc418f877,"{""id"":""p3_B3_placebo_s43_cv2"",""architecture"":""B3"",""control"":""placebo"",""seed"":43,""fold"":2,""epochs"":10,""lr"":0.001,""weight_decay"":0.01,""sampler"":""balanced"",""tau"":0}",C:\Users\Hngk\Documents\Codex\PUMA_STAGE2_RESEARCH_PROMPTS_1_TO_4\PROMPT_3\ARCHITECTURES\B3\RESULTS\RUNS\p3_B3_placebo_s43_cv2\history.jsonl,86dfefc3c02727bad987c543d3680ae7efb9a0d78a560f12690ae15c33f170a0,10,RECOVERED_ORIGINAL_EPOCHS
3,p3_B3_real_s17_cv0,17,0,C:\Users\Hngk\Documents\Codex\PUMA_STAGE2_RESEARCH_PROMPTS_1_TO_4\PROMPT_3\ARCHITECTURES\B3\RESULTS\RUNS\p3_B3_real_s17_cv0\config.json,4d778d18b4c23c535637975e43e3c74af9cd4d4410bbe02c4a2f21cb4a4407ce,"{""id"":""p3_B3_real_s17_cv0"",""architecture"":""B3"",""control"":""real"",""seed"":17,""fold"":0,""epochs"":10,""lr"":0.001,""weight_decay"":0.01,""sampler"":""balanced"",""tau"":0}",C:\Users\Hngk\Documents\Codex\PUMA_STAGE2_RESEARCH_PROMPTS_1_TO_4\PROMPT_3\ARCHITECTURES\B3\RESULTS\RUNS\p3_B3_real_s17_cv0\history.jsonl,effdd93cb54c21e2d1973d7d3d3a713d2c09cd789402c3bf66b6c7c1f5420d94,10,RECOVERED_ORIGINAL_EPOCHS
3,p3_B3_real_s17_cv1,17,1,C:\Users\Hngk\Documents\Codex\PUMA_STAGE2_RESEARCH_PROMPTS_1_TO_4\PROMPT_3\ARCHITECTURES\B3\RESULTS\RUNS\p3_B3_real_s17_cv1\config.json,20e12a1b259d233d87ce228b97d3467bc622c65ed46d3c54536df43eb7438171,"{""id"":""p3_B3_real_s17_cv1"",""architecture"":""B3"",""control"":""real"",""seed"":17,""fold"":1,""epochs"":10,""lr"":0.001,""weight_decay"":0.01,""sampler"":""balanced"",""tau"":0}",C:\Users\Hngk\Documents\Codex\PUMA_STAGE2_RESEARCH_PROMPTS_1_TO_4\PROMPT_3\ARCHITECTURES\B3\RESULTS\RUNS\p3_B3_real_s17_cv1\history.jsonl,14f2d0a310c3c4d46960199c6fe8f5bc993fc7c194073fdb027a7c608281823a,10,RECOVERED_ORIGINAL_EPOCHS
3,p3_B3_real_s17_cv2,17,2,C:\Users\Hngk\Documents\Codex\PUMA_STAGE2_RESEARCH_PROMPTS_1_TO_4\PROMPT_3\ARCHITECTURES\B3\RESULTS\RUNS\p3_B3_real_s17_cv2\config.json,181810068feae8714f9203a438af430d8715e19b712001752e1aa358a4cc36c5,"{""id"":""p3_B3_real_s17_cv2"",""architecture"":""B3"",""control"":""real"",""seed"":17,""fold"":2,""epochs"":10,""lr"":0.001,""weight_decay"":0.01,""sampler"":""balanced"",""tau"":0}",C:\Users\Hngk\Documents\Codex\PUMA_STAGE2_RESEARCH_PROMPTS_1_TO_4\PROMPT_3\ARCHITECTURES\B3\RESULTS\RUNS\p3_B3_real_s17_cv2\history.jsonl,19699652931d4232407c5fca0bc4a728665999431c530ae500f9ad592b3bb73f,10,RECOVERED_ORIGINAL_EPOCHS
3,p3_B3_real_s29_cv0,29,0,C:\Users\Hngk\Documents\Codex\PUMA_STAGE2_RESEARCH_PROMPTS_1_TO_4\PROMPT_3\ARCHITECTURES\B3\RESULTS\RUNS\p3_B3_real_s29_cv0\config.json,23748caae3a68a40402f297c9a88df3c0ff3e61079f115fa47a6496961e17c35,"{""id"":""p3_B3_real_s29_cv0"",""architecture"":""B3"",""control"":""real"",""seed"":29,""fold"":0,""epochs"":10,""lr"":0.001,""weight_decay"":0.01,""sampler"":""balanced"",""tau"":0}",C:\Users\Hngk\Documents\Codex\PUMA_STAGE2_RESEARCH_PROMPTS_1_TO_4\PROMPT_3\ARCHITECTURES\B3\RESULTS\RUNS\p3_B3_real_s29_cv0\history.jsonl,7d0deaf46aa3c3af0e3cdf6ace439aabd85715d6299c59b070267c4fa36f667f,10,RECOVERED_ORIGINAL_EPOCHS
3,p3_B3_real_s29_cv1,29,1,C:\Users\Hngk\Documents\Codex\PUMA_STAGE2_RESEARCH_PROMPTS_1_TO_4\PROMPT_3\ARCHITECTURES\B3\RESULTS\RUNS\p3_B3_real_s29_cv1\config.json,bda44aa111151e4b5f0720252c8cdc2d6286540a58b7cb989f29bbd5037120be,"{""id"":""p3_B3_real_s29_cv1"",""architecture"":""B3"",""control"":""real"",""seed"":29,""fold"":1,""epochs"":10,""lr"":0.001,""weight_decay"":0.01,""sampler"":""balanced"",""tau"":0}",C:\Users\Hngk\Documents\Codex\PUMA_STAGE2_RESEARCH_PROMPTS_1_TO_4\PROMPT_3\ARCHITECTURES\B3\RESULTS\RUNS\p3_B3_real_s29_cv1\history.jsonl,ce0075de67198e622bd78d052ca5a72153c953a828e40e4da8a37c8bca24c973,10,RECOVERED_ORIGINAL_EPOCHS
3,p3_B3_real_s29_cv2,29,2,C:\Users\Hngk\Documents\Codex\PUMA_STAGE2_RESEARCH_PROMPTS_1_TO_4\PROMPT_3\ARCHITECTURES\B3\RESULTS\RUNS\p3_B3_real_s29_cv2\config.json,6f3ca3a56cccde27028c38f7f02cd11dad3d0114f3c707ee83faf0df66806778,"{""id"":""p3_B3_real_s29_cv2"",""architecture"":""B3"",""control"":""real"",""seed"":29,""fold"":2,""epochs"":10,""lr"":0.001,""weight_decay"":0.01,""sampler"":""balanced"",""tau"":0}",C:\Users\Hngk\Documents\Codex\PUMA_STAGE2_RESEARCH_PROMPTS_1_TO_4\PROMPT_3\ARCHITECTURES\B3\RESULTS\RUNS\p3_B3_real_s29_cv2\history.jsonl,d8a68a71ab12752bdc17c93bca9576fafab8065cda36e658eaf4a177713ccedc,10,RECOVERED_ORIGINAL_EPOCHS
3,p3_B3_real_s43_cv0,43,0,C:\Users\Hngk\Documents\Codex\PUMA_STAGE2_RESEARCH_PROMPTS_1_TO_4\PROMPT_3\ARCHITECTURES\B3\RESULTS\RUNS\p3_B3_real_s43_cv0\config.json,acee55a4b9799304f350abccdef9bd92479841601dd980b513247edb8a6e815b,"{""id"":""p3_B3_real_s43_cv0"",""architecture"":""B3"",""control"":""real"",""seed"":43,""fold"":0,""epochs"":10,""lr"":0.001,""weight_decay"":0.01,""sampler"":""balanced"",""tau"":0}",C:\Users\Hngk\Documents\Codex\PUMA_STAGE2_RESEARCH_PROMPTS_1_TO_4\PROMPT_3\ARCHITECTURES\B3\RESULTS\RUNS\p3_B3_real_s43_cv0\history.jsonl,c05239205bd9928815809eb42f4d83d6903f51a520e8bf0ca925b3032c307fad,10,RECOVERED_ORIGINAL_EPOCHS
3,p3_B3_real_s43_cv1,43,1,C:\Users\Hngk\Documents\Codex\PUMA_STAGE2_RESEARCH_PROMPTS_1_TO_4\PROMPT_3\ARCHITECTURES\B3\RESULTS\RUNS\p3_B3_real_s43_cv1\config.json,74399f2d1ac2d67e7c78e3adf83af711f78c26d39a3b7cc8215400ff317e6f8e,"{""id"":""p3_B3_real_s43_cv1"",""architecture"":""B3"",""control"":""real"",""seed"":43,""fold"":1,""epochs"":10,""lr"":0.001,""weight_decay"":0.01,""sampler"":""balanced"",""tau"":0}",C:\Users\Hngk\Documents\Codex\PUMA_STAGE2_RESEARCH_PROMPTS_1_TO_4\PROMPT_3\ARCHITECTURES\B3\RESULTS\RUNS\p3_B3_real_s43_cv1\history.jsonl,a0c0a9b1e3d68809e05d75a5198627ab0fa42ddb4af444597ffae660f67c3c81,10,RECOVERED_ORIGINAL_EPOCHS
3,p3_B3_real_s43_cv2,43,2,C:\Users\Hngk\Documents\Codex\PUMA_STAGE2_RESEARCH_PROMPTS_1_TO_4\PROMPT_3\ARCHITECTURES\B3\RESULTS\RUNS\p3_B3_real_s43_cv2\config.json,0a2e739888ac3e28045053798290a5485f108959af95a6fa14d9154ba3db376c,"{""id"":""p3_B3_real_s43_cv2"",""architecture"":""B3"",""control"":""real"",""seed"":43,""fold"":2,""epochs"":10,""lr"":0.001,""weight_decay"":0.01,""sampler"":""balanced"",""tau"":0}",C:\Users\Hngk\Documents\Codex\PUMA_STAGE2_RESEARCH_PROMPTS_1_TO_4\PROMPT_3\ARCHITECTURES\B3\RESULTS\RUNS\p3_B3_real_s43_cv2\history.jsonl,75701d1cad3bb72a18c6534c792b914efd5c442737b53458a5d72e4193c61478,10,RECOVERED_ORIGINAL_EPOCHS
3,p3_B3_shuffle_s17_cv0,17,0,C:\Users\Hngk\Documents\Codex\PUMA_STAGE2_RESEARCH_PROMPTS_1_TO_4\PROMPT_3\ARCHITECTURES\B3\RESULTS\RUNS\p3_B3_shuffle_s17_cv0\config.json,ebf2770ed0dce067cfcd7189d306f66c82f317331fc2cb609fd252aeb7feebe3,"{""id"":""p3_B3_shuffle_s17_cv0"",""architecture"":""B3"",""control"":""shuffle"",""seed"":17,""fold"":0,""epochs"":10,""lr"":0.001,""weight_decay"":0.01,""sampler"":""balanced"",""tau"":0}",C:\Users\Hngk\Documents\Codex\PUMA_STAGE2_RESEARCH_PROMPTS_1_TO_4\PROMPT_3\ARCHITECTURES\B3\RESULTS\RUNS\p3_B3_shuffle_s17_cv0\history.jsonl,f05fdb27b5b03397a4d46a57d4e240a0f432b6c9118c4a39effbb8402726af08,10,RECOVERED_ORIGINAL_EPOCHS
3,p3_B3_shuffle_s17_cv1,17,1,C:\Users\Hngk\Documents\Codex\PUMA_STAGE2_RESEARCH_PROMPTS_1_TO_4\PROMPT_3\ARCHITECTURES\B3\RESULTS\RUNS\p3_B3_shuffle_s17_cv1\config.json,e5b71d02121b2f4bce0762f57453742fdc4da06d9933334987277fb3f8f6a31d,"{""id"":""p3_B3_shuffle_s17_cv1"",""architecture"":""B3"",""control"":""shuffle"",""seed"":17,""fold"":1,""epochs"":10,""lr"":0.001,""weight_decay"":0.01,""sampler"":""balanced"",""tau"":0}",C:\Users\Hngk\Documents\Codex\PUMA_STAGE2_RESEARCH_PROMPTS_1_TO_4\PROMPT_3\ARCHITECTURES\B3\RESULTS\RUNS\p3_B3_shuffle_s17_cv1\history.jsonl,32cacf36c92a849e4de29bf1cdf31e32e1f652fa849702a27f6dfe507888b680,10,RECOVERED_ORIGINAL_EPOCHS
3,p3_B3_shuffle_s17_cv2,17,2,C:\Users\Hngk\Documents\Codex\PUMA_STAGE2_RESEARCH_PROMPTS_1_TO_4\PROMPT_3\ARCHITECTURES\B3\RESULTS\RUNS\p3_B3_shuffle_s17_cv2\config.json,a2711241bb0b5e88e498474fb90d8e9de7bd53fbe2e53bd2c94a8157dfc92b38,"{""id"":""p3_B3_shuffle_s17_cv2"",""architecture"":""B3"",""control"":""shuffle"",""seed"":17,""fold"":2,""epochs"":10,""lr"":0.001,""weight_decay"":0.01,""sampler"":""balanced"",""tau"":0}",C:\Users\Hngk\Documents\Codex\PUMA_STAGE2_RESEARCH_PROMPTS_1_TO_4\PROMPT_3\ARCHITECTURES\B3\RESULTS\RUNS\p3_B3_shuffle_s17_cv2\history.jsonl,5f87d5141d3b9b50579695a8beeadc35097bd6432c5061ec6c9fe53c0a884283,10,RECOVERED_ORIGINAL_EPOCHS
3,p3_B3_shuffle_s29_cv0,29,0,C:\Users\Hngk\Documents\Codex\PUMA_STAGE2_RESEARCH_PROMPTS_1_TO_4\PROMPT_3\ARCHITECTURES\B3\RESULTS\RUNS\p3_B3_shuffle_s29_cv0\config.json,e8e0c00142f9d9df0d14c89cdd1c3f97c9e00f7f714e0ef70cc4a4be232c1025,"{""id"":""p3_B3_shuffle_s29_cv0"",""architecture"":""B3"",""control"":""shuffle"",""seed"":29,""fold"":0,""epochs"":10,""lr"":0.001,""weight_decay"":0.01,""sampler"":""balanced"",""tau"":0}",C:\Users\Hngk\Documents\Codex\PUMA_STAGE2_RESEARCH_PROMPTS_1_TO_4\PROMPT_3\ARCHITECTURES\B3\RESULTS\RUNS\p3_B3_shuffle_s29_cv0\history.jsonl,83d2a7eeea16ba0c3e5b565d8466878464a7aa6efee146e6161a424eb21910e8,10,RECOVERED_ORIGINAL_EPOCHS
3,p3_B3_shuffle_s29_cv1,29,1,C:\Users\Hngk\Documents\Codex\PUMA_STAGE2_RESEARCH_PROMPTS_1_TO_4\PROMPT_3\ARCHITECTURES\B3\RESULTS\RUNS\p3_B3_shuffle_s29_cv1\config.json,8d4935cf444e5255352a683cde1b79ca5f6c2e7b9a45404305213c5194254799,"{""id"":""p3_B3_shuffle_s29_cv1"",""architecture"":""B3"",""control"":""shuffle"",""seed"":29,""fold"":1,""epochs"":10,""lr"":0.001,""weight_decay"":0.01,""sampler"":""balanced"",""tau"":0}",C:\Users\Hngk\Documents\Codex\PUMA_STAGE2_RESEARCH_PROMPTS_1_TO_4\PROMPT_3\ARCHITECTURES\B3\RESULTS\RUNS\p3_B3_shuffle_s29_cv1\history.jsonl,da9b8dda38af285f11e0642925de5c18a02b621151926e919b94fd9d9f8cceea,10,RECOVERED_ORIGINAL_EPOCHS
3,p3_B3_shuffle_s29_cv2,29,2,C:\Users\Hngk\Documents\Codex\PUMA_STAGE2_RESEARCH_PROMPTS_1_TO_4\PROMPT_3\ARCHITECTURES\B3\RESULTS\RUNS\p3_B3_shuffle_s29_cv2\config.json,e7cdd06a0f3c0fb106183da0cbff22a754d3c1c8baf1b25ed8b1b84aa16491c7,"{""id"":""p3_B3_shuffle_s29_cv2"",""architecture"":""B3"",""control"":""shuffle"",""seed"":29,""fold"":2,""epochs"":10,""lr"":0.001,""weight_decay"":0.01,""sampler"":""balanced"",""tau"":0}",C:\Users\Hngk\Documents\Codex\PUMA_STAGE2_RESEARCH_PROMPTS_1_TO_4\PROMPT_3\ARCHITECTURES\B3\RESULTS\RUNS\p3_B3_shuffle_s29_cv2\history.jsonl,18957ec4ecfa5e8b79cbce457cc8a02e68b686056f910290a452858135431d03,10,RECOVERED_ORIGINAL_EPOCHS
3,p3_B3_shuffle_s43_cv0,43,0,C:\Users\Hngk\Documents\Codex\PUMA_STAGE2_RESEARCH_PROMPTS_1_TO_4\PROMPT_3\ARCHITECTURES\B3\RESULTS\RUNS\p3_B3_shuffle_s43_cv0\config.json,ad4987bf3b19bd1edf555dfe318dc601840910511f334b3fb206886afab70b3b,"{""id"":""p3_B3_shuffle_s43_cv0"",""architecture"":""B3"",""control"":""shuffle"",""seed"":43,""fold"":0,""epochs"":10,""lr"":0.001,""weight_decay"":0.01,""sampler"":""balanced"",""tau"":0}",C:\Users\Hngk\Documents\Codex\PUMA_STAGE2_RESEARCH_PROMPTS_1_TO_4\PROMPT_3\ARCHITECTURES\B3\RESULTS\RUNS\p3_B3_shuffle_s43_cv0\history.jsonl,9df4a9e284ee53d1542a7a5e97478c632e635acea49f66e6a3cb16aee8cd8de6,10,RECOVERED_ORIGINAL_EPOCHS
3,p3_B3_shuffle_s43_cv1,43,1,C:\Users\Hngk\Documents\Codex\PUMA_STAGE2_RESEARCH_PROMPTS_1_TO_4\PROMPT_3\ARCHITECTURES\B3\RESULTS\RUNS\p3_B3_shuffle_s43_cv1\config.json,57b4d30fa67b10887a6c03bf4cec17a0b1a2ed83b9b522ff6cc8ea241ddda1a5,"{""id"":""p3_B3_shuffle_s43_cv1"",""architecture"":""B3"",""control"":""shuffle"",""seed"":43,""fold"":1,""epochs"":10,""lr"":0.001,""weight_decay"":0.01,""sampler"":""balanced"",""tau"":0}",C:\Users\Hngk\Documents\Codex\PUMA_STAGE2_RESEARCH_PROMPTS_1_TO_4\PROMPT_3\ARCHITECTURES\B3\RESULTS\RUNS\p3_B3_shuffle_s43_cv1\history.jsonl,c3e15cb126eae6aec1276c8eaf6c16bbc8195b851a78dc21f8ff09bc132f5eec,10,RECOVERED_ORIGINAL_EPOCHS
3,p3_B3_shuffle_s43_cv2,43,2,C:\Users\Hngk\Documents\Codex\PUMA_STAGE2_RESEARCH_PROMPTS_1_TO_4\PROMPT_3\ARCHITECTURES\B3\RESULTS\RUNS\p3_B3_shuffle_s43_cv2\config.json,9fad37a00bc7382a34e48dc1766875d256a1c7ffbb1a37539b778b56e098cc4f,"{""id"":""p3_B3_shuffle_s43_cv2"",""architecture"":""B3"",""control"":""shuffle"",""seed"":43,""fold"":2,""epochs"":10,""lr"":0.001,""weight_decay"":0.01,""sampler"":""balanced"",""tau"":0}",C:\Users\Hngk\Documents\Codex\PUMA_STAGE2_RESEARCH_PROMPTS_1_TO_4\PROMPT_3\ARCHITECTURES\B3\RESULTS\RUNS\p3_B3_shuffle_s43_cv2\history.jsonl,fbad5c3c9c35168fbd78fec38eb9581a21ba83631645b4a97b16a1582cd9f725,10,RECOVERED_ORIGINAL_EPOCHS
3,p3_B4_placebo_s17_cv0,17,0,C:\Users\Hngk\Documents\Codex\PUMA_STAGE2_RESEARCH_PROMPTS_1_TO_4\PROMPT_3\ARCHITECTURES\B4\RESULTS\RUNS\p3_B4_placebo_s17_cv0\config.json,f33da7f5bd7f5c07ee0fffa8330e74f71727c5c9676ae5152d3860aedde9f279,"{""id"":""p3_B4_placebo_s17_cv0"",""architecture"":""B4"",""control"":""placebo"",""seed"":17,""fold"":0,""epochs"":10,""lr"":0.001,""weight_decay"":0.01,""sampler"":""balanced"",""tau"":0}",C:\Users\Hngk\Documents\Codex\PUMA_STAGE2_RESEARCH_PROMPTS_1_TO_4\PROMPT_3\ARCHITECTURES\B4\RESULTS\RUNS\p3_B4_placebo_s17_cv0\history.jsonl,9dd519b1ba6d920678e11dff76c7ac947f40837d1e792b38ab92c60db59e6c47,10,RECOVERED_ORIGINAL_EPOCHS
3,p3_B4_placebo_s17_cv1,17,1,C:\Users\Hngk\Documents\Codex\PUMA_STAGE2_RESEARCH_PROMPTS_1_TO_4\PROMPT_3\ARCHITECTURES\B4\RESULTS\RUNS\p3_B4_placebo_s17_cv1\config.json,c6d8426d105965e7b9a993ddf85c9e5c51885ad972045f30d18ada6ca82cb997,"{""id"":""p3_B4_placebo_s17_cv1"",""architecture"":""B4"",""control"":""placebo"",""seed"":17,""fold"":1,""epochs"":10,""lr"":0.001,""weight_decay"":0.01,""sampler"":""balanced"",""tau"":0}",C:\Users\Hngk\Documents\Codex\PUMA_STAGE2_RESEARCH_PROMPTS_1_TO_4\PROMPT_3\ARCHITECTURES\B4\RESULTS\RUNS\p3_B4_placebo_s17_cv1\history.jsonl,36d8ec5ef3a1be80f6400c358b9b354dc3818367a3e8dda78beb1c47cddfcbc3,10,RECOVERED_ORIGINAL_EPOCHS
3,p3_B4_placebo_s17_cv2,17,2,C:\Users\Hngk\Documents\Codex\PUMA_STAGE2_RESEARCH_PROMPTS_1_TO_4\PROMPT_3\ARCHITECTURES\B4\RESULTS\RUNS\p3_B4_placebo_s17_cv2\config.json,3f102348906146e2337cd2d5e517066f36776af32690bf0607381d2c8da2ddb8,"{""id"":""p3_B4_placebo_s17_cv2"",""architecture"":""B4"",""control"":""placebo"",""seed"":17,""fold"":2,""epochs"":10,""lr"":0.001,""weight_decay"":0.01,""sampler"":""balanced"",""tau"":0}",C:\Users\Hngk\Documents\Codex\PUMA_STAGE2_RESEARCH_PROMPTS_1_TO_4\PROMPT_3\ARCHITECTURES\B4\RESULTS\RUNS\p3_B4_placebo_s17_cv2\history.jsonl,bb53208630398db75da2cfc12b90682eac85507b9cfe9b7ac9ccf16ef4e78b43,10,RECOVERED_ORIGINAL_EPOCHS
3,p3_B4_placebo_s29_cv0,29,0,C:\Users\Hngk\Documents\Codex\PUMA_STAGE2_RESEARCH_PROMPTS_1_TO_4\PROMPT_3\ARCHITECTURES\B4\RESULTS\RUNS\p3_B4_placebo_s29_cv0\config.json,dda78d2f5238a62f7791f36875ff339a10fb3c8de2196ad6278e2cd3f0f46985,"{""id"":""p3_B4_placebo_s29_cv0"",""architecture"":""B4"",""control"":""placebo"",""seed"":29,""fold"":0,""epochs"":10,""lr"":0.001,""weight_decay"":0.01,""sampler"":""balanced"",""tau"":0}",C:\Users\Hngk\Documents\Codex\PUMA_STAGE2_RESEARCH_PROMPTS_1_TO_4\PROMPT_3\ARCHITECTURES\B4\RESULTS\RUNS\p3_B4_placebo_s29_cv0\history.jsonl,08545e859b0834ccc15ce963a919554de6f6b6a0c07c496e3317e8f90c4534e2,10,RECOVERED_ORIGINAL_EPOCHS
3,p3_B4_placebo_s29_cv1,29,1,C:\Users\Hngk\Documents\Codex\PUMA_STAGE2_RESEARCH_PROMPTS_1_TO_4\PROMPT_3\ARCHITECTURES\B4\RESULTS\RUNS\p3_B4_placebo_s29_cv1\config.json,1a0b72cb74596a772562e2683202440762d65992330b099e7a0a862cb024c18f,"{""id"":""p3_B4_placebo_s29_cv1"",""architecture"":""B4"",""control"":""placebo"",""seed"":29,""fold"":1,""epochs"":10,""lr"":0.001,""weight_decay"":0.01,""sampler"":""balanced"",""tau"":0}",C:\Users\Hngk\Documents\Codex\PUMA_STAGE2_RESEARCH_PROMPTS_1_TO_4\PROMPT_3\ARCHITECTURES\B4\RESULTS\RUNS\p3_B4_placebo_s29_cv1\history.jsonl,e3caab7d140ee7493b8bd9835e637f3513e13e493b09f2a3361206dfc56b1ae3,10,RECOVERED_ORIGINAL_EPOCHS
3,p3_B4_placebo_s29_cv2,29,2,C:\Users\Hngk\Documents\Codex\PUMA_STAGE2_RESEARCH_PROMPTS_1_TO_4\PROMPT_3\ARCHITECTURES\B4\RESULTS\RUNS\p3_B4_placebo_s29_cv2\config.json,4addd0ad8774a9bc1c176756af0a2031a71716fccd49879067617c5d62f68d94,"{""id"":""p3_B4_placebo_s29_cv2"",""architecture"":""B4"",""control"":""placebo"",""seed"":29,""fold"":2,""epochs"":10,""lr"":0.001,""weight_decay"":0.01,""sampler"":""balanced"",""tau"":0}",C:\Users\Hngk\Documents\Codex\PUMA_STAGE2_RESEARCH_PROMPTS_1_TO_4\PROMPT_3\ARCHITECTURES\B4\RESULTS\RUNS\p3_B4_placebo_s29_cv2\history.jsonl,a6f7407402055e61a87ed19625a62b3e42c1fd04f1fd5cf6792661716a8f9a14,10,RECOVERED_ORIGINAL_EPOCHS
3,p3_B4_placebo_s43_cv0,43,0,C:\Users\Hngk\Documents\Codex\PUMA_STAGE2_RESEARCH_PROMPTS_1_TO_4\PROMPT_3\ARCHITECTURES\B4\RESULTS\RUNS\p3_B4_placebo_s43_cv0\config.json,888e144baa5e9f8498525c90de08886271314f31497e87260eb6024ba25f2e59,"{""id"":""p3_B4_placebo_s43_cv0"",""architecture"":""B4"",""control"":""placebo"",""seed"":43,""fold"":0,""epochs"":10,""lr"":0.001,""weight_decay"":0.01,""sampler"":""balanced"",""tau"":0}",C:\Users\Hngk\Documents\Codex\PUMA_STAGE2_RESEARCH_PROMPTS_1_TO_4\PROMPT_3\ARCHITECTURES\B4\RESULTS\RUNS\p3_B4_placebo_s43_cv0\history.jsonl,438126623ca123024b3c40eda4fc207993dc397bb9ea32f94ace955bbfe80096,10,RECOVERED_ORIGINAL_EPOCHS
3,p3_B4_placebo_s43_cv1,43,1,C:\Users\Hngk\Documents\Codex\PUMA_STAGE2_RESEARCH_PROMPTS_1_TO_4\PROMPT_3\ARCHITECTURES\B4\RESULTS\RUNS\p3_B4_placebo_s43_cv1\config.json,633f3dcb8833bd3825d4c90df584b17fe7fdbb397809c253dc82c4c0aa8b7c1f,"{""id"":""p3_B4_placebo_s43_cv1"",""architecture"":""B4"",""control"":""placebo"",""seed"":43,""fold"":1,""epochs"":10,""lr"":0.001,""weight_decay"":0.01,""sampler"":""balanced"",""tau"":0}",C:\Users\Hngk\Documents\Codex\PUMA_STAGE2_RESEARCH_PROMPTS_1_TO_4\PROMPT_3\ARCHITECTURES\B4\RESULTS\RUNS\p3_B4_placebo_s43_cv1\history.jsonl,7679d5a243a93f8eb7920a4559b5d4875e89a8b70bdfda470137542747530f32,10,RECOVERED_ORIGINAL_EPOCHS
3,p3_B4_placebo_s43_cv2,43,2,C:\Users\Hngk\Documents\Codex\PUMA_STAGE2_RESEARCH_PROMPTS_1_TO_4\PROMPT_3\ARCHITECTURES\B4\RESULTS\RUNS\p3_B4_placebo_s43_cv2\config.json,298193c075c650c5ca27f93f0061d5e6e1ad8678bb9226a579171b6a7ebf0d24,"{""id"":""p3_B4_placebo_s43_cv2"",""architecture"":""B4"",""control"":""placebo"",""seed"":43,""fold"":2,""epochs"":10,""lr"":0.001,""weight_decay"":0.01,""sampler"":""balanced"",""tau"":0}",C:\Users\Hngk\Documents\Codex\PUMA_STAGE2_RESEARCH_PROMPTS_1_TO_4\PROMPT_3\ARCHITECTURES\B4\RESULTS\RUNS\p3_B4_placebo_s43_cv2\history.jsonl,75a72237a6d54ef92d2cd862c90a3901997aa6dfe17da330f53c030dd4dadaad,10,RECOVERED_ORIGINAL_EPOCHS
3,p3_B4_real_s17_cv0,17,0,C:\Users\Hngk\Documents\Codex\PUMA_STAGE2_RESEARCH_PROMPTS_1_TO_4\PROMPT_3\ARCHITECTURES\B4\RESULTS\RUNS\p3_B4_real_s17_cv0\config.json,47c5a3e8fceee8f91c42caae58ce30160a0107a351d3e8965d8269e55860b5b9,"{""id"":""p3_B4_real_s17_cv0"",""architecture"":""B4"",""control"":""real"",""seed"":17,""fold"":0,""epochs"":10,""lr"":0.001,""weight_decay"":0.01,""sampler"":""balanced"",""tau"":0}",C:\Users\Hngk\Documents\Codex\PUMA_STAGE2_RESEARCH_PROMPTS_1_TO_4\PROMPT_3\ARCHITECTURES\B4\RESULTS\RUNS\p3_B4_real_s17_cv0\history.jsonl,0007f8cbee94f5b1b0d4bf33b419f9a6eeec2e2e65039abf4a995080ec4f38a5,10,RECOVERED_ORIGINAL_EPOCHS
3,p3_B4_real_s17_cv1,17,1,C:\Users\Hngk\Documents\Codex\PUMA_STAGE2_RESEARCH_PROMPTS_1_TO_4\PROMPT_3\ARCHITECTURES\B4\RESULTS\RUNS\p3_B4_real_s17_cv1\config.json,6636aff8986de43e60435795eb53519cf04752ccecae38940e709f0bfdbc9d05,"{""id"":""p3_B4_real_s17_cv1"",""architecture"":""B4"",""control"":""real"",""seed"":17,""fold"":1,""epochs"":10,""lr"":0.001,""weight_decay"":0.01,""sampler"":""balanced"",""tau"":0}",C:\Users\Hngk\Documents\Codex\PUMA_STAGE2_RESEARCH_PROMPTS_1_TO_4\PROMPT_3\ARCHITECTURES\B4\RESULTS\RUNS\p3_B4_real_s17_cv1\history.jsonl,58b5aa6a4b0c7e6e2b74a783b4f19588ce82a14b5f3baba2929ad41e1870e575,10,RECOVERED_ORIGINAL_EPOCHS
3,p3_B4_real_s17_cv2,17,2,C:\Users\Hngk\Documents\Codex\PUMA_STAGE2_RESEARCH_PROMPTS_1_TO_4\PROMPT_3\ARCHITECTURES\B4\RESULTS\RUNS\p3_B4_real_s17_cv2\config.json,15329da19d88be2689a0542601f82d46a22e01f2c495822bb377b8eef4cd49ef,"{""id"":""p3_B4_real_s17_cv2"",""architecture"":""B4"",""control"":""real"",""seed"":17,""fold"":2,""epochs"":10,""lr"":0.001,""weight_decay"":0.01,""sampler"":""balanced"",""tau"":0}",C:\Users\Hngk\Documents\Codex\PUMA_STAGE2_RESEARCH_PROMPTS_1_TO_4\PROMPT_3\ARCHITECTURES\B4\RESULTS\RUNS\p3_B4_real_s17_cv2\history.jsonl,b4bc54765043efc8d4d53aef5063cba640ea2e90f8052a890a34f361c7cf7636,10,RECOVERED_ORIGINAL_EPOCHS
3,p3_B4_real_s29_cv0,29,0,C:\Users\Hngk\Documents\Codex\PUMA_STAGE2_RESEARCH_PROMPTS_1_TO_4\PROMPT_3\ARCHITECTURES\B4\RESULTS\RUNS\p3_B4_real_s29_cv0\config.json,0a984b26af10fd246c996b00ba6458f03956992bb472b020cdfaac7575ef770b,"{""id"":""p3_B4_real_s29_cv0"",""architecture"":""B4"",""control"":""real"",""seed"":29,""fold"":0,""epochs"":10,""lr"":0.001,""weight_decay"":0.01,""sampler"":""balanced"",""tau"":0}",C:\Users\Hngk\Documents\Codex\PUMA_STAGE2_RESEARCH_PROMPTS_1_TO_4\PROMPT_3\ARCHITECTURES\B4\RESULTS\RUNS\p3_B4_real_s29_cv0\history.jsonl,25c5b8f4e8287e510df53a72d0b69ba0ae61e16a98957a28f3312df6cad07c7b,10,RECOVERED_ORIGINAL_EPOCHS
3,p3_B4_real_s29_cv1,29,1,C:\Users\Hngk\Documents\Codex\PUMA_STAGE2_RESEARCH_PROMPTS_1_TO_4\PROMPT_3\ARCHITECTURES\B4\RESULTS\RUNS\p3_B4_real_s29_cv1\config.json,5b74c730d9eede6e39f2b38ea1aba0d870aab3b950132636261420bd83b1859d,"{""id"":""p3_B4_real_s29_cv1"",""architecture"":""B4"",""control"":""real"",""seed"":29,""fold"":1,""epochs"":10,""lr"":0.001,""weight_decay"":0.01,""sampler"":""balanced"",""tau"":0}",C:\Users\Hngk\Documents\Codex\PUMA_STAGE2_RESEARCH_PROMPTS_1_TO_4\PROMPT_3\ARCHITECTURES\B4\RESULTS\RUNS\p3_B4_real_s29_cv1\history.jsonl,3da7d1dfc356edb3791f9168f331887c5a6d5c40452a587e62aca5d3ffe2f08b,10,RECOVERED_ORIGINAL_EPOCHS
3,p3_B4_real_s29_cv2,29,2,C:\Users\Hngk\Documents\Codex\PUMA_STAGE2_RESEARCH_PROMPTS_1_TO_4\PROMPT_3\ARCHITECTURES\B4\RESULTS\RUNS\p3_B4_real_s29_cv2\config.json,489169398eae475597b4816aa167cef1f15a54b55eb2e6dc55c54baf7a436cc3,"{""id"":""p3_B4_real_s29_cv2"",""architecture"":""B4"",""control"":""real"",""seed"":29,""fold"":2,""epochs"":10,""lr"":0.001,""weight_decay"":0.01,""sampler"":""balanced"",""tau"":0}",C:\Users\Hngk\Documents\Codex\PUMA_STAGE2_RESEARCH_PROMPTS_1_TO_4\PROMPT_3\ARCHITECTURES\B4\RESULTS\RUNS\p3_B4_real_s29_cv2\history.jsonl,ca642097b27c69b76c8d8fdb2fe665594c54c08d14fa4803f69d09d6a49ba183,10,RECOVERED_ORIGINAL_EPOCHS
3,p3_B4_real_s43_cv0,43,0,C:\Users\Hngk\Documents\Codex\PUMA_STAGE2_RESEARCH_PROMPTS_1_TO_4\PROMPT_3\ARCHITECTURES\B4\RESULTS\RUNS\p3_B4_real_s43_cv0\config.json,0af3e99954cf495bdee42d9346586daafe4efa7d7f99d24b83cc2e8f73a16fce,"{""id"":""p3_B4_real_s43_cv0"",""architecture"":""B4"",""control"":""real"",""seed"":43,""fold"":0,""epochs"":10,""lr"":0.001,""weight_decay"":0.01,""sampler"":""balanced"",""tau"":0}",C:\Users\Hngk\Documents\Codex\PUMA_STAGE2_RESEARCH_PROMPTS_1_TO_4\PROMPT_3\ARCHITECTURES\B4\RESULTS\RUNS\p3_B4_real_s43_cv0\history.jsonl,62baa569c49943f619a5e8cf46ee845f9dde3cd21ed4ead366295d498e6dffd5,10,RECOVERED_ORIGINAL_EPOCHS
3,p3_B4_real_s43_cv1,43,1,C:\Users\Hngk\Documents\Codex\PUMA_STAGE2_RESEARCH_PROMPTS_1_TO_4\PROMPT_3\ARCHITECTURES\B4\RESULTS\RUNS\p3_B4_real_s43_cv1\config.json,f520f7a08712c34c7bccae3001876f99c4375483ece05842af4ca285feb78a98,"{""id"":""p3_B4_real_s43_cv1"",""architecture"":""B4"",""control"":""real"",""seed"":43,""fold"":1,""epochs"":10,""lr"":0.001,""weight_decay"":0.01,""sampler"":""balanced"",""tau"":0}",C:\Users\Hngk\Documents\Codex\PUMA_STAGE2_RESEARCH_PROMPTS_1_TO_4\PROMPT_3\ARCHITECTURES\B4\RESULTS\RUNS\p3_B4_real_s43_cv1\history.jsonl,1dcb4f49485514e7dcd5e0f28755ba27d0d6d1d7b8e6ea203a042397d7456269,10,RECOVERED_ORIGINAL_EPOCHS
3,p3_B4_real_s43_cv2,43,2,C:\Users\Hngk\Documents\Codex\PUMA_STAGE2_RESEARCH_PROMPTS_1_TO_4\PROMPT_3\ARCHITECTURES\B4\RESULTS\RUNS\p3_B4_real_s43_cv2\config.json,7ec8d7e03a7c8d106fb324e0230085034fbbdf90d6f81c3d476cea261ffc716f,"{""id"":""p3_B4_real_s43_cv2"",""architecture"":""B4"",""control"":""real"",""seed"":43,""fold"":2,""epochs"":10,""lr"":0.001,""weight_decay"":0.01,""sampler"":""balanced"",""tau"":0}",C:\Users\Hngk\Documents\Codex\PUMA_STAGE2_RESEARCH_PROMPTS_1_TO_4\PROMPT_3\ARCHITECTURES\B4\RESULTS\RUNS\p3_B4_real_s43_cv2\history.jsonl,0e751a9727bc92bdf59a8fc16fc8a032f616a55f06dfe919feff4fc979baef31,10,RECOVERED_ORIGINAL_EPOCHS
3,p3_B4_shuffle_s17_cv0,17,0,C:\Users\Hngk\Documents\Codex\PUMA_STAGE2_RESEARCH_PROMPTS_1_TO_4\PROMPT_3\ARCHITECTURES\B4\RESULTS\RUNS\p3_B4_shuffle_s17_cv0\config.json,89f62f7228bc7c7236a291384b59e7f5572459831958997c6d6400c95fc910fb,"{""id"":""p3_B4_shuffle_s17_cv0"",""architecture"":""B4"",""control"":""shuffle"",""seed"":17,""fold"":0,""epochs"":10,""lr"":0.001,""weight_decay"":0.01,""sampler"":""balanced"",""tau"":0}",C:\Users\Hngk\Documents\Codex\PUMA_STAGE2_RESEARCH_PROMPTS_1_TO_4\PROMPT_3\ARCHITECTURES\B4\RESULTS\RUNS\p3_B4_shuffle_s17_cv0\history.jsonl,ed0d2cc708cf021de208d5b1edd02e7f44cbb3ca0ba039c1df0051a03812b9ca,10,RECOVERED_ORIGINAL_EPOCHS
3,p3_B4_shuffle_s17_cv1,17,1,C:\Users\Hngk\Documents\Codex\PUMA_STAGE2_RESEARCH_PROMPTS_1_TO_4\PROMPT_3\ARCHITECTURES\B4\RESULTS\RUNS\p3_B4_shuffle_s17_cv1\config.json,37c2c98b378d8bd9733e618702cbc3ae28ce180a50e8e270ca0dd364df6b7fca,"{""id"":""p3_B4_shuffle_s17_cv1"",""architecture"":""B4"",""control"":""shuffle"",""seed"":17,""fold"":1,""epochs"":10,""lr"":0.001,""weight_decay"":0.01,""sampler"":""balanced"",""tau"":0}",C:\Users\Hngk\Documents\Codex\PUMA_STAGE2_RESEARCH_PROMPTS_1_TO_4\PROMPT_3\ARCHITECTURES\B4\RESULTS\RUNS\p3_B4_shuffle_s17_cv1\history.jsonl,fd6cf8b6510d42ad7cee705dd7f8b0f52592d9bb66ac25f8b97be33e4d58f1a5,10,RECOVERED_ORIGINAL_EPOCHS
3,p3_B4_shuffle_s17_cv2,17,2,C:\Users\Hngk\Documents\Codex\PUMA_STAGE2_RESEARCH_PROMPTS_1_TO_4\PROMPT_3\ARCHITECTURES\B4\RESULTS\RUNS\p3_B4_shuffle_s17_cv2\config.json,f13ce8414e98d7ecbfb705f5a90d5f920abd168b783331df6cf0d33c139e05df,"{""id"":""p3_B4_shuffle_s17_cv2"",""architecture"":""B4"",""control"":""shuffle"",""seed"":17,""fold"":2,""epochs"":10,""lr"":0.001,""weight_decay"":0.01,""sampler"":""balanced"",""tau"":0}",C:\Users\Hngk\Documents\Codex\PUMA_STAGE2_RESEARCH_PROMPTS_1_TO_4\PROMPT_3\ARCHITECTURES\B4\RESULTS\RUNS\p3_B4_shuffle_s17_cv2\history.jsonl,6a8f747d3bfc713714fc24b7dc283e6c0aa9ef8c22db1dd925c7aa42afcbd0a5,10,RECOVERED_ORIGINAL_EPOCHS
3,p3_B4_shuffle_s29_cv0,29,0,C:\Users\Hngk\Documents\Codex\PUMA_STAGE2_RESEARCH_PROMPTS_1_TO_4\PROMPT_3\ARCHITECTURES\B4\RESULTS\RUNS\p3_B4_shuffle_s29_cv0\config.json,a94a933fe24cb9b059ccac30526e2d325660aeefa6b3dc09f35fcf6cc2f5d6c2,"{""id"":""p3_B4_shuffle_s29_cv0"",""architecture"":""B4"",""control"":""shuffle"",""seed"":29,""fold"":0,""epochs"":10,""lr"":0.001,""weight_decay"":0.01,""sampler"":""balanced"",""tau"":0}",C:\Users\Hngk\Documents\Codex\PUMA_STAGE2_RESEARCH_PROMPTS_1_TO_4\PROMPT_3\ARCHITECTURES\B4\RESULTS\RUNS\p3_B4_shuffle_s29_cv0\history.jsonl,f166cce04e8f24ad54b699624ac5b5f798b5c98ca9f8db7eea2d8c0de379428d,10,RECOVERED_ORIGINAL_EPOCHS
3,p3_B4_shuffle_s29_cv1,29,1,C:\Users\Hngk\Documents\Codex\PUMA_STAGE2_RESEARCH_PROMPTS_1_TO_4\PROMPT_3\ARCHITECTURES\B4\RESULTS\RUNS\p3_B4_shuffle_s29_cv1\config.json,8575f6c829dcad6db0e43b620ff80e79f214db4bf4d0c1d4a715462288a44c7b,"{""id"":""p3_B4_shuffle_s29_cv1"",""architecture"":""B4"",""control"":""shuffle"",""seed"":29,""fold"":1,""epochs"":10,""lr"":0.001,""weight_decay"":0.01,""sampler"":""balanced"",""tau"":0}",C:\Users\Hngk\Documents\Codex\PUMA_STAGE2_RESEARCH_PROMPTS_1_TO_4\PROMPT_3\ARCHITECTURES\B4\RESULTS\RUNS\p3_B4_shuffle_s29_cv1\history.jsonl,bda86cfcab47394e3c1b0cc5a8b3824b64efcdda7823f2b77029187ef03a5657,10,RECOVERED_ORIGINAL_EPOCHS
3,p3_B4_shuffle_s29_cv2,29,2,C:\Users\Hngk\Documents\Codex\PUMA_STAGE2_RESEARCH_PROMPTS_1_TO_4\PROMPT_3\ARCHITECTURES\B4\RESULTS\RUNS\p3_B4_shuffle_s29_cv2\config.json,c541b8d7d21243e71f1a2dae8b4c7f77722cba3d51910e7c40b33396e6203564,"{""id"":""p3_B4_shuffle_s29_cv2"",""architecture"":""B4"",""control"":""shuffle"",""seed"":29,""fold"":2,""epochs"":10,""lr"":0.001,""weight_decay"":0.01,""sampler"":""balanced"",""tau"":0}",C:\Users\Hngk\Documents\Codex\PUMA_STAGE2_RESEARCH_PROMPTS_1_TO_4\PROMPT_3\ARCHITECTURES\B4\RESULTS\RUNS\p3_B4_shuffle_s29_cv2\history.jsonl,be1c78801604d45fe27e6675ce228b05b76f63b1e0165d8739b1f9fded103f3d,10,RECOVERED_ORIGINAL_EPOCHS
3,p3_B4_shuffle_s43_cv0,43,0,C:\Users\Hngk\Documents\Codex\PUMA_STAGE2_RESEARCH_PROMPTS_1_TO_4\PROMPT_3\ARCHITECTURES\B4\RESULTS\RUNS\p3_B4_shuffle_s43_cv0\config.json,2432da4289bfaf575e91088327628e4f6e2afb9946467c2c78fdc4dd78535836,"{""id"":""p3_B4_shuffle_s43_cv0"",""architecture"":""B4"",""control"":""shuffle"",""seed"":43,""fold"":0,""epochs"":10,""lr"":0.001,""weight_decay"":0.01,""sampler"":""balanced"",""tau"":0}",C:\Users\Hngk\Documents\Codex\PUMA_STAGE2_RESEARCH_PROMPTS_1_TO_4\PROMPT_3\ARCHITECTURES\B4\RESULTS\RUNS\p3_B4_shuffle_s43_cv0\history.jsonl,1ab62e91131f09f3c34f3bff9b298178c8ae1597456d9f7ea07bf65b46a1ba4a,10,RECOVERED_ORIGINAL_EPOCHS
3,p3_B4_shuffle_s43_cv1,43,1,C:\Users\Hngk\Documents\Codex\PUMA_STAGE2_RESEARCH_PROMPTS_1_TO_4\PROMPT_3\ARCHITECTURES\B4\RESULTS\RUNS\p3_B4_shuffle_s43_cv1\config.json,51fb030591502942140a6c2950b56d8c469a9912a6eed5c1ea74d7cb353a9fa3,"{""id"":""p3_B4_shuffle_s43_cv1"",""architecture"":""B4"",""control"":""shuffle"",""seed"":43,""fold"":1,""epochs"":10,""lr"":0.001,""weight_decay"":0.01,""sampler"":""balanced"",""tau"":0}",C:\Users\Hngk\Documents\Codex\PUMA_STAGE2_RESEARCH_PROMPTS_1_TO_4\PROMPT_3\ARCHITECTURES\B4\RESULTS\RUNS\p3_B4_shuffle_s43_cv1\history.jsonl,8615b8d47e0f08a8d8c9c277bb3b38688d56137033eca16915a6d4392f39c7dc,10,RECOVERED_ORIGINAL_EPOCHS
3,p3_B4_shuffle_s43_cv2,43,2,C:\Users\Hngk\Documents\Codex\PUMA_STAGE2_RESEARCH_PROMPTS_1_TO_4\PROMPT_3\ARCHITECTURES\B4\RESULTS\RUNS\p3_B4_shuffle_s43_cv2\config.json,3b8b046cb2398613efac160db3ea35da082b0a1870d8216b1a78daa7642e6acc,"{""id"":""p3_B4_shuffle_s43_cv2"",""architecture"":""B4"",""control"":""shuffle"",""seed"":43,""fold"":2,""epochs"":10,""lr"":0.001,""weight_decay"":0.01,""sampler"":""balanced"",""tau"":0}",C:\Users\Hngk\Documents\Codex\PUMA_STAGE2_RESEARCH_PROMPTS_1_TO_4\PROMPT_3\ARCHITECTURES\B4\RESULTS\RUNS\p3_B4_shuffle_s43_cv2\history.jsonl,7573d236408d4c624e9506d1f4a7f2a9bdfa3aa7eea49343ee6e226e259cabe7,10,RECOVERED_ORIGINAL_EPOCHS
4,A0_s17_cv0,17,0,C:\Users\Hngk\Documents\Codex\PUMA_STAGE2_RESEARCH_PROMPTS_1_TO_4\PROMPT_4\ARCHITECTURES\A0\RESULTS\RUNS\A0_s17_cv0\config.json,db8438a9b16d9bdb6e84298f0e75eeed617a22fd369f4c10826c43f1dcf20392,"{""id"":""A0_s17_cv0"",""family"":""A0"",""seed"":17,""fold"":0,""epochs"":10,""representation"":""A0""}",C:\Users\Hngk\Documents\Codex\PUMA_STAGE2_RESEARCH_PROMPTS_1_TO_4\PROMPT_4\ARCHITECTURES\A0\RESULTS\RUNS\A0_s17_cv0\history.jsonl,9774ee5f7853d72d3c07c94dfe6f7db8c8752486803ab1085d1f6b727ec1ab56,10,RECOVERED_ORIGINAL_EPOCHS
4,A0_s17_cv1,17,1,C:\Users\Hngk\Documents\Codex\PUMA_STAGE2_RESEARCH_PROMPTS_1_TO_4\PROMPT_4\ARCHITECTURES\A0\RESULTS\RUNS\A0_s17_cv1\config.json,cc0998f2c4478e828791bdfa3e7bde903993dfd71dd17e7f112862e74b528c61,"{""id"":""A0_s17_cv1"",""family"":""A0"",""seed"":17,""fold"":1,""epochs"":10,""representation"":""A0""}",C:\Users\Hngk\Documents\Codex\PUMA_STAGE2_RESEARCH_PROMPTS_1_TO_4\PROMPT_4\ARCHITECTURES\A0\RESULTS\RUNS\A0_s17_cv1\history.jsonl,1215de98d1cc834335190d6a1536d335ca2ef723572b9fdadf03266c9d141f56,10,RECOVERED_ORIGINAL_EPOCHS
4,A0_s17_cv2,17,2,C:\Users\Hngk\Documents\Codex\PUMA_STAGE2_RESEARCH_PROMPTS_1_TO_4\PROMPT_4\ARCHITECTURES\A0\RESULTS\RUNS\A0_s17_cv2\config.json,527d78874ee7ff9d97f1fd2ee7623753a32e89a6d9c9b07bfef0c58f80af8904,"{""id"":""A0_s17_cv2"",""family"":""A0"",""seed"":17,""fold"":2,""epochs"":10,""representation"":""A0""}",C:\Users\Hngk\Documents\Codex\PUMA_STAGE2_RESEARCH_PROMPTS_1_TO_4\PROMPT_4\ARCHITECTURES\A0\RESULTS\RUNS\A0_s17_cv2\history.jsonl,1ecdc0f86c6122718f7252580fafcd0076b217b9e3f45b3516059b98ed960678,10,RECOVERED_ORIGINAL_EPOCHS
4,A0_s29_cv0,29,0,C:\Users\Hngk\Documents\Codex\PUMA_STAGE2_RESEARCH_PROMPTS_1_TO_4\PROMPT_4\ARCHITECTURES\A0\RESULTS\RUNS\A0_s29_cv0\config.json,aa750e4fde0e9248805275ccce5c8b5afee7b7f949ffee3794653676c6a49634,"{""id"":""A0_s29_cv0"",""family"":""A0"",""seed"":29,""fold"":0,""epochs"":10,""representation"":""A0""}",C:\Users\Hngk\Documents\Codex\PUMA_STAGE2_RESEARCH_PROMPTS_1_TO_4\PROMPT_4\ARCHITECTURES\A0\RESULTS\RUNS\A0_s29_cv0\history.jsonl,b28085d43bca47bd8d4e83dcb7369662d98cf4fa10fb3b830edd0575e1a77a42,10,RECOVERED_ORIGINAL_EPOCHS
4,A0_s29_cv1,29,1,C:\Users\Hngk\Documents\Codex\PUMA_STAGE2_RESEARCH_PROMPTS_1_TO_4\PROMPT_4\ARCHITECTURES\A0\RESULTS\RUNS\A0_s29_cv1\config.json,554f35f33e132cce42a8006f1ba50d1d02e1a17666f9943a270334369bdb531f,"{""id"":""A0_s29_cv1"",""family"":""A0"",""seed"":29,""fold"":1,""epochs"":10,""representation"":""A0""}",C:\Users\Hngk\Documents\Codex\PUMA_STAGE2_RESEARCH_PROMPTS_1_TO_4\PROMPT_4\ARCHITECTURES\A0\RESULTS\RUNS\A0_s29_cv1\history.jsonl,6624be092fad6f8cde650ce5074574711c3bb4212cb2146d64256ee88340d3d6,10,RECOVERED_ORIGINAL_EPOCHS
4,A0_s29_cv2,29,2,C:\Users\Hngk\Documents\Codex\PUMA_STAGE2_RESEARCH_PROMPTS_1_TO_4\PROMPT_4\ARCHITECTURES\A0\RESULTS\RUNS\A0_s29_cv2\config.json,34b984a69ba0df8c1533d9136fc7c7da2da500b835b6705a4b7390568df70fa0,"{""id"":""A0_s29_cv2"",""family"":""A0"",""seed"":29,""fold"":2,""epochs"":10,""representation"":""A0""}",C:\Users\Hngk\Documents\Codex\PUMA_STAGE2_RESEARCH_PROMPTS_1_TO_4\PROMPT_4\ARCHITECTURES\A0\RESULTS\RUNS\A0_s29_cv2\history.jsonl,eee56465f8c98b06bfa499c72db4e940e4aa878d814089485938975127b5306c,10,RECOVERED_ORIGINAL_EPOCHS
4,A0_s43_cv0,43,0,C:\Users\Hngk\Documents\Codex\PUMA_STAGE2_RESEARCH_PROMPTS_1_TO_4\PROMPT_4\ARCHITECTURES\A0\RESULTS\RUNS\A0_s43_cv0\config.json,b4e20694abae358dc9f29ee7afef911f728fb22260f77b281603493fb96f8622,"{""id"":""A0_s43_cv0"",""family"":""A0"",""seed"":43,""fold"":0,""epochs"":10,""representation"":""A0""}",C:\Users\Hngk\Documents\Codex\PUMA_STAGE2_RESEARCH_PROMPTS_1_TO_4\PROMPT_4\ARCHITECTURES\A0\RESULTS\RUNS\A0_s43_cv0\history.jsonl,03f5b7c3a1990c46477ba17c9fca2fe82c17900419352d8b6a6bf8516555c47d,10,RECOVERED_ORIGINAL_EPOCHS
4,A0_s43_cv1,43,1,C:\Users\Hngk\Documents\Codex\PUMA_STAGE2_RESEARCH_PROMPTS_1_TO_4\PROMPT_4\ARCHITECTURES\A0\RESULTS\RUNS\A0_s43_cv1\config.json,fb7789a775e8a06f88e99dbe3ff9670ae1c7661382262b74c67baf681daf2cb5,"{""id"":""A0_s43_cv1"",""family"":""A0"",""seed"":43,""fold"":1,""epochs"":10,""representation"":""A0""}",C:\Users\Hngk\Documents\Codex\PUMA_STAGE2_RESEARCH_PROMPTS_1_TO_4\PROMPT_4\ARCHITECTURES\A0\RESULTS\RUNS\A0_s43_cv1\history.jsonl,23e9fcb8d33533a54090355c559bc79db870c4901c0903bc27e959cab1043d6b,10,RECOVERED_ORIGINAL_EPOCHS
4,A0_s43_cv2,43,2,C:\Users\Hngk\Documents\Codex\PUMA_STAGE2_RESEARCH_PROMPTS_1_TO_4\PROMPT_4\ARCHITECTURES\A0\RESULTS\RUNS\A0_s43_cv2\config.json,04ba42063f63f92768300592e4f26eb51f212ef6dc47115e727862dd037558e9,"{""id"":""A0_s43_cv2"",""family"":""A0"",""seed"":43,""fold"":2,""epochs"":10,""representation"":""A0""}",C:\Users\Hngk\Documents\Codex\PUMA_STAGE2_RESEARCH_PROMPTS_1_TO_4\PROMPT_4\ARCHITECTURES\A0\RESULTS\RUNS\A0_s43_cv2\history.jsonl,39c7ef31c61c1a689891aa3433f7ce4c7effa075b294931c85c3764ea59d9009,10,RECOVERED_ORIGINAL_EPOCHS
4,A1_broken_s17_cv0,17,0,C:\Users\Hngk\Documents\Codex\PUMA_STAGE2_RESEARCH_PROMPTS_1_TO_4\PROMPT_4\ARCHITECTURES\A1\RESULTS\RUNS\A1_broken_s17_cv0\config.json,6ac64513a58f21514c1daec436bab993f68dc4bff9564014ddef8494b560beb5,"{""id"":""A1_broken_s17_cv0"",""family"":""A1_broken"",""seed"":17,""fold"":0,""epochs"":10,""representation"":""A1_broken""}",C:\Users\Hngk\Documents\Codex\PUMA_STAGE2_RESEARCH_PROMPTS_1_TO_4\PROMPT_4\ARCHITECTURES\A1\RESULTS\RUNS\A1_broken_s17_cv0\history.jsonl,ee307759e2ce90337de18f6e28ab977648427df181e457770651a2d6c13c05e7,10,RECOVERED_ORIGINAL_EPOCHS
4,A1_broken_s17_cv1,17,1,C:\Users\Hngk\Documents\Codex\PUMA_STAGE2_RESEARCH_PROMPTS_1_TO_4\PROMPT_4\ARCHITECTURES\A1\RESULTS\RUNS\A1_broken_s17_cv1\config.json,daf117bc9df61a9b66a70f5a778912d05e0eec9d3efbd052235136f18ddd0aeb,"{""id"":""A1_broken_s17_cv1"",""family"":""A1_broken"",""seed"":17,""fold"":1,""epochs"":10,""representation"":""A1_broken""}",C:\Users\Hngk\Documents\Codex\PUMA_STAGE2_RESEARCH_PROMPTS_1_TO_4\PROMPT_4\ARCHITECTURES\A1\RESULTS\RUNS\A1_broken_s17_cv1\history.jsonl,7e65978039499fc884a69c7e39194b906a38cc8f4cb893f8eeb4c918075889a2,10,RECOVERED_ORIGINAL_EPOCHS
4,A1_broken_s17_cv2,17,2,C:\Users\Hngk\Documents\Codex\PUMA_STAGE2_RESEARCH_PROMPTS_1_TO_4\PROMPT_4\ARCHITECTURES\A1\RESULTS\RUNS\A1_broken_s17_cv2\config.json,076c051657cdab090edd2c6e35eddf0354568af206f540ab231b8eec53d189df,"{""id"":""A1_broken_s17_cv2"",""family"":""A1_broken"",""seed"":17,""fold"":2,""epochs"":10,""representation"":""A1_broken""}",C:\Users\Hngk\Documents\Codex\PUMA_STAGE2_RESEARCH_PROMPTS_1_TO_4\PROMPT_4\ARCHITECTURES\A1\RESULTS\RUNS\A1_broken_s17_cv2\history.jsonl,e801a4fa2193f878a52e3637b6210a51a1ca6eef33bb035d1eb5c0d192fe94ca,10,RECOVERED_ORIGINAL_EPOCHS
4,A1_broken_s29_cv0,29,0,C:\Users\Hngk\Documents\Codex\PUMA_STAGE2_RESEARCH_PROMPTS_1_TO_4\PROMPT_4\ARCHITECTURES\A1\RESULTS\RUNS\A1_broken_s29_cv0\config.json,08b3bc6bfbcb1f56aa6167f82b969ef12569316ad58d2d21e663097412279ba8,"{""id"":""A1_broken_s29_cv0"",""family"":""A1_broken"",""seed"":29,""fold"":0,""epochs"":10,""representation"":""A1_broken""}",C:\Users\Hngk\Documents\Codex\PUMA_STAGE2_RESEARCH_PROMPTS_1_TO_4\PROMPT_4\ARCHITECTURES\A1\RESULTS\RUNS\A1_broken_s29_cv0\history.jsonl,06fd5ae5d786ce3a5f5d3444300493a5bbfd6af1226a0492c9ba4946d606a790,10,RECOVERED_ORIGINAL_EPOCHS
4,A1_broken_s29_cv1,29,1,C:\Users\Hngk\Documents\Codex\PUMA_STAGE2_RESEARCH_PROMPTS_1_TO_4\PROMPT_4\ARCHITECTURES\A1\RESULTS\RUNS\A1_broken_s29_cv1\config.json,84dd940ee4e12c5c67a729740aac1471614c0762b6f464961f0e89635c71fbfd,"{""id"":""A1_broken_s29_cv1"",""family"":""A1_broken"",""seed"":29,""fold"":1,""epochs"":10,""representation"":""A1_broken""}",C:\Users\Hngk\Documents\Codex\PUMA_STAGE2_RESEARCH_PROMPTS_1_TO_4\PROMPT_4\ARCHITECTURES\A1\RESULTS\RUNS\A1_broken_s29_cv1\history.jsonl,6183adc8dbb8c9ce53fe89ea35fd513101706995fe61b68ba536319443dd3dd8,10,RECOVERED_ORIGINAL_EPOCHS
4,A1_broken_s29_cv2,29,2,C:\Users\Hngk\Documents\Codex\PUMA_STAGE2_RESEARCH_PROMPTS_1_TO_4\PROMPT_4\ARCHITECTURES\A1\RESULTS\RUNS\A1_broken_s29_cv2\config.json,ee4c18f95b309474d7687ed8ced7deb26602c83ffbc5f7d78697bb360f68adcf,"{""id"":""A1_broken_s29_cv2"",""family"":""A1_broken"",""seed"":29,""fold"":2,""epochs"":10,""representation"":""A1_broken""}",C:\Users\Hngk\Documents\Codex\PUMA_STAGE2_RESEARCH_PROMPTS_1_TO_4\PROMPT_4\ARCHITECTURES\A1\RESULTS\RUNS\A1_broken_s29_cv2\history.jsonl,7acef6f9bc8577ed4e0f6dd1a955b5bd23986a8d522117708bcb83586e2072b1,10,RECOVERED_ORIGINAL_EPOCHS
4,A1_broken_s43_cv0,43,0,C:\Users\Hngk\Documents\Codex\PUMA_STAGE2_RESEARCH_PROMPTS_1_TO_4\PROMPT_4\ARCHITECTURES\A1\RESULTS\RUNS\A1_broken_s43_cv0\config.json,13c206bb3d352a30fbe02b2f54d8d983256bf9253d9728f038a6b17cd8833ab3,"{""id"":""A1_broken_s43_cv0"",""family"":""A1_broken"",""seed"":43,""fold"":0,""epochs"":10,""representation"":""A1_broken""}",C:\Users\Hngk\Documents\Codex\PUMA_STAGE2_RESEARCH_PROMPTS_1_TO_4\PROMPT_4\ARCHITECTURES\A1\RESULTS\RUNS\A1_broken_s43_cv0\history.jsonl,99e8f50d9c5deeb61bdb7818bd67c1033b190a43b51cae2b29d1cfd8f67d1b9e,10,RECOVERED_ORIGINAL_EPOCHS
4,A1_broken_s43_cv1,43,1,C:\Users\Hngk\Documents\Codex\PUMA_STAGE2_RESEARCH_PROMPTS_1_TO_4\PROMPT_4\ARCHITECTURES\A1\RESULTS\RUNS\A1_broken_s43_cv1\config.json,60a2b9d1f60adbacf496f659660a10e3347aa2b5ac0ceb51e1d05beffd90933c,"{""id"":""A1_broken_s43_cv1"",""family"":""A1_broken"",""seed"":43,""fold"":1,""epochs"":10,""representation"":""A1_broken""}",C:\Users\Hngk\Documents\Codex\PUMA_STAGE2_RESEARCH_PROMPTS_1_TO_4\PROMPT_4\ARCHITECTURES\A1\RESULTS\RUNS\A1_broken_s43_cv1\history.jsonl,cd237c6b057028373aad23296ed69ef18bca95a298a04e6cf223c00488a503a8,10,RECOVERED_ORIGINAL_EPOCHS
4,A1_broken_s43_cv2,43,2,C:\Users\Hngk\Documents\Codex\PUMA_STAGE2_RESEARCH_PROMPTS_1_TO_4\PROMPT_4\ARCHITECTURES\A1\RESULTS\RUNS\A1_broken_s43_cv2\config.json,68f4a58dfee953423186f00eb6b238beca37b3204243668e694168125cc34d87,"{""id"":""A1_broken_s43_cv2"",""family"":""A1_broken"",""seed"":43,""fold"":2,""epochs"":10,""representation"":""A1_broken""}",C:\Users\Hngk\Documents\Codex\PUMA_STAGE2_RESEARCH_PROMPTS_1_TO_4\PROMPT_4\ARCHITECTURES\A1\RESULTS\RUNS\A1_broken_s43_cv2\history.jsonl,8291e2f3f6690dc46def1a13bb6bcd2930afeb6bdd8eb6593bc1f9bb3e144256,10,RECOVERED_ORIGINAL_EPOCHS
4,A1_s17_cv0,17,0,C:\Users\Hngk\Documents\Codex\PUMA_STAGE2_RESEARCH_PROMPTS_1_TO_4\PROMPT_4\ARCHITECTURES\A1\RESULTS\RUNS\A1_s17_cv0\config.json,0649825a2497fa9179dd06f81bdee5946d047c517c9b5c49ac429074ef16e0a7,"{""id"":""A1_s17_cv0"",""family"":""A1"",""seed"":17,""fold"":0,""epochs"":10,""representation"":""A1""}",C:\Users\Hngk\Documents\Codex\PUMA_STAGE2_RESEARCH_PROMPTS_1_TO_4\PROMPT_4\ARCHITECTURES\A1\RESULTS\RUNS\A1_s17_cv0\history.jsonl,056e9ea88183a990b9742d1b8eeedc940da9f3a693616f250a32de0aecc5ad83,10,RECOVERED_ORIGINAL_EPOCHS
4,A1_s17_cv1,17,1,C:\Users\Hngk\Documents\Codex\PUMA_STAGE2_RESEARCH_PROMPTS_1_TO_4\PROMPT_4\ARCHITECTURES\A1\RESULTS\RUNS\A1_s17_cv1\config.json,2f43e61d0147f066b537dd91fe7c9933384794104513ce3ddd0a88dc129cb8c6,"{""id"":""A1_s17_cv1"",""family"":""A1"",""seed"":17,""fold"":1,""epochs"":10,""representation"":""A1""}",C:\Users\Hngk\Documents\Codex\PUMA_STAGE2_RESEARCH_PROMPTS_1_TO_4\PROMPT_4\ARCHITECTURES\A1\RESULTS\RUNS\A1_s17_cv1\history.jsonl,37a483da3021deef96ac13d19e4b904f2b188c24bf9510e7f4712568b994ec51,10,RECOVERED_ORIGINAL_EPOCHS
4,A1_s17_cv2,17,2,C:\Users\Hngk\Documents\Codex\PUMA_STAGE2_RESEARCH_PROMPTS_1_TO_4\PROMPT_4\ARCHITECTURES\A1\RESULTS\RUNS\A1_s17_cv2\config.json,3452d61f75867ce19eb8e72403644803c5b083f317b8f7b66b301bda19087948,"{""id"":""A1_s17_cv2"",""family"":""A1"",""seed"":17,""fold"":2,""epochs"":10,""representation"":""A1""}",C:\Users\Hngk\Documents\Codex\PUMA_STAGE2_RESEARCH_PROMPTS_1_TO_4\PROMPT_4\ARCHITECTURES\A1\RESULTS\RUNS\A1_s17_cv2\history.jsonl,e0b873687911aad68927cca50cf0130b1a1be44251bd9c25ccd28633e0b34d9f,10,RECOVERED_ORIGINAL_EPOCHS
4,A1_s29_cv0,29,0,C:\Users\Hngk\Documents\Codex\PUMA_STAGE2_RESEARCH_PROMPTS_1_TO_4\PROMPT_4\ARCHITECTURES\A1\RESULTS\RUNS\A1_s29_cv0\config.json,302330aeb3a38af2b0d38936b693220ae43f25bd17291b389c06575070d6990a,"{""id"":""A1_s29_cv0"",""family"":""A1"",""seed"":29,""fold"":0,""epochs"":10,""representation"":""A1""}",C:\Users\Hngk\Documents\Codex\PUMA_STAGE2_RESEARCH_PROMPTS_1_TO_4\PROMPT_4\ARCHITECTURES\A1\RESULTS\RUNS\A1_s29_cv0\history.jsonl,de66959df5ee147aa3a2a74d3219f488c6a4bc6d0ee2b7dcf63e95c3e919f220,10,RECOVERED_ORIGINAL_EPOCHS
4,A1_s29_cv1,29,1,C:\Users\Hngk\Documents\Codex\PUMA_STAGE2_RESEARCH_PROMPTS_1_TO_4\PROMPT_4\ARCHITECTURES\A1\RESULTS\RUNS\A1_s29_cv1\config.json,d8532f9e1fd02f69af4d85c0ef1e9b4378bb5ae71b1406f63a76fd786fd46af6,"{""id"":""A1_s29_cv1"",""family"":""A1"",""seed"":29,""fold"":1,""epochs"":10,""representation"":""A1""}",C:\Users\Hngk\Documents\Codex\PUMA_STAGE2_RESEARCH_PROMPTS_1_TO_4\PROMPT_4\ARCHITECTURES\A1\RESULTS\RUNS\A1_s29_cv1\history.jsonl,f28cefece5062d4445bd33770249c0e07629f3b4f71862768a001e73482f61a7,10,RECOVERED_ORIGINAL_EPOCHS
4,A1_s29_cv2,29,2,C:\Users\Hngk\Documents\Codex\PUMA_STAGE2_RESEARCH_PROMPTS_1_TO_4\PROMPT_4\ARCHITECTURES\A1\RESULTS\RUNS\A1_s29_cv2\config.json,55e08b9ea60b150beb5a39309f41317c971c5c915094d753bc0430c11d7fb77c,"{""id"":""A1_s29_cv2"",""family"":""A1"",""seed"":29,""fold"":2,""epochs"":10,""representation"":""A1""}",C:\Users\Hngk\Documents\Codex\PUMA_STAGE2_RESEARCH_PROMPTS_1_TO_4\PROMPT_4\ARCHITECTURES\A1\RESULTS\RUNS\A1_s29_cv2\history.jsonl,55086c67d85627653ce034a5555bf6b0e46ac1173283d0faa32617dc90fd4ce1,10,RECOVERED_ORIGINAL_EPOCHS
4,A1_s43_cv0,43,0,C:\Users\Hngk\Documents\Codex\PUMA_STAGE2_RESEARCH_PROMPTS_1_TO_4\PROMPT_4\ARCHITECTURES\A1\RESULTS\RUNS\A1_s43_cv0\config.json,d1298473d3e824115367086d6cc97ca85d25fce0fcb239467f09e82f6afc5d89,"{""id"":""A1_s43_cv0"",""family"":""A1"",""seed"":43,""fold"":0,""epochs"":10,""representation"":""A1""}",C:\Users\Hngk\Documents\Codex\PUMA_STAGE2_RESEARCH_PROMPTS_1_TO_4\PROMPT_4\ARCHITECTURES\A1\RESULTS\RUNS\A1_s43_cv0\history.jsonl,8942fb019600ac2c76396304ce317ff58cec0a17940045046788383eadb6a470,10,RECOVERED_ORIGINAL_EPOCHS
4,A1_s43_cv1,43,1,C:\Users\Hngk\Documents\Codex\PUMA_STAGE2_RESEARCH_PROMPTS_1_TO_4\PROMPT_4\ARCHITECTURES\A1\RESULTS\RUNS\A1_s43_cv1\config.json,778f0f53d668382401dcf9cc4feab83e5415c2be4243ab6a03a5e21129fd7258,"{""id"":""A1_s43_cv1"",""family"":""A1"",""seed"":43,""fold"":1,""epochs"":10,""representation"":""A1""}",C:\Users\Hngk\Documents\Codex\PUMA_STAGE2_RESEARCH_PROMPTS_1_TO_4\PROMPT_4\ARCHITECTURES\A1\RESULTS\RUNS\A1_s43_cv1\history.jsonl,e38c94637859dc4487f22ee2754a0e4fbd0e16f69ac04bfe03dc4c0847ebeb55,10,RECOVERED_ORIGINAL_EPOCHS
4,A1_s43_cv2,43,2,C:\Users\Hngk\Documents\Codex\PUMA_STAGE2_RESEARCH_PROMPTS_1_TO_4\PROMPT_4\ARCHITECTURES\A1\RESULTS\RUNS\A1_s43_cv2\config.json,c4a923ab7723664942399070067457486384dffd4963a2062e1f2bdd7e5d9afc,"{""id"":""A1_s43_cv2"",""family"":""A1"",""seed"":43,""fold"":2,""epochs"":10,""representation"":""A1""}",C:\Users\Hngk\Documents\Codex\PUMA_STAGE2_RESEARCH_PROMPTS_1_TO_4\PROMPT_4\ARCHITECTURES\A1\RESULTS\RUNS\A1_s43_cv2\history.jsonl,cbf613111363afadbf395f9dcdec43e141080e55d88f0d3a2f915e9f03e6a199,10,RECOVERED_ORIGINAL_EPOCHS
4,A2_broken_s17_cv0,17,0,C:\Users\Hngk\Documents\Codex\PUMA_STAGE2_RESEARCH_PROMPTS_1_TO_4\PROMPT_4\ARCHITECTURES\A2\RESULTS\RUNS\A2_broken_s17_cv0\config.json,78fad039c5c186160c57336f48a2dbcc92c95002b4c6bc46be59f775c2314b31,"{""id"":""A2_broken_s17_cv0"",""family"":""A2_broken"",""seed"":17,""fold"":0,""epochs"":10,""representation"":""A2_broken""}",C:\Users\Hngk\Documents\Codex\PUMA_STAGE2_RESEARCH_PROMPTS_1_TO_4\PROMPT_4\ARCHITECTURES\A2\RESULTS\RUNS\A2_broken_s17_cv0\history.jsonl,80e13fa0ba7ff94f722d167529eb304694974b5de0b497a0efe1c05fb52d7e68,10,RECOVERED_ORIGINAL_EPOCHS
4,A2_broken_s17_cv1,17,1,C:\Users\Hngk\Documents\Codex\PUMA_STAGE2_RESEARCH_PROMPTS_1_TO_4\PROMPT_4\ARCHITECTURES\A2\RESULTS\RUNS\A2_broken_s17_cv1\config.json,c717b9497565e42ee865bd79e83f6ad472c03ba3b61a20b2efe82bb740a33663,"{""id"":""A2_broken_s17_cv1"",""family"":""A2_broken"",""seed"":17,""fold"":1,""epochs"":10,""representation"":""A2_broken""}",C:\Users\Hngk\Documents\Codex\PUMA_STAGE2_RESEARCH_PROMPTS_1_TO_4\PROMPT_4\ARCHITECTURES\A2\RESULTS\RUNS\A2_broken_s17_cv1\history.jsonl,f180ab36bc02bd0c355560beb846291f373c956af3fea662fc673fdba1ed867f,10,RECOVERED_ORIGINAL_EPOCHS
4,A2_broken_s17_cv2,17,2,C:\Users\Hngk\Documents\Codex\PUMA_STAGE2_RESEARCH_PROMPTS_1_TO_4\PROMPT_4\ARCHITECTURES\A2\RESULTS\RUNS\A2_broken_s17_cv2\config.json,6d75663894f6b364397450591afabae5a1d4c1dc9b3dfcd0febca0bdd931c281,"{""id"":""A2_broken_s17_cv2"",""family"":""A2_broken"",""seed"":17,""fold"":2,""epochs"":10,""representation"":""A2_broken""}",C:\Users\Hngk\Documents\Codex\PUMA_STAGE2_RESEARCH_PROMPTS_1_TO_4\PROMPT_4\ARCHITECTURES\A2\RESULTS\RUNS\A2_broken_s17_cv2\history.jsonl,78f9964cd72b4e69057d14413b0065a17d46aa198a245e432bd53b28264089a6,10,RECOVERED_ORIGINAL_EPOCHS
4,A2_broken_s29_cv0,29,0,C:\Users\Hngk\Documents\Codex\PUMA_STAGE2_RESEARCH_PROMPTS_1_TO_4\PROMPT_4\ARCHITECTURES\A2\RESULTS\RUNS\A2_broken_s29_cv0\config.json,06607c8d46e09ad65d48c36fdd654884135932e2848313f50a3e944e7b324711,"{""id"":""A2_broken_s29_cv0"",""family"":""A2_broken"",""seed"":29,""fold"":0,""epochs"":10,""representation"":""A2_broken""}",C:\Users\Hngk\Documents\Codex\PUMA_STAGE2_RESEARCH_PROMPTS_1_TO_4\PROMPT_4\ARCHITECTURES\A2\RESULTS\RUNS\A2_broken_s29_cv0\history.jsonl,b07fead8abab1cfd57bd033dcf8ee834b0025e6a64ec367214ff669e1c3faf5b,10,RECOVERED_ORIGINAL_EPOCHS
4,A2_broken_s29_cv1,29,1,C:\Users\Hngk\Documents\Codex\PUMA_STAGE2_RESEARCH_PROMPTS_1_TO_4\PROMPT_4\ARCHITECTURES\A2\RESULTS\RUNS\A2_broken_s29_cv1\config.json,3ce11b4283fbaf50cf3b79eece797ad61b77ad3797a1a5c544596a6b2ee97975,"{""id"":""A2_broken_s29_cv1"",""family"":""A2_broken"",""seed"":29,""fold"":1,""epochs"":10,""representation"":""A2_broken""}",C:\Users\Hngk\Documents\Codex\PUMA_STAGE2_RESEARCH_PROMPTS_1_TO_4\PROMPT_4\ARCHITECTURES\A2\RESULTS\RUNS\A2_broken_s29_cv1\history.jsonl,5b411676dcf18834f22925318cb2352bcb3d0fc14b36e845af1b5608d9b1d825,10,RECOVERED_ORIGINAL_EPOCHS
4,A2_broken_s29_cv2,29,2,C:\Users\Hngk\Documents\Codex\PUMA_STAGE2_RESEARCH_PROMPTS_1_TO_4\PROMPT_4\ARCHITECTURES\A2\RESULTS\RUNS\A2_broken_s29_cv2\config.json,07a815686cd11764a2ee3e6cb6d0645ccee7cb79cdfc13e85d52c6db0f29c5f8,"{""id"":""A2_broken_s29_cv2"",""family"":""A2_broken"",""seed"":29,""fold"":2,""epochs"":10,""representation"":""A2_broken""}",C:\Users\Hngk\Documents\Codex\PUMA_STAGE2_RESEARCH_PROMPTS_1_TO_4\PROMPT_4\ARCHITECTURES\A2\RESULTS\RUNS\A2_broken_s29_cv2\history.jsonl,757e71c07e51963c83559286a0840cacfb375adb1c17d9fd0ad0ca9dd29dcb87,10,RECOVERED_ORIGINAL_EPOCHS
4,A2_broken_s43_cv0,43,0,C:\Users\Hngk\Documents\Codex\PUMA_STAGE2_RESEARCH_PROMPTS_1_TO_4\PROMPT_4\ARCHITECTURES\A2\RESULTS\RUNS\A2_broken_s43_cv0\config.json,fab000ed55823bfe74d27661773c883ab911a80e1e105fe8f4d73cc6a227ce9c,"{""id"":""A2_broken_s43_cv0"",""family"":""A2_broken"",""seed"":43,""fold"":0,""epochs"":10,""representation"":""A2_broken""}",C:\Users\Hngk\Documents\Codex\PUMA_STAGE2_RESEARCH_PROMPTS_1_TO_4\PROMPT_4\ARCHITECTURES\A2\RESULTS\RUNS\A2_broken_s43_cv0\history.jsonl,708be2f84fb221fbdb80260c40d78ab2a3f64a9a4bd9ce7c524b36f33a665664,10,RECOVERED_ORIGINAL_EPOCHS
4,A2_broken_s43_cv1,43,1,C:\Users\Hngk\Documents\Codex\PUMA_STAGE2_RESEARCH_PROMPTS_1_TO_4\PROMPT_4\ARCHITECTURES\A2\RESULTS\RUNS\A2_broken_s43_cv1\config.json,0d0b42ee5295df1f1f14ed92deb1f46892faf737e1ba4d0125499031356d6fc2,"{""id"":""A2_broken_s43_cv1"",""family"":""A2_broken"",""seed"":43,""fold"":1,""epochs"":10,""representation"":""A2_broken""}",C:\Users\Hngk\Documents\Codex\PUMA_STAGE2_RESEARCH_PROMPTS_1_TO_4\PROMPT_4\ARCHITECTURES\A2\RESULTS\RUNS\A2_broken_s43_cv1\history.jsonl,a17c4385d97734a0534375cc08d6891b0bbb4f11adcdb5025d12999faf487bfb,10,RECOVERED_ORIGINAL_EPOCHS
4,A2_broken_s43_cv2,43,2,C:\Users\Hngk\Documents\Codex\PUMA_STAGE2_RESEARCH_PROMPTS_1_TO_4\PROMPT_4\ARCHITECTURES\A2\RESULTS\RUNS\A2_broken_s43_cv2\config.json,9473f0e19819d45b73dcce98b93128325323693f664fb6d10f2737573c7fad5e,"{""id"":""A2_broken_s43_cv2"",""family"":""A2_broken"",""seed"":43,""fold"":2,""epochs"":10,""representation"":""A2_broken""}",C:\Users\Hngk\Documents\Codex\PUMA_STAGE2_RESEARCH_PROMPTS_1_TO_4\PROMPT_4\ARCHITECTURES\A2\RESULTS\RUNS\A2_broken_s43_cv2\history.jsonl,5ad099d9fe70f6634354246444c27fdb008985a7522aa2dc28df5fedd046dbdc,10,RECOVERED_ORIGINAL_EPOCHS
4,A2_s17_cv0,17,0,C:\Users\Hngk\Documents\Codex\PUMA_STAGE2_RESEARCH_PROMPTS_1_TO_4\PROMPT_4\ARCHITECTURES\A2\RESULTS\RUNS\A2_s17_cv0\config.json,4550478d119163741b716747e25dc404d17cf984bcb9422609ab6d874addc2c0,"{""id"":""A2_s17_cv0"",""family"":""A2"",""seed"":17,""fold"":0,""epochs"":10,""representation"":""A2""}",C:\Users\Hngk\Documents\Codex\PUMA_STAGE2_RESEARCH_PROMPTS_1_TO_4\PROMPT_4\ARCHITECTURES\A2\RESULTS\RUNS\A2_s17_cv0\history.jsonl,455df6ef8d213bebe0d8832696963c359b36cbf50ce337783fde23afed4763ac,10,RECOVERED_ORIGINAL_EPOCHS
4,A2_s17_cv1,17,1,C:\Users\Hngk\Documents\Codex\PUMA_STAGE2_RESEARCH_PROMPTS_1_TO_4\PROMPT_4\ARCHITECTURES\A2\RESULTS\RUNS\A2_s17_cv1\config.json,367874806b6c8ef6315910e106d4568679e97258fcd1ec0026b01057de4ae02c,"{""id"":""A2_s17_cv1"",""family"":""A2"",""seed"":17,""fold"":1,""epochs"":10,""representation"":""A2""}",C:\Users\Hngk\Documents\Codex\PUMA_STAGE2_RESEARCH_PROMPTS_1_TO_4\PROMPT_4\ARCHITECTURES\A2\RESULTS\RUNS\A2_s17_cv1\history.jsonl,184c4e69130a041dfd0125edaf16ce3927fa8e2d8a631508eafab98437f98d32,10,RECOVERED_ORIGINAL_EPOCHS
4,A2_s17_cv2,17,2,C:\Users\Hngk\Documents\Codex\PUMA_STAGE2_RESEARCH_PROMPTS_1_TO_4\PROMPT_4\ARCHITECTURES\A2\RESULTS\RUNS\A2_s17_cv2\config.json,929ee15d59b53e05d6c4acc27ac26242382efa47c8b976d50bade9b05cdf6c2b,"{""id"":""A2_s17_cv2"",""family"":""A2"",""seed"":17,""fold"":2,""epochs"":10,""representation"":""A2""}",C:\Users\Hngk\Documents\Codex\PUMA_STAGE2_RESEARCH_PROMPTS_1_TO_4\PROMPT_4\ARCHITECTURES\A2\RESULTS\RUNS\A2_s17_cv2\history.jsonl,528b30a8e9399722e7c62ef679ef2f11f86051380a38155638e51eb5b2488a77,10,RECOVERED_ORIGINAL_EPOCHS
4,A2_s29_cv0,29,0,C:\Users\Hngk\Documents\Codex\PUMA_STAGE2_RESEARCH_PROMPTS_1_TO_4\PROMPT_4\ARCHITECTURES\A2\RESULTS\RUNS\A2_s29_cv0\config.json,4a25be3448036ba2068c53135deefabf5be59086df320738e8c750ece67fae60,"{""id"":""A2_s29_cv0"",""family"":""A2"",""seed"":29,""fold"":0,""epochs"":10,""representation"":""A2""}",C:\Users\Hngk\Documents\Codex\PUMA_STAGE2_RESEARCH_PROMPTS_1_TO_4\PROMPT_4\ARCHITECTURES\A2\RESULTS\RUNS\A2_s29_cv0\history.jsonl,66e5ae0831bf35ad70c71b8b57fec8881ee229d3362ad35cb255a2fe0670d852,10,RECOVERED_ORIGINAL_EPOCHS
4,A2_s29_cv1,29,1,C:\Users\Hngk\Documents\Codex\PUMA_STAGE2_RESEARCH_PROMPTS_1_TO_4\PROMPT_4\ARCHITECTURES\A2\RESULTS\RUNS\A2_s29_cv1\config.json,ecd0f2bf2b6e10387b72bf030bc9f46f2b50991364169c4aac9b4f6c3331c902,"{""id"":""A2_s29_cv1"",""family"":""A2"",""seed"":29,""fold"":1,""epochs"":10,""representation"":""A2""}",C:\Users\Hngk\Documents\Codex\PUMA_STAGE2_RESEARCH_PROMPTS_1_TO_4\PROMPT_4\ARCHITECTURES\A2\RESULTS\RUNS\A2_s29_cv1\history.jsonl,a75b0915d7b2b701cf2229dd7c2cefafe31dc8f2c1ccdc2da11a36a5365ea7de,10,RECOVERED_ORIGINAL_EPOCHS
4,A2_s29_cv2,29,2,C:\Users\Hngk\Documents\Codex\PUMA_STAGE2_RESEARCH_PROMPTS_1_TO_4\PROMPT_4\ARCHITECTURES\A2\RESULTS\RUNS\A2_s29_cv2\config.json,315c8804ada8a6eb85530a9e8c7dbec5e368f42885c92c3a288db0e00e523c45,"{""id"":""A2_s29_cv2"",""family"":""A2"",""seed"":29,""fold"":2,""epochs"":10,""representation"":""A2""}",C:\Users\Hngk\Documents\Codex\PUMA_STAGE2_RESEARCH_PROMPTS_1_TO_4\PROMPT_4\ARCHITECTURES\A2\RESULTS\RUNS\A2_s29_cv2\history.jsonl,8a0ac1d470bd9b67f86b29e1587986b59fb13652dd58bc9ccd5e9f4d087a6ee5,10,RECOVERED_ORIGINAL_EPOCHS
4,A2_s43_cv0,43,0,C:\Users\Hngk\Documents\Codex\PUMA_STAGE2_RESEARCH_PROMPTS_1_TO_4\PROMPT_4\ARCHITECTURES\A2\RESULTS\RUNS\A2_s43_cv0\config.json,008635b4a9cf9343b26a4f3b3f6c78fccfe5d8cad2015394c4139766153bb492,"{""id"":""A2_s43_cv0"",""family"":""A2"",""seed"":43,""fold"":0,""epochs"":10,""representation"":""A2""}",C:\Users\Hngk\Documents\Codex\PUMA_STAGE2_RESEARCH_PROMPTS_1_TO_4\PROMPT_4\ARCHITECTURES\A2\RESULTS\RUNS\A2_s43_cv0\history.jsonl,8302fbf367f7851a7896f369dbcd9e72623b4d15447b8046e507274a060602b9,10,RECOVERED_ORIGINAL_EPOCHS
4,A2_s43_cv1,43,1,C:\Users\Hngk\Documents\Codex\PUMA_STAGE2_RESEARCH_PROMPTS_1_TO_4\PROMPT_4\ARCHITECTURES\A2\RESULTS\RUNS\A2_s43_cv1\config.json,27c7e81a6071bc72394307ca43d65ec6e1779579baea6f6a709cab5ab7d08cec,"{""id"":""A2_s43_cv1"",""family"":""A2"",""seed"":43,""fold"":1,""epochs"":10,""representation"":""A2""}",C:\Users\Hngk\Documents\Codex\PUMA_STAGE2_RESEARCH_PROMPTS_1_TO_4\PROMPT_4\ARCHITECTURES\A2\RESULTS\RUNS\A2_s43_cv1\history.jsonl,714f01ce0161c611fe2bee8a25c734f301aef6f94b996b2d65348c3df68f8bdf,10,RECOVERED_ORIGINAL_EPOCHS
4,A2_s43_cv2,43,2,C:\Users\Hngk\Documents\Codex\PUMA_STAGE2_RESEARCH_PROMPTS_1_TO_4\PROMPT_4\ARCHITECTURES\A2\RESULTS\RUNS\A2_s43_cv2\config.json,2c83bfd18daa903f93354e349b841a5f58a2aefd781cf3f9bf08b320a314d29e,"{""id"":""A2_s43_cv2"",""family"":""A2"",""seed"":43,""fold"":2,""epochs"":10,""representation"":""A2""}",C:\Users\Hngk\Documents\Codex\PUMA_STAGE2_RESEARCH_PROMPTS_1_TO_4\PROMPT_4\ARCHITECTURES\A2\RESULTS\RUNS\A2_s43_cv2\history.jsonl,5c8fb780c8559674ff81cbfaebbbf734947d84b76bd10151244d7754773eaea7,10,RECOVERED_ORIGINAL_EPOCHS
4,A3_broken_s17_cv0,17,0,C:\Users\Hngk\Documents\Codex\PUMA_STAGE2_RESEARCH_PROMPTS_1_TO_4\PROMPT_4\ARCHITECTURES\A3\RESULTS\RUNS\A3_broken_s17_cv0\config.json,1aac34b915f00aa8223a62fb13dafbadf38992ae0c8c2ae9eb027d411da2ba75,"{""id"":""A3_broken_s17_cv0"",""family"":""A3_broken"",""seed"":17,""fold"":0,""epochs"":10,""representation"":""A3_broken""}",C:\Users\Hngk\Documents\Codex\PUMA_STAGE2_RESEARCH_PROMPTS_1_TO_4\PROMPT_4\ARCHITECTURES\A3\RESULTS\RUNS\A3_broken_s17_cv0\history.jsonl,bd0b57d431beab186f0e265d4ce43378f0f352e529c08e38d6c462f52680d449,10,RECOVERED_ORIGINAL_EPOCHS
4,A3_broken_s17_cv1,17,1,C:\Users\Hngk\Documents\Codex\PUMA_STAGE2_RESEARCH_PROMPTS_1_TO_4\PROMPT_4\ARCHITECTURES\A3\RESULTS\RUNS\A3_broken_s17_cv1\config.json,c45199658e86236bf26cc4a63a8ab62ad1b807154b4ac5a3898fe4168d05beb4,"{""id"":""A3_broken_s17_cv1"",""family"":""A3_broken"",""seed"":17,""fold"":1,""epochs"":10,""representation"":""A3_broken""}",C:\Users\Hngk\Documents\Codex\PUMA_STAGE2_RESEARCH_PROMPTS_1_TO_4\PROMPT_4\ARCHITECTURES\A3\RESULTS\RUNS\A3_broken_s17_cv1\history.jsonl,d75be6bc6c14d8cbee68596518b8bc444a962b73d2d21a551b2e3c3ba0b76c44,10,RECOVERED_ORIGINAL_EPOCHS
4,A3_broken_s17_cv2,17,2,C:\Users\Hngk\Documents\Codex\PUMA_STAGE2_RESEARCH_PROMPTS_1_TO_4\PROMPT_4\ARCHITECTURES\A3\RESULTS\RUNS\A3_broken_s17_cv2\config.json,3bc04630b1a51e0f81c2aacee4f196502d84f0a9c6d1104a577d32bd03c5d80a,"{""id"":""A3_broken_s17_cv2"",""family"":""A3_broken"",""seed"":17,""fold"":2,""epochs"":10,""representation"":""A3_broken""}",C:\Users\Hngk\Documents\Codex\PUMA_STAGE2_RESEARCH_PROMPTS_1_TO_4\PROMPT_4\ARCHITECTURES\A3\RESULTS\RUNS\A3_broken_s17_cv2\history.jsonl,a5940f31a9d9c8ec24bb0002e6bb1178ddd506ae47d26e0f9a37368e77149e6d,10,RECOVERED_ORIGINAL_EPOCHS
4,A3_broken_s29_cv0,29,0,C:\Users\Hngk\Documents\Codex\PUMA_STAGE2_RESEARCH_PROMPTS_1_TO_4\PROMPT_4\ARCHITECTURES\A3\RESULTS\RUNS\A3_broken_s29_cv0\config.json,4579c365796b7d7c23ad462a383d098308a4d96c5326e34f6708e99affe864ab,"{""id"":""A3_broken_s29_cv0"",""family"":""A3_broken"",""seed"":29,""fold"":0,""epochs"":10,""representation"":""A3_broken""}",C:\Users\Hngk\Documents\Codex\PUMA_STAGE2_RESEARCH_PROMPTS_1_TO_4\PROMPT_4\ARCHITECTURES\A3\RESULTS\RUNS\A3_broken_s29_cv0\history.jsonl,52e0245008dbe3a7890d4a5520c38298e8cad3d12be2ab29bdc51f6a09e60656,10,RECOVERED_ORIGINAL_EPOCHS
4,A3_broken_s29_cv1,29,1,C:\Users\Hngk\Documents\Codex\PUMA_STAGE2_RESEARCH_PROMPTS_1_TO_4\PROMPT_4\ARCHITECTURES\A3\RESULTS\RUNS\A3_broken_s29_cv1\config.json,7aa033282a489c79b2552a02716229105163d0a70f7230b67883d16bfcd3549f,"{""id"":""A3_broken_s29_cv1"",""family"":""A3_broken"",""seed"":29,""fold"":1,""epochs"":10,""representation"":""A3_broken""}",C:\Users\Hngk\Documents\Codex\PUMA_STAGE2_RESEARCH_PROMPTS_1_TO_4\PROMPT_4\ARCHITECTURES\A3\RESULTS\RUNS\A3_broken_s29_cv1\history.jsonl,12ce5aab0f2a86e96a04762e12c600d505554dca60c347e49872f75b7eff6fbe,10,RECOVERED_ORIGINAL_EPOCHS
4,A3_broken_s29_cv2,29,2,C:\Users\Hngk\Documents\Codex\PUMA_STAGE2_RESEARCH_PROMPTS_1_TO_4\PROMPT_4\ARCHITECTURES\A3\RESULTS\RUNS\A3_broken_s29_cv2\config.json,7ff6276b342ec1283d8c9429c214c9e5ed664f3fbebe4269d772f44c17db3420,"{""id"":""A3_broken_s29_cv2"",""family"":""A3_broken"",""seed"":29,""fold"":2,""epochs"":10,""representation"":""A3_broken""}",C:\Users\Hngk\Documents\Codex\PUMA_STAGE2_RESEARCH_PROMPTS_1_TO_4\PROMPT_4\ARCHITECTURES\A3\RESULTS\RUNS\A3_broken_s29_cv2\history.jsonl,71b08332c3c8e5f326ee7654f412292762fc5abac91a3a0ec53d8cbe189c0f3c,10,RECOVERED_ORIGINAL_EPOCHS
4,A3_broken_s43_cv0,43,0,C:\Users\Hngk\Documents\Codex\PUMA_STAGE2_RESEARCH_PROMPTS_1_TO_4\PROMPT_4\ARCHITECTURES\A3\RESULTS\RUNS\A3_broken_s43_cv0\config.json,19040d2335cdc6c4367d5a025e50139aa3ad1128b5cde11b443ec7edaaa24f9d,"{""id"":""A3_broken_s43_cv0"",""family"":""A3_broken"",""seed"":43,""fold"":0,""epochs"":10,""representation"":""A3_broken""}",C:\Users\Hngk\Documents\Codex\PUMA_STAGE2_RESEARCH_PROMPTS_1_TO_4\PROMPT_4\ARCHITECTURES\A3\RESULTS\RUNS\A3_broken_s43_cv0\history.jsonl,2857dee4de809d3616fae4b02786b7a85c31dd10a7fec2c82ac6e63b0da37a4c,10,RECOVERED_ORIGINAL_EPOCHS
4,A3_broken_s43_cv1,43,1,C:\Users\Hngk\Documents\Codex\PUMA_STAGE2_RESEARCH_PROMPTS_1_TO_4\PROMPT_4\ARCHITECTURES\A3\RESULTS\RUNS\A3_broken_s43_cv1\config.json,52105d2831945cc05578eba520da326b9ac7c7b3c16722fa86fbc161abca771a,"{""id"":""A3_broken_s43_cv1"",""family"":""A3_broken"",""seed"":43,""fold"":1,""epochs"":10,""representation"":""A3_broken""}",C:\Users\Hngk\Documents\Codex\PUMA_STAGE2_RESEARCH_PROMPTS_1_TO_4\PROMPT_4\ARCHITECTURES\A3\RESULTS\RUNS\A3_broken_s43_cv1\history.jsonl,996fb65b906d9fb37629bd054e51021ee6bb294b0ee69d116240b3b5cfd514af,10,RECOVERED_ORIGINAL_EPOCHS
4,A3_broken_s43_cv2,43,2,C:\Users\Hngk\Documents\Codex\PUMA_STAGE2_RESEARCH_PROMPTS_1_TO_4\PROMPT_4\ARCHITECTURES\A3\RESULTS\RUNS\A3_broken_s43_cv2\config.json,b7aadac55ce9fb2be0a77b59cd7e08d57aa9eea66bcecef4cc0533f4c0a46c9e,"{""id"":""A3_broken_s43_cv2"",""family"":""A3_broken"",""seed"":43,""fold"":2,""epochs"":10,""representation"":""A3_broken""}",C:\Users\Hngk\Documents\Codex\PUMA_STAGE2_RESEARCH_PROMPTS_1_TO_4\PROMPT_4\ARCHITECTURES\A3\RESULTS\RUNS\A3_broken_s43_cv2\history.jsonl,148c73634135cc63e0c5b45b13c76f71b267ac6007eab53868fe793f853c6ed2,10,RECOVERED_ORIGINAL_EPOCHS
4,A3_s17_cv0,17,0,C:\Users\Hngk\Documents\Codex\PUMA_STAGE2_RESEARCH_PROMPTS_1_TO_4\PROMPT_4\ARCHITECTURES\A3\RESULTS\RUNS\A3_s17_cv0\config.json,1242b1eab17b66a9d823c45265142ed39d39edb7d0e696a28195601176b66ef1,"{""id"":""A3_s17_cv0"",""family"":""A3"",""seed"":17,""fold"":0,""epochs"":10,""representation"":""A3""}",C:\Users\Hngk\Documents\Codex\PUMA_STAGE2_RESEARCH_PROMPTS_1_TO_4\PROMPT_4\ARCHITECTURES\A3\RESULTS\RUNS\A3_s17_cv0\history.jsonl,b81bec4ad57e60b94363cd5c33eb349851e3a4104976a03c9f25fbbb6d823fb1,10,RECOVERED_ORIGINAL_EPOCHS
4,A3_s17_cv1,17,1,C:\Users\Hngk\Documents\Codex\PUMA_STAGE2_RESEARCH_PROMPTS_1_TO_4\PROMPT_4\ARCHITECTURES\A3\RESULTS\RUNS\A3_s17_cv1\config.json,0bc86edddc6122143e9dc26eaa93bc08869b7a5e48ef67cae1428d18dfd77331,"{""id"":""A3_s17_cv1"",""family"":""A3"",""seed"":17,""fold"":1,""epochs"":10,""representation"":""A3""}",C:\Users\Hngk\Documents\Codex\PUMA_STAGE2_RESEARCH_PROMPTS_1_TO_4\PROMPT_4\ARCHITECTURES\A3\RESULTS\RUNS\A3_s17_cv1\history.jsonl,9178f20dcceaa52c47093a130f7b5b190e237715c36a91739c56936366fa06f0,10,RECOVERED_ORIGINAL_EPOCHS
4,A3_s17_cv2,17,2,C:\Users\Hngk\Documents\Codex\PUMA_STAGE2_RESEARCH_PROMPTS_1_TO_4\PROMPT_4\ARCHITECTURES\A3\RESULTS\RUNS\A3_s17_cv2\config.json,66a412ef7d8ae2c84d2c0fe582ee708a35c3de44c4ba2d9671041b7f455a955a,"{""id"":""A3_s17_cv2"",""family"":""A3"",""seed"":17,""fold"":2,""epochs"":10,""representation"":""A3""}",C:\Users\Hngk\Documents\Codex\PUMA_STAGE2_RESEARCH_PROMPTS_1_TO_4\PROMPT_4\ARCHITECTURES\A3\RESULTS\RUNS\A3_s17_cv2\history.jsonl,460c1188b61c45c81c0365eb964bcb97296ff672790a8b01612a5b203596af0f,10,RECOVERED_ORIGINAL_EPOCHS
4,A3_s29_cv0,29,0,C:\Users\Hngk\Documents\Codex\PUMA_STAGE2_RESEARCH_PROMPTS_1_TO_4\PROMPT_4\ARCHITECTURES\A3\RESULTS\RUNS\A3_s29_cv0\config.json,82782263a5464aa58a96a10c1e4b0ec52e078ac3a8ba713c617aa4f1024994f0,"{""id"":""A3_s29_cv0"",""family"":""A3"",""seed"":29,""fold"":0,""epochs"":10,""representation"":""A3""}",C:\Users\Hngk\Documents\Codex\PUMA_STAGE2_RESEARCH_PROMPTS_1_TO_4\PROMPT_4\ARCHITECTURES\A3\RESULTS\RUNS\A3_s29_cv0\history.jsonl,2e060a21367f63c5a1608129826b093c810ae0375d0abd03d6fe4a8960e047ef,10,RECOVERED_ORIGINAL_EPOCHS
4,A3_s29_cv1,29,1,C:\Users\Hngk\Documents\Codex\PUMA_STAGE2_RESEARCH_PROMPTS_1_TO_4\PROMPT_4\ARCHITECTURES\A3\RESULTS\RUNS\A3_s29_cv1\config.json,628c3a2cbe720d3203c6f9f9e951685ccf1c7b3b382c23021e4c6e2f0b0245c5,"{""id"":""A3_s29_cv1"",""family"":""A3"",""seed"":29,""fold"":1,""epochs"":10,""representation"":""A3""}",C:\Users\Hngk\Documents\Codex\PUMA_STAGE2_RESEARCH_PROMPTS_1_TO_4\PROMPT_4\ARCHITECTURES\A3\RESULTS\RUNS\A3_s29_cv1\history.jsonl,6960cf4bcc0ca1227bbb8e606164f349d2ce82660fb3c5945c1af7e6fd830261,10,RECOVERED_ORIGINAL_EPOCHS
4,A3_s29_cv2,29,2,C:\Users\Hngk\Documents\Codex\PUMA_STAGE2_RESEARCH_PROMPTS_1_TO_4\PROMPT_4\ARCHITECTURES\A3\RESULTS\RUNS\A3_s29_cv2\config.json,e0e3cb07d42279fe25ef187cf06745b5ccb61f402247dc142154f256adae6963,"{""id"":""A3_s29_cv2"",""family"":""A3"",""seed"":29,""fold"":2,""epochs"":10,""representation"":""A3""}",C:\Users\Hngk\Documents\Codex\PUMA_STAGE2_RESEARCH_PROMPTS_1_TO_4\PROMPT_4\ARCHITECTURES\A3\RESULTS\RUNS\A3_s29_cv2\history.jsonl,2b9b9a27088cc65c76692bbfa01d371428eb52002b2d511cb44686b10f5a0423,10,RECOVERED_ORIGINAL_EPOCHS
4,A3_s43_cv0,43,0,C:\Users\Hngk\Documents\Codex\PUMA_STAGE2_RESEARCH_PROMPTS_1_TO_4\PROMPT_4\ARCHITECTURES\A3\RESULTS\RUNS\A3_s43_cv0\config.json,019cbc300b550d8a9b8146728022a958ae679c680a01c34ff815f3c797ec3f9d,"{""id"":""A3_s43_cv0"",""family"":""A3"",""seed"":43,""fold"":0,""epochs"":10,""representation"":""A3""}",C:\Users\Hngk\Documents\Codex\PUMA_STAGE2_RESEARCH_PROMPTS_1_TO_4\PROMPT_4\ARCHITECTURES\A3\RESULTS\RUNS\A3_s43_cv0\history.jsonl,ca9fc6f9ffff752937fc2277c78049089743f889609ee4829abf367971a466c7,10,RECOVERED_ORIGINAL_EPOCHS
4,A3_s43_cv1,43,1,C:\Users\Hngk\Documents\Codex\PUMA_STAGE2_RESEARCH_PROMPTS_1_TO_4\PROMPT_4\ARCHITECTURES\A3\RESULTS\RUNS\A3_s43_cv1\config.json,7633ec16057e9d9ce1b72b6389795bdab7e15e5852166a794e673bd23595bd65,"{""id"":""A3_s43_cv1"",""family"":""A3"",""seed"":43,""fold"":1,""epochs"":10,""representation"":""A3""}",C:\Users\Hngk\Documents\Codex\PUMA_STAGE2_RESEARCH_PROMPTS_1_TO_4\PROMPT_4\ARCHITECTURES\A3\RESULTS\RUNS\A3_s43_cv1\history.jsonl,95cb5f139157b6ea2f7a6e0f8ae4dcfba975a7c6f675e0162bde9694cc228ec0,10,RECOVERED_ORIGINAL_EPOCHS
4,A3_s43_cv2,43,2,C:\Users\Hngk\Documents\Codex\PUMA_STAGE2_RESEARCH_PROMPTS_1_TO_4\PROMPT_4\ARCHITECTURES\A3\RESULTS\RUNS\A3_s43_cv2\config.json,1e59c326d7629fdcd118cae3d96e6752ec7fd748c5df19317336594ed4b3c938,"{""id"":""A3_s43_cv2"",""family"":""A3"",""seed"":43,""fold"":2,""epochs"":10,""representation"":""A3""}",C:\Users\Hngk\Documents\Codex\PUMA_STAGE2_RESEARCH_PROMPTS_1_TO_4\PROMPT_4\ARCHITECTURES\A3\RESULTS\RUNS\A3_s43_cv2\history.jsonl,0a1eb87c379f46a6b45a1062daf32483fe06a2ce6668e6e7aefa30341e7ee828,10,RECOVERED_ORIGINAL_EPOCHS
4,A4_broken_s17_cv0,17,0,C:\Users\Hngk\Documents\Codex\PUMA_STAGE2_RESEARCH_PROMPTS_1_TO_4\PROMPT_4\ARCHITECTURES\A4\RESULTS\RUNS\A4_broken_s17_cv0\config.json,426ac14b0e18a73ffafd7b62631edc1104d0c1100d4dd609d867ec134e11482d,"{""id"":""A4_broken_s17_cv0"",""family"":""A4_broken"",""seed"":17,""fold"":0,""epochs"":10,""representation"":""A4_broken""}",C:\Users\Hngk\Documents\Codex\PUMA_STAGE2_RESEARCH_PROMPTS_1_TO_4\PROMPT_4\ARCHITECTURES\A4\RESULTS\RUNS\A4_broken_s17_cv0\history.jsonl,2426b231e5c63dd19ad3d92939571f65b79792105ba72315badd4d50116845ce,10,RECOVERED_ORIGINAL_EPOCHS
4,A4_broken_s17_cv1,17,1,C:\Users\Hngk\Documents\Codex\PUMA_STAGE2_RESEARCH_PROMPTS_1_TO_4\PROMPT_4\ARCHITECTURES\A4\RESULTS\RUNS\A4_broken_s17_cv1\config.json,e37b6ffb00692c99788c690b7479f5279696b94ff5febe923c23427ea3bc19ce,"{""id"":""A4_broken_s17_cv1"",""family"":""A4_broken"",""seed"":17,""fold"":1,""epochs"":10,""representation"":""A4_broken""}",C:\Users\Hngk\Documents\Codex\PUMA_STAGE2_RESEARCH_PROMPTS_1_TO_4\PROMPT_4\ARCHITECTURES\A4\RESULTS\RUNS\A4_broken_s17_cv1\history.jsonl,233f02bbc186b0c05c973810e22f4b6f6ef9773f05b1b58ef2737c68d1ba76e7,10,RECOVERED_ORIGINAL_EPOCHS
4,A4_broken_s17_cv2,17,2,C:\Users\Hngk\Documents\Codex\PUMA_STAGE2_RESEARCH_PROMPTS_1_TO_4\PROMPT_4\ARCHITECTURES\A4\RESULTS\RUNS\A4_broken_s17_cv2\config.json,be08999f2ba7de77e8bd7aa6c70434b67f3ded886cdc285fd44651c13b29bf58,"{""id"":""A4_broken_s17_cv2"",""family"":""A4_broken"",""seed"":17,""fold"":2,""epochs"":10,""representation"":""A4_broken""}",C:\Users\Hngk\Documents\Codex\PUMA_STAGE2_RESEARCH_PROMPTS_1_TO_4\PROMPT_4\ARCHITECTURES\A4\RESULTS\RUNS\A4_broken_s17_cv2\history.jsonl,54ef7d2a48a470630d2f4ac18c8852661c4880806d3f796525ff2995eb270fe5,10,RECOVERED_ORIGINAL_EPOCHS
4,A4_broken_s29_cv0,29,0,C:\Users\Hngk\Documents\Codex\PUMA_STAGE2_RESEARCH_PROMPTS_1_TO_4\PROMPT_4\ARCHITECTURES\A4\RESULTS\RUNS\A4_broken_s29_cv0\config.json,fbb82eb9c66b4a6d63c4771df021761e2495d71a96844cd9c91c70084f7ac633,"{""id"":""A4_broken_s29_cv0"",""family"":""A4_broken"",""seed"":29,""fold"":0,""epochs"":10,""representation"":""A4_broken""}",C:\Users\Hngk\Documents\Codex\PUMA_STAGE2_RESEARCH_PROMPTS_1_TO_4\PROMPT_4\ARCHITECTURES\A4\RESULTS\RUNS\A4_broken_s29_cv0\history.jsonl,2d33c2146b1bba062bcab98d7855c93ba348ce9bf8fa587d0be6870368c254d6,10,RECOVERED_ORIGINAL_EPOCHS
4,A4_broken_s29_cv1,29,1,C:\Users\Hngk\Documents\Codex\PUMA_STAGE2_RESEARCH_PROMPTS_1_TO_4\PROMPT_4\ARCHITECTURES\A4\RESULTS\RUNS\A4_broken_s29_cv1\config.json,19af4439f1c96005d42fb5085621c583d04122a8d3086a3ab879695d4ef9dd1c,"{""id"":""A4_broken_s29_cv1"",""family"":""A4_broken"",""seed"":29,""fold"":1,""epochs"":10,""representation"":""A4_broken""}",C:\Users\Hngk\Documents\Codex\PUMA_STAGE2_RESEARCH_PROMPTS_1_TO_4\PROMPT_4\ARCHITECTURES\A4\RESULTS\RUNS\A4_broken_s29_cv1\history.jsonl,79b1d70f57bc6046684c8d4dae28d15679f5daad09ddde8d81b24bf167e5d0e1,10,RECOVERED_ORIGINAL_EPOCHS
4,A4_broken_s29_cv2,29,2,C:\Users\Hngk\Documents\Codex\PUMA_STAGE2_RESEARCH_PROMPTS_1_TO_4\PROMPT_4\ARCHITECTURES\A4\RESULTS\RUNS\A4_broken_s29_cv2\config.json,92248bad94f6d2ec584ddd36fe31536a19bba0f1f3fb2164dbbdacd2761ba58a,"{""id"":""A4_broken_s29_cv2"",""family"":""A4_broken"",""seed"":29,""fold"":2,""epochs"":10,""representation"":""A4_broken""}",C:\Users\Hngk\Documents\Codex\PUMA_STAGE2_RESEARCH_PROMPTS_1_TO_4\PROMPT_4\ARCHITECTURES\A4\RESULTS\RUNS\A4_broken_s29_cv2\history.jsonl,8bc7edf392cb53527f859a408f14cbec73ddf391ae531fc5b927af6d781e2c82,10,RECOVERED_ORIGINAL_EPOCHS
4,A4_broken_s43_cv0,43,0,C:\Users\Hngk\Documents\Codex\PUMA_STAGE2_RESEARCH_PROMPTS_1_TO_4\PROMPT_4\ARCHITECTURES\A4\RESULTS\RUNS\A4_broken_s43_cv0\config.json,9dbc6ec194608cea776e28510c4d9f40eec3a1d040ad03884321438f55c03d5e,"{""id"":""A4_broken_s43_cv0"",""family"":""A4_broken"",""seed"":43,""fold"":0,""epochs"":10,""representation"":""A4_broken""}",C:\Users\Hngk\Documents\Codex\PUMA_STAGE2_RESEARCH_PROMPTS_1_TO_4\PROMPT_4\ARCHITECTURES\A4\RESULTS\RUNS\A4_broken_s43_cv0\history.jsonl,41c658b84eb7cfb0538d608a81489f65fdcfe37c638767364c38df5d19032131,10,RECOVERED_ORIGINAL_EPOCHS
4,A4_broken_s43_cv1,43,1,C:\Users\Hngk\Documents\Codex\PUMA_STAGE2_RESEARCH_PROMPTS_1_TO_4\PROMPT_4\ARCHITECTURES\A4\RESULTS\RUNS\A4_broken_s43_cv1\config.json,64e489e9cbf332853dcb5163f57393de696423d73149bfaaf0f72639b6c37806,"{""id"":""A4_broken_s43_cv1"",""family"":""A4_broken"",""seed"":43,""fold"":1,""epochs"":10,""representation"":""A4_broken""}",C:\Users\Hngk\Documents\Codex\PUMA_STAGE2_RESEARCH_PROMPTS_1_TO_4\PROMPT_4\ARCHITECTURES\A4\RESULTS\RUNS\A4_broken_s43_cv1\history.jsonl,e1cd332520c717fe1b14372cadb10c35f7e35dbe378da91d308b3927b1b8f178,10,RECOVERED_ORIGINAL_EPOCHS
4,A4_broken_s43_cv2,43,2,C:\Users\Hngk\Documents\Codex\PUMA_STAGE2_RESEARCH_PROMPTS_1_TO_4\PROMPT_4\ARCHITECTURES\A4\RESULTS\RUNS\A4_broken_s43_cv2\config.json,2bd33f11f664c9336d6165f2e98f7e1d5f94acbbc937c7a774e854a0b207f020,"{""id"":""A4_broken_s43_cv2"",""family"":""A4_broken"",""seed"":43,""fold"":2,""epochs"":10,""representation"":""A4_broken""}",C:\Users\Hngk\Documents\Codex\PUMA_STAGE2_RESEARCH_PROMPTS_1_TO_4\PROMPT_4\ARCHITECTURES\A4\RESULTS\RUNS\A4_broken_s43_cv2\history.jsonl,6979ce0f94c2ba4d15349b907cd25dbb06f742140a5a8e34199161bb61f61c26,10,RECOVERED_ORIGINAL_EPOCHS
4,A4_s17_cv0,17,0,C:\Users\Hngk\Documents\Codex\PUMA_STAGE2_RESEARCH_PROMPTS_1_TO_4\PROMPT_4\ARCHITECTURES\A4\RESULTS\RUNS\A4_s17_cv0\config.json,c24bfa44df7539087d133c7e99cff36d31df52db7d494277a3b5df88b93296bb,"{""id"":""A4_s17_cv0"",""family"":""A4"",""seed"":17,""fold"":0,""epochs"":10,""representation"":""A4""}",C:\Users\Hngk\Documents\Codex\PUMA_STAGE2_RESEARCH_PROMPTS_1_TO_4\PROMPT_4\ARCHITECTURES\A4\RESULTS\RUNS\A4_s17_cv0\history.jsonl,6c3cb7bd867879b853f1c27435b091cb3657ce66fa161ccda7d03acbd07d01b8,10,RECOVERED_ORIGINAL_EPOCHS
4,A4_s17_cv1,17,1,C:\Users\Hngk\Documents\Codex\PUMA_STAGE2_RESEARCH_PROMPTS_1_TO_4\PROMPT_4\ARCHITECTURES\A4\RESULTS\RUNS\A4_s17_cv1\config.json,22b00ef58d9eadd2971041cb3c192adf1230975cd0608f00fc243099baea8a91,"{""id"":""A4_s17_cv1"",""family"":""A4"",""seed"":17,""fold"":1,""epochs"":10,""representation"":""A4""}",C:\Users\Hngk\Documents\Codex\PUMA_STAGE2_RESEARCH_PROMPTS_1_TO_4\PROMPT_4\ARCHITECTURES\A4\RESULTS\RUNS\A4_s17_cv1\history.jsonl,22744f2c3ad9b5315d900967bb02dd86946e998d5d94d4a622f3f79262d30cac,10,RECOVERED_ORIGINAL_EPOCHS
4,A4_s17_cv2,17,2,C:\Users\Hngk\Documents\Codex\PUMA_STAGE2_RESEARCH_PROMPTS_1_TO_4\PROMPT_4\ARCHITECTURES\A4\RESULTS\RUNS\A4_s17_cv2\config.json,434272dc08b77487a16ffe7207e27c37b9c71ae6354b2699a8725057365d006a,"{""id"":""A4_s17_cv2"",""family"":""A4"",""seed"":17,""fold"":2,""epochs"":10,""representation"":""A4""}",C:\Users\Hngk\Documents\Codex\PUMA_STAGE2_RESEARCH_PROMPTS_1_TO_4\PROMPT_4\ARCHITECTURES\A4\RESULTS\RUNS\A4_s17_cv2\history.jsonl,64cd3e5191f7f75add0770219e7bee42b53ce7f60014fe8a2f6c64ac7cd2ee21,10,RECOVERED_ORIGINAL_EPOCHS
4,A4_s29_cv0,29,0,C:\Users\Hngk\Documents\Codex\PUMA_STAGE2_RESEARCH_PROMPTS_1_TO_4\PROMPT_4\ARCHITECTURES\A4\RESULTS\RUNS\A4_s29_cv0\config.json,7ef42d251088b36236c827c512436472da16809adf87916820e3620ce9bcaf98,"{""id"":""A4_s29_cv0"",""family"":""A4"",""seed"":29,""fold"":0,""epochs"":10,""representation"":""A4""}",C:\Users\Hngk\Documents\Codex\PUMA_STAGE2_RESEARCH_PROMPTS_1_TO_4\PROMPT_4\ARCHITECTURES\A4\RESULTS\RUNS\A4_s29_cv0\history.jsonl,f8ae57697b9e738baa2b0fd8a0a3b6a273de07c36ac85faf4708cfd64a9be835,10,RECOVERED_ORIGINAL_EPOCHS
4,A4_s29_cv1,29,1,C:\Users\Hngk\Documents\Codex\PUMA_STAGE2_RESEARCH_PROMPTS_1_TO_4\PROMPT_4\ARCHITECTURES\A4\RESULTS\RUNS\A4_s29_cv1\config.json,cea9cf61255c95b371909165fc554dc3fa5a5e710a99a9d07f4a624dbb234470,"{""id"":""A4_s29_cv1"",""family"":""A4"",""seed"":29,""fold"":1,""epochs"":10,""representation"":""A4""}",C:\Users\Hngk\Documents\Codex\PUMA_STAGE2_RESEARCH_PROMPTS_1_TO_4\PROMPT_4\ARCHITECTURES\A4\RESULTS\RUNS\A4_s29_cv1\history.jsonl,e0bd173ee5eaf48a073a526faa82388b2aaf035aa080e12684b50cf1d7441cb5,10,RECOVERED_ORIGINAL_EPOCHS
4,A4_s29_cv2,29,2,C:\Users\Hngk\Documents\Codex\PUMA_STAGE2_RESEARCH_PROMPTS_1_TO_4\PROMPT_4\ARCHITECTURES\A4\RESULTS\RUNS\A4_s29_cv2\config.json,52d536b9282e335d68414d38da63df5f51a388fc0f65306dce557c932e9bc1b2,"{""id"":""A4_s29_cv2"",""family"":""A4"",""seed"":29,""fold"":2,""epochs"":10,""representation"":""A4""}",C:\Users\Hngk\Documents\Codex\PUMA_STAGE2_RESEARCH_PROMPTS_1_TO_4\PROMPT_4\ARCHITECTURES\A4\RESULTS\RUNS\A4_s29_cv2\history.jsonl,277f9ee9d136a99fab7a5c62b7683d16a79c2c0a8fe2d2afa970c9a7f7f962d9,10,RECOVERED_ORIGINAL_EPOCHS
4,A4_s43_cv0,43,0,C:\Users\Hngk\Documents\Codex\PUMA_STAGE2_RESEARCH_PROMPTS_1_TO_4\PROMPT_4\ARCHITECTURES\A4\RESULTS\RUNS\A4_s43_cv0\config.json,cf1bd0b05e34f3ca2d330697dbbd914c698dd9d54ce52f75076f65378e8383eb,"{""id"":""A4_s43_cv0"",""family"":""A4"",""seed"":43,""fold"":0,""epochs"":10,""representation"":""A4""}",C:\Users\Hngk\Documents\Codex\PUMA_STAGE2_RESEARCH_PROMPTS_1_TO_4\PROMPT_4\ARCHITECTURES\A4\RESULTS\RUNS\A4_s43_cv0\history.jsonl,702746d3f500025e6163e7b6c7e91ab919a21e1394e294e26a44b704eda84e63,10,RECOVERED_ORIGINAL_EPOCHS
4,A4_s43_cv1,43,1,C:\Users\Hngk\Documents\Codex\PUMA_STAGE2_RESEARCH_PROMPTS_1_TO_4\PROMPT_4\ARCHITECTURES\A4\RESULTS\RUNS\A4_s43_cv1\config.json,c74859753f005c472d900261531a4a3ac1a6502e7748d1596ddcb91051b455af,"{""id"":""A4_s43_cv1"",""family"":""A4"",""seed"":43,""fold"":1,""epochs"":10,""representation"":""A4""}",C:\Users\Hngk\Documents\Codex\PUMA_STAGE2_RESEARCH_PROMPTS_1_TO_4\PROMPT_4\ARCHITECTURES\A4\RESULTS\RUNS\A4_s43_cv1\history.jsonl,e0e3bf54fe4995b39e657b6e21d84fa8bd29c5169239dceca11401039f19c431,10,RECOVERED_ORIGINAL_EPOCHS
4,A4_s43_cv2,43,2,C:\Users\Hngk\Documents\Codex\PUMA_STAGE2_RESEARCH_PROMPTS_1_TO_4\PROMPT_4\ARCHITECTURES\A4\RESULTS\RUNS\A4_s43_cv2\config.json,d59c014ec04d9f84c235752a73f1eea69b2855b2b65b0d7c86538342cf336312,"{""id"":""A4_s43_cv2"",""family"":""A4"",""seed"":43,""fold"":2,""epochs"":10,""representation"":""A4""}",C:\Users\Hngk\Documents\Codex\PUMA_STAGE2_RESEARCH_PROMPTS_1_TO_4\PROMPT_4\ARCHITECTURES\A4\RESULTS\RUNS\A4_s43_cv2\history.jsonl,653d26b1aa06d916ee256adfc2c7ebfe2120c143ad2dae2d1cf28db6fafc2099,10,RECOVERED_ORIGINAL_EPOCHS
4,B1_s17_cv0,17,0,C:\Users\Hngk\Documents\Codex\PUMA_STAGE2_RESEARCH_PROMPTS_1_TO_4\PROMPT_4\ARCHITECTURES\B1\RESULTS\RUNS\B1_s17_cv0\config.json,8f0fb4733b108f711dbbc52c846fcc5e3538410c93a58d70ac2fad882cb80ab2,"{""id"":""B1_s17_cv0"",""family"":""B1"",""seed"":17,""fold"":0,""epochs"":10,""scales"":[64]}",C:\Users\Hngk\Documents\Codex\PUMA_STAGE2_RESEARCH_PROMPTS_1_TO_4\PROMPT_4\ARCHITECTURES\B1\RESULTS\RUNS\B1_s17_cv0\history.jsonl,622778a862a47c3d1b282019789b015423db15725494ccb14e75ac346a2436a5,10,RECOVERED_ORIGINAL_EPOCHS
4,B1_s17_cv1,17,1,C:\Users\Hngk\Documents\Codex\PUMA_STAGE2_RESEARCH_PROMPTS_1_TO_4\PROMPT_4\ARCHITECTURES\B1\RESULTS\RUNS\B1_s17_cv1\config.json,0a4f6bca32ac0521cf73a376b4d9da4a3ab562e5d81152af00f2f338d451d89a,"{""id"":""B1_s17_cv1"",""family"":""B1"",""seed"":17,""fold"":1,""epochs"":10,""scales"":[64]}",C:\Users\Hngk\Documents\Codex\PUMA_STAGE2_RESEARCH_PROMPTS_1_TO_4\PROMPT_4\ARCHITECTURES\B1\RESULTS\RUNS\B1_s17_cv1\history.jsonl,e1f4ff63cb191f870abea731aa67677f24e2ff4edfb82544e5068c912736d2e6,10,RECOVERED_ORIGINAL_EPOCHS
4,B1_s17_cv2,17,2,C:\Users\Hngk\Documents\Codex\PUMA_STAGE2_RESEARCH_PROMPTS_1_TO_4\PROMPT_4\ARCHITECTURES\B1\RESULTS\RUNS\B1_s17_cv2\config.json,a893ae4fd90c84b6b16238d464441d7002640e7025e0d018022512d13fac1fda,"{""id"":""B1_s17_cv2"",""family"":""B1"",""seed"":17,""fold"":2,""epochs"":10,""scales"":[64]}",C:\Users\Hngk\Documents\Codex\PUMA_STAGE2_RESEARCH_PROMPTS_1_TO_4\PROMPT_4\ARCHITECTURES\B1\RESULTS\RUNS\B1_s17_cv2\history.jsonl,44cce04b61106203d4187476f1d70e3455ce462729aaa3d7a59fba5e9a04e553,10,RECOVERED_ORIGINAL_EPOCHS
4,B1_s29_cv0,29,0,C:\Users\Hngk\Documents\Codex\PUMA_STAGE2_RESEARCH_PROMPTS_1_TO_4\PROMPT_4\ARCHITECTURES\B1\RESULTS\RUNS\B1_s29_cv0\config.json,3234ee1b93c535f5759fa4c5797e528bcdefc6857f0c64187f865e2a13ff2561,"{""id"":""B1_s29_cv0"",""family"":""B1"",""seed"":29,""fold"":0,""epochs"":10,""scales"":[64]}",C:\Users\Hngk\Documents\Codex\PUMA_STAGE2_RESEARCH_PROMPTS_1_TO_4\PROMPT_4\ARCHITECTURES\B1\RESULTS\RUNS\B1_s29_cv0\history.jsonl,b92f4655c5343a658c9f05d602e88f732246808e35444f07be7224e59cf46194,10,RECOVERED_ORIGINAL_EPOCHS
4,B1_s29_cv1,29,1,C:\Users\Hngk\Documents\Codex\PUMA_STAGE2_RESEARCH_PROMPTS_1_TO_4\PROMPT_4\ARCHITECTURES\B1\RESULTS\RUNS\B1_s29_cv1\config.json,ff22beb75b93e574941075d5ccfd1f0a379d8acb6c12184a1b82250dcdbda09f,"{""id"":""B1_s29_cv1"",""family"":""B1"",""seed"":29,""fold"":1,""epochs"":10,""scales"":[64]}",C:\Users\Hngk\Documents\Codex\PUMA_STAGE2_RESEARCH_PROMPTS_1_TO_4\PROMPT_4\ARCHITECTURES\B1\RESULTS\RUNS\B1_s29_cv1\history.jsonl,17beccc4dfcdc22cbe9285f2f8993ef2abcfb11d670b603b0a0b992304714d1b,10,RECOVERED_ORIGINAL_EPOCHS
4,B1_s29_cv2,29,2,C:\Users\Hngk\Documents\Codex\PUMA_STAGE2_RESEARCH_PROMPTS_1_TO_4\PROMPT_4\ARCHITECTURES\B1\RESULTS\RUNS\B1_s29_cv2\config.json,402b4509a4a983f23242adcf1f68222b73889b342ff18ad05abf1fd043c969d5,"{""id"":""B1_s29_cv2"",""family"":""B1"",""seed"":29,""fold"":2,""epochs"":10,""scales"":[64]}",C:\Users\Hngk\Documents\Codex\PUMA_STAGE2_RESEARCH_PROMPTS_1_TO_4\PROMPT_4\ARCHITECTURES\B1\RESULTS\RUNS\B1_s29_cv2\history.jsonl,2979a3b4df59a76c2a3f188c601ca8b7af4f2463735c8ef71ebe27fab14f83ac,10,RECOVERED_ORIGINAL_EPOCHS
4,B1_s43_cv0,43,0,C:\Users\Hngk\Documents\Codex\PUMA_STAGE2_RESEARCH_PROMPTS_1_TO_4\PROMPT_4\ARCHITECTURES\B1\RESULTS\RUNS\B1_s43_cv0\config.json,7a3cc445e588d141f195e9e57debd2780909c5792927bfc89031335b9ccdd082,"{""id"":""B1_s43_cv0"",""family"":""B1"",""seed"":43,""fold"":0,""epochs"":10,""scales"":[64]}",C:\Users\Hngk\Documents\Codex\PUMA_STAGE2_RESEARCH_PROMPTS_1_TO_4\PROMPT_4\ARCHITECTURES\B1\RESULTS\RUNS\B1_s43_cv0\history.jsonl,40cd37a92363cb8b08b5472ae0c2148753a49d768ab2656233b464257b0843ef,10,RECOVERED_ORIGINAL_EPOCHS
4,B1_s43_cv1,43,1,C:\Users\Hngk\Documents\Codex\PUMA_STAGE2_RESEARCH_PROMPTS_1_TO_4\PROMPT_4\ARCHITECTURES\B1\RESULTS\RUNS\B1_s43_cv1\config.json,a27d75b46f3d631896737a87a8dc3897b23c26e6b3f61f164031ba736edef35a,"{""id"":""B1_s43_cv1"",""family"":""B1"",""seed"":43,""fold"":1,""epochs"":10,""scales"":[64]}",C:\Users\Hngk\Documents\Codex\PUMA_STAGE2_RESEARCH_PROMPTS_1_TO_4\PROMPT_4\ARCHITECTURES\B1\RESULTS\RUNS\B1_s43_cv1\history.jsonl,81d757c84b2a4053eb9a402dcc65ea2081962d343ca0da4e034223abdfa636ed,10,RECOVERED_ORIGINAL_EPOCHS
4,B1_s43_cv2,43,2,C:\Users\Hngk\Documents\Codex\PUMA_STAGE2_RESEARCH_PROMPTS_1_TO_4\PROMPT_4\ARCHITECTURES\B1\RESULTS\RUNS\B1_s43_cv2\config.json,cb9cbcf4d614b625e36039de820fdf1628af9bb915e86c969bcbc0f4cb4ac873,"{""id"":""B1_s43_cv2"",""family"":""B1"",""seed"":43,""fold"":2,""epochs"":10,""scales"":[64]}",C:\Users\Hngk\Documents\Codex\PUMA_STAGE2_RESEARCH_PROMPTS_1_TO_4\PROMPT_4\ARCHITECTURES\B1\RESULTS\RUNS\B1_s43_cv2\history.jsonl,2fc4d280f4c9f5fa2a0bedcdb4895b599ced4d084829d684c6390218adf8ef46,10,RECOVERED_ORIGINAL_EPOCHS
4,B2_s17_cv0,17,0,C:\Users\Hngk\Documents\Codex\PUMA_STAGE2_RESEARCH_PROMPTS_1_TO_4\PROMPT_4\ARCHITECTURES\B2\RESULTS\RUNS\B2_s17_cv0\config.json,aeaabcc43fcba292a0dc0cf6acf2a2e50c9df1f8ab630b8ccea6e4418d263925,"{""id"":""B2_s17_cv0"",""family"":""B2"",""seed"":17,""fold"":0,""epochs"":10,""scales"":[128]}",C:\Users\Hngk\Documents\Codex\PUMA_STAGE2_RESEARCH_PROMPTS_1_TO_4\PROMPT_4\ARCHITECTURES\B2\RESULTS\RUNS\B2_s17_cv0\history.jsonl,9bc1c61a04b9ec6a04964745fec57a424530652974c5bb00d55fc8f1e7e13bc5,10,RECOVERED_ORIGINAL_EPOCHS
4,B2_s17_cv1,17,1,C:\Users\Hngk\Documents\Codex\PUMA_STAGE2_RESEARCH_PROMPTS_1_TO_4\PROMPT_4\ARCHITECTURES\B2\RESULTS\RUNS\B2_s17_cv1\config.json,24b34f5b5d7dfc2f8fb521cd5ed8e6682c0df9211d5cd83a67747052573be17e,"{""id"":""B2_s17_cv1"",""family"":""B2"",""seed"":17,""fold"":1,""epochs"":10,""scales"":[128]}",C:\Users\Hngk\Documents\Codex\PUMA_STAGE2_RESEARCH_PROMPTS_1_TO_4\PROMPT_4\ARCHITECTURES\B2\RESULTS\RUNS\B2_s17_cv1\history.jsonl,2e9db1f275bb6d21c97f022216e8cce4c1961df63366701328115fc471ed9d03,10,RECOVERED_ORIGINAL_EPOCHS
4,B2_s17_cv2,17,2,C:\Users\Hngk\Documents\Codex\PUMA_STAGE2_RESEARCH_PROMPTS_1_TO_4\PROMPT_4\ARCHITECTURES\B2\RESULTS\RUNS\B2_s17_cv2\config.json,0b795905f53d24f06b4723bb44328ee2e35cd7fa31199e910bca94c0f7728d8b,"{""id"":""B2_s17_cv2"",""family"":""B2"",""seed"":17,""fold"":2,""epochs"":10,""scales"":[128]}",C:\Users\Hngk\Documents\Codex\PUMA_STAGE2_RESEARCH_PROMPTS_1_TO_4\PROMPT_4\ARCHITECTURES\B2\RESULTS\RUNS\B2_s17_cv2\history.jsonl,4669dcb26cde452bf1f859313ef62312325f0ca2b56ff2ce787affa46159764e,10,RECOVERED_ORIGINAL_EPOCHS
4,B2_s29_cv0,29,0,C:\Users\Hngk\Documents\Codex\PUMA_STAGE2_RESEARCH_PROMPTS_1_TO_4\PROMPT_4\ARCHITECTURES\B2\RESULTS\RUNS\B2_s29_cv0\config.json,87bcfd05027508a2416eb36a0a782605d2509cc10dd220885a87ffdf6aeaae00,"{""id"":""B2_s29_cv0"",""family"":""B2"",""seed"":29,""fold"":0,""epochs"":10,""scales"":[128]}",C:\Users\Hngk\Documents\Codex\PUMA_STAGE2_RESEARCH_PROMPTS_1_TO_4\PROMPT_4\ARCHITECTURES\B2\RESULTS\RUNS\B2_s29_cv0\history.jsonl,97a2ad9c43d78134d81ae52b46ce592b79b12e999c28d3d897afe8ceb99d8adc,10,RECOVERED_ORIGINAL_EPOCHS
4,B2_s29_cv1,29,1,C:\Users\Hngk\Documents\Codex\PUMA_STAGE2_RESEARCH_PROMPTS_1_TO_4\PROMPT_4\ARCHITECTURES\B2\RESULTS\RUNS\B2_s29_cv1\config.json,28476e9755ab3a8041d21be2425799b6b8bd345ef39a71b268d33fd321e0ef8b,"{""id"":""B2_s29_cv1"",""family"":""B2"",""seed"":29,""fold"":1,""epochs"":10,""scales"":[128]}",C:\Users\Hngk\Documents\Codex\PUMA_STAGE2_RESEARCH_PROMPTS_1_TO_4\PROMPT_4\ARCHITECTURES\B2\RESULTS\RUNS\B2_s29_cv1\history.jsonl,960fb84acb3879e1a63aced33381cccfbe754d07a458794bd58bfb47119a05c4,10,RECOVERED_ORIGINAL_EPOCHS
4,B2_s29_cv2,29,2,C:\Users\Hngk\Documents\Codex\PUMA_STAGE2_RESEARCH_PROMPTS_1_TO_4\PROMPT_4\ARCHITECTURES\B2\RESULTS\RUNS\B2_s29_cv2\config.json,aa5045e2fa25cff0743a3cad8056e27e0dda6229fb5ebd1f6a124bc86f8cdf1b,"{""id"":""B2_s29_cv2"",""family"":""B2"",""seed"":29,""fold"":2,""epochs"":10,""scales"":[128]}",C:\Users\Hngk\Documents\Codex\PUMA_STAGE2_RESEARCH_PROMPTS_1_TO_4\PROMPT_4\ARCHITECTURES\B2\RESULTS\RUNS\B2_s29_cv2\history.jsonl,daf7588ec0b449b94ae66ba098bb1895456e73fade196c5a296b5c11103449d0,10,RECOVERED_ORIGINAL_EPOCHS
4,B2_s43_cv0,43,0,C:\Users\Hngk\Documents\Codex\PUMA_STAGE2_RESEARCH_PROMPTS_1_TO_4\PROMPT_4\ARCHITECTURES\B2\RESULTS\RUNS\B2_s43_cv0\config.json,c4f32afb4da6a33ed3203b515a85cac5cd554389f408d9033fbf3b1ffbd379f3,"{""id"":""B2_s43_cv0"",""family"":""B2"",""seed"":43,""fold"":0,""epochs"":10,""scales"":[128]}",C:\Users\Hngk\Documents\Codex\PUMA_STAGE2_RESEARCH_PROMPTS_1_TO_4\PROMPT_4\ARCHITECTURES\B2\RESULTS\RUNS\B2_s43_cv0\history.jsonl,15af48f982f9e97510ce5c31eba0b840bac42a13897588ce72a187782773c179,10,RECOVERED_ORIGINAL_EPOCHS
4,B2_s43_cv1,43,1,C:\Users\Hngk\Documents\Codex\PUMA_STAGE2_RESEARCH_PROMPTS_1_TO_4\PROMPT_4\ARCHITECTURES\B2\RESULTS\RUNS\B2_s43_cv1\config.json,87dcc3a9506a660e8295a7c97746138f71a8b5fb3af676634a015b5c997c6ec7,"{""id"":""B2_s43_cv1"",""family"":""B2"",""seed"":43,""fold"":1,""epochs"":10,""scales"":[128]}",C:\Users\Hngk\Documents\Codex\PUMA_STAGE2_RESEARCH_PROMPTS_1_TO_4\PROMPT_4\ARCHITECTURES\B2\RESULTS\RUNS\B2_s43_cv1\history.jsonl,32f7497091400da30bd473c0831fa40f301a97d9364267594fa6354bcefe032c,10,RECOVERED_ORIGINAL_EPOCHS
4,B2_s43_cv2,43,2,C:\Users\Hngk\Documents\Codex\PUMA_STAGE2_RESEARCH_PROMPTS_1_TO_4\PROMPT_4\ARCHITECTURES\B2\RESULTS\RUNS\B2_s43_cv2\config.json,1bb5c0c813a3efed648ea283398fea6e1e260fa960c91a1c4ccb5a0f98d0bfd7,"{""id"":""B2_s43_cv2"",""family"":""B2"",""seed"":43,""fold"":2,""epochs"":10,""scales"":[128]}",C:\Users\Hngk\Documents\Codex\PUMA_STAGE2_RESEARCH_PROMPTS_1_TO_4\PROMPT_4\ARCHITECTURES\B2\RESULTS\RUNS\B2_s43_cv2\history.jsonl,747b2b50726d53761d79e964755decf8c730030c63bb4a5b0ea59109cf1f0de1,10,RECOVERED_ORIGINAL_EPOCHS
4,B_duplicate_s17_cv0,17,0,C:\Users\Hngk\Documents\Codex\PUMA_STAGE2_RESEARCH_PROMPTS_1_TO_4\PROMPT_4\ARCHITECTURES\B_duplicate\RESULTS\RUNS\B_duplicate_s17_cv0\config.json,2e385396b524d77a85a4c56d51ecb305dd60eadec19e33986ebf854dc90745c0,"{""id"":""B_duplicate_s17_cv0"",""family"":""B_duplicate"",""seed"":17,""fold"":0,""epochs"":10,""scales"":[96]}",C:\Users\Hngk\Documents\Codex\PUMA_STAGE2_RESEARCH_PROMPTS_1_TO_4\PROMPT_4\ARCHITECTURES\B_duplicate\RESULTS\RUNS\B_duplicate_s17_cv0\history.jsonl,fa54f4430fa6ad937eb5532ed374c4a5f819d3ca0c6930c99fb4d801b94f4c26,10,RECOVERED_ORIGINAL_EPOCHS
4,B_duplicate_s17_cv1,17,1,C:\Users\Hngk\Documents\Codex\PUMA_STAGE2_RESEARCH_PROMPTS_1_TO_4\PROMPT_4\ARCHITECTURES\B_duplicate\RESULTS\RUNS\B_duplicate_s17_cv1\config.json,2e46a3768ad3e1ce5d711cb274b26557171b85cafa5d29a7c72331f107b5b7cc,"{""id"":""B_duplicate_s17_cv1"",""family"":""B_duplicate"",""seed"":17,""fold"":1,""epochs"":10,""scales"":[96]}",C:\Users\Hngk\Documents\Codex\PUMA_STAGE2_RESEARCH_PROMPTS_1_TO_4\PROMPT_4\ARCHITECTURES\B_duplicate\RESULTS\RUNS\B_duplicate_s17_cv1\history.jsonl,d5b38d1ffda492816402765a1c76139c17db0ffeb6f8284759b48f91f1c8ceea,10,RECOVERED_ORIGINAL_EPOCHS
4,B_duplicate_s17_cv2,17,2,C:\Users\Hngk\Documents\Codex\PUMA_STAGE2_RESEARCH_PROMPTS_1_TO_4\PROMPT_4\ARCHITECTURES\B_duplicate\RESULTS\RUNS\B_duplicate_s17_cv2\config.json,84d529ec1c74e45d59efc18dfc32083136f666e14f9a763284c25b1fd2b39f42,"{""id"":""B_duplicate_s17_cv2"",""family"":""B_duplicate"",""seed"":17,""fold"":2,""epochs"":10,""scales"":[96]}",C:\Users\Hngk\Documents\Codex\PUMA_STAGE2_RESEARCH_PROMPTS_1_TO_4\PROMPT_4\ARCHITECTURES\B_duplicate\RESULTS\RUNS\B_duplicate_s17_cv2\history.jsonl,16f193b77e0a809f9c68486c438bef29dd6522dcbb1a7271ae1e080eed20a3c1,10,RECOVERED_ORIGINAL_EPOCHS
4,B_duplicate_s29_cv0,29,0,C:\Users\Hngk\Documents\Codex\PUMA_STAGE2_RESEARCH_PROMPTS_1_TO_4\PROMPT_4\ARCHITECTURES\B_duplicate\RESULTS\RUNS\B_duplicate_s29_cv0\config.json,3238decfa2b755cba8941aa95492496594c748ab98ff2bf154100a9a3e6ea789,"{""id"":""B_duplicate_s29_cv0"",""family"":""B_duplicate"",""seed"":29,""fold"":0,""epochs"":10,""scales"":[96]}",C:\Users\Hngk\Documents\Codex\PUMA_STAGE2_RESEARCH_PROMPTS_1_TO_4\PROMPT_4\ARCHITECTURES\B_duplicate\RESULTS\RUNS\B_duplicate_s29_cv0\history.jsonl,e92dec98984eac6c0e0a03178096bde80caa484f38141dad8dcc0e8193903729,10,RECOVERED_ORIGINAL_EPOCHS
4,B_duplicate_s29_cv1,29,1,C:\Users\Hngk\Documents\Codex\PUMA_STAGE2_RESEARCH_PROMPTS_1_TO_4\PROMPT_4\ARCHITECTURES\B_duplicate\RESULTS\RUNS\B_duplicate_s29_cv1\config.json,f19fa18a8df5514f009ffbe1bbd42081c5498646ca4acaef08fdfc4ab8ad5b03,"{""id"":""B_duplicate_s29_cv1"",""family"":""B_duplicate"",""seed"":29,""fold"":1,""epochs"":10,""scales"":[96]}",C:\Users\Hngk\Documents\Codex\PUMA_STAGE2_RESEARCH_PROMPTS_1_TO_4\PROMPT_4\ARCHITECTURES\B_duplicate\RESULTS\RUNS\B_duplicate_s29_cv1\history.jsonl,8ac40e0b470247c56e76995d90c123a12327372aa4ec297c7bb24607cbd58395,10,RECOVERED_ORIGINAL_EPOCHS
4,B_duplicate_s29_cv2,29,2,C:\Users\Hngk\Documents\Codex\PUMA_STAGE2_RESEARCH_PROMPTS_1_TO_4\PROMPT_4\ARCHITECTURES\B_duplicate\RESULTS\RUNS\B_duplicate_s29_cv2\config.json,2e61a908ddf02f7caebc8103e332153220a0c61fd242e192da40e4fe40eb4aa8,"{""id"":""B_duplicate_s29_cv2"",""family"":""B_duplicate"",""seed"":29,""fold"":2,""epochs"":10,""scales"":[96]}",C:\Users\Hngk\Documents\Codex\PUMA_STAGE2_RESEARCH_PROMPTS_1_TO_4\PROMPT_4\ARCHITECTURES\B_duplicate\RESULTS\RUNS\B_duplicate_s29_cv2\history.jsonl,3d8b94b1004d1c2d3ea13b37c9d0de4e38f66fca1fa3078f5d841d50a9990f01,10,RECOVERED_ORIGINAL_EPOCHS
4,B_duplicate_s43_cv0,43,0,C:\Users\Hngk\Documents\Codex\PUMA_STAGE2_RESEARCH_PROMPTS_1_TO_4\PROMPT_4\ARCHITECTURES\B_duplicate\RESULTS\RUNS\B_duplicate_s43_cv0\config.json,dd57bc841f45918864661951a4d21e724afd8f3633898b423fa4950ea8be7a27,"{""id"":""B_duplicate_s43_cv0"",""family"":""B_duplicate"",""seed"":43,""fold"":0,""epochs"":10,""scales"":[96]}",C:\Users\Hngk\Documents\Codex\PUMA_STAGE2_RESEARCH_PROMPTS_1_TO_4\PROMPT_4\ARCHITECTURES\B_duplicate\RESULTS\RUNS\B_duplicate_s43_cv0\history.jsonl,b21bea917362325fe6d181b524448712ee511739ff85d98105dccd784e0cebbd,10,RECOVERED_ORIGINAL_EPOCHS
4,B_duplicate_s43_cv1,43,1,C:\Users\Hngk\Documents\Codex\PUMA_STAGE2_RESEARCH_PROMPTS_1_TO_4\PROMPT_4\ARCHITECTURES\B_duplicate\RESULTS\RUNS\B_duplicate_s43_cv1\config.json,4631455767fe7b29fa7d5e447b170b920661a85f277090a138b6fdc0818e35c3,"{""id"":""B_duplicate_s43_cv1"",""family"":""B_duplicate"",""seed"":43,""fold"":1,""epochs"":10,""scales"":[96]}",C:\Users\Hngk\Documents\Codex\PUMA_STAGE2_RESEARCH_PROMPTS_1_TO_4\PROMPT_4\ARCHITECTURES\B_duplicate\RESULTS\RUNS\B_duplicate_s43_cv1\history.jsonl,fb1b3ce94e3a2890661e5f8388b07a1681f9258ce3dfb6f26bc415b40e8065fe,10,RECOVERED_ORIGINAL_EPOCHS
4,B_duplicate_s43_cv2,43,2,C:\Users\Hngk\Documents\Codex\PUMA_STAGE2_RESEARCH_PROMPTS_1_TO_4\PROMPT_4\ARCHITECTURES\B_duplicate\RESULTS\RUNS\B_duplicate_s43_cv2\config.json,f328f51008a69bf054b6a5f668e826fd309b885aa6c9c417e47b3bdf0afe7899,"{""id"":""B_duplicate_s43_cv2"",""family"":""B_duplicate"",""seed"":43,""fold"":2,""epochs"":10,""scales"":[96]}",C:\Users\Hngk\Documents\Codex\PUMA_STAGE2_RESEARCH_PROMPTS_1_TO_4\PROMPT_4\ARCHITECTURES\B_duplicate\RESULTS\RUNS\B_duplicate_s43_cv2\history.jsonl,a8a3b65ada0c6584c89f72511d4d5c0f3022f5d68964e397ba733e2b15d67416,10,RECOVERED_ORIGINAL_EPOCHS
4,C_GTTRAIN_s17,17,-1,C:\Users\Hngk\Documents\Codex\PUMA_STAGE2_RESEARCH_PROMPTS_1_TO_4\PROMPT_4\ARCHITECTURES\C_ALIGNMENT\RESULTS\RUNS\C_GTTRAIN_s17\config.json,9a3eee8ef4f5edec14969e763d2a19a76f7c9296bc53c7fd21ef61c726b3a142,"{""id"":""C_GTTRAIN_s17"",""family"":""C_GTTRAIN"",""seed"":17,""fold"":-1,""epochs"":10,""sampler"":""balanced"",""population"":""matched historicalfold0 originalsplit"",""train_coordinates"":""GT"",""representation"":""A3""}",C:\Users\Hngk\Documents\Codex\PUMA_STAGE2_RESEARCH_PROMPTS_1_TO_4\PROMPT_4\ARCHITECTURES\C_ALIGNMENT\RESULTS\RUNS\C_GTTRAIN_s17\history.jsonl,7c807ad7d7531f2bdc75ce95b24a4a2d5b4adf2918fb552525d4b4f8f19ebae9,10,RECOVERED_ORIGINAL_EPOCHS
4,C_GTTRAIN_s29,29,-1,C:\Users\Hngk\Documents\Codex\PUMA_STAGE2_RESEARCH_PROMPTS_1_TO_4\PROMPT_4\ARCHITECTURES\C_ALIGNMENT\RESULTS\RUNS\C_GTTRAIN_s29\config.json,d1aab2d760df157196cdceba6aed3bec2ba9463997e45a87a8673a6248f260c2,"{""id"":""C_GTTRAIN_s29"",""family"":""C_GTTRAIN"",""seed"":29,""fold"":-1,""epochs"":10,""sampler"":""balanced"",""population"":""matched historicalfold0 originalsplit"",""train_coordinates"":""GT"",""representation"":""A3""}",C:\Users\Hngk\Documents\Codex\PUMA_STAGE2_RESEARCH_PROMPTS_1_TO_4\PROMPT_4\ARCHITECTURES\C_ALIGNMENT\RESULTS\RUNS\C_GTTRAIN_s29\history.jsonl,f16d180d4a3d1d8293f1613efed3ebe8d863e12b8b21e7030dead637706dee60,10,RECOVERED_ORIGINAL_EPOCHS
4,C_GTTRAIN_s43,43,-1,C:\Users\Hngk\Documents\Codex\PUMA_STAGE2_RESEARCH_PROMPTS_1_TO_4\PROMPT_4\ARCHITECTURES\C_ALIGNMENT\RESULTS\RUNS\C_GTTRAIN_s43\config.json,2cf408c304946261edcd03273b1e976a085a0187b1e2bf4317a5ea51ee6da0ce,"{""id"":""C_GTTRAIN_s43"",""family"":""C_GTTRAIN"",""seed"":43,""fold"":-1,""epochs"":10,""sampler"":""balanced"",""population"":""matched historicalfold0 originalsplit"",""train_coordinates"":""GT"",""representation"":""A3""}",C:\Users\Hngk\Documents\Codex\PUMA_STAGE2_RESEARCH_PROMPTS_1_TO_4\PROMPT_4\ARCHITECTURES\C_ALIGNMENT\RESULTS\RUNS\C_GTTRAIN_s43\history.jsonl,1482ffc1cfd780981fb705b574cc0812b740de8aa7028dbcdf2218572b37cd37,10,RECOVERED_ORIGINAL_EPOCHS
4,C_STAGE1TRAIN_s17,17,-1,C:\Users\Hngk\Documents\Codex\PUMA_STAGE2_RESEARCH_PROMPTS_1_TO_4\PROMPT_4\ARCHITECTURES\C_ALIGNMENT\RESULTS\RUNS\C_STAGE1TRAIN_s17\config.json,01c92e49f9fdf41a3a386d6689abdc35a3ba88cab22bf35d6a9ead5be4f549f4,"{""id"":""C_STAGE1TRAIN_s17"",""family"":""C_STAGE1TRAIN"",""seed"":17,""fold"":-1,""epochs"":10,""sampler"":""balanced"",""population"":""matched historicalfold0 originalsplit"",""train_coordinates"":""Stage1"",""representation"":""A3""}",C:\Users\Hngk\Documents\Codex\PUMA_STAGE2_RESEARCH_PROMPTS_1_TO_4\PROMPT_4\ARCHITECTURES\C_ALIGNMENT\RESULTS\RUNS\C_STAGE1TRAIN_s17\history.jsonl,4f12bfd8ab3f254362331c47c5a3bd32a93f776d9948a084a24e54b331d977bf,10,RECOVERED_ORIGINAL_EPOCHS
4,C_STAGE1TRAIN_s29,29,-1,C:\Users\Hngk\Documents\Codex\PUMA_STAGE2_RESEARCH_PROMPTS_1_TO_4\PROMPT_4\ARCHITECTURES\C_ALIGNMENT\RESULTS\RUNS\C_STAGE1TRAIN_s29\config.json,a612997db51903ccc3e1be56697ee591a44ebb66b156b9d3596d36dc45016929,"{""id"":""C_STAGE1TRAIN_s29"",""family"":""C_STAGE1TRAIN"",""seed"":29,""fold"":-1,""epochs"":10,""sampler"":""balanced"",""population"":""matched historicalfold0 originalsplit"",""train_coordinates"":""Stage1"",""representation"":""A3""}",C:\Users\Hngk\Documents\Codex\PUMA_STAGE2_RESEARCH_PROMPTS_1_TO_4\PROMPT_4\ARCHITECTURES\C_ALIGNMENT\RESULTS\RUNS\C_STAGE1TRAIN_s29\history.jsonl,24bb49e00e8801721528bbc19c0eab064913a29ae2043f96b34eb8f159198c7e,10,RECOVERED_ORIGINAL_EPOCHS
4,C_STAGE1TRAIN_s43,43,-1,C:\Users\Hngk\Documents\Codex\PUMA_STAGE2_RESEARCH_PROMPTS_1_TO_4\PROMPT_4\ARCHITECTURES\C_ALIGNMENT\RESULTS\RUNS\C_STAGE1TRAIN_s43\config.json,9feedc6b72c3ad90a22a60b9c78dbbbf34cce323acaa26a0b94b0280daea0072,"{""id"":""C_STAGE1TRAIN_s43"",""family"":""C_STAGE1TRAIN"",""seed"":43,""fold"":-1,""epochs"":10,""sampler"":""balanced"",""population"":""matched historicalfold0 originalsplit"",""train_coordinates"":""Stage1"",""representation"":""A3""}",C:\Users\Hngk\Documents\Codex\PUMA_STAGE2_RESEARCH_PROMPTS_1_TO_4\PROMPT_4\ARCHITECTURES\C_ALIGNMENT\RESULTS\RUNS\C_STAGE1TRAIN_s43\history.jsonl,4c6647d86d592888208346b143547bbf6d68137d0a8752bd768e16b099c8d0cc,10,RECOVERED_ORIGINAL_EPOCHS
4,D1_s17_cv0,17,0,C:\Users\Hngk\Documents\Codex\PUMA_STAGE2_RESEARCH_PROMPTS_1_TO_4\PROMPT_4\ARCHITECTURES\D1\RESULTS\RUNS\D1_s17_cv0\config.json,3b12e9cdc379f5137d8221d01543c0b7872e99a8df58148747eafeddc8e26224,"{""id"":""D1_s17_cv0"",""family"":""D1"",""seed"":17,""fold"":0,""epochs"":10,""sampler"":""roi_class""}",C:\Users\Hngk\Documents\Codex\PUMA_STAGE2_RESEARCH_PROMPTS_1_TO_4\PROMPT_4\ARCHITECTURES\D1\RESULTS\RUNS\D1_s17_cv0\history.jsonl,21ed9a34367ffa895dbdddfd06620e583058f1e60c86d73bf1b016a99be2f60b,10,RECOVERED_ORIGINAL_EPOCHS
4,D1_s17_cv1,17,1,C:\Users\Hngk\Documents\Codex\PUMA_STAGE2_RESEARCH_PROMPTS_1_TO_4\PROMPT_4\ARCHITECTURES\D1\RESULTS\RUNS\D1_s17_cv1\config.json,69ac2635af8748c25549e5ffc029bf542c086ddf3fa1fbd2ae348886dceca85a,"{""id"":""D1_s17_cv1"",""family"":""D1"",""seed"":17,""fold"":1,""epochs"":10,""sampler"":""roi_class""}",C:\Users\Hngk\Documents\Codex\PUMA_STAGE2_RESEARCH_PROMPTS_1_TO_4\PROMPT_4\ARCHITECTURES\D1\RESULTS\RUNS\D1_s17_cv1\history.jsonl,dbe7fd75edd092f63a614dc8bc0ca57a4f15f9f271082c28b005a53831c4422a,10,RECOVERED_ORIGINAL_EPOCHS
4,D1_s17_cv2,17,2,C:\Users\Hngk\Documents\Codex\PUMA_STAGE2_RESEARCH_PROMPTS_1_TO_4\PROMPT_4\ARCHITECTURES\D1\RESULTS\RUNS\D1_s17_cv2\config.json,a455dfd330d8159dcd8f8f3d4f39f190d21496eee860b63ad19912d06759c922,"{""id"":""D1_s17_cv2"",""family"":""D1"",""seed"":17,""fold"":2,""epochs"":10,""sampler"":""roi_class""}",C:\Users\Hngk\Documents\Codex\PUMA_STAGE2_RESEARCH_PROMPTS_1_TO_4\PROMPT_4\ARCHITECTURES\D1\RESULTS\RUNS\D1_s17_cv2\history.jsonl,e1aa3cd871fac23890ab71a226970d0db777b46b6e0fe7d6ed3daf91b4fa8703,10,RECOVERED_ORIGINAL_EPOCHS
4,D1_s29_cv0,29,0,C:\Users\Hngk\Documents\Codex\PUMA_STAGE2_RESEARCH_PROMPTS_1_TO_4\PROMPT_4\ARCHITECTURES\D1\RESULTS\RUNS\D1_s29_cv0\config.json,da18b531bff55e992a6b91ddbe3bb2ecf6558e13da0e9c23f75c36ed443e34ac,"{""id"":""D1_s29_cv0"",""family"":""D1"",""seed"":29,""fold"":0,""epochs"":10,""sampler"":""roi_class""}",C:\Users\Hngk\Documents\Codex\PUMA_STAGE2_RESEARCH_PROMPTS_1_TO_4\PROMPT_4\ARCHITECTURES\D1\RESULTS\RUNS\D1_s29_cv0\history.jsonl,704adec0d9b36c074935c2b3d747d530e7b7890bf68bd7a241cb6fc953128516,10,RECOVERED_ORIGINAL_EPOCHS
4,D1_s29_cv1,29,1,C:\Users\Hngk\Documents\Codex\PUMA_STAGE2_RESEARCH_PROMPTS_1_TO_4\PROMPT_4\ARCHITECTURES\D1\RESULTS\RUNS\D1_s29_cv1\config.json,2bd06a2ac0cc7f016d08dfeafbef61360355db1090bedf40e437974e036e2fa2,"{""id"":""D1_s29_cv1"",""family"":""D1"",""seed"":29,""fold"":1,""epochs"":10,""sampler"":""roi_class""}",C:\Users\Hngk\Documents\Codex\PUMA_STAGE2_RESEARCH_PROMPTS_1_TO_4\PROMPT_4\ARCHITECTURES\D1\RESULTS\RUNS\D1_s29_cv1\history.jsonl,934a6592f030c82ba7e0b14fcbfe3cc290bfc31c97a50c30db3f8f29c0abdaf0,10,RECOVERED_ORIGINAL_EPOCHS
4,D1_s29_cv2,29,2,C:\Users\Hngk\Documents\Codex\PUMA_STAGE2_RESEARCH_PROMPTS_1_TO_4\PROMPT_4\ARCHITECTURES\D1\RESULTS\RUNS\D1_s29_cv2\config.json,331a10c66e33ffd5cf704fde3de3431432f9f9117ea97e5541736596145ee0b1,"{""id"":""D1_s29_cv2"",""family"":""D1"",""seed"":29,""fold"":2,""epochs"":10,""sampler"":""roi_class""}",C:\Users\Hngk\Documents\Codex\PUMA_STAGE2_RESEARCH_PROMPTS_1_TO_4\PROMPT_4\ARCHITECTURES\D1\RESULTS\RUNS\D1_s29_cv2\history.jsonl,77d48ce1c629241e8b727d6470f3774e120686a55c3f4fee546fdfafd0cfe310,10,RECOVERED_ORIGINAL_EPOCHS
4,D1_s43_cv0,43,0,C:\Users\Hngk\Documents\Codex\PUMA_STAGE2_RESEARCH_PROMPTS_1_TO_4\PROMPT_4\ARCHITECTURES\D1\RESULTS\RUNS\D1_s43_cv0\config.json,9aabe33b24febe250288b7b5ef5b5f123d165c35e151cf0e673ecc4fe9e2fae7,"{""id"":""D1_s43_cv0"",""family"":""D1"",""seed"":43,""fold"":0,""epochs"":10,""sampler"":""roi_class""}",C:\Users\Hngk\Documents\Codex\PUMA_STAGE2_RESEARCH_PROMPTS_1_TO_4\PROMPT_4\ARCHITECTURES\D1\RESULTS\RUNS\D1_s43_cv0\history.jsonl,0fb07f0477e271cebbabfb6e71712414b7991ef1ff396fe427744ec921b2c12d,10,RECOVERED_ORIGINAL_EPOCHS
4,D1_s43_cv1,43,1,C:\Users\Hngk\Documents\Codex\PUMA_STAGE2_RESEARCH_PROMPTS_1_TO_4\PROMPT_4\ARCHITECTURES\D1\RESULTS\RUNS\D1_s43_cv1\config.json,d575bda9e16d8ab46c9e663ff2e65c828f6874e0fd4e2f87fae7186f4354e33a,"{""id"":""D1_s43_cv1"",""family"":""D1"",""seed"":43,""fold"":1,""epochs"":10,""sampler"":""roi_class""}",C:\Users\Hngk\Documents\Codex\PUMA_STAGE2_RESEARCH_PROMPTS_1_TO_4\PROMPT_4\ARCHITECTURES\D1\RESULTS\RUNS\D1_s43_cv1\history.jsonl,3634c71d5edde71bb38147eb45d13e2b2f91a4e003de3f1337aa5be2a71badec,10,RECOVERED_ORIGINAL_EPOCHS
4,D1_s43_cv2,43,2,C:\Users\Hngk\Documents\Codex\PUMA_STAGE2_RESEARCH_PROMPTS_1_TO_4\PROMPT_4\ARCHITECTURES\D1\RESULTS\RUNS\D1_s43_cv2\config.json,520d87b31cc8c2210b8107506f556b8d3a71ac3f616ca0b00db07747a7b556cb,"{""id"":""D1_s43_cv2"",""family"":""D1"",""seed"":43,""fold"":2,""epochs"":10,""sampler"":""roi_class""}",C:\Users\Hngk\Documents\Codex\PUMA_STAGE2_RESEARCH_PROMPTS_1_TO_4\PROMPT_4\ARCHITECTURES\D1\RESULTS\RUNS\D1_s43_cv2\history.jsonl,7f2dcf92e6ce8a32d81d67f38666c2bf9e7cd6c325f6275879fab1a229b32bf3,10,RECOVERED_ORIGINAL_EPOCHS
4,DIAG_A3LINEAR_s17_cv0,17,0,C:\Users\Hngk\Documents\Codex\PUMA_STAGE2_RESEARCH_PROMPTS_1_TO_4\PROMPT_4\ARCHITECTURES\DIAG_A3LINEAR\RESULTS\RUNS\DIAG_A3LINEAR_s17_cv0\config.json,87e05a08cc440bf82c356d2ddb651cff213e7324e38297a9c4482d00958a4536,"{""id"":""DIAG_A3LINEAR_s17_cv0"",""family"":""DIAG_A3LINEAR"",""seed"":17,""fold"":0,""epochs"":10,""representation"":""A3"",""sampler"":""balanced"",""selection_eligible"":false}",C:\Users\Hngk\Documents\Codex\PUMA_STAGE2_RESEARCH_PROMPTS_1_TO_4\PROMPT_4\ARCHITECTURES\DIAG_A3LINEAR\RESULTS\RUNS\DIAG_A3LINEAR_s17_cv0\history.jsonl,3cb1e7ce6d43297c833e1d85de22d85af031483cec260549b8fc5a83aa4ed08c,10,RECOVERED_ORIGINAL_EPOCHS
4,DIAG_A3LINEAR_s17_cv1,17,1,C:\Users\Hngk\Documents\Codex\PUMA_STAGE2_RESEARCH_PROMPTS_1_TO_4\PROMPT_4\ARCHITECTURES\DIAG_A3LINEAR\RESULTS\RUNS\DIAG_A3LINEAR_s17_cv1\config.json,ed303e7e27df1db33b3006002a31628c78c2eece8dfa86813a691d88fa90acff,"{""id"":""DIAG_A3LINEAR_s17_cv1"",""family"":""DIAG_A3LINEAR"",""seed"":17,""fold"":1,""epochs"":10,""representation"":""A3"",""sampler"":""balanced"",""selection_eligible"":false}",C:\Users\Hngk\Documents\Codex\PUMA_STAGE2_RESEARCH_PROMPTS_1_TO_4\PROMPT_4\ARCHITECTURES\DIAG_A3LINEAR\RESULTS\RUNS\DIAG_A3LINEAR_s17_cv1\history.jsonl,eee1c5409ca146b2d28a0b6780f39654970f1d6508ab17accc2070395eab3a52,10,RECOVERED_ORIGINAL_EPOCHS
4,DIAG_A3LINEAR_s17_cv2,17,2,C:\Users\Hngk\Documents\Codex\PUMA_STAGE2_RESEARCH_PROMPTS_1_TO_4\PROMPT_4\ARCHITECTURES\DIAG_A3LINEAR\RESULTS\RUNS\DIAG_A3LINEAR_s17_cv2\config.json,4e00392b3500120ef172d6639eca8f76dae2726b5d1577b124ee4d617d321ca8,"{""id"":""DIAG_A3LINEAR_s17_cv2"",""family"":""DIAG_A3LINEAR"",""seed"":17,""fold"":2,""epochs"":10,""representation"":""A3"",""sampler"":""balanced"",""selection_eligible"":false}",C:\Users\Hngk\Documents\Codex\PUMA_STAGE2_RESEARCH_PROMPTS_1_TO_4\PROMPT_4\ARCHITECTURES\DIAG_A3LINEAR\RESULTS\RUNS\DIAG_A3LINEAR_s17_cv2\history.jsonl,c3fe537534fcc63e5c626c6cdc543778f65d409e13eb71f3239dce7044eade47,10,RECOVERED_ORIGINAL_EPOCHS
4,DIAG_A3LINEAR_s29_cv0,29,0,C:\Users\Hngk\Documents\Codex\PUMA_STAGE2_RESEARCH_PROMPTS_1_TO_4\PROMPT_4\ARCHITECTURES\DIAG_A3LINEAR\RESULTS\RUNS\DIAG_A3LINEAR_s29_cv0\config.json,b7e9a6a01ca293a1054b5b086828950056073c45ebd480506d53b1363b6a6e02,"{""id"":""DIAG_A3LINEAR_s29_cv0"",""family"":""DIAG_A3LINEAR"",""seed"":29,""fold"":0,""epochs"":10,""representation"":""A3"",""sampler"":""balanced"",""selection_eligible"":false}",C:\Users\Hngk\Documents\Codex\PUMA_STAGE2_RESEARCH_PROMPTS_1_TO_4\PROMPT_4\ARCHITECTURES\DIAG_A3LINEAR\RESULTS\RUNS\DIAG_A3LINEAR_s29_cv0\history.jsonl,99fa685d52b2d0b9481983a243079c5d25c6aa793eed795e94dade8b1b81382e,10,RECOVERED_ORIGINAL_EPOCHS
4,DIAG_A3LINEAR_s29_cv1,29,1,C:\Users\Hngk\Documents\Codex\PUMA_STAGE2_RESEARCH_PROMPTS_1_TO_4\PROMPT_4\ARCHITECTURES\DIAG_A3LINEAR\RESULTS\RUNS\DIAG_A3LINEAR_s29_cv1\config.json,ba9aeee24c7d5ea187e47d9ae0350c57e83e82649e2542bc33844f8436667d3e,"{""id"":""DIAG_A3LINEAR_s29_cv1"",""family"":""DIAG_A3LINEAR"",""seed"":29,""fold"":1,""epochs"":10,""representation"":""A3"",""sampler"":""balanced"",""selection_eligible"":false}",C:\Users\Hngk\Documents\Codex\PUMA_STAGE2_RESEARCH_PROMPTS_1_TO_4\PROMPT_4\ARCHITECTURES\DIAG_A3LINEAR\RESULTS\RUNS\DIAG_A3LINEAR_s29_cv1\history.jsonl,bc05f4c9dcacbc5e1c53be3635ab39993342ba7a7dee79d1531cb19858cff0f5,10,RECOVERED_ORIGINAL_EPOCHS
4,DIAG_A3LINEAR_s29_cv2,29,2,C:\Users\Hngk\Documents\Codex\PUMA_STAGE2_RESEARCH_PROMPTS_1_TO_4\PROMPT_4\ARCHITECTURES\DIAG_A3LINEAR\RESULTS\RUNS\DIAG_A3LINEAR_s29_cv2\config.json,6b712f254677fb1b2eb06f53e25b5c547fe1d4133d8e4a9e472caaba58f0f69e,"{""id"":""DIAG_A3LINEAR_s29_cv2"",""family"":""DIAG_A3LINEAR"",""seed"":29,""fold"":2,""epochs"":10,""representation"":""A3"",""sampler"":""balanced"",""selection_eligible"":false}",C:\Users\Hngk\Documents\Codex\PUMA_STAGE2_RESEARCH_PROMPTS_1_TO_4\PROMPT_4\ARCHITECTURES\DIAG_A3LINEAR\RESULTS\RUNS\DIAG_A3LINEAR_s29_cv2\history.jsonl,4284ad20cbb393ded2556961510debdc6b41ead7515a088e308ef476fd3ec1ae,10,RECOVERED_ORIGINAL_EPOCHS
4,DIAG_A3LINEAR_s43_cv0,43,0,C:\Users\Hngk\Documents\Codex\PUMA_STAGE2_RESEARCH_PROMPTS_1_TO_4\PROMPT_4\ARCHITECTURES\DIAG_A3LINEAR\RESULTS\RUNS\DIAG_A3LINEAR_s43_cv0\config.json,b5fbb0280ad4be2d9f504fa4978f4e21008aa0ebef4cc2b463c3893b20ffff16,"{""id"":""DIAG_A3LINEAR_s43_cv0"",""family"":""DIAG_A3LINEAR"",""seed"":43,""fold"":0,""epochs"":10,""representation"":""A3"",""sampler"":""balanced"",""selection_eligible"":false}",C:\Users\Hngk\Documents\Codex\PUMA_STAGE2_RESEARCH_PROMPTS_1_TO_4\PROMPT_4\ARCHITECTURES\DIAG_A3LINEAR\RESULTS\RUNS\DIAG_A3LINEAR_s43_cv0\history.jsonl,2512f3eb37b2766c51e41923402bf2e89add70398e3715dc835f1b92664157e4,10,RECOVERED_ORIGINAL_EPOCHS
4,DIAG_A3LINEAR_s43_cv1,43,1,C:\Users\Hngk\Documents\Codex\PUMA_STAGE2_RESEARCH_PROMPTS_1_TO_4\PROMPT_4\ARCHITECTURES\DIAG_A3LINEAR\RESULTS\RUNS\DIAG_A3LINEAR_s43_cv1\config.json,ab660c3cd60de2e66e903b766b78ec8807badde0ac4b43c5ae862b55f9ff1b74,"{""id"":""DIAG_A3LINEAR_s43_cv1"",""family"":""DIAG_A3LINEAR"",""seed"":43,""fold"":1,""epochs"":10,""representation"":""A3"",""sampler"":""balanced"",""selection_eligible"":false}",C:\Users\Hngk\Documents\Codex\PUMA_STAGE2_RESEARCH_PROMPTS_1_TO_4\PROMPT_4\ARCHITECTURES\DIAG_A3LINEAR\RESULTS\RUNS\DIAG_A3LINEAR_s43_cv1\history.jsonl,1f870f39ca6703167f0a11d5e81fac9e12c3cb7accb1f1eaf500a6c38060d994,10,RECOVERED_ORIGINAL_EPOCHS
4,DIAG_A3LINEAR_s43_cv2,43,2,C:\Users\Hngk\Documents\Codex\PUMA_STAGE2_RESEARCH_PROMPTS_1_TO_4\PROMPT_4\ARCHITECTURES\DIAG_A3LINEAR\RESULTS\RUNS\DIAG_A3LINEAR_s43_cv2\config.json,93a7f45d07668d4b49267f7523c4e53937c07bb37a89e3213b7b3d6eea729e67,"{""id"":""DIAG_A3LINEAR_s43_cv2"",""family"":""DIAG_A3LINEAR"",""seed"":43,""fold"":2,""epochs"":10,""representation"":""A3"",""sampler"":""balanced"",""selection_eligible"":false}",C:\Users\Hngk\Documents\Codex\PUMA_STAGE2_RESEARCH_PROMPTS_1_TO_4\PROMPT_4\ARCHITECTURES\DIAG_A3LINEAR\RESULTS\RUNS\DIAG_A3LINEAR_s43_cv2\history.jsonl,b7a5821466f18ee762b6aaa7ed0edeb7e0e934bbcde91de3f539874128c057e6,10,RECOVERED_ORIGINAL_EPOCHS
4,E0_FROZEN_s17,17,-1,C:\Users\Hngk\Documents\Codex\PUMA_STAGE2_RESEARCH_PROMPTS_1_TO_4\PROMPT_4\ARCHITECTURES\E0_FROZEN\RESULTS\RUNS\E0_FROZEN_s17\config.json,c3396d671f019aa1cf54280d649d8b96718939c13eca16b6d7eadbc185415ceb,"{""id"":""E0_FROZEN_s17"",""family"":""E0_FROZEN"",""seed"":17,""fold"":-1,""epochs"":5,""representation"":""A3"",""sampler"":""balanced""}",C:\Users\Hngk\Documents\Codex\PUMA_STAGE2_RESEARCH_PROMPTS_1_TO_4\PROMPT_4\ARCHITECTURES\E0_FROZEN\RESULTS\RUNS\E0_FROZEN_s17\history.jsonl,d169dd038c3ba1414a104b55526d912077ac9b84acd7214f62514db0966fc55d,5,RECOVERED_ORIGINAL_EPOCHS
4,E0_FROZEN_s29,29,-1,C:\Users\Hngk\Documents\Codex\PUMA_STAGE2_RESEARCH_PROMPTS_1_TO_4\PROMPT_4\ARCHITECTURES\E0_FROZEN\RESULTS\RUNS\E0_FROZEN_s29\config.json,719224c9e17e5265116583bcc5d789f975e31f32995fe069841a8534815940c1,"{""id"":""E0_FROZEN_s29"",""family"":""E0_FROZEN"",""seed"":29,""fold"":-1,""epochs"":5,""representation"":""A3"",""sampler"":""balanced""}",C:\Users\Hngk\Documents\Codex\PUMA_STAGE2_RESEARCH_PROMPTS_1_TO_4\PROMPT_4\ARCHITECTURES\E0_FROZEN\RESULTS\RUNS\E0_FROZEN_s29\history.jsonl,e026dd9249e787120773a3dc447c8a24f929fa615a4345996f2ef24350e41d58,5,RECOVERED_ORIGINAL_EPOCHS
4,E0_FROZEN_s43,43,-1,C:\Users\Hngk\Documents\Codex\PUMA_STAGE2_RESEARCH_PROMPTS_1_TO_4\PROMPT_4\ARCHITECTURES\E0_FROZEN\RESULTS\RUNS\E0_FROZEN_s43\config.json,c4d6c386e87152e739389a460eb221658573ff448a449dd51d54b8d3f085282b,"{""id"":""E0_FROZEN_s43"",""family"":""E0_FROZEN"",""seed"":43,""fold"":-1,""epochs"":5,""representation"":""A3"",""sampler"":""balanced""}",C:\Users\Hngk\Documents\Codex\PUMA_STAGE2_RESEARCH_PROMPTS_1_TO_4\PROMPT_4\ARCHITECTURES\E0_FROZEN\RESULTS\RUNS\E0_FROZEN_s43\history.jsonl,b244a2602d2d208ac87f2cac11e24daf89a7cd9652f4a50a29b29f37ed4d8e80,5,RECOVERED_ORIGINAL_EPOCHS
4,E1_s17,17,NOT RECORDED IN ORIGINAL RUN,C:\Users\Hngk\Documents\Codex\PUMA_STAGE2_RESEARCH_PROMPTS_1_TO_4\PROMPT_4\ARCHITECTURES\E1_LORA\RESULTS\RUNS\E1_s17\config.json,7f188aee382982793e6f0c1f1180e226a9982af82bf51b64a982e21e32638b2e,"{""seed"":17,""epochs"":5,""representation"":""A3"",""rank"":8,""alpha"":16,""blocks"":[20,21,22,23],""targets"":[""Q"",""V""],""head_lr"":0.001,""adapter_lr"":1e-05,""weight_decay"":0.01,""microbatch"":4,""effective_batch"":64,""prefix_cache"":""blocks0–19 FP32"",""params"":224474,""adapter_params"":196608,""coordinate_source"":""GT"",""train"":300,""val"":150,""selection"":""fixed epoch5; all epochs diagnostic logging""}",C:\Users\Hngk\Documents\Codex\PUMA_STAGE2_RESEARCH_PROMPTS_1_TO_4\PROMPT_4\ARCHITECTURES\E1_LORA\RESULTS\RUNS\E1_s17\history.jsonl,d32dd27cd934c61de25137e812ff29cde0e837b8daee87e0fee84299a8e238db,5,RECOVERED_ORIGINAL_EPOCHS
4,E1_s29,29,NOT RECORDED IN ORIGINAL RUN,C:\Users\Hngk\Documents\Codex\PUMA_STAGE2_RESEARCH_PROMPTS_1_TO_4\PROMPT_4\ARCHITECTURES\E1_LORA\RESULTS\RUNS\E1_s29\config.json,b2a3284e2dbe1aa6d438e1bec211537c1fa26e4890ec977d5c4350e174ab2f57,"{""seed"":29,""epochs"":5,""representation"":""A3"",""rank"":8,""alpha"":16,""blocks"":[20,21,22,23],""targets"":[""Q"",""V""],""head_lr"":0.001,""adapter_lr"":1e-05,""weight_decay"":0.01,""microbatch"":4,""effective_batch"":64,""prefix_cache"":""blocks0–19 FP32"",""params"":224474,""adapter_params"":196608,""coordinate_source"":""GT"",""train"":300,""val"":150,""selection"":""fixed epoch5; all epochs diagnostic logging""}",C:\Users\Hngk\Documents\Codex\PUMA_STAGE2_RESEARCH_PROMPTS_1_TO_4\PROMPT_4\ARCHITECTURES\E1_LORA\RESULTS\RUNS\E1_s29\history.jsonl,000c6a1ce7631513eb73dc5871ca7f295749a537a653d697816f4a6cb25ca2a8,5,RECOVERED_ORIGINAL_EPOCHS
4,E1_s43,43,NOT RECORDED IN ORIGINAL RUN,C:\Users\Hngk\Documents\Codex\PUMA_STAGE2_RESEARCH_PROMPTS_1_TO_4\PROMPT_4\ARCHITECTURES\E1_LORA\RESULTS\RUNS\E1_s43\config.json,580325ea840930ed01b783afe3a7392ad7367357698f32eb38f65349b193eeca,"{""seed"":43,""epochs"":5,""representation"":""A3"",""rank"":8,""alpha"":16,""blocks"":[20,21,22,23],""targets"":[""Q"",""V""],""head_lr"":0.001,""adapter_lr"":1e-05,""weight_decay"":0.01,""microbatch"":4,""effective_batch"":64,""prefix_cache"":""blocks0–19 FP32"",""params"":224474,""adapter_params"":196608,""coordinate_source"":""GT"",""train"":300,""val"":150,""selection"":""fixed epoch5; all epochs diagnostic logging""}",C:\Users\Hngk\Documents\Codex\PUMA_STAGE2_RESEARCH_PROMPTS_1_TO_4\PROMPT_4\ARCHITECTURES\E1_LORA\RESULTS\RUNS\E1_s43\history.jsonl,c3c640afeb7db34f57343b587b934925c4b1e7650f6fd64193f78209af147b97,5,RECOVERED_ORIGINAL_EPOCHS
4,FINAL_A3_s17,17,-1,C:\Users\Hngk\Documents\Codex\PUMA_STAGE2_RESEARCH_PROMPTS_1_TO_4\PROMPT_4\ARCHITECTURES\FINAL_A3\RESULTS\RUNS\FINAL_A3_s17\config.json,cb9b473128b632842dbabc1843062821a3a45c051ba55e6f3d5e559ddfaca23c,"{""id"":""FINAL_A3_s17"",""family"":""FINAL_A3"",""seed"":17,""fold"":-1,""epochs"":10,""representation"":""A3"",""sampler"":""balanced"",""role"":""fixed candidate confirmation on reused original150; no runner-up shopping""}",C:\Users\Hngk\Documents\Codex\PUMA_STAGE2_RESEARCH_PROMPTS_1_TO_4\PROMPT_4\ARCHITECTURES\FINAL_A3\RESULTS\RUNS\FINAL_A3_s17\history.jsonl,aae0349c1cab079efa4b2b113d4d2175d0ed515677964400f49bb4838ea73804,10,RECOVERED_ORIGINAL_EPOCHS
4,FINAL_A3_s29,29,-1,C:\Users\Hngk\Documents\Codex\PUMA_STAGE2_RESEARCH_PROMPTS_1_TO_4\PROMPT_4\ARCHITECTURES\FINAL_A3\RESULTS\RUNS\FINAL_A3_s29\config.json,744fb1193be180a851a15343ac13db154630d9448c77b74d9343596862e4c889,"{""id"":""FINAL_A3_s29"",""family"":""FINAL_A3"",""seed"":29,""fold"":-1,""epochs"":10,""representation"":""A3"",""sampler"":""balanced"",""role"":""fixed candidate confirmation on reused original150; no runner-up shopping""}",C:\Users\Hngk\Documents\Codex\PUMA_STAGE2_RESEARCH_PROMPTS_1_TO_4\PROMPT_4\ARCHITECTURES\FINAL_A3\RESULTS\RUNS\FINAL_A3_s29\history.jsonl,f5dd62b6f47bcefbb22d1ddde8c773ed2ee4a6a13869c3c5e89f28ed859ba1e7,10,RECOVERED_ORIGINAL_EPOCHS
4,FINAL_A3_s43,43,-1,C:\Users\Hngk\Documents\Codex\PUMA_STAGE2_RESEARCH_PROMPTS_1_TO_4\PROMPT_4\ARCHITECTURES\FINAL_A3\RESULTS\RUNS\FINAL_A3_s43\config.json,49b1d4ce0f496534d0f9090a3360ad670f3867ecf65a9d4766eab082da47defa,"{""id"":""FINAL_A3_s43"",""family"":""FINAL_A3"",""seed"":43,""fold"":-1,""epochs"":10,""representation"":""A3"",""sampler"":""balanced"",""role"":""fixed candidate confirmation on reused original150; no runner-up shopping""}",C:\Users\Hngk\Documents\Codex\PUMA_STAGE2_RESEARCH_PROMPTS_1_TO_4\PROMPT_4\ARCHITECTURES\FINAL_A3\RESULTS\RUNS\FINAL_A3_s43\history.jsonl,058c68331958b78d0003e74815f88fabcd8d52c9dc1d62e098691df05709e3c8,10,RECOVERED_ORIGINAL_EPOCHS
4,p3_A5_placebo_s17_cv0,17,0,C:\Users\Hngk\Documents\Codex\PUMA_STAGE2_RESEARCH_PROMPTS_1_TO_4\PROMPT_4\ARCHITECTURES\FINAL_RECOMMENDED_A5\RESULTS\RUNS\p3_A5_placebo_s17_cv0\config.json,bb5e0feedeb1a5f5bd1f34f566f9e263b28c4f82ddea04e8ed9d58f9ba8011dc,"{""id"":""p3_A5_placebo_s17_cv0"",""architecture"":""A5"",""control"":""placebo"",""seed"":17,""fold"":0,""epochs"":10,""lr"":0.001,""weight_decay"":0.01,""sampler"":""balanced"",""tau"":0}",C:\Users\Hngk\Documents\Codex\PUMA_STAGE2_RESEARCH_PROMPTS_1_TO_4\PROMPT_4\ARCHITECTURES\FINAL_RECOMMENDED_A5\RESULTS\RUNS\p3_A5_placebo_s17_cv0\history.jsonl,31ccc52b3826a209111c9596261759f56fd0763ee90e1c26dc536f5175dab201,10,RECOVERED_ORIGINAL_EPOCHS
4,p3_A5_placebo_s17_cv1,17,1,C:\Users\Hngk\Documents\Codex\PUMA_STAGE2_RESEARCH_PROMPTS_1_TO_4\PROMPT_4\ARCHITECTURES\FINAL_RECOMMENDED_A5\RESULTS\RUNS\p3_A5_placebo_s17_cv1\config.json,c3baca72c18462db2e3a367987470580dfdc293d92c52c8cbd082d2c6dc25b0f,"{""id"":""p3_A5_placebo_s17_cv1"",""architecture"":""A5"",""control"":""placebo"",""seed"":17,""fold"":1,""epochs"":10,""lr"":0.001,""weight_decay"":0.01,""sampler"":""balanced"",""tau"":0}",C:\Users\Hngk\Documents\Codex\PUMA_STAGE2_RESEARCH_PROMPTS_1_TO_4\PROMPT_4\ARCHITECTURES\FINAL_RECOMMENDED_A5\RESULTS\RUNS\p3_A5_placebo_s17_cv1\history.jsonl,aaed4f80ca37ece38d88fcc36726df6ffe09c1eec0a0224f83576fc757e67973,10,RECOVERED_ORIGINAL_EPOCHS
4,p3_A5_placebo_s17_cv2,17,2,C:\Users\Hngk\Documents\Codex\PUMA_STAGE2_RESEARCH_PROMPTS_1_TO_4\PROMPT_4\ARCHITECTURES\FINAL_RECOMMENDED_A5\RESULTS\RUNS\p3_A5_placebo_s17_cv2\config.json,ae6c97eee96fdebca190212266208373fbe2ba78cd28b39bbc7b9c6f807a7abe,"{""id"":""p3_A5_placebo_s17_cv2"",""architecture"":""A5"",""control"":""placebo"",""seed"":17,""fold"":2,""epochs"":10,""lr"":0.001,""weight_decay"":0.01,""sampler"":""balanced"",""tau"":0}",C:\Users\Hngk\Documents\Codex\PUMA_STAGE2_RESEARCH_PROMPTS_1_TO_4\PROMPT_4\ARCHITECTURES\FINAL_RECOMMENDED_A5\RESULTS\RUNS\p3_A5_placebo_s17_cv2\history.jsonl,336f8bb3ca22959db762a08277a843c0f0bf060bcb582e4402a2d82841d1ba99,10,RECOVERED_ORIGINAL_EPOCHS
4,p3_A5_placebo_s29_cv0,29,0,C:\Users\Hngk\Documents\Codex\PUMA_STAGE2_RESEARCH_PROMPTS_1_TO_4\PROMPT_4\ARCHITECTURES\FINAL_RECOMMENDED_A5\RESULTS\RUNS\p3_A5_placebo_s29_cv0\config.json,e04e59d5a2499d8b107a922a91a74f6ce0009ce71a2627eb106452571018b246,"{""id"":""p3_A5_placebo_s29_cv0"",""architecture"":""A5"",""control"":""placebo"",""seed"":29,""fold"":0,""epochs"":10,""lr"":0.001,""weight_decay"":0.01,""sampler"":""balanced"",""tau"":0}",C:\Users\Hngk\Documents\Codex\PUMA_STAGE2_RESEARCH_PROMPTS_1_TO_4\PROMPT_4\ARCHITECTURES\FINAL_RECOMMENDED_A5\RESULTS\RUNS\p3_A5_placebo_s29_cv0\history.jsonl,eab523a7a4a73ce3976a86a916b8f4211a5294d5a9e06cc7dc366646b700abe1,10,RECOVERED_ORIGINAL_EPOCHS
4,p3_A5_placebo_s29_cv1,29,1,C:\Users\Hngk\Documents\Codex\PUMA_STAGE2_RESEARCH_PROMPTS_1_TO_4\PROMPT_4\ARCHITECTURES\FINAL_RECOMMENDED_A5\RESULTS\RUNS\p3_A5_placebo_s29_cv1\config.json,be3377b022626cba6df8b1786d9b3614d15f3c3c4eb5438b6ac8c82fb2b8e432,"{""id"":""p3_A5_placebo_s29_cv1"",""architecture"":""A5"",""control"":""placebo"",""seed"":29,""fold"":1,""epochs"":10,""lr"":0.001,""weight_decay"":0.01,""sampler"":""balanced"",""tau"":0}",C:\Users\Hngk\Documents\Codex\PUMA_STAGE2_RESEARCH_PROMPTS_1_TO_4\PROMPT_4\ARCHITECTURES\FINAL_RECOMMENDED_A5\RESULTS\RUNS\p3_A5_placebo_s29_cv1\history.jsonl,9d3dd18f5ebe6c2c29b825e763438fcdb7f9a4cfb7c9e6f6cf1eaaae895c8d53,10,RECOVERED_ORIGINAL_EPOCHS
4,p3_A5_placebo_s29_cv2,29,2,C:\Users\Hngk\Documents\Codex\PUMA_STAGE2_RESEARCH_PROMPTS_1_TO_4\PROMPT_4\ARCHITECTURES\FINAL_RECOMMENDED_A5\RESULTS\RUNS\p3_A5_placebo_s29_cv2\config.json,07177d5ec7d519dfcb2c5ba329baa0bca05c901800f0431b9878dd98320a54bf,"{""id"":""p3_A5_placebo_s29_cv2"",""architecture"":""A5"",""control"":""placebo"",""seed"":29,""fold"":2,""epochs"":10,""lr"":0.001,""weight_decay"":0.01,""sampler"":""balanced"",""tau"":0}",C:\Users\Hngk\Documents\Codex\PUMA_STAGE2_RESEARCH_PROMPTS_1_TO_4\PROMPT_4\ARCHITECTURES\FINAL_RECOMMENDED_A5\RESULTS\RUNS\p3_A5_placebo_s29_cv2\history.jsonl,e6ea79768c975085a8f72106273886c6ec17efc5a734d9519d7392976141efab,10,RECOVERED_ORIGINAL_EPOCHS
4,p3_A5_placebo_s43_cv0,43,0,C:\Users\Hngk\Documents\Codex\PUMA_STAGE2_RESEARCH_PROMPTS_1_TO_4\PROMPT_4\ARCHITECTURES\FINAL_RECOMMENDED_A5\RESULTS\RUNS\p3_A5_placebo_s43_cv0\config.json,392f177b3c99deaaec5153d5626a4ec0711f43f25357af5fabc1feba889635f3,"{""id"":""p3_A5_placebo_s43_cv0"",""architecture"":""A5"",""control"":""placebo"",""seed"":43,""fold"":0,""epochs"":10,""lr"":0.001,""weight_decay"":0.01,""sampler"":""balanced"",""tau"":0}",C:\Users\Hngk\Documents\Codex\PUMA_STAGE2_RESEARCH_PROMPTS_1_TO_4\PROMPT_4\ARCHITECTURES\FINAL_RECOMMENDED_A5\RESULTS\RUNS\p3_A5_placebo_s43_cv0\history.jsonl,b3f00f66cc92ba5b31476ea8d8f6e8f39510d39df46af92690f097ee73e49daa,10,RECOVERED_ORIGINAL_EPOCHS
4,p3_A5_placebo_s43_cv1,43,1,C:\Users\Hngk\Documents\Codex\PUMA_STAGE2_RESEARCH_PROMPTS_1_TO_4\PROMPT_4\ARCHITECTURES\FINAL_RECOMMENDED_A5\RESULTS\RUNS\p3_A5_placebo_s43_cv1\config.json,5a36c5c314456498e8821eaf040ce47d972a2de97c1921381960965d2034acdb,"{""id"":""p3_A5_placebo_s43_cv1"",""architecture"":""A5"",""control"":""placebo"",""seed"":43,""fold"":1,""epochs"":10,""lr"":0.001,""weight_decay"":0.01,""sampler"":""balanced"",""tau"":0}",C:\Users\Hngk\Documents\Codex\PUMA_STAGE2_RESEARCH_PROMPTS_1_TO_4\PROMPT_4\ARCHITECTURES\FINAL_RECOMMENDED_A5\RESULTS\RUNS\p3_A5_placebo_s43_cv1\history.jsonl,6f352fbc7ba6c45c5bd1ecc923168c0d19c961bfa3e9602be2e36aa010890162,10,RECOVERED_ORIGINAL_EPOCHS
4,p3_A5_placebo_s43_cv2,43,2,C:\Users\Hngk\Documents\Codex\PUMA_STAGE2_RESEARCH_PROMPTS_1_TO_4\PROMPT_4\ARCHITECTURES\FINAL_RECOMMENDED_A5\RESULTS\RUNS\p3_A5_placebo_s43_cv2\config.json,20f87fd60a6bca7dbfca2797102850621be228f8d6a26780e8604542e6f9d44f,"{""id"":""p3_A5_placebo_s43_cv2"",""architecture"":""A5"",""control"":""placebo"",""seed"":43,""fold"":2,""epochs"":10,""lr"":0.001,""weight_decay"":0.01,""sampler"":""balanced"",""tau"":0}",C:\Users\Hngk\Documents\Codex\PUMA_STAGE2_RESEARCH_PROMPTS_1_TO_4\PROMPT_4\ARCHITECTURES\FINAL_RECOMMENDED_A5\RESULTS\RUNS\p3_A5_placebo_s43_cv2\history.jsonl,2bdb64c144d0cacdeda30b3365dd38749670a97b58a3e1f54e984294469461e2,10,RECOVERED_ORIGINAL_EPOCHS
4,p3_A5_real_s17_cv0,17,0,C:\Users\Hngk\Documents\Codex\PUMA_STAGE2_RESEARCH_PROMPTS_1_TO_4\PROMPT_4\ARCHITECTURES\FINAL_RECOMMENDED_A5\RESULTS\RUNS\p3_A5_real_s17_cv0\config.json,865f7a48c834408753f1e6b2ef19b751412b967e731b1b777c21a2900f9ee723,"{""id"":""p3_A5_real_s17_cv0"",""architecture"":""A5"",""control"":""real"",""seed"":17,""fold"":0,""epochs"":10,""lr"":0.001,""weight_decay"":0.01,""sampler"":""balanced"",""tau"":0}",C:\Users\Hngk\Documents\Codex\PUMA_STAGE2_RESEARCH_PROMPTS_1_TO_4\PROMPT_4\ARCHITECTURES\FINAL_RECOMMENDED_A5\RESULTS\RUNS\p3_A5_real_s17_cv0\history.jsonl,b38bd9842e91aed03ac01ac1e24d831c45e5b46eb04aaea593e7005843abc811,10,RECOVERED_ORIGINAL_EPOCHS
4,p3_A5_real_s17_cv1,17,1,C:\Users\Hngk\Documents\Codex\PUMA_STAGE2_RESEARCH_PROMPTS_1_TO_4\PROMPT_4\ARCHITECTURES\FINAL_RECOMMENDED_A5\RESULTS\RUNS\p3_A5_real_s17_cv1\config.json,e504bdb534bdefa6229ec47bac576cba267adffb5bf2fc13879315765bba5fcc,"{""id"":""p3_A5_real_s17_cv1"",""architecture"":""A5"",""control"":""real"",""seed"":17,""fold"":1,""epochs"":10,""lr"":0.001,""weight_decay"":0.01,""sampler"":""balanced"",""tau"":0}",C:\Users\Hngk\Documents\Codex\PUMA_STAGE2_RESEARCH_PROMPTS_1_TO_4\PROMPT_4\ARCHITECTURES\FINAL_RECOMMENDED_A5\RESULTS\RUNS\p3_A5_real_s17_cv1\history.jsonl,3f8c67a3c85635d67f17dd1c3b4ea82a19b92b94bd32184f0c8e59e90d22b355,10,RECOVERED_ORIGINAL_EPOCHS
4,p3_A5_real_s17_cv2,17,2,C:\Users\Hngk\Documents\Codex\PUMA_STAGE2_RESEARCH_PROMPTS_1_TO_4\PROMPT_4\ARCHITECTURES\FINAL_RECOMMENDED_A5\RESULTS\RUNS\p3_A5_real_s17_cv2\config.json,546e88db6c58a2cc27a442d98b974cff69e2ad52155508990bd8d5470e895c51,"{""id"":""p3_A5_real_s17_cv2"",""architecture"":""A5"",""control"":""real"",""seed"":17,""fold"":2,""epochs"":10,""lr"":0.001,""weight_decay"":0.01,""sampler"":""balanced"",""tau"":0}",C:\Users\Hngk\Documents\Codex\PUMA_STAGE2_RESEARCH_PROMPTS_1_TO_4\PROMPT_4\ARCHITECTURES\FINAL_RECOMMENDED_A5\RESULTS\RUNS\p3_A5_real_s17_cv2\history.jsonl,73583d8710bce2ac65add0a2a2b41804ec348e456de15925611fa2949c1cd7a6,10,RECOVERED_ORIGINAL_EPOCHS
4,p3_A5_real_s29_cv0,29,0,C:\Users\Hngk\Documents\Codex\PUMA_STAGE2_RESEARCH_PROMPTS_1_TO_4\PROMPT_4\ARCHITECTURES\FINAL_RECOMMENDED_A5\RESULTS\RUNS\p3_A5_real_s29_cv0\config.json,cf440ede492e967d9c0a40da98b96b72644ef371eaf7e891856901c31c306f2c,"{""id"":""p3_A5_real_s29_cv0"",""architecture"":""A5"",""control"":""real"",""seed"":29,""fold"":0,""epochs"":10,""lr"":0.001,""weight_decay"":0.01,""sampler"":""balanced"",""tau"":0}",C:\Users\Hngk\Documents\Codex\PUMA_STAGE2_RESEARCH_PROMPTS_1_TO_4\PROMPT_4\ARCHITECTURES\FINAL_RECOMMENDED_A5\RESULTS\RUNS\p3_A5_real_s29_cv0\history.jsonl,ea4187034c03502963100c4183804fc0b43dae0fc557a4cbbde9108ee1cae4cb,10,RECOVERED_ORIGINAL_EPOCHS
4,p3_A5_real_s29_cv1,29,1,C:\Users\Hngk\Documents\Codex\PUMA_STAGE2_RESEARCH_PROMPTS_1_TO_4\PROMPT_4\ARCHITECTURES\FINAL_RECOMMENDED_A5\RESULTS\RUNS\p3_A5_real_s29_cv1\config.json,e19a6e6b5f59e07b3e1d51457a1b3ce70a1a4317bb279939d65fbf1c65e3e05e,"{""id"":""p3_A5_real_s29_cv1"",""architecture"":""A5"",""control"":""real"",""seed"":29,""fold"":1,""epochs"":10,""lr"":0.001,""weight_decay"":0.01,""sampler"":""balanced"",""tau"":0}",C:\Users\Hngk\Documents\Codex\PUMA_STAGE2_RESEARCH_PROMPTS_1_TO_4\PROMPT_4\ARCHITECTURES\FINAL_RECOMMENDED_A5\RESULTS\RUNS\p3_A5_real_s29_cv1\history.jsonl,1f5798e397e8dcf695d12ec8b9064c64ef4e0f8e72387440ef2531554ea7f15f,10,RECOVERED_ORIGINAL_EPOCHS
4,p3_A5_real_s29_cv2,29,2,C:\Users\Hngk\Documents\Codex\PUMA_STAGE2_RESEARCH_PROMPTS_1_TO_4\PROMPT_4\ARCHITECTURES\FINAL_RECOMMENDED_A5\RESULTS\RUNS\p3_A5_real_s29_cv2\config.json,8dcab30db3df5d42fa0ae354ab773ebd6a53179fca2c813a2cacee9515ff3b7b,"{""id"":""p3_A5_real_s29_cv2"",""architecture"":""A5"",""control"":""real"",""seed"":29,""fold"":2,""epochs"":10,""lr"":0.001,""weight_decay"":0.01,""sampler"":""balanced"",""tau"":0}",C:\Users\Hngk\Documents\Codex\PUMA_STAGE2_RESEARCH_PROMPTS_1_TO_4\PROMPT_4\ARCHITECTURES\FINAL_RECOMMENDED_A5\RESULTS\RUNS\p3_A5_real_s29_cv2\history.jsonl,a9a26138b1aa3468a333765fea08229d08d90dda4005b0481dbfe12ca9708100,10,RECOVERED_ORIGINAL_EPOCHS
4,p3_A5_real_s43_cv0,43,0,C:\Users\Hngk\Documents\Codex\PUMA_STAGE2_RESEARCH_PROMPTS_1_TO_4\PROMPT_4\ARCHITECTURES\FINAL_RECOMMENDED_A5\RESULTS\RUNS\p3_A5_real_s43_cv0\config.json,c87792b16f7a749e3b486e05bf4dc3cc9722efd25b27ec3edfc2b70e09fcc963,"{""id"":""p3_A5_real_s43_cv0"",""architecture"":""A5"",""control"":""real"",""seed"":43,""fold"":0,""epochs"":10,""lr"":0.001,""weight_decay"":0.01,""sampler"":""balanced"",""tau"":0}",C:\Users\Hngk\Documents\Codex\PUMA_STAGE2_RESEARCH_PROMPTS_1_TO_4\PROMPT_4\ARCHITECTURES\FINAL_RECOMMENDED_A5\RESULTS\RUNS\p3_A5_real_s43_cv0\history.jsonl,454f7e54a68d043b510311f4a818a5b6b37ef694e04be52aee95515a0040a3ad,10,RECOVERED_ORIGINAL_EPOCHS
4,p3_A5_real_s43_cv1,43,1,C:\Users\Hngk\Documents\Codex\PUMA_STAGE2_RESEARCH_PROMPTS_1_TO_4\PROMPT_4\ARCHITECTURES\FINAL_RECOMMENDED_A5\RESULTS\RUNS\p3_A5_real_s43_cv1\config.json,9d2dc8d82505518f92ab93870fb1bd478742cdee2683a3b9193546333bfbc403,"{""id"":""p3_A5_real_s43_cv1"",""architecture"":""A5"",""control"":""real"",""seed"":43,""fold"":1,""epochs"":10,""lr"":0.001,""weight_decay"":0.01,""sampler"":""balanced"",""tau"":0}",C:\Users\Hngk\Documents\Codex\PUMA_STAGE2_RESEARCH_PROMPTS_1_TO_4\PROMPT_4\ARCHITECTURES\FINAL_RECOMMENDED_A5\RESULTS\RUNS\p3_A5_real_s43_cv1\history.jsonl,5a8868b0c397f0e3c31ef388cb909bd5f120a93e3584e1db68befbc2c32062db,10,RECOVERED_ORIGINAL_EPOCHS
4,p3_A5_real_s43_cv2,43,2,C:\Users\Hngk\Documents\Codex\PUMA_STAGE2_RESEARCH_PROMPTS_1_TO_4\PROMPT_4\ARCHITECTURES\FINAL_RECOMMENDED_A5\RESULTS\RUNS\p3_A5_real_s43_cv2\config.json,4a4f76c445b7b8896e112b1653bebaa045ac665571819fcd336c9e545a5e5649,"{""id"":""p3_A5_real_s43_cv2"",""architecture"":""A5"",""control"":""real"",""seed"":43,""fold"":2,""epochs"":10,""lr"":0.001,""weight_decay"":0.01,""sampler"":""balanced"",""tau"":0}",C:\Users\Hngk\Documents\Codex\PUMA_STAGE2_RESEARCH_PROMPTS_1_TO_4\PROMPT_4\ARCHITECTURES\FINAL_RECOMMENDED_A5\RESULTS\RUNS\p3_A5_real_s43_cv2\history.jsonl,a88d3b53a96a340b5e06a177e0ba1321284914159578fddb1bebcad9712e9cb7,10,RECOVERED_ORIGINAL_EPOCHS
4,p3_A5_shuffle_s17_cv0,17,0,C:\Users\Hngk\Documents\Codex\PUMA_STAGE2_RESEARCH_PROMPTS_1_TO_4\PROMPT_4\ARCHITECTURES\FINAL_RECOMMENDED_A5\RESULTS\RUNS\p3_A5_shuffle_s17_cv0\config.json,fa18f3984d8d35a9055540040e844a5451c2963142051a3dea6777a88090734b,"{""id"":""p3_A5_shuffle_s17_cv0"",""architecture"":""A5"",""control"":""shuffle"",""seed"":17,""fold"":0,""epochs"":10,""lr"":0.001,""weight_decay"":0.01,""sampler"":""balanced"",""tau"":0}",C:\Users\Hngk\Documents\Codex\PUMA_STAGE2_RESEARCH_PROMPTS_1_TO_4\PROMPT_4\ARCHITECTURES\FINAL_RECOMMENDED_A5\RESULTS\RUNS\p3_A5_shuffle_s17_cv0\history.jsonl,4a3f623cefba13e4894b997cd55a23d638a66cd88573d2a3171df4fc05d6eebf,10,RECOVERED_ORIGINAL_EPOCHS
4,p3_A5_shuffle_s17_cv1,17,1,C:\Users\Hngk\Documents\Codex\PUMA_STAGE2_RESEARCH_PROMPTS_1_TO_4\PROMPT_4\ARCHITECTURES\FINAL_RECOMMENDED_A5\RESULTS\RUNS\p3_A5_shuffle_s17_cv1\config.json,d7eab0fbebcd1e3fe3e06c934ce0d13e50afdae8212f8531f28e1dc097397f94,"{""id"":""p3_A5_shuffle_s17_cv1"",""architecture"":""A5"",""control"":""shuffle"",""seed"":17,""fold"":1,""epochs"":10,""lr"":0.001,""weight_decay"":0.01,""sampler"":""balanced"",""tau"":0}",C:\Users\Hngk\Documents\Codex\PUMA_STAGE2_RESEARCH_PROMPTS_1_TO_4\PROMPT_4\ARCHITECTURES\FINAL_RECOMMENDED_A5\RESULTS\RUNS\p3_A5_shuffle_s17_cv1\history.jsonl,fb94ccd0a112546d48c07b328a10cf3c0c0e5b84d9836801c72fe3ea9f065fed,10,RECOVERED_ORIGINAL_EPOCHS
4,p3_A5_shuffle_s17_cv2,17,2,C:\Users\Hngk\Documents\Codex\PUMA_STAGE2_RESEARCH_PROMPTS_1_TO_4\PROMPT_4\ARCHITECTURES\FINAL_RECOMMENDED_A5\RESULTS\RUNS\p3_A5_shuffle_s17_cv2\config.json,ef1bfb733991cfcae8c96e4884ae4f856e20e9869b50fa11ca9507b96a2e1a84,"{""id"":""p3_A5_shuffle_s17_cv2"",""architecture"":""A5"",""control"":""shuffle"",""seed"":17,""fold"":2,""epochs"":10,""lr"":0.001,""weight_decay"":0.01,""sampler"":""balanced"",""tau"":0}",C:\Users\Hngk\Documents\Codex\PUMA_STAGE2_RESEARCH_PROMPTS_1_TO_4\PROMPT_4\ARCHITECTURES\FINAL_RECOMMENDED_A5\RESULTS\RUNS\p3_A5_shuffle_s17_cv2\history.jsonl,ee9526ec811d8580bd02b2205b6e7b0de273610bc4a5b15ccfda23199664a4a5,10,RECOVERED_ORIGINAL_EPOCHS
4,p3_A5_shuffle_s29_cv0,29,0,C:\Users\Hngk\Documents\Codex\PUMA_STAGE2_RESEARCH_PROMPTS_1_TO_4\PROMPT_4\ARCHITECTURES\FINAL_RECOMMENDED_A5\RESULTS\RUNS\p3_A5_shuffle_s29_cv0\config.json,6811d3f5aea642a2f5e94e7920d3aa72d48dc8472ac8011867db5d17df901ff0,"{""id"":""p3_A5_shuffle_s29_cv0"",""architecture"":""A5"",""control"":""shuffle"",""seed"":29,""fold"":0,""epochs"":10,""lr"":0.001,""weight_decay"":0.01,""sampler"":""balanced"",""tau"":0}",C:\Users\Hngk\Documents\Codex\PUMA_STAGE2_RESEARCH_PROMPTS_1_TO_4\PROMPT_4\ARCHITECTURES\FINAL_RECOMMENDED_A5\RESULTS\RUNS\p3_A5_shuffle_s29_cv0\history.jsonl,0a8a7eca50344ca02cdfef4239e4c22d2f7cac3263c1a08fbe170a997ad13405,10,RECOVERED_ORIGINAL_EPOCHS
4,p3_A5_shuffle_s29_cv1,29,1,C:\Users\Hngk\Documents\Codex\PUMA_STAGE2_RESEARCH_PROMPTS_1_TO_4\PROMPT_4\ARCHITECTURES\FINAL_RECOMMENDED_A5\RESULTS\RUNS\p3_A5_shuffle_s29_cv1\config.json,17ecbde9257fba20a7d89ba1952ccae77bce44d545e871fa7b5df547152482a6,"{""id"":""p3_A5_shuffle_s29_cv1"",""architecture"":""A5"",""control"":""shuffle"",""seed"":29,""fold"":1,""epochs"":10,""lr"":0.001,""weight_decay"":0.01,""sampler"":""balanced"",""tau"":0}",C:\Users\Hngk\Documents\Codex\PUMA_STAGE2_RESEARCH_PROMPTS_1_TO_4\PROMPT_4\ARCHITECTURES\FINAL_RECOMMENDED_A5\RESULTS\RUNS\p3_A5_shuffle_s29_cv1\history.jsonl,225ffff3bbbfccdeb12f70872463ed82f359a102b97eb7b3d806dff380f3fd26,10,RECOVERED_ORIGINAL_EPOCHS
4,p3_A5_shuffle_s29_cv2,29,2,C:\Users\Hngk\Documents\Codex\PUMA_STAGE2_RESEARCH_PROMPTS_1_TO_4\PROMPT_4\ARCHITECTURES\FINAL_RECOMMENDED_A5\RESULTS\RUNS\p3_A5_shuffle_s29_cv2\config.json,1694fe957911978ace3b4b1ca5d042b9e24e5309832ddff57b2981d0996de6f8,"{""id"":""p3_A5_shuffle_s29_cv2"",""architecture"":""A5"",""control"":""shuffle"",""seed"":29,""fold"":2,""epochs"":10,""lr"":0.001,""weight_decay"":0.01,""sampler"":""balanced"",""tau"":0}",C:\Users\Hngk\Documents\Codex\PUMA_STAGE2_RESEARCH_PROMPTS_1_TO_4\PROMPT_4\ARCHITECTURES\FINAL_RECOMMENDED_A5\RESULTS\RUNS\p3_A5_shuffle_s29_cv2\history.jsonl,5804a805b8d8578b1378e513d121d4fde047ff22b38c2a3081d4db28fe2d7d2f,10,RECOVERED_ORIGINAL_EPOCHS
4,p3_A5_shuffle_s43_cv0,43,0,C:\Users\Hngk\Documents\Codex\PUMA_STAGE2_RESEARCH_PROMPTS_1_TO_4\PROMPT_4\ARCHITECTURES\FINAL_RECOMMENDED_A5\RESULTS\RUNS\p3_A5_shuffle_s43_cv0\config.json,8f3a15540f55abd5f5b2f6a9df3e0e6033db2ec1863c993717106f09921b6c32,"{""id"":""p3_A5_shuffle_s43_cv0"",""architecture"":""A5"",""control"":""shuffle"",""seed"":43,""fold"":0,""epochs"":10,""lr"":0.001,""weight_decay"":0.01,""sampler"":""balanced"",""tau"":0}",C:\Users\Hngk\Documents\Codex\PUMA_STAGE2_RESEARCH_PROMPTS_1_TO_4\PROMPT_4\ARCHITECTURES\FINAL_RECOMMENDED_A5\RESULTS\RUNS\p3_A5_shuffle_s43_cv0\history.jsonl,a56cd85f01b9a248c8b12d46f06b0b2b93bb0e6ed096b193aaa698a00b20a2cd,10,RECOVERED_ORIGINAL_EPOCHS
4,p3_A5_shuffle_s43_cv1,43,1,C:\Users\Hngk\Documents\Codex\PUMA_STAGE2_RESEARCH_PROMPTS_1_TO_4\PROMPT_4\ARCHITECTURES\FINAL_RECOMMENDED_A5\RESULTS\RUNS\p3_A5_shuffle_s43_cv1\config.json,e33f87a49412c58647407fdc76aeb2d42035c5580eac36edf3adb4363dbd0c21,"{""id"":""p3_A5_shuffle_s43_cv1"",""architecture"":""A5"",""control"":""shuffle"",""seed"":43,""fold"":1,""epochs"":10,""lr"":0.001,""weight_decay"":0.01,""sampler"":""balanced"",""tau"":0}",C:\Users\Hngk\Documents\Codex\PUMA_STAGE2_RESEARCH_PROMPTS_1_TO_4\PROMPT_4\ARCHITECTURES\FINAL_RECOMMENDED_A5\RESULTS\RUNS\p3_A5_shuffle_s43_cv1\history.jsonl,bff7913b5bdca0019aee76be2b49fb9b8ecac21f80bd324f2bb0a49b7a782504,10,RECOVERED_ORIGINAL_EPOCHS
4,p3_A5_shuffle_s43_cv2,43,2,C:\Users\Hngk\Documents\Codex\PUMA_STAGE2_RESEARCH_PROMPTS_1_TO_4\PROMPT_4\ARCHITECTURES\FINAL_RECOMMENDED_A5\RESULTS\RUNS\p3_A5_shuffle_s43_cv2\config.json,0641e65647d0c12355910a08010cae68cb10049a99a5725711756242cee0cba7,"{""id"":""p3_A5_shuffle_s43_cv2"",""architecture"":""A5"",""control"":""shuffle"",""seed"":43,""fold"":2,""epochs"":10,""lr"":0.001,""weight_decay"":0.01,""sampler"":""balanced"",""tau"":0}",C:\Users\Hngk\Documents\Codex\PUMA_STAGE2_RESEARCH_PROMPTS_1_TO_4\PROMPT_4\ARCHITECTURES\FINAL_RECOMMENDED_A5\RESULTS\RUNS\p3_A5_shuffle_s43_cv2\history.jsonl,7973f7a9f9ddab8f0542d398ab3992e251557167d6ee6ae0d9a2a17b1313db1a,10,RECOVERED_ORIGINAL_EPOCHS
4,p3_confirm_A5_s17,17,-1,C:\Users\Hngk\Documents\Codex\PUMA_STAGE2_RESEARCH_PROMPTS_1_TO_4\PROMPT_4\ARCHITECTURES\FINAL_RECOMMENDED_A5\RESULTS\RUNS\p3_confirm_A5_s17\config.json,c695a9b068e47ae4133c8f6e5b0d5cf72ac78dd74c10ab55619d30844a5a08be,"{""id"":""p3_confirm_A5_s17"",""architecture"":""A5"",""control"":""real"",""seed"":17,""fold"":-1,""epochs"":10,""lr"":0.001,""weight_decay"":0.01,""sampler"":""balanced"",""tau"":0,""evaluation"":""one post-selection confirmation on reused original150; not external""}",C:\Users\Hngk\Documents\Codex\PUMA_STAGE2_RESEARCH_PROMPTS_1_TO_4\PROMPT_4\ARCHITECTURES\FINAL_RECOMMENDED_A5\RESULTS\RUNS\p3_confirm_A5_s17\history.jsonl,31cff73b3b0825fe003b65155b0561f1839f3d86cc43507b6db698015e107082,10,RECOVERED_ORIGINAL_EPOCHS
4,p3_confirm_A5_s29,29,-1,C:\Users\Hngk\Documents\Codex\PUMA_STAGE2_RESEARCH_PROMPTS_1_TO_4\PROMPT_4\ARCHITECTURES\FINAL_RECOMMENDED_A5\RESULTS\RUNS\p3_confirm_A5_s29\config.json,84ec27fbf77b47f0a31b7826bdd752009682ae247f194130e40bc891c49418db,"{""id"":""p3_confirm_A5_s29"",""architecture"":""A5"",""control"":""real"",""seed"":29,""fold"":-1,""epochs"":10,""lr"":0.001,""weight_decay"":0.01,""sampler"":""balanced"",""tau"":0,""evaluation"":""one post-selection confirmation on reused original150; not external""}",C:\Users\Hngk\Documents\Codex\PUMA_STAGE2_RESEARCH_PROMPTS_1_TO_4\PROMPT_4\ARCHITECTURES\FINAL_RECOMMENDED_A5\RESULTS\RUNS\p3_confirm_A5_s29\history.jsonl,3d8c42c31aee9885b6cf5271c9e38705be62130739d819bee9227a7f4aed762b,10,RECOVERED_ORIGINAL_EPOCHS
4,p3_confirm_A5_s43,43,-1,C:\Users\Hngk\Documents\Codex\PUMA_STAGE2_RESEARCH_PROMPTS_1_TO_4\PROMPT_4\ARCHITECTURES\FINAL_RECOMMENDED_A5\RESULTS\RUNS\p3_confirm_A5_s43\config.json,48070abd99cb17f7818c2cb5f6acb69a6c00158cb58a9cff02913c39722064dc,"{""id"":""p3_confirm_A5_s43"",""architecture"":""A5"",""control"":""real"",""seed"":43,""fold"":-1,""epochs"":10,""lr"":0.001,""weight_decay"":0.01,""sampler"":""balanced"",""tau"":0,""evaluation"":""one post-selection confirmation on reused original150; not external""}",C:\Users\Hngk\Documents\Codex\PUMA_STAGE2_RESEARCH_PROMPTS_1_TO_4\PROMPT_4\ARCHITECTURES\FINAL_RECOMMENDED_A5\RESULTS\RUNS\p3_confirm_A5_s43\history.jsonl,c664a69b1c90dc6b784fa2167a22cb03323bec9f0e559f97314e6713fe100cf3,10,RECOVERED_ORIGINAL_EPOCHS
4,F_A3_s17,17,-1,C:\Users\Hngk\Documents\Codex\PUMA_STAGE2_RESEARCH_PROMPTS_1_TO_4\PROMPT_4\ARCHITECTURES\F_A3\RESULTS\RUNS\F_A3_s17\config.json,2b8ecbb9fa983663960a34dd46d61d84129a3111c8c151fb4e3f5b1518d91024,"{""id"":""F_A3_s17"",""family"":""F_A3"",""seed"":17,""fold"":-1,""epochs"":10,""sampler"":""balanced"",""population"":""all GT nuclei historical fold0 original membership; clean GT-only mask"",""representation"":""F_A3""}",C:\Users\Hngk\Documents\Codex\PUMA_STAGE2_RESEARCH_PROMPTS_1_TO_4\PROMPT_4\ARCHITECTURES\F_A3\RESULTS\RUNS\F_A3_s17\history.jsonl,ea594cb36b285700f431a166c6c2ba126612d8c1028f771a71a3e4ed943187bc,10,RECOVERED_ORIGINAL_EPOCHS
4,F_A3_s29,29,-1,C:\Users\Hngk\Documents\Codex\PUMA_STAGE2_RESEARCH_PROMPTS_1_TO_4\PROMPT_4\ARCHITECTURES\F_A3\RESULTS\RUNS\F_A3_s29\config.json,8e815dfc40b412377c34f85a19f22224ec4c8c5b523dbc12e27c78cea01a0491,"{""id"":""F_A3_s29"",""family"":""F_A3"",""seed"":29,""fold"":-1,""epochs"":10,""sampler"":""balanced"",""population"":""all GT nuclei historical fold0 original membership; clean GT-only mask"",""representation"":""F_A3""}",C:\Users\Hngk\Documents\Codex\PUMA_STAGE2_RESEARCH_PROMPTS_1_TO_4\PROMPT_4\ARCHITECTURES\F_A3\RESULTS\RUNS\F_A3_s29\history.jsonl,b7fb5e29aaad6f4588a148c5dbb655700008d7231951b22777d874b618ab58e2,10,RECOVERED_ORIGINAL_EPOCHS
4,F_A3_s43,43,-1,C:\Users\Hngk\Documents\Codex\PUMA_STAGE2_RESEARCH_PROMPTS_1_TO_4\PROMPT_4\ARCHITECTURES\F_A3\RESULTS\RUNS\F_A3_s43\config.json,e07032431e1cbfd0e3c1c2e480e3716c280f10512277619fadc4b1b9d16c96e0,"{""id"":""F_A3_s43"",""family"":""F_A3"",""seed"":43,""fold"":-1,""epochs"":10,""sampler"":""balanced"",""population"":""all GT nuclei historical fold0 original membership; clean GT-only mask"",""representation"":""F_A3""}",C:\Users\Hngk\Documents\Codex\PUMA_STAGE2_RESEARCH_PROMPTS_1_TO_4\PROMPT_4\ARCHITECTURES\F_A3\RESULTS\RUNS\F_A3_s43\history.jsonl,1ba0ef65107f53ab8ed3b6844168bda1fb1510938fddec10ce594c20ef43463c,10,RECOVERED_ORIGINAL_EPOCHS
4,CLEAN_GT_ONLY,17,NOT RECORDED IN ORIGINAL RUN,C:\Users\Hngk\Documents\Codex\PUMA_STAGE2_RESEARCH_PROMPTS_1_TO_4\PROMPT_4\ARCHITECTURES\F_CLEAN_MASK_NETWORK\RESULTS\RUNS\CLEAN_GT_ONLY\config.json,01aa3ada3d18b9812c0c42873f8e763e01df31dfef8fb17d784c991aafe2bda3,"{""seed"":17,""epochs"":10,""batch"":16,""LR"":0.0003,""WD"":0.0001,""loss"":"".6 validpixelBCE+.4 softDice"",""train_n"":294,""held_n"":156,""train_indices"":[0,1,2,3,4,5,6,7,8,10,11,12,13,14,15,16,17,18,19,20,21,22,23,24,25,26,27,28,29,30,31,32,33,34,35,55,56,57,58,59,60,61,62,63,64,65,67,68,69,70,71,74,75,76,77,78,79,80,81,82,88,91,92,93,94,95,96,97,98,99,100,101,102,103,104,105,106,107,108,109,110,111,112,113,114,115,116,117,118,119,120,121,122,123,125,126,135,136,137,138,139,140,141,142,143,150,151,152,153,154,155,156,157,158,159,160,167,168,169,170,171,174,175,176,177,178,179,180,181,182,183,184,185,186,187,188,189,190,191,192,193,194,195,196,197,198,199,201,202,203,204,205,206,207,208,209,210,211,212,213,216,217,218,219,220,221,222,236,237,238,239,240,241,242,243,244,245,246,247,248,257,258,259,260,261,262,263,264,265,266,267,268,269,270,276,277,278,279,280,281,285,286,287,288,291,292,293,294,295,296,297,298,299,300,301,302,303,304,305,306,307,308,309,317,322,323,324,325,326,327,328,329,330,331,338,339,340,341,342,346,347,348,349,350,351,352,353,354,355,356,357,358,359,369,370,373,374,375,376,377,378,382,383,394,395,396,397,398,399,400,401,402,403,404,410,411,412,413,418,419,420,421,422,423,440,441,442,443,444,445,446,447,448,449],""excluded_fold"":0,""parameter_count_total"":859013,""trainable_mask_parameters"":842337,""auxiliary_heads"":""frozen and excluded from objective"",""Stage1_training_input"":false,""pretraining"":false,""augmentation"":""none"",""validation_selection"":""none; fixed epoch10""}",C:\Users\Hngk\Documents\Codex\PUMA_STAGE2_RESEARCH_PROMPTS_1_TO_4\PROMPT_4\ARCHITECTURES\F_CLEAN_MASK_NETWORK\RESULTS\RUNS\CLEAN_GT_ONLY\history.jsonl,45f09556118b199e6aa7c87746ac6304af9d141806659edd493ad334205849d5,10,RECOVERED_ORIGINAL_EPOCHS
4,F_CLS_MASK_s17,17,-1,C:\Users\Hngk\Documents\Codex\PUMA_STAGE2_RESEARCH_PROMPTS_1_TO_4\PROMPT_4\ARCHITECTURES\F_CLS_MASK\RESULTS\RUNS\F_CLS_MASK_s17\config.json,3ca7b33e91e8aac396c7e63d99a496eec36c000f0c78dad292a593cfd87a9032,"{""id"":""F_CLS_MASK_s17"",""family"":""F_CLS_MASK"",""seed"":17,""fold"":-1,""epochs"":10,""sampler"":""balanced"",""population"":""all GT nuclei historical fold0 original membership; clean GT-only mask"",""representation"":""F_CLS_MASK""}",C:\Users\Hngk\Documents\Codex\PUMA_STAGE2_RESEARCH_PROMPTS_1_TO_4\PROMPT_4\ARCHITECTURES\F_CLS_MASK\RESULTS\RUNS\F_CLS_MASK_s17\history.jsonl,766cea087a137fb3fbeecdf22c866ef0aaae4d86084190b0d45dc559605cc9ce,10,RECOVERED_ORIGINAL_EPOCHS
4,F_CLS_MASK_s29,29,-1,C:\Users\Hngk\Documents\Codex\PUMA_STAGE2_RESEARCH_PROMPTS_1_TO_4\PROMPT_4\ARCHITECTURES\F_CLS_MASK\RESULTS\RUNS\F_CLS_MASK_s29\config.json,41f796227347d40894ba50603bb16da5405f1825b0ae097df0dad0861fdc3c80,"{""id"":""F_CLS_MASK_s29"",""family"":""F_CLS_MASK"",""seed"":29,""fold"":-1,""epochs"":10,""sampler"":""balanced"",""population"":""all GT nuclei historical fold0 original membership; clean GT-only mask"",""representation"":""F_CLS_MASK""}",C:\Users\Hngk\Documents\Codex\PUMA_STAGE2_RESEARCH_PROMPTS_1_TO_4\PROMPT_4\ARCHITECTURES\F_CLS_MASK\RESULTS\RUNS\F_CLS_MASK_s29\history.jsonl,06bc639d9b50b5cdff7aa7fb7da223c747b21e6d94e14bed13ec5164a7bea1aa,10,RECOVERED_ORIGINAL_EPOCHS
4,F_CLS_MASK_s43,43,-1,C:\Users\Hngk\Documents\Codex\PUMA_STAGE2_RESEARCH_PROMPTS_1_TO_4\PROMPT_4\ARCHITECTURES\F_CLS_MASK\RESULTS\RUNS\F_CLS_MASK_s43\config.json,a154b791e6fb9026fde1608a3a3800a94a3855b42d9cc7f475a99db0be2cd74b,"{""id"":""F_CLS_MASK_s43"",""family"":""F_CLS_MASK"",""seed"":43,""fold"":-1,""epochs"":10,""sampler"":""balanced"",""population"":""all GT nuclei historical fold0 original membership; clean GT-only mask"",""representation"":""F_CLS_MASK""}",C:\Users\Hngk\Documents\Codex\PUMA_STAGE2_RESEARCH_PROMPTS_1_TO_4\PROMPT_4\ARCHITECTURES\F_CLS_MASK\RESULTS\RUNS\F_CLS_MASK_s43\history.jsonl,9f6ba46169c960e5531470b3e39e00178e8cf81107442b3b418d4beb488b9137,10,RECOVERED_ORIGINAL_EPOCHS
4,F_CLS_SHUFFLE_s17,17,-1,C:\Users\Hngk\Documents\Codex\PUMA_STAGE2_RESEARCH_PROMPTS_1_TO_4\PROMPT_4\ARCHITECTURES\F_CLS_SHUFFLE\RESULTS\RUNS\F_CLS_SHUFFLE_s17\config.json,34cba3924ad833e0da9f096adb2718e87291e5f2d89fed5f99cd12e8dda1fd35,"{""id"":""F_CLS_SHUFFLE_s17"",""family"":""F_CLS_SHUFFLE"",""seed"":17,""fold"":-1,""epochs"":10,""sampler"":""balanced"",""population"":""all GT nuclei historical fold0 original membership; clean GT-only mask"",""representation"":""F_CLS_SHUFFLE""}",C:\Users\Hngk\Documents\Codex\PUMA_STAGE2_RESEARCH_PROMPTS_1_TO_4\PROMPT_4\ARCHITECTURES\F_CLS_SHUFFLE\RESULTS\RUNS\F_CLS_SHUFFLE_s17\history.jsonl,16fb3346708cb71c749cb337a6e078ba6f9c25a15d7e02c6e173c23553f73269,10,RECOVERED_ORIGINAL_EPOCHS
4,F_CLS_SHUFFLE_s29,29,-1,C:\Users\Hngk\Documents\Codex\PUMA_STAGE2_RESEARCH_PROMPTS_1_TO_4\PROMPT_4\ARCHITECTURES\F_CLS_SHUFFLE\RESULTS\RUNS\F_CLS_SHUFFLE_s29\config.json,41d21db66d3b149044dc2139975f39f0d8fa5ca4130fdfa3fc3b45184f347db3,"{""id"":""F_CLS_SHUFFLE_s29"",""family"":""F_CLS_SHUFFLE"",""seed"":29,""fold"":-1,""epochs"":10,""sampler"":""balanced"",""population"":""all GT nuclei historical fold0 original membership; clean GT-only mask"",""representation"":""F_CLS_SHUFFLE""}",C:\Users\Hngk\Documents\Codex\PUMA_STAGE2_RESEARCH_PROMPTS_1_TO_4\PROMPT_4\ARCHITECTURES\F_CLS_SHUFFLE\RESULTS\RUNS\F_CLS_SHUFFLE_s29\history.jsonl,c6553f21956834f89f94545705da3d1bc6411457f6a3525d01b844897f890b45,10,RECOVERED_ORIGINAL_EPOCHS
4,F_CLS_SHUFFLE_s43,43,-1,C:\Users\Hngk\Documents\Codex\PUMA_STAGE2_RESEARCH_PROMPTS_1_TO_4\PROMPT_4\ARCHITECTURES\F_CLS_SHUFFLE\RESULTS\RUNS\F_CLS_SHUFFLE_s43\config.json,6c703a9c9906c35062451023bfe9b4bb284b9888a711b60f72ffdb50a5db62ad,"{""id"":""F_CLS_SHUFFLE_s43"",""family"":""F_CLS_SHUFFLE"",""seed"":43,""fold"":-1,""epochs"":10,""sampler"":""balanced"",""population"":""all GT nuclei historical fold0 original membership; clean GT-only mask"",""representation"":""F_CLS_SHUFFLE""}",C:\Users\Hngk\Documents\Codex\PUMA_STAGE2_RESEARCH_PROMPTS_1_TO_4\PROMPT_4\ARCHITECTURES\F_CLS_SHUFFLE\RESULTS\RUNS\F_CLS_SHUFFLE_s43\history.jsonl,234b3e735de6043edae1b85fa6317890bc0126d7e37f4d434e970121c05b4dce,10,RECOVERED_ORIGINAL_EPOCHS
4,F_GAUSSIAN_s17,17,-1,C:\Users\Hngk\Documents\Codex\PUMA_STAGE2_RESEARCH_PROMPTS_1_TO_4\PROMPT_4\ARCHITECTURES\F_GAUSSIAN\RESULTS\RUNS\F_GAUSSIAN_s17\config.json,12bd8265fcfe64378df2ae25715767af5f8c63d32e2402861873522dbcdcffb6,"{""id"":""F_GAUSSIAN_s17"",""family"":""F_GAUSSIAN"",""seed"":17,""fold"":-1,""epochs"":10,""sampler"":""balanced"",""population"":""all GT nuclei historical fold0 original membership; clean GT-only mask"",""representation"":""F_GAUSSIAN""}",C:\Users\Hngk\Documents\Codex\PUMA_STAGE2_RESEARCH_PROMPTS_1_TO_4\PROMPT_4\ARCHITECTURES\F_GAUSSIAN\RESULTS\RUNS\F_GAUSSIAN_s17\history.jsonl,4e5680e88d47e6c1bed6710b9270a378c2e0517a712a4252b3acbdf0168e5e10,10,RECOVERED_ORIGINAL_EPOCHS
4,F_GAUSSIAN_s29,29,-1,C:\Users\Hngk\Documents\Codex\PUMA_STAGE2_RESEARCH_PROMPTS_1_TO_4\PROMPT_4\ARCHITECTURES\F_GAUSSIAN\RESULTS\RUNS\F_GAUSSIAN_s29\config.json,ceca15952fb711f7ed1fa9b5ca563b62a599a0c3bfe24b85046a8d3bc9f435bb,"{""id"":""F_GAUSSIAN_s29"",""family"":""F_GAUSSIAN"",""seed"":29,""fold"":-1,""epochs"":10,""sampler"":""balanced"",""population"":""all GT nuclei historical fold0 original membership; clean GT-only mask"",""representation"":""F_GAUSSIAN""}",C:\Users\Hngk\Documents\Codex\PUMA_STAGE2_RESEARCH_PROMPTS_1_TO_4\PROMPT_4\ARCHITECTURES\F_GAUSSIAN\RESULTS\RUNS\F_GAUSSIAN_s29\history.jsonl,42da10348ccbdcebbf594e843251e8389c1094621497e082960087a1b8dabb00,10,RECOVERED_ORIGINAL_EPOCHS
4,F_GAUSSIAN_s43,43,-1,C:\Users\Hngk\Documents\Codex\PUMA_STAGE2_RESEARCH_PROMPTS_1_TO_4\PROMPT_4\ARCHITECTURES\F_GAUSSIAN\RESULTS\RUNS\F_GAUSSIAN_s43\config.json,5b49b3cfc4fbfaa4feca8986047065326372c092d61ea42c90d0670658724dde,"{""id"":""F_GAUSSIAN_s43"",""family"":""F_GAUSSIAN"",""seed"":43,""fold"":-1,""epochs"":10,""sampler"":""balanced"",""population"":""all GT nuclei historical fold0 original membership; clean GT-only mask"",""representation"":""F_GAUSSIAN""}",C:\Users\Hngk\Documents\Codex\PUMA_STAGE2_RESEARCH_PROMPTS_1_TO_4\PROMPT_4\ARCHITECTURES\F_GAUSSIAN\RESULTS\RUNS\F_GAUSSIAN_s43\history.jsonl,b870d272f4f881fcdba79b9877a04e3263ddd6fc25081d35dc1289626d0f3179,10,RECOVERED_ORIGINAL_EPOCHS
4,F_MASK_s17,17,-1,C:\Users\Hngk\Documents\Codex\PUMA_STAGE2_RESEARCH_PROMPTS_1_TO_4\PROMPT_4\ARCHITECTURES\F_MASK\RESULTS\RUNS\F_MASK_s17\config.json,f3b79083c4e03914e5326994d051e59575a695cfb4908cb2a6d353c25ea74a0e,"{""id"":""F_MASK_s17"",""family"":""F_MASK"",""seed"":17,""fold"":-1,""epochs"":10,""sampler"":""balanced"",""population"":""all GT nuclei historical fold0 original membership; clean GT-only mask"",""representation"":""F_MASK""}",C:\Users\Hngk\Documents\Codex\PUMA_STAGE2_RESEARCH_PROMPTS_1_TO_4\PROMPT_4\ARCHITECTURES\F_MASK\RESULTS\RUNS\F_MASK_s17\history.jsonl,a7ce0d4c01783964615917e9e5678b68ef6ced007f5b77a45881656a93f54b1e,10,RECOVERED_ORIGINAL_EPOCHS
4,F_MASK_s29,29,-1,C:\Users\Hngk\Documents\Codex\PUMA_STAGE2_RESEARCH_PROMPTS_1_TO_4\PROMPT_4\ARCHITECTURES\F_MASK\RESULTS\RUNS\F_MASK_s29\config.json,6bc434fdfdb36e18b4c7048b36291f553bfbdb7ef5d9bd84121c41b307774ef9,"{""id"":""F_MASK_s29"",""family"":""F_MASK"",""seed"":29,""fold"":-1,""epochs"":10,""sampler"":""balanced"",""population"":""all GT nuclei historical fold0 original membership; clean GT-only mask"",""representation"":""F_MASK""}",C:\Users\Hngk\Documents\Codex\PUMA_STAGE2_RESEARCH_PROMPTS_1_TO_4\PROMPT_4\ARCHITECTURES\F_MASK\RESULTS\RUNS\F_MASK_s29\history.jsonl,640c2793116082bbbbadcd79f0ccd823cf58e472a3c373d944326232a27b9b34,10,RECOVERED_ORIGINAL_EPOCHS
4,F_MASK_s43,43,-1,C:\Users\Hngk\Documents\Codex\PUMA_STAGE2_RESEARCH_PROMPTS_1_TO_4\PROMPT_4\ARCHITECTURES\F_MASK\RESULTS\RUNS\F_MASK_s43\config.json,07cccb0324cfe841d507af3115e89359fd93386b83005465e489060da87c71a6,"{""id"":""F_MASK_s43"",""family"":""F_MASK"",""seed"":43,""fold"":-1,""epochs"":10,""sampler"":""balanced"",""population"":""all GT nuclei historical fold0 original membership; clean GT-only mask"",""representation"":""F_MASK""}",C:\Users\Hngk\Documents\Codex\PUMA_STAGE2_RESEARCH_PROMPTS_1_TO_4\PROMPT_4\ARCHITECTURES\F_MASK\RESULTS\RUNS\F_MASK_s43\history.jsonl,e6fcd4df0de18ee91bc6c5b1d92f52c67445d4f11c81d7683587bf5276522159,10,RECOVERED_ORIGINAL_EPOCHS
4,F_SHUFFLE_s17,17,-1,C:\Users\Hngk\Documents\Codex\PUMA_STAGE2_RESEARCH_PROMPTS_1_TO_4\PROMPT_4\ARCHITECTURES\F_SHUFFLE\RESULTS\RUNS\F_SHUFFLE_s17\config.json,419fcc92aa32aca033db472740ab67ec4cb9f48cfe446b044d1fe76ab36a5b51,"{""id"":""F_SHUFFLE_s17"",""family"":""F_SHUFFLE"",""seed"":17,""fold"":-1,""epochs"":10,""sampler"":""balanced"",""population"":""all GT nuclei historical fold0 original membership; clean GT-only mask"",""representation"":""F_SHUFFLE""}",C:\Users\Hngk\Documents\Codex\PUMA_STAGE2_RESEARCH_PROMPTS_1_TO_4\PROMPT_4\ARCHITECTURES\F_SHUFFLE\RESULTS\RUNS\F_SHUFFLE_s17\history.jsonl,a3f3554cba106254ec663ff98c5ec7dc7421e6f176eab2cf86b66788095883e1,10,RECOVERED_ORIGINAL_EPOCHS
4,F_SHUFFLE_s29,29,-1,C:\Users\Hngk\Documents\Codex\PUMA_STAGE2_RESEARCH_PROMPTS_1_TO_4\PROMPT_4\ARCHITECTURES\F_SHUFFLE\RESULTS\RUNS\F_SHUFFLE_s29\config.json,a164e1fdbe2b2d6aa41cdfcbe7414ec837d74c3742cc8a2504ffa42e113b8df4,"{""id"":""F_SHUFFLE_s29"",""family"":""F_SHUFFLE"",""seed"":29,""fold"":-1,""epochs"":10,""sampler"":""balanced"",""population"":""all GT nuclei historical fold0 original membership; clean GT-only mask"",""representation"":""F_SHUFFLE""}",C:\Users\Hngk\Documents\Codex\PUMA_STAGE2_RESEARCH_PROMPTS_1_TO_4\PROMPT_4\ARCHITECTURES\F_SHUFFLE\RESULTS\RUNS\F_SHUFFLE_s29\history.jsonl,75f4c394313e1e30502b3d4e2fee24b03bda05e3fc222a8a4dcca50f525108a1,10,RECOVERED_ORIGINAL_EPOCHS
4,F_SHUFFLE_s43,43,-1,C:\Users\Hngk\Documents\Codex\PUMA_STAGE2_RESEARCH_PROMPTS_1_TO_4\PROMPT_4\ARCHITECTURES\F_SHUFFLE\RESULTS\RUNS\F_SHUFFLE_s43\config.json,b1befdc50c8eacf5bb4e3793274e414cbc9a68d3ccbd2f01fd8759c4469885d5,"{""id"":""F_SHUFFLE_s43"",""family"":""F_SHUFFLE"",""seed"":43,""fold"":-1,""epochs"":10,""sampler"":""balanced"",""population"":""all GT nuclei historical fold0 original membership; clean GT-only mask"",""representation"":""F_SHUFFLE""}",C:\Users\Hngk\Documents\Codex\PUMA_STAGE2_RESEARCH_PROMPTS_1_TO_4\PROMPT_4\ARCHITECTURES\F_SHUFFLE\RESULTS\RUNS\F_SHUFFLE_s43\history.jsonl,5e55b0dbf5eccadfde6f73160a683a65e7e133a424933fdc8062b36aef51ba68,10,RECOVERED_ORIGINAL_EPOCHS
