original_path,archival_path,sha256,experiment_id,seed,fold,type
C:\Users\Hngk\Documents\Codex\2026-09-07\use-the-autoresearch-skill-x20-https\outputs\PUMA_STAGE2_RESEARCH_PROMPTS_1_TO_4\PROMPT_4\RUNS\A1_broken_s17_cv0\batch_history.jsonl,PROMPT_4\ARCHITECTURES\A1\RESULTS\RUNS\A1_broken_s17_cv0\batch_history.jsonl,b4143ffc08099904947ad17ec43ffde2847bea9f80661325cb139d97646e33ff,A1_broken_s17_cv0,17,0,.jsonl
C:\Users\Hngk\Documents\Codex\2026-09-07\use-the-autoresearch-skill-x20-https\outputs\PUMA_STAGE2_RESEARCH_PROMPTS_1_TO_4\PROMPT_4\RUNS\A1_broken_s17_cv0\config.json,PROMPT_4\ARCHITECTURES\A1\RESULTS\RUNS\A1_broken_s17_cv0\config.json,6ac64513a58f21514c1daec436bab993f68dc4bff9564014ddef8494b560beb5,A1_broken_s17_cv0,17,0,.json
C:\Users\Hngk\Documents\Codex\2026-09-07\use-the-autoresearch-skill-x20-https\outputs\PUMA_STAGE2_RESEARCH_PROMPTS_1_TO_4\PROMPT_4\RUNS\A1_broken_s17_cv0\epoch_01_predictions.npz,PROMPT_4\ARCHITECTURES\A1\RESULTS\RUNS\A1_broken_s17_cv0\epoch_01_predictions.npz,3fc627a37b2f725c964cf3a6f8d022a796397db86db81d0191f80939ac732e50,A1_broken_s17_cv0,17,0,.npz
C:\Users\Hngk\Documents\Codex\2026-09-07\use-the-autoresearch-skill-x20-https\outputs\PUMA_STAGE2_RESEARCH_PROMPTS_1_TO_4\PROMPT_4\RUNS\A1_broken_s17_cv0\epoch_02_predictions.npz,PROMPT_4\ARCHITECTURES\A1\RESULTS\RUNS\A1_broken_s17_cv0\epoch_02_predictions.npz,d2088fad668a7bbc23977b885ed14d1eccec5b4b13e0655a27a51689be2a11ce,A1_broken_s17_cv0,17,0,.npz
C:\Users\Hngk\Documents\Codex\2026-09-07\use-the-autoresearch-skill-x20-https\outputs\PUMA_STAGE2_RESEARCH_PROMPTS_1_TO_4\PROMPT_4\RUNS\A1_broken_s17_cv0\epoch_03_predictions.npz,PROMPT_4\ARCHITECTURES\A1\RESULTS\RUNS\A1_broken_s17_cv0\epoch_03_predictions.npz,9ce219cfd235587d77588833eaf6f99fc88dd12a1d854d85e7213b92952ea7f3,A1_broken_s17_cv0,17,0,.npz
C:\Users\Hngk\Documents\Codex\2026-09-07\use-the-autoresearch-skill-x20-https\outputs\PUMA_STAGE2_RESEARCH_PROMPTS_1_TO_4\PROMPT_4\RUNS\A1_broken_s17_cv0\epoch_04_predictions.npz,PROMPT_4\ARCHITECTURES\A1\RESULTS\RUNS\A1_broken_s17_cv0\epoch_04_predictions.npz,2ae7170a725c5b364e171e7458d5db7aa0dec02a390b6c488e5e997adb19f458,A1_broken_s17_cv0,17,0,.npz
C:\Users\Hngk\Documents\Codex\2026-09-07\use-the-autoresearch-skill-x20-https\outputs\PUMA_STAGE2_RESEARCH_PROMPTS_1_TO_4\PROMPT_4\RUNS\A1_broken_s17_cv0\epoch_05_predictions.npz,PROMPT_4\ARCHITECTURES\A1\RESULTS\RUNS\A1_broken_s17_cv0\epoch_05_predictions.npz,8a8078553e75f2ce21cf42601d6a1d4d8af7ec147633c00320f0dbc1b298c740,A1_broken_s17_cv0,17,0,.npz
C:\Users\Hngk\Documents\Codex\2026-09-07\use-the-autoresearch-skill-x20-https\outputs\PUMA_STAGE2_RESEARCH_PROMPTS_1_TO_4\PROMPT_4\RUNS\A1_broken_s17_cv0\epoch_06_predictions.npz,PROMPT_4\ARCHITECTURES\A1\RESULTS\RUNS\A1_broken_s17_cv0\epoch_06_predictions.npz,60e962e73d7334a5baf00011e36ef32cf01394b394dc86469e590033c1ad4f40,A1_broken_s17_cv0,17,0,.npz
C:\Users\Hngk\Documents\Codex\2026-09-07\use-the-autoresearch-skill-x20-https\outputs\PUMA_STAGE2_RESEARCH_PROMPTS_1_TO_4\PROMPT_4\RUNS\A1_broken_s17_cv0\epoch_07_predictions.npz,PROMPT_4\ARCHITECTURES\A1\RESULTS\RUNS\A1_broken_s17_cv0\epoch_07_predictions.npz,01cea0f37f85c98e5d7469cd97dc04e9112449f151b63754d97a3ce43ef2b818,A1_broken_s17_cv0,17,0,.npz
C:\Users\Hngk\Documents\Codex\2026-09-07\use-the-autoresearch-skill-x20-https\outputs\PUMA_STAGE2_RESEARCH_PROMPTS_1_TO_4\PROMPT_4\RUNS\A1_broken_s17_cv0\epoch_08_predictions.npz,PROMPT_4\ARCHITECTURES\A1\RESULTS\RUNS\A1_broken_s17_cv0\epoch_08_predictions.npz,ccc5e22f808fd56c88699dda3d7d4fbaada1e307e1bdbc524fa439f525439578,A1_broken_s17_cv0,17,0,.npz
C:\Users\Hngk\Documents\Codex\2026-09-07\use-the-autoresearch-skill-x20-https\outputs\PUMA_STAGE2_RESEARCH_PROMPTS_1_TO_4\PROMPT_4\RUNS\A1_broken_s17_cv0\epoch_09_predictions.npz,PROMPT_4\ARCHITECTURES\A1\RESULTS\RUNS\A1_broken_s17_cv0\epoch_09_predictions.npz,decfed035b2cb642ff502fddde8698fae385b8fe1267a1ac7f8eba5682ef7381,A1_broken_s17_cv0,17,0,.npz
C:\Users\Hngk\Documents\Codex\2026-09-07\use-the-autoresearch-skill-x20-https\outputs\PUMA_STAGE2_RESEARCH_PROMPTS_1_TO_4\PROMPT_4\RUNS\A1_broken_s17_cv0\epoch_10_predictions.npz,PROMPT_4\ARCHITECTURES\A1\RESULTS\RUNS\A1_broken_s17_cv0\epoch_10_predictions.npz,17da69dde232b09e9031e69bc6041a1ed8eb8b6db054392557f005656ef7bd49,A1_broken_s17_cv0,17,0,.npz
C:\Users\Hngk\Documents\Codex\2026-09-07\use-the-autoresearch-skill-x20-https\outputs\PUMA_STAGE2_RESEARCH_PROMPTS_1_TO_4\PROMPT_4\RUNS\A1_broken_s17_cv0\final.pt,PROMPT_4\ARCHITECTURES\A1\RESULTS\RUNS\A1_broken_s17_cv0\final.pt,ebbbb12535ee344415fe06cfc847279bddadf6e9b5628be5004588efed8b55ea,A1_broken_s17_cv0,17,0,.pt
C:\Users\Hngk\Documents\Codex\2026-09-07\use-the-autoresearch-skill-x20-https\outputs\PUMA_STAGE2_RESEARCH_PROMPTS_1_TO_4\PROMPT_4\RUNS\A1_broken_s17_cv0\history.jsonl,PROMPT_4\ARCHITECTURES\A1\RESULTS\RUNS\A1_broken_s17_cv0\history.jsonl,ee307759e2ce90337de18f6e28ab977648427df181e457770651a2d6c13c05e7,A1_broken_s17_cv0,17,0,.jsonl
C:\Users\Hngk\Documents\Codex\2026-09-07\use-the-autoresearch-skill-x20-https\outputs\PUMA_STAGE2_RESEARCH_PROMPTS_1_TO_4\PROMPT_4\RUNS\A1_broken_s17_cv0\normalizer.json,PROMPT_4\ARCHITECTURES\A1\RESULTS\RUNS\A1_broken_s17_cv0\normalizer.json,f75d5e56dcca6f2ff7aa13358de835631b823bbc37b6b08d02983940eb5ee49c,A1_broken_s17_cv0,17,0,.json
C:\Users\Hngk\Documents\Codex\2026-09-07\use-the-autoresearch-skill-x20-https\outputs\PUMA_STAGE2_RESEARCH_PROMPTS_1_TO_4\PROMPT_4\RUNS\A1_broken_s17_cv0\provenance.json,PROMPT_4\ARCHITECTURES\A1\RESULTS\RUNS\A1_broken_s17_cv0\provenance.json,165d11eebb0872cc3590c17d9852540b1c10dc983e03e83752e2cf8dde98a2b7,A1_broken_s17_cv0,17,0,.json
C:\Users\Hngk\Documents\Codex\2026-09-07\use-the-autoresearch-skill-x20-https\outputs\PUMA_STAGE2_RESEARCH_PROMPTS_1_TO_4\PROMPT_4\RUNS\A1_broken_s17_cv0\summary.json,PROMPT_4\ARCHITECTURES\A1\RESULTS\RUNS\A1_broken_s17_cv0\summary.json,67552f61118a51d9cc548a38df790327729139aa796e33714945c57ef6bf4bff,A1_broken_s17_cv0,17,0,.json
C:\Users\Hngk\Documents\Codex\2026-09-07\use-the-autoresearch-skill-x20-https\outputs\PUMA_STAGE2_RESEARCH_PROMPTS_1_TO_4\PROMPT_4\RUNS\A1_broken_s17_cv1\batch_history.jsonl,PROMPT_4\ARCHITECTURES\A1\RESULTS\RUNS\A1_broken_s17_cv1\batch_history.jsonl,7938b78804443c4f385a0df6b76296e045b5f87e99f29d1c7176a5dcc62b9f94,A1_broken_s17_cv1,17,1,.jsonl
C:\Users\Hngk\Documents\Codex\2026-09-07\use-the-autoresearch-skill-x20-https\outputs\PUMA_STAGE2_RESEARCH_PROMPTS_1_TO_4\PROMPT_4\RUNS\A1_broken_s17_cv1\config.json,PROMPT_4\ARCHITECTURES\A1\RESULTS\RUNS\A1_broken_s17_cv1\config.json,daf117bc9df61a9b66a70f5a778912d05e0eec9d3efbd052235136f18ddd0aeb,A1_broken_s17_cv1,17,1,.json
C:\Users\Hngk\Documents\Codex\2026-09-07\use-the-autoresearch-skill-x20-https\outputs\PUMA_STAGE2_RESEARCH_PROMPTS_1_TO_4\PROMPT_4\RUNS\A1_broken_s17_cv1\epoch_01_predictions.npz,PROMPT_4\ARCHITECTURES\A1\RESULTS\RUNS\A1_broken_s17_cv1\epoch_01_predictions.npz,3634a9ef00c02f252f8a2c4ee64f58c467e264db9b9c0fb41beb90525e027dc1,A1_broken_s17_cv1,17,1,.npz
C:\Users\Hngk\Documents\Codex\2026-09-07\use-the-autoresearch-skill-x20-https\outputs\PUMA_STAGE2_RESEARCH_PROMPTS_1_TO_4\PROMPT_4\RUNS\A1_broken_s17_cv1\epoch_02_predictions.npz,PROMPT_4\ARCHITECTURES\A1\RESULTS\RUNS\A1_broken_s17_cv1\epoch_02_predictions.npz,49654390a693417bc4d5f958c4f94ff6d35d9522c1f8fbf04ab35dc6e0e1084d,A1_broken_s17_cv1,17,1,.npz
C:\Users\Hngk\Documents\Codex\2026-09-07\use-the-autoresearch-skill-x20-https\outputs\PUMA_STAGE2_RESEARCH_PROMPTS_1_TO_4\PROMPT_4\RUNS\A1_broken_s17_cv1\epoch_03_predictions.npz,PROMPT_4\ARCHITECTURES\A1\RESULTS\RUNS\A1_broken_s17_cv1\epoch_03_predictions.npz,3cc954ccd71e5be7b03b83d40cc3dcfd83465c8e462894938550fd907e11542c,A1_broken_s17_cv1,17,1,.npz
C:\Users\Hngk\Documents\Codex\2026-09-07\use-the-autoresearch-skill-x20-https\outputs\PUMA_STAGE2_RESEARCH_PROMPTS_1_TO_4\PROMPT_4\RUNS\A1_broken_s17_cv1\epoch_04_predictions.npz,PROMPT_4\ARCHITECTURES\A1\RESULTS\RUNS\A1_broken_s17_cv1\epoch_04_predictions.npz,41cf9b323add242418928b5fb45de179935a796c32345e2de3980b72188ee9be,A1_broken_s17_cv1,17,1,.npz
C:\Users\Hngk\Documents\Codex\2026-09-07\use-the-autoresearch-skill-x20-https\outputs\PUMA_STAGE2_RESEARCH_PROMPTS_1_TO_4\PROMPT_4\RUNS\A1_broken_s17_cv1\epoch_05_predictions.npz,PROMPT_4\ARCHITECTURES\A1\RESULTS\RUNS\A1_broken_s17_cv1\epoch_05_predictions.npz,5ea7c44d35eedad7b05c9a924f929c6518841a00acbe97c8c02ec08ddaf81ca0,A1_broken_s17_cv1,17,1,.npz
C:\Users\Hngk\Documents\Codex\2026-09-07\use-the-autoresearch-skill-x20-https\outputs\PUMA_STAGE2_RESEARCH_PROMPTS_1_TO_4\PROMPT_4\RUNS\A1_broken_s17_cv1\epoch_06_predictions.npz,PROMPT_4\ARCHITECTURES\A1\RESULTS\RUNS\A1_broken_s17_cv1\epoch_06_predictions.npz,a4241002f1ad128e228eb796922390f5a2dbdea20bf8acab29c0c6f733207a05,A1_broken_s17_cv1,17,1,.npz
C:\Users\Hngk\Documents\Codex\2026-09-07\use-the-autoresearch-skill-x20-https\outputs\PUMA_STAGE2_RESEARCH_PROMPTS_1_TO_4\PROMPT_4\RUNS\A1_broken_s17_cv1\epoch_07_predictions.npz,PROMPT_4\ARCHITECTURES\A1\RESULTS\RUNS\A1_broken_s17_cv1\epoch_07_predictions.npz,6620eb33bb8e00a4e0d418ab9e577c81f4f06a6025b025074cb25a5508d24806,A1_broken_s17_cv1,17,1,.npz
C:\Users\Hngk\Documents\Codex\2026-09-07\use-the-autoresearch-skill-x20-https\outputs\PUMA_STAGE2_RESEARCH_PROMPTS_1_TO_4\PROMPT_4\RUNS\A1_broken_s17_cv1\epoch_08_predictions.npz,PROMPT_4\ARCHITECTURES\A1\RESULTS\RUNS\A1_broken_s17_cv1\epoch_08_predictions.npz,21d53815e346bd69bcb8841152bd983f4af2700b63c4ff28ab5a6350d0f01e24,A1_broken_s17_cv1,17,1,.npz
C:\Users\Hngk\Documents\Codex\2026-09-07\use-the-autoresearch-skill-x20-https\outputs\PUMA_STAGE2_RESEARCH_PROMPTS_1_TO_4\PROMPT_4\RUNS\A1_broken_s17_cv1\epoch_09_predictions.npz,PROMPT_4\ARCHITECTURES\A1\RESULTS\RUNS\A1_broken_s17_cv1\epoch_09_predictions.npz,6c69d939c2363b38d838131022529ec84cfab290582525bdc4ebeb7994768d61,A1_broken_s17_cv1,17,1,.npz
C:\Users\Hngk\Documents\Codex\2026-09-07\use-the-autoresearch-skill-x20-https\outputs\PUMA_STAGE2_RESEARCH_PROMPTS_1_TO_4\PROMPT_4\RUNS\A1_broken_s17_cv1\epoch_10_predictions.npz,PROMPT_4\ARCHITECTURES\A1\RESULTS\RUNS\A1_broken_s17_cv1\epoch_10_predictions.npz,72a6b0fb30f4cb504f239098e08ac9be291aeefa30ffe2ac8aa732a81c9d8fb5,A1_broken_s17_cv1,17,1,.npz
C:\Users\Hngk\Documents\Codex\2026-09-07\use-the-autoresearch-skill-x20-https\outputs\PUMA_STAGE2_RESEARCH_PROMPTS_1_TO_4\PROMPT_4\RUNS\A1_broken_s17_cv1\final.pt,PROMPT_4\ARCHITECTURES\A1\RESULTS\RUNS\A1_broken_s17_cv1\final.pt,d47bc6deb397752a18aa86183c2fbb87e5cdd932d7c5e341c9ee4563d3a50f02,A1_broken_s17_cv1,17,1,.pt
C:\Users\Hngk\Documents\Codex\2026-09-07\use-the-autoresearch-skill-x20-https\outputs\PUMA_STAGE2_RESEARCH_PROMPTS_1_TO_4\PROMPT_4\RUNS\A1_broken_s17_cv1\history.jsonl,PROMPT_4\ARCHITECTURES\A1\RESULTS\RUNS\A1_broken_s17_cv1\history.jsonl,7e65978039499fc884a69c7e39194b906a38cc8f4cb893f8eeb4c918075889a2,A1_broken_s17_cv1,17,1,.jsonl
C:\Users\Hngk\Documents\Codex\2026-09-07\use-the-autoresearch-skill-x20-https\outputs\PUMA_STAGE2_RESEARCH_PROMPTS_1_TO_4\PROMPT_4\RUNS\A1_broken_s17_cv1\normalizer.json,PROMPT_4\ARCHITECTURES\A1\RESULTS\RUNS\A1_broken_s17_cv1\normalizer.json,3383fe0635cb468d084e5ebbd6144bb89768f6927f37c55e35b23ba5efd095cb,A1_broken_s17_cv1,17,1,.json
C:\Users\Hngk\Documents\Codex\2026-09-07\use-the-autoresearch-skill-x20-https\outputs\PUMA_STAGE2_RESEARCH_PROMPTS_1_TO_4\PROMPT_4\RUNS\A1_broken_s17_cv1\provenance.json,PROMPT_4\ARCHITECTURES\A1\RESULTS\RUNS\A1_broken_s17_cv1\provenance.json,9a85469da07e3b397c5f492395234ee4980fce656c3761098b1bad97ec27de6b,A1_broken_s17_cv1,17,1,.json
C:\Users\Hngk\Documents\Codex\2026-09-07\use-the-autoresearch-skill-x20-https\outputs\PUMA_STAGE2_RESEARCH_PROMPTS_1_TO_4\PROMPT_4\RUNS\A1_broken_s17_cv1\summary.json,PROMPT_4\ARCHITECTURES\A1\RESULTS\RUNS\A1_broken_s17_cv1\summary.json,d1c84c9fdb91d04b29772c00a9ab985a156ad2ffc2f5ba7ff0291ca21f7bedfa,A1_broken_s17_cv1,17,1,.json
C:\Users\Hngk\Documents\Codex\2026-09-07\use-the-autoresearch-skill-x20-https\outputs\PUMA_STAGE2_RESEARCH_PROMPTS_1_TO_4\PROMPT_4\RUNS\A1_broken_s17_cv2\batch_history.jsonl,PROMPT_4\ARCHITECTURES\A1\RESULTS\RUNS\A1_broken_s17_cv2\batch_history.jsonl,258f975a16177a7a726bfd1f38f04fa9be2294a2d46c6648281979a236ce8c81,A1_broken_s17_cv2,17,2,.jsonl
C:\Users\Hngk\Documents\Codex\2026-09-07\use-the-autoresearch-skill-x20-https\outputs\PUMA_STAGE2_RESEARCH_PROMPTS_1_TO_4\PROMPT_4\RUNS\A1_broken_s17_cv2\config.json,PROMPT_4\ARCHITECTURES\A1\RESULTS\RUNS\A1_broken_s17_cv2\config.json,076c051657cdab090edd2c6e35eddf0354568af206f540ab231b8eec53d189df,A1_broken_s17_cv2,17,2,.json
C:\Users\Hngk\Documents\Codex\2026-09-07\use-the-autoresearch-skill-x20-https\outputs\PUMA_STAGE2_RESEARCH_PROMPTS_1_TO_4\PROMPT_4\RUNS\A1_broken_s17_cv2\epoch_01_predictions.npz,PROMPT_4\ARCHITECTURES\A1\RESULTS\RUNS\A1_broken_s17_cv2\epoch_01_predictions.npz,1f82ad56cb24e74a5aa15a7897146d8622242f9ff3eab71718e459cba105ee1b,A1_broken_s17_cv2,17,2,.npz
C:\Users\Hngk\Documents\Codex\2026-09-07\use-the-autoresearch-skill-x20-https\outputs\PUMA_STAGE2_RESEARCH_PROMPTS_1_TO_4\PROMPT_4\RUNS\A1_broken_s17_cv2\epoch_02_predictions.npz,PROMPT_4\ARCHITECTURES\A1\RESULTS\RUNS\A1_broken_s17_cv2\epoch_02_predictions.npz,1cf0add2624a602570e3ffa6fddebb52adf883a01ea703e4f8c5b6d93b02cf14,A1_broken_s17_cv2,17,2,.npz
C:\Users\Hngk\Documents\Codex\2026-09-07\use-the-autoresearch-skill-x20-https\outputs\PUMA_STAGE2_RESEARCH_PROMPTS_1_TO_4\PROMPT_4\RUNS\A1_broken_s17_cv2\epoch_03_predictions.npz,PROMPT_4\ARCHITECTURES\A1\RESULTS\RUNS\A1_broken_s17_cv2\epoch_03_predictions.npz,d69efefa0c4befe08270f60fd641b0ce2a8236328eb623329a3eedf1910b41ef,A1_broken_s17_cv2,17,2,.npz
C:\Users\Hngk\Documents\Codex\2026-09-07\use-the-autoresearch-skill-x20-https\outputs\PUMA_STAGE2_RESEARCH_PROMPTS_1_TO_4\PROMPT_4\RUNS\A1_broken_s17_cv2\epoch_04_predictions.npz,PROMPT_4\ARCHITECTURES\A1\RESULTS\RUNS\A1_broken_s17_cv2\epoch_04_predictions.npz,6448a482711895b6fb1ebfa3851d5f9dbc58fe2cfe7a5609be1c56396f44a903,A1_broken_s17_cv2,17,2,.npz
C:\Users\Hngk\Documents\Codex\2026-09-07\use-the-autoresearch-skill-x20-https\outputs\PUMA_STAGE2_RESEARCH_PROMPTS_1_TO_4\PROMPT_4\RUNS\A1_broken_s17_cv2\epoch_05_predictions.npz,PROMPT_4\ARCHITECTURES\A1\RESULTS\RUNS\A1_broken_s17_cv2\epoch_05_predictions.npz,49df980e43a26b44c892c888cea7a1dcdbfe0ccc9391e2ed76fae7a2779d605a,A1_broken_s17_cv2,17,2,.npz
C:\Users\Hngk\Documents\Codex\2026-09-07\use-the-autoresearch-skill-x20-https\outputs\PUMA_STAGE2_RESEARCH_PROMPTS_1_TO_4\PROMPT_4\RUNS\A1_broken_s17_cv2\epoch_06_predictions.npz,PROMPT_4\ARCHITECTURES\A1\RESULTS\RUNS\A1_broken_s17_cv2\epoch_06_predictions.npz,f199fdc1126b92d49c9d773327eb0132f15ea85d61275fbca48c7a5727c65e34,A1_broken_s17_cv2,17,2,.npz
C:\Users\Hngk\Documents\Codex\2026-09-07\use-the-autoresearch-skill-x20-https\outputs\PUMA_STAGE2_RESEARCH_PROMPTS_1_TO_4\PROMPT_4\RUNS\A1_broken_s17_cv2\epoch_07_predictions.npz,PROMPT_4\ARCHITECTURES\A1\RESULTS\RUNS\A1_broken_s17_cv2\epoch_07_predictions.npz,708256dceec44212fecfb35cc38ab660636851820f28bb59b8150d4aa64ba7b8,A1_broken_s17_cv2,17,2,.npz
C:\Users\Hngk\Documents\Codex\2026-09-07\use-the-autoresearch-skill-x20-https\outputs\PUMA_STAGE2_RESEARCH_PROMPTS_1_TO_4\PROMPT_4\RUNS\A1_broken_s17_cv2\epoch_08_predictions.npz,PROMPT_4\ARCHITECTURES\A1\RESULTS\RUNS\A1_broken_s17_cv2\epoch_08_predictions.npz,f13267b71df352cc197e1439b85cce577f0c28e2ec30276eef086d5fd756001a,A1_broken_s17_cv2,17,2,.npz
C:\Users\Hngk\Documents\Codex\2026-09-07\use-the-autoresearch-skill-x20-https\outputs\PUMA_STAGE2_RESEARCH_PROMPTS_1_TO_4\PROMPT_4\RUNS\A1_broken_s17_cv2\epoch_09_predictions.npz,PROMPT_4\ARCHITECTURES\A1\RESULTS\RUNS\A1_broken_s17_cv2\epoch_09_predictions.npz,7e27b8ca2d8fd06f5d3e5e72be9b79f966d80fe492ea1b96ece21b60004c02e1,A1_broken_s17_cv2,17,2,.npz
C:\Users\Hngk\Documents\Codex\2026-09-07\use-the-autoresearch-skill-x20-https\outputs\PUMA_STAGE2_RESEARCH_PROMPTS_1_TO_4\PROMPT_4\RUNS\A1_broken_s17_cv2\epoch_10_predictions.npz,PROMPT_4\ARCHITECTURES\A1\RESULTS\RUNS\A1_broken_s17_cv2\epoch_10_predictions.npz,03a99588c618fc0417b328c95ffa1f7cc5dc8dd04cadbbb78e90974a027d58cc,A1_broken_s17_cv2,17,2,.npz
C:\Users\Hngk\Documents\Codex\2026-09-07\use-the-autoresearch-skill-x20-https\outputs\PUMA_STAGE2_RESEARCH_PROMPTS_1_TO_4\PROMPT_4\RUNS\A1_broken_s17_cv2\final.pt,PROMPT_4\ARCHITECTURES\A1\RESULTS\RUNS\A1_broken_s17_cv2\final.pt,6ed05bb34bc1b3a9379a9362e4b19b62ee8da734d1d478a02e3255dc5f195cb8,A1_broken_s17_cv2,17,2,.pt
C:\Users\Hngk\Documents\Codex\2026-09-07\use-the-autoresearch-skill-x20-https\outputs\PUMA_STAGE2_RESEARCH_PROMPTS_1_TO_4\PROMPT_4\RUNS\A1_broken_s17_cv2\history.jsonl,PROMPT_4\ARCHITECTURES\A1\RESULTS\RUNS\A1_broken_s17_cv2\history.jsonl,e801a4fa2193f878a52e3637b6210a51a1ca6eef33bb035d1eb5c0d192fe94ca,A1_broken_s17_cv2,17,2,.jsonl
C:\Users\Hngk\Documents\Codex\2026-09-07\use-the-autoresearch-skill-x20-https\outputs\PUMA_STAGE2_RESEARCH_PROMPTS_1_TO_4\PROMPT_4\RUNS\A1_broken_s17_cv2\normalizer.json,PROMPT_4\ARCHITECTURES\A1\RESULTS\RUNS\A1_broken_s17_cv2\normalizer.json,96d50de899d030d0814f1b1de6a785fda82d824637a9237bf0cd5ed8f713a28b,A1_broken_s17_cv2,17,2,.json
C:\Users\Hngk\Documents\Codex\2026-09-07\use-the-autoresearch-skill-x20-https\outputs\PUMA_STAGE2_RESEARCH_PROMPTS_1_TO_4\PROMPT_4\RUNS\A1_broken_s17_cv2\provenance.json,PROMPT_4\ARCHITECTURES\A1\RESULTS\RUNS\A1_broken_s17_cv2\provenance.json,2de08f95d004b8993d5b1f4108b29725681a9c775917c8ba677adb1116293ba1,A1_broken_s17_cv2,17,2,.json
C:\Users\Hngk\Documents\Codex\2026-09-07\use-the-autoresearch-skill-x20-https\outputs\PUMA_STAGE2_RESEARCH_PROMPTS_1_TO_4\PROMPT_4\RUNS\A1_broken_s17_cv2\summary.json,PROMPT_4\ARCHITECTURES\A1\RESULTS\RUNS\A1_broken_s17_cv2\summary.json,f3cf585bd97ae741bcb15ef9108a89a7cd648debd19929289e304cf99a43118a,A1_broken_s17_cv2,17,2,.json
C:\Users\Hngk\Documents\Codex\2026-09-07\use-the-autoresearch-skill-x20-https\outputs\PUMA_STAGE2_RESEARCH_PROMPTS_1_TO_4\PROMPT_4\RUNS\A1_broken_s29_cv0\batch_history.jsonl,PROMPT_4\ARCHITECTURES\A1\RESULTS\RUNS\A1_broken_s29_cv0\batch_history.jsonl,7c01c6c885fe17194492ce46ceb6585bad3d2166387aa6fb42cbfbe5da2f9900,A1_broken_s29_cv0,29,0,.jsonl
C:\Users\Hngk\Documents\Codex\2026-09-07\use-the-autoresearch-skill-x20-https\outputs\PUMA_STAGE2_RESEARCH_PROMPTS_1_TO_4\PROMPT_4\RUNS\A1_broken_s29_cv0\config.json,PROMPT_4\ARCHITECTURES\A1\RESULTS\RUNS\A1_broken_s29_cv0\config.json,08b3bc6bfbcb1f56aa6167f82b969ef12569316ad58d2d21e663097412279ba8,A1_broken_s29_cv0,29,0,.json
C:\Users\Hngk\Documents\Codex\2026-09-07\use-the-autoresearch-skill-x20-https\outputs\PUMA_STAGE2_RESEARCH_PROMPTS_1_TO_4\PROMPT_4\RUNS\A1_broken_s29_cv0\epoch_01_predictions.npz,PROMPT_4\ARCHITECTURES\A1\RESULTS\RUNS\A1_broken_s29_cv0\epoch_01_predictions.npz,a725551a389776048744476af4744b6e6905c56238cda1885cfc1a126a8fe9e4,A1_broken_s29_cv0,29,0,.npz
C:\Users\Hngk\Documents\Codex\2026-09-07\use-the-autoresearch-skill-x20-https\outputs\PUMA_STAGE2_RESEARCH_PROMPTS_1_TO_4\PROMPT_4\RUNS\A1_broken_s29_cv0\epoch_02_predictions.npz,PROMPT_4\ARCHITECTURES\A1\RESULTS\RUNS\A1_broken_s29_cv0\epoch_02_predictions.npz,50ba2df593c0fbdc5442c3f78a21b845caf73ffc104e724268a3b3b3dc3061a4,A1_broken_s29_cv0,29,0,.npz
C:\Users\Hngk\Documents\Codex\2026-09-07\use-the-autoresearch-skill-x20-https\outputs\PUMA_STAGE2_RESEARCH_PROMPTS_1_TO_4\PROMPT_4\RUNS\A1_broken_s29_cv0\epoch_03_predictions.npz,PROMPT_4\ARCHITECTURES\A1\RESULTS\RUNS\A1_broken_s29_cv0\epoch_03_predictions.npz,8c04fbfa39ed8d4e027bc5edda90b78238bc1132b2ae3335525309b12d666331,A1_broken_s29_cv0,29,0,.npz
C:\Users\Hngk\Documents\Codex\2026-09-07\use-the-autoresearch-skill-x20-https\outputs\PUMA_STAGE2_RESEARCH_PROMPTS_1_TO_4\PROMPT_4\RUNS\A1_broken_s29_cv0\epoch_04_predictions.npz,PROMPT_4\ARCHITECTURES\A1\RESULTS\RUNS\A1_broken_s29_cv0\epoch_04_predictions.npz,e103635ee70419ca16e32ed6d95bf9c0af37dc70b3029e33b9fafcfffdb24987,A1_broken_s29_cv0,29,0,.npz
C:\Users\Hngk\Documents\Codex\2026-09-07\use-the-autoresearch-skill-x20-https\outputs\PUMA_STAGE2_RESEARCH_PROMPTS_1_TO_4\PROMPT_4\RUNS\A1_broken_s29_cv0\epoch_05_predictions.npz,PROMPT_4\ARCHITECTURES\A1\RESULTS\RUNS\A1_broken_s29_cv0\epoch_05_predictions.npz,5a81bfbf8bb032655aa77a37ba88c4b065cd668aa33fcc3b0d6f47398953f19a,A1_broken_s29_cv0,29,0,.npz
C:\Users\Hngk\Documents\Codex\2026-09-07\use-the-autoresearch-skill-x20-https\outputs\PUMA_STAGE2_RESEARCH_PROMPTS_1_TO_4\PROMPT_4\RUNS\A1_broken_s29_cv0\epoch_06_predictions.npz,PROMPT_4\ARCHITECTURES\A1\RESULTS\RUNS\A1_broken_s29_cv0\epoch_06_predictions.npz,249fe198b1a67ccee25b00a1170973e40ab70918edcec0edf9e20d53f7dac419,A1_broken_s29_cv0,29,0,.npz
C:\Users\Hngk\Documents\Codex\2026-09-07\use-the-autoresearch-skill-x20-https\outputs\PUMA_STAGE2_RESEARCH_PROMPTS_1_TO_4\PROMPT_4\RUNS\A1_broken_s29_cv0\epoch_07_predictions.npz,PROMPT_4\ARCHITECTURES\A1\RESULTS\RUNS\A1_broken_s29_cv0\epoch_07_predictions.npz,923108535d57397546c4a322ec748cf740f862749f1d72877bc1c0766b460d37,A1_broken_s29_cv0,29,0,.npz
C:\Users\Hngk\Documents\Codex\2026-09-07\use-the-autoresearch-skill-x20-https\outputs\PUMA_STAGE2_RESEARCH_PROMPTS_1_TO_4\PROMPT_4\RUNS\A1_broken_s29_cv0\epoch_08_predictions.npz,PROMPT_4\ARCHITECTURES\A1\RESULTS\RUNS\A1_broken_s29_cv0\epoch_08_predictions.npz,de1e9fa1867cc1af1f2a3110e4f1573665898a1e91e032f756403107088e3925,A1_broken_s29_cv0,29,0,.npz
C:\Users\Hngk\Documents\Codex\2026-09-07\use-the-autoresearch-skill-x20-https\outputs\PUMA_STAGE2_RESEARCH_PROMPTS_1_TO_4\PROMPT_4\RUNS\A1_broken_s29_cv0\epoch_09_predictions.npz,PROMPT_4\ARCHITECTURES\A1\RESULTS\RUNS\A1_broken_s29_cv0\epoch_09_predictions.npz,5874a62787e4bcfdf9bc5812bdb1654d6e52f88d43c4b5bf375d793d27129739,A1_broken_s29_cv0,29,0,.npz
C:\Users\Hngk\Documents\Codex\2026-09-07\use-the-autoresearch-skill-x20-https\outputs\PUMA_STAGE2_RESEARCH_PROMPTS_1_TO_4\PROMPT_4\RUNS\A1_broken_s29_cv0\epoch_10_predictions.npz,PROMPT_4\ARCHITECTURES\A1\RESULTS\RUNS\A1_broken_s29_cv0\epoch_10_predictions.npz,0539141e45da2a738c07e228445b51a2de538e1cac1964b1201e729daa826997,A1_broken_s29_cv0,29,0,.npz
C:\Users\Hngk\Documents\Codex\2026-09-07\use-the-autoresearch-skill-x20-https\outputs\PUMA_STAGE2_RESEARCH_PROMPTS_1_TO_4\PROMPT_4\RUNS\A1_broken_s29_cv0\final.pt,PROMPT_4\ARCHITECTURES\A1\RESULTS\RUNS\A1_broken_s29_cv0\final.pt,3af8996b3429b5112f8f47fb551e3752c04f0b24d95493c638790b11be6a1ce2,A1_broken_s29_cv0,29,0,.pt
C:\Users\Hngk\Documents\Codex\2026-09-07\use-the-autoresearch-skill-x20-https\outputs\PUMA_STAGE2_RESEARCH_PROMPTS_1_TO_4\PROMPT_4\RUNS\A1_broken_s29_cv0\history.jsonl,PROMPT_4\ARCHITECTURES\A1\RESULTS\RUNS\A1_broken_s29_cv0\history.jsonl,06fd5ae5d786ce3a5f5d3444300493a5bbfd6af1226a0492c9ba4946d606a790,A1_broken_s29_cv0,29,0,.jsonl
C:\Users\Hngk\Documents\Codex\2026-09-07\use-the-autoresearch-skill-x20-https\outputs\PUMA_STAGE2_RESEARCH_PROMPTS_1_TO_4\PROMPT_4\RUNS\A1_broken_s29_cv0\normalizer.json,PROMPT_4\ARCHITECTURES\A1\RESULTS\RUNS\A1_broken_s29_cv0\normalizer.json,f75d5e56dcca6f2ff7aa13358de835631b823bbc37b6b08d02983940eb5ee49c,A1_broken_s29_cv0,29,0,.json
C:\Users\Hngk\Documents\Codex\2026-09-07\use-the-autoresearch-skill-x20-https\outputs\PUMA_STAGE2_RESEARCH_PROMPTS_1_TO_4\PROMPT_4\RUNS\A1_broken_s29_cv0\provenance.json,PROMPT_4\ARCHITECTURES\A1\RESULTS\RUNS\A1_broken_s29_cv0\provenance.json,76280b3a4024a378a62d5b47d633804a9e1018c3345ae3711935c0a6a674f711,A1_broken_s29_cv0,29,0,.json
C:\Users\Hngk\Documents\Codex\2026-09-07\use-the-autoresearch-skill-x20-https\outputs\PUMA_STAGE2_RESEARCH_PROMPTS_1_TO_4\PROMPT_4\RUNS\A1_broken_s29_cv0\summary.json,PROMPT_4\ARCHITECTURES\A1\RESULTS\RUNS\A1_broken_s29_cv0\summary.json,951e2c7f00396ebd7590250ff3b22d3b425c5b9d9dc3d6d2712a9b96b25d1140,A1_broken_s29_cv0,29,0,.json
C:\Users\Hngk\Documents\Codex\2026-09-07\use-the-autoresearch-skill-x20-https\outputs\PUMA_STAGE2_RESEARCH_PROMPTS_1_TO_4\PROMPT_4\RUNS\A1_broken_s29_cv1\batch_history.jsonl,PROMPT_4\ARCHITECTURES\A1\RESULTS\RUNS\A1_broken_s29_cv1\batch_history.jsonl,ee69f7b22629cd8001014f64030f44b5f31e5ce5674205b8ff16a6be6475b983,A1_broken_s29_cv1,29,1,.jsonl
C:\Users\Hngk\Documents\Codex\2026-09-07\use-the-autoresearch-skill-x20-https\outputs\PUMA_STAGE2_RESEARCH_PROMPTS_1_TO_4\PROMPT_4\RUNS\A1_broken_s29_cv1\config.json,PROMPT_4\ARCHITECTURES\A1\RESULTS\RUNS\A1_broken_s29_cv1\config.json,84dd940ee4e12c5c67a729740aac1471614c0762b6f464961f0e89635c71fbfd,A1_broken_s29_cv1,29,1,.json
C:\Users\Hngk\Documents\Codex\2026-09-07\use-the-autoresearch-skill-x20-https\outputs\PUMA_STAGE2_RESEARCH_PROMPTS_1_TO_4\PROMPT_4\RUNS\A1_broken_s29_cv1\epoch_01_predictions.npz,PROMPT_4\ARCHITECTURES\A1\RESULTS\RUNS\A1_broken_s29_cv1\epoch_01_predictions.npz,2cae1fa3684f0e45955f32e7beedae6e77036c63598f7d0866678c5f0eca4129,A1_broken_s29_cv1,29,1,.npz
C:\Users\Hngk\Documents\Codex\2026-09-07\use-the-autoresearch-skill-x20-https\outputs\PUMA_STAGE2_RESEARCH_PROMPTS_1_TO_4\PROMPT_4\RUNS\A1_broken_s29_cv1\epoch_02_predictions.npz,PROMPT_4\ARCHITECTURES\A1\RESULTS\RUNS\A1_broken_s29_cv1\epoch_02_predictions.npz,123c2a3b9630bc61359caab7ec2c0228182bffe9b7e3132116151f6a97497a02,A1_broken_s29_cv1,29,1,.npz
C:\Users\Hngk\Documents\Codex\2026-09-07\use-the-autoresearch-skill-x20-https\outputs\PUMA_STAGE2_RESEARCH_PROMPTS_1_TO_4\PROMPT_4\RUNS\A1_broken_s29_cv1\epoch_03_predictions.npz,PROMPT_4\ARCHITECTURES\A1\RESULTS\RUNS\A1_broken_s29_cv1\epoch_03_predictions.npz,50d911c5f777f972831c510a1b4c39402ee6318aec8e4b6f3a1f1307ab77a018,A1_broken_s29_cv1,29,1,.npz
C:\Users\Hngk\Documents\Codex\2026-09-07\use-the-autoresearch-skill-x20-https\outputs\PUMA_STAGE2_RESEARCH_PROMPTS_1_TO_4\PROMPT_4\RUNS\A1_broken_s29_cv1\epoch_04_predictions.npz,PROMPT_4\ARCHITECTURES\A1\RESULTS\RUNS\A1_broken_s29_cv1\epoch_04_predictions.npz,4a2985de55638be5c92f54e562435c372c09db55f9823c5b3d1ce32ab44f2275,A1_broken_s29_cv1,29,1,.npz
C:\Users\Hngk\Documents\Codex\2026-09-07\use-the-autoresearch-skill-x20-https\outputs\PUMA_STAGE2_RESEARCH_PROMPTS_1_TO_4\PROMPT_4\RUNS\A1_broken_s29_cv1\epoch_05_predictions.npz,PROMPT_4\ARCHITECTURES\A1\RESULTS\RUNS\A1_broken_s29_cv1\epoch_05_predictions.npz,004a18f38406d9f9532c5612759a3770bcc48016623c539f6297e8163b8afa58,A1_broken_s29_cv1,29,1,.npz
C:\Users\Hngk\Documents\Codex\2026-09-07\use-the-autoresearch-skill-x20-https\outputs\PUMA_STAGE2_RESEARCH_PROMPTS_1_TO_4\PROMPT_4\RUNS\A1_broken_s29_cv1\epoch_06_predictions.npz,PROMPT_4\ARCHITECTURES\A1\RESULTS\RUNS\A1_broken_s29_cv1\epoch_06_predictions.npz,87db593f55819a6f7d88694e525eb88e64de356895287bc4dc9fc214fdbea7ba,A1_broken_s29_cv1,29,1,.npz
C:\Users\Hngk\Documents\Codex\2026-09-07\use-the-autoresearch-skill-x20-https\outputs\PUMA_STAGE2_RESEARCH_PROMPTS_1_TO_4\PROMPT_4\RUNS\A1_broken_s29_cv1\epoch_07_predictions.npz,PROMPT_4\ARCHITECTURES\A1\RESULTS\RUNS\A1_broken_s29_cv1\epoch_07_predictions.npz,85971591f8d680dba63807770f7e8ed3b93ba2a89f7311250c24fbcf1be650e3,A1_broken_s29_cv1,29,1,.npz
C:\Users\Hngk\Documents\Codex\2026-09-07\use-the-autoresearch-skill-x20-https\outputs\PUMA_STAGE2_RESEARCH_PROMPTS_1_TO_4\PROMPT_4\RUNS\A1_broken_s29_cv1\epoch_08_predictions.npz,PROMPT_4\ARCHITECTURES\A1\RESULTS\RUNS\A1_broken_s29_cv1\epoch_08_predictions.npz,e6b0275cd576a3f104d3f308aefa3b7cb6954eb51d31936fbd6bfa771e72690c,A1_broken_s29_cv1,29,1,.npz
C:\Users\Hngk\Documents\Codex\2026-09-07\use-the-autoresearch-skill-x20-https\outputs\PUMA_STAGE2_RESEARCH_PROMPTS_1_TO_4\PROMPT_4\RUNS\A1_broken_s29_cv1\epoch_09_predictions.npz,PROMPT_4\ARCHITECTURES\A1\RESULTS\RUNS\A1_broken_s29_cv1\epoch_09_predictions.npz,d2c1edd7db96d5561fa0f17ec6a56ffd0ac9cd377e40944c6a060fa6295f06a8,A1_broken_s29_cv1,29,1,.npz
C:\Users\Hngk\Documents\Codex\2026-09-07\use-the-autoresearch-skill-x20-https\outputs\PUMA_STAGE2_RESEARCH_PROMPTS_1_TO_4\PROMPT_4\RUNS\A1_broken_s29_cv1\epoch_10_predictions.npz,PROMPT_4\ARCHITECTURES\A1\RESULTS\RUNS\A1_broken_s29_cv1\epoch_10_predictions.npz,e9e7bc1f89e29e42c8a288b05fe422d6d7258399d322b1f08694761f834892ff,A1_broken_s29_cv1,29,1,.npz
C:\Users\Hngk\Documents\Codex\2026-09-07\use-the-autoresearch-skill-x20-https\outputs\PUMA_STAGE2_RESEARCH_PROMPTS_1_TO_4\PROMPT_4\RUNS\A1_broken_s29_cv1\final.pt,PROMPT_4\ARCHITECTURES\A1\RESULTS\RUNS\A1_broken_s29_cv1\final.pt,648410819235f1e2d7c9ed834fd2ee144533cd3b5c791cca3b0b72e537ca97ae,A1_broken_s29_cv1,29,1,.pt
C:\Users\Hngk\Documents\Codex\2026-09-07\use-the-autoresearch-skill-x20-https\outputs\PUMA_STAGE2_RESEARCH_PROMPTS_1_TO_4\PROMPT_4\RUNS\A1_broken_s29_cv1\history.jsonl,PROMPT_4\ARCHITECTURES\A1\RESULTS\RUNS\A1_broken_s29_cv1\history.jsonl,6183adc8dbb8c9ce53fe89ea35fd513101706995fe61b68ba536319443dd3dd8,A1_broken_s29_cv1,29,1,.jsonl
C:\Users\Hngk\Documents\Codex\2026-09-07\use-the-autoresearch-skill-x20-https\outputs\PUMA_STAGE2_RESEARCH_PROMPTS_1_TO_4\PROMPT_4\RUNS\A1_broken_s29_cv1\normalizer.json,PROMPT_4\ARCHITECTURES\A1\RESULTS\RUNS\A1_broken_s29_cv1\normalizer.json,3383fe0635cb468d084e5ebbd6144bb89768f6927f37c55e35b23ba5efd095cb,A1_broken_s29_cv1,29,1,.json
C:\Users\Hngk\Documents\Codex\2026-09-07\use-the-autoresearch-skill-x20-https\outputs\PUMA_STAGE2_RESEARCH_PROMPTS_1_TO_4\PROMPT_4\RUNS\A1_broken_s29_cv1\provenance.json,PROMPT_4\ARCHITECTURES\A1\RESULTS\RUNS\A1_broken_s29_cv1\provenance.json,b8bb4f7b245c1a9183f1eea753d3534d0062545da61dedf54bc53207bfbab583,A1_broken_s29_cv1,29,1,.json
C:\Users\Hngk\Documents\Codex\2026-09-07\use-the-autoresearch-skill-x20-https\outputs\PUMA_STAGE2_RESEARCH_PROMPTS_1_TO_4\PROMPT_4\RUNS\A1_broken_s29_cv1\summary.json,PROMPT_4\ARCHITECTURES\A1\RESULTS\RUNS\A1_broken_s29_cv1\summary.json,1bc31763b579faa1d4aa2d0401eee2f2c642fe041689eea98e810fc011ef81eb,A1_broken_s29_cv1,29,1,.json
C:\Users\Hngk\Documents\Codex\2026-09-07\use-the-autoresearch-skill-x20-https\outputs\PUMA_STAGE2_RESEARCH_PROMPTS_1_TO_4\PROMPT_4\RUNS\A1_broken_s29_cv2\batch_history.jsonl,PROMPT_4\ARCHITECTURES\A1\RESULTS\RUNS\A1_broken_s29_cv2\batch_history.jsonl,4eb92f1ad54623b356acbb925b0b954d4850bcc69088b98eedfa837d7d3b735e,A1_broken_s29_cv2,29,2,.jsonl
C:\Users\Hngk\Documents\Codex\2026-09-07\use-the-autoresearch-skill-x20-https\outputs\PUMA_STAGE2_RESEARCH_PROMPTS_1_TO_4\PROMPT_4\RUNS\A1_broken_s29_cv2\config.json,PROMPT_4\ARCHITECTURES\A1\RESULTS\RUNS\A1_broken_s29_cv2\config.json,ee4c18f95b309474d7687ed8ced7deb26602c83ffbc5f7d78697bb360f68adcf,A1_broken_s29_cv2,29,2,.json
C:\Users\Hngk\Documents\Codex\2026-09-07\use-the-autoresearch-skill-x20-https\outputs\PUMA_STAGE2_RESEARCH_PROMPTS_1_TO_4\PROMPT_4\RUNS\A1_broken_s29_cv2\epoch_01_predictions.npz,PROMPT_4\ARCHITECTURES\A1\RESULTS\RUNS\A1_broken_s29_cv2\epoch_01_predictions.npz,4abdeb29b6b0bf50e2b730282d34adbc8f76290379457f073e21302b53020e95,A1_broken_s29_cv2,29,2,.npz
C:\Users\Hngk\Documents\Codex\2026-09-07\use-the-autoresearch-skill-x20-https\outputs\PUMA_STAGE2_RESEARCH_PROMPTS_1_TO_4\PROMPT_4\RUNS\A1_broken_s29_cv2\epoch_02_predictions.npz,PROMPT_4\ARCHITECTURES\A1\RESULTS\RUNS\A1_broken_s29_cv2\epoch_02_predictions.npz,faa42df13c71637abfd97a7fb87419ffca45306cef5505312249295a625ee7b4,A1_broken_s29_cv2,29,2,.npz
C:\Users\Hngk\Documents\Codex\2026-09-07\use-the-autoresearch-skill-x20-https\outputs\PUMA_STAGE2_RESEARCH_PROMPTS_1_TO_4\PROMPT_4\RUNS\A1_broken_s29_cv2\epoch_03_predictions.npz,PROMPT_4\ARCHITECTURES\A1\RESULTS\RUNS\A1_broken_s29_cv2\epoch_03_predictions.npz,b0620eea0457f15d97d2144a32db90d5ee32d9af24ee3016d89c202808ccfd90,A1_broken_s29_cv2,29,2,.npz
C:\Users\Hngk\Documents\Codex\2026-09-07\use-the-autoresearch-skill-x20-https\outputs\PUMA_STAGE2_RESEARCH_PROMPTS_1_TO_4\PROMPT_4\RUNS\A1_broken_s29_cv2\epoch_04_predictions.npz,PROMPT_4\ARCHITECTURES\A1\RESULTS\RUNS\A1_broken_s29_cv2\epoch_04_predictions.npz,73e2178c684a3cd5b72bc7722f443893d15fc9157ab73531f125caa3624c8582,A1_broken_s29_cv2,29,2,.npz
C:\Users\Hngk\Documents\Codex\2026-09-07\use-the-autoresearch-skill-x20-https\outputs\PUMA_STAGE2_RESEARCH_PROMPTS_1_TO_4\PROMPT_4\RUNS\A1_broken_s29_cv2\epoch_05_predictions.npz,PROMPT_4\ARCHITECTURES\A1\RESULTS\RUNS\A1_broken_s29_cv2\epoch_05_predictions.npz,67da8da5f5fd39eeb043a0bc0e04f433366f5994d6c88d0ed498433cfa3f0524,A1_broken_s29_cv2,29,2,.npz
C:\Users\Hngk\Documents\Codex\2026-09-07\use-the-autoresearch-skill-x20-https\outputs\PUMA_STAGE2_RESEARCH_PROMPTS_1_TO_4\PROMPT_4\RUNS\A1_broken_s29_cv2\epoch_06_predictions.npz,PROMPT_4\ARCHITECTURES\A1\RESULTS\RUNS\A1_broken_s29_cv2\epoch_06_predictions.npz,702b0e8d215a0e00663891ceebc1af8b7aaaef4971f26cdf201af53c5ce918e6,A1_broken_s29_cv2,29,2,.npz
C:\Users\Hngk\Documents\Codex\2026-09-07\use-the-autoresearch-skill-x20-https\outputs\PUMA_STAGE2_RESEARCH_PROMPTS_1_TO_4\PROMPT_4\RUNS\A1_broken_s29_cv2\epoch_07_predictions.npz,PROMPT_4\ARCHITECTURES\A1\RESULTS\RUNS\A1_broken_s29_cv2\epoch_07_predictions.npz,43a2616bf66b3cd39a5b1108da222c0adae785294d9001ffba4008b1d6370959,A1_broken_s29_cv2,29,2,.npz
C:\Users\Hngk\Documents\Codex\2026-09-07\use-the-autoresearch-skill-x20-https\outputs\PUMA_STAGE2_RESEARCH_PROMPTS_1_TO_4\PROMPT_4\RUNS\A1_broken_s29_cv2\epoch_08_predictions.npz,PROMPT_4\ARCHITECTURES\A1\RESULTS\RUNS\A1_broken_s29_cv2\epoch_08_predictions.npz,3a70fdcbec36fbe83acc3d131311d4c2e155068b18dc77d3effd014fdaaca509,A1_broken_s29_cv2,29,2,.npz
C:\Users\Hngk\Documents\Codex\2026-09-07\use-the-autoresearch-skill-x20-https\outputs\PUMA_STAGE2_RESEARCH_PROMPTS_1_TO_4\PROMPT_4\RUNS\A1_broken_s29_cv2\epoch_09_predictions.npz,PROMPT_4\ARCHITECTURES\A1\RESULTS\RUNS\A1_broken_s29_cv2\epoch_09_predictions.npz,77a10c65ceede2ce5220093e258ba04156e4f2eceb3560969615754293d27e99,A1_broken_s29_cv2,29,2,.npz
C:\Users\Hngk\Documents\Codex\2026-09-07\use-the-autoresearch-skill-x20-https\outputs\PUMA_STAGE2_RESEARCH_PROMPTS_1_TO_4\PROMPT_4\RUNS\A1_broken_s29_cv2\epoch_10_predictions.npz,PROMPT_4\ARCHITECTURES\A1\RESULTS\RUNS\A1_broken_s29_cv2\epoch_10_predictions.npz,748473f703ae536511ee3a8adb3857f708860b4babe5d529a5638a974d69e6a9,A1_broken_s29_cv2,29,2,.npz
C:\Users\Hngk\Documents\Codex\2026-09-07\use-the-autoresearch-skill-x20-https\outputs\PUMA_STAGE2_RESEARCH_PROMPTS_1_TO_4\PROMPT_4\RUNS\A1_broken_s29_cv2\final.pt,PROMPT_4\ARCHITECTURES\A1\RESULTS\RUNS\A1_broken_s29_cv2\final.pt,eeabd11e68ff86c3d03b0d2bfa898041e606131c951edc041c98c2e5dedf41e4,A1_broken_s29_cv2,29,2,.pt
C:\Users\Hngk\Documents\Codex\2026-09-07\use-the-autoresearch-skill-x20-https\outputs\PUMA_STAGE2_RESEARCH_PROMPTS_1_TO_4\PROMPT_4\RUNS\A1_broken_s29_cv2\history.jsonl,PROMPT_4\ARCHITECTURES\A1\RESULTS\RUNS\A1_broken_s29_cv2\history.jsonl,7acef6f9bc8577ed4e0f6dd1a955b5bd23986a8d522117708bcb83586e2072b1,A1_broken_s29_cv2,29,2,.jsonl
C:\Users\Hngk\Documents\Codex\2026-09-07\use-the-autoresearch-skill-x20-https\outputs\PUMA_STAGE2_RESEARCH_PROMPTS_1_TO_4\PROMPT_4\RUNS\A1_broken_s29_cv2\normalizer.json,PROMPT_4\ARCHITECTURES\A1\RESULTS\RUNS\A1_broken_s29_cv2\normalizer.json,96d50de899d030d0814f1b1de6a785fda82d824637a9237bf0cd5ed8f713a28b,A1_broken_s29_cv2,29,2,.json
C:\Users\Hngk\Documents\Codex\2026-09-07\use-the-autoresearch-skill-x20-https\outputs\PUMA_STAGE2_RESEARCH_PROMPTS_1_TO_4\PROMPT_4\RUNS\A1_broken_s29_cv2\provenance.json,PROMPT_4\ARCHITECTURES\A1\RESULTS\RUNS\A1_broken_s29_cv2\provenance.json,78ae7642255f4c39d96fa5e4e16d456b797b9caf25c680bd9c221bbe54a5e996,A1_broken_s29_cv2,29,2,.json
C:\Users\Hngk\Documents\Codex\2026-09-07\use-the-autoresearch-skill-x20-https\outputs\PUMA_STAGE2_RESEARCH_PROMPTS_1_TO_4\PROMPT_4\RUNS\A1_broken_s29_cv2\summary.json,PROMPT_4\ARCHITECTURES\A1\RESULTS\RUNS\A1_broken_s29_cv2\summary.json,92d50bd034b70f52c3aec824f052467779b88f6aeb6d082acef4c43645e70c97,A1_broken_s29_cv2,29,2,.json
C:\Users\Hngk\Documents\Codex\2026-09-07\use-the-autoresearch-skill-x20-https\outputs\PUMA_STAGE2_RESEARCH_PROMPTS_1_TO_4\PROMPT_4\RUNS\A1_broken_s43_cv0\batch_history.jsonl,PROMPT_4\ARCHITECTURES\A1\RESULTS\RUNS\A1_broken_s43_cv0\batch_history.jsonl,f1cc8d4496ceb1247bc5cf7203407c3094b0b726a3eb05c687d5ba3d3c4edd6e,A1_broken_s43_cv0,43,0,.jsonl
C:\Users\Hngk\Documents\Codex\2026-09-07\use-the-autoresearch-skill-x20-https\outputs\PUMA_STAGE2_RESEARCH_PROMPTS_1_TO_4\PROMPT_4\RUNS\A1_broken_s43_cv0\config.json,PROMPT_4\ARCHITECTURES\A1\RESULTS\RUNS\A1_broken_s43_cv0\config.json,13c206bb3d352a30fbe02b2f54d8d983256bf9253d9728f038a6b17cd8833ab3,A1_broken_s43_cv0,43,0,.json
C:\Users\Hngk\Documents\Codex\2026-09-07\use-the-autoresearch-skill-x20-https\outputs\PUMA_STAGE2_RESEARCH_PROMPTS_1_TO_4\PROMPT_4\RUNS\A1_broken_s43_cv0\epoch_01_predictions.npz,PROMPT_4\ARCHITECTURES\A1\RESULTS\RUNS\A1_broken_s43_cv0\epoch_01_predictions.npz,b96080818e085c8991329ca652ac7b3fe424de77f84c8c8e7d3f7fc199e07a89,A1_broken_s43_cv0,43,0,.npz
C:\Users\Hngk\Documents\Codex\2026-09-07\use-the-autoresearch-skill-x20-https\outputs\PUMA_STAGE2_RESEARCH_PROMPTS_1_TO_4\PROMPT_4\RUNS\A1_broken_s43_cv0\epoch_02_predictions.npz,PROMPT_4\ARCHITECTURES\A1\RESULTS\RUNS\A1_broken_s43_cv0\epoch_02_predictions.npz,817d1696221640d1124c0a196fae82925312053582e32ab1febeb8b855d19508,A1_broken_s43_cv0,43,0,.npz
C:\Users\Hngk\Documents\Codex\2026-09-07\use-the-autoresearch-skill-x20-https\outputs\PUMA_STAGE2_RESEARCH_PROMPTS_1_TO_4\PROMPT_4\RUNS\A1_broken_s43_cv0\epoch_03_predictions.npz,PROMPT_4\ARCHITECTURES\A1\RESULTS\RUNS\A1_broken_s43_cv0\epoch_03_predictions.npz,de9b6c318bef31cf4a225797e867438d1c89cd232e4eb5d6da96a8eccdffc865,A1_broken_s43_cv0,43,0,.npz
C:\Users\Hngk\Documents\Codex\2026-09-07\use-the-autoresearch-skill-x20-https\outputs\PUMA_STAGE2_RESEARCH_PROMPTS_1_TO_4\PROMPT_4\RUNS\A1_broken_s43_cv0\epoch_04_predictions.npz,PROMPT_4\ARCHITECTURES\A1\RESULTS\RUNS\A1_broken_s43_cv0\epoch_04_predictions.npz,f54fbcba7c63ea9737c117c72a9c34f91e5dbc59cee411e5aba46ce2d0ff8023,A1_broken_s43_cv0,43,0,.npz
C:\Users\Hngk\Documents\Codex\2026-09-07\use-the-autoresearch-skill-x20-https\outputs\PUMA_STAGE2_RESEARCH_PROMPTS_1_TO_4\PROMPT_4\RUNS\A1_broken_s43_cv0\epoch_05_predictions.npz,PROMPT_4\ARCHITECTURES\A1\RESULTS\RUNS\A1_broken_s43_cv0\epoch_05_predictions.npz,04ae7c319b53dab7f75f59f46e976bd18f37e446315d89ac3ffa1846492c766b,A1_broken_s43_cv0,43,0,.npz
C:\Users\Hngk\Documents\Codex\2026-09-07\use-the-autoresearch-skill-x20-https\outputs\PUMA_STAGE2_RESEARCH_PROMPTS_1_TO_4\PROMPT_4\RUNS\A1_broken_s43_cv0\epoch_06_predictions.npz,PROMPT_4\ARCHITECTURES\A1\RESULTS\RUNS\A1_broken_s43_cv0\epoch_06_predictions.npz,7e97816e8ec063d20621610ee89bfbf39f17b9e9c99ce53947fc82b918b27f49,A1_broken_s43_cv0,43,0,.npz
C:\Users\Hngk\Documents\Codex\2026-09-07\use-the-autoresearch-skill-x20-https\outputs\PUMA_STAGE2_RESEARCH_PROMPTS_1_TO_4\PROMPT_4\RUNS\A1_broken_s43_cv0\epoch_07_predictions.npz,PROMPT_4\ARCHITECTURES\A1\RESULTS\RUNS\A1_broken_s43_cv0\epoch_07_predictions.npz,4a98ad473988c209ce1ddfac3ee596a8a6be64e68ab7209701a8895c91012cd2,A1_broken_s43_cv0,43,0,.npz
C:\Users\Hngk\Documents\Codex\2026-09-07\use-the-autoresearch-skill-x20-https\outputs\PUMA_STAGE2_RESEARCH_PROMPTS_1_TO_4\PROMPT_4\RUNS\A1_broken_s43_cv0\epoch_08_predictions.npz,PROMPT_4\ARCHITECTURES\A1\RESULTS\RUNS\A1_broken_s43_cv0\epoch_08_predictions.npz,5a378be6ec3008d970520317d04ad115e8f5dbcd3da705d932e1eca2dbac7eb2,A1_broken_s43_cv0,43,0,.npz
C:\Users\Hngk\Documents\Codex\2026-09-07\use-the-autoresearch-skill-x20-https\outputs\PUMA_STAGE2_RESEARCH_PROMPTS_1_TO_4\PROMPT_4\RUNS\A1_broken_s43_cv0\epoch_09_predictions.npz,PROMPT_4\ARCHITECTURES\A1\RESULTS\RUNS\A1_broken_s43_cv0\epoch_09_predictions.npz,b6561c2b66153850f8cc7495cf91d13eae76202ba4e49d76671285887587c64a,A1_broken_s43_cv0,43,0,.npz
C:\Users\Hngk\Documents\Codex\2026-09-07\use-the-autoresearch-skill-x20-https\outputs\PUMA_STAGE2_RESEARCH_PROMPTS_1_TO_4\PROMPT_4\RUNS\A1_broken_s43_cv0\epoch_10_predictions.npz,PROMPT_4\ARCHITECTURES\A1\RESULTS\RUNS\A1_broken_s43_cv0\epoch_10_predictions.npz,690035151c660f86c17fd4d58e8962ce7bc63dd8864dedd2bf76d5b1d0f4dc30,A1_broken_s43_cv0,43,0,.npz
C:\Users\Hngk\Documents\Codex\2026-09-07\use-the-autoresearch-skill-x20-https\outputs\PUMA_STAGE2_RESEARCH_PROMPTS_1_TO_4\PROMPT_4\RUNS\A1_broken_s43_cv0\final.pt,PROMPT_4\ARCHITECTURES\A1\RESULTS\RUNS\A1_broken_s43_cv0\final.pt,1e524d54ec19484af7e97e265f52c5895f617ea0b236f86bab10684401b90e4d,A1_broken_s43_cv0,43,0,.pt
C:\Users\Hngk\Documents\Codex\2026-09-07\use-the-autoresearch-skill-x20-https\outputs\PUMA_STAGE2_RESEARCH_PROMPTS_1_TO_4\PROMPT_4\RUNS\A1_broken_s43_cv0\history.jsonl,PROMPT_4\ARCHITECTURES\A1\RESULTS\RUNS\A1_broken_s43_cv0\history.jsonl,99e8f50d9c5deeb61bdb7818bd67c1033b190a43b51cae2b29d1cfd8f67d1b9e,A1_broken_s43_cv0,43,0,.jsonl
C:\Users\Hngk\Documents\Codex\2026-09-07\use-the-autoresearch-skill-x20-https\outputs\PUMA_STAGE2_RESEARCH_PROMPTS_1_TO_4\PROMPT_4\RUNS\A1_broken_s43_cv0\normalizer.json,PROMPT_4\ARCHITECTURES\A1\RESULTS\RUNS\A1_broken_s43_cv0\normalizer.json,f75d5e56dcca6f2ff7aa13358de835631b823bbc37b6b08d02983940eb5ee49c,A1_broken_s43_cv0,43,0,.json
C:\Users\Hngk\Documents\Codex\2026-09-07\use-the-autoresearch-skill-x20-https\outputs\PUMA_STAGE2_RESEARCH_PROMPTS_1_TO_4\PROMPT_4\RUNS\A1_broken_s43_cv0\provenance.json,PROMPT_4\ARCHITECTURES\A1\RESULTS\RUNS\A1_broken_s43_cv0\provenance.json,0a66b4c4a7e03ccbade947a28357b0be69969864074152352badc2d25c942c39,A1_broken_s43_cv0,43,0,.json
C:\Users\Hngk\Documents\Codex\2026-09-07\use-the-autoresearch-skill-x20-https\outputs\PUMA_STAGE2_RESEARCH_PROMPTS_1_TO_4\PROMPT_4\RUNS\A1_broken_s43_cv0\summary.json,PROMPT_4\ARCHITECTURES\A1\RESULTS\RUNS\A1_broken_s43_cv0\summary.json,2a7bbd375a2c2fb5240475f4e25d24757e9526e99645db8af04209260bb6373f,A1_broken_s43_cv0,43,0,.json
C:\Users\Hngk\Documents\Codex\2026-09-07\use-the-autoresearch-skill-x20-https\outputs\PUMA_STAGE2_RESEARCH_PROMPTS_1_TO_4\PROMPT_4\RUNS\A1_broken_s43_cv1\batch_history.jsonl,PROMPT_4\ARCHITECTURES\A1\RESULTS\RUNS\A1_broken_s43_cv1\batch_history.jsonl,88396f34b2a8ddd11c4b44e9b31addf15c7d94561a8ceca744b55fbe74eec6fb,A1_broken_s43_cv1,43,1,.jsonl
C:\Users\Hngk\Documents\Codex\2026-09-07\use-the-autoresearch-skill-x20-https\outputs\PUMA_STAGE2_RESEARCH_PROMPTS_1_TO_4\PROMPT_4\RUNS\A1_broken_s43_cv1\config.json,PROMPT_4\ARCHITECTURES\A1\RESULTS\RUNS\A1_broken_s43_cv1\config.json,60a2b9d1f60adbacf496f659660a10e3347aa2b5ac0ceb51e1d05beffd90933c,A1_broken_s43_cv1,43,1,.json
C:\Users\Hngk\Documents\Codex\2026-09-07\use-the-autoresearch-skill-x20-https\outputs\PUMA_STAGE2_RESEARCH_PROMPTS_1_TO_4\PROMPT_4\RUNS\A1_broken_s43_cv1\epoch_01_predictions.npz,PROMPT_4\ARCHITECTURES\A1\RESULTS\RUNS\A1_broken_s43_cv1\epoch_01_predictions.npz,05abb0e5d618defabc54795aef66b2217716db22c5d07520d4497980dc8f05f8,A1_broken_s43_cv1,43,1,.npz
C:\Users\Hngk\Documents\Codex\2026-09-07\use-the-autoresearch-skill-x20-https\outputs\PUMA_STAGE2_RESEARCH_PROMPTS_1_TO_4\PROMPT_4\RUNS\A1_broken_s43_cv1\epoch_02_predictions.npz,PROMPT_4\ARCHITECTURES\A1\RESULTS\RUNS\A1_broken_s43_cv1\epoch_02_predictions.npz,e17b42e6ef0f4654522f3e91fcf887a9cec432b2c0150f098c362ba221f4c384,A1_broken_s43_cv1,43,1,.npz
C:\Users\Hngk\Documents\Codex\2026-09-07\use-the-autoresearch-skill-x20-https\outputs\PUMA_STAGE2_RESEARCH_PROMPTS_1_TO_4\PROMPT_4\RUNS\A1_broken_s43_cv1\epoch_03_predictions.npz,PROMPT_4\ARCHITECTURES\A1\RESULTS\RUNS\A1_broken_s43_cv1\epoch_03_predictions.npz,5c03a3908096b01ef4b827341501eb690322dc1939c176df61e5f49e295ed2ff,A1_broken_s43_cv1,43,1,.npz
C:\Users\Hngk\Documents\Codex\2026-09-07\use-the-autoresearch-skill-x20-https\outputs\PUMA_STAGE2_RESEARCH_PROMPTS_1_TO_4\PROMPT_4\RUNS\A1_broken_s43_cv1\epoch_04_predictions.npz,PROMPT_4\ARCHITECTURES\A1\RESULTS\RUNS\A1_broken_s43_cv1\epoch_04_predictions.npz,fb21b89763704ebf54d742819e2c5bfc4aba105f76f77caff98788821dc232b2,A1_broken_s43_cv1,43,1,.npz
C:\Users\Hngk\Documents\Codex\2026-09-07\use-the-autoresearch-skill-x20-https\outputs\PUMA_STAGE2_RESEARCH_PROMPTS_1_TO_4\PROMPT_4\RUNS\A1_broken_s43_cv1\epoch_05_predictions.npz,PROMPT_4\ARCHITECTURES\A1\RESULTS\RUNS\A1_broken_s43_cv1\epoch_05_predictions.npz,9753a976d9d778006db4da4ff24d907f73b604c33f068ba0098bf6ae8b850337,A1_broken_s43_cv1,43,1,.npz
C:\Users\Hngk\Documents\Codex\2026-09-07\use-the-autoresearch-skill-x20-https\outputs\PUMA_STAGE2_RESEARCH_PROMPTS_1_TO_4\PROMPT_4\RUNS\A1_broken_s43_cv1\epoch_06_predictions.npz,PROMPT_4\ARCHITECTURES\A1\RESULTS\RUNS\A1_broken_s43_cv1\epoch_06_predictions.npz,601678784cd43e960b545f71574f77d148ae19db5dc6e0f0993aa7409fe8cdcb,A1_broken_s43_cv1,43,1,.npz
C:\Users\Hngk\Documents\Codex\2026-09-07\use-the-autoresearch-skill-x20-https\outputs\PUMA_STAGE2_RESEARCH_PROMPTS_1_TO_4\PROMPT_4\RUNS\A1_broken_s43_cv1\epoch_07_predictions.npz,PROMPT_4\ARCHITECTURES\A1\RESULTS\RUNS\A1_broken_s43_cv1\epoch_07_predictions.npz,af8bd475da16701a1ae9ad6a7bd77bb05226c431d559f42da4d17848d8376655,A1_broken_s43_cv1,43,1,.npz
C:\Users\Hngk\Documents\Codex\2026-09-07\use-the-autoresearch-skill-x20-https\outputs\PUMA_STAGE2_RESEARCH_PROMPTS_1_TO_4\PROMPT_4\RUNS\A1_broken_s43_cv1\epoch_08_predictions.npz,PROMPT_4\ARCHITECTURES\A1\RESULTS\RUNS\A1_broken_s43_cv1\epoch_08_predictions.npz,39929f21524cb658b9b28593196e9f9ec6f7d0af44cedabe98975f61d6efa1b0,A1_broken_s43_cv1,43,1,.npz
C:\Users\Hngk\Documents\Codex\2026-09-07\use-the-autoresearch-skill-x20-https\outputs\PUMA_STAGE2_RESEARCH_PROMPTS_1_TO_4\PROMPT_4\RUNS\A1_broken_s43_cv1\epoch_09_predictions.npz,PROMPT_4\ARCHITECTURES\A1\RESULTS\RUNS\A1_broken_s43_cv1\epoch_09_predictions.npz,65fd1a683895808988017307539cb789ae50c542a14c87474d7c8a19dc91facf,A1_broken_s43_cv1,43,1,.npz
C:\Users\Hngk\Documents\Codex\2026-09-07\use-the-autoresearch-skill-x20-https\outputs\PUMA_STAGE2_RESEARCH_PROMPTS_1_TO_4\PROMPT_4\RUNS\A1_broken_s43_cv1\epoch_10_predictions.npz,PROMPT_4\ARCHITECTURES\A1\RESULTS\RUNS\A1_broken_s43_cv1\epoch_10_predictions.npz,a2aa8112f8b1e9d214f2ddd4ec3d7754989c4df92a90f2ca10a573059094fd7d,A1_broken_s43_cv1,43,1,.npz
C:\Users\Hngk\Documents\Codex\2026-09-07\use-the-autoresearch-skill-x20-https\outputs\PUMA_STAGE2_RESEARCH_PROMPTS_1_TO_4\PROMPT_4\RUNS\A1_broken_s43_cv1\final.pt,PROMPT_4\ARCHITECTURES\A1\RESULTS\RUNS\A1_broken_s43_cv1\final.pt,349714b6f899978143dd663b7a732bc839a90dcfd2a4c59720ce977265aa9b59,A1_broken_s43_cv1,43,1,.pt
C:\Users\Hngk\Documents\Codex\2026-09-07\use-the-autoresearch-skill-x20-https\outputs\PUMA_STAGE2_RESEARCH_PROMPTS_1_TO_4\PROMPT_4\RUNS\A1_broken_s43_cv1\history.jsonl,PROMPT_4\ARCHITECTURES\A1\RESULTS\RUNS\A1_broken_s43_cv1\history.jsonl,cd237c6b057028373aad23296ed69ef18bca95a298a04e6cf223c00488a503a8,A1_broken_s43_cv1,43,1,.jsonl
C:\Users\Hngk\Documents\Codex\2026-09-07\use-the-autoresearch-skill-x20-https\outputs\PUMA_STAGE2_RESEARCH_PROMPTS_1_TO_4\PROMPT_4\RUNS\A1_broken_s43_cv1\normalizer.json,PROMPT_4\ARCHITECTURES\A1\RESULTS\RUNS\A1_broken_s43_cv1\normalizer.json,3383fe0635cb468d084e5ebbd6144bb89768f6927f37c55e35b23ba5efd095cb,A1_broken_s43_cv1,43,1,.json
C:\Users\Hngk\Documents\Codex\2026-09-07\use-the-autoresearch-skill-x20-https\outputs\PUMA_STAGE2_RESEARCH_PROMPTS_1_TO_4\PROMPT_4\RUNS\A1_broken_s43_cv1\provenance.json,PROMPT_4\ARCHITECTURES\A1\RESULTS\RUNS\A1_broken_s43_cv1\provenance.json,a3da2439760b50c9e18bf3e827f360e6c6e4bb6b6933a1d74ab7cd41b848285a,A1_broken_s43_cv1,43,1,.json
C:\Users\Hngk\Documents\Codex\2026-09-07\use-the-autoresearch-skill-x20-https\outputs\PUMA_STAGE2_RESEARCH_PROMPTS_1_TO_4\PROMPT_4\RUNS\A1_broken_s43_cv1\summary.json,PROMPT_4\ARCHITECTURES\A1\RESULTS\RUNS\A1_broken_s43_cv1\summary.json,6c0cb2f8e7287c2df40a618fcd6aa2a1cb2824e21e4812c76193b5a6011586a3,A1_broken_s43_cv1,43,1,.json
C:\Users\Hngk\Documents\Codex\2026-09-07\use-the-autoresearch-skill-x20-https\outputs\PUMA_STAGE2_RESEARCH_PROMPTS_1_TO_4\PROMPT_4\RUNS\A1_broken_s43_cv2\batch_history.jsonl,PROMPT_4\ARCHITECTURES\A1\RESULTS\RUNS\A1_broken_s43_cv2\batch_history.jsonl,d1ac6376f980320672fe2f9220d9af6f929e4711dba5375850fb7d632f8bfbab,A1_broken_s43_cv2,43,2,.jsonl
C:\Users\Hngk\Documents\Codex\2026-09-07\use-the-autoresearch-skill-x20-https\outputs\PUMA_STAGE2_RESEARCH_PROMPTS_1_TO_4\PROMPT_4\RUNS\A1_broken_s43_cv2\config.json,PROMPT_4\ARCHITECTURES\A1\RESULTS\RUNS\A1_broken_s43_cv2\config.json,68f4a58dfee953423186f00eb6b238beca37b3204243668e694168125cc34d87,A1_broken_s43_cv2,43,2,.json
C:\Users\Hngk\Documents\Codex\2026-09-07\use-the-autoresearch-skill-x20-https\outputs\PUMA_STAGE2_RESEARCH_PROMPTS_1_TO_4\PROMPT_4\RUNS\A1_broken_s43_cv2\epoch_01_predictions.npz,PROMPT_4\ARCHITECTURES\A1\RESULTS\RUNS\A1_broken_s43_cv2\epoch_01_predictions.npz,d963a8a218a14e541ab4ea872695f44242a4940df5c1bd7ae97ace50ae1864ad,A1_broken_s43_cv2,43,2,.npz
C:\Users\Hngk\Documents\Codex\2026-09-07\use-the-autoresearch-skill-x20-https\outputs\PUMA_STAGE2_RESEARCH_PROMPTS_1_TO_4\PROMPT_4\RUNS\A1_broken_s43_cv2\epoch_02_predictions.npz,PROMPT_4\ARCHITECTURES\A1\RESULTS\RUNS\A1_broken_s43_cv2\epoch_02_predictions.npz,a018477958c4d8463bd1e673c2efb1c0103cf1c552fbb77a835a7b27bca12033,A1_broken_s43_cv2,43,2,.npz
C:\Users\Hngk\Documents\Codex\2026-09-07\use-the-autoresearch-skill-x20-https\outputs\PUMA_STAGE2_RESEARCH_PROMPTS_1_TO_4\PROMPT_4\RUNS\A1_broken_s43_cv2\epoch_03_predictions.npz,PROMPT_4\ARCHITECTURES\A1\RESULTS\RUNS\A1_broken_s43_cv2\epoch_03_predictions.npz,f85bd5851de3b101920aa341b19c8a614c5f1052dbe1ce0300187f9c34e5b2b9,A1_broken_s43_cv2,43,2,.npz
C:\Users\Hngk\Documents\Codex\2026-09-07\use-the-autoresearch-skill-x20-https\outputs\PUMA_STAGE2_RESEARCH_PROMPTS_1_TO_4\PROMPT_4\RUNS\A1_broken_s43_cv2\epoch_04_predictions.npz,PROMPT_4\ARCHITECTURES\A1\RESULTS\RUNS\A1_broken_s43_cv2\epoch_04_predictions.npz,f50bc9faa04ae39225322942f00d9dd802fd008f3027bd567162ce2832b7bf0e,A1_broken_s43_cv2,43,2,.npz
C:\Users\Hngk\Documents\Codex\2026-09-07\use-the-autoresearch-skill-x20-https\outputs\PUMA_STAGE2_RESEARCH_PROMPTS_1_TO_4\PROMPT_4\RUNS\A1_broken_s43_cv2\epoch_05_predictions.npz,PROMPT_4\ARCHITECTURES\A1\RESULTS\RUNS\A1_broken_s43_cv2\epoch_05_predictions.npz,ddf5314e972b7807767405cb6ffa801621b8138639b1668fe0e02e115b2087e1,A1_broken_s43_cv2,43,2,.npz
C:\Users\Hngk\Documents\Codex\2026-09-07\use-the-autoresearch-skill-x20-https\outputs\PUMA_STAGE2_RESEARCH_PROMPTS_1_TO_4\PROMPT_4\RUNS\A1_broken_s43_cv2\epoch_06_predictions.npz,PROMPT_4\ARCHITECTURES\A1\RESULTS\RUNS\A1_broken_s43_cv2\epoch_06_predictions.npz,89394032eea3d06983b191f1ab5562a6a5fc8148e718eec5fcb0fdd9ea882c6a,A1_broken_s43_cv2,43,2,.npz
C:\Users\Hngk\Documents\Codex\2026-09-07\use-the-autoresearch-skill-x20-https\outputs\PUMA_STAGE2_RESEARCH_PROMPTS_1_TO_4\PROMPT_4\RUNS\A1_broken_s43_cv2\epoch_07_predictions.npz,PROMPT_4\ARCHITECTURES\A1\RESULTS\RUNS\A1_broken_s43_cv2\epoch_07_predictions.npz,6887a7f762466f7be88e873d324e32b6aa896b3a40b4400d3e510a10d30a0350,A1_broken_s43_cv2,43,2,.npz
C:\Users\Hngk\Documents\Codex\2026-09-07\use-the-autoresearch-skill-x20-https\outputs\PUMA_STAGE2_RESEARCH_PROMPTS_1_TO_4\PROMPT_4\RUNS\A1_broken_s43_cv2\epoch_08_predictions.npz,PROMPT_4\ARCHITECTURES\A1\RESULTS\RUNS\A1_broken_s43_cv2\epoch_08_predictions.npz,3921da595313cdc45c2425629c74ed8c99a4896e12951e74eb65b23a556eb777,A1_broken_s43_cv2,43,2,.npz
C:\Users\Hngk\Documents\Codex\2026-09-07\use-the-autoresearch-skill-x20-https\outputs\PUMA_STAGE2_RESEARCH_PROMPTS_1_TO_4\PROMPT_4\RUNS\A1_broken_s43_cv2\epoch_09_predictions.npz,PROMPT_4\ARCHITECTURES\A1\RESULTS\RUNS\A1_broken_s43_cv2\epoch_09_predictions.npz,1a73fefec727cb708597bc4984d556e5a49147ebba90608df2e28af21f47bcb5,A1_broken_s43_cv2,43,2,.npz
C:\Users\Hngk\Documents\Codex\2026-09-07\use-the-autoresearch-skill-x20-https\outputs\PUMA_STAGE2_RESEARCH_PROMPTS_1_TO_4\PROMPT_4\RUNS\A1_broken_s43_cv2\epoch_10_predictions.npz,PROMPT_4\ARCHITECTURES\A1\RESULTS\RUNS\A1_broken_s43_cv2\epoch_10_predictions.npz,2ef6781d7b4099858eb7c923408c07116ecdd330c513a943d0ccd2ba54bd9159,A1_broken_s43_cv2,43,2,.npz
C:\Users\Hngk\Documents\Codex\2026-09-07\use-the-autoresearch-skill-x20-https\outputs\PUMA_STAGE2_RESEARCH_PROMPTS_1_TO_4\PROMPT_4\RUNS\A1_broken_s43_cv2\final.pt,PROMPT_4\ARCHITECTURES\A1\RESULTS\RUNS\A1_broken_s43_cv2\final.pt,188c752cee580fbd9da8c84bb897042e8543a28ca685bf1b0bb8f64df00cfdf7,A1_broken_s43_cv2,43,2,.pt
C:\Users\Hngk\Documents\Codex\2026-09-07\use-the-autoresearch-skill-x20-https\outputs\PUMA_STAGE2_RESEARCH_PROMPTS_1_TO_4\PROMPT_4\RUNS\A1_broken_s43_cv2\history.jsonl,PROMPT_4\ARCHITECTURES\A1\RESULTS\RUNS\A1_broken_s43_cv2\history.jsonl,8291e2f3f6690dc46def1a13bb6bcd2930afeb6bdd8eb6593bc1f9bb3e144256,A1_broken_s43_cv2,43,2,.jsonl
C:\Users\Hngk\Documents\Codex\2026-09-07\use-the-autoresearch-skill-x20-https\outputs\PUMA_STAGE2_RESEARCH_PROMPTS_1_TO_4\PROMPT_4\RUNS\A1_broken_s43_cv2\normalizer.json,PROMPT_4\ARCHITECTURES\A1\RESULTS\RUNS\A1_broken_s43_cv2\normalizer.json,96d50de899d030d0814f1b1de6a785fda82d824637a9237bf0cd5ed8f713a28b,A1_broken_s43_cv2,43,2,.json
C:\Users\Hngk\Documents\Codex\2026-09-07\use-the-autoresearch-skill-x20-https\outputs\PUMA_STAGE2_RESEARCH_PROMPTS_1_TO_4\PROMPT_4\RUNS\A1_broken_s43_cv2\provenance.json,PROMPT_4\ARCHITECTURES\A1\RESULTS\RUNS\A1_broken_s43_cv2\provenance.json,a99844a84b1513b56d8c8544d899023fac64bfefa9b5cc896f526db4438b89fe,A1_broken_s43_cv2,43,2,.json
C:\Users\Hngk\Documents\Codex\2026-09-07\use-the-autoresearch-skill-x20-https\outputs\PUMA_STAGE2_RESEARCH_PROMPTS_1_TO_4\PROMPT_4\RUNS\A1_broken_s43_cv2\summary.json,PROMPT_4\ARCHITECTURES\A1\RESULTS\RUNS\A1_broken_s43_cv2\summary.json,d32c7218a26a8846805f644f52cd1a190b24954ce788b6d77c6fb0456156df47,A1_broken_s43_cv2,43,2,.json
C:\Users\Hngk\Documents\Codex\2026-09-07\use-the-autoresearch-skill-x20-https\outputs\PUMA_STAGE2_RESEARCH_PROMPTS_1_TO_4\PROMPT_4\RUNS\A1_s17_cv0\batch_history.jsonl,PROMPT_4\ARCHITECTURES\A1\RESULTS\RUNS\A1_s17_cv0\batch_history.jsonl,00622d3c86d28fbffbe7a4737f40b486c7e717987c84a1ecc8e731e44de7038e,A1_s17_cv0,17,0,.jsonl
C:\Users\Hngk\Documents\Codex\2026-09-07\use-the-autoresearch-skill-x20-https\outputs\PUMA_STAGE2_RESEARCH_PROMPTS_1_TO_4\PROMPT_4\RUNS\A1_s17_cv0\config.json,PROMPT_4\ARCHITECTURES\A1\RESULTS\RUNS\A1_s17_cv0\config.json,0649825a2497fa9179dd06f81bdee5946d047c517c9b5c49ac429074ef16e0a7,A1_s17_cv0,17,0,.json
C:\Users\Hngk\Documents\Codex\2026-09-07\use-the-autoresearch-skill-x20-https\outputs\PUMA_STAGE2_RESEARCH_PROMPTS_1_TO_4\PROMPT_4\RUNS\A1_s17_cv0\epoch_01_predictions.npz,PROMPT_4\ARCHITECTURES\A1\RESULTS\RUNS\A1_s17_cv0\epoch_01_predictions.npz,d7e65a2640779b3b794f08e13d11be83753355498b5be159d5c9f5ebcff6dde4,A1_s17_cv0,17,0,.npz
C:\Users\Hngk\Documents\Codex\2026-09-07\use-the-autoresearch-skill-x20-https\outputs\PUMA_STAGE2_RESEARCH_PROMPTS_1_TO_4\PROMPT_4\RUNS\A1_s17_cv0\epoch_02_predictions.npz,PROMPT_4\ARCHITECTURES\A1\RESULTS\RUNS\A1_s17_cv0\epoch_02_predictions.npz,59fa139989448b8523fe1ddaa96a7e02980427f479f22720a0cde1ffedbe31c0,A1_s17_cv0,17,0,.npz
C:\Users\Hngk\Documents\Codex\2026-09-07\use-the-autoresearch-skill-x20-https\outputs\PUMA_STAGE2_RESEARCH_PROMPTS_1_TO_4\PROMPT_4\RUNS\A1_s17_cv0\epoch_03_predictions.npz,PROMPT_4\ARCHITECTURES\A1\RESULTS\RUNS\A1_s17_cv0\epoch_03_predictions.npz,5a4fb401089c274b9520b643bc4874a0c0c1001558fb91938c6e366ac5e0e320,A1_s17_cv0,17,0,.npz
C:\Users\Hngk\Documents\Codex\2026-09-07\use-the-autoresearch-skill-x20-https\outputs\PUMA_STAGE2_RESEARCH_PROMPTS_1_TO_4\PROMPT_4\RUNS\A1_s17_cv0\epoch_04_predictions.npz,PROMPT_4\ARCHITECTURES\A1\RESULTS\RUNS\A1_s17_cv0\epoch_04_predictions.npz,3753cda45c2c6f8ba1ea03199b130e9c59a110f59f0b737ebfca0a3102e41b87,A1_s17_cv0,17,0,.npz
C:\Users\Hngk\Documents\Codex\2026-09-07\use-the-autoresearch-skill-x20-https\outputs\PUMA_STAGE2_RESEARCH_PROMPTS_1_TO_4\PROMPT_4\RUNS\A1_s17_cv0\epoch_05_predictions.npz,PROMPT_4\ARCHITECTURES\A1\RESULTS\RUNS\A1_s17_cv0\epoch_05_predictions.npz,66642f0e44becd28f7f5200fa300fe58d8d5785e45761b20eb5f99393ce62c7b,A1_s17_cv0,17,0,.npz
C:\Users\Hngk\Documents\Codex\2026-09-07\use-the-autoresearch-skill-x20-https\outputs\PUMA_STAGE2_RESEARCH_PROMPTS_1_TO_4\PROMPT_4\RUNS\A1_s17_cv0\epoch_06_predictions.npz,PROMPT_4\ARCHITECTURES\A1\RESULTS\RUNS\A1_s17_cv0\epoch_06_predictions.npz,dab726320515ff5040243da4c1d4dc39843db9157e6f4c08273c05843d890ffd,A1_s17_cv0,17,0,.npz
C:\Users\Hngk\Documents\Codex\2026-09-07\use-the-autoresearch-skill-x20-https\outputs\PUMA_STAGE2_RESEARCH_PROMPTS_1_TO_4\PROMPT_4\RUNS\A1_s17_cv0\epoch_07_predictions.npz,PROMPT_4\ARCHITECTURES\A1\RESULTS\RUNS\A1_s17_cv0\epoch_07_predictions.npz,3d4370ca0bc90f862b11f0987b36d478c23b2827d13836470d252b083de25dd9,A1_s17_cv0,17,0,.npz
C:\Users\Hngk\Documents\Codex\2026-09-07\use-the-autoresearch-skill-x20-https\outputs\PUMA_STAGE2_RESEARCH_PROMPTS_1_TO_4\PROMPT_4\RUNS\A1_s17_cv0\epoch_08_predictions.npz,PROMPT_4\ARCHITECTURES\A1\RESULTS\RUNS\A1_s17_cv0\epoch_08_predictions.npz,cdb13b7d1a24bd1313a3bfbd61a3b7e2d8502b4d3f9f538055cc6b56534a3191,A1_s17_cv0,17,0,.npz
C:\Users\Hngk\Documents\Codex\2026-09-07\use-the-autoresearch-skill-x20-https\outputs\PUMA_STAGE2_RESEARCH_PROMPTS_1_TO_4\PROMPT_4\RUNS\A1_s17_cv0\epoch_09_predictions.npz,PROMPT_4\ARCHITECTURES\A1\RESULTS\RUNS\A1_s17_cv0\epoch_09_predictions.npz,0852a71f6bbde56243fcb200689072a0006c47f0288e0861acdfddff75d26f56,A1_s17_cv0,17,0,.npz
C:\Users\Hngk\Documents\Codex\2026-09-07\use-the-autoresearch-skill-x20-https\outputs\PUMA_STAGE2_RESEARCH_PROMPTS_1_TO_4\PROMPT_4\RUNS\A1_s17_cv0\epoch_10_predictions.npz,PROMPT_4\ARCHITECTURES\A1\RESULTS\RUNS\A1_s17_cv0\epoch_10_predictions.npz,5c497309e3f3dc42e9166bc15e3fcd7e8a516da3d49629e2c7badc7ab8908245,A1_s17_cv0,17,0,.npz
C:\Users\Hngk\Documents\Codex\2026-09-07\use-the-autoresearch-skill-x20-https\outputs\PUMA_STAGE2_RESEARCH_PROMPTS_1_TO_4\PROMPT_4\RUNS\A1_s17_cv0\final.pt,PROMPT_4\ARCHITECTURES\A1\RESULTS\RUNS\A1_s17_cv0\final.pt,8b61026c365ab2024abd828a9723a66853263e164e6ddf0bc8caed29685b6d8f,A1_s17_cv0,17,0,.pt
C:\Users\Hngk\Documents\Codex\2026-09-07\use-the-autoresearch-skill-x20-https\outputs\PUMA_STAGE2_RESEARCH_PROMPTS_1_TO_4\PROMPT_4\RUNS\A1_s17_cv0\history.jsonl,PROMPT_4\ARCHITECTURES\A1\RESULTS\RUNS\A1_s17_cv0\history.jsonl,056e9ea88183a990b9742d1b8eeedc940da9f3a693616f250a32de0aecc5ad83,A1_s17_cv0,17,0,.jsonl
C:\Users\Hngk\Documents\Codex\2026-09-07\use-the-autoresearch-skill-x20-https\outputs\PUMA_STAGE2_RESEARCH_PROMPTS_1_TO_4\PROMPT_4\RUNS\A1_s17_cv0\normalizer.json,PROMPT_4\ARCHITECTURES\A1\RESULTS\RUNS\A1_s17_cv0\normalizer.json,f75d5e56dcca6f2ff7aa13358de835631b823bbc37b6b08d02983940eb5ee49c,A1_s17_cv0,17,0,.json
C:\Users\Hngk\Documents\Codex\2026-09-07\use-the-autoresearch-skill-x20-https\outputs\PUMA_STAGE2_RESEARCH_PROMPTS_1_TO_4\PROMPT_4\RUNS\A1_s17_cv0\provenance.json,PROMPT_4\ARCHITECTURES\A1\RESULTS\RUNS\A1_s17_cv0\provenance.json,440a79b7942d98d64194aae7fca8813891cdd4d069d1a7605b7fcd00cced2371,A1_s17_cv0,17,0,.json
C:\Users\Hngk\Documents\Codex\2026-09-07\use-the-autoresearch-skill-x20-https\outputs\PUMA_STAGE2_RESEARCH_PROMPTS_1_TO_4\PROMPT_4\RUNS\A1_s17_cv0\summary.json,PROMPT_4\ARCHITECTURES\A1\RESULTS\RUNS\A1_s17_cv0\summary.json,ee47639cb6d889d0fd8981bb93e52864c21a8a3480ac0820d3596ec05266d23a,A1_s17_cv0,17,0,.json
C:\Users\Hngk\Documents\Codex\2026-09-07\use-the-autoresearch-skill-x20-https\outputs\PUMA_STAGE2_RESEARCH_PROMPTS_1_TO_4\PROMPT_4\RUNS\A1_s17_cv1\batch_history.jsonl,PROMPT_4\ARCHITECTURES\A1\RESULTS\RUNS\A1_s17_cv1\batch_history.jsonl,b4ee67a3b89f894f1bade444e91eadbf2b83a66a58aa5fd02edf07ba9720b7c9,A1_s17_cv1,17,1,.jsonl
C:\Users\Hngk\Documents\Codex\2026-09-07\use-the-autoresearch-skill-x20-https\outputs\PUMA_STAGE2_RESEARCH_PROMPTS_1_TO_4\PROMPT_4\RUNS\A1_s17_cv1\config.json,PROMPT_4\ARCHITECTURES\A1\RESULTS\RUNS\A1_s17_cv1\config.json,2f43e61d0147f066b537dd91fe7c9933384794104513ce3ddd0a88dc129cb8c6,A1_s17_cv1,17,1,.json
C:\Users\Hngk\Documents\Codex\2026-09-07\use-the-autoresearch-skill-x20-https\outputs\PUMA_STAGE2_RESEARCH_PROMPTS_1_TO_4\PROMPT_4\RUNS\A1_s17_cv1\epoch_01_predictions.npz,PROMPT_4\ARCHITECTURES\A1\RESULTS\RUNS\A1_s17_cv1\epoch_01_predictions.npz,ec86f4ff997635594345895ce10f573d05547f75f130a5097a30202d5cc5cf22,A1_s17_cv1,17,1,.npz
C:\Users\Hngk\Documents\Codex\2026-09-07\use-the-autoresearch-skill-x20-https\outputs\PUMA_STAGE2_RESEARCH_PROMPTS_1_TO_4\PROMPT_4\RUNS\A1_s17_cv1\epoch_02_predictions.npz,PROMPT_4\ARCHITECTURES\A1\RESULTS\RUNS\A1_s17_cv1\epoch_02_predictions.npz,934a1fc791fb1c7d070454ee58add03e3572448df2a607a6c17fcc62c6f1cd1e,A1_s17_cv1,17,1,.npz
C:\Users\Hngk\Documents\Codex\2026-09-07\use-the-autoresearch-skill-x20-https\outputs\PUMA_STAGE2_RESEARCH_PROMPTS_1_TO_4\PROMPT_4\RUNS\A1_s17_cv1\epoch_03_predictions.npz,PROMPT_4\ARCHITECTURES\A1\RESULTS\RUNS\A1_s17_cv1\epoch_03_predictions.npz,53c7c18cc8a9e45f04e4818819d7675987b0eee9f7da4d9fc4ddeae9943badec,A1_s17_cv1,17,1,.npz
C:\Users\Hngk\Documents\Codex\2026-09-07\use-the-autoresearch-skill-x20-https\outputs\PUMA_STAGE2_RESEARCH_PROMPTS_1_TO_4\PROMPT_4\RUNS\A1_s17_cv1\epoch_04_predictions.npz,PROMPT_4\ARCHITECTURES\A1\RESULTS\RUNS\A1_s17_cv1\epoch_04_predictions.npz,a4a85fcd05297a7248515308b0003ce6140f9ca676fde5cc5b5a8b9e982ac5f6,A1_s17_cv1,17,1,.npz
C:\Users\Hngk\Documents\Codex\2026-09-07\use-the-autoresearch-skill-x20-https\outputs\PUMA_STAGE2_RESEARCH_PROMPTS_1_TO_4\PROMPT_4\RUNS\A1_s17_cv1\epoch_05_predictions.npz,PROMPT_4\ARCHITECTURES\A1\RESULTS\RUNS\A1_s17_cv1\epoch_05_predictions.npz,59fe9df7785abd13b415c1e3f62b1e131216f832c57bf4f35594de18375051b5,A1_s17_cv1,17,1,.npz
C:\Users\Hngk\Documents\Codex\2026-09-07\use-the-autoresearch-skill-x20-https\outputs\PUMA_STAGE2_RESEARCH_PROMPTS_1_TO_4\PROMPT_4\RUNS\A1_s17_cv1\epoch_06_predictions.npz,PROMPT_4\ARCHITECTURES\A1\RESULTS\RUNS\A1_s17_cv1\epoch_06_predictions.npz,0fad1ff754b3b2ad14d6c9d8b4aea7e3ecd0de825b2c3f4111e2db7e46e2872d,A1_s17_cv1,17,1,.npz
C:\Users\Hngk\Documents\Codex\2026-09-07\use-the-autoresearch-skill-x20-https\outputs\PUMA_STAGE2_RESEARCH_PROMPTS_1_TO_4\PROMPT_4\RUNS\A1_s17_cv1\epoch_07_predictions.npz,PROMPT_4\ARCHITECTURES\A1\RESULTS\RUNS\A1_s17_cv1\epoch_07_predictions.npz,3f3510b3dc13e338a3489956cbd38fcd3e7d25b9f5644000faa7e4797e70f2ad,A1_s17_cv1,17,1,.npz
C:\Users\Hngk\Documents\Codex\2026-09-07\use-the-autoresearch-skill-x20-https\outputs\PUMA_STAGE2_RESEARCH_PROMPTS_1_TO_4\PROMPT_4\RUNS\A1_s17_cv1\epoch_08_predictions.npz,PROMPT_4\ARCHITECTURES\A1\RESULTS\RUNS\A1_s17_cv1\epoch_08_predictions.npz,3dc2ee573fdfe9827dbc53a4b010a778d5321b07e9748cbcdaf6be67b41e5aee,A1_s17_cv1,17,1,.npz
C:\Users\Hngk\Documents\Codex\2026-09-07\use-the-autoresearch-skill-x20-https\outputs\PUMA_STAGE2_RESEARCH_PROMPTS_1_TO_4\PROMPT_4\RUNS\A1_s17_cv1\epoch_09_predictions.npz,PROMPT_4\ARCHITECTURES\A1\RESULTS\RUNS\A1_s17_cv1\epoch_09_predictions.npz,3343d9f93659d9b32927025f7bb46da83abf4094fd15df47af1e5051a8862083,A1_s17_cv1,17,1,.npz
C:\Users\Hngk\Documents\Codex\2026-09-07\use-the-autoresearch-skill-x20-https\outputs\PUMA_STAGE2_RESEARCH_PROMPTS_1_TO_4\PROMPT_4\RUNS\A1_s17_cv1\epoch_10_predictions.npz,PROMPT_4\ARCHITECTURES\A1\RESULTS\RUNS\A1_s17_cv1\epoch_10_predictions.npz,c52382ea2e31d683c815195b379c7443f2c1f150c0f5bb180e7b39f3e005f834,A1_s17_cv1,17,1,.npz
C:\Users\Hngk\Documents\Codex\2026-09-07\use-the-autoresearch-skill-x20-https\outputs\PUMA_STAGE2_RESEARCH_PROMPTS_1_TO_4\PROMPT_4\RUNS\A1_s17_cv1\final.pt,PROMPT_4\ARCHITECTURES\A1\RESULTS\RUNS\A1_s17_cv1\final.pt,1b339081b0f556c407bd59065cbb75c8b2bba7aa1245b04d3d6532332d9700b3,A1_s17_cv1,17,1,.pt
C:\Users\Hngk\Documents\Codex\2026-09-07\use-the-autoresearch-skill-x20-https\outputs\PUMA_STAGE2_RESEARCH_PROMPTS_1_TO_4\PROMPT_4\RUNS\A1_s17_cv1\history.jsonl,PROMPT_4\ARCHITECTURES\A1\RESULTS\RUNS\A1_s17_cv1\history.jsonl,37a483da3021deef96ac13d19e4b904f2b188c24bf9510e7f4712568b994ec51,A1_s17_cv1,17,1,.jsonl
C:\Users\Hngk\Documents\Codex\2026-09-07\use-the-autoresearch-skill-x20-https\outputs\PUMA_STAGE2_RESEARCH_PROMPTS_1_TO_4\PROMPT_4\RUNS\A1_s17_cv1\normalizer.json,PROMPT_4\ARCHITECTURES\A1\RESULTS\RUNS\A1_s17_cv1\normalizer.json,3383fe0635cb468d084e5ebbd6144bb89768f6927f37c55e35b23ba5efd095cb,A1_s17_cv1,17,1,.json
C:\Users\Hngk\Documents\Codex\2026-09-07\use-the-autoresearch-skill-x20-https\outputs\PUMA_STAGE2_RESEARCH_PROMPTS_1_TO_4\PROMPT_4\RUNS\A1_s17_cv1\provenance.json,PROMPT_4\ARCHITECTURES\A1\RESULTS\RUNS\A1_s17_cv1\provenance.json,810e910c1833bc3461ec639e52f157d283504906f4cc3baa75a2a493a8318863,A1_s17_cv1,17,1,.json
C:\Users\Hngk\Documents\Codex\2026-09-07\use-the-autoresearch-skill-x20-https\outputs\PUMA_STAGE2_RESEARCH_PROMPTS_1_TO_4\PROMPT_4\RUNS\A1_s17_cv1\summary.json,PROMPT_4\ARCHITECTURES\A1\RESULTS\RUNS\A1_s17_cv1\summary.json,bc24ca155d2d26973870bbc2449766d899c6083400aa0e32335c34435afe43bc,A1_s17_cv1,17,1,.json
C:\Users\Hngk\Documents\Codex\2026-09-07\use-the-autoresearch-skill-x20-https\outputs\PUMA_STAGE2_RESEARCH_PROMPTS_1_TO_4\PROMPT_4\RUNS\A1_s17_cv2\batch_history.jsonl,PROMPT_4\ARCHITECTURES\A1\RESULTS\RUNS\A1_s17_cv2\batch_history.jsonl,3641d6aadcf920733bfdfb6cc17e6c6884f37ee9b15b944191b15c0c1f26d17d,A1_s17_cv2,17,2,.jsonl
C:\Users\Hngk\Documents\Codex\2026-09-07\use-the-autoresearch-skill-x20-https\outputs\PUMA_STAGE2_RESEARCH_PROMPTS_1_TO_4\PROMPT_4\RUNS\A1_s17_cv2\config.json,PROMPT_4\ARCHITECTURES\A1\RESULTS\RUNS\A1_s17_cv2\config.json,3452d61f75867ce19eb8e72403644803c5b083f317b8f7b66b301bda19087948,A1_s17_cv2,17,2,.json
C:\Users\Hngk\Documents\Codex\2026-09-07\use-the-autoresearch-skill-x20-https\outputs\PUMA_STAGE2_RESEARCH_PROMPTS_1_TO_4\PROMPT_4\RUNS\A1_s17_cv2\epoch_01_predictions.npz,PROMPT_4\ARCHITECTURES\A1\RESULTS\RUNS\A1_s17_cv2\epoch_01_predictions.npz,2b98fa7d4e7e570788fabaf5d04f5e1174f05e72d9335a698aaa66ae75bbfb02,A1_s17_cv2,17,2,.npz
C:\Users\Hngk\Documents\Codex\2026-09-07\use-the-autoresearch-skill-x20-https\outputs\PUMA_STAGE2_RESEARCH_PROMPTS_1_TO_4\PROMPT_4\RUNS\A1_s17_cv2\epoch_02_predictions.npz,PROMPT_4\ARCHITECTURES\A1\RESULTS\RUNS\A1_s17_cv2\epoch_02_predictions.npz,75021c404cdaa1105a441c920678a42d826b767145fc5faf3741b5af62c368a5,A1_s17_cv2,17,2,.npz
C:\Users\Hngk\Documents\Codex\2026-09-07\use-the-autoresearch-skill-x20-https\outputs\PUMA_STAGE2_RESEARCH_PROMPTS_1_TO_4\PROMPT_4\RUNS\A1_s17_cv2\epoch_03_predictions.npz,PROMPT_4\ARCHITECTURES\A1\RESULTS\RUNS\A1_s17_cv2\epoch_03_predictions.npz,eb0dba8bf48317d331e9e5a82b43527df1fbbb847f66d8ef448f9b2ed865e2c2,A1_s17_cv2,17,2,.npz
C:\Users\Hngk\Documents\Codex\2026-09-07\use-the-autoresearch-skill-x20-https\outputs\PUMA_STAGE2_RESEARCH_PROMPTS_1_TO_4\PROMPT_4\RUNS\A1_s17_cv2\epoch_04_predictions.npz,PROMPT_4\ARCHITECTURES\A1\RESULTS\RUNS\A1_s17_cv2\epoch_04_predictions.npz,4a402dd249f8c8f8c8e6f88b9af7ae656b28acd6af61c92ea8b1a3297fc7358b,A1_s17_cv2,17,2,.npz
C:\Users\Hngk\Documents\Codex\2026-09-07\use-the-autoresearch-skill-x20-https\outputs\PUMA_STAGE2_RESEARCH_PROMPTS_1_TO_4\PROMPT_4\RUNS\A1_s17_cv2\epoch_05_predictions.npz,PROMPT_4\ARCHITECTURES\A1\RESULTS\RUNS\A1_s17_cv2\epoch_05_predictions.npz,9350a09d58e2d3515afd6050cc449cea8ae2e246c897e95e0750ad3ad0655e7a,A1_s17_cv2,17,2,.npz
C:\Users\Hngk\Documents\Codex\2026-09-07\use-the-autoresearch-skill-x20-https\outputs\PUMA_STAGE2_RESEARCH_PROMPTS_1_TO_4\PROMPT_4\RUNS\A1_s17_cv2\epoch_06_predictions.npz,PROMPT_4\ARCHITECTURES\A1\RESULTS\RUNS\A1_s17_cv2\epoch_06_predictions.npz,54c92b63629ad28f0e7cd6f51a7baa10d5bd4a4db59e41062a5acdc7e1b3269b,A1_s17_cv2,17,2,.npz
C:\Users\Hngk\Documents\Codex\2026-09-07\use-the-autoresearch-skill-x20-https\outputs\PUMA_STAGE2_RESEARCH_PROMPTS_1_TO_4\PROMPT_4\RUNS\A1_s17_cv2\epoch_07_predictions.npz,PROMPT_4\ARCHITECTURES\A1\RESULTS\RUNS\A1_s17_cv2\epoch_07_predictions.npz,057bc57e2d7e352942590c90f25cd8fe1a38032ff7972999ed9fae45bc8f8bb4,A1_s17_cv2,17,2,.npz
C:\Users\Hngk\Documents\Codex\2026-09-07\use-the-autoresearch-skill-x20-https\outputs\PUMA_STAGE2_RESEARCH_PROMPTS_1_TO_4\PROMPT_4\RUNS\A1_s17_cv2\epoch_08_predictions.npz,PROMPT_4\ARCHITECTURES\A1\RESULTS\RUNS\A1_s17_cv2\epoch_08_predictions.npz,c9f0990dccac62791b91bb9e6c81c2619fdfa4e7a9691b1cf5b8b75b81b18864,A1_s17_cv2,17,2,.npz
C:\Users\Hngk\Documents\Codex\2026-09-07\use-the-autoresearch-skill-x20-https\outputs\PUMA_STAGE2_RESEARCH_PROMPTS_1_TO_4\PROMPT_4\RUNS\A1_s17_cv2\epoch_09_predictions.npz,PROMPT_4\ARCHITECTURES\A1\RESULTS\RUNS\A1_s17_cv2\epoch_09_predictions.npz,1e6af426d8aaac4c2ec6f6fa49267fe2c11b09b220354649e63973dfca053766,A1_s17_cv2,17,2,.npz
C:\Users\Hngk\Documents\Codex\2026-09-07\use-the-autoresearch-skill-x20-https\outputs\PUMA_STAGE2_RESEARCH_PROMPTS_1_TO_4\PROMPT_4\RUNS\A1_s17_cv2\epoch_10_predictions.npz,PROMPT_4\ARCHITECTURES\A1\RESULTS\RUNS\A1_s17_cv2\epoch_10_predictions.npz,a468ac8d22cc60021ede385d02dce64f6761cdb7c747f67c8df3e471eaf2a1a1,A1_s17_cv2,17,2,.npz
C:\Users\Hngk\Documents\Codex\2026-09-07\use-the-autoresearch-skill-x20-https\outputs\PUMA_STAGE2_RESEARCH_PROMPTS_1_TO_4\PROMPT_4\RUNS\A1_s17_cv2\final.pt,PROMPT_4\ARCHITECTURES\A1\RESULTS\RUNS\A1_s17_cv2\final.pt,020ad99d60b5f6423cbf3767f5fc9698c6ab88e334aa7efefdb9b7708da0fc01,A1_s17_cv2,17,2,.pt
C:\Users\Hngk\Documents\Codex\2026-09-07\use-the-autoresearch-skill-x20-https\outputs\PUMA_STAGE2_RESEARCH_PROMPTS_1_TO_4\PROMPT_4\RUNS\A1_s17_cv2\history.jsonl,PROMPT_4\ARCHITECTURES\A1\RESULTS\RUNS\A1_s17_cv2\history.jsonl,e0b873687911aad68927cca50cf0130b1a1be44251bd9c25ccd28633e0b34d9f,A1_s17_cv2,17,2,.jsonl
C:\Users\Hngk\Documents\Codex\2026-09-07\use-the-autoresearch-skill-x20-https\outputs\PUMA_STAGE2_RESEARCH_PROMPTS_1_TO_4\PROMPT_4\RUNS\A1_s17_cv2\normalizer.json,PROMPT_4\ARCHITECTURES\A1\RESULTS\RUNS\A1_s17_cv2\normalizer.json,96d50de899d030d0814f1b1de6a785fda82d824637a9237bf0cd5ed8f713a28b,A1_s17_cv2,17,2,.json
C:\Users\Hngk\Documents\Codex\2026-09-07\use-the-autoresearch-skill-x20-https\outputs\PUMA_STAGE2_RESEARCH_PROMPTS_1_TO_4\PROMPT_4\RUNS\A1_s17_cv2\provenance.json,PROMPT_4\ARCHITECTURES\A1\RESULTS\RUNS\A1_s17_cv2\provenance.json,c5310fd91030ef4200e465bd8cc9ed1d05a818f9c8828ac7eb9f379ad43e35a2,A1_s17_cv2,17,2,.json
C:\Users\Hngk\Documents\Codex\2026-09-07\use-the-autoresearch-skill-x20-https\outputs\PUMA_STAGE2_RESEARCH_PROMPTS_1_TO_4\PROMPT_4\RUNS\A1_s17_cv2\summary.json,PROMPT_4\ARCHITECTURES\A1\RESULTS\RUNS\A1_s17_cv2\summary.json,e4e9857ad84683ba92e88e768f0121c1bce755954a37732d7de796b570051e45,A1_s17_cv2,17,2,.json
C:\Users\Hngk\Documents\Codex\2026-09-07\use-the-autoresearch-skill-x20-https\outputs\PUMA_STAGE2_RESEARCH_PROMPTS_1_TO_4\PROMPT_4\RUNS\A1_s29_cv0\batch_history.jsonl,PROMPT_4\ARCHITECTURES\A1\RESULTS\RUNS\A1_s29_cv0\batch_history.jsonl,e2e71c967647bb908bf73045dcf142279e15a0070cdcdc097b818c528fd7a9ea,A1_s29_cv0,29,0,.jsonl
C:\Users\Hngk\Documents\Codex\2026-09-07\use-the-autoresearch-skill-x20-https\outputs\PUMA_STAGE2_RESEARCH_PROMPTS_1_TO_4\PROMPT_4\RUNS\A1_s29_cv0\config.json,PROMPT_4\ARCHITECTURES\A1\RESULTS\RUNS\A1_s29_cv0\config.json,302330aeb3a38af2b0d38936b693220ae43f25bd17291b389c06575070d6990a,A1_s29_cv0,29,0,.json
C:\Users\Hngk\Documents\Codex\2026-09-07\use-the-autoresearch-skill-x20-https\outputs\PUMA_STAGE2_RESEARCH_PROMPTS_1_TO_4\PROMPT_4\RUNS\A1_s29_cv0\epoch_01_predictions.npz,PROMPT_4\ARCHITECTURES\A1\RESULTS\RUNS\A1_s29_cv0\epoch_01_predictions.npz,cf6d5f578e6f4594ffa044cfbb7c870bda7c161416d0c963afff023b8514771f,A1_s29_cv0,29,0,.npz
C:\Users\Hngk\Documents\Codex\2026-09-07\use-the-autoresearch-skill-x20-https\outputs\PUMA_STAGE2_RESEARCH_PROMPTS_1_TO_4\PROMPT_4\RUNS\A1_s29_cv0\epoch_02_predictions.npz,PROMPT_4\ARCHITECTURES\A1\RESULTS\RUNS\A1_s29_cv0\epoch_02_predictions.npz,41fb14c5ea4c6ec6fd9eb7f1e9291cacf36560fac0f6608003b5b25c7987f53f,A1_s29_cv0,29,0,.npz
C:\Users\Hngk\Documents\Codex\2026-09-07\use-the-autoresearch-skill-x20-https\outputs\PUMA_STAGE2_RESEARCH_PROMPTS_1_TO_4\PROMPT_4\RUNS\A1_s29_cv0\epoch_03_predictions.npz,PROMPT_4\ARCHITECTURES\A1\RESULTS\RUNS\A1_s29_cv0\epoch_03_predictions.npz,f876e8d8540ac041e5abdd16ac531562cdc5bae85b0a23310c9462a47ab874b4,A1_s29_cv0,29,0,.npz
C:\Users\Hngk\Documents\Codex\2026-09-07\use-the-autoresearch-skill-x20-https\outputs\PUMA_STAGE2_RESEARCH_PROMPTS_1_TO_4\PROMPT_4\RUNS\A1_s29_cv0\epoch_04_predictions.npz,PROMPT_4\ARCHITECTURES\A1\RESULTS\RUNS\A1_s29_cv0\epoch_04_predictions.npz,1ba29d3126569258338b751dc667b8d2d9fdc78dd1b2b2f9f424705364f86afb,A1_s29_cv0,29,0,.npz
C:\Users\Hngk\Documents\Codex\2026-09-07\use-the-autoresearch-skill-x20-https\outputs\PUMA_STAGE2_RESEARCH_PROMPTS_1_TO_4\PROMPT_4\RUNS\A1_s29_cv0\epoch_05_predictions.npz,PROMPT_4\ARCHITECTURES\A1\RESULTS\RUNS\A1_s29_cv0\epoch_05_predictions.npz,0f55ced9918ae8e5f82246ae6e2ec6794bb497234e1211e51f31e61c2a82258d,A1_s29_cv0,29,0,.npz
C:\Users\Hngk\Documents\Codex\2026-09-07\use-the-autoresearch-skill-x20-https\outputs\PUMA_STAGE2_RESEARCH_PROMPTS_1_TO_4\PROMPT_4\RUNS\A1_s29_cv0\epoch_06_predictions.npz,PROMPT_4\ARCHITECTURES\A1\RESULTS\RUNS\A1_s29_cv0\epoch_06_predictions.npz,a0d1fbf94770f0a41b560f1e87a562015938e8c77c8e0af10703661657b3610e,A1_s29_cv0,29,0,.npz
C:\Users\Hngk\Documents\Codex\2026-09-07\use-the-autoresearch-skill-x20-https\outputs\PUMA_STAGE2_RESEARCH_PROMPTS_1_TO_4\PROMPT_4\RUNS\A1_s29_cv0\epoch_07_predictions.npz,PROMPT_4\ARCHITECTURES\A1\RESULTS\RUNS\A1_s29_cv0\epoch_07_predictions.npz,1ad135a7f67419e8de042e7e9b22254e0c5ae8c8befdc40ef25054b7fd4cc0db,A1_s29_cv0,29,0,.npz
C:\Users\Hngk\Documents\Codex\2026-09-07\use-the-autoresearch-skill-x20-https\outputs\PUMA_STAGE2_RESEARCH_PROMPTS_1_TO_4\PROMPT_4\RUNS\A1_s29_cv0\epoch_08_predictions.npz,PROMPT_4\ARCHITECTURES\A1\RESULTS\RUNS\A1_s29_cv0\epoch_08_predictions.npz,ffab07cbb50ae343b23322d7f232b3a691119a99ed9394c816e95aa26ea322a9,A1_s29_cv0,29,0,.npz
C:\Users\Hngk\Documents\Codex\2026-09-07\use-the-autoresearch-skill-x20-https\outputs\PUMA_STAGE2_RESEARCH_PROMPTS_1_TO_4\PROMPT_4\RUNS\A1_s29_cv0\epoch_09_predictions.npz,PROMPT_4\ARCHITECTURES\A1\RESULTS\RUNS\A1_s29_cv0\epoch_09_predictions.npz,5ca7daee76327cd6e30c64b961a9a1a9a899293ccdd36c5417acdc00bbc3dcb9,A1_s29_cv0,29,0,.npz
C:\Users\Hngk\Documents\Codex\2026-09-07\use-the-autoresearch-skill-x20-https\outputs\PUMA_STAGE2_RESEARCH_PROMPTS_1_TO_4\PROMPT_4\RUNS\A1_s29_cv0\epoch_10_predictions.npz,PROMPT_4\ARCHITECTURES\A1\RESULTS\RUNS\A1_s29_cv0\epoch_10_predictions.npz,5ac21e9af1e4229df7bdf3ff44d2d7b7dce4a597537b1d2ae362aae5db95b399,A1_s29_cv0,29,0,.npz
C:\Users\Hngk\Documents\Codex\2026-09-07\use-the-autoresearch-skill-x20-https\outputs\PUMA_STAGE2_RESEARCH_PROMPTS_1_TO_4\PROMPT_4\RUNS\A1_s29_cv0\final.pt,PROMPT_4\ARCHITECTURES\A1\RESULTS\RUNS\A1_s29_cv0\final.pt,630e1242322186ca9ceefa2aed22691d9ac422192a9eeed45765968b1f1c0164,A1_s29_cv0,29,0,.pt
C:\Users\Hngk\Documents\Codex\2026-09-07\use-the-autoresearch-skill-x20-https\outputs\PUMA_STAGE2_RESEARCH_PROMPTS_1_TO_4\PROMPT_4\RUNS\A1_s29_cv0\history.jsonl,PROMPT_4\ARCHITECTURES\A1\RESULTS\RUNS\A1_s29_cv0\history.jsonl,de66959df5ee147aa3a2a74d3219f488c6a4bc6d0ee2b7dcf63e95c3e919f220,A1_s29_cv0,29,0,.jsonl
C:\Users\Hngk\Documents\Codex\2026-09-07\use-the-autoresearch-skill-x20-https\outputs\PUMA_STAGE2_RESEARCH_PROMPTS_1_TO_4\PROMPT_4\RUNS\A1_s29_cv0\normalizer.json,PROMPT_4\ARCHITECTURES\A1\RESULTS\RUNS\A1_s29_cv0\normalizer.json,f75d5e56dcca6f2ff7aa13358de835631b823bbc37b6b08d02983940eb5ee49c,A1_s29_cv0,29,0,.json
C:\Users\Hngk\Documents\Codex\2026-09-07\use-the-autoresearch-skill-x20-https\outputs\PUMA_STAGE2_RESEARCH_PROMPTS_1_TO_4\PROMPT_4\RUNS\A1_s29_cv0\provenance.json,PROMPT_4\ARCHITECTURES\A1\RESULTS\RUNS\A1_s29_cv0\provenance.json,49ea87b013e7b82927b496dcc944d809eafd9e6f416d6270e5ebf9440491964f,A1_s29_cv0,29,0,.json
C:\Users\Hngk\Documents\Codex\2026-09-07\use-the-autoresearch-skill-x20-https\outputs\PUMA_STAGE2_RESEARCH_PROMPTS_1_TO_4\PROMPT_4\RUNS\A1_s29_cv0\summary.json,PROMPT_4\ARCHITECTURES\A1\RESULTS\RUNS\A1_s29_cv0\summary.json,11794b308dc42f4b4ca7810687cc40876ff3826f9a46c4bb721c7febe06bfa16,A1_s29_cv0,29,0,.json
C:\Users\Hngk\Documents\Codex\2026-09-07\use-the-autoresearch-skill-x20-https\outputs\PUMA_STAGE2_RESEARCH_PROMPTS_1_TO_4\PROMPT_4\RUNS\A1_s29_cv1\batch_history.jsonl,PROMPT_4\ARCHITECTURES\A1\RESULTS\RUNS\A1_s29_cv1\batch_history.jsonl,0a63669123cfd1e8d1e49a895749d9739e1b9dd59ad13515d1f7343fc3406101,A1_s29_cv1,29,1,.jsonl
C:\Users\Hngk\Documents\Codex\2026-09-07\use-the-autoresearch-skill-x20-https\outputs\PUMA_STAGE2_RESEARCH_PROMPTS_1_TO_4\PROMPT_4\RUNS\A1_s29_cv1\config.json,PROMPT_4\ARCHITECTURES\A1\RESULTS\RUNS\A1_s29_cv1\config.json,d8532f9e1fd02f69af4d85c0ef1e9b4378bb5ae71b1406f63a76fd786fd46af6,A1_s29_cv1,29,1,.json
C:\Users\Hngk\Documents\Codex\2026-09-07\use-the-autoresearch-skill-x20-https\outputs\PUMA_STAGE2_RESEARCH_PROMPTS_1_TO_4\PROMPT_4\RUNS\A1_s29_cv1\epoch_01_predictions.npz,PROMPT_4\ARCHITECTURES\A1\RESULTS\RUNS\A1_s29_cv1\epoch_01_predictions.npz,4c2fedec3224560cd702e9978130102564b1fcc6b6e5725cb823001a7b24d65d,A1_s29_cv1,29,1,.npz
C:\Users\Hngk\Documents\Codex\2026-09-07\use-the-autoresearch-skill-x20-https\outputs\PUMA_STAGE2_RESEARCH_PROMPTS_1_TO_4\PROMPT_4\RUNS\A1_s29_cv1\epoch_02_predictions.npz,PROMPT_4\ARCHITECTURES\A1\RESULTS\RUNS\A1_s29_cv1\epoch_02_predictions.npz,fb0a66f037885c32200a085064f09bf14f43bc7c54739095011c0916df55448a,A1_s29_cv1,29,1,.npz
C:\Users\Hngk\Documents\Codex\2026-09-07\use-the-autoresearch-skill-x20-https\outputs\PUMA_STAGE2_RESEARCH_PROMPTS_1_TO_4\PROMPT_4\RUNS\A1_s29_cv1\epoch_03_predictions.npz,PROMPT_4\ARCHITECTURES\A1\RESULTS\RUNS\A1_s29_cv1\epoch_03_predictions.npz,a99eb491fb25416b5da41948c619042c2308455e80bddddfacad657cd8585423,A1_s29_cv1,29,1,.npz
C:\Users\Hngk\Documents\Codex\2026-09-07\use-the-autoresearch-skill-x20-https\outputs\PUMA_STAGE2_RESEARCH_PROMPTS_1_TO_4\PROMPT_4\RUNS\A1_s29_cv1\epoch_04_predictions.npz,PROMPT_4\ARCHITECTURES\A1\RESULTS\RUNS\A1_s29_cv1\epoch_04_predictions.npz,18b71f86c4795b1916ebdeb1244d57cd4d5731211f2d8ba9951ace849d7666ce,A1_s29_cv1,29,1,.npz
C:\Users\Hngk\Documents\Codex\2026-09-07\use-the-autoresearch-skill-x20-https\outputs\PUMA_STAGE2_RESEARCH_PROMPTS_1_TO_4\PROMPT_4\RUNS\A1_s29_cv1\epoch_05_predictions.npz,PROMPT_4\ARCHITECTURES\A1\RESULTS\RUNS\A1_s29_cv1\epoch_05_predictions.npz,7775804349967f2bd6749aee68557615e7a85d26708286821d905be51bae7ee5,A1_s29_cv1,29,1,.npz
C:\Users\Hngk\Documents\Codex\2026-09-07\use-the-autoresearch-skill-x20-https\outputs\PUMA_STAGE2_RESEARCH_PROMPTS_1_TO_4\PROMPT_4\RUNS\A1_s29_cv1\epoch_06_predictions.npz,PROMPT_4\ARCHITECTURES\A1\RESULTS\RUNS\A1_s29_cv1\epoch_06_predictions.npz,9d2aa085e640358473135d2245bf6dda825447b9f408b8bb72f8d3507027bcb3,A1_s29_cv1,29,1,.npz
C:\Users\Hngk\Documents\Codex\2026-09-07\use-the-autoresearch-skill-x20-https\outputs\PUMA_STAGE2_RESEARCH_PROMPTS_1_TO_4\PROMPT_4\RUNS\A1_s29_cv1\epoch_07_predictions.npz,PROMPT_4\ARCHITECTURES\A1\RESULTS\RUNS\A1_s29_cv1\epoch_07_predictions.npz,74282c3077948ad5f316b3fe41ad3bc9e43774dff8598e0ce498752479c56811,A1_s29_cv1,29,1,.npz
C:\Users\Hngk\Documents\Codex\2026-09-07\use-the-autoresearch-skill-x20-https\outputs\PUMA_STAGE2_RESEARCH_PROMPTS_1_TO_4\PROMPT_4\RUNS\A1_s29_cv1\epoch_08_predictions.npz,PROMPT_4\ARCHITECTURES\A1\RESULTS\RUNS\A1_s29_cv1\epoch_08_predictions.npz,7e1476ebd3e936781ff0106a31b7e9a67a9199ba75e8e8ad6728503a7a915128,A1_s29_cv1,29,1,.npz
C:\Users\Hngk\Documents\Codex\2026-09-07\use-the-autoresearch-skill-x20-https\outputs\PUMA_STAGE2_RESEARCH_PROMPTS_1_TO_4\PROMPT_4\RUNS\A1_s29_cv1\epoch_09_predictions.npz,PROMPT_4\ARCHITECTURES\A1\RESULTS\RUNS\A1_s29_cv1\epoch_09_predictions.npz,39a3ae1fb855f1ad3549ae5d122136edfa5d22336fc03d227024a73eea43fde0,A1_s29_cv1,29,1,.npz
C:\Users\Hngk\Documents\Codex\2026-09-07\use-the-autoresearch-skill-x20-https\outputs\PUMA_STAGE2_RESEARCH_PROMPTS_1_TO_4\PROMPT_4\RUNS\A1_s29_cv1\epoch_10_predictions.npz,PROMPT_4\ARCHITECTURES\A1\RESULTS\RUNS\A1_s29_cv1\epoch_10_predictions.npz,c3a7bd8652a2368039417b1f42d9a0301c2d5697de8630566fb53f35cc1e7491,A1_s29_cv1,29,1,.npz
C:\Users\Hngk\Documents\Codex\2026-09-07\use-the-autoresearch-skill-x20-https\outputs\PUMA_STAGE2_RESEARCH_PROMPTS_1_TO_4\PROMPT_4\RUNS\A1_s29_cv1\final.pt,PROMPT_4\ARCHITECTURES\A1\RESULTS\RUNS\A1_s29_cv1\final.pt,67a1a12c8ebec0e347001962098329788023ba8f1242807acef1aa1ccab2d6f1,A1_s29_cv1,29,1,.pt
C:\Users\Hngk\Documents\Codex\2026-09-07\use-the-autoresearch-skill-x20-https\outputs\PUMA_STAGE2_RESEARCH_PROMPTS_1_TO_4\PROMPT_4\RUNS\A1_s29_cv1\history.jsonl,PROMPT_4\ARCHITECTURES\A1\RESULTS\RUNS\A1_s29_cv1\history.jsonl,f28cefece5062d4445bd33770249c0e07629f3b4f71862768a001e73482f61a7,A1_s29_cv1,29,1,.jsonl
C:\Users\Hngk\Documents\Codex\2026-09-07\use-the-autoresearch-skill-x20-https\outputs\PUMA_STAGE2_RESEARCH_PROMPTS_1_TO_4\PROMPT_4\RUNS\A1_s29_cv1\normalizer.json,PROMPT_4\ARCHITECTURES\A1\RESULTS\RUNS\A1_s29_cv1\normalizer.json,3383fe0635cb468d084e5ebbd6144bb89768f6927f37c55e35b23ba5efd095cb,A1_s29_cv1,29,1,.json
C:\Users\Hngk\Documents\Codex\2026-09-07\use-the-autoresearch-skill-x20-https\outputs\PUMA_STAGE2_RESEARCH_PROMPTS_1_TO_4\PROMPT_4\RUNS\A1_s29_cv1\provenance.json,PROMPT_4\ARCHITECTURES\A1\RESULTS\RUNS\A1_s29_cv1\provenance.json,aa570c768ad8da633a106af2a709add1f36066cfb96167158fd546de5401663d,A1_s29_cv1,29,1,.json
C:\Users\Hngk\Documents\Codex\2026-09-07\use-the-autoresearch-skill-x20-https\outputs\PUMA_STAGE2_RESEARCH_PROMPTS_1_TO_4\PROMPT_4\RUNS\A1_s29_cv1\summary.json,PROMPT_4\ARCHITECTURES\A1\RESULTS\RUNS\A1_s29_cv1\summary.json,0f77697b84c232c29d440991b311e215370c8c1b608f4ca5c057f0919c3fd83e,A1_s29_cv1,29,1,.json
C:\Users\Hngk\Documents\Codex\2026-09-07\use-the-autoresearch-skill-x20-https\outputs\PUMA_STAGE2_RESEARCH_PROMPTS_1_TO_4\PROMPT_4\RUNS\A1_s29_cv2\batch_history.jsonl,PROMPT_4\ARCHITECTURES\A1\RESULTS\RUNS\A1_s29_cv2\batch_history.jsonl,adb941c378821bb2ad951767926fe7a2b8815229ca75d32cdfb81deff93fd996,A1_s29_cv2,29,2,.jsonl
C:\Users\Hngk\Documents\Codex\2026-09-07\use-the-autoresearch-skill-x20-https\outputs\PUMA_STAGE2_RESEARCH_PROMPTS_1_TO_4\PROMPT_4\RUNS\A1_s29_cv2\config.json,PROMPT_4\ARCHITECTURES\A1\RESULTS\RUNS\A1_s29_cv2\config.json,55e08b9ea60b150beb5a39309f41317c971c5c915094d753bc0430c11d7fb77c,A1_s29_cv2,29,2,.json
C:\Users\Hngk\Documents\Codex\2026-09-07\use-the-autoresearch-skill-x20-https\outputs\PUMA_STAGE2_RESEARCH_PROMPTS_1_TO_4\PROMPT_4\RUNS\A1_s29_cv2\epoch_01_predictions.npz,PROMPT_4\ARCHITECTURES\A1\RESULTS\RUNS\A1_s29_cv2\epoch_01_predictions.npz,f71a3f11a49bea361cf5105e4e9f2ae69a0b0ecbea60de7be8b1013b168310da,A1_s29_cv2,29,2,.npz
C:\Users\Hngk\Documents\Codex\2026-09-07\use-the-autoresearch-skill-x20-https\outputs\PUMA_STAGE2_RESEARCH_PROMPTS_1_TO_4\PROMPT_4\RUNS\A1_s29_cv2\epoch_02_predictions.npz,PROMPT_4\ARCHITECTURES\A1\RESULTS\RUNS\A1_s29_cv2\epoch_02_predictions.npz,317f93b14a1841d39ea006e6ca0cbd4a4fd147459d8cc5ab6bc958375aafc3d7,A1_s29_cv2,29,2,.npz
C:\Users\Hngk\Documents\Codex\2026-09-07\use-the-autoresearch-skill-x20-https\outputs\PUMA_STAGE2_RESEARCH_PROMPTS_1_TO_4\PROMPT_4\RUNS\A1_s29_cv2\epoch_03_predictions.npz,PROMPT_4\ARCHITECTURES\A1\RESULTS\RUNS\A1_s29_cv2\epoch_03_predictions.npz,d121e4d5ae8f66cc305e246610acaa8125fda3c42f1ffa3061935d04aaec7094,A1_s29_cv2,29,2,.npz
C:\Users\Hngk\Documents\Codex\2026-09-07\use-the-autoresearch-skill-x20-https\outputs\PUMA_STAGE2_RESEARCH_PROMPTS_1_TO_4\PROMPT_4\RUNS\A1_s29_cv2\epoch_04_predictions.npz,PROMPT_4\ARCHITECTURES\A1\RESULTS\RUNS\A1_s29_cv2\epoch_04_predictions.npz,ed9021302f6cbf3bbbc5c1254662819d1702d0900bf4e20d9226220c101f916f,A1_s29_cv2,29,2,.npz
C:\Users\Hngk\Documents\Codex\2026-09-07\use-the-autoresearch-skill-x20-https\outputs\PUMA_STAGE2_RESEARCH_PROMPTS_1_TO_4\PROMPT_4\RUNS\A1_s29_cv2\epoch_05_predictions.npz,PROMPT_4\ARCHITECTURES\A1\RESULTS\RUNS\A1_s29_cv2\epoch_05_predictions.npz,146669833ed79ed5138d603cc7a2412105c5d727e9aba738c859143c6dc9fc05,A1_s29_cv2,29,2,.npz
C:\Users\Hngk\Documents\Codex\2026-09-07\use-the-autoresearch-skill-x20-https\outputs\PUMA_STAGE2_RESEARCH_PROMPTS_1_TO_4\PROMPT_4\RUNS\A1_s29_cv2\epoch_06_predictions.npz,PROMPT_4\ARCHITECTURES\A1\RESULTS\RUNS\A1_s29_cv2\epoch_06_predictions.npz,6874381e4fe33c96eca1cf78d92e4bfad97797dafbea247b064ae33f263df23f,A1_s29_cv2,29,2,.npz
C:\Users\Hngk\Documents\Codex\2026-09-07\use-the-autoresearch-skill-x20-https\outputs\PUMA_STAGE2_RESEARCH_PROMPTS_1_TO_4\PROMPT_4\RUNS\A1_s29_cv2\epoch_07_predictions.npz,PROMPT_4\ARCHITECTURES\A1\RESULTS\RUNS\A1_s29_cv2\epoch_07_predictions.npz,231c3877c18358356eab47501c1ffdd0b249a75a20b8fb0ad6387b08c9eadc4a,A1_s29_cv2,29,2,.npz
C:\Users\Hngk\Documents\Codex\2026-09-07\use-the-autoresearch-skill-x20-https\outputs\PUMA_STAGE2_RESEARCH_PROMPTS_1_TO_4\PROMPT_4\RUNS\A1_s29_cv2\epoch_08_predictions.npz,PROMPT_4\ARCHITECTURES\A1\RESULTS\RUNS\A1_s29_cv2\epoch_08_predictions.npz,0683a641bfa5f9d157198d032dd1816fdf5b42d7264b184b01134b76ea446de9,A1_s29_cv2,29,2,.npz
C:\Users\Hngk\Documents\Codex\2026-09-07\use-the-autoresearch-skill-x20-https\outputs\PUMA_STAGE2_RESEARCH_PROMPTS_1_TO_4\PROMPT_4\RUNS\A1_s29_cv2\epoch_09_predictions.npz,PROMPT_4\ARCHITECTURES\A1\RESULTS\RUNS\A1_s29_cv2\epoch_09_predictions.npz,3b110266b241d71f42099c816f5c92ccded50818e333ba3d169ff4de895d53ad,A1_s29_cv2,29,2,.npz
C:\Users\Hngk\Documents\Codex\2026-09-07\use-the-autoresearch-skill-x20-https\outputs\PUMA_STAGE2_RESEARCH_PROMPTS_1_TO_4\PROMPT_4\RUNS\A1_s29_cv2\epoch_10_predictions.npz,PROMPT_4\ARCHITECTURES\A1\RESULTS\RUNS\A1_s29_cv2\epoch_10_predictions.npz,b8da63b3f51c3211d39b90ac61960722c7987dbcfea67ba3ea4cb425b433e07c,A1_s29_cv2,29,2,.npz
C:\Users\Hngk\Documents\Codex\2026-09-07\use-the-autoresearch-skill-x20-https\outputs\PUMA_STAGE2_RESEARCH_PROMPTS_1_TO_4\PROMPT_4\RUNS\A1_s29_cv2\final.pt,PROMPT_4\ARCHITECTURES\A1\RESULTS\RUNS\A1_s29_cv2\final.pt,7c09ad8affb57c2763405fd6658e7b4a104cf8e793147b511cbd449b9370ff19,A1_s29_cv2,29,2,.pt
C:\Users\Hngk\Documents\Codex\2026-09-07\use-the-autoresearch-skill-x20-https\outputs\PUMA_STAGE2_RESEARCH_PROMPTS_1_TO_4\PROMPT_4\RUNS\A1_s29_cv2\history.jsonl,PROMPT_4\ARCHITECTURES\A1\RESULTS\RUNS\A1_s29_cv2\history.jsonl,55086c67d85627653ce034a5555bf6b0e46ac1173283d0faa32617dc90fd4ce1,A1_s29_cv2,29,2,.jsonl
C:\Users\Hngk\Documents\Codex\2026-09-07\use-the-autoresearch-skill-x20-https\outputs\PUMA_STAGE2_RESEARCH_PROMPTS_1_TO_4\PROMPT_4\RUNS\A1_s29_cv2\normalizer.json,PROMPT_4\ARCHITECTURES\A1\RESULTS\RUNS\A1_s29_cv2\normalizer.json,96d50de899d030d0814f1b1de6a785fda82d824637a9237bf0cd5ed8f713a28b,A1_s29_cv2,29,2,.json
C:\Users\Hngk\Documents\Codex\2026-09-07\use-the-autoresearch-skill-x20-https\outputs\PUMA_STAGE2_RESEARCH_PROMPTS_1_TO_4\PROMPT_4\RUNS\A1_s29_cv2\provenance.json,PROMPT_4\ARCHITECTURES\A1\RESULTS\RUNS\A1_s29_cv2\provenance.json,08be45ec6b71ada9fd11375dc28d8b2de818b86d6edbba5fc3fbcd680be7d772,A1_s29_cv2,29,2,.json
C:\Users\Hngk\Documents\Codex\2026-09-07\use-the-autoresearch-skill-x20-https\outputs\PUMA_STAGE2_RESEARCH_PROMPTS_1_TO_4\PROMPT_4\RUNS\A1_s29_cv2\summary.json,PROMPT_4\ARCHITECTURES\A1\RESULTS\RUNS\A1_s29_cv2\summary.json,d33274fa71ce7d05d5e315e244e09e1c97bcfc7f9fd8e1b6815b3970c474a6dc,A1_s29_cv2,29,2,.json
C:\Users\Hngk\Documents\Codex\2026-09-07\use-the-autoresearch-skill-x20-https\outputs\PUMA_STAGE2_RESEARCH_PROMPTS_1_TO_4\PROMPT_4\RUNS\A1_s43_cv0\batch_history.jsonl,PROMPT_4\ARCHITECTURES\A1\RESULTS\RUNS\A1_s43_cv0\batch_history.jsonl,6815f4b3738c5a12a7f17bda0d790b1b76830572861daee3d2551fa82ad2d796,A1_s43_cv0,43,0,.jsonl
C:\Users\Hngk\Documents\Codex\2026-09-07\use-the-autoresearch-skill-x20-https\outputs\PUMA_STAGE2_RESEARCH_PROMPTS_1_TO_4\PROMPT_4\RUNS\A1_s43_cv0\config.json,PROMPT_4\ARCHITECTURES\A1\RESULTS\RUNS\A1_s43_cv0\config.json,d1298473d3e824115367086d6cc97ca85d25fce0fcb239467f09e82f6afc5d89,A1_s43_cv0,43,0,.json
C:\Users\Hngk\Documents\Codex\2026-09-07\use-the-autoresearch-skill-x20-https\outputs\PUMA_STAGE2_RESEARCH_PROMPTS_1_TO_4\PROMPT_4\RUNS\A1_s43_cv0\epoch_01_predictions.npz,PROMPT_4\ARCHITECTURES\A1\RESULTS\RUNS\A1_s43_cv0\epoch_01_predictions.npz,0bad0e90bf394f259993c7accdb335e3eda6dcac480ce8ba15b79add41fd41ef,A1_s43_cv0,43,0,.npz
C:\Users\Hngk\Documents\Codex\2026-09-07\use-the-autoresearch-skill-x20-https\outputs\PUMA_STAGE2_RESEARCH_PROMPTS_1_TO_4\PROMPT_4\RUNS\A1_s43_cv0\epoch_02_predictions.npz,PROMPT_4\ARCHITECTURES\A1\RESULTS\RUNS\A1_s43_cv0\epoch_02_predictions.npz,695edb09c175298d7877d248d998bea9e78650ff914a9d937e37a8be543ede88,A1_s43_cv0,43,0,.npz
C:\Users\Hngk\Documents\Codex\2026-09-07\use-the-autoresearch-skill-x20-https\outputs\PUMA_STAGE2_RESEARCH_PROMPTS_1_TO_4\PROMPT_4\RUNS\A1_s43_cv0\epoch_03_predictions.npz,PROMPT_4\ARCHITECTURES\A1\RESULTS\RUNS\A1_s43_cv0\epoch_03_predictions.npz,bddfb36553b5095a1b401baef2f4f49779469c4db0243ad143bc99d9cc2731e7,A1_s43_cv0,43,0,.npz
C:\Users\Hngk\Documents\Codex\2026-09-07\use-the-autoresearch-skill-x20-https\outputs\PUMA_STAGE2_RESEARCH_PROMPTS_1_TO_4\PROMPT_4\RUNS\A1_s43_cv0\epoch_04_predictions.npz,PROMPT_4\ARCHITECTURES\A1\RESULTS\RUNS\A1_s43_cv0\epoch_04_predictions.npz,1fa12a43dbe7d812974afae00ac662961748396873c7667be7d36e417a73b826,A1_s43_cv0,43,0,.npz
C:\Users\Hngk\Documents\Codex\2026-09-07\use-the-autoresearch-skill-x20-https\outputs\PUMA_STAGE2_RESEARCH_PROMPTS_1_TO_4\PROMPT_4\RUNS\A1_s43_cv0\epoch_05_predictions.npz,PROMPT_4\ARCHITECTURES\A1\RESULTS\RUNS\A1_s43_cv0\epoch_05_predictions.npz,100930457ee48dffa0e60c69286fa00f376aac5929a743083d955aada8cc703d,A1_s43_cv0,43,0,.npz
C:\Users\Hngk\Documents\Codex\2026-09-07\use-the-autoresearch-skill-x20-https\outputs\PUMA_STAGE2_RESEARCH_PROMPTS_1_TO_4\PROMPT_4\RUNS\A1_s43_cv0\epoch_06_predictions.npz,PROMPT_4\ARCHITECTURES\A1\RESULTS\RUNS\A1_s43_cv0\epoch_06_predictions.npz,6bc8ec0c69e392daf0aee32d367af26a0320494cd61d9ad5a9c36188e9b15772,A1_s43_cv0,43,0,.npz
C:\Users\Hngk\Documents\Codex\2026-09-07\use-the-autoresearch-skill-x20-https\outputs\PUMA_STAGE2_RESEARCH_PROMPTS_1_TO_4\PROMPT_4\RUNS\A1_s43_cv0\epoch_07_predictions.npz,PROMPT_4\ARCHITECTURES\A1\RESULTS\RUNS\A1_s43_cv0\epoch_07_predictions.npz,0aab299b8eec3bef8d82b2ccc2787057ffe55c69f3168d17e6280802b8d1ed27,A1_s43_cv0,43,0,.npz
C:\Users\Hngk\Documents\Codex\2026-09-07\use-the-autoresearch-skill-x20-https\outputs\PUMA_STAGE2_RESEARCH_PROMPTS_1_TO_4\PROMPT_4\RUNS\A1_s43_cv0\epoch_08_predictions.npz,PROMPT_4\ARCHITECTURES\A1\RESULTS\RUNS\A1_s43_cv0\epoch_08_predictions.npz,d1c1aa747328ce4de39c02121f2ffc31f304a99e938e366caf040ee3caeb6234,A1_s43_cv0,43,0,.npz
C:\Users\Hngk\Documents\Codex\2026-09-07\use-the-autoresearch-skill-x20-https\outputs\PUMA_STAGE2_RESEARCH_PROMPTS_1_TO_4\PROMPT_4\RUNS\A1_s43_cv0\epoch_09_predictions.npz,PROMPT_4\ARCHITECTURES\A1\RESULTS\RUNS\A1_s43_cv0\epoch_09_predictions.npz,f705861274ca868d6f7a310f6b0bf0de11a130b4e4e7c57310a12125dcd55edd,A1_s43_cv0,43,0,.npz
C:\Users\Hngk\Documents\Codex\2026-09-07\use-the-autoresearch-skill-x20-https\outputs\PUMA_STAGE2_RESEARCH_PROMPTS_1_TO_4\PROMPT_4\RUNS\A1_s43_cv0\epoch_10_predictions.npz,PROMPT_4\ARCHITECTURES\A1\RESULTS\RUNS\A1_s43_cv0\epoch_10_predictions.npz,3458a7a83a35ec2dbbc3bb96e3e3b15c4ebcf7bdd47fa492f44692076743b6b0,A1_s43_cv0,43,0,.npz
C:\Users\Hngk\Documents\Codex\2026-09-07\use-the-autoresearch-skill-x20-https\outputs\PUMA_STAGE2_RESEARCH_PROMPTS_1_TO_4\PROMPT_4\RUNS\A1_s43_cv0\final.pt,PROMPT_4\ARCHITECTURES\A1\RESULTS\RUNS\A1_s43_cv0\final.pt,eb60bf654d8becfffdb5df241a0cb6f3b2fcd496876fe4013720547908f83f7c,A1_s43_cv0,43,0,.pt
C:\Users\Hngk\Documents\Codex\2026-09-07\use-the-autoresearch-skill-x20-https\outputs\PUMA_STAGE2_RESEARCH_PROMPTS_1_TO_4\PROMPT_4\RUNS\A1_s43_cv0\history.jsonl,PROMPT_4\ARCHITECTURES\A1\RESULTS\RUNS\A1_s43_cv0\history.jsonl,8942fb019600ac2c76396304ce317ff58cec0a17940045046788383eadb6a470,A1_s43_cv0,43,0,.jsonl
C:\Users\Hngk\Documents\Codex\2026-09-07\use-the-autoresearch-skill-x20-https\outputs\PUMA_STAGE2_RESEARCH_PROMPTS_1_TO_4\PROMPT_4\RUNS\A1_s43_cv0\normalizer.json,PROMPT_4\ARCHITECTURES\A1\RESULTS\RUNS\A1_s43_cv0\normalizer.json,f75d5e56dcca6f2ff7aa13358de835631b823bbc37b6b08d02983940eb5ee49c,A1_s43_cv0,43,0,.json
C:\Users\Hngk\Documents\Codex\2026-09-07\use-the-autoresearch-skill-x20-https\outputs\PUMA_STAGE2_RESEARCH_PROMPTS_1_TO_4\PROMPT_4\RUNS\A1_s43_cv0\provenance.json,PROMPT_4\ARCHITECTURES\A1\RESULTS\RUNS\A1_s43_cv0\provenance.json,bb00ecbacabe4a9f562ef540fee9f5cfe6cdf5c5703f80ec4db03ad2c4509b6a,A1_s43_cv0,43,0,.json
C:\Users\Hngk\Documents\Codex\2026-09-07\use-the-autoresearch-skill-x20-https\outputs\PUMA_STAGE2_RESEARCH_PROMPTS_1_TO_4\PROMPT_4\RUNS\A1_s43_cv0\summary.json,PROMPT_4\ARCHITECTURES\A1\RESULTS\RUNS\A1_s43_cv0\summary.json,aca43f731479fb6bc2dd513c49102e860852abda747f465f9de6a1a246b28e4f,A1_s43_cv0,43,0,.json
C:\Users\Hngk\Documents\Codex\2026-09-07\use-the-autoresearch-skill-x20-https\outputs\PUMA_STAGE2_RESEARCH_PROMPTS_1_TO_4\PROMPT_4\RUNS\A1_s43_cv1\batch_history.jsonl,PROMPT_4\ARCHITECTURES\A1\RESULTS\RUNS\A1_s43_cv1\batch_history.jsonl,66c37b996c6575065f89cd6d6f2168ab4efeab75d6d514ee675b27f3ad7aaeae,A1_s43_cv1,43,1,.jsonl
C:\Users\Hngk\Documents\Codex\2026-09-07\use-the-autoresearch-skill-x20-https\outputs\PUMA_STAGE2_RESEARCH_PROMPTS_1_TO_4\PROMPT_4\RUNS\A1_s43_cv1\config.json,PROMPT_4\ARCHITECTURES\A1\RESULTS\RUNS\A1_s43_cv1\config.json,778f0f53d668382401dcf9cc4feab83e5415c2be4243ab6a03a5e21129fd7258,A1_s43_cv1,43,1,.json
C:\Users\Hngk\Documents\Codex\2026-09-07\use-the-autoresearch-skill-x20-https\outputs\PUMA_STAGE2_RESEARCH_PROMPTS_1_TO_4\PROMPT_4\RUNS\A1_s43_cv1\epoch_01_predictions.npz,PROMPT_4\ARCHITECTURES\A1\RESULTS\RUNS\A1_s43_cv1\epoch_01_predictions.npz,d9e077e2b7cc873bbd4cd7ee12bf1e7ff929f23e5f6454b60eca69ad997a78f4,A1_s43_cv1,43,1,.npz
C:\Users\Hngk\Documents\Codex\2026-09-07\use-the-autoresearch-skill-x20-https\outputs\PUMA_STAGE2_RESEARCH_PROMPTS_1_TO_4\PROMPT_4\RUNS\A1_s43_cv1\epoch_02_predictions.npz,PROMPT_4\ARCHITECTURES\A1\RESULTS\RUNS\A1_s43_cv1\epoch_02_predictions.npz,41bb0f1046fa9f21e049e5869a870d337f9490e06d10cdb30f4b6e8b16c1fe99,A1_s43_cv1,43,1,.npz
C:\Users\Hngk\Documents\Codex\2026-09-07\use-the-autoresearch-skill-x20-https\outputs\PUMA_STAGE2_RESEARCH_PROMPTS_1_TO_4\PROMPT_4\RUNS\A1_s43_cv1\epoch_03_predictions.npz,PROMPT_4\ARCHITECTURES\A1\RESULTS\RUNS\A1_s43_cv1\epoch_03_predictions.npz,5762cefb59625fafdff618be9a4e60c1b69a54d5648404caa46d63abb9a9a901,A1_s43_cv1,43,1,.npz
C:\Users\Hngk\Documents\Codex\2026-09-07\use-the-autoresearch-skill-x20-https\outputs\PUMA_STAGE2_RESEARCH_PROMPTS_1_TO_4\PROMPT_4\RUNS\A1_s43_cv1\epoch_04_predictions.npz,PROMPT_4\ARCHITECTURES\A1\RESULTS\RUNS\A1_s43_cv1\epoch_04_predictions.npz,67d2f0bb0c5e2d9847b8778a43901bf24e35c1f2088d0d3b5eab678308f30887,A1_s43_cv1,43,1,.npz
C:\Users\Hngk\Documents\Codex\2026-09-07\use-the-autoresearch-skill-x20-https\outputs\PUMA_STAGE2_RESEARCH_PROMPTS_1_TO_4\PROMPT_4\RUNS\A1_s43_cv1\epoch_05_predictions.npz,PROMPT_4\ARCHITECTURES\A1\RESULTS\RUNS\A1_s43_cv1\epoch_05_predictions.npz,da859bb4bb6bb9fa8060096b99cc6aef228c328dc8754af2b75b3179cbdb87af,A1_s43_cv1,43,1,.npz
C:\Users\Hngk\Documents\Codex\2026-09-07\use-the-autoresearch-skill-x20-https\outputs\PUMA_STAGE2_RESEARCH_PROMPTS_1_TO_4\PROMPT_4\RUNS\A1_s43_cv1\epoch_06_predictions.npz,PROMPT_4\ARCHITECTURES\A1\RESULTS\RUNS\A1_s43_cv1\epoch_06_predictions.npz,6f7fcf4615adbc51d8d4e9398735dc3c2e9515b0317fe280d5ecc4e88222c8b1,A1_s43_cv1,43,1,.npz
C:\Users\Hngk\Documents\Codex\2026-09-07\use-the-autoresearch-skill-x20-https\outputs\PUMA_STAGE2_RESEARCH_PROMPTS_1_TO_4\PROMPT_4\RUNS\A1_s43_cv1\epoch_07_predictions.npz,PROMPT_4\ARCHITECTURES\A1\RESULTS\RUNS\A1_s43_cv1\epoch_07_predictions.npz,d350e750ea56d3e3bbe2110d0616d669c60274cd7d817ee6d2e9550373730de6,A1_s43_cv1,43,1,.npz
C:\Users\Hngk\Documents\Codex\2026-09-07\use-the-autoresearch-skill-x20-https\outputs\PUMA_STAGE2_RESEARCH_PROMPTS_1_TO_4\PROMPT_4\RUNS\A1_s43_cv1\epoch_08_predictions.npz,PROMPT_4\ARCHITECTURES\A1\RESULTS\RUNS\A1_s43_cv1\epoch_08_predictions.npz,912a17b535bb99e0c97e5ebfd6a205fdea05987297413ad098623da29e43d63e,A1_s43_cv1,43,1,.npz
C:\Users\Hngk\Documents\Codex\2026-09-07\use-the-autoresearch-skill-x20-https\outputs\PUMA_STAGE2_RESEARCH_PROMPTS_1_TO_4\PROMPT_4\RUNS\A1_s43_cv1\epoch_09_predictions.npz,PROMPT_4\ARCHITECTURES\A1\RESULTS\RUNS\A1_s43_cv1\epoch_09_predictions.npz,15f3d1f0ae150c50349ec12fccbf40bcee7fcfce664a8a6dcfb099765b8cfbb6,A1_s43_cv1,43,1,.npz
C:\Users\Hngk\Documents\Codex\2026-09-07\use-the-autoresearch-skill-x20-https\outputs\PUMA_STAGE2_RESEARCH_PROMPTS_1_TO_4\PROMPT_4\RUNS\A1_s43_cv1\epoch_10_predictions.npz,PROMPT_4\ARCHITECTURES\A1\RESULTS\RUNS\A1_s43_cv1\epoch_10_predictions.npz,4464becce1436278c31c8465492693e18a8cc814240da64143b3dc3713bb0696,A1_s43_cv1,43,1,.npz
C:\Users\Hngk\Documents\Codex\2026-09-07\use-the-autoresearch-skill-x20-https\outputs\PUMA_STAGE2_RESEARCH_PROMPTS_1_TO_4\PROMPT_4\RUNS\A1_s43_cv1\final.pt,PROMPT_4\ARCHITECTURES\A1\RESULTS\RUNS\A1_s43_cv1\final.pt,0ce4a131351c91f4fa72fa38ce8b6f2c4a57c20218f8d08ae2beaf1954531332,A1_s43_cv1,43,1,.pt
C:\Users\Hngk\Documents\Codex\2026-09-07\use-the-autoresearch-skill-x20-https\outputs\PUMA_STAGE2_RESEARCH_PROMPTS_1_TO_4\PROMPT_4\RUNS\A1_s43_cv1\history.jsonl,PROMPT_4\ARCHITECTURES\A1\RESULTS\RUNS\A1_s43_cv1\history.jsonl,e38c94637859dc4487f22ee2754a0e4fbd0e16f69ac04bfe03dc4c0847ebeb55,A1_s43_cv1,43,1,.jsonl
C:\Users\Hngk\Documents\Codex\2026-09-07\use-the-autoresearch-skill-x20-https\outputs\PUMA_STAGE2_RESEARCH_PROMPTS_1_TO_4\PROMPT_4\RUNS\A1_s43_cv1\normalizer.json,PROMPT_4\ARCHITECTURES\A1\RESULTS\RUNS\A1_s43_cv1\normalizer.json,3383fe0635cb468d084e5ebbd6144bb89768f6927f37c55e35b23ba5efd095cb,A1_s43_cv1,43,1,.json
C:\Users\Hngk\Documents\Codex\2026-09-07\use-the-autoresearch-skill-x20-https\outputs\PUMA_STAGE2_RESEARCH_PROMPTS_1_TO_4\PROMPT_4\RUNS\A1_s43_cv1\provenance.json,PROMPT_4\ARCHITECTURES\A1\RESULTS\RUNS\A1_s43_cv1\provenance.json,ff0e5038ce830e4879d3c20c6ef34da726604ad325bd8989ac1eb3fc38b0efa3,A1_s43_cv1,43,1,.json
C:\Users\Hngk\Documents\Codex\2026-09-07\use-the-autoresearch-skill-x20-https\outputs\PUMA_STAGE2_RESEARCH_PROMPTS_1_TO_4\PROMPT_4\RUNS\A1_s43_cv1\summary.json,PROMPT_4\ARCHITECTURES\A1\RESULTS\RUNS\A1_s43_cv1\summary.json,b9ed36c8ccf67902c4b1a85d6f429e07a59f0c3c0545cee21f5b09ef0c746034,A1_s43_cv1,43,1,.json
C:\Users\Hngk\Documents\Codex\2026-09-07\use-the-autoresearch-skill-x20-https\outputs\PUMA_STAGE2_RESEARCH_PROMPTS_1_TO_4\PROMPT_4\RUNS\A1_s43_cv2\batch_history.jsonl,PROMPT_4\ARCHITECTURES\A1\RESULTS\RUNS\A1_s43_cv2\batch_history.jsonl,fc013cc8a8db74d3edede818e6bcb5de8a5b4ddde54cf5448ebd65222402775e,A1_s43_cv2,43,2,.jsonl
C:\Users\Hngk\Documents\Codex\2026-09-07\use-the-autoresearch-skill-x20-https\outputs\PUMA_STAGE2_RESEARCH_PROMPTS_1_TO_4\PROMPT_4\RUNS\A1_s43_cv2\config.json,PROMPT_4\ARCHITECTURES\A1\RESULTS\RUNS\A1_s43_cv2\config.json,c4a923ab7723664942399070067457486384dffd4963a2062e1f2bdd7e5d9afc,A1_s43_cv2,43,2,.json
C:\Users\Hngk\Documents\Codex\2026-09-07\use-the-autoresearch-skill-x20-https\outputs\PUMA_STAGE2_RESEARCH_PROMPTS_1_TO_4\PROMPT_4\RUNS\A1_s43_cv2\epoch_01_predictions.npz,PROMPT_4\ARCHITECTURES\A1\RESULTS\RUNS\A1_s43_cv2\epoch_01_predictions.npz,8edf24bba6cda678253830645297c8c860a8106573327fc60084a6e749eb09a4,A1_s43_cv2,43,2,.npz
C:\Users\Hngk\Documents\Codex\2026-09-07\use-the-autoresearch-skill-x20-https\outputs\PUMA_STAGE2_RESEARCH_PROMPTS_1_TO_4\PROMPT_4\RUNS\A1_s43_cv2\epoch_02_predictions.npz,PROMPT_4\ARCHITECTURES\A1\RESULTS\RUNS\A1_s43_cv2\epoch_02_predictions.npz,79ad8ce50f23ff5c590b0eed9078b4a1de7d970a498a96136fe53a40d8820d1e,A1_s43_cv2,43,2,.npz
C:\Users\Hngk\Documents\Codex\2026-09-07\use-the-autoresearch-skill-x20-https\outputs\PUMA_STAGE2_RESEARCH_PROMPTS_1_TO_4\PROMPT_4\RUNS\A1_s43_cv2\epoch_03_predictions.npz,PROMPT_4\ARCHITECTURES\A1\RESULTS\RUNS\A1_s43_cv2\epoch_03_predictions.npz,d73158c0e51657c5557d2d756dc20a7f3454727b0144991b26845f3087d783be,A1_s43_cv2,43,2,.npz
C:\Users\Hngk\Documents\Codex\2026-09-07\use-the-autoresearch-skill-x20-https\outputs\PUMA_STAGE2_RESEARCH_PROMPTS_1_TO_4\PROMPT_4\RUNS\A1_s43_cv2\epoch_04_predictions.npz,PROMPT_4\ARCHITECTURES\A1\RESULTS\RUNS\A1_s43_cv2\epoch_04_predictions.npz,8cf80c531f621e17e87e4654895a0059fa6b327210dff614452fd25acc27d928,A1_s43_cv2,43,2,.npz
C:\Users\Hngk\Documents\Codex\2026-09-07\use-the-autoresearch-skill-x20-https\outputs\PUMA_STAGE2_RESEARCH_PROMPTS_1_TO_4\PROMPT_4\RUNS\A1_s43_cv2\epoch_05_predictions.npz,PROMPT_4\ARCHITECTURES\A1\RESULTS\RUNS\A1_s43_cv2\epoch_05_predictions.npz,8c906bc1fabeade26d99939ac01cf38e3ffca10ca98b2be97d81293bef88dbd3,A1_s43_cv2,43,2,.npz
C:\Users\Hngk\Documents\Codex\2026-09-07\use-the-autoresearch-skill-x20-https\outputs\PUMA_STAGE2_RESEARCH_PROMPTS_1_TO_4\PROMPT_4\RUNS\A1_s43_cv2\epoch_06_predictions.npz,PROMPT_4\ARCHITECTURES\A1\RESULTS\RUNS\A1_s43_cv2\epoch_06_predictions.npz,bf8e7ac49caa8045c32566727fdba5675a53f21400210856326587628d963e67,A1_s43_cv2,43,2,.npz
C:\Users\Hngk\Documents\Codex\2026-09-07\use-the-autoresearch-skill-x20-https\outputs\PUMA_STAGE2_RESEARCH_PROMPTS_1_TO_4\PROMPT_4\RUNS\A1_s43_cv2\epoch_07_predictions.npz,PROMPT_4\ARCHITECTURES\A1\RESULTS\RUNS\A1_s43_cv2\epoch_07_predictions.npz,9f81d794ad0b40167d26cf2d09b116941b8ce44686b8ca20cdb5b74856136f52,A1_s43_cv2,43,2,.npz
C:\Users\Hngk\Documents\Codex\2026-09-07\use-the-autoresearch-skill-x20-https\outputs\PUMA_STAGE2_RESEARCH_PROMPTS_1_TO_4\PROMPT_4\RUNS\A1_s43_cv2\epoch_08_predictions.npz,PROMPT_4\ARCHITECTURES\A1\RESULTS\RUNS\A1_s43_cv2\epoch_08_predictions.npz,9eaaaa41f273aeeae70485cf3ded447c38a26bb699a76b1c0a0a5d8a9e1e9588,A1_s43_cv2,43,2,.npz
C:\Users\Hngk\Documents\Codex\2026-09-07\use-the-autoresearch-skill-x20-https\outputs\PUMA_STAGE2_RESEARCH_PROMPTS_1_TO_4\PROMPT_4\RUNS\A1_s43_cv2\epoch_09_predictions.npz,PROMPT_4\ARCHITECTURES\A1\RESULTS\RUNS\A1_s43_cv2\epoch_09_predictions.npz,e95306deb8f2c75a08d2f31d02926a368c2c9bea27f5c0bc62150b40b15327f8,A1_s43_cv2,43,2,.npz
C:\Users\Hngk\Documents\Codex\2026-09-07\use-the-autoresearch-skill-x20-https\outputs\PUMA_STAGE2_RESEARCH_PROMPTS_1_TO_4\PROMPT_4\RUNS\A1_s43_cv2\epoch_10_predictions.npz,PROMPT_4\ARCHITECTURES\A1\RESULTS\RUNS\A1_s43_cv2\epoch_10_predictions.npz,57642d2eac0664879c206d6fc784b2d41c8f83f2c9591560b8a439bf3543d2c7,A1_s43_cv2,43,2,.npz
C:\Users\Hngk\Documents\Codex\2026-09-07\use-the-autoresearch-skill-x20-https\outputs\PUMA_STAGE2_RESEARCH_PROMPTS_1_TO_4\PROMPT_4\RUNS\A1_s43_cv2\final.pt,PROMPT_4\ARCHITECTURES\A1\RESULTS\RUNS\A1_s43_cv2\final.pt,7bcac3b8fa86fd23e1f0cbf1cf012f2c2cd8c7d3ae9e8a341dc8f089367cf18b,A1_s43_cv2,43,2,.pt
C:\Users\Hngk\Documents\Codex\2026-09-07\use-the-autoresearch-skill-x20-https\outputs\PUMA_STAGE2_RESEARCH_PROMPTS_1_TO_4\PROMPT_4\RUNS\A1_s43_cv2\history.jsonl,PROMPT_4\ARCHITECTURES\A1\RESULTS\RUNS\A1_s43_cv2\history.jsonl,cbf613111363afadbf395f9dcdec43e141080e55d88f0d3a2f915e9f03e6a199,A1_s43_cv2,43,2,.jsonl
C:\Users\Hngk\Documents\Codex\2026-09-07\use-the-autoresearch-skill-x20-https\outputs\PUMA_STAGE2_RESEARCH_PROMPTS_1_TO_4\PROMPT_4\RUNS\A1_s43_cv2\normalizer.json,PROMPT_4\ARCHITECTURES\A1\RESULTS\RUNS\A1_s43_cv2\normalizer.json,96d50de899d030d0814f1b1de6a785fda82d824637a9237bf0cd5ed8f713a28b,A1_s43_cv2,43,2,.json
C:\Users\Hngk\Documents\Codex\2026-09-07\use-the-autoresearch-skill-x20-https\outputs\PUMA_STAGE2_RESEARCH_PROMPTS_1_TO_4\PROMPT_4\RUNS\A1_s43_cv2\provenance.json,PROMPT_4\ARCHITECTURES\A1\RESULTS\RUNS\A1_s43_cv2\provenance.json,ced953a2365362762cac77e67beab24d35f316b41cb337e2fed975ea565a1074,A1_s43_cv2,43,2,.json
C:\Users\Hngk\Documents\Codex\2026-09-07\use-the-autoresearch-skill-x20-https\outputs\PUMA_STAGE2_RESEARCH_PROMPTS_1_TO_4\PROMPT_4\RUNS\A1_s43_cv2\summary.json,PROMPT_4\ARCHITECTURES\A1\RESULTS\RUNS\A1_s43_cv2\summary.json,940d86a7a4621d998c39222135a71cb6ab17aa3f093f3e86ca1edcda6873ea7b,A1_s43_cv2,43,2,.json
