run_id,seed,roi,roi_fixed10_f1,semantic_annotation_rows,summary_sha256
p6_A_D300_s17,17,training_set_metastatic_roi_001,0.1,2,5db7fe4ab4611e3a037ca47fd18dadcbcae022e97eccbeb875b59be97f593f82
p6_A_D300_s17,17,training_set_metastatic_roi_002,0.0,2,5db7fe4ab4611e3a037ca47fd18dadcbcae022e97eccbeb875b59be97f593f82
p6_A_D300_s17,17,training_set_metastatic_roi_015,0.1,2,5db7fe4ab4611e3a037ca47fd18dadcbcae022e97eccbeb875b59be97f593f82
p6_A_D300_s17,17,training_set_metastatic_roi_018,0.11666666666666665,5,5db7fe4ab4611e3a037ca47fd18dadcbcae022e97eccbeb875b59be97f593f82
p6_A_D300_s17,17,training_set_metastatic_roi_020,0.2,3,5db7fe4ab4611e3a037ca47fd18dadcbcae022e97eccbeb875b59be97f593f82
p6_A_D300_s17,17,training_set_metastatic_roi_023,0.16666666666666666,3,5db7fe4ab4611e3a037ca47fd18dadcbcae022e97eccbeb875b59be97f593f82
p6_A_D300_s17,17,training_set_metastatic_roi_029,0.3,3,5db7fe4ab4611e3a037ca47fd18dadcbcae022e97eccbeb875b59be97f593f82
p6_A_D300_s17,17,training_set_metastatic_roi_030,0.15,4,5db7fe4ab4611e3a037ca47fd18dadcbcae022e97eccbeb875b59be97f593f82
p6_A_D300_s17,17,training_set_metastatic_roi_031,0.0,2,5db7fe4ab4611e3a037ca47fd18dadcbcae022e97eccbeb875b59be97f593f82
p6_A_D300_s17,17,training_set_metastatic_roi_032,0.0,3,5db7fe4ab4611e3a037ca47fd18dadcbcae022e97eccbeb875b59be97f593f82
p6_A_D300_s17,17,training_set_metastatic_roi_035,0.1,1,5db7fe4ab4611e3a037ca47fd18dadcbcae022e97eccbeb875b59be97f593f82
p6_A_D300_s17,17,training_set_metastatic_roi_040,0.1,3,5db7fe4ab4611e3a037ca47fd18dadcbcae022e97eccbeb875b59be97f593f82
p6_A_D300_s17,17,training_set_metastatic_roi_046,0.05714285714285715,6,5db7fe4ab4611e3a037ca47fd18dadcbcae022e97eccbeb875b59be97f593f82
p6_A_D300_s17,17,training_set_metastatic_roi_047,0.06666666666666667,3,5db7fe4ab4611e3a037ca47fd18dadcbcae022e97eccbeb875b59be97f593f82
p6_A_D300_s17,17,training_set_metastatic_roi_049,0.06666666666666667,2,5db7fe4ab4611e3a037ca47fd18dadcbcae022e97eccbeb875b59be97f593f82
p6_A_D300_s17,17,training_set_metastatic_roi_056,0.16666666666666666,6,5db7fe4ab4611e3a037ca47fd18dadcbcae022e97eccbeb875b59be97f593f82
p6_A_D300_s17,17,training_set_metastatic_roi_061,0.09,6,5db7fe4ab4611e3a037ca47fd18dadcbcae022e97eccbeb875b59be97f593f82
p6_A_D300_s17,17,training_set_metastatic_roi_067,0.15,5,5db7fe4ab4611e3a037ca47fd18dadcbcae022e97eccbeb875b59be97f593f82
p6_A_D300_s17,17,training_set_metastatic_roi_076,0.0,3,5db7fe4ab4611e3a037ca47fd18dadcbcae022e97eccbeb875b59be97f593f82
p6_A_D300_s17,17,training_set_metastatic_roi_080,0.23333333333333334,7,5db7fe4ab4611e3a037ca47fd18dadcbcae022e97eccbeb875b59be97f593f82
p6_A_D300_s17,17,training_set_metastatic_roi_081,0.2,3,5db7fe4ab4611e3a037ca47fd18dadcbcae022e97eccbeb875b59be97f593f82
p6_A_D300_s17,17,training_set_metastatic_roi_085,0.1,2,5db7fe4ab4611e3a037ca47fd18dadcbcae022e97eccbeb875b59be97f593f82
p6_A_D300_s17,17,training_set_metastatic_roi_087,0.1,4,5db7fe4ab4611e3a037ca47fd18dadcbcae022e97eccbeb875b59be97f593f82
p6_A_D300_s17,17,training_set_metastatic_roi_093,0.1,2,5db7fe4ab4611e3a037ca47fd18dadcbcae022e97eccbeb875b59be97f593f82
p6_A_D300_s17,17,training_set_metastatic_roi_097,0.0,1,5db7fe4ab4611e3a037ca47fd18dadcbcae022e97eccbeb875b59be97f593f82
p6_A_D300_s17,17,training_set_metastatic_roi_102,0.1,3,5db7fe4ab4611e3a037ca47fd18dadcbcae022e97eccbeb875b59be97f593f82
p6_A_D300_s17,17,training_set_primary_roi_002,0.0,1,5db7fe4ab4611e3a037ca47fd18dadcbcae022e97eccbeb875b59be97f593f82
p6_A_D300_s17,17,training_set_primary_roi_006,0.06666666666666667,3,5db7fe4ab4611e3a037ca47fd18dadcbcae022e97eccbeb875b59be97f593f82
p6_A_D300_s17,17,training_set_primary_roi_009,0.0,2,5db7fe4ab4611e3a037ca47fd18dadcbcae022e97eccbeb875b59be97f593f82
p6_A_D300_s17,17,training_set_primary_roi_010,0.1,6,5db7fe4ab4611e3a037ca47fd18dadcbcae022e97eccbeb875b59be97f593f82
p6_A_D300_s17,17,training_set_primary_roi_012,0.04,5,5db7fe4ab4611e3a037ca47fd18dadcbcae022e97eccbeb875b59be97f593f82
p6_A_D300_s17,17,training_set_primary_roi_014,0.25,5,5db7fe4ab4611e3a037ca47fd18dadcbcae022e97eccbeb875b59be97f593f82
p6_A_D300_s17,17,training_set_primary_roi_016,0.35,6,5db7fe4ab4611e3a037ca47fd18dadcbcae022e97eccbeb875b59be97f593f82
p6_A_D300_s17,17,training_set_primary_roi_020,0.13333333333333333,4,5db7fe4ab4611e3a037ca47fd18dadcbcae022e97eccbeb875b59be97f593f82
p6_A_D300_s17,17,training_set_primary_roi_022,0.2,5,5db7fe4ab4611e3a037ca47fd18dadcbcae022e97eccbeb875b59be97f593f82
p6_A_D300_s17,17,training_set_primary_roi_024,0.06666666666666667,3,5db7fe4ab4611e3a037ca47fd18dadcbcae022e97eccbeb875b59be97f593f82
p6_A_D300_s17,17,training_set_primary_roi_029,0.16666666666666666,5,5db7fe4ab4611e3a037ca47fd18dadcbcae022e97eccbeb875b59be97f593f82
p6_A_D300_s17,17,training_set_primary_roi_032,0.27999999999999997,5,5db7fe4ab4611e3a037ca47fd18dadcbcae022e97eccbeb875b59be97f593f82
p6_A_D300_s17,17,training_set_primary_roi_034,0.21666666666666665,6,5db7fe4ab4611e3a037ca47fd18dadcbcae022e97eccbeb875b59be97f593f82
p6_A_D300_s17,17,training_set_primary_roi_036,0.06666666666666667,4,5db7fe4ab4611e3a037ca47fd18dadcbcae022e97eccbeb875b59be97f593f82
p6_A_D300_s17,17,training_set_primary_roi_037,0.1,4,5db7fe4ab4611e3a037ca47fd18dadcbcae022e97eccbeb875b59be97f593f82
p6_A_D300_s17,17,training_set_primary_roi_040,0.1833333333333333,7,5db7fe4ab4611e3a037ca47fd18dadcbcae022e97eccbeb875b59be97f593f82
p6_A_D300_s17,17,training_set_primary_roi_052,0.15714285714285717,9,5db7fe4ab4611e3a037ca47fd18dadcbcae022e97eccbeb875b59be97f593f82
p6_A_D300_s17,17,training_set_primary_roi_057,0.18,6,5db7fe4ab4611e3a037ca47fd18dadcbcae022e97eccbeb875b59be97f593f82
p6_A_D300_s17,17,training_set_primary_roi_058,0.18333333333333332,7,5db7fe4ab4611e3a037ca47fd18dadcbcae022e97eccbeb875b59be97f593f82
p6_A_D300_s17,17,training_set_primary_roi_062,0.1,3,5db7fe4ab4611e3a037ca47fd18dadcbcae022e97eccbeb875b59be97f593f82
p6_A_D300_s17,17,training_set_primary_roi_064,0.16666666666666666,5,5db7fe4ab4611e3a037ca47fd18dadcbcae022e97eccbeb875b59be97f593f82
p6_A_D300_s17,17,training_set_primary_roi_067,0.26666666666666666,6,5db7fe4ab4611e3a037ca47fd18dadcbcae022e97eccbeb875b59be97f593f82
p6_A_D300_s17,17,training_set_primary_roi_068,0.1,6,5db7fe4ab4611e3a037ca47fd18dadcbcae022e97eccbeb875b59be97f593f82
p6_A_D300_s17,17,training_set_primary_roi_075,0.2,3,5db7fe4ab4611e3a037ca47fd18dadcbcae022e97eccbeb875b59be97f593f82
p6_A_D300_s17,17,training_set_primary_roi_082,0.26666666666666666,5,5db7fe4ab4611e3a037ca47fd18dadcbcae022e97eccbeb875b59be97f593f82
p6_A_D300_s17,17,training_set_primary_roi_083,0.2,5,5db7fe4ab4611e3a037ca47fd18dadcbcae022e97eccbeb875b59be97f593f82
p6_A_D300_s17,17,training_set_primary_roi_086,0.06666666666666667,5,5db7fe4ab4611e3a037ca47fd18dadcbcae022e97eccbeb875b59be97f593f82
p6_A_D300_s17,17,training_set_primary_roi_091,0.2,2,5db7fe4ab4611e3a037ca47fd18dadcbcae022e97eccbeb875b59be97f593f82
p6_A_D300_s17,17,training_set_primary_roi_096,0.1,3,5db7fe4ab4611e3a037ca47fd18dadcbcae022e97eccbeb875b59be97f593f82
p6_A_D300_s17,17,training_set_primary_roi_098,0.1,3,5db7fe4ab4611e3a037ca47fd18dadcbcae022e97eccbeb875b59be97f593f82
p6_A_D300_s29,29,training_set_metastatic_roi_001,0.1,2,0f8e1c7808f8031d18a43a9b91343db60588ccf8694a2e41a8f2d23313dcdbfb
p6_A_D300_s29,29,training_set_metastatic_roi_002,0.0,2,0f8e1c7808f8031d18a43a9b91343db60588ccf8694a2e41a8f2d23313dcdbfb
p6_A_D300_s29,29,training_set_metastatic_roi_015,0.1,2,0f8e1c7808f8031d18a43a9b91343db60588ccf8694a2e41a8f2d23313dcdbfb
p6_A_D300_s29,29,training_set_metastatic_roi_018,0.11666666666666665,5,0f8e1c7808f8031d18a43a9b91343db60588ccf8694a2e41a8f2d23313dcdbfb
p6_A_D300_s29,29,training_set_metastatic_roi_020,0.2,3,0f8e1c7808f8031d18a43a9b91343db60588ccf8694a2e41a8f2d23313dcdbfb
p6_A_D300_s29,29,training_set_metastatic_roi_023,0.05,3,0f8e1c7808f8031d18a43a9b91343db60588ccf8694a2e41a8f2d23313dcdbfb
p6_A_D300_s29,29,training_set_metastatic_roi_029,0.2,3,0f8e1c7808f8031d18a43a9b91343db60588ccf8694a2e41a8f2d23313dcdbfb
p6_A_D300_s29,29,training_set_metastatic_roi_030,0.05,4,0f8e1c7808f8031d18a43a9b91343db60588ccf8694a2e41a8f2d23313dcdbfb
p6_A_D300_s29,29,training_set_metastatic_roi_031,0.0,2,0f8e1c7808f8031d18a43a9b91343db60588ccf8694a2e41a8f2d23313dcdbfb
p6_A_D300_s29,29,training_set_metastatic_roi_032,0.16666666666666666,3,0f8e1c7808f8031d18a43a9b91343db60588ccf8694a2e41a8f2d23313dcdbfb
p6_A_D300_s29,29,training_set_metastatic_roi_035,0.1,1,0f8e1c7808f8031d18a43a9b91343db60588ccf8694a2e41a8f2d23313dcdbfb
p6_A_D300_s29,29,training_set_metastatic_roi_040,0.1,3,0f8e1c7808f8031d18a43a9b91343db60588ccf8694a2e41a8f2d23313dcdbfb
p6_A_D300_s29,29,training_set_metastatic_roi_046,0.05714285714285715,6,0f8e1c7808f8031d18a43a9b91343db60588ccf8694a2e41a8f2d23313dcdbfb
p6_A_D300_s29,29,training_set_metastatic_roi_047,0.06666666666666667,3,0f8e1c7808f8031d18a43a9b91343db60588ccf8694a2e41a8f2d23313dcdbfb
p6_A_D300_s29,29,training_set_metastatic_roi_049,0.06666666666666667,2,0f8e1c7808f8031d18a43a9b91343db60588ccf8694a2e41a8f2d23313dcdbfb
p6_A_D300_s29,29,training_set_metastatic_roi_056,0.13999999999999999,6,0f8e1c7808f8031d18a43a9b91343db60588ccf8694a2e41a8f2d23313dcdbfb
p6_A_D300_s29,29,training_set_metastatic_roi_061,0.08,6,0f8e1c7808f8031d18a43a9b91343db60588ccf8694a2e41a8f2d23313dcdbfb
p6_A_D300_s29,29,training_set_metastatic_roi_067,0.05,5,0f8e1c7808f8031d18a43a9b91343db60588ccf8694a2e41a8f2d23313dcdbfb
p6_A_D300_s29,29,training_set_metastatic_roi_076,0.0,3,0f8e1c7808f8031d18a43a9b91343db60588ccf8694a2e41a8f2d23313dcdbfb
p6_A_D300_s29,29,training_set_metastatic_roi_080,0.02857142857142857,7,0f8e1c7808f8031d18a43a9b91343db60588ccf8694a2e41a8f2d23313dcdbfb
p6_A_D300_s29,29,training_set_metastatic_roi_081,0.2,3,0f8e1c7808f8031d18a43a9b91343db60588ccf8694a2e41a8f2d23313dcdbfb
p6_A_D300_s29,29,training_set_metastatic_roi_085,0.1,2,0f8e1c7808f8031d18a43a9b91343db60588ccf8694a2e41a8f2d23313dcdbfb
p6_A_D300_s29,29,training_set_metastatic_roi_087,0.1,4,0f8e1c7808f8031d18a43a9b91343db60588ccf8694a2e41a8f2d23313dcdbfb
p6_A_D300_s29,29,training_set_metastatic_roi_093,0.2,2,0f8e1c7808f8031d18a43a9b91343db60588ccf8694a2e41a8f2d23313dcdbfb
p6_A_D300_s29,29,training_set_metastatic_roi_097,0.0,1,0f8e1c7808f8031d18a43a9b91343db60588ccf8694a2e41a8f2d23313dcdbfb
p6_A_D300_s29,29,training_set_metastatic_roi_102,0.1,3,0f8e1c7808f8031d18a43a9b91343db60588ccf8694a2e41a8f2d23313dcdbfb
p6_A_D300_s29,29,training_set_primary_roi_002,0.0,1,0f8e1c7808f8031d18a43a9b91343db60588ccf8694a2e41a8f2d23313dcdbfb
p6_A_D300_s29,29,training_set_primary_roi_006,0.0,3,0f8e1c7808f8031d18a43a9b91343db60588ccf8694a2e41a8f2d23313dcdbfb
p6_A_D300_s29,29,training_set_primary_roi_009,0.0,2,0f8e1c7808f8031d18a43a9b91343db60588ccf8694a2e41a8f2d23313dcdbfb
p6_A_D300_s29,29,training_set_primary_roi_010,0.16666666666666666,6,0f8e1c7808f8031d18a43a9b91343db60588ccf8694a2e41a8f2d23313dcdbfb
p6_A_D300_s29,29,training_set_primary_roi_012,0.05,5,0f8e1c7808f8031d18a43a9b91343db60588ccf8694a2e41a8f2d23313dcdbfb
p6_A_D300_s29,29,training_set_primary_roi_014,0.26666666666666666,5,0f8e1c7808f8031d18a43a9b91343db60588ccf8694a2e41a8f2d23313dcdbfb
p6_A_D300_s29,29,training_set_primary_roi_016,0.35,6,0f8e1c7808f8031d18a43a9b91343db60588ccf8694a2e41a8f2d23313dcdbfb
p6_A_D300_s29,29,training_set_primary_roi_020,0.26666666666666666,4,0f8e1c7808f8031d18a43a9b91343db60588ccf8694a2e41a8f2d23313dcdbfb
p6_A_D300_s29,29,training_set_primary_roi_022,0.2,5,0f8e1c7808f8031d18a43a9b91343db60588ccf8694a2e41a8f2d23313dcdbfb
p6_A_D300_s29,29,training_set_primary_roi_024,0.0,3,0f8e1c7808f8031d18a43a9b91343db60588ccf8694a2e41a8f2d23313dcdbfb
p6_A_D300_s29,29,training_set_primary_roi_029,0.26666666666666666,5,0f8e1c7808f8031d18a43a9b91343db60588ccf8694a2e41a8f2d23313dcdbfb
p6_A_D300_s29,29,training_set_primary_roi_032,0.27999999999999997,5,0f8e1c7808f8031d18a43a9b91343db60588ccf8694a2e41a8f2d23313dcdbfb
p6_A_D300_s29,29,training_set_primary_roi_034,0.13333333333333333,6,0f8e1c7808f8031d18a43a9b91343db60588ccf8694a2e41a8f2d23313dcdbfb
p6_A_D300_s29,29,training_set_primary_roi_036,0.06666666666666667,4,0f8e1c7808f8031d18a43a9b91343db60588ccf8694a2e41a8f2d23313dcdbfb
p6_A_D300_s29,29,training_set_primary_roi_037,0.1,4,0f8e1c7808f8031d18a43a9b91343db60588ccf8694a2e41a8f2d23313dcdbfb
p6_A_D300_s29,29,training_set_primary_roi_040,0.2333333333333333,7,0f8e1c7808f8031d18a43a9b91343db60588ccf8694a2e41a8f2d23313dcdbfb
p6_A_D300_s29,29,training_set_primary_roi_052,0.3238095238095238,9,0f8e1c7808f8031d18a43a9b91343db60588ccf8694a2e41a8f2d23313dcdbfb
p6_A_D300_s29,29,training_set_primary_roi_057,0.14666666666666667,6,0f8e1c7808f8031d18a43a9b91343db60588ccf8694a2e41a8f2d23313dcdbfb
p6_A_D300_s29,29,training_set_primary_roi_058,0.3333333333333333,7,0f8e1c7808f8031d18a43a9b91343db60588ccf8694a2e41a8f2d23313dcdbfb
p6_A_D300_s29,29,training_set_primary_roi_062,0.1,3,0f8e1c7808f8031d18a43a9b91343db60588ccf8694a2e41a8f2d23313dcdbfb
p6_A_D300_s29,29,training_set_primary_roi_064,0.15,5,0f8e1c7808f8031d18a43a9b91343db60588ccf8694a2e41a8f2d23313dcdbfb
p6_A_D300_s29,29,training_set_primary_roi_067,0.26666666666666666,6,0f8e1c7808f8031d18a43a9b91343db60588ccf8694a2e41a8f2d23313dcdbfb
p6_A_D300_s29,29,training_set_primary_roi_068,0.06666666666666667,6,0f8e1c7808f8031d18a43a9b91343db60588ccf8694a2e41a8f2d23313dcdbfb
p6_A_D300_s29,29,training_set_primary_roi_075,0.2,3,0f8e1c7808f8031d18a43a9b91343db60588ccf8694a2e41a8f2d23313dcdbfb
p6_A_D300_s29,29,training_set_primary_roi_082,0.26666666666666666,5,0f8e1c7808f8031d18a43a9b91343db60588ccf8694a2e41a8f2d23313dcdbfb
p6_A_D300_s29,29,training_set_primary_roi_083,0.06666666666666667,5,0f8e1c7808f8031d18a43a9b91343db60588ccf8694a2e41a8f2d23313dcdbfb
p6_A_D300_s29,29,training_set_primary_roi_086,0.06666666666666667,5,0f8e1c7808f8031d18a43a9b91343db60588ccf8694a2e41a8f2d23313dcdbfb
p6_A_D300_s29,29,training_set_primary_roi_091,0.06666666666666667,2,0f8e1c7808f8031d18a43a9b91343db60588ccf8694a2e41a8f2d23313dcdbfb
p6_A_D300_s29,29,training_set_primary_roi_096,0.1,3,0f8e1c7808f8031d18a43a9b91343db60588ccf8694a2e41a8f2d23313dcdbfb
p6_A_D300_s29,29,training_set_primary_roi_098,0.1,3,0f8e1c7808f8031d18a43a9b91343db60588ccf8694a2e41a8f2d23313dcdbfb
p6_A_D300_s43,43,training_set_metastatic_roi_001,0.1,2,8a5e7562b1a44bb4d0f503e78a875a253174e84a17c7b5609ce9b2b393a253ee
p6_A_D300_s43,43,training_set_metastatic_roi_002,0.0,2,8a5e7562b1a44bb4d0f503e78a875a253174e84a17c7b5609ce9b2b393a253ee
p6_A_D300_s43,43,training_set_metastatic_roi_015,0.1,2,8a5e7562b1a44bb4d0f503e78a875a253174e84a17c7b5609ce9b2b393a253ee
p6_A_D300_s43,43,training_set_metastatic_roi_018,0.11666666666666665,5,8a5e7562b1a44bb4d0f503e78a875a253174e84a17c7b5609ce9b2b393a253ee
p6_A_D300_s43,43,training_set_metastatic_roi_020,0.2,3,8a5e7562b1a44bb4d0f503e78a875a253174e84a17c7b5609ce9b2b393a253ee
p6_A_D300_s43,43,training_set_metastatic_roi_023,0.16666666666666666,3,8a5e7562b1a44bb4d0f503e78a875a253174e84a17c7b5609ce9b2b393a253ee
p6_A_D300_s43,43,training_set_metastatic_roi_029,0.16666666666666666,3,8a5e7562b1a44bb4d0f503e78a875a253174e84a17c7b5609ce9b2b393a253ee
p6_A_D300_s43,43,training_set_metastatic_roi_030,0.0,4,8a5e7562b1a44bb4d0f503e78a875a253174e84a17c7b5609ce9b2b393a253ee
p6_A_D300_s43,43,training_set_metastatic_roi_031,0.06666666666666667,2,8a5e7562b1a44bb4d0f503e78a875a253174e84a17c7b5609ce9b2b393a253ee
p6_A_D300_s43,43,training_set_metastatic_roi_032,0.06666666666666667,3,8a5e7562b1a44bb4d0f503e78a875a253174e84a17c7b5609ce9b2b393a253ee
p6_A_D300_s43,43,training_set_metastatic_roi_035,0.1,1,8a5e7562b1a44bb4d0f503e78a875a253174e84a17c7b5609ce9b2b393a253ee
p6_A_D300_s43,43,training_set_metastatic_roi_040,0.1,3,8a5e7562b1a44bb4d0f503e78a875a253174e84a17c7b5609ce9b2b393a253ee
p6_A_D300_s43,43,training_set_metastatic_roi_046,0.05714285714285715,6,8a5e7562b1a44bb4d0f503e78a875a253174e84a17c7b5609ce9b2b393a253ee
p6_A_D300_s43,43,training_set_metastatic_roi_047,0.1,3,8a5e7562b1a44bb4d0f503e78a875a253174e84a17c7b5609ce9b2b393a253ee
p6_A_D300_s43,43,training_set_metastatic_roi_049,0.06666666666666667,2,8a5e7562b1a44bb4d0f503e78a875a253174e84a17c7b5609ce9b2b393a253ee
p6_A_D300_s43,43,training_set_metastatic_roi_056,0.08,6,8a5e7562b1a44bb4d0f503e78a875a253174e84a17c7b5609ce9b2b393a253ee
p6_A_D300_s43,43,training_set_metastatic_roi_061,0.21666666666666665,6,8a5e7562b1a44bb4d0f503e78a875a253174e84a17c7b5609ce9b2b393a253ee
p6_A_D300_s43,43,training_set_metastatic_roi_067,0.05,5,8a5e7562b1a44bb4d0f503e78a875a253174e84a17c7b5609ce9b2b393a253ee
p6_A_D300_s43,43,training_set_metastatic_roi_076,0.0,3,8a5e7562b1a44bb4d0f503e78a875a253174e84a17c7b5609ce9b2b393a253ee
p6_A_D300_s43,43,training_set_metastatic_roi_080,0.24,7,8a5e7562b1a44bb4d0f503e78a875a253174e84a17c7b5609ce9b2b393a253ee
p6_A_D300_s43,43,training_set_metastatic_roi_081,0.2,3,8a5e7562b1a44bb4d0f503e78a875a253174e84a17c7b5609ce9b2b393a253ee
p6_A_D300_s43,43,training_set_metastatic_roi_085,0.1,2,8a5e7562b1a44bb4d0f503e78a875a253174e84a17c7b5609ce9b2b393a253ee
p6_A_D300_s43,43,training_set_metastatic_roi_087,0.1,4,8a5e7562b1a44bb4d0f503e78a875a253174e84a17c7b5609ce9b2b393a253ee
p6_A_D300_s43,43,training_set_metastatic_roi_093,0.2,2,8a5e7562b1a44bb4d0f503e78a875a253174e84a17c7b5609ce9b2b393a253ee
p6_A_D300_s43,43,training_set_metastatic_roi_097,0.0,1,8a5e7562b1a44bb4d0f503e78a875a253174e84a17c7b5609ce9b2b393a253ee
p6_A_D300_s43,43,training_set_metastatic_roi_102,0.05,3,8a5e7562b1a44bb4d0f503e78a875a253174e84a17c7b5609ce9b2b393a253ee
p6_A_D300_s43,43,training_set_primary_roi_002,0.0,1,8a5e7562b1a44bb4d0f503e78a875a253174e84a17c7b5609ce9b2b393a253ee
p6_A_D300_s43,43,training_set_primary_roi_006,0.16666666666666666,3,8a5e7562b1a44bb4d0f503e78a875a253174e84a17c7b5609ce9b2b393a253ee
p6_A_D300_s43,43,training_set_primary_roi_009,0.0,2,8a5e7562b1a44bb4d0f503e78a875a253174e84a17c7b5609ce9b2b393a253ee
p6_A_D300_s43,43,training_set_primary_roi_010,0.16666666666666666,6,8a5e7562b1a44bb4d0f503e78a875a253174e84a17c7b5609ce9b2b393a253ee
p6_A_D300_s43,43,training_set_primary_roi_012,0.05,5,8a5e7562b1a44bb4d0f503e78a875a253174e84a17c7b5609ce9b2b393a253ee
p6_A_D300_s43,43,training_set_primary_roi_014,0.25,5,8a5e7562b1a44bb4d0f503e78a875a253174e84a17c7b5609ce9b2b393a253ee
p6_A_D300_s43,43,training_set_primary_roi_016,0.35,6,8a5e7562b1a44bb4d0f503e78a875a253174e84a17c7b5609ce9b2b393a253ee
p6_A_D300_s43,43,training_set_primary_roi_020,0.26666666666666666,4,8a5e7562b1a44bb4d0f503e78a875a253174e84a17c7b5609ce9b2b393a253ee
p6_A_D300_s43,43,training_set_primary_roi_022,0.2,5,8a5e7562b1a44bb4d0f503e78a875a253174e84a17c7b5609ce9b2b393a253ee
p6_A_D300_s43,43,training_set_primary_roi_024,0.06666666666666667,3,8a5e7562b1a44bb4d0f503e78a875a253174e84a17c7b5609ce9b2b393a253ee
p6_A_D300_s43,43,training_set_primary_roi_029,0.16666666666666666,5,8a5e7562b1a44bb4d0f503e78a875a253174e84a17c7b5609ce9b2b393a253ee
p6_A_D300_s43,43,training_set_primary_roi_032,0.27999999999999997,5,8a5e7562b1a44bb4d0f503e78a875a253174e84a17c7b5609ce9b2b393a253ee
p6_A_D300_s43,43,training_set_primary_roi_034,0.03333333333333334,6,8a5e7562b1a44bb4d0f503e78a875a253174e84a17c7b5609ce9b2b393a253ee
p6_A_D300_s43,43,training_set_primary_roi_036,0.06666666666666667,4,8a5e7562b1a44bb4d0f503e78a875a253174e84a17c7b5609ce9b2b393a253ee
p6_A_D300_s43,43,training_set_primary_roi_037,0.2,4,8a5e7562b1a44bb4d0f503e78a875a253174e84a17c7b5609ce9b2b393a253ee
p6_A_D300_s43,43,training_set_primary_roi_040,0.06666666666666667,7,8a5e7562b1a44bb4d0f503e78a875a253174e84a17c7b5609ce9b2b393a253ee
p6_A_D300_s43,43,training_set_primary_roi_052,0.15714285714285717,9,8a5e7562b1a44bb4d0f503e78a875a253174e84a17c7b5609ce9b2b393a253ee
p6_A_D300_s43,43,training_set_primary_roi_057,0.27999999999999997,6,8a5e7562b1a44bb4d0f503e78a875a253174e84a17c7b5609ce9b2b393a253ee
p6_A_D300_s43,43,training_set_primary_roi_058,0.2,7,8a5e7562b1a44bb4d0f503e78a875a253174e84a17c7b5609ce9b2b393a253ee
p6_A_D300_s43,43,training_set_primary_roi_062,0.1,3,8a5e7562b1a44bb4d0f503e78a875a253174e84a17c7b5609ce9b2b393a253ee
p6_A_D300_s43,43,training_set_primary_roi_064,0.3,5,8a5e7562b1a44bb4d0f503e78a875a253174e84a17c7b5609ce9b2b393a253ee
p6_A_D300_s43,43,training_set_primary_roi_067,0.36666666666666664,6,8a5e7562b1a44bb4d0f503e78a875a253174e84a17c7b5609ce9b2b393a253ee
p6_A_D300_s43,43,training_set_primary_roi_068,0.06666666666666667,6,8a5e7562b1a44bb4d0f503e78a875a253174e84a17c7b5609ce9b2b393a253ee
p6_A_D300_s43,43,training_set_primary_roi_075,0.1,3,8a5e7562b1a44bb4d0f503e78a875a253174e84a17c7b5609ce9b2b393a253ee
p6_A_D300_s43,43,training_set_primary_roi_082,0.26666666666666666,5,8a5e7562b1a44bb4d0f503e78a875a253174e84a17c7b5609ce9b2b393a253ee
p6_A_D300_s43,43,training_set_primary_roi_083,0.2,5,8a5e7562b1a44bb4d0f503e78a875a253174e84a17c7b5609ce9b2b393a253ee
p6_A_D300_s43,43,training_set_primary_roi_086,0.06666666666666667,5,8a5e7562b1a44bb4d0f503e78a875a253174e84a17c7b5609ce9b2b393a253ee
p6_A_D300_s43,43,training_set_primary_roi_091,0.2,2,8a5e7562b1a44bb4d0f503e78a875a253174e84a17c7b5609ce9b2b393a253ee
p6_A_D300_s43,43,training_set_primary_roi_096,0.1,3,8a5e7562b1a44bb4d0f503e78a875a253174e84a17c7b5609ce9b2b393a253ee
p6_A_D300_s43,43,training_set_primary_roi_098,0.1,3,8a5e7562b1a44bb4d0f503e78a875a253174e84a17c7b5609ce9b2b393a253ee
p6_A_D600_s17,17,training_set_metastatic_roi_001,0.1,2,e717e476cd3b241f5e08f13f7a2e856e39db3f8f39c596761ec5677727d46d89
p6_A_D600_s17,17,training_set_metastatic_roi_002,0.0,2,e717e476cd3b241f5e08f13f7a2e856e39db3f8f39c596761ec5677727d46d89
p6_A_D600_s17,17,training_set_metastatic_roi_015,0.06666666666666667,2,e717e476cd3b241f5e08f13f7a2e856e39db3f8f39c596761ec5677727d46d89
p6_A_D600_s17,17,training_set_metastatic_roi_018,0.11666666666666665,5,e717e476cd3b241f5e08f13f7a2e856e39db3f8f39c596761ec5677727d46d89
p6_A_D600_s17,17,training_set_metastatic_roi_020,0.2,3,e717e476cd3b241f5e08f13f7a2e856e39db3f8f39c596761ec5677727d46d89
p6_A_D600_s17,17,training_set_metastatic_roi_023,0.05,3,e717e476cd3b241f5e08f13f7a2e856e39db3f8f39c596761ec5677727d46d89
p6_A_D600_s17,17,training_set_metastatic_roi_029,0.3,3,e717e476cd3b241f5e08f13f7a2e856e39db3f8f39c596761ec5677727d46d89
p6_A_D600_s17,17,training_set_metastatic_roi_030,0.0,4,e717e476cd3b241f5e08f13f7a2e856e39db3f8f39c596761ec5677727d46d89
p6_A_D600_s17,17,training_set_metastatic_roi_031,0.0,2,e717e476cd3b241f5e08f13f7a2e856e39db3f8f39c596761ec5677727d46d89
p6_A_D600_s17,17,training_set_metastatic_roi_032,0.06666666666666667,3,e717e476cd3b241f5e08f13f7a2e856e39db3f8f39c596761ec5677727d46d89
p6_A_D600_s17,17,training_set_metastatic_roi_035,0.1,1,e717e476cd3b241f5e08f13f7a2e856e39db3f8f39c596761ec5677727d46d89
p6_A_D600_s17,17,training_set_metastatic_roi_040,0.06666666666666667,3,e717e476cd3b241f5e08f13f7a2e856e39db3f8f39c596761ec5677727d46d89
p6_A_D600_s17,17,training_set_metastatic_roi_046,0.05714285714285715,6,e717e476cd3b241f5e08f13f7a2e856e39db3f8f39c596761ec5677727d46d89
p6_A_D600_s17,17,training_set_metastatic_roi_047,0.06666666666666667,3,e717e476cd3b241f5e08f13f7a2e856e39db3f8f39c596761ec5677727d46d89
p6_A_D600_s17,17,training_set_metastatic_roi_049,0.2,2,e717e476cd3b241f5e08f13f7a2e856e39db3f8f39c596761ec5677727d46d89
p6_A_D600_s17,17,training_set_metastatic_roi_056,0.16666666666666666,6,e717e476cd3b241f5e08f13f7a2e856e39db3f8f39c596761ec5677727d46d89
p6_A_D600_s17,17,training_set_metastatic_roi_061,0.10666666666666666,6,e717e476cd3b241f5e08f13f7a2e856e39db3f8f39c596761ec5677727d46d89
p6_A_D600_s17,17,training_set_metastatic_roi_067,0.2,5,e717e476cd3b241f5e08f13f7a2e856e39db3f8f39c596761ec5677727d46d89
p6_A_D600_s17,17,training_set_metastatic_roi_076,0.0,3,e717e476cd3b241f5e08f13f7a2e856e39db3f8f39c596761ec5677727d46d89
p6_A_D600_s17,17,training_set_metastatic_roi_080,0.1,7,e717e476cd3b241f5e08f13f7a2e856e39db3f8f39c596761ec5677727d46d89
p6_A_D600_s17,17,training_set_metastatic_roi_081,0.16666666666666666,3,e717e476cd3b241f5e08f13f7a2e856e39db3f8f39c596761ec5677727d46d89
p6_A_D600_s17,17,training_set_metastatic_roi_085,0.2,2,e717e476cd3b241f5e08f13f7a2e856e39db3f8f39c596761ec5677727d46d89
p6_A_D600_s17,17,training_set_metastatic_roi_087,0.3,4,e717e476cd3b241f5e08f13f7a2e856e39db3f8f39c596761ec5677727d46d89
p6_A_D600_s17,17,training_set_metastatic_roi_093,0.1,2,e717e476cd3b241f5e08f13f7a2e856e39db3f8f39c596761ec5677727d46d89
p6_A_D600_s17,17,training_set_metastatic_roi_097,0.0,1,e717e476cd3b241f5e08f13f7a2e856e39db3f8f39c596761ec5677727d46d89
p6_A_D600_s17,17,training_set_metastatic_roi_102,0.1,3,e717e476cd3b241f5e08f13f7a2e856e39db3f8f39c596761ec5677727d46d89
p6_A_D600_s17,17,training_set_primary_roi_002,0.0,1,e717e476cd3b241f5e08f13f7a2e856e39db3f8f39c596761ec5677727d46d89
p6_A_D600_s17,17,training_set_primary_roi_006,0.05,3,e717e476cd3b241f5e08f13f7a2e856e39db3f8f39c596761ec5677727d46d89
p6_A_D600_s17,17,training_set_primary_roi_009,0.0,2,e717e476cd3b241f5e08f13f7a2e856e39db3f8f39c596761ec5677727d46d89
p6_A_D600_s17,17,training_set_primary_roi_010,0.16666666666666666,6,e717e476cd3b241f5e08f13f7a2e856e39db3f8f39c596761ec5677727d46d89
p6_A_D600_s17,17,training_set_primary_roi_012,0.04,5,e717e476cd3b241f5e08f13f7a2e856e39db3f8f39c596761ec5677727d46d89
p6_A_D600_s17,17,training_set_primary_roi_014,0.26666666666666666,5,e717e476cd3b241f5e08f13f7a2e856e39db3f8f39c596761ec5677727d46d89
p6_A_D600_s17,17,training_set_primary_roi_016,0.35,6,e717e476cd3b241f5e08f13f7a2e856e39db3f8f39c596761ec5677727d46d89
p6_A_D600_s17,17,training_set_primary_roi_020,0.13333333333333333,4,e717e476cd3b241f5e08f13f7a2e856e39db3f8f39c596761ec5677727d46d89
p6_A_D600_s17,17,training_set_primary_roi_022,0.1,5,e717e476cd3b241f5e08f13f7a2e856e39db3f8f39c596761ec5677727d46d89
p6_A_D600_s17,17,training_set_primary_roi_024,0.06666666666666667,3,e717e476cd3b241f5e08f13f7a2e856e39db3f8f39c596761ec5677727d46d89
p6_A_D600_s17,17,training_set_primary_roi_029,0.26666666666666666,5,e717e476cd3b241f5e08f13f7a2e856e39db3f8f39c596761ec5677727d46d89
p6_A_D600_s17,17,training_set_primary_roi_032,0.27999999999999997,5,e717e476cd3b241f5e08f13f7a2e856e39db3f8f39c596761ec5677727d46d89
p6_A_D600_s17,17,training_set_primary_roi_034,0.0,6,e717e476cd3b241f5e08f13f7a2e856e39db3f8f39c596761ec5677727d46d89
p6_A_D600_s17,17,training_set_primary_roi_036,0.16666666666666666,4,e717e476cd3b241f5e08f13f7a2e856e39db3f8f39c596761ec5677727d46d89
p6_A_D600_s17,17,training_set_primary_roi_037,0.2,4,e717e476cd3b241f5e08f13f7a2e856e39db3f8f39c596761ec5677727d46d89
p6_A_D600_s17,17,training_set_primary_roi_040,0.13333333333333333,7,e717e476cd3b241f5e08f13f7a2e856e39db3f8f39c596761ec5677727d46d89
p6_A_D600_s17,17,training_set_primary_roi_052,0.16666666666666666,9,e717e476cd3b241f5e08f13f7a2e856e39db3f8f39c596761ec5677727d46d89
p6_A_D600_s17,17,training_set_primary_roi_057,0.25,6,e717e476cd3b241f5e08f13f7a2e856e39db3f8f39c596761ec5677727d46d89
p6_A_D600_s17,17,training_set_primary_roi_058,0.13333333333333333,7,e717e476cd3b241f5e08f13f7a2e856e39db3f8f39c596761ec5677727d46d89
p6_A_D600_s17,17,training_set_primary_roi_062,0.1,3,e717e476cd3b241f5e08f13f7a2e856e39db3f8f39c596761ec5677727d46d89
p6_A_D600_s17,17,training_set_primary_roi_064,0.16666666666666666,5,e717e476cd3b241f5e08f13f7a2e856e39db3f8f39c596761ec5677727d46d89
p6_A_D600_s17,17,training_set_primary_roi_067,0.26666666666666666,6,e717e476cd3b241f5e08f13f7a2e856e39db3f8f39c596761ec5677727d46d89
p6_A_D600_s17,17,training_set_primary_roi_068,0.13333333333333333,6,e717e476cd3b241f5e08f13f7a2e856e39db3f8f39c596761ec5677727d46d89
p6_A_D600_s17,17,training_set_primary_roi_075,0.2,3,e717e476cd3b241f5e08f13f7a2e856e39db3f8f39c596761ec5677727d46d89
p6_A_D600_s17,17,training_set_primary_roi_082,0.2,5,e717e476cd3b241f5e08f13f7a2e856e39db3f8f39c596761ec5677727d46d89
p6_A_D600_s17,17,training_set_primary_roi_083,0.3,5,e717e476cd3b241f5e08f13f7a2e856e39db3f8f39c596761ec5677727d46d89
p6_A_D600_s17,17,training_set_primary_roi_086,0.16666666666666666,5,e717e476cd3b241f5e08f13f7a2e856e39db3f8f39c596761ec5677727d46d89
p6_A_D600_s17,17,training_set_primary_roi_091,0.06666666666666667,2,e717e476cd3b241f5e08f13f7a2e856e39db3f8f39c596761ec5677727d46d89
p6_A_D600_s17,17,training_set_primary_roi_096,0.1,3,e717e476cd3b241f5e08f13f7a2e856e39db3f8f39c596761ec5677727d46d89
p6_A_D600_s17,17,training_set_primary_roi_098,0.1,3,e717e476cd3b241f5e08f13f7a2e856e39db3f8f39c596761ec5677727d46d89
p6_A_D600_s29,29,training_set_metastatic_roi_001,0.1,2,b6acdaf54dcf0d1251af157f21cf5f60dff65c6b695e3f5d165520486c78f24c
p6_A_D600_s29,29,training_set_metastatic_roi_002,0.0,2,b6acdaf54dcf0d1251af157f21cf5f60dff65c6b695e3f5d165520486c78f24c
p6_A_D600_s29,29,training_set_metastatic_roi_015,0.2,2,b6acdaf54dcf0d1251af157f21cf5f60dff65c6b695e3f5d165520486c78f24c
p6_A_D600_s29,29,training_set_metastatic_roi_018,0.06666666666666667,5,b6acdaf54dcf0d1251af157f21cf5f60dff65c6b695e3f5d165520486c78f24c
p6_A_D600_s29,29,training_set_metastatic_roi_020,0.2,3,b6acdaf54dcf0d1251af157f21cf5f60dff65c6b695e3f5d165520486c78f24c
p6_A_D600_s29,29,training_set_metastatic_roi_023,0.16666666666666666,3,b6acdaf54dcf0d1251af157f21cf5f60dff65c6b695e3f5d165520486c78f24c
p6_A_D600_s29,29,training_set_metastatic_roi_029,0.16666666666666666,3,b6acdaf54dcf0d1251af157f21cf5f60dff65c6b695e3f5d165520486c78f24c
p6_A_D600_s29,29,training_set_metastatic_roi_030,0.06666666666666667,4,b6acdaf54dcf0d1251af157f21cf5f60dff65c6b695e3f5d165520486c78f24c
p6_A_D600_s29,29,training_set_metastatic_roi_031,0.0,2,b6acdaf54dcf0d1251af157f21cf5f60dff65c6b695e3f5d165520486c78f24c
p6_A_D600_s29,29,training_set_metastatic_roi_032,0.0,3,b6acdaf54dcf0d1251af157f21cf5f60dff65c6b695e3f5d165520486c78f24c
p6_A_D600_s29,29,training_set_metastatic_roi_035,0.1,1,b6acdaf54dcf0d1251af157f21cf5f60dff65c6b695e3f5d165520486c78f24c
p6_A_D600_s29,29,training_set_metastatic_roi_040,0.1,3,b6acdaf54dcf0d1251af157f21cf5f60dff65c6b695e3f5d165520486c78f24c
p6_A_D600_s29,29,training_set_metastatic_roi_046,0.05714285714285715,6,b6acdaf54dcf0d1251af157f21cf5f60dff65c6b695e3f5d165520486c78f24c
p6_A_D600_s29,29,training_set_metastatic_roi_047,0.06666666666666667,3,b6acdaf54dcf0d1251af157f21cf5f60dff65c6b695e3f5d165520486c78f24c
p6_A_D600_s29,29,training_set_metastatic_roi_049,0.2,2,b6acdaf54dcf0d1251af157f21cf5f60dff65c6b695e3f5d165520486c78f24c
p6_A_D600_s29,29,training_set_metastatic_roi_056,0.1833333333333333,6,b6acdaf54dcf0d1251af157f21cf5f60dff65c6b695e3f5d165520486c78f24c
p6_A_D600_s29,29,training_set_metastatic_roi_061,0.05,6,b6acdaf54dcf0d1251af157f21cf5f60dff65c6b695e3f5d165520486c78f24c
p6_A_D600_s29,29,training_set_metastatic_roi_067,0.06666666666666667,5,b6acdaf54dcf0d1251af157f21cf5f60dff65c6b695e3f5d165520486c78f24c
p6_A_D600_s29,29,training_set_metastatic_roi_076,0.0,3,b6acdaf54dcf0d1251af157f21cf5f60dff65c6b695e3f5d165520486c78f24c
p6_A_D600_s29,29,training_set_metastatic_roi_080,0.33999999999999997,7,b6acdaf54dcf0d1251af157f21cf5f60dff65c6b695e3f5d165520486c78f24c
p6_A_D600_s29,29,training_set_metastatic_roi_081,0.16666666666666666,3,b6acdaf54dcf0d1251af157f21cf5f60dff65c6b695e3f5d165520486c78f24c
p6_A_D600_s29,29,training_set_metastatic_roi_085,0.2,2,b6acdaf54dcf0d1251af157f21cf5f60dff65c6b695e3f5d165520486c78f24c
p6_A_D600_s29,29,training_set_metastatic_roi_087,0.16666666666666666,4,b6acdaf54dcf0d1251af157f21cf5f60dff65c6b695e3f5d165520486c78f24c
p6_A_D600_s29,29,training_set_metastatic_roi_093,0.1,2,b6acdaf54dcf0d1251af157f21cf5f60dff65c6b695e3f5d165520486c78f24c
p6_A_D600_s29,29,training_set_metastatic_roi_097,0.0,1,b6acdaf54dcf0d1251af157f21cf5f60dff65c6b695e3f5d165520486c78f24c
p6_A_D600_s29,29,training_set_metastatic_roi_102,0.06666666666666667,3,b6acdaf54dcf0d1251af157f21cf5f60dff65c6b695e3f5d165520486c78f24c
p6_A_D600_s29,29,training_set_primary_roi_002,0.0,1,b6acdaf54dcf0d1251af157f21cf5f60dff65c6b695e3f5d165520486c78f24c
p6_A_D600_s29,29,training_set_primary_roi_006,0.05,3,b6acdaf54dcf0d1251af157f21cf5f60dff65c6b695e3f5d165520486c78f24c
p6_A_D600_s29,29,training_set_primary_roi_009,0.0,2,b6acdaf54dcf0d1251af157f21cf5f60dff65c6b695e3f5d165520486c78f24c
p6_A_D600_s29,29,training_set_primary_roi_010,0.16666666666666666,6,b6acdaf54dcf0d1251af157f21cf5f60dff65c6b695e3f5d165520486c78f24c
p6_A_D600_s29,29,training_set_primary_roi_012,0.05,5,b6acdaf54dcf0d1251af157f21cf5f60dff65c6b695e3f5d165520486c78f24c
p6_A_D600_s29,29,training_set_primary_roi_014,0.36666666666666664,5,b6acdaf54dcf0d1251af157f21cf5f60dff65c6b695e3f5d165520486c78f24c
p6_A_D600_s29,29,training_set_primary_roi_016,0.35,6,b6acdaf54dcf0d1251af157f21cf5f60dff65c6b695e3f5d165520486c78f24c
p6_A_D600_s29,29,training_set_primary_roi_020,0.3,4,b6acdaf54dcf0d1251af157f21cf5f60dff65c6b695e3f5d165520486c78f24c
p6_A_D600_s29,29,training_set_primary_roi_022,0.2,5,b6acdaf54dcf0d1251af157f21cf5f60dff65c6b695e3f5d165520486c78f24c
p6_A_D600_s29,29,training_set_primary_roi_024,0.0,3,b6acdaf54dcf0d1251af157f21cf5f60dff65c6b695e3f5d165520486c78f24c
p6_A_D600_s29,29,training_set_primary_roi_029,0.3,5,b6acdaf54dcf0d1251af157f21cf5f60dff65c6b695e3f5d165520486c78f24c
p6_A_D600_s29,29,training_set_primary_roi_032,0.18,5,b6acdaf54dcf0d1251af157f21cf5f60dff65c6b695e3f5d165520486c78f24c
p6_A_D600_s29,29,training_set_primary_roi_034,0.13333333333333333,6,b6acdaf54dcf0d1251af157f21cf5f60dff65c6b695e3f5d165520486c78f24c
p6_A_D600_s29,29,training_set_primary_roi_036,0.06666666666666667,4,b6acdaf54dcf0d1251af157f21cf5f60dff65c6b695e3f5d165520486c78f24c
p6_A_D600_s29,29,training_set_primary_roi_037,0.1,4,b6acdaf54dcf0d1251af157f21cf5f60dff65c6b695e3f5d165520486c78f24c
p6_A_D600_s29,29,training_set_primary_roi_040,0.2833333333333333,7,b6acdaf54dcf0d1251af157f21cf5f60dff65c6b695e3f5d165520486c78f24c
p6_A_D600_s29,29,training_set_primary_roi_052,0.35,9,b6acdaf54dcf0d1251af157f21cf5f60dff65c6b695e3f5d165520486c78f24c
p6_A_D600_s29,29,training_set_primary_roi_057,0.15,6,b6acdaf54dcf0d1251af157f21cf5f60dff65c6b695e3f5d165520486c78f24c
p6_A_D600_s29,29,training_set_primary_roi_058,0.15,7,b6acdaf54dcf0d1251af157f21cf5f60dff65c6b695e3f5d165520486c78f24c
p6_A_D600_s29,29,training_set_primary_roi_062,0.1,3,b6acdaf54dcf0d1251af157f21cf5f60dff65c6b695e3f5d165520486c78f24c
p6_A_D600_s29,29,training_set_primary_roi_064,0.15,5,b6acdaf54dcf0d1251af157f21cf5f60dff65c6b695e3f5d165520486c78f24c
p6_A_D600_s29,29,training_set_primary_roi_067,0.1,6,b6acdaf54dcf0d1251af157f21cf5f60dff65c6b695e3f5d165520486c78f24c
p6_A_D600_s29,29,training_set_primary_roi_068,0.06666666666666667,6,b6acdaf54dcf0d1251af157f21cf5f60dff65c6b695e3f5d165520486c78f24c
p6_A_D600_s29,29,training_set_primary_roi_075,0.2,3,b6acdaf54dcf0d1251af157f21cf5f60dff65c6b695e3f5d165520486c78f24c
p6_A_D600_s29,29,training_set_primary_roi_082,0.21666666666666665,5,b6acdaf54dcf0d1251af157f21cf5f60dff65c6b695e3f5d165520486c78f24c
p6_A_D600_s29,29,training_set_primary_roi_083,0.26666666666666666,5,b6acdaf54dcf0d1251af157f21cf5f60dff65c6b695e3f5d165520486c78f24c
p6_A_D600_s29,29,training_set_primary_roi_086,0.2333333333333333,5,b6acdaf54dcf0d1251af157f21cf5f60dff65c6b695e3f5d165520486c78f24c
p6_A_D600_s29,29,training_set_primary_roi_091,0.06666666666666667,2,b6acdaf54dcf0d1251af157f21cf5f60dff65c6b695e3f5d165520486c78f24c
p6_A_D600_s29,29,training_set_primary_roi_096,0.1,3,b6acdaf54dcf0d1251af157f21cf5f60dff65c6b695e3f5d165520486c78f24c
p6_A_D600_s29,29,training_set_primary_roi_098,0.1,3,b6acdaf54dcf0d1251af157f21cf5f60dff65c6b695e3f5d165520486c78f24c
p6_A_D600_s43,43,training_set_metastatic_roi_001,0.0,2,08259967b0e9dac99686cc6aa0bbb85da23304909193924300f574681f243e06
p6_A_D600_s43,43,training_set_metastatic_roi_002,0.0,2,08259967b0e9dac99686cc6aa0bbb85da23304909193924300f574681f243e06
p6_A_D600_s43,43,training_set_metastatic_roi_015,0.1,2,08259967b0e9dac99686cc6aa0bbb85da23304909193924300f574681f243e06
p6_A_D600_s43,43,training_set_metastatic_roi_018,0.05,5,08259967b0e9dac99686cc6aa0bbb85da23304909193924300f574681f243e06
p6_A_D600_s43,43,training_set_metastatic_roi_020,0.2,3,08259967b0e9dac99686cc6aa0bbb85da23304909193924300f574681f243e06
p6_A_D600_s43,43,training_set_metastatic_roi_023,0.16666666666666666,3,08259967b0e9dac99686cc6aa0bbb85da23304909193924300f574681f243e06
p6_A_D600_s43,43,training_set_metastatic_roi_029,0.3,3,08259967b0e9dac99686cc6aa0bbb85da23304909193924300f574681f243e06
p6_A_D600_s43,43,training_set_metastatic_roi_030,0.06666666666666667,4,08259967b0e9dac99686cc6aa0bbb85da23304909193924300f574681f243e06
p6_A_D600_s43,43,training_set_metastatic_roi_031,0.0,2,08259967b0e9dac99686cc6aa0bbb85da23304909193924300f574681f243e06
p6_A_D600_s43,43,training_set_metastatic_roi_032,0.06666666666666667,3,08259967b0e9dac99686cc6aa0bbb85da23304909193924300f574681f243e06
p6_A_D600_s43,43,training_set_metastatic_roi_035,0.1,1,08259967b0e9dac99686cc6aa0bbb85da23304909193924300f574681f243e06
p6_A_D600_s43,43,training_set_metastatic_roi_040,0.1,3,08259967b0e9dac99686cc6aa0bbb85da23304909193924300f574681f243e06
p6_A_D600_s43,43,training_set_metastatic_roi_046,0.05714285714285715,6,08259967b0e9dac99686cc6aa0bbb85da23304909193924300f574681f243e06
p6_A_D600_s43,43,training_set_metastatic_roi_047,0.06666666666666667,3,08259967b0e9dac99686cc6aa0bbb85da23304909193924300f574681f243e06
p6_A_D600_s43,43,training_set_metastatic_roi_049,0.06666666666666667,2,08259967b0e9dac99686cc6aa0bbb85da23304909193924300f574681f243e06
p6_A_D600_s43,43,training_set_metastatic_roi_056,0.21666666666666665,6,08259967b0e9dac99686cc6aa0bbb85da23304909193924300f574681f243e06
p6_A_D600_s43,43,training_set_metastatic_roi_061,0.10666666666666666,6,08259967b0e9dac99686cc6aa0bbb85da23304909193924300f574681f243e06
p6_A_D600_s43,43,training_set_metastatic_roi_067,0.06666666666666667,5,08259967b0e9dac99686cc6aa0bbb85da23304909193924300f574681f243e06
p6_A_D600_s43,43,training_set_metastatic_roi_076,0.0,3,08259967b0e9dac99686cc6aa0bbb85da23304909193924300f574681f243e06
p6_A_D600_s43,43,training_set_metastatic_roi_080,0.20666666666666664,7,08259967b0e9dac99686cc6aa0bbb85da23304909193924300f574681f243e06
p6_A_D600_s43,43,training_set_metastatic_roi_081,0.2,3,08259967b0e9dac99686cc6aa0bbb85da23304909193924300f574681f243e06
p6_A_D600_s43,43,training_set_metastatic_roi_085,0.1,2,08259967b0e9dac99686cc6aa0bbb85da23304909193924300f574681f243e06
p6_A_D600_s43,43,training_set_metastatic_roi_087,0.1,4,08259967b0e9dac99686cc6aa0bbb85da23304909193924300f574681f243e06
p6_A_D600_s43,43,training_set_metastatic_roi_093,0.1,2,08259967b0e9dac99686cc6aa0bbb85da23304909193924300f574681f243e06
p6_A_D600_s43,43,training_set_metastatic_roi_097,0.0,1,08259967b0e9dac99686cc6aa0bbb85da23304909193924300f574681f243e06
p6_A_D600_s43,43,training_set_metastatic_roi_102,0.06666666666666667,3,08259967b0e9dac99686cc6aa0bbb85da23304909193924300f574681f243e06
p6_A_D600_s43,43,training_set_primary_roi_002,0.0,1,08259967b0e9dac99686cc6aa0bbb85da23304909193924300f574681f243e06
p6_A_D600_s43,43,training_set_primary_roi_006,0.05,3,08259967b0e9dac99686cc6aa0bbb85da23304909193924300f574681f243e06
p6_A_D600_s43,43,training_set_primary_roi_009,0.0,2,08259967b0e9dac99686cc6aa0bbb85da23304909193924300f574681f243e06
p6_A_D600_s43,43,training_set_primary_roi_010,0.15,6,08259967b0e9dac99686cc6aa0bbb85da23304909193924300f574681f243e06
p6_A_D600_s43,43,training_set_primary_roi_012,0.05,5,08259967b0e9dac99686cc6aa0bbb85da23304909193924300f574681f243e06
p6_A_D600_s43,43,training_set_primary_roi_014,0.25,5,08259967b0e9dac99686cc6aa0bbb85da23304909193924300f574681f243e06
p6_A_D600_s43,43,training_set_primary_roi_016,0.4666666666666666,6,08259967b0e9dac99686cc6aa0bbb85da23304909193924300f574681f243e06
p6_A_D600_s43,43,training_set_primary_roi_020,0.13333333333333333,4,08259967b0e9dac99686cc6aa0bbb85da23304909193924300f574681f243e06
p6_A_D600_s43,43,training_set_primary_roi_022,0.08,5,08259967b0e9dac99686cc6aa0bbb85da23304909193924300f574681f243e06
p6_A_D600_s43,43,training_set_primary_roi_024,0.1,3,08259967b0e9dac99686cc6aa0bbb85da23304909193924300f574681f243e06
p6_A_D600_s43,43,training_set_primary_roi_029,0.13333333333333333,5,08259967b0e9dac99686cc6aa0bbb85da23304909193924300f574681f243e06
p6_A_D600_s43,43,training_set_primary_roi_032,0.16666666666666666,5,08259967b0e9dac99686cc6aa0bbb85da23304909193924300f574681f243e06
p6_A_D600_s43,43,training_set_primary_roi_034,0.16666666666666666,6,08259967b0e9dac99686cc6aa0bbb85da23304909193924300f574681f243e06
p6_A_D600_s43,43,training_set_primary_roi_036,0.16666666666666666,4,08259967b0e9dac99686cc6aa0bbb85da23304909193924300f574681f243e06
p6_A_D600_s43,43,training_set_primary_roi_037,0.2,4,08259967b0e9dac99686cc6aa0bbb85da23304909193924300f574681f243e06
p6_A_D600_s43,43,training_set_primary_roi_040,0.13333333333333333,7,08259967b0e9dac99686cc6aa0bbb85da23304909193924300f574681f243e06
p6_A_D600_s43,43,training_set_primary_roi_052,0.16666666666666666,9,08259967b0e9dac99686cc6aa0bbb85da23304909193924300f574681f243e06
p6_A_D600_s43,43,training_set_primary_roi_057,0.38,6,08259967b0e9dac99686cc6aa0bbb85da23304909193924300f574681f243e06
p6_A_D600_s43,43,training_set_primary_roi_058,0.13333333333333333,7,08259967b0e9dac99686cc6aa0bbb85da23304909193924300f574681f243e06
p6_A_D600_s43,43,training_set_primary_roi_062,0.2,3,08259967b0e9dac99686cc6aa0bbb85da23304909193924300f574681f243e06
p6_A_D600_s43,43,training_set_primary_roi_064,0.3,5,08259967b0e9dac99686cc6aa0bbb85da23304909193924300f574681f243e06
p6_A_D600_s43,43,training_set_primary_roi_067,0.2,6,08259967b0e9dac99686cc6aa0bbb85da23304909193924300f574681f243e06
p6_A_D600_s43,43,training_set_primary_roi_068,0.13333333333333333,6,08259967b0e9dac99686cc6aa0bbb85da23304909193924300f574681f243e06
p6_A_D600_s43,43,training_set_primary_roi_075,0.2,3,08259967b0e9dac99686cc6aa0bbb85da23304909193924300f574681f243e06
p6_A_D600_s43,43,training_set_primary_roi_082,0.26666666666666666,5,08259967b0e9dac99686cc6aa0bbb85da23304909193924300f574681f243e06
p6_A_D600_s43,43,training_set_primary_roi_083,0.1,5,08259967b0e9dac99686cc6aa0bbb85da23304909193924300f574681f243e06
p6_A_D600_s43,43,training_set_primary_roi_086,0.26666666666666666,5,08259967b0e9dac99686cc6aa0bbb85da23304909193924300f574681f243e06
p6_A_D600_s43,43,training_set_primary_roi_091,0.06666666666666667,2,08259967b0e9dac99686cc6aa0bbb85da23304909193924300f574681f243e06
p6_A_D600_s43,43,training_set_primary_roi_096,0.1,3,08259967b0e9dac99686cc6aa0bbb85da23304909193924300f574681f243e06
p6_A_D600_s43,43,training_set_primary_roi_098,0.06666666666666667,3,08259967b0e9dac99686cc6aa0bbb85da23304909193924300f574681f243e06
p6_A_D900_s17,17,training_set_metastatic_roi_001,0.1,2,ec5bd16dc863106f163edfe96f976cb2cebf1e2244e709c6ce05d95647c389be
p6_A_D900_s17,17,training_set_metastatic_roi_002,0.0,2,ec5bd16dc863106f163edfe96f976cb2cebf1e2244e709c6ce05d95647c389be
p6_A_D900_s17,17,training_set_metastatic_roi_015,0.06666666666666667,2,ec5bd16dc863106f163edfe96f976cb2cebf1e2244e709c6ce05d95647c389be
p6_A_D900_s17,17,training_set_metastatic_roi_018,0.05,5,ec5bd16dc863106f163edfe96f976cb2cebf1e2244e709c6ce05d95647c389be
p6_A_D900_s17,17,training_set_metastatic_roi_020,0.2,3,ec5bd16dc863106f163edfe96f976cb2cebf1e2244e709c6ce05d95647c389be
p6_A_D900_s17,17,training_set_metastatic_roi_023,0.16666666666666666,3,ec5bd16dc863106f163edfe96f976cb2cebf1e2244e709c6ce05d95647c389be
p6_A_D900_s17,17,training_set_metastatic_roi_029,0.16666666666666666,3,ec5bd16dc863106f163edfe96f976cb2cebf1e2244e709c6ce05d95647c389be
p6_A_D900_s17,17,training_set_metastatic_roi_030,0.06666666666666667,4,ec5bd16dc863106f163edfe96f976cb2cebf1e2244e709c6ce05d95647c389be
p6_A_D900_s17,17,training_set_metastatic_roi_031,0.0,2,ec5bd16dc863106f163edfe96f976cb2cebf1e2244e709c6ce05d95647c389be
p6_A_D900_s17,17,training_set_metastatic_roi_032,0.0,3,ec5bd16dc863106f163edfe96f976cb2cebf1e2244e709c6ce05d95647c389be
p6_A_D900_s17,17,training_set_metastatic_roi_035,0.1,1,ec5bd16dc863106f163edfe96f976cb2cebf1e2244e709c6ce05d95647c389be
p6_A_D900_s17,17,training_set_metastatic_roi_040,0.1,3,ec5bd16dc863106f163edfe96f976cb2cebf1e2244e709c6ce05d95647c389be
p6_A_D900_s17,17,training_set_metastatic_roi_046,0.05714285714285715,6,ec5bd16dc863106f163edfe96f976cb2cebf1e2244e709c6ce05d95647c389be
p6_A_D900_s17,17,training_set_metastatic_roi_047,0.06666666666666667,3,ec5bd16dc863106f163edfe96f976cb2cebf1e2244e709c6ce05d95647c389be
p6_A_D900_s17,17,training_set_metastatic_roi_049,0.2,2,ec5bd16dc863106f163edfe96f976cb2cebf1e2244e709c6ce05d95647c389be
p6_A_D900_s17,17,training_set_metastatic_roi_056,0.20666666666666664,6,ec5bd16dc863106f163edfe96f976cb2cebf1e2244e709c6ce05d95647c389be
p6_A_D900_s17,17,training_set_metastatic_roi_061,0.13999999999999999,6,ec5bd16dc863106f163edfe96f976cb2cebf1e2244e709c6ce05d95647c389be
p6_A_D900_s17,17,training_set_metastatic_roi_067,0.15,5,ec5bd16dc863106f163edfe96f976cb2cebf1e2244e709c6ce05d95647c389be
p6_A_D900_s17,17,training_set_metastatic_roi_076,0.0,3,ec5bd16dc863106f163edfe96f976cb2cebf1e2244e709c6ce05d95647c389be
p6_A_D900_s17,17,training_set_metastatic_roi_080,0.23333333333333334,7,ec5bd16dc863106f163edfe96f976cb2cebf1e2244e709c6ce05d95647c389be
p6_A_D900_s17,17,training_set_metastatic_roi_081,0.2,3,ec5bd16dc863106f163edfe96f976cb2cebf1e2244e709c6ce05d95647c389be
p6_A_D900_s17,17,training_set_metastatic_roi_085,0.1,2,ec5bd16dc863106f163edfe96f976cb2cebf1e2244e709c6ce05d95647c389be
p6_A_D900_s17,17,training_set_metastatic_roi_087,0.2,4,ec5bd16dc863106f163edfe96f976cb2cebf1e2244e709c6ce05d95647c389be
p6_A_D900_s17,17,training_set_metastatic_roi_093,0.1,2,ec5bd16dc863106f163edfe96f976cb2cebf1e2244e709c6ce05d95647c389be
p6_A_D900_s17,17,training_set_metastatic_roi_097,0.0,1,ec5bd16dc863106f163edfe96f976cb2cebf1e2244e709c6ce05d95647c389be
p6_A_D900_s17,17,training_set_metastatic_roi_102,0.2,3,ec5bd16dc863106f163edfe96f976cb2cebf1e2244e709c6ce05d95647c389be
p6_A_D900_s17,17,training_set_primary_roi_002,0.0,1,ec5bd16dc863106f163edfe96f976cb2cebf1e2244e709c6ce05d95647c389be
p6_A_D900_s17,17,training_set_primary_roi_006,0.1,3,ec5bd16dc863106f163edfe96f976cb2cebf1e2244e709c6ce05d95647c389be
p6_A_D900_s17,17,training_set_primary_roi_009,0.1,2,ec5bd16dc863106f163edfe96f976cb2cebf1e2244e709c6ce05d95647c389be
p6_A_D900_s17,17,training_set_primary_roi_010,0.2,6,ec5bd16dc863106f163edfe96f976cb2cebf1e2244e709c6ce05d95647c389be
p6_A_D900_s17,17,training_set_primary_roi_012,0.04,5,ec5bd16dc863106f163edfe96f976cb2cebf1e2244e709c6ce05d95647c389be
p6_A_D900_s17,17,training_set_primary_roi_014,0.36666666666666664,5,ec5bd16dc863106f163edfe96f976cb2cebf1e2244e709c6ce05d95647c389be
p6_A_D900_s17,17,training_set_primary_roi_016,0.36666666666666664,6,ec5bd16dc863106f163edfe96f976cb2cebf1e2244e709c6ce05d95647c389be
p6_A_D900_s17,17,training_set_primary_roi_020,0.26666666666666666,4,ec5bd16dc863106f163edfe96f976cb2cebf1e2244e709c6ce05d95647c389be
p6_A_D900_s17,17,training_set_primary_roi_022,0.2,5,ec5bd16dc863106f163edfe96f976cb2cebf1e2244e709c6ce05d95647c389be
p6_A_D900_s17,17,training_set_primary_roi_024,0.06666666666666667,3,ec5bd16dc863106f163edfe96f976cb2cebf1e2244e709c6ce05d95647c389be
p6_A_D900_s17,17,training_set_primary_roi_029,0.16666666666666666,5,ec5bd16dc863106f163edfe96f976cb2cebf1e2244e709c6ce05d95647c389be
p6_A_D900_s17,17,training_set_primary_roi_032,0.27999999999999997,5,ec5bd16dc863106f163edfe96f976cb2cebf1e2244e709c6ce05d95647c389be
p6_A_D900_s17,17,training_set_primary_roi_034,0.2,6,ec5bd16dc863106f163edfe96f976cb2cebf1e2244e709c6ce05d95647c389be
p6_A_D900_s17,17,training_set_primary_roi_036,0.2,4,ec5bd16dc863106f163edfe96f976cb2cebf1e2244e709c6ce05d95647c389be
p6_A_D900_s17,17,training_set_primary_roi_037,0.1,4,ec5bd16dc863106f163edfe96f976cb2cebf1e2244e709c6ce05d95647c389be
p6_A_D900_s17,17,training_set_primary_roi_040,0.2833333333333333,7,ec5bd16dc863106f163edfe96f976cb2cebf1e2244e709c6ce05d95647c389be
p6_A_D900_s17,17,training_set_primary_roi_052,0.16666666666666666,9,ec5bd16dc863106f163edfe96f976cb2cebf1e2244e709c6ce05d95647c389be
p6_A_D900_s17,17,training_set_primary_roi_057,0.25,6,ec5bd16dc863106f163edfe96f976cb2cebf1e2244e709c6ce05d95647c389be
p6_A_D900_s17,17,training_set_primary_roi_058,0.13333333333333333,7,ec5bd16dc863106f163edfe96f976cb2cebf1e2244e709c6ce05d95647c389be
p6_A_D900_s17,17,training_set_primary_roi_062,0.1,3,ec5bd16dc863106f163edfe96f976cb2cebf1e2244e709c6ce05d95647c389be
p6_A_D900_s17,17,training_set_primary_roi_064,0.2,5,ec5bd16dc863106f163edfe96f976cb2cebf1e2244e709c6ce05d95647c389be
p6_A_D900_s17,17,training_set_primary_roi_067,0.36666666666666664,6,ec5bd16dc863106f163edfe96f976cb2cebf1e2244e709c6ce05d95647c389be
p6_A_D900_s17,17,training_set_primary_roi_068,0.1,6,ec5bd16dc863106f163edfe96f976cb2cebf1e2244e709c6ce05d95647c389be
p6_A_D900_s17,17,training_set_primary_roi_075,0.3,3,ec5bd16dc863106f163edfe96f976cb2cebf1e2244e709c6ce05d95647c389be
p6_A_D900_s17,17,training_set_primary_roi_082,0.21666666666666665,5,ec5bd16dc863106f163edfe96f976cb2cebf1e2244e709c6ce05d95647c389be
p6_A_D900_s17,17,training_set_primary_roi_083,0.16666666666666666,5,ec5bd16dc863106f163edfe96f976cb2cebf1e2244e709c6ce05d95647c389be
p6_A_D900_s17,17,training_set_primary_roi_086,0.26666666666666666,5,ec5bd16dc863106f163edfe96f976cb2cebf1e2244e709c6ce05d95647c389be
p6_A_D900_s17,17,training_set_primary_roi_091,0.06666666666666667,2,ec5bd16dc863106f163edfe96f976cb2cebf1e2244e709c6ce05d95647c389be
p6_A_D900_s17,17,training_set_primary_roi_096,0.1,3,ec5bd16dc863106f163edfe96f976cb2cebf1e2244e709c6ce05d95647c389be
p6_A_D900_s17,17,training_set_primary_roi_098,0.1,3,ec5bd16dc863106f163edfe96f976cb2cebf1e2244e709c6ce05d95647c389be
p6_A_D900_s29,29,training_set_metastatic_roi_001,0.1,2,c48f25b6c660a867ac237cb661c05762934ff068a47bf1f4305344988e489b39
p6_A_D900_s29,29,training_set_metastatic_roi_002,0.0,2,c48f25b6c660a867ac237cb661c05762934ff068a47bf1f4305344988e489b39
p6_A_D900_s29,29,training_set_metastatic_roi_015,0.1,2,c48f25b6c660a867ac237cb661c05762934ff068a47bf1f4305344988e489b39
p6_A_D900_s29,29,training_set_metastatic_roi_018,0.06666666666666667,5,c48f25b6c660a867ac237cb661c05762934ff068a47bf1f4305344988e489b39
p6_A_D900_s29,29,training_set_metastatic_roi_020,0.1,3,c48f25b6c660a867ac237cb661c05762934ff068a47bf1f4305344988e489b39
p6_A_D900_s29,29,training_set_metastatic_roi_023,0.16666666666666666,3,c48f25b6c660a867ac237cb661c05762934ff068a47bf1f4305344988e489b39
p6_A_D900_s29,29,training_set_metastatic_roi_029,0.16666666666666666,3,c48f25b6c660a867ac237cb661c05762934ff068a47bf1f4305344988e489b39
p6_A_D900_s29,29,training_set_metastatic_roi_030,0.06666666666666667,4,c48f25b6c660a867ac237cb661c05762934ff068a47bf1f4305344988e489b39
p6_A_D900_s29,29,training_set_metastatic_roi_031,0.0,2,c48f25b6c660a867ac237cb661c05762934ff068a47bf1f4305344988e489b39
p6_A_D900_s29,29,training_set_metastatic_roi_032,0.0,3,c48f25b6c660a867ac237cb661c05762934ff068a47bf1f4305344988e489b39
p6_A_D900_s29,29,training_set_metastatic_roi_035,0.1,1,c48f25b6c660a867ac237cb661c05762934ff068a47bf1f4305344988e489b39
p6_A_D900_s29,29,training_set_metastatic_roi_040,0.2,3,c48f25b6c660a867ac237cb661c05762934ff068a47bf1f4305344988e489b39
p6_A_D900_s29,29,training_set_metastatic_roi_046,0.05714285714285715,6,c48f25b6c660a867ac237cb661c05762934ff068a47bf1f4305344988e489b39
p6_A_D900_s29,29,training_set_metastatic_roi_047,0.06666666666666667,3,c48f25b6c660a867ac237cb661c05762934ff068a47bf1f4305344988e489b39
p6_A_D900_s29,29,training_set_metastatic_roi_049,0.06666666666666667,2,c48f25b6c660a867ac237cb661c05762934ff068a47bf1f4305344988e489b39
p6_A_D900_s29,29,training_set_metastatic_roi_056,0.13333333333333333,6,c48f25b6c660a867ac237cb661c05762934ff068a47bf1f4305344988e489b39
p6_A_D900_s29,29,training_set_metastatic_roi_061,0.16666666666666666,6,c48f25b6c660a867ac237cb661c05762934ff068a47bf1f4305344988e489b39
p6_A_D900_s29,29,training_set_metastatic_roi_067,0.06666666666666667,5,c48f25b6c660a867ac237cb661c05762934ff068a47bf1f4305344988e489b39
p6_A_D900_s29,29,training_set_metastatic_roi_076,0.0,3,c48f25b6c660a867ac237cb661c05762934ff068a47bf1f4305344988e489b39
p6_A_D900_s29,29,training_set_metastatic_roi_080,0.23333333333333334,7,c48f25b6c660a867ac237cb661c05762934ff068a47bf1f4305344988e489b39
p6_A_D900_s29,29,training_set_metastatic_roi_081,0.2,3,c48f25b6c660a867ac237cb661c05762934ff068a47bf1f4305344988e489b39
p6_A_D900_s29,29,training_set_metastatic_roi_085,0.2,2,c48f25b6c660a867ac237cb661c05762934ff068a47bf1f4305344988e489b39
p6_A_D900_s29,29,training_set_metastatic_roi_087,0.2,4,c48f25b6c660a867ac237cb661c05762934ff068a47bf1f4305344988e489b39
p6_A_D900_s29,29,training_set_metastatic_roi_093,0.1,2,c48f25b6c660a867ac237cb661c05762934ff068a47bf1f4305344988e489b39
p6_A_D900_s29,29,training_set_metastatic_roi_097,0.0,1,c48f25b6c660a867ac237cb661c05762934ff068a47bf1f4305344988e489b39
p6_A_D900_s29,29,training_set_metastatic_roi_102,0.1,3,c48f25b6c660a867ac237cb661c05762934ff068a47bf1f4305344988e489b39
p6_A_D900_s29,29,training_set_primary_roi_002,0.0,1,c48f25b6c660a867ac237cb661c05762934ff068a47bf1f4305344988e489b39
p6_A_D900_s29,29,training_set_primary_roi_006,0.16666666666666666,3,c48f25b6c660a867ac237cb661c05762934ff068a47bf1f4305344988e489b39
p6_A_D900_s29,29,training_set_primary_roi_009,0.1,2,c48f25b6c660a867ac237cb661c05762934ff068a47bf1f4305344988e489b39
p6_A_D900_s29,29,training_set_primary_roi_010,0.13333333333333333,6,c48f25b6c660a867ac237cb661c05762934ff068a47bf1f4305344988e489b39
p6_A_D900_s29,29,training_set_primary_roi_012,0.13999999999999999,5,c48f25b6c660a867ac237cb661c05762934ff068a47bf1f4305344988e489b39
p6_A_D900_s29,29,training_set_primary_roi_014,0.36666666666666664,5,c48f25b6c660a867ac237cb661c05762934ff068a47bf1f4305344988e489b39
p6_A_D900_s29,29,training_set_primary_roi_016,0.35,6,c48f25b6c660a867ac237cb661c05762934ff068a47bf1f4305344988e489b39
p6_A_D900_s29,29,training_set_primary_roi_020,0.3,4,c48f25b6c660a867ac237cb661c05762934ff068a47bf1f4305344988e489b39
p6_A_D900_s29,29,training_set_primary_roi_022,0.2,5,c48f25b6c660a867ac237cb661c05762934ff068a47bf1f4305344988e489b39
p6_A_D900_s29,29,training_set_primary_roi_024,0.1,3,c48f25b6c660a867ac237cb661c05762934ff068a47bf1f4305344988e489b39
p6_A_D900_s29,29,training_set_primary_roi_029,0.36666666666666664,5,c48f25b6c660a867ac237cb661c05762934ff068a47bf1f4305344988e489b39
p6_A_D900_s29,29,training_set_primary_roi_032,0.27999999999999997,5,c48f25b6c660a867ac237cb661c05762934ff068a47bf1f4305344988e489b39
p6_A_D900_s29,29,training_set_primary_roi_034,0.13333333333333333,6,c48f25b6c660a867ac237cb661c05762934ff068a47bf1f4305344988e489b39
p6_A_D900_s29,29,training_set_primary_roi_036,0.16666666666666666,4,c48f25b6c660a867ac237cb661c05762934ff068a47bf1f4305344988e489b39
p6_A_D900_s29,29,training_set_primary_roi_037,0.1,4,c48f25b6c660a867ac237cb661c05762934ff068a47bf1f4305344988e489b39
p6_A_D900_s29,29,training_set_primary_roi_040,0.2833333333333333,7,c48f25b6c660a867ac237cb661c05762934ff068a47bf1f4305344988e489b39
p6_A_D900_s29,29,training_set_primary_roi_052,0.26666666666666666,9,c48f25b6c660a867ac237cb661c05762934ff068a47bf1f4305344988e489b39
p6_A_D900_s29,29,training_set_primary_roi_057,0.15,6,c48f25b6c660a867ac237cb661c05762934ff068a47bf1f4305344988e489b39
p6_A_D900_s29,29,training_set_primary_roi_058,0.13333333333333333,7,c48f25b6c660a867ac237cb661c05762934ff068a47bf1f4305344988e489b39
p6_A_D900_s29,29,training_set_primary_roi_062,0.1,3,c48f25b6c660a867ac237cb661c05762934ff068a47bf1f4305344988e489b39
p6_A_D900_s29,29,training_set_primary_roi_064,0.26666666666666666,5,c48f25b6c660a867ac237cb661c05762934ff068a47bf1f4305344988e489b39
p6_A_D900_s29,29,training_set_primary_roi_067,0.3,6,c48f25b6c660a867ac237cb661c05762934ff068a47bf1f4305344988e489b39
p6_A_D900_s29,29,training_set_primary_roi_068,0.1,6,c48f25b6c660a867ac237cb661c05762934ff068a47bf1f4305344988e489b39
p6_A_D900_s29,29,training_set_primary_roi_075,0.2,3,c48f25b6c660a867ac237cb661c05762934ff068a47bf1f4305344988e489b39
p6_A_D900_s29,29,training_set_primary_roi_082,0.2333333333333333,5,c48f25b6c660a867ac237cb661c05762934ff068a47bf1f4305344988e489b39
p6_A_D900_s29,29,training_set_primary_roi_083,0.2,5,c48f25b6c660a867ac237cb661c05762934ff068a47bf1f4305344988e489b39
p6_A_D900_s29,29,training_set_primary_roi_086,0.15,5,c48f25b6c660a867ac237cb661c05762934ff068a47bf1f4305344988e489b39
p6_A_D900_s29,29,training_set_primary_roi_091,0.06666666666666667,2,c48f25b6c660a867ac237cb661c05762934ff068a47bf1f4305344988e489b39
p6_A_D900_s29,29,training_set_primary_roi_096,0.1,3,c48f25b6c660a867ac237cb661c05762934ff068a47bf1f4305344988e489b39
p6_A_D900_s29,29,training_set_primary_roi_098,0.1,3,c48f25b6c660a867ac237cb661c05762934ff068a47bf1f4305344988e489b39
p6_A_D900_s43,43,training_set_metastatic_roi_001,0.1,2,37a3dc3cc7c2881d99218c9f425db881af77b47039d60884f6518bdfcda46c71
p6_A_D900_s43,43,training_set_metastatic_roi_002,0.0,2,37a3dc3cc7c2881d99218c9f425db881af77b47039d60884f6518bdfcda46c71
p6_A_D900_s43,43,training_set_metastatic_roi_015,0.06666666666666667,2,37a3dc3cc7c2881d99218c9f425db881af77b47039d60884f6518bdfcda46c71
p6_A_D900_s43,43,training_set_metastatic_roi_018,0.11666666666666665,5,37a3dc3cc7c2881d99218c9f425db881af77b47039d60884f6518bdfcda46c71
p6_A_D900_s43,43,training_set_metastatic_roi_020,0.2,3,37a3dc3cc7c2881d99218c9f425db881af77b47039d60884f6518bdfcda46c71
p6_A_D900_s43,43,training_set_metastatic_roi_023,0.05,3,37a3dc3cc7c2881d99218c9f425db881af77b47039d60884f6518bdfcda46c71
p6_A_D900_s43,43,training_set_metastatic_roi_029,0.16666666666666666,3,37a3dc3cc7c2881d99218c9f425db881af77b47039d60884f6518bdfcda46c71
p6_A_D900_s43,43,training_set_metastatic_roi_030,0.16666666666666666,4,37a3dc3cc7c2881d99218c9f425db881af77b47039d60884f6518bdfcda46c71
p6_A_D900_s43,43,training_set_metastatic_roi_031,0.06666666666666667,2,37a3dc3cc7c2881d99218c9f425db881af77b47039d60884f6518bdfcda46c71
p6_A_D900_s43,43,training_set_metastatic_roi_032,0.1,3,37a3dc3cc7c2881d99218c9f425db881af77b47039d60884f6518bdfcda46c71
p6_A_D900_s43,43,training_set_metastatic_roi_035,0.1,1,37a3dc3cc7c2881d99218c9f425db881af77b47039d60884f6518bdfcda46c71
p6_A_D900_s43,43,training_set_metastatic_roi_040,0.06666666666666667,3,37a3dc3cc7c2881d99218c9f425db881af77b47039d60884f6518bdfcda46c71
p6_A_D900_s43,43,training_set_metastatic_roi_046,0.05714285714285715,6,37a3dc3cc7c2881d99218c9f425db881af77b47039d60884f6518bdfcda46c71
p6_A_D900_s43,43,training_set_metastatic_roi_047,0.06666666666666667,3,37a3dc3cc7c2881d99218c9f425db881af77b47039d60884f6518bdfcda46c71
p6_A_D900_s43,43,training_set_metastatic_roi_049,0.06666666666666667,2,37a3dc3cc7c2881d99218c9f425db881af77b47039d60884f6518bdfcda46c71
p6_A_D900_s43,43,training_set_metastatic_roi_056,0.20666666666666664,6,37a3dc3cc7c2881d99218c9f425db881af77b47039d60884f6518bdfcda46c71
p6_A_D900_s43,43,training_set_metastatic_roi_061,0.21666666666666665,6,37a3dc3cc7c2881d99218c9f425db881af77b47039d60884f6518bdfcda46c71
p6_A_D900_s43,43,training_set_metastatic_roi_067,0.06666666666666667,5,37a3dc3cc7c2881d99218c9f425db881af77b47039d60884f6518bdfcda46c71
p6_A_D900_s43,43,training_set_metastatic_roi_076,0.0,3,37a3dc3cc7c2881d99218c9f425db881af77b47039d60884f6518bdfcda46c71
p6_A_D900_s43,43,training_set_metastatic_roi_080,0.25,7,37a3dc3cc7c2881d99218c9f425db881af77b47039d60884f6518bdfcda46c71
p6_A_D900_s43,43,training_set_metastatic_roi_081,0.2,3,37a3dc3cc7c2881d99218c9f425db881af77b47039d60884f6518bdfcda46c71
p6_A_D900_s43,43,training_set_metastatic_roi_085,0.2,2,37a3dc3cc7c2881d99218c9f425db881af77b47039d60884f6518bdfcda46c71
p6_A_D900_s43,43,training_set_metastatic_roi_087,0.2,4,37a3dc3cc7c2881d99218c9f425db881af77b47039d60884f6518bdfcda46c71
p6_A_D900_s43,43,training_set_metastatic_roi_093,0.1,2,37a3dc3cc7c2881d99218c9f425db881af77b47039d60884f6518bdfcda46c71
p6_A_D900_s43,43,training_set_metastatic_roi_097,0.0,1,37a3dc3cc7c2881d99218c9f425db881af77b47039d60884f6518bdfcda46c71
p6_A_D900_s43,43,training_set_metastatic_roi_102,0.06666666666666667,3,37a3dc3cc7c2881d99218c9f425db881af77b47039d60884f6518bdfcda46c71
p6_A_D900_s43,43,training_set_primary_roi_002,0.0,1,37a3dc3cc7c2881d99218c9f425db881af77b47039d60884f6518bdfcda46c71
p6_A_D900_s43,43,training_set_primary_roi_006,0.16666666666666666,3,37a3dc3cc7c2881d99218c9f425db881af77b47039d60884f6518bdfcda46c71
p6_A_D900_s43,43,training_set_primary_roi_009,0.0,2,37a3dc3cc7c2881d99218c9f425db881af77b47039d60884f6518bdfcda46c71
p6_A_D900_s43,43,training_set_primary_roi_010,0.15,6,37a3dc3cc7c2881d99218c9f425db881af77b47039d60884f6518bdfcda46c71
p6_A_D900_s43,43,training_set_primary_roi_012,0.15,5,37a3dc3cc7c2881d99218c9f425db881af77b47039d60884f6518bdfcda46c71
p6_A_D900_s43,43,training_set_primary_roi_014,0.25,5,37a3dc3cc7c2881d99218c9f425db881af77b47039d60884f6518bdfcda46c71
p6_A_D900_s43,43,training_set_primary_roi_016,0.35,6,37a3dc3cc7c2881d99218c9f425db881af77b47039d60884f6518bdfcda46c71
p6_A_D900_s43,43,training_set_primary_roi_020,0.4,4,37a3dc3cc7c2881d99218c9f425db881af77b47039d60884f6518bdfcda46c71
p6_A_D900_s43,43,training_set_primary_roi_022,0.16666666666666666,5,37a3dc3cc7c2881d99218c9f425db881af77b47039d60884f6518bdfcda46c71
p6_A_D900_s43,43,training_set_primary_roi_024,0.06666666666666667,3,37a3dc3cc7c2881d99218c9f425db881af77b47039d60884f6518bdfcda46c71
p6_A_D900_s43,43,training_set_primary_roi_029,0.3,5,37a3dc3cc7c2881d99218c9f425db881af77b47039d60884f6518bdfcda46c71
p6_A_D900_s43,43,training_set_primary_roi_032,0.27999999999999997,5,37a3dc3cc7c2881d99218c9f425db881af77b47039d60884f6518bdfcda46c71
p6_A_D900_s43,43,training_set_primary_roi_034,0.2,6,37a3dc3cc7c2881d99218c9f425db881af77b47039d60884f6518bdfcda46c71
p6_A_D900_s43,43,training_set_primary_roi_036,0.13333333333333333,4,37a3dc3cc7c2881d99218c9f425db881af77b47039d60884f6518bdfcda46c71
p6_A_D900_s43,43,training_set_primary_roi_037,0.2,4,37a3dc3cc7c2881d99218c9f425db881af77b47039d60884f6518bdfcda46c71
p6_A_D900_s43,43,training_set_primary_roi_040,0.26666666666666666,7,37a3dc3cc7c2881d99218c9f425db881af77b47039d60884f6518bdfcda46c71
p6_A_D900_s43,43,training_set_primary_roi_052,0.16666666666666666,9,37a3dc3cc7c2881d99218c9f425db881af77b47039d60884f6518bdfcda46c71
p6_A_D900_s43,43,training_set_primary_roi_057,0.2,6,37a3dc3cc7c2881d99218c9f425db881af77b47039d60884f6518bdfcda46c71
p6_A_D900_s43,43,training_set_primary_roi_058,0.2,7,37a3dc3cc7c2881d99218c9f425db881af77b47039d60884f6518bdfcda46c71
p6_A_D900_s43,43,training_set_primary_roi_062,0.1,3,37a3dc3cc7c2881d99218c9f425db881af77b47039d60884f6518bdfcda46c71
p6_A_D900_s43,43,training_set_primary_roi_064,0.2,5,37a3dc3cc7c2881d99218c9f425db881af77b47039d60884f6518bdfcda46c71
p6_A_D900_s43,43,training_set_primary_roi_067,0.36666666666666664,6,37a3dc3cc7c2881d99218c9f425db881af77b47039d60884f6518bdfcda46c71
p6_A_D900_s43,43,training_set_primary_roi_068,0.2,6,37a3dc3cc7c2881d99218c9f425db881af77b47039d60884f6518bdfcda46c71
p6_A_D900_s43,43,training_set_primary_roi_075,0.2,3,37a3dc3cc7c2881d99218c9f425db881af77b47039d60884f6518bdfcda46c71
p6_A_D900_s43,43,training_set_primary_roi_082,0.26666666666666666,5,37a3dc3cc7c2881d99218c9f425db881af77b47039d60884f6518bdfcda46c71
p6_A_D900_s43,43,training_set_primary_roi_083,0.2,5,37a3dc3cc7c2881d99218c9f425db881af77b47039d60884f6518bdfcda46c71
p6_A_D900_s43,43,training_set_primary_roi_086,0.26666666666666666,5,37a3dc3cc7c2881d99218c9f425db881af77b47039d60884f6518bdfcda46c71
p6_A_D900_s43,43,training_set_primary_roi_091,0.06666666666666667,2,37a3dc3cc7c2881d99218c9f425db881af77b47039d60884f6518bdfcda46c71
p6_A_D900_s43,43,training_set_primary_roi_096,0.1,3,37a3dc3cc7c2881d99218c9f425db881af77b47039d60884f6518bdfcda46c71
p6_A_D900_s43,43,training_set_primary_roi_098,0.1,3,37a3dc3cc7c2881d99218c9f425db881af77b47039d60884f6518bdfcda46c71
p6_C_cached_crt_noreset_s17,17,training_set_metastatic_roi_001,0.1,2,53628c8a903a3e6bff61ead0faa478c50d8dd245784fdc1b49759c9e434548ab
p6_C_cached_crt_noreset_s17,17,training_set_metastatic_roi_002,0.0,2,53628c8a903a3e6bff61ead0faa478c50d8dd245784fdc1b49759c9e434548ab
p6_C_cached_crt_noreset_s17,17,training_set_metastatic_roi_015,0.1,2,53628c8a903a3e6bff61ead0faa478c50d8dd245784fdc1b49759c9e434548ab
p6_C_cached_crt_noreset_s17,17,training_set_metastatic_roi_018,0.13333333333333333,5,53628c8a903a3e6bff61ead0faa478c50d8dd245784fdc1b49759c9e434548ab
p6_C_cached_crt_noreset_s17,17,training_set_metastatic_roi_020,0.2,3,53628c8a903a3e6bff61ead0faa478c50d8dd245784fdc1b49759c9e434548ab
p6_C_cached_crt_noreset_s17,17,training_set_metastatic_roi_023,0.16666666666666666,3,53628c8a903a3e6bff61ead0faa478c50d8dd245784fdc1b49759c9e434548ab
p6_C_cached_crt_noreset_s17,17,training_set_metastatic_roi_029,0.16666666666666666,3,53628c8a903a3e6bff61ead0faa478c50d8dd245784fdc1b49759c9e434548ab
p6_C_cached_crt_noreset_s17,17,training_set_metastatic_roi_030,0.06666666666666667,4,53628c8a903a3e6bff61ead0faa478c50d8dd245784fdc1b49759c9e434548ab
p6_C_cached_crt_noreset_s17,17,training_set_metastatic_roi_031,0.0,2,53628c8a903a3e6bff61ead0faa478c50d8dd245784fdc1b49759c9e434548ab
p6_C_cached_crt_noreset_s17,17,training_set_metastatic_roi_032,0.0,3,53628c8a903a3e6bff61ead0faa478c50d8dd245784fdc1b49759c9e434548ab
p6_C_cached_crt_noreset_s17,17,training_set_metastatic_roi_035,0.1,1,53628c8a903a3e6bff61ead0faa478c50d8dd245784fdc1b49759c9e434548ab
p6_C_cached_crt_noreset_s17,17,training_set_metastatic_roi_040,0.1,3,53628c8a903a3e6bff61ead0faa478c50d8dd245784fdc1b49759c9e434548ab
p6_C_cached_crt_noreset_s17,17,training_set_metastatic_roi_046,0.05714285714285715,6,53628c8a903a3e6bff61ead0faa478c50d8dd245784fdc1b49759c9e434548ab
p6_C_cached_crt_noreset_s17,17,training_set_metastatic_roi_047,0.06666666666666667,3,53628c8a903a3e6bff61ead0faa478c50d8dd245784fdc1b49759c9e434548ab
p6_C_cached_crt_noreset_s17,17,training_set_metastatic_roi_049,0.06666666666666667,2,53628c8a903a3e6bff61ead0faa478c50d8dd245784fdc1b49759c9e434548ab
p6_C_cached_crt_noreset_s17,17,training_set_metastatic_roi_056,0.1,6,53628c8a903a3e6bff61ead0faa478c50d8dd245784fdc1b49759c9e434548ab
p6_C_cached_crt_noreset_s17,17,training_set_metastatic_roi_061,0.21666666666666665,6,53628c8a903a3e6bff61ead0faa478c50d8dd245784fdc1b49759c9e434548ab
p6_C_cached_crt_noreset_s17,17,training_set_metastatic_roi_067,0.05,5,53628c8a903a3e6bff61ead0faa478c50d8dd245784fdc1b49759c9e434548ab
p6_C_cached_crt_noreset_s17,17,training_set_metastatic_roi_076,0.0,3,53628c8a903a3e6bff61ead0faa478c50d8dd245784fdc1b49759c9e434548ab
p6_C_cached_crt_noreset_s17,17,training_set_metastatic_roi_080,0.24,7,53628c8a903a3e6bff61ead0faa478c50d8dd245784fdc1b49759c9e434548ab
p6_C_cached_crt_noreset_s17,17,training_set_metastatic_roi_081,0.16666666666666666,3,53628c8a903a3e6bff61ead0faa478c50d8dd245784fdc1b49759c9e434548ab
p6_C_cached_crt_noreset_s17,17,training_set_metastatic_roi_085,0.2,2,53628c8a903a3e6bff61ead0faa478c50d8dd245784fdc1b49759c9e434548ab
p6_C_cached_crt_noreset_s17,17,training_set_metastatic_roi_087,0.3,4,53628c8a903a3e6bff61ead0faa478c50d8dd245784fdc1b49759c9e434548ab
p6_C_cached_crt_noreset_s17,17,training_set_metastatic_roi_093,0.1,2,53628c8a903a3e6bff61ead0faa478c50d8dd245784fdc1b49759c9e434548ab
p6_C_cached_crt_noreset_s17,17,training_set_metastatic_roi_097,0.1,1,53628c8a903a3e6bff61ead0faa478c50d8dd245784fdc1b49759c9e434548ab
p6_C_cached_crt_noreset_s17,17,training_set_metastatic_roi_102,0.1,3,53628c8a903a3e6bff61ead0faa478c50d8dd245784fdc1b49759c9e434548ab
p6_C_cached_crt_noreset_s17,17,training_set_primary_roi_002,0.0,1,53628c8a903a3e6bff61ead0faa478c50d8dd245784fdc1b49759c9e434548ab
p6_C_cached_crt_noreset_s17,17,training_set_primary_roi_006,0.06666666666666667,3,53628c8a903a3e6bff61ead0faa478c50d8dd245784fdc1b49759c9e434548ab
p6_C_cached_crt_noreset_s17,17,training_set_primary_roi_009,0.0,2,53628c8a903a3e6bff61ead0faa478c50d8dd245784fdc1b49759c9e434548ab
p6_C_cached_crt_noreset_s17,17,training_set_primary_roi_010,0.13333333333333333,6,53628c8a903a3e6bff61ead0faa478c50d8dd245784fdc1b49759c9e434548ab
p6_C_cached_crt_noreset_s17,17,training_set_primary_roi_012,0.04,5,53628c8a903a3e6bff61ead0faa478c50d8dd245784fdc1b49759c9e434548ab
p6_C_cached_crt_noreset_s17,17,training_set_primary_roi_014,0.36666666666666664,5,53628c8a903a3e6bff61ead0faa478c50d8dd245784fdc1b49759c9e434548ab
p6_C_cached_crt_noreset_s17,17,training_set_primary_roi_016,0.35,6,53628c8a903a3e6bff61ead0faa478c50d8dd245784fdc1b49759c9e434548ab
p6_C_cached_crt_noreset_s17,17,training_set_primary_roi_020,0.13333333333333333,4,53628c8a903a3e6bff61ead0faa478c50d8dd245784fdc1b49759c9e434548ab
p6_C_cached_crt_noreset_s17,17,training_set_primary_roi_022,0.2,5,53628c8a903a3e6bff61ead0faa478c50d8dd245784fdc1b49759c9e434548ab
p6_C_cached_crt_noreset_s17,17,training_set_primary_roi_024,0.06666666666666667,3,53628c8a903a3e6bff61ead0faa478c50d8dd245784fdc1b49759c9e434548ab
p6_C_cached_crt_noreset_s17,17,training_set_primary_roi_029,0.2,5,53628c8a903a3e6bff61ead0faa478c50d8dd245784fdc1b49759c9e434548ab
p6_C_cached_crt_noreset_s17,17,training_set_primary_roi_032,0.27999999999999997,5,53628c8a903a3e6bff61ead0faa478c50d8dd245784fdc1b49759c9e434548ab
p6_C_cached_crt_noreset_s17,17,training_set_primary_roi_034,0.2,6,53628c8a903a3e6bff61ead0faa478c50d8dd245784fdc1b49759c9e434548ab
p6_C_cached_crt_noreset_s17,17,training_set_primary_roi_036,0.16666666666666666,4,53628c8a903a3e6bff61ead0faa478c50d8dd245784fdc1b49759c9e434548ab
p6_C_cached_crt_noreset_s17,17,training_set_primary_roi_037,0.1,4,53628c8a903a3e6bff61ead0faa478c50d8dd245784fdc1b49759c9e434548ab
p6_C_cached_crt_noreset_s17,17,training_set_primary_roi_040,0.21666666666666665,7,53628c8a903a3e6bff61ead0faa478c50d8dd245784fdc1b49759c9e434548ab
p6_C_cached_crt_noreset_s17,17,training_set_primary_roi_052,0.13333333333333333,9,53628c8a903a3e6bff61ead0faa478c50d8dd245784fdc1b49759c9e434548ab
p6_C_cached_crt_noreset_s17,17,training_set_primary_roi_057,0.35,6,53628c8a903a3e6bff61ead0faa478c50d8dd245784fdc1b49759c9e434548ab
p6_C_cached_crt_noreset_s17,17,training_set_primary_roi_058,0.13333333333333333,7,53628c8a903a3e6bff61ead0faa478c50d8dd245784fdc1b49759c9e434548ab
p6_C_cached_crt_noreset_s17,17,training_set_primary_roi_062,0.1,3,53628c8a903a3e6bff61ead0faa478c50d8dd245784fdc1b49759c9e434548ab
p6_C_cached_crt_noreset_s17,17,training_set_primary_roi_064,0.3,5,53628c8a903a3e6bff61ead0faa478c50d8dd245784fdc1b49759c9e434548ab
p6_C_cached_crt_noreset_s17,17,training_set_primary_roi_067,0.36666666666666664,6,53628c8a903a3e6bff61ead0faa478c50d8dd245784fdc1b49759c9e434548ab
p6_C_cached_crt_noreset_s17,17,training_set_primary_roi_068,0.1,6,53628c8a903a3e6bff61ead0faa478c50d8dd245784fdc1b49759c9e434548ab
p6_C_cached_crt_noreset_s17,17,training_set_primary_roi_075,0.3,3,53628c8a903a3e6bff61ead0faa478c50d8dd245784fdc1b49759c9e434548ab
p6_C_cached_crt_noreset_s17,17,training_set_primary_roi_082,0.21666666666666665,5,53628c8a903a3e6bff61ead0faa478c50d8dd245784fdc1b49759c9e434548ab
p6_C_cached_crt_noreset_s17,17,training_set_primary_roi_083,0.2,5,53628c8a903a3e6bff61ead0faa478c50d8dd245784fdc1b49759c9e434548ab
p6_C_cached_crt_noreset_s17,17,training_set_primary_roi_086,0.2333333333333333,5,53628c8a903a3e6bff61ead0faa478c50d8dd245784fdc1b49759c9e434548ab
p6_C_cached_crt_noreset_s17,17,training_set_primary_roi_091,0.06666666666666667,2,53628c8a903a3e6bff61ead0faa478c50d8dd245784fdc1b49759c9e434548ab
p6_C_cached_crt_noreset_s17,17,training_set_primary_roi_096,0.1,3,53628c8a903a3e6bff61ead0faa478c50d8dd245784fdc1b49759c9e434548ab
p6_C_cached_crt_noreset_s17,17,training_set_primary_roi_098,0.1,3,53628c8a903a3e6bff61ead0faa478c50d8dd245784fdc1b49759c9e434548ab
p6_C_cached_crt_noreset_s29,29,training_set_metastatic_roi_001,0.1,2,8830ea69a413bf48558c3b56ea80278dec4465cca0dbde17f64e0ef70d03ac75
p6_C_cached_crt_noreset_s29,29,training_set_metastatic_roi_002,0.0,2,8830ea69a413bf48558c3b56ea80278dec4465cca0dbde17f64e0ef70d03ac75
p6_C_cached_crt_noreset_s29,29,training_set_metastatic_roi_015,0.1,2,8830ea69a413bf48558c3b56ea80278dec4465cca0dbde17f64e0ef70d03ac75
p6_C_cached_crt_noreset_s29,29,training_set_metastatic_roi_018,0.14666666666666667,5,8830ea69a413bf48558c3b56ea80278dec4465cca0dbde17f64e0ef70d03ac75
p6_C_cached_crt_noreset_s29,29,training_set_metastatic_roi_020,0.2,3,8830ea69a413bf48558c3b56ea80278dec4465cca0dbde17f64e0ef70d03ac75
p6_C_cached_crt_noreset_s29,29,training_set_metastatic_roi_023,0.05,3,8830ea69a413bf48558c3b56ea80278dec4465cca0dbde17f64e0ef70d03ac75
p6_C_cached_crt_noreset_s29,29,training_set_metastatic_roi_029,0.16666666666666666,3,8830ea69a413bf48558c3b56ea80278dec4465cca0dbde17f64e0ef70d03ac75
p6_C_cached_crt_noreset_s29,29,training_set_metastatic_roi_030,0.06666666666666667,4,8830ea69a413bf48558c3b56ea80278dec4465cca0dbde17f64e0ef70d03ac75
p6_C_cached_crt_noreset_s29,29,training_set_metastatic_roi_031,0.0,2,8830ea69a413bf48558c3b56ea80278dec4465cca0dbde17f64e0ef70d03ac75
p6_C_cached_crt_noreset_s29,29,training_set_metastatic_roi_032,0.0,3,8830ea69a413bf48558c3b56ea80278dec4465cca0dbde17f64e0ef70d03ac75
p6_C_cached_crt_noreset_s29,29,training_set_metastatic_roi_035,0.1,1,8830ea69a413bf48558c3b56ea80278dec4465cca0dbde17f64e0ef70d03ac75
p6_C_cached_crt_noreset_s29,29,training_set_metastatic_roi_040,0.06666666666666667,3,8830ea69a413bf48558c3b56ea80278dec4465cca0dbde17f64e0ef70d03ac75
p6_C_cached_crt_noreset_s29,29,training_set_metastatic_roi_046,0.05714285714285715,6,8830ea69a413bf48558c3b56ea80278dec4465cca0dbde17f64e0ef70d03ac75
p6_C_cached_crt_noreset_s29,29,training_set_metastatic_roi_047,0.06666666666666667,3,8830ea69a413bf48558c3b56ea80278dec4465cca0dbde17f64e0ef70d03ac75
p6_C_cached_crt_noreset_s29,29,training_set_metastatic_roi_049,0.06666666666666667,2,8830ea69a413bf48558c3b56ea80278dec4465cca0dbde17f64e0ef70d03ac75
p6_C_cached_crt_noreset_s29,29,training_set_metastatic_roi_056,0.13999999999999999,6,8830ea69a413bf48558c3b56ea80278dec4465cca0dbde17f64e0ef70d03ac75
p6_C_cached_crt_noreset_s29,29,training_set_metastatic_roi_061,0.16666666666666666,6,8830ea69a413bf48558c3b56ea80278dec4465cca0dbde17f64e0ef70d03ac75
p6_C_cached_crt_noreset_s29,29,training_set_metastatic_roi_067,0.05,5,8830ea69a413bf48558c3b56ea80278dec4465cca0dbde17f64e0ef70d03ac75
p6_C_cached_crt_noreset_s29,29,training_set_metastatic_roi_076,0.0,3,8830ea69a413bf48558c3b56ea80278dec4465cca0dbde17f64e0ef70d03ac75
p6_C_cached_crt_noreset_s29,29,training_set_metastatic_roi_080,0.35,7,8830ea69a413bf48558c3b56ea80278dec4465cca0dbde17f64e0ef70d03ac75
p6_C_cached_crt_noreset_s29,29,training_set_metastatic_roi_081,0.2,3,8830ea69a413bf48558c3b56ea80278dec4465cca0dbde17f64e0ef70d03ac75
p6_C_cached_crt_noreset_s29,29,training_set_metastatic_roi_085,0.2,2,8830ea69a413bf48558c3b56ea80278dec4465cca0dbde17f64e0ef70d03ac75
p6_C_cached_crt_noreset_s29,29,training_set_metastatic_roi_087,0.1,4,8830ea69a413bf48558c3b56ea80278dec4465cca0dbde17f64e0ef70d03ac75
p6_C_cached_crt_noreset_s29,29,training_set_metastatic_roi_093,0.1,2,8830ea69a413bf48558c3b56ea80278dec4465cca0dbde17f64e0ef70d03ac75
p6_C_cached_crt_noreset_s29,29,training_set_metastatic_roi_097,0.0,1,8830ea69a413bf48558c3b56ea80278dec4465cca0dbde17f64e0ef70d03ac75
p6_C_cached_crt_noreset_s29,29,training_set_metastatic_roi_102,0.06666666666666667,3,8830ea69a413bf48558c3b56ea80278dec4465cca0dbde17f64e0ef70d03ac75
p6_C_cached_crt_noreset_s29,29,training_set_primary_roi_002,0.0,1,8830ea69a413bf48558c3b56ea80278dec4465cca0dbde17f64e0ef70d03ac75
p6_C_cached_crt_noreset_s29,29,training_set_primary_roi_006,0.16666666666666666,3,8830ea69a413bf48558c3b56ea80278dec4465cca0dbde17f64e0ef70d03ac75
p6_C_cached_crt_noreset_s29,29,training_set_primary_roi_009,0.0,2,8830ea69a413bf48558c3b56ea80278dec4465cca0dbde17f64e0ef70d03ac75
p6_C_cached_crt_noreset_s29,29,training_set_primary_roi_010,0.11666666666666665,6,8830ea69a413bf48558c3b56ea80278dec4465cca0dbde17f64e0ef70d03ac75
p6_C_cached_crt_noreset_s29,29,training_set_primary_roi_012,0.04,5,8830ea69a413bf48558c3b56ea80278dec4465cca0dbde17f64e0ef70d03ac75
p6_C_cached_crt_noreset_s29,29,training_set_primary_roi_014,0.36666666666666664,5,8830ea69a413bf48558c3b56ea80278dec4465cca0dbde17f64e0ef70d03ac75
p6_C_cached_crt_noreset_s29,29,training_set_primary_roi_016,0.25,6,8830ea69a413bf48558c3b56ea80278dec4465cca0dbde17f64e0ef70d03ac75
p6_C_cached_crt_noreset_s29,29,training_set_primary_roi_020,0.26666666666666666,4,8830ea69a413bf48558c3b56ea80278dec4465cca0dbde17f64e0ef70d03ac75
p6_C_cached_crt_noreset_s29,29,training_set_primary_roi_022,0.1,5,8830ea69a413bf48558c3b56ea80278dec4465cca0dbde17f64e0ef70d03ac75
p6_C_cached_crt_noreset_s29,29,training_set_primary_roi_024,0.06666666666666667,3,8830ea69a413bf48558c3b56ea80278dec4465cca0dbde17f64e0ef70d03ac75
p6_C_cached_crt_noreset_s29,29,training_set_primary_roi_029,0.2,5,8830ea69a413bf48558c3b56ea80278dec4465cca0dbde17f64e0ef70d03ac75
p6_C_cached_crt_noreset_s29,29,training_set_primary_roi_032,0.27999999999999997,5,8830ea69a413bf48558c3b56ea80278dec4465cca0dbde17f64e0ef70d03ac75
p6_C_cached_crt_noreset_s29,29,training_set_primary_roi_034,0.2,6,8830ea69a413bf48558c3b56ea80278dec4465cca0dbde17f64e0ef70d03ac75
p6_C_cached_crt_noreset_s29,29,training_set_primary_roi_036,0.2,4,8830ea69a413bf48558c3b56ea80278dec4465cca0dbde17f64e0ef70d03ac75
p6_C_cached_crt_noreset_s29,29,training_set_primary_roi_037,0.1,4,8830ea69a413bf48558c3b56ea80278dec4465cca0dbde17f64e0ef70d03ac75
p6_C_cached_crt_noreset_s29,29,training_set_primary_roi_040,0.1833333333333333,7,8830ea69a413bf48558c3b56ea80278dec4465cca0dbde17f64e0ef70d03ac75
p6_C_cached_crt_noreset_s29,29,training_set_primary_roi_052,0.16666666666666666,9,8830ea69a413bf48558c3b56ea80278dec4465cca0dbde17f64e0ef70d03ac75
p6_C_cached_crt_noreset_s29,29,training_set_primary_roi_057,0.18,6,8830ea69a413bf48558c3b56ea80278dec4465cca0dbde17f64e0ef70d03ac75
p6_C_cached_crt_noreset_s29,29,training_set_primary_roi_058,0.15,7,8830ea69a413bf48558c3b56ea80278dec4465cca0dbde17f64e0ef70d03ac75
p6_C_cached_crt_noreset_s29,29,training_set_primary_roi_062,0.1,3,8830ea69a413bf48558c3b56ea80278dec4465cca0dbde17f64e0ef70d03ac75
p6_C_cached_crt_noreset_s29,29,training_set_primary_roi_064,0.16666666666666666,5,8830ea69a413bf48558c3b56ea80278dec4465cca0dbde17f64e0ef70d03ac75
p6_C_cached_crt_noreset_s29,29,training_set_primary_roi_067,0.36666666666666664,6,8830ea69a413bf48558c3b56ea80278dec4465cca0dbde17f64e0ef70d03ac75
p6_C_cached_crt_noreset_s29,29,training_set_primary_roi_068,0.1,6,8830ea69a413bf48558c3b56ea80278dec4465cca0dbde17f64e0ef70d03ac75
p6_C_cached_crt_noreset_s29,29,training_set_primary_roi_075,0.16666666666666666,3,8830ea69a413bf48558c3b56ea80278dec4465cca0dbde17f64e0ef70d03ac75
p6_C_cached_crt_noreset_s29,29,training_set_primary_roi_082,0.3,5,8830ea69a413bf48558c3b56ea80278dec4465cca0dbde17f64e0ef70d03ac75
p6_C_cached_crt_noreset_s29,29,training_set_primary_roi_083,0.3,5,8830ea69a413bf48558c3b56ea80278dec4465cca0dbde17f64e0ef70d03ac75
p6_C_cached_crt_noreset_s29,29,training_set_primary_roi_086,0.16666666666666666,5,8830ea69a413bf48558c3b56ea80278dec4465cca0dbde17f64e0ef70d03ac75
p6_C_cached_crt_noreset_s29,29,training_set_primary_roi_091,0.06666666666666667,2,8830ea69a413bf48558c3b56ea80278dec4465cca0dbde17f64e0ef70d03ac75
p6_C_cached_crt_noreset_s29,29,training_set_primary_roi_096,0.1,3,8830ea69a413bf48558c3b56ea80278dec4465cca0dbde17f64e0ef70d03ac75
p6_C_cached_crt_noreset_s29,29,training_set_primary_roi_098,0.1,3,8830ea69a413bf48558c3b56ea80278dec4465cca0dbde17f64e0ef70d03ac75
p6_C_cached_crt_noreset_s43,43,training_set_metastatic_roi_001,0.1,2,e4936e556bffe009df868ff57b83fa70a34780bd2c87c05eea6e44359efd36d6
p6_C_cached_crt_noreset_s43,43,training_set_metastatic_roi_002,0.0,2,e4936e556bffe009df868ff57b83fa70a34780bd2c87c05eea6e44359efd36d6
p6_C_cached_crt_noreset_s43,43,training_set_metastatic_roi_015,0.1,2,e4936e556bffe009df868ff57b83fa70a34780bd2c87c05eea6e44359efd36d6
p6_C_cached_crt_noreset_s43,43,training_set_metastatic_roi_018,0.11666666666666665,5,e4936e556bffe009df868ff57b83fa70a34780bd2c87c05eea6e44359efd36d6
p6_C_cached_crt_noreset_s43,43,training_set_metastatic_roi_020,0.2,3,e4936e556bffe009df868ff57b83fa70a34780bd2c87c05eea6e44359efd36d6
p6_C_cached_crt_noreset_s43,43,training_set_metastatic_roi_023,0.05,3,e4936e556bffe009df868ff57b83fa70a34780bd2c87c05eea6e44359efd36d6
p6_C_cached_crt_noreset_s43,43,training_set_metastatic_roi_029,0.05,3,e4936e556bffe009df868ff57b83fa70a34780bd2c87c05eea6e44359efd36d6
p6_C_cached_crt_noreset_s43,43,training_set_metastatic_roi_030,0.06666666666666667,4,e4936e556bffe009df868ff57b83fa70a34780bd2c87c05eea6e44359efd36d6
p6_C_cached_crt_noreset_s43,43,training_set_metastatic_roi_031,0.0,2,e4936e556bffe009df868ff57b83fa70a34780bd2c87c05eea6e44359efd36d6
p6_C_cached_crt_noreset_s43,43,training_set_metastatic_roi_032,0.1,3,e4936e556bffe009df868ff57b83fa70a34780bd2c87c05eea6e44359efd36d6
p6_C_cached_crt_noreset_s43,43,training_set_metastatic_roi_035,0.1,1,e4936e556bffe009df868ff57b83fa70a34780bd2c87c05eea6e44359efd36d6
p6_C_cached_crt_noreset_s43,43,training_set_metastatic_roi_040,0.06666666666666667,3,e4936e556bffe009df868ff57b83fa70a34780bd2c87c05eea6e44359efd36d6
p6_C_cached_crt_noreset_s43,43,training_set_metastatic_roi_046,0.05714285714285715,6,e4936e556bffe009df868ff57b83fa70a34780bd2c87c05eea6e44359efd36d6
p6_C_cached_crt_noreset_s43,43,training_set_metastatic_roi_047,0.06666666666666667,3,e4936e556bffe009df868ff57b83fa70a34780bd2c87c05eea6e44359efd36d6
p6_C_cached_crt_noreset_s43,43,training_set_metastatic_roi_049,0.06666666666666667,2,e4936e556bffe009df868ff57b83fa70a34780bd2c87c05eea6e44359efd36d6
p6_C_cached_crt_noreset_s43,43,training_set_metastatic_roi_056,0.25,6,e4936e556bffe009df868ff57b83fa70a34780bd2c87c05eea6e44359efd36d6
p6_C_cached_crt_noreset_s43,43,training_set_metastatic_roi_061,0.21666666666666665,6,e4936e556bffe009df868ff57b83fa70a34780bd2c87c05eea6e44359efd36d6
p6_C_cached_crt_noreset_s43,43,training_set_metastatic_roi_067,0.06666666666666667,5,e4936e556bffe009df868ff57b83fa70a34780bd2c87c05eea6e44359efd36d6
p6_C_cached_crt_noreset_s43,43,training_set_metastatic_roi_076,0.0,3,e4936e556bffe009df868ff57b83fa70a34780bd2c87c05eea6e44359efd36d6
p6_C_cached_crt_noreset_s43,43,training_set_metastatic_roi_080,0.25,7,e4936e556bffe009df868ff57b83fa70a34780bd2c87c05eea6e44359efd36d6
p6_C_cached_crt_noreset_s43,43,training_set_metastatic_roi_081,0.2,3,e4936e556bffe009df868ff57b83fa70a34780bd2c87c05eea6e44359efd36d6
p6_C_cached_crt_noreset_s43,43,training_set_metastatic_roi_085,0.1,2,e4936e556bffe009df868ff57b83fa70a34780bd2c87c05eea6e44359efd36d6
p6_C_cached_crt_noreset_s43,43,training_set_metastatic_roi_087,0.3,4,e4936e556bffe009df868ff57b83fa70a34780bd2c87c05eea6e44359efd36d6
p6_C_cached_crt_noreset_s43,43,training_set_metastatic_roi_093,0.1,2,e4936e556bffe009df868ff57b83fa70a34780bd2c87c05eea6e44359efd36d6
p6_C_cached_crt_noreset_s43,43,training_set_metastatic_roi_097,0.1,1,e4936e556bffe009df868ff57b83fa70a34780bd2c87c05eea6e44359efd36d6
p6_C_cached_crt_noreset_s43,43,training_set_metastatic_roi_102,0.06666666666666667,3,e4936e556bffe009df868ff57b83fa70a34780bd2c87c05eea6e44359efd36d6
p6_C_cached_crt_noreset_s43,43,training_set_primary_roi_002,0.0,1,e4936e556bffe009df868ff57b83fa70a34780bd2c87c05eea6e44359efd36d6
p6_C_cached_crt_noreset_s43,43,training_set_primary_roi_006,0.16666666666666666,3,e4936e556bffe009df868ff57b83fa70a34780bd2c87c05eea6e44359efd36d6
p6_C_cached_crt_noreset_s43,43,training_set_primary_roi_009,0.0,2,e4936e556bffe009df868ff57b83fa70a34780bd2c87c05eea6e44359efd36d6
p6_C_cached_crt_noreset_s43,43,training_set_primary_roi_010,0.15,6,e4936e556bffe009df868ff57b83fa70a34780bd2c87c05eea6e44359efd36d6
p6_C_cached_crt_noreset_s43,43,training_set_primary_roi_012,0.05,5,e4936e556bffe009df868ff57b83fa70a34780bd2c87c05eea6e44359efd36d6
p6_C_cached_crt_noreset_s43,43,training_set_primary_roi_014,0.36666666666666664,5,e4936e556bffe009df868ff57b83fa70a34780bd2c87c05eea6e44359efd36d6
p6_C_cached_crt_noreset_s43,43,training_set_primary_roi_016,0.35,6,e4936e556bffe009df868ff57b83fa70a34780bd2c87c05eea6e44359efd36d6
p6_C_cached_crt_noreset_s43,43,training_set_primary_roi_020,0.26666666666666666,4,e4936e556bffe009df868ff57b83fa70a34780bd2c87c05eea6e44359efd36d6
p6_C_cached_crt_noreset_s43,43,training_set_primary_roi_022,0.2,5,e4936e556bffe009df868ff57b83fa70a34780bd2c87c05eea6e44359efd36d6
p6_C_cached_crt_noreset_s43,43,training_set_primary_roi_024,0.0,3,e4936e556bffe009df868ff57b83fa70a34780bd2c87c05eea6e44359efd36d6
p6_C_cached_crt_noreset_s43,43,training_set_primary_roi_029,0.16666666666666666,5,e4936e556bffe009df868ff57b83fa70a34780bd2c87c05eea6e44359efd36d6
p6_C_cached_crt_noreset_s43,43,training_set_primary_roi_032,0.27999999999999997,5,e4936e556bffe009df868ff57b83fa70a34780bd2c87c05eea6e44359efd36d6
p6_C_cached_crt_noreset_s43,43,training_set_primary_roi_034,0.2,6,e4936e556bffe009df868ff57b83fa70a34780bd2c87c05eea6e44359efd36d6
p6_C_cached_crt_noreset_s43,43,training_set_primary_roi_036,0.16666666666666666,4,e4936e556bffe009df868ff57b83fa70a34780bd2c87c05eea6e44359efd36d6
p6_C_cached_crt_noreset_s43,43,training_set_primary_roi_037,0.15,4,e4936e556bffe009df868ff57b83fa70a34780bd2c87c05eea6e44359efd36d6
p6_C_cached_crt_noreset_s43,43,training_set_primary_roi_040,0.21666666666666665,7,e4936e556bffe009df868ff57b83fa70a34780bd2c87c05eea6e44359efd36d6
p6_C_cached_crt_noreset_s43,43,training_set_primary_roi_052,0.16666666666666666,9,e4936e556bffe009df868ff57b83fa70a34780bd2c87c05eea6e44359efd36d6
p6_C_cached_crt_noreset_s43,43,training_set_primary_roi_057,0.2,6,e4936e556bffe009df868ff57b83fa70a34780bd2c87c05eea6e44359efd36d6
p6_C_cached_crt_noreset_s43,43,training_set_primary_roi_058,0.2,7,e4936e556bffe009df868ff57b83fa70a34780bd2c87c05eea6e44359efd36d6
p6_C_cached_crt_noreset_s43,43,training_set_primary_roi_062,0.1,3,e4936e556bffe009df868ff57b83fa70a34780bd2c87c05eea6e44359efd36d6
p6_C_cached_crt_noreset_s43,43,training_set_primary_roi_064,0.3,5,e4936e556bffe009df868ff57b83fa70a34780bd2c87c05eea6e44359efd36d6
p6_C_cached_crt_noreset_s43,43,training_set_primary_roi_067,0.26666666666666666,6,e4936e556bffe009df868ff57b83fa70a34780bd2c87c05eea6e44359efd36d6
p6_C_cached_crt_noreset_s43,43,training_set_primary_roi_068,0.1,6,e4936e556bffe009df868ff57b83fa70a34780bd2c87c05eea6e44359efd36d6
p6_C_cached_crt_noreset_s43,43,training_set_primary_roi_075,0.3,3,e4936e556bffe009df868ff57b83fa70a34780bd2c87c05eea6e44359efd36d6
p6_C_cached_crt_noreset_s43,43,training_set_primary_roi_082,0.21666666666666665,5,e4936e556bffe009df868ff57b83fa70a34780bd2c87c05eea6e44359efd36d6
p6_C_cached_crt_noreset_s43,43,training_set_primary_roi_083,0.2,5,e4936e556bffe009df868ff57b83fa70a34780bd2c87c05eea6e44359efd36d6
p6_C_cached_crt_noreset_s43,43,training_set_primary_roi_086,0.16666666666666666,5,e4936e556bffe009df868ff57b83fa70a34780bd2c87c05eea6e44359efd36d6
p6_C_cached_crt_noreset_s43,43,training_set_primary_roi_091,0.06666666666666667,2,e4936e556bffe009df868ff57b83fa70a34780bd2c87c05eea6e44359efd36d6
p6_C_cached_crt_noreset_s43,43,training_set_primary_roi_096,0.1,3,e4936e556bffe009df868ff57b83fa70a34780bd2c87c05eea6e44359efd36d6
p6_C_cached_crt_noreset_s43,43,training_set_primary_roi_098,0.1,3,e4936e556bffe009df868ff57b83fa70a34780bd2c87c05eea6e44359efd36d6
p6_C_cached_crt_reset_s17,17,training_set_metastatic_roi_001,0.0,2,e9078982a8fa563dd6bfb59224674e0e77d5d8ea12b73bcf90b14f4a046db41c
p6_C_cached_crt_reset_s17,17,training_set_metastatic_roi_002,0.0,2,e9078982a8fa563dd6bfb59224674e0e77d5d8ea12b73bcf90b14f4a046db41c
p6_C_cached_crt_reset_s17,17,training_set_metastatic_roi_015,0.1,2,e9078982a8fa563dd6bfb59224674e0e77d5d8ea12b73bcf90b14f4a046db41c
p6_C_cached_crt_reset_s17,17,training_set_metastatic_roi_018,0.05,5,e9078982a8fa563dd6bfb59224674e0e77d5d8ea12b73bcf90b14f4a046db41c
p6_C_cached_crt_reset_s17,17,training_set_metastatic_roi_020,0.2,3,e9078982a8fa563dd6bfb59224674e0e77d5d8ea12b73bcf90b14f4a046db41c
p6_C_cached_crt_reset_s17,17,training_set_metastatic_roi_023,0.05,3,e9078982a8fa563dd6bfb59224674e0e77d5d8ea12b73bcf90b14f4a046db41c
p6_C_cached_crt_reset_s17,17,training_set_metastatic_roi_029,0.16666666666666666,3,e9078982a8fa563dd6bfb59224674e0e77d5d8ea12b73bcf90b14f4a046db41c
p6_C_cached_crt_reset_s17,17,training_set_metastatic_roi_030,0.16666666666666666,4,e9078982a8fa563dd6bfb59224674e0e77d5d8ea12b73bcf90b14f4a046db41c
p6_C_cached_crt_reset_s17,17,training_set_metastatic_roi_031,0.0,2,e9078982a8fa563dd6bfb59224674e0e77d5d8ea12b73bcf90b14f4a046db41c
p6_C_cached_crt_reset_s17,17,training_set_metastatic_roi_032,0.06666666666666667,3,e9078982a8fa563dd6bfb59224674e0e77d5d8ea12b73bcf90b14f4a046db41c
p6_C_cached_crt_reset_s17,17,training_set_metastatic_roi_035,0.1,1,e9078982a8fa563dd6bfb59224674e0e77d5d8ea12b73bcf90b14f4a046db41c
p6_C_cached_crt_reset_s17,17,training_set_metastatic_roi_040,0.2,3,e9078982a8fa563dd6bfb59224674e0e77d5d8ea12b73bcf90b14f4a046db41c
p6_C_cached_crt_reset_s17,17,training_set_metastatic_roi_046,0.05714285714285715,6,e9078982a8fa563dd6bfb59224674e0e77d5d8ea12b73bcf90b14f4a046db41c
p6_C_cached_crt_reset_s17,17,training_set_metastatic_roi_047,0.06666666666666667,3,e9078982a8fa563dd6bfb59224674e0e77d5d8ea12b73bcf90b14f4a046db41c
p6_C_cached_crt_reset_s17,17,training_set_metastatic_roi_049,0.2,2,e9078982a8fa563dd6bfb59224674e0e77d5d8ea12b73bcf90b14f4a046db41c
p6_C_cached_crt_reset_s17,17,training_set_metastatic_roi_056,0.10666666666666666,6,e9078982a8fa563dd6bfb59224674e0e77d5d8ea12b73bcf90b14f4a046db41c
p6_C_cached_crt_reset_s17,17,training_set_metastatic_roi_061,0.13999999999999999,6,e9078982a8fa563dd6bfb59224674e0e77d5d8ea12b73bcf90b14f4a046db41c
p6_C_cached_crt_reset_s17,17,training_set_metastatic_roi_067,0.06666666666666667,5,e9078982a8fa563dd6bfb59224674e0e77d5d8ea12b73bcf90b14f4a046db41c
p6_C_cached_crt_reset_s17,17,training_set_metastatic_roi_076,0.0,3,e9078982a8fa563dd6bfb59224674e0e77d5d8ea12b73bcf90b14f4a046db41c
p6_C_cached_crt_reset_s17,17,training_set_metastatic_roi_080,0.23333333333333334,7,e9078982a8fa563dd6bfb59224674e0e77d5d8ea12b73bcf90b14f4a046db41c
p6_C_cached_crt_reset_s17,17,training_set_metastatic_roi_081,0.16666666666666666,3,e9078982a8fa563dd6bfb59224674e0e77d5d8ea12b73bcf90b14f4a046db41c
p6_C_cached_crt_reset_s17,17,training_set_metastatic_roi_085,0.1,2,e9078982a8fa563dd6bfb59224674e0e77d5d8ea12b73bcf90b14f4a046db41c
p6_C_cached_crt_reset_s17,17,training_set_metastatic_roi_087,0.2,4,e9078982a8fa563dd6bfb59224674e0e77d5d8ea12b73bcf90b14f4a046db41c
p6_C_cached_crt_reset_s17,17,training_set_metastatic_roi_093,0.1,2,e9078982a8fa563dd6bfb59224674e0e77d5d8ea12b73bcf90b14f4a046db41c
p6_C_cached_crt_reset_s17,17,training_set_metastatic_roi_097,0.1,1,e9078982a8fa563dd6bfb59224674e0e77d5d8ea12b73bcf90b14f4a046db41c
p6_C_cached_crt_reset_s17,17,training_set_metastatic_roi_102,0.1,3,e9078982a8fa563dd6bfb59224674e0e77d5d8ea12b73bcf90b14f4a046db41c
p6_C_cached_crt_reset_s17,17,training_set_primary_roi_002,0.0,1,e9078982a8fa563dd6bfb59224674e0e77d5d8ea12b73bcf90b14f4a046db41c
p6_C_cached_crt_reset_s17,17,training_set_primary_roi_006,0.16666666666666666,3,e9078982a8fa563dd6bfb59224674e0e77d5d8ea12b73bcf90b14f4a046db41c
p6_C_cached_crt_reset_s17,17,training_set_primary_roi_009,0.0,2,e9078982a8fa563dd6bfb59224674e0e77d5d8ea12b73bcf90b14f4a046db41c
p6_C_cached_crt_reset_s17,17,training_set_primary_roi_010,0.13333333333333333,6,e9078982a8fa563dd6bfb59224674e0e77d5d8ea12b73bcf90b14f4a046db41c
p6_C_cached_crt_reset_s17,17,training_set_primary_roi_012,0.05,5,e9078982a8fa563dd6bfb59224674e0e77d5d8ea12b73bcf90b14f4a046db41c
p6_C_cached_crt_reset_s17,17,training_set_primary_roi_014,0.25,5,e9078982a8fa563dd6bfb59224674e0e77d5d8ea12b73bcf90b14f4a046db41c
p6_C_cached_crt_reset_s17,17,training_set_primary_roi_016,0.35,6,e9078982a8fa563dd6bfb59224674e0e77d5d8ea12b73bcf90b14f4a046db41c
p6_C_cached_crt_reset_s17,17,training_set_primary_roi_020,0.13333333333333333,4,e9078982a8fa563dd6bfb59224674e0e77d5d8ea12b73bcf90b14f4a046db41c
p6_C_cached_crt_reset_s17,17,training_set_primary_roi_022,0.2,5,e9078982a8fa563dd6bfb59224674e0e77d5d8ea12b73bcf90b14f4a046db41c
p6_C_cached_crt_reset_s17,17,training_set_primary_roi_024,0.06666666666666667,3,e9078982a8fa563dd6bfb59224674e0e77d5d8ea12b73bcf90b14f4a046db41c
p6_C_cached_crt_reset_s17,17,training_set_primary_roi_029,0.26666666666666666,5,e9078982a8fa563dd6bfb59224674e0e77d5d8ea12b73bcf90b14f4a046db41c
p6_C_cached_crt_reset_s17,17,training_set_primary_roi_032,0.27999999999999997,5,e9078982a8fa563dd6bfb59224674e0e77d5d8ea12b73bcf90b14f4a046db41c
p6_C_cached_crt_reset_s17,17,training_set_primary_roi_034,0.2333333333333333,6,e9078982a8fa563dd6bfb59224674e0e77d5d8ea12b73bcf90b14f4a046db41c
p6_C_cached_crt_reset_s17,17,training_set_primary_roi_036,0.13333333333333333,4,e9078982a8fa563dd6bfb59224674e0e77d5d8ea12b73bcf90b14f4a046db41c
p6_C_cached_crt_reset_s17,17,training_set_primary_roi_037,0.1,4,e9078982a8fa563dd6bfb59224674e0e77d5d8ea12b73bcf90b14f4a046db41c
p6_C_cached_crt_reset_s17,17,training_set_primary_roi_040,0.2,7,e9078982a8fa563dd6bfb59224674e0e77d5d8ea12b73bcf90b14f4a046db41c
p6_C_cached_crt_reset_s17,17,training_set_primary_roi_052,0.13333333333333333,9,e9078982a8fa563dd6bfb59224674e0e77d5d8ea12b73bcf90b14f4a046db41c
p6_C_cached_crt_reset_s17,17,training_set_primary_roi_057,0.14666666666666667,6,e9078982a8fa563dd6bfb59224674e0e77d5d8ea12b73bcf90b14f4a046db41c
p6_C_cached_crt_reset_s17,17,training_set_primary_roi_058,0.16666666666666666,7,e9078982a8fa563dd6bfb59224674e0e77d5d8ea12b73bcf90b14f4a046db41c
p6_C_cached_crt_reset_s17,17,training_set_primary_roi_062,0.1,3,e9078982a8fa563dd6bfb59224674e0e77d5d8ea12b73bcf90b14f4a046db41c
p6_C_cached_crt_reset_s17,17,training_set_primary_roi_064,0.3,5,e9078982a8fa563dd6bfb59224674e0e77d5d8ea12b73bcf90b14f4a046db41c
p6_C_cached_crt_reset_s17,17,training_set_primary_roi_067,0.25,6,e9078982a8fa563dd6bfb59224674e0e77d5d8ea12b73bcf90b14f4a046db41c
p6_C_cached_crt_reset_s17,17,training_set_primary_roi_068,0.1,6,e9078982a8fa563dd6bfb59224674e0e77d5d8ea12b73bcf90b14f4a046db41c
p6_C_cached_crt_reset_s17,17,training_set_primary_roi_075,0.2,3,e9078982a8fa563dd6bfb59224674e0e77d5d8ea12b73bcf90b14f4a046db41c
p6_C_cached_crt_reset_s17,17,training_set_primary_roi_082,0.21666666666666665,5,e9078982a8fa563dd6bfb59224674e0e77d5d8ea12b73bcf90b14f4a046db41c
p6_C_cached_crt_reset_s17,17,training_set_primary_roi_083,0.2,5,e9078982a8fa563dd6bfb59224674e0e77d5d8ea12b73bcf90b14f4a046db41c
p6_C_cached_crt_reset_s17,17,training_set_primary_roi_086,0.2333333333333333,5,e9078982a8fa563dd6bfb59224674e0e77d5d8ea12b73bcf90b14f4a046db41c
p6_C_cached_crt_reset_s17,17,training_set_primary_roi_091,0.06666666666666667,2,e9078982a8fa563dd6bfb59224674e0e77d5d8ea12b73bcf90b14f4a046db41c
p6_C_cached_crt_reset_s17,17,training_set_primary_roi_096,0.1,3,e9078982a8fa563dd6bfb59224674e0e77d5d8ea12b73bcf90b14f4a046db41c
p6_C_cached_crt_reset_s17,17,training_set_primary_roi_098,0.1,3,e9078982a8fa563dd6bfb59224674e0e77d5d8ea12b73bcf90b14f4a046db41c
p6_C_cached_crt_reset_s29,29,training_set_metastatic_roi_001,0.0,2,61b4e14d92a873cba624a350b7a3e6967b6d9ad642bc2ef1689145c348fa396c
p6_C_cached_crt_reset_s29,29,training_set_metastatic_roi_002,0.0,2,61b4e14d92a873cba624a350b7a3e6967b6d9ad642bc2ef1689145c348fa396c
p6_C_cached_crt_reset_s29,29,training_set_metastatic_roi_015,0.1,2,61b4e14d92a873cba624a350b7a3e6967b6d9ad642bc2ef1689145c348fa396c
p6_C_cached_crt_reset_s29,29,training_set_metastatic_roi_018,0.08,5,61b4e14d92a873cba624a350b7a3e6967b6d9ad642bc2ef1689145c348fa396c
p6_C_cached_crt_reset_s29,29,training_set_metastatic_roi_020,0.2,3,61b4e14d92a873cba624a350b7a3e6967b6d9ad642bc2ef1689145c348fa396c
p6_C_cached_crt_reset_s29,29,training_set_metastatic_roi_023,0.05,3,61b4e14d92a873cba624a350b7a3e6967b6d9ad642bc2ef1689145c348fa396c
p6_C_cached_crt_reset_s29,29,training_set_metastatic_roi_029,0.16666666666666666,3,61b4e14d92a873cba624a350b7a3e6967b6d9ad642bc2ef1689145c348fa396c
p6_C_cached_crt_reset_s29,29,training_set_metastatic_roi_030,0.06666666666666667,4,61b4e14d92a873cba624a350b7a3e6967b6d9ad642bc2ef1689145c348fa396c
p6_C_cached_crt_reset_s29,29,training_set_metastatic_roi_031,0.0,2,61b4e14d92a873cba624a350b7a3e6967b6d9ad642bc2ef1689145c348fa396c
p6_C_cached_crt_reset_s29,29,training_set_metastatic_roi_032,0.06666666666666667,3,61b4e14d92a873cba624a350b7a3e6967b6d9ad642bc2ef1689145c348fa396c
p6_C_cached_crt_reset_s29,29,training_set_metastatic_roi_035,0.1,1,61b4e14d92a873cba624a350b7a3e6967b6d9ad642bc2ef1689145c348fa396c
p6_C_cached_crt_reset_s29,29,training_set_metastatic_roi_040,0.2,3,61b4e14d92a873cba624a350b7a3e6967b6d9ad642bc2ef1689145c348fa396c
p6_C_cached_crt_reset_s29,29,training_set_metastatic_roi_046,0.05714285714285715,6,61b4e14d92a873cba624a350b7a3e6967b6d9ad642bc2ef1689145c348fa396c
p6_C_cached_crt_reset_s29,29,training_set_metastatic_roi_047,0.1,3,61b4e14d92a873cba624a350b7a3e6967b6d9ad642bc2ef1689145c348fa396c
p6_C_cached_crt_reset_s29,29,training_set_metastatic_roi_049,0.2,2,61b4e14d92a873cba624a350b7a3e6967b6d9ad642bc2ef1689145c348fa396c
p6_C_cached_crt_reset_s29,29,training_set_metastatic_roi_056,0.13999999999999999,6,61b4e14d92a873cba624a350b7a3e6967b6d9ad642bc2ef1689145c348fa396c
p6_C_cached_crt_reset_s29,29,training_set_metastatic_roi_061,0.20666666666666664,6,61b4e14d92a873cba624a350b7a3e6967b6d9ad642bc2ef1689145c348fa396c
p6_C_cached_crt_reset_s29,29,training_set_metastatic_roi_067,0.15,5,61b4e14d92a873cba624a350b7a3e6967b6d9ad642bc2ef1689145c348fa396c
p6_C_cached_crt_reset_s29,29,training_set_metastatic_roi_076,0.0,3,61b4e14d92a873cba624a350b7a3e6967b6d9ad642bc2ef1689145c348fa396c
p6_C_cached_crt_reset_s29,29,training_set_metastatic_roi_080,0.2,7,61b4e14d92a873cba624a350b7a3e6967b6d9ad642bc2ef1689145c348fa396c
p6_C_cached_crt_reset_s29,29,training_set_metastatic_roi_081,0.1,3,61b4e14d92a873cba624a350b7a3e6967b6d9ad642bc2ef1689145c348fa396c
p6_C_cached_crt_reset_s29,29,training_set_metastatic_roi_085,0.2,2,61b4e14d92a873cba624a350b7a3e6967b6d9ad642bc2ef1689145c348fa396c
p6_C_cached_crt_reset_s29,29,training_set_metastatic_roi_087,0.06666666666666667,4,61b4e14d92a873cba624a350b7a3e6967b6d9ad642bc2ef1689145c348fa396c
p6_C_cached_crt_reset_s29,29,training_set_metastatic_roi_093,0.1,2,61b4e14d92a873cba624a350b7a3e6967b6d9ad642bc2ef1689145c348fa396c
p6_C_cached_crt_reset_s29,29,training_set_metastatic_roi_097,0.0,1,61b4e14d92a873cba624a350b7a3e6967b6d9ad642bc2ef1689145c348fa396c
p6_C_cached_crt_reset_s29,29,training_set_metastatic_roi_102,0.06666666666666667,3,61b4e14d92a873cba624a350b7a3e6967b6d9ad642bc2ef1689145c348fa396c
p6_C_cached_crt_reset_s29,29,training_set_primary_roi_002,0.0,1,61b4e14d92a873cba624a350b7a3e6967b6d9ad642bc2ef1689145c348fa396c
p6_C_cached_crt_reset_s29,29,training_set_primary_roi_006,0.05,3,61b4e14d92a873cba624a350b7a3e6967b6d9ad642bc2ef1689145c348fa396c
p6_C_cached_crt_reset_s29,29,training_set_primary_roi_009,0.0,2,61b4e14d92a873cba624a350b7a3e6967b6d9ad642bc2ef1689145c348fa396c
p6_C_cached_crt_reset_s29,29,training_set_primary_roi_010,0.15,6,61b4e14d92a873cba624a350b7a3e6967b6d9ad642bc2ef1689145c348fa396c
p6_C_cached_crt_reset_s29,29,training_set_primary_roi_012,0.05,5,61b4e14d92a873cba624a350b7a3e6967b6d9ad642bc2ef1689145c348fa396c
p6_C_cached_crt_reset_s29,29,training_set_primary_roi_014,0.25,5,61b4e14d92a873cba624a350b7a3e6967b6d9ad642bc2ef1689145c348fa396c
p6_C_cached_crt_reset_s29,29,training_set_primary_roi_016,0.24,6,61b4e14d92a873cba624a350b7a3e6967b6d9ad642bc2ef1689145c348fa396c
p6_C_cached_crt_reset_s29,29,training_set_primary_roi_020,0.4,4,61b4e14d92a873cba624a350b7a3e6967b6d9ad642bc2ef1689145c348fa396c
p6_C_cached_crt_reset_s29,29,training_set_primary_roi_022,0.26666666666666666,5,61b4e14d92a873cba624a350b7a3e6967b6d9ad642bc2ef1689145c348fa396c
p6_C_cached_crt_reset_s29,29,training_set_primary_roi_024,0.1,3,61b4e14d92a873cba624a350b7a3e6967b6d9ad642bc2ef1689145c348fa396c
p6_C_cached_crt_reset_s29,29,training_set_primary_roi_029,0.16666666666666666,5,61b4e14d92a873cba624a350b7a3e6967b6d9ad642bc2ef1689145c348fa396c
p6_C_cached_crt_reset_s29,29,training_set_primary_roi_032,0.27999999999999997,5,61b4e14d92a873cba624a350b7a3e6967b6d9ad642bc2ef1689145c348fa396c
p6_C_cached_crt_reset_s29,29,training_set_primary_roi_034,0.2,6,61b4e14d92a873cba624a350b7a3e6967b6d9ad642bc2ef1689145c348fa396c
p6_C_cached_crt_reset_s29,29,training_set_primary_roi_036,0.2,4,61b4e14d92a873cba624a350b7a3e6967b6d9ad642bc2ef1689145c348fa396c
p6_C_cached_crt_reset_s29,29,training_set_primary_roi_037,0.1,4,61b4e14d92a873cba624a350b7a3e6967b6d9ad642bc2ef1689145c348fa396c
p6_C_cached_crt_reset_s29,29,training_set_primary_roi_040,0.2333333333333333,7,61b4e14d92a873cba624a350b7a3e6967b6d9ad642bc2ef1689145c348fa396c
p6_C_cached_crt_reset_s29,29,training_set_primary_roi_052,0.3238095238095238,9,61b4e14d92a873cba624a350b7a3e6967b6d9ad642bc2ef1689145c348fa396c
p6_C_cached_crt_reset_s29,29,training_set_primary_roi_057,0.08,6,61b4e14d92a873cba624a350b7a3e6967b6d9ad642bc2ef1689145c348fa396c
p6_C_cached_crt_reset_s29,29,training_set_primary_roi_058,0.2333333333333333,7,61b4e14d92a873cba624a350b7a3e6967b6d9ad642bc2ef1689145c348fa396c
p6_C_cached_crt_reset_s29,29,training_set_primary_roi_062,0.1,3,61b4e14d92a873cba624a350b7a3e6967b6d9ad642bc2ef1689145c348fa396c
p6_C_cached_crt_reset_s29,29,training_set_primary_roi_064,0.04,5,61b4e14d92a873cba624a350b7a3e6967b6d9ad642bc2ef1689145c348fa396c
p6_C_cached_crt_reset_s29,29,training_set_primary_roi_067,0.26666666666666666,6,61b4e14d92a873cba624a350b7a3e6967b6d9ad642bc2ef1689145c348fa396c
p6_C_cached_crt_reset_s29,29,training_set_primary_roi_068,0.1,6,61b4e14d92a873cba624a350b7a3e6967b6d9ad642bc2ef1689145c348fa396c
p6_C_cached_crt_reset_s29,29,training_set_primary_roi_075,0.2,3,61b4e14d92a873cba624a350b7a3e6967b6d9ad642bc2ef1689145c348fa396c
p6_C_cached_crt_reset_s29,29,training_set_primary_roi_082,0.26666666666666666,5,61b4e14d92a873cba624a350b7a3e6967b6d9ad642bc2ef1689145c348fa396c
p6_C_cached_crt_reset_s29,29,training_set_primary_roi_083,0.26666666666666666,5,61b4e14d92a873cba624a350b7a3e6967b6d9ad642bc2ef1689145c348fa396c
p6_C_cached_crt_reset_s29,29,training_set_primary_roi_086,0.26666666666666666,5,61b4e14d92a873cba624a350b7a3e6967b6d9ad642bc2ef1689145c348fa396c
p6_C_cached_crt_reset_s29,29,training_set_primary_roi_091,0.1,2,61b4e14d92a873cba624a350b7a3e6967b6d9ad642bc2ef1689145c348fa396c
p6_C_cached_crt_reset_s29,29,training_set_primary_roi_096,0.1,3,61b4e14d92a873cba624a350b7a3e6967b6d9ad642bc2ef1689145c348fa396c
p6_C_cached_crt_reset_s29,29,training_set_primary_roi_098,0.1,3,61b4e14d92a873cba624a350b7a3e6967b6d9ad642bc2ef1689145c348fa396c
p6_C_cached_crt_reset_s43,43,training_set_metastatic_roi_001,0.0,2,35b1cc926cca6e2e571ee7046b3192fcdeec506e535339884719fb4a85d71a56
p6_C_cached_crt_reset_s43,43,training_set_metastatic_roi_002,0.0,2,35b1cc926cca6e2e571ee7046b3192fcdeec506e535339884719fb4a85d71a56
p6_C_cached_crt_reset_s43,43,training_set_metastatic_roi_015,0.1,2,35b1cc926cca6e2e571ee7046b3192fcdeec506e535339884719fb4a85d71a56
p6_C_cached_crt_reset_s43,43,training_set_metastatic_roi_018,0.11666666666666665,5,35b1cc926cca6e2e571ee7046b3192fcdeec506e535339884719fb4a85d71a56
p6_C_cached_crt_reset_s43,43,training_set_metastatic_roi_020,0.2,3,35b1cc926cca6e2e571ee7046b3192fcdeec506e535339884719fb4a85d71a56
p6_C_cached_crt_reset_s43,43,training_set_metastatic_roi_023,0.05,3,35b1cc926cca6e2e571ee7046b3192fcdeec506e535339884719fb4a85d71a56
p6_C_cached_crt_reset_s43,43,training_set_metastatic_roi_029,0.05,3,35b1cc926cca6e2e571ee7046b3192fcdeec506e535339884719fb4a85d71a56
p6_C_cached_crt_reset_s43,43,training_set_metastatic_roi_030,0.16666666666666666,4,35b1cc926cca6e2e571ee7046b3192fcdeec506e535339884719fb4a85d71a56
p6_C_cached_crt_reset_s43,43,training_set_metastatic_roi_031,0.0,2,35b1cc926cca6e2e571ee7046b3192fcdeec506e535339884719fb4a85d71a56
p6_C_cached_crt_reset_s43,43,training_set_metastatic_roi_032,0.16666666666666666,3,35b1cc926cca6e2e571ee7046b3192fcdeec506e535339884719fb4a85d71a56
p6_C_cached_crt_reset_s43,43,training_set_metastatic_roi_035,0.1,1,35b1cc926cca6e2e571ee7046b3192fcdeec506e535339884719fb4a85d71a56
p6_C_cached_crt_reset_s43,43,training_set_metastatic_roi_040,0.2,3,35b1cc926cca6e2e571ee7046b3192fcdeec506e535339884719fb4a85d71a56
p6_C_cached_crt_reset_s43,43,training_set_metastatic_roi_046,0.05714285714285715,6,35b1cc926cca6e2e571ee7046b3192fcdeec506e535339884719fb4a85d71a56
p6_C_cached_crt_reset_s43,43,training_set_metastatic_roi_047,0.05,3,35b1cc926cca6e2e571ee7046b3192fcdeec506e535339884719fb4a85d71a56
p6_C_cached_crt_reset_s43,43,training_set_metastatic_roi_049,0.2,2,35b1cc926cca6e2e571ee7046b3192fcdeec506e535339884719fb4a85d71a56
p6_C_cached_crt_reset_s43,43,training_set_metastatic_roi_056,0.10666666666666666,6,35b1cc926cca6e2e571ee7046b3192fcdeec506e535339884719fb4a85d71a56
p6_C_cached_crt_reset_s43,43,training_set_metastatic_roi_061,0.2333333333333333,6,35b1cc926cca6e2e571ee7046b3192fcdeec506e535339884719fb4a85d71a56
p6_C_cached_crt_reset_s43,43,training_set_metastatic_roi_067,0.06666666666666667,5,35b1cc926cca6e2e571ee7046b3192fcdeec506e535339884719fb4a85d71a56
p6_C_cached_crt_reset_s43,43,training_set_metastatic_roi_076,0.0,3,35b1cc926cca6e2e571ee7046b3192fcdeec506e535339884719fb4a85d71a56
p6_C_cached_crt_reset_s43,43,training_set_metastatic_roi_080,0.30666666666666664,7,35b1cc926cca6e2e571ee7046b3192fcdeec506e535339884719fb4a85d71a56
p6_C_cached_crt_reset_s43,43,training_set_metastatic_roi_081,0.2,3,35b1cc926cca6e2e571ee7046b3192fcdeec506e535339884719fb4a85d71a56
p6_C_cached_crt_reset_s43,43,training_set_metastatic_roi_085,0.1,2,35b1cc926cca6e2e571ee7046b3192fcdeec506e535339884719fb4a85d71a56
p6_C_cached_crt_reset_s43,43,training_set_metastatic_roi_087,0.3,4,35b1cc926cca6e2e571ee7046b3192fcdeec506e535339884719fb4a85d71a56
p6_C_cached_crt_reset_s43,43,training_set_metastatic_roi_093,0.1,2,35b1cc926cca6e2e571ee7046b3192fcdeec506e535339884719fb4a85d71a56
p6_C_cached_crt_reset_s43,43,training_set_metastatic_roi_097,0.1,1,35b1cc926cca6e2e571ee7046b3192fcdeec506e535339884719fb4a85d71a56
p6_C_cached_crt_reset_s43,43,training_set_metastatic_roi_102,0.06666666666666667,3,35b1cc926cca6e2e571ee7046b3192fcdeec506e535339884719fb4a85d71a56
p6_C_cached_crt_reset_s43,43,training_set_primary_roi_002,0.0,1,35b1cc926cca6e2e571ee7046b3192fcdeec506e535339884719fb4a85d71a56
p6_C_cached_crt_reset_s43,43,training_set_primary_roi_006,0.05,3,35b1cc926cca6e2e571ee7046b3192fcdeec506e535339884719fb4a85d71a56
p6_C_cached_crt_reset_s43,43,training_set_primary_roi_009,0.0,2,35b1cc926cca6e2e571ee7046b3192fcdeec506e535339884719fb4a85d71a56
p6_C_cached_crt_reset_s43,43,training_set_primary_roi_010,0.16666666666666666,6,35b1cc926cca6e2e571ee7046b3192fcdeec506e535339884719fb4a85d71a56
p6_C_cached_crt_reset_s43,43,training_set_primary_roi_012,0.15,5,35b1cc926cca6e2e571ee7046b3192fcdeec506e535339884719fb4a85d71a56
p6_C_cached_crt_reset_s43,43,training_set_primary_roi_014,0.25,5,35b1cc926cca6e2e571ee7046b3192fcdeec506e535339884719fb4a85d71a56
p6_C_cached_crt_reset_s43,43,training_set_primary_roi_016,0.35,6,35b1cc926cca6e2e571ee7046b3192fcdeec506e535339884719fb4a85d71a56
p6_C_cached_crt_reset_s43,43,training_set_primary_roi_020,0.26666666666666666,4,35b1cc926cca6e2e571ee7046b3192fcdeec506e535339884719fb4a85d71a56
p6_C_cached_crt_reset_s43,43,training_set_primary_roi_022,0.2,5,35b1cc926cca6e2e571ee7046b3192fcdeec506e535339884719fb4a85d71a56
p6_C_cached_crt_reset_s43,43,training_set_primary_roi_024,0.0,3,35b1cc926cca6e2e571ee7046b3192fcdeec506e535339884719fb4a85d71a56
p6_C_cached_crt_reset_s43,43,training_set_primary_roi_029,0.3,5,35b1cc926cca6e2e571ee7046b3192fcdeec506e535339884719fb4a85d71a56
p6_C_cached_crt_reset_s43,43,training_set_primary_roi_032,0.27999999999999997,5,35b1cc926cca6e2e571ee7046b3192fcdeec506e535339884719fb4a85d71a56
p6_C_cached_crt_reset_s43,43,training_set_primary_roi_034,0.2,6,35b1cc926cca6e2e571ee7046b3192fcdeec506e535339884719fb4a85d71a56
p6_C_cached_crt_reset_s43,43,training_set_primary_roi_036,0.06666666666666667,4,35b1cc926cca6e2e571ee7046b3192fcdeec506e535339884719fb4a85d71a56
p6_C_cached_crt_reset_s43,43,training_set_primary_roi_037,0.1,4,35b1cc926cca6e2e571ee7046b3192fcdeec506e535339884719fb4a85d71a56
p6_C_cached_crt_reset_s43,43,training_set_primary_roi_040,0.13333333333333333,7,35b1cc926cca6e2e571ee7046b3192fcdeec506e535339884719fb4a85d71a56
p6_C_cached_crt_reset_s43,43,training_set_primary_roi_052,0.16666666666666666,9,35b1cc926cca6e2e571ee7046b3192fcdeec506e535339884719fb4a85d71a56
p6_C_cached_crt_reset_s43,43,training_set_primary_roi_057,0.15,6,35b1cc926cca6e2e571ee7046b3192fcdeec506e535339884719fb4a85d71a56
p6_C_cached_crt_reset_s43,43,training_set_primary_roi_058,0.2,7,35b1cc926cca6e2e571ee7046b3192fcdeec506e535339884719fb4a85d71a56
p6_C_cached_crt_reset_s43,43,training_set_primary_roi_062,0.1,3,35b1cc926cca6e2e571ee7046b3192fcdeec506e535339884719fb4a85d71a56
p6_C_cached_crt_reset_s43,43,training_set_primary_roi_064,0.2,5,35b1cc926cca6e2e571ee7046b3192fcdeec506e535339884719fb4a85d71a56
p6_C_cached_crt_reset_s43,43,training_set_primary_roi_067,0.26666666666666666,6,35b1cc926cca6e2e571ee7046b3192fcdeec506e535339884719fb4a85d71a56
p6_C_cached_crt_reset_s43,43,training_set_primary_roi_068,0.1,6,35b1cc926cca6e2e571ee7046b3192fcdeec506e535339884719fb4a85d71a56
p6_C_cached_crt_reset_s43,43,training_set_primary_roi_075,0.2,3,35b1cc926cca6e2e571ee7046b3192fcdeec506e535339884719fb4a85d71a56
p6_C_cached_crt_reset_s43,43,training_set_primary_roi_082,0.21666666666666665,5,35b1cc926cca6e2e571ee7046b3192fcdeec506e535339884719fb4a85d71a56
p6_C_cached_crt_reset_s43,43,training_set_primary_roi_083,0.3,5,35b1cc926cca6e2e571ee7046b3192fcdeec506e535339884719fb4a85d71a56
p6_C_cached_crt_reset_s43,43,training_set_primary_roi_086,0.06666666666666667,5,35b1cc926cca6e2e571ee7046b3192fcdeec506e535339884719fb4a85d71a56
p6_C_cached_crt_reset_s43,43,training_set_primary_roi_091,0.06666666666666667,2,35b1cc926cca6e2e571ee7046b3192fcdeec506e535339884719fb4a85d71a56
p6_C_cached_crt_reset_s43,43,training_set_primary_roi_096,0.1,3,35b1cc926cca6e2e571ee7046b3192fcdeec506e535339884719fb4a85d71a56
p6_C_cached_crt_reset_s43,43,training_set_primary_roi_098,0.1,3,35b1cc926cca6e2e571ee7046b3192fcdeec506e535339884719fb4a85d71a56
p6_C_cached_natural_s17,17,training_set_metastatic_roi_001,0.1,2,0b1e34d5eae4614af698384a81a9e6a0b59007c19702793bcbdbae075bb06987
p6_C_cached_natural_s17,17,training_set_metastatic_roi_002,0.06666666666666667,2,0b1e34d5eae4614af698384a81a9e6a0b59007c19702793bcbdbae075bb06987
p6_C_cached_natural_s17,17,training_set_metastatic_roi_015,0.06666666666666667,2,0b1e34d5eae4614af698384a81a9e6a0b59007c19702793bcbdbae075bb06987
p6_C_cached_natural_s17,17,training_set_metastatic_roi_018,0.11666666666666665,5,0b1e34d5eae4614af698384a81a9e6a0b59007c19702793bcbdbae075bb06987
p6_C_cached_natural_s17,17,training_set_metastatic_roi_020,0.2,3,0b1e34d5eae4614af698384a81a9e6a0b59007c19702793bcbdbae075bb06987
p6_C_cached_natural_s17,17,training_set_metastatic_roi_023,0.05,3,0b1e34d5eae4614af698384a81a9e6a0b59007c19702793bcbdbae075bb06987
p6_C_cached_natural_s17,17,training_set_metastatic_roi_029,0.16666666666666666,3,0b1e34d5eae4614af698384a81a9e6a0b59007c19702793bcbdbae075bb06987
p6_C_cached_natural_s17,17,training_set_metastatic_roi_030,0.06666666666666667,4,0b1e34d5eae4614af698384a81a9e6a0b59007c19702793bcbdbae075bb06987
p6_C_cached_natural_s17,17,training_set_metastatic_roi_031,0.0,2,0b1e34d5eae4614af698384a81a9e6a0b59007c19702793bcbdbae075bb06987
p6_C_cached_natural_s17,17,training_set_metastatic_roi_032,0.06666666666666667,3,0b1e34d5eae4614af698384a81a9e6a0b59007c19702793bcbdbae075bb06987
p6_C_cached_natural_s17,17,training_set_metastatic_roi_035,0.1,1,0b1e34d5eae4614af698384a81a9e6a0b59007c19702793bcbdbae075bb06987
p6_C_cached_natural_s17,17,training_set_metastatic_roi_040,0.2,3,0b1e34d5eae4614af698384a81a9e6a0b59007c19702793bcbdbae075bb06987
p6_C_cached_natural_s17,17,training_set_metastatic_roi_046,0.05714285714285715,6,0b1e34d5eae4614af698384a81a9e6a0b59007c19702793bcbdbae075bb06987
p6_C_cached_natural_s17,17,training_set_metastatic_roi_047,0.06666666666666667,3,0b1e34d5eae4614af698384a81a9e6a0b59007c19702793bcbdbae075bb06987
p6_C_cached_natural_s17,17,training_set_metastatic_roi_049,0.06666666666666667,2,0b1e34d5eae4614af698384a81a9e6a0b59007c19702793bcbdbae075bb06987
p6_C_cached_natural_s17,17,training_set_metastatic_roi_056,0.1,6,0b1e34d5eae4614af698384a81a9e6a0b59007c19702793bcbdbae075bb06987
p6_C_cached_natural_s17,17,training_set_metastatic_roi_061,0.21666666666666665,6,0b1e34d5eae4614af698384a81a9e6a0b59007c19702793bcbdbae075bb06987
p6_C_cached_natural_s17,17,training_set_metastatic_roi_067,0.16666666666666666,5,0b1e34d5eae4614af698384a81a9e6a0b59007c19702793bcbdbae075bb06987
p6_C_cached_natural_s17,17,training_set_metastatic_roi_076,0.0,3,0b1e34d5eae4614af698384a81a9e6a0b59007c19702793bcbdbae075bb06987
p6_C_cached_natural_s17,17,training_set_metastatic_roi_080,0.31666666666666665,7,0b1e34d5eae4614af698384a81a9e6a0b59007c19702793bcbdbae075bb06987
p6_C_cached_natural_s17,17,training_set_metastatic_roi_081,0.16666666666666666,3,0b1e34d5eae4614af698384a81a9e6a0b59007c19702793bcbdbae075bb06987
p6_C_cached_natural_s17,17,training_set_metastatic_roi_085,0.2,2,0b1e34d5eae4614af698384a81a9e6a0b59007c19702793bcbdbae075bb06987
p6_C_cached_natural_s17,17,training_set_metastatic_roi_087,0.2,4,0b1e34d5eae4614af698384a81a9e6a0b59007c19702793bcbdbae075bb06987
p6_C_cached_natural_s17,17,training_set_metastatic_roi_093,0.1,2,0b1e34d5eae4614af698384a81a9e6a0b59007c19702793bcbdbae075bb06987
p6_C_cached_natural_s17,17,training_set_metastatic_roi_097,0.0,1,0b1e34d5eae4614af698384a81a9e6a0b59007c19702793bcbdbae075bb06987
p6_C_cached_natural_s17,17,training_set_metastatic_roi_102,0.1,3,0b1e34d5eae4614af698384a81a9e6a0b59007c19702793bcbdbae075bb06987
p6_C_cached_natural_s17,17,training_set_primary_roi_002,0.0,1,0b1e34d5eae4614af698384a81a9e6a0b59007c19702793bcbdbae075bb06987
p6_C_cached_natural_s17,17,training_set_primary_roi_006,0.16666666666666666,3,0b1e34d5eae4614af698384a81a9e6a0b59007c19702793bcbdbae075bb06987
p6_C_cached_natural_s17,17,training_set_primary_roi_009,0.0,2,0b1e34d5eae4614af698384a81a9e6a0b59007c19702793bcbdbae075bb06987
p6_C_cached_natural_s17,17,training_set_primary_roi_010,0.2333333333333333,6,0b1e34d5eae4614af698384a81a9e6a0b59007c19702793bcbdbae075bb06987
p6_C_cached_natural_s17,17,training_set_primary_roi_012,0.04,5,0b1e34d5eae4614af698384a81a9e6a0b59007c19702793bcbdbae075bb06987
p6_C_cached_natural_s17,17,training_set_primary_roi_014,0.36666666666666664,5,0b1e34d5eae4614af698384a81a9e6a0b59007c19702793bcbdbae075bb06987
p6_C_cached_natural_s17,17,training_set_primary_roi_016,0.35,6,0b1e34d5eae4614af698384a81a9e6a0b59007c19702793bcbdbae075bb06987
p6_C_cached_natural_s17,17,training_set_primary_roi_020,0.13333333333333333,4,0b1e34d5eae4614af698384a81a9e6a0b59007c19702793bcbdbae075bb06987
p6_C_cached_natural_s17,17,training_set_primary_roi_022,0.1,5,0b1e34d5eae4614af698384a81a9e6a0b59007c19702793bcbdbae075bb06987
p6_C_cached_natural_s17,17,training_set_primary_roi_024,0.06666666666666667,3,0b1e34d5eae4614af698384a81a9e6a0b59007c19702793bcbdbae075bb06987
p6_C_cached_natural_s17,17,training_set_primary_roi_029,0.2,5,0b1e34d5eae4614af698384a81a9e6a0b59007c19702793bcbdbae075bb06987
p6_C_cached_natural_s17,17,training_set_primary_roi_032,0.27999999999999997,5,0b1e34d5eae4614af698384a81a9e6a0b59007c19702793bcbdbae075bb06987
p6_C_cached_natural_s17,17,training_set_primary_roi_034,0.2,6,0b1e34d5eae4614af698384a81a9e6a0b59007c19702793bcbdbae075bb06987
p6_C_cached_natural_s17,17,training_set_primary_roi_036,0.16666666666666666,4,0b1e34d5eae4614af698384a81a9e6a0b59007c19702793bcbdbae075bb06987
p6_C_cached_natural_s17,17,training_set_primary_roi_037,0.2,4,0b1e34d5eae4614af698384a81a9e6a0b59007c19702793bcbdbae075bb06987
p6_C_cached_natural_s17,17,training_set_primary_roi_040,0.2833333333333333,7,0b1e34d5eae4614af698384a81a9e6a0b59007c19702793bcbdbae075bb06987
p6_C_cached_natural_s17,17,training_set_primary_roi_052,0.14666666666666667,9,0b1e34d5eae4614af698384a81a9e6a0b59007c19702793bcbdbae075bb06987
p6_C_cached_natural_s17,17,training_set_primary_roi_057,0.25,6,0b1e34d5eae4614af698384a81a9e6a0b59007c19702793bcbdbae075bb06987
p6_C_cached_natural_s17,17,training_set_primary_roi_058,0.16666666666666666,7,0b1e34d5eae4614af698384a81a9e6a0b59007c19702793bcbdbae075bb06987
p6_C_cached_natural_s17,17,training_set_primary_roi_062,0.1,3,0b1e34d5eae4614af698384a81a9e6a0b59007c19702793bcbdbae075bb06987
p6_C_cached_natural_s17,17,training_set_primary_roi_064,0.16666666666666666,5,0b1e34d5eae4614af698384a81a9e6a0b59007c19702793bcbdbae075bb06987
p6_C_cached_natural_s17,17,training_set_primary_roi_067,0.4,6,0b1e34d5eae4614af698384a81a9e6a0b59007c19702793bcbdbae075bb06987
p6_C_cached_natural_s17,17,training_set_primary_roi_068,0.1,6,0b1e34d5eae4614af698384a81a9e6a0b59007c19702793bcbdbae075bb06987
p6_C_cached_natural_s17,17,training_set_primary_roi_075,0.2,3,0b1e34d5eae4614af698384a81a9e6a0b59007c19702793bcbdbae075bb06987
p6_C_cached_natural_s17,17,training_set_primary_roi_082,0.2,5,0b1e34d5eae4614af698384a81a9e6a0b59007c19702793bcbdbae075bb06987
p6_C_cached_natural_s17,17,training_set_primary_roi_083,0.2,5,0b1e34d5eae4614af698384a81a9e6a0b59007c19702793bcbdbae075bb06987
p6_C_cached_natural_s17,17,training_set_primary_roi_086,0.2333333333333333,5,0b1e34d5eae4614af698384a81a9e6a0b59007c19702793bcbdbae075bb06987
p6_C_cached_natural_s17,17,training_set_primary_roi_091,0.06666666666666667,2,0b1e34d5eae4614af698384a81a9e6a0b59007c19702793bcbdbae075bb06987
p6_C_cached_natural_s17,17,training_set_primary_roi_096,0.1,3,0b1e34d5eae4614af698384a81a9e6a0b59007c19702793bcbdbae075bb06987
p6_C_cached_natural_s17,17,training_set_primary_roi_098,0.1,3,0b1e34d5eae4614af698384a81a9e6a0b59007c19702793bcbdbae075bb06987
p6_C_cached_natural_s29,29,training_set_metastatic_roi_001,0.2,2,c83756b41a2de2ce1a735be5aa45e71b3319d3f8dc1ca55e2a1439dae9ef6ec7
p6_C_cached_natural_s29,29,training_set_metastatic_roi_002,0.0,2,c83756b41a2de2ce1a735be5aa45e71b3319d3f8dc1ca55e2a1439dae9ef6ec7
p6_C_cached_natural_s29,29,training_set_metastatic_roi_015,0.2,2,c83756b41a2de2ce1a735be5aa45e71b3319d3f8dc1ca55e2a1439dae9ef6ec7
p6_C_cached_natural_s29,29,training_set_metastatic_roi_018,0.05,5,c83756b41a2de2ce1a735be5aa45e71b3319d3f8dc1ca55e2a1439dae9ef6ec7
p6_C_cached_natural_s29,29,training_set_metastatic_roi_020,0.2,3,c83756b41a2de2ce1a735be5aa45e71b3319d3f8dc1ca55e2a1439dae9ef6ec7
p6_C_cached_natural_s29,29,training_set_metastatic_roi_023,0.05,3,c83756b41a2de2ce1a735be5aa45e71b3319d3f8dc1ca55e2a1439dae9ef6ec7
p6_C_cached_natural_s29,29,training_set_metastatic_roi_029,0.16666666666666666,3,c83756b41a2de2ce1a735be5aa45e71b3319d3f8dc1ca55e2a1439dae9ef6ec7
p6_C_cached_natural_s29,29,training_set_metastatic_roi_030,0.06666666666666667,4,c83756b41a2de2ce1a735be5aa45e71b3319d3f8dc1ca55e2a1439dae9ef6ec7
p6_C_cached_natural_s29,29,training_set_metastatic_roi_031,0.0,2,c83756b41a2de2ce1a735be5aa45e71b3319d3f8dc1ca55e2a1439dae9ef6ec7
p6_C_cached_natural_s29,29,training_set_metastatic_roi_032,0.0,3,c83756b41a2de2ce1a735be5aa45e71b3319d3f8dc1ca55e2a1439dae9ef6ec7
p6_C_cached_natural_s29,29,training_set_metastatic_roi_035,0.1,1,c83756b41a2de2ce1a735be5aa45e71b3319d3f8dc1ca55e2a1439dae9ef6ec7
p6_C_cached_natural_s29,29,training_set_metastatic_roi_040,0.06666666666666667,3,c83756b41a2de2ce1a735be5aa45e71b3319d3f8dc1ca55e2a1439dae9ef6ec7
p6_C_cached_natural_s29,29,training_set_metastatic_roi_046,0.05714285714285715,6,c83756b41a2de2ce1a735be5aa45e71b3319d3f8dc1ca55e2a1439dae9ef6ec7
p6_C_cached_natural_s29,29,training_set_metastatic_roi_047,0.06666666666666667,3,c83756b41a2de2ce1a735be5aa45e71b3319d3f8dc1ca55e2a1439dae9ef6ec7
p6_C_cached_natural_s29,29,training_set_metastatic_roi_049,0.06666666666666667,2,c83756b41a2de2ce1a735be5aa45e71b3319d3f8dc1ca55e2a1439dae9ef6ec7
p6_C_cached_natural_s29,29,training_set_metastatic_roi_056,0.1,6,c83756b41a2de2ce1a735be5aa45e71b3319d3f8dc1ca55e2a1439dae9ef6ec7
p6_C_cached_natural_s29,29,training_set_metastatic_roi_061,0.15,6,c83756b41a2de2ce1a735be5aa45e71b3319d3f8dc1ca55e2a1439dae9ef6ec7
p6_C_cached_natural_s29,29,training_set_metastatic_roi_067,0.06666666666666667,5,c83756b41a2de2ce1a735be5aa45e71b3319d3f8dc1ca55e2a1439dae9ef6ec7
p6_C_cached_natural_s29,29,training_set_metastatic_roi_076,0.0,3,c83756b41a2de2ce1a735be5aa45e71b3319d3f8dc1ca55e2a1439dae9ef6ec7
p6_C_cached_natural_s29,29,training_set_metastatic_roi_080,0.25,7,c83756b41a2de2ce1a735be5aa45e71b3319d3f8dc1ca55e2a1439dae9ef6ec7
p6_C_cached_natural_s29,29,training_set_metastatic_roi_081,0.16666666666666666,3,c83756b41a2de2ce1a735be5aa45e71b3319d3f8dc1ca55e2a1439dae9ef6ec7
p6_C_cached_natural_s29,29,training_set_metastatic_roi_085,0.1,2,c83756b41a2de2ce1a735be5aa45e71b3319d3f8dc1ca55e2a1439dae9ef6ec7
p6_C_cached_natural_s29,29,training_set_metastatic_roi_087,0.2,4,c83756b41a2de2ce1a735be5aa45e71b3319d3f8dc1ca55e2a1439dae9ef6ec7
p6_C_cached_natural_s29,29,training_set_metastatic_roi_093,0.1,2,c83756b41a2de2ce1a735be5aa45e71b3319d3f8dc1ca55e2a1439dae9ef6ec7
p6_C_cached_natural_s29,29,training_set_metastatic_roi_097,0.0,1,c83756b41a2de2ce1a735be5aa45e71b3319d3f8dc1ca55e2a1439dae9ef6ec7
p6_C_cached_natural_s29,29,training_set_metastatic_roi_102,0.2,3,c83756b41a2de2ce1a735be5aa45e71b3319d3f8dc1ca55e2a1439dae9ef6ec7
p6_C_cached_natural_s29,29,training_set_primary_roi_002,0.0,1,c83756b41a2de2ce1a735be5aa45e71b3319d3f8dc1ca55e2a1439dae9ef6ec7
p6_C_cached_natural_s29,29,training_set_primary_roi_006,0.16666666666666666,3,c83756b41a2de2ce1a735be5aa45e71b3319d3f8dc1ca55e2a1439dae9ef6ec7
p6_C_cached_natural_s29,29,training_set_primary_roi_009,0.0,2,c83756b41a2de2ce1a735be5aa45e71b3319d3f8dc1ca55e2a1439dae9ef6ec7
p6_C_cached_natural_s29,29,training_set_primary_roi_010,0.1,6,c83756b41a2de2ce1a735be5aa45e71b3319d3f8dc1ca55e2a1439dae9ef6ec7
p6_C_cached_natural_s29,29,training_set_primary_roi_012,0.04,5,c83756b41a2de2ce1a735be5aa45e71b3319d3f8dc1ca55e2a1439dae9ef6ec7
p6_C_cached_natural_s29,29,training_set_primary_roi_014,0.36666666666666664,5,c83756b41a2de2ce1a735be5aa45e71b3319d3f8dc1ca55e2a1439dae9ef6ec7
p6_C_cached_natural_s29,29,training_set_primary_roi_016,0.26666666666666666,6,c83756b41a2de2ce1a735be5aa45e71b3319d3f8dc1ca55e2a1439dae9ef6ec7
p6_C_cached_natural_s29,29,training_set_primary_roi_020,0.13333333333333333,4,c83756b41a2de2ce1a735be5aa45e71b3319d3f8dc1ca55e2a1439dae9ef6ec7
p6_C_cached_natural_s29,29,training_set_primary_roi_022,0.2,5,c83756b41a2de2ce1a735be5aa45e71b3319d3f8dc1ca55e2a1439dae9ef6ec7
p6_C_cached_natural_s29,29,training_set_primary_roi_024,0.06666666666666667,3,c83756b41a2de2ce1a735be5aa45e71b3319d3f8dc1ca55e2a1439dae9ef6ec7
p6_C_cached_natural_s29,29,training_set_primary_roi_029,0.26666666666666666,5,c83756b41a2de2ce1a735be5aa45e71b3319d3f8dc1ca55e2a1439dae9ef6ec7
p6_C_cached_natural_s29,29,training_set_primary_roi_032,0.27999999999999997,5,c83756b41a2de2ce1a735be5aa45e71b3319d3f8dc1ca55e2a1439dae9ef6ec7
p6_C_cached_natural_s29,29,training_set_primary_roi_034,0.16666666666666666,6,c83756b41a2de2ce1a735be5aa45e71b3319d3f8dc1ca55e2a1439dae9ef6ec7
p6_C_cached_natural_s29,29,training_set_primary_roi_036,0.1,4,c83756b41a2de2ce1a735be5aa45e71b3319d3f8dc1ca55e2a1439dae9ef6ec7
p6_C_cached_natural_s29,29,training_set_primary_roi_037,0.1,4,c83756b41a2de2ce1a735be5aa45e71b3319d3f8dc1ca55e2a1439dae9ef6ec7
p6_C_cached_natural_s29,29,training_set_primary_roi_040,0.1833333333333333,7,c83756b41a2de2ce1a735be5aa45e71b3319d3f8dc1ca55e2a1439dae9ef6ec7
p6_C_cached_natural_s29,29,training_set_primary_roi_052,0.16666666666666666,9,c83756b41a2de2ce1a735be5aa45e71b3319d3f8dc1ca55e2a1439dae9ef6ec7
p6_C_cached_natural_s29,29,training_set_primary_roi_057,0.25,6,c83756b41a2de2ce1a735be5aa45e71b3319d3f8dc1ca55e2a1439dae9ef6ec7
p6_C_cached_natural_s29,29,training_set_primary_roi_058,0.15,7,c83756b41a2de2ce1a735be5aa45e71b3319d3f8dc1ca55e2a1439dae9ef6ec7
p6_C_cached_natural_s29,29,training_set_primary_roi_062,0.1,3,c83756b41a2de2ce1a735be5aa45e71b3319d3f8dc1ca55e2a1439dae9ef6ec7
p6_C_cached_natural_s29,29,training_set_primary_roi_064,0.16666666666666666,5,c83756b41a2de2ce1a735be5aa45e71b3319d3f8dc1ca55e2a1439dae9ef6ec7
p6_C_cached_natural_s29,29,training_set_primary_roi_067,0.36666666666666664,6,c83756b41a2de2ce1a735be5aa45e71b3319d3f8dc1ca55e2a1439dae9ef6ec7
p6_C_cached_natural_s29,29,training_set_primary_roi_068,0.1,6,c83756b41a2de2ce1a735be5aa45e71b3319d3f8dc1ca55e2a1439dae9ef6ec7
p6_C_cached_natural_s29,29,training_set_primary_roi_075,0.3,3,c83756b41a2de2ce1a735be5aa45e71b3319d3f8dc1ca55e2a1439dae9ef6ec7
p6_C_cached_natural_s29,29,training_set_primary_roi_082,0.21666666666666665,5,c83756b41a2de2ce1a735be5aa45e71b3319d3f8dc1ca55e2a1439dae9ef6ec7
p6_C_cached_natural_s29,29,training_set_primary_roi_083,0.2,5,c83756b41a2de2ce1a735be5aa45e71b3319d3f8dc1ca55e2a1439dae9ef6ec7
p6_C_cached_natural_s29,29,training_set_primary_roi_086,0.26666666666666666,5,c83756b41a2de2ce1a735be5aa45e71b3319d3f8dc1ca55e2a1439dae9ef6ec7
p6_C_cached_natural_s29,29,training_set_primary_roi_091,0.06666666666666667,2,c83756b41a2de2ce1a735be5aa45e71b3319d3f8dc1ca55e2a1439dae9ef6ec7
p6_C_cached_natural_s29,29,training_set_primary_roi_096,0.1,3,c83756b41a2de2ce1a735be5aa45e71b3319d3f8dc1ca55e2a1439dae9ef6ec7
p6_C_cached_natural_s29,29,training_set_primary_roi_098,0.1,3,c83756b41a2de2ce1a735be5aa45e71b3319d3f8dc1ca55e2a1439dae9ef6ec7
p6_C_cached_natural_s43,43,training_set_metastatic_roi_001,0.0,2,bd7c2287deb9a29ecc1f847525ec7a8f5849d9173ac74315e9a52acb0b197857
p6_C_cached_natural_s43,43,training_set_metastatic_roi_002,0.0,2,bd7c2287deb9a29ecc1f847525ec7a8f5849d9173ac74315e9a52acb0b197857
p6_C_cached_natural_s43,43,training_set_metastatic_roi_015,0.1,2,bd7c2287deb9a29ecc1f847525ec7a8f5849d9173ac74315e9a52acb0b197857
p6_C_cached_natural_s43,43,training_set_metastatic_roi_018,0.11666666666666665,5,bd7c2287deb9a29ecc1f847525ec7a8f5849d9173ac74315e9a52acb0b197857
p6_C_cached_natural_s43,43,training_set_metastatic_roi_020,0.2,3,bd7c2287deb9a29ecc1f847525ec7a8f5849d9173ac74315e9a52acb0b197857
p6_C_cached_natural_s43,43,training_set_metastatic_roi_023,0.05,3,bd7c2287deb9a29ecc1f847525ec7a8f5849d9173ac74315e9a52acb0b197857
p6_C_cached_natural_s43,43,training_set_metastatic_roi_029,0.16666666666666666,3,bd7c2287deb9a29ecc1f847525ec7a8f5849d9173ac74315e9a52acb0b197857
p6_C_cached_natural_s43,43,training_set_metastatic_roi_030,0.06666666666666667,4,bd7c2287deb9a29ecc1f847525ec7a8f5849d9173ac74315e9a52acb0b197857
p6_C_cached_natural_s43,43,training_set_metastatic_roi_031,0.0,2,bd7c2287deb9a29ecc1f847525ec7a8f5849d9173ac74315e9a52acb0b197857
p6_C_cached_natural_s43,43,training_set_metastatic_roi_032,0.06666666666666667,3,bd7c2287deb9a29ecc1f847525ec7a8f5849d9173ac74315e9a52acb0b197857
p6_C_cached_natural_s43,43,training_set_metastatic_roi_035,0.1,1,bd7c2287deb9a29ecc1f847525ec7a8f5849d9173ac74315e9a52acb0b197857
p6_C_cached_natural_s43,43,training_set_metastatic_roi_040,0.2,3,bd7c2287deb9a29ecc1f847525ec7a8f5849d9173ac74315e9a52acb0b197857
p6_C_cached_natural_s43,43,training_set_metastatic_roi_046,0.05714285714285715,6,bd7c2287deb9a29ecc1f847525ec7a8f5849d9173ac74315e9a52acb0b197857
p6_C_cached_natural_s43,43,training_set_metastatic_roi_047,0.06666666666666667,3,bd7c2287deb9a29ecc1f847525ec7a8f5849d9173ac74315e9a52acb0b197857
p6_C_cached_natural_s43,43,training_set_metastatic_roi_049,0.06666666666666667,2,bd7c2287deb9a29ecc1f847525ec7a8f5849d9173ac74315e9a52acb0b197857
p6_C_cached_natural_s43,43,training_set_metastatic_roi_056,0.36666666666666664,6,bd7c2287deb9a29ecc1f847525ec7a8f5849d9173ac74315e9a52acb0b197857
p6_C_cached_natural_s43,43,training_set_metastatic_roi_061,0.06666666666666667,6,bd7c2287deb9a29ecc1f847525ec7a8f5849d9173ac74315e9a52acb0b197857
p6_C_cached_natural_s43,43,training_set_metastatic_roi_067,0.06666666666666667,5,bd7c2287deb9a29ecc1f847525ec7a8f5849d9173ac74315e9a52acb0b197857
p6_C_cached_natural_s43,43,training_set_metastatic_roi_076,0.0,3,bd7c2287deb9a29ecc1f847525ec7a8f5849d9173ac74315e9a52acb0b197857
p6_C_cached_natural_s43,43,training_set_metastatic_roi_080,0.21666666666666665,7,bd7c2287deb9a29ecc1f847525ec7a8f5849d9173ac74315e9a52acb0b197857
p6_C_cached_natural_s43,43,training_set_metastatic_roi_081,0.16666666666666666,3,bd7c2287deb9a29ecc1f847525ec7a8f5849d9173ac74315e9a52acb0b197857
p6_C_cached_natural_s43,43,training_set_metastatic_roi_085,0.2,2,bd7c2287deb9a29ecc1f847525ec7a8f5849d9173ac74315e9a52acb0b197857
p6_C_cached_natural_s43,43,training_set_metastatic_roi_087,0.06666666666666667,4,bd7c2287deb9a29ecc1f847525ec7a8f5849d9173ac74315e9a52acb0b197857
p6_C_cached_natural_s43,43,training_set_metastatic_roi_093,0.1,2,bd7c2287deb9a29ecc1f847525ec7a8f5849d9173ac74315e9a52acb0b197857
p6_C_cached_natural_s43,43,training_set_metastatic_roi_097,0.0,1,bd7c2287deb9a29ecc1f847525ec7a8f5849d9173ac74315e9a52acb0b197857
p6_C_cached_natural_s43,43,training_set_metastatic_roi_102,0.06666666666666667,3,bd7c2287deb9a29ecc1f847525ec7a8f5849d9173ac74315e9a52acb0b197857
p6_C_cached_natural_s43,43,training_set_primary_roi_002,0.0,1,bd7c2287deb9a29ecc1f847525ec7a8f5849d9173ac74315e9a52acb0b197857
p6_C_cached_natural_s43,43,training_set_primary_roi_006,0.06666666666666667,3,bd7c2287deb9a29ecc1f847525ec7a8f5849d9173ac74315e9a52acb0b197857
p6_C_cached_natural_s43,43,training_set_primary_roi_009,0.0,2,bd7c2287deb9a29ecc1f847525ec7a8f5849d9173ac74315e9a52acb0b197857
p6_C_cached_natural_s43,43,training_set_primary_roi_010,0.1,6,bd7c2287deb9a29ecc1f847525ec7a8f5849d9173ac74315e9a52acb0b197857
p6_C_cached_natural_s43,43,training_set_primary_roi_012,0.04,5,bd7c2287deb9a29ecc1f847525ec7a8f5849d9173ac74315e9a52acb0b197857
p6_C_cached_natural_s43,43,training_set_primary_roi_014,0.36666666666666664,5,bd7c2287deb9a29ecc1f847525ec7a8f5849d9173ac74315e9a52acb0b197857
p6_C_cached_natural_s43,43,training_set_primary_roi_016,0.24,6,bd7c2287deb9a29ecc1f847525ec7a8f5849d9173ac74315e9a52acb0b197857
p6_C_cached_natural_s43,43,training_set_primary_roi_020,0.4,4,bd7c2287deb9a29ecc1f847525ec7a8f5849d9173ac74315e9a52acb0b197857
p6_C_cached_natural_s43,43,training_set_primary_roi_022,0.16666666666666666,5,bd7c2287deb9a29ecc1f847525ec7a8f5849d9173ac74315e9a52acb0b197857
p6_C_cached_natural_s43,43,training_set_primary_roi_024,0.0,3,bd7c2287deb9a29ecc1f847525ec7a8f5849d9173ac74315e9a52acb0b197857
p6_C_cached_natural_s43,43,training_set_primary_roi_029,0.2,5,bd7c2287deb9a29ecc1f847525ec7a8f5849d9173ac74315e9a52acb0b197857
p6_C_cached_natural_s43,43,training_set_primary_roi_032,0.16666666666666666,5,bd7c2287deb9a29ecc1f847525ec7a8f5849d9173ac74315e9a52acb0b197857
p6_C_cached_natural_s43,43,training_set_primary_roi_034,0.16666666666666666,6,bd7c2287deb9a29ecc1f847525ec7a8f5849d9173ac74315e9a52acb0b197857
p6_C_cached_natural_s43,43,training_set_primary_roi_036,0.16666666666666666,4,bd7c2287deb9a29ecc1f847525ec7a8f5849d9173ac74315e9a52acb0b197857
p6_C_cached_natural_s43,43,training_set_primary_roi_037,0.1,4,bd7c2287deb9a29ecc1f847525ec7a8f5849d9173ac74315e9a52acb0b197857
p6_C_cached_natural_s43,43,training_set_primary_roi_040,0.26666666666666666,7,bd7c2287deb9a29ecc1f847525ec7a8f5849d9173ac74315e9a52acb0b197857
p6_C_cached_natural_s43,43,training_set_primary_roi_052,0.27999999999999997,9,bd7c2287deb9a29ecc1f847525ec7a8f5849d9173ac74315e9a52acb0b197857
p6_C_cached_natural_s43,43,training_set_primary_roi_057,0.2,6,bd7c2287deb9a29ecc1f847525ec7a8f5849d9173ac74315e9a52acb0b197857
p6_C_cached_natural_s43,43,training_set_primary_roi_058,0.2,7,bd7c2287deb9a29ecc1f847525ec7a8f5849d9173ac74315e9a52acb0b197857
p6_C_cached_natural_s43,43,training_set_primary_roi_062,0.1,3,bd7c2287deb9a29ecc1f847525ec7a8f5849d9173ac74315e9a52acb0b197857
p6_C_cached_natural_s43,43,training_set_primary_roi_064,0.16666666666666666,5,bd7c2287deb9a29ecc1f847525ec7a8f5849d9173ac74315e9a52acb0b197857
p6_C_cached_natural_s43,43,training_set_primary_roi_067,0.26666666666666666,6,bd7c2287deb9a29ecc1f847525ec7a8f5849d9173ac74315e9a52acb0b197857
p6_C_cached_natural_s43,43,training_set_primary_roi_068,0.1,6,bd7c2287deb9a29ecc1f847525ec7a8f5849d9173ac74315e9a52acb0b197857
p6_C_cached_natural_s43,43,training_set_primary_roi_075,0.2,3,bd7c2287deb9a29ecc1f847525ec7a8f5849d9173ac74315e9a52acb0b197857
p6_C_cached_natural_s43,43,training_set_primary_roi_082,0.26666666666666666,5,bd7c2287deb9a29ecc1f847525ec7a8f5849d9173ac74315e9a52acb0b197857
p6_C_cached_natural_s43,43,training_set_primary_roi_083,0.16666666666666666,5,bd7c2287deb9a29ecc1f847525ec7a8f5849d9173ac74315e9a52acb0b197857
p6_C_cached_natural_s43,43,training_set_primary_roi_086,0.16666666666666666,5,bd7c2287deb9a29ecc1f847525ec7a8f5849d9173ac74315e9a52acb0b197857
p6_C_cached_natural_s43,43,training_set_primary_roi_091,0.06666666666666667,2,bd7c2287deb9a29ecc1f847525ec7a8f5849d9173ac74315e9a52acb0b197857
p6_C_cached_natural_s43,43,training_set_primary_roi_096,0.1,3,bd7c2287deb9a29ecc1f847525ec7a8f5849d9173ac74315e9a52acb0b197857
p6_C_cached_natural_s43,43,training_set_primary_roi_098,0.1,3,bd7c2287deb9a29ecc1f847525ec7a8f5849d9173ac74315e9a52acb0b197857
p6_C_cached_tempered_s17,17,training_set_metastatic_roi_001,0.1,2,d80359334653dd3e293eeb9229577554898eaf40f8825ac34833c2f5a8e36d79
p6_C_cached_tempered_s17,17,training_set_metastatic_roi_002,0.1,2,d80359334653dd3e293eeb9229577554898eaf40f8825ac34833c2f5a8e36d79
p6_C_cached_tempered_s17,17,training_set_metastatic_roi_015,0.1,2,d80359334653dd3e293eeb9229577554898eaf40f8825ac34833c2f5a8e36d79
p6_C_cached_tempered_s17,17,training_set_metastatic_roi_018,0.06666666666666667,5,d80359334653dd3e293eeb9229577554898eaf40f8825ac34833c2f5a8e36d79
p6_C_cached_tempered_s17,17,training_set_metastatic_roi_020,0.2,3,d80359334653dd3e293eeb9229577554898eaf40f8825ac34833c2f5a8e36d79
p6_C_cached_tempered_s17,17,training_set_metastatic_roi_023,0.05,3,d80359334653dd3e293eeb9229577554898eaf40f8825ac34833c2f5a8e36d79
p6_C_cached_tempered_s17,17,training_set_metastatic_roi_029,0.16666666666666666,3,d80359334653dd3e293eeb9229577554898eaf40f8825ac34833c2f5a8e36d79
p6_C_cached_tempered_s17,17,training_set_metastatic_roi_030,0.06666666666666667,4,d80359334653dd3e293eeb9229577554898eaf40f8825ac34833c2f5a8e36d79
p6_C_cached_tempered_s17,17,training_set_metastatic_roi_031,0.0,2,d80359334653dd3e293eeb9229577554898eaf40f8825ac34833c2f5a8e36d79
p6_C_cached_tempered_s17,17,training_set_metastatic_roi_032,0.06666666666666667,3,d80359334653dd3e293eeb9229577554898eaf40f8825ac34833c2f5a8e36d79
p6_C_cached_tempered_s17,17,training_set_metastatic_roi_035,0.1,1,d80359334653dd3e293eeb9229577554898eaf40f8825ac34833c2f5a8e36d79
p6_C_cached_tempered_s17,17,training_set_metastatic_roi_040,0.2,3,d80359334653dd3e293eeb9229577554898eaf40f8825ac34833c2f5a8e36d79
p6_C_cached_tempered_s17,17,training_set_metastatic_roi_046,0.05714285714285715,6,d80359334653dd3e293eeb9229577554898eaf40f8825ac34833c2f5a8e36d79
p6_C_cached_tempered_s17,17,training_set_metastatic_roi_047,0.06666666666666667,3,d80359334653dd3e293eeb9229577554898eaf40f8825ac34833c2f5a8e36d79
p6_C_cached_tempered_s17,17,training_set_metastatic_roi_049,0.06666666666666667,2,d80359334653dd3e293eeb9229577554898eaf40f8825ac34833c2f5a8e36d79
p6_C_cached_tempered_s17,17,training_set_metastatic_roi_056,0.1,6,d80359334653dd3e293eeb9229577554898eaf40f8825ac34833c2f5a8e36d79
p6_C_cached_tempered_s17,17,training_set_metastatic_roi_061,0.16666666666666666,6,d80359334653dd3e293eeb9229577554898eaf40f8825ac34833c2f5a8e36d79
p6_C_cached_tempered_s17,17,training_set_metastatic_roi_067,0.16666666666666666,5,d80359334653dd3e293eeb9229577554898eaf40f8825ac34833c2f5a8e36d79
p6_C_cached_tempered_s17,17,training_set_metastatic_roi_076,0.0,3,d80359334653dd3e293eeb9229577554898eaf40f8825ac34833c2f5a8e36d79
p6_C_cached_tempered_s17,17,training_set_metastatic_roi_080,0.3333333333333333,7,d80359334653dd3e293eeb9229577554898eaf40f8825ac34833c2f5a8e36d79
p6_C_cached_tempered_s17,17,training_set_metastatic_roi_081,0.16666666666666666,3,d80359334653dd3e293eeb9229577554898eaf40f8825ac34833c2f5a8e36d79
p6_C_cached_tempered_s17,17,training_set_metastatic_roi_085,0.1,2,d80359334653dd3e293eeb9229577554898eaf40f8825ac34833c2f5a8e36d79
p6_C_cached_tempered_s17,17,training_set_metastatic_roi_087,0.3,4,d80359334653dd3e293eeb9229577554898eaf40f8825ac34833c2f5a8e36d79
p6_C_cached_tempered_s17,17,training_set_metastatic_roi_093,0.1,2,d80359334653dd3e293eeb9229577554898eaf40f8825ac34833c2f5a8e36d79
p6_C_cached_tempered_s17,17,training_set_metastatic_roi_097,0.0,1,d80359334653dd3e293eeb9229577554898eaf40f8825ac34833c2f5a8e36d79
p6_C_cached_tempered_s17,17,training_set_metastatic_roi_102,0.1,3,d80359334653dd3e293eeb9229577554898eaf40f8825ac34833c2f5a8e36d79
p6_C_cached_tempered_s17,17,training_set_primary_roi_002,0.0,1,d80359334653dd3e293eeb9229577554898eaf40f8825ac34833c2f5a8e36d79
p6_C_cached_tempered_s17,17,training_set_primary_roi_006,0.1,3,d80359334653dd3e293eeb9229577554898eaf40f8825ac34833c2f5a8e36d79
p6_C_cached_tempered_s17,17,training_set_primary_roi_009,0.0,2,d80359334653dd3e293eeb9229577554898eaf40f8825ac34833c2f5a8e36d79
p6_C_cached_tempered_s17,17,training_set_primary_roi_010,0.16666666666666666,6,d80359334653dd3e293eeb9229577554898eaf40f8825ac34833c2f5a8e36d79
p6_C_cached_tempered_s17,17,training_set_primary_roi_012,0.04,5,d80359334653dd3e293eeb9229577554898eaf40f8825ac34833c2f5a8e36d79
p6_C_cached_tempered_s17,17,training_set_primary_roi_014,0.36666666666666664,5,d80359334653dd3e293eeb9229577554898eaf40f8825ac34833c2f5a8e36d79
p6_C_cached_tempered_s17,17,training_set_primary_roi_016,0.35,6,d80359334653dd3e293eeb9229577554898eaf40f8825ac34833c2f5a8e36d79
p6_C_cached_tempered_s17,17,training_set_primary_roi_020,0.13333333333333333,4,d80359334653dd3e293eeb9229577554898eaf40f8825ac34833c2f5a8e36d79
p6_C_cached_tempered_s17,17,training_set_primary_roi_022,0.2,5,d80359334653dd3e293eeb9229577554898eaf40f8825ac34833c2f5a8e36d79
p6_C_cached_tempered_s17,17,training_set_primary_roi_024,0.06666666666666667,3,d80359334653dd3e293eeb9229577554898eaf40f8825ac34833c2f5a8e36d79
p6_C_cached_tempered_s17,17,training_set_primary_roi_029,0.1,5,d80359334653dd3e293eeb9229577554898eaf40f8825ac34833c2f5a8e36d79
p6_C_cached_tempered_s17,17,training_set_primary_roi_032,0.27999999999999997,5,d80359334653dd3e293eeb9229577554898eaf40f8825ac34833c2f5a8e36d79
p6_C_cached_tempered_s17,17,training_set_primary_roi_034,0.2,6,d80359334653dd3e293eeb9229577554898eaf40f8825ac34833c2f5a8e36d79
p6_C_cached_tempered_s17,17,training_set_primary_roi_036,0.16666666666666666,4,d80359334653dd3e293eeb9229577554898eaf40f8825ac34833c2f5a8e36d79
p6_C_cached_tempered_s17,17,training_set_primary_roi_037,0.15,4,d80359334653dd3e293eeb9229577554898eaf40f8825ac34833c2f5a8e36d79
p6_C_cached_tempered_s17,17,training_set_primary_roi_040,0.11666666666666665,7,d80359334653dd3e293eeb9229577554898eaf40f8825ac34833c2f5a8e36d79
p6_C_cached_tempered_s17,17,training_set_primary_roi_052,0.15,9,d80359334653dd3e293eeb9229577554898eaf40f8825ac34833c2f5a8e36d79
p6_C_cached_tempered_s17,17,training_set_primary_roi_057,0.1,6,d80359334653dd3e293eeb9229577554898eaf40f8825ac34833c2f5a8e36d79
p6_C_cached_tempered_s17,17,training_set_primary_roi_058,0.13333333333333333,7,d80359334653dd3e293eeb9229577554898eaf40f8825ac34833c2f5a8e36d79
p6_C_cached_tempered_s17,17,training_set_primary_roi_062,0.1,3,d80359334653dd3e293eeb9229577554898eaf40f8825ac34833c2f5a8e36d79
p6_C_cached_tempered_s17,17,training_set_primary_roi_064,0.16666666666666666,5,d80359334653dd3e293eeb9229577554898eaf40f8825ac34833c2f5a8e36d79
p6_C_cached_tempered_s17,17,training_set_primary_roi_067,0.25,6,d80359334653dd3e293eeb9229577554898eaf40f8825ac34833c2f5a8e36d79
p6_C_cached_tempered_s17,17,training_set_primary_roi_068,0.1,6,d80359334653dd3e293eeb9229577554898eaf40f8825ac34833c2f5a8e36d79
p6_C_cached_tempered_s17,17,training_set_primary_roi_075,0.3,3,d80359334653dd3e293eeb9229577554898eaf40f8825ac34833c2f5a8e36d79
p6_C_cached_tempered_s17,17,training_set_primary_roi_082,0.2333333333333333,5,d80359334653dd3e293eeb9229577554898eaf40f8825ac34833c2f5a8e36d79
p6_C_cached_tempered_s17,17,training_set_primary_roi_083,0.1,5,d80359334653dd3e293eeb9229577554898eaf40f8825ac34833c2f5a8e36d79
p6_C_cached_tempered_s17,17,training_set_primary_roi_086,0.2333333333333333,5,d80359334653dd3e293eeb9229577554898eaf40f8825ac34833c2f5a8e36d79
p6_C_cached_tempered_s17,17,training_set_primary_roi_091,0.06666666666666667,2,d80359334653dd3e293eeb9229577554898eaf40f8825ac34833c2f5a8e36d79
p6_C_cached_tempered_s17,17,training_set_primary_roi_096,0.1,3,d80359334653dd3e293eeb9229577554898eaf40f8825ac34833c2f5a8e36d79
p6_C_cached_tempered_s17,17,training_set_primary_roi_098,0.1,3,d80359334653dd3e293eeb9229577554898eaf40f8825ac34833c2f5a8e36d79
p6_C_cached_tempered_s29,29,training_set_metastatic_roi_001,0.1,2,c0eb33fa2aeb9e135abdfde48dec713e469bed5147b4604ac399a0c546d16fea
p6_C_cached_tempered_s29,29,training_set_metastatic_roi_002,0.0,2,c0eb33fa2aeb9e135abdfde48dec713e469bed5147b4604ac399a0c546d16fea
p6_C_cached_tempered_s29,29,training_set_metastatic_roi_015,0.06666666666666667,2,c0eb33fa2aeb9e135abdfde48dec713e469bed5147b4604ac399a0c546d16fea
p6_C_cached_tempered_s29,29,training_set_metastatic_roi_018,0.05,5,c0eb33fa2aeb9e135abdfde48dec713e469bed5147b4604ac399a0c546d16fea
p6_C_cached_tempered_s29,29,training_set_metastatic_roi_020,0.1,3,c0eb33fa2aeb9e135abdfde48dec713e469bed5147b4604ac399a0c546d16fea
p6_C_cached_tempered_s29,29,training_set_metastatic_roi_023,0.05,3,c0eb33fa2aeb9e135abdfde48dec713e469bed5147b4604ac399a0c546d16fea
p6_C_cached_tempered_s29,29,training_set_metastatic_roi_029,0.16666666666666666,3,c0eb33fa2aeb9e135abdfde48dec713e469bed5147b4604ac399a0c546d16fea
p6_C_cached_tempered_s29,29,training_set_metastatic_roi_030,0.16666666666666666,4,c0eb33fa2aeb9e135abdfde48dec713e469bed5147b4604ac399a0c546d16fea
p6_C_cached_tempered_s29,29,training_set_metastatic_roi_031,0.0,2,c0eb33fa2aeb9e135abdfde48dec713e469bed5147b4604ac399a0c546d16fea
p6_C_cached_tempered_s29,29,training_set_metastatic_roi_032,0.06666666666666667,3,c0eb33fa2aeb9e135abdfde48dec713e469bed5147b4604ac399a0c546d16fea
p6_C_cached_tempered_s29,29,training_set_metastatic_roi_035,0.1,1,c0eb33fa2aeb9e135abdfde48dec713e469bed5147b4604ac399a0c546d16fea
p6_C_cached_tempered_s29,29,training_set_metastatic_roi_040,0.06666666666666667,3,c0eb33fa2aeb9e135abdfde48dec713e469bed5147b4604ac399a0c546d16fea
p6_C_cached_tempered_s29,29,training_set_metastatic_roi_046,0.05714285714285715,6,c0eb33fa2aeb9e135abdfde48dec713e469bed5147b4604ac399a0c546d16fea
p6_C_cached_tempered_s29,29,training_set_metastatic_roi_047,0.06666666666666667,3,c0eb33fa2aeb9e135abdfde48dec713e469bed5147b4604ac399a0c546d16fea
p6_C_cached_tempered_s29,29,training_set_metastatic_roi_049,0.06666666666666667,2,c0eb33fa2aeb9e135abdfde48dec713e469bed5147b4604ac399a0c546d16fea
p6_C_cached_tempered_s29,29,training_set_metastatic_roi_056,0.36666666666666664,6,c0eb33fa2aeb9e135abdfde48dec713e469bed5147b4604ac399a0c546d16fea
p6_C_cached_tempered_s29,29,training_set_metastatic_roi_061,0.16666666666666666,6,c0eb33fa2aeb9e135abdfde48dec713e469bed5147b4604ac399a0c546d16fea
p6_C_cached_tempered_s29,29,training_set_metastatic_roi_067,0.16666666666666666,5,c0eb33fa2aeb9e135abdfde48dec713e469bed5147b4604ac399a0c546d16fea
p6_C_cached_tempered_s29,29,training_set_metastatic_roi_076,0.0,3,c0eb33fa2aeb9e135abdfde48dec713e469bed5147b4604ac399a0c546d16fea
p6_C_cached_tempered_s29,29,training_set_metastatic_roi_080,0.2,7,c0eb33fa2aeb9e135abdfde48dec713e469bed5147b4604ac399a0c546d16fea
p6_C_cached_tempered_s29,29,training_set_metastatic_roi_081,0.2,3,c0eb33fa2aeb9e135abdfde48dec713e469bed5147b4604ac399a0c546d16fea
p6_C_cached_tempered_s29,29,training_set_metastatic_roi_085,0.1,2,c0eb33fa2aeb9e135abdfde48dec713e469bed5147b4604ac399a0c546d16fea
p6_C_cached_tempered_s29,29,training_set_metastatic_roi_087,0.2,4,c0eb33fa2aeb9e135abdfde48dec713e469bed5147b4604ac399a0c546d16fea
p6_C_cached_tempered_s29,29,training_set_metastatic_roi_093,0.1,2,c0eb33fa2aeb9e135abdfde48dec713e469bed5147b4604ac399a0c546d16fea
p6_C_cached_tempered_s29,29,training_set_metastatic_roi_097,0.0,1,c0eb33fa2aeb9e135abdfde48dec713e469bed5147b4604ac399a0c546d16fea
p6_C_cached_tempered_s29,29,training_set_metastatic_roi_102,0.1,3,c0eb33fa2aeb9e135abdfde48dec713e469bed5147b4604ac399a0c546d16fea
p6_C_cached_tempered_s29,29,training_set_primary_roi_002,0.0,1,c0eb33fa2aeb9e135abdfde48dec713e469bed5147b4604ac399a0c546d16fea
p6_C_cached_tempered_s29,29,training_set_primary_roi_006,0.16666666666666666,3,c0eb33fa2aeb9e135abdfde48dec713e469bed5147b4604ac399a0c546d16fea
p6_C_cached_tempered_s29,29,training_set_primary_roi_009,0.0,2,c0eb33fa2aeb9e135abdfde48dec713e469bed5147b4604ac399a0c546d16fea
p6_C_cached_tempered_s29,29,training_set_primary_roi_010,0.26666666666666666,6,c0eb33fa2aeb9e135abdfde48dec713e469bed5147b4604ac399a0c546d16fea
p6_C_cached_tempered_s29,29,training_set_primary_roi_012,0.13999999999999999,5,c0eb33fa2aeb9e135abdfde48dec713e469bed5147b4604ac399a0c546d16fea
p6_C_cached_tempered_s29,29,training_set_primary_roi_014,0.36666666666666664,5,c0eb33fa2aeb9e135abdfde48dec713e469bed5147b4604ac399a0c546d16fea
p6_C_cached_tempered_s29,29,training_set_primary_roi_016,0.35,6,c0eb33fa2aeb9e135abdfde48dec713e469bed5147b4604ac399a0c546d16fea
p6_C_cached_tempered_s29,29,training_set_primary_roi_020,0.2,4,c0eb33fa2aeb9e135abdfde48dec713e469bed5147b4604ac399a0c546d16fea
p6_C_cached_tempered_s29,29,training_set_primary_roi_022,0.08,5,c0eb33fa2aeb9e135abdfde48dec713e469bed5147b4604ac399a0c546d16fea
p6_C_cached_tempered_s29,29,training_set_primary_roi_024,0.06666666666666667,3,c0eb33fa2aeb9e135abdfde48dec713e469bed5147b4604ac399a0c546d16fea
p6_C_cached_tempered_s29,29,training_set_primary_roi_029,0.13333333333333333,5,c0eb33fa2aeb9e135abdfde48dec713e469bed5147b4604ac399a0c546d16fea
p6_C_cached_tempered_s29,29,training_set_primary_roi_032,0.27999999999999997,5,c0eb33fa2aeb9e135abdfde48dec713e469bed5147b4604ac399a0c546d16fea
p6_C_cached_tempered_s29,29,training_set_primary_roi_034,0.16666666666666666,6,c0eb33fa2aeb9e135abdfde48dec713e469bed5147b4604ac399a0c546d16fea
p6_C_cached_tempered_s29,29,training_set_primary_roi_036,0.16666666666666666,4,c0eb33fa2aeb9e135abdfde48dec713e469bed5147b4604ac399a0c546d16fea
p6_C_cached_tempered_s29,29,training_set_primary_roi_037,0.2,4,c0eb33fa2aeb9e135abdfde48dec713e469bed5147b4604ac399a0c546d16fea
p6_C_cached_tempered_s29,29,training_set_primary_roi_040,0.31666666666666665,7,c0eb33fa2aeb9e135abdfde48dec713e469bed5147b4604ac399a0c546d16fea
p6_C_cached_tempered_s29,29,training_set_primary_roi_052,0.21666666666666665,9,c0eb33fa2aeb9e135abdfde48dec713e469bed5147b4604ac399a0c546d16fea
p6_C_cached_tempered_s29,29,training_set_primary_roi_057,0.27999999999999997,6,c0eb33fa2aeb9e135abdfde48dec713e469bed5147b4604ac399a0c546d16fea
p6_C_cached_tempered_s29,29,training_set_primary_roi_058,0.13333333333333333,7,c0eb33fa2aeb9e135abdfde48dec713e469bed5147b4604ac399a0c546d16fea
p6_C_cached_tempered_s29,29,training_set_primary_roi_062,0.1,3,c0eb33fa2aeb9e135abdfde48dec713e469bed5147b4604ac399a0c546d16fea
p6_C_cached_tempered_s29,29,training_set_primary_roi_064,0.3,5,c0eb33fa2aeb9e135abdfde48dec713e469bed5147b4604ac399a0c546d16fea
p6_C_cached_tempered_s29,29,training_set_primary_roi_067,0.2333333333333333,6,c0eb33fa2aeb9e135abdfde48dec713e469bed5147b4604ac399a0c546d16fea
p6_C_cached_tempered_s29,29,training_set_primary_roi_068,0.06666666666666667,6,c0eb33fa2aeb9e135abdfde48dec713e469bed5147b4604ac399a0c546d16fea
p6_C_cached_tempered_s29,29,training_set_primary_roi_075,0.3,3,c0eb33fa2aeb9e135abdfde48dec713e469bed5147b4604ac399a0c546d16fea
p6_C_cached_tempered_s29,29,training_set_primary_roi_082,0.3333333333333333,5,c0eb33fa2aeb9e135abdfde48dec713e469bed5147b4604ac399a0c546d16fea
p6_C_cached_tempered_s29,29,training_set_primary_roi_083,0.2,5,c0eb33fa2aeb9e135abdfde48dec713e469bed5147b4604ac399a0c546d16fea
p6_C_cached_tempered_s29,29,training_set_primary_roi_086,0.26666666666666666,5,c0eb33fa2aeb9e135abdfde48dec713e469bed5147b4604ac399a0c546d16fea
p6_C_cached_tempered_s29,29,training_set_primary_roi_091,0.06666666666666667,2,c0eb33fa2aeb9e135abdfde48dec713e469bed5147b4604ac399a0c546d16fea
p6_C_cached_tempered_s29,29,training_set_primary_roi_096,0.1,3,c0eb33fa2aeb9e135abdfde48dec713e469bed5147b4604ac399a0c546d16fea
p6_C_cached_tempered_s29,29,training_set_primary_roi_098,0.1,3,c0eb33fa2aeb9e135abdfde48dec713e469bed5147b4604ac399a0c546d16fea
p6_C_cached_tempered_s43,43,training_set_metastatic_roi_001,0.1,2,f0a11a37eeb450b630b98a83ee8827e239db7e8e63f4a7a153e12c47501d8e21
p6_C_cached_tempered_s43,43,training_set_metastatic_roi_002,0.0,2,f0a11a37eeb450b630b98a83ee8827e239db7e8e63f4a7a153e12c47501d8e21
p6_C_cached_tempered_s43,43,training_set_metastatic_roi_015,0.06666666666666667,2,f0a11a37eeb450b630b98a83ee8827e239db7e8e63f4a7a153e12c47501d8e21
p6_C_cached_tempered_s43,43,training_set_metastatic_roi_018,0.14666666666666667,5,f0a11a37eeb450b630b98a83ee8827e239db7e8e63f4a7a153e12c47501d8e21
p6_C_cached_tempered_s43,43,training_set_metastatic_roi_020,0.2,3,f0a11a37eeb450b630b98a83ee8827e239db7e8e63f4a7a153e12c47501d8e21
p6_C_cached_tempered_s43,43,training_set_metastatic_roi_023,0.05,3,f0a11a37eeb450b630b98a83ee8827e239db7e8e63f4a7a153e12c47501d8e21
p6_C_cached_tempered_s43,43,training_set_metastatic_roi_029,0.16666666666666666,3,f0a11a37eeb450b630b98a83ee8827e239db7e8e63f4a7a153e12c47501d8e21
p6_C_cached_tempered_s43,43,training_set_metastatic_roi_030,0.06666666666666667,4,f0a11a37eeb450b630b98a83ee8827e239db7e8e63f4a7a153e12c47501d8e21
p6_C_cached_tempered_s43,43,training_set_metastatic_roi_031,0.0,2,f0a11a37eeb450b630b98a83ee8827e239db7e8e63f4a7a153e12c47501d8e21
p6_C_cached_tempered_s43,43,training_set_metastatic_roi_032,0.06666666666666667,3,f0a11a37eeb450b630b98a83ee8827e239db7e8e63f4a7a153e12c47501d8e21
p6_C_cached_tempered_s43,43,training_set_metastatic_roi_035,0.1,1,f0a11a37eeb450b630b98a83ee8827e239db7e8e63f4a7a153e12c47501d8e21
p6_C_cached_tempered_s43,43,training_set_metastatic_roi_040,0.06666666666666667,3,f0a11a37eeb450b630b98a83ee8827e239db7e8e63f4a7a153e12c47501d8e21
p6_C_cached_tempered_s43,43,training_set_metastatic_roi_046,0.05714285714285715,6,f0a11a37eeb450b630b98a83ee8827e239db7e8e63f4a7a153e12c47501d8e21
p6_C_cached_tempered_s43,43,training_set_metastatic_roi_047,0.06666666666666667,3,f0a11a37eeb450b630b98a83ee8827e239db7e8e63f4a7a153e12c47501d8e21
p6_C_cached_tempered_s43,43,training_set_metastatic_roi_049,0.06666666666666667,2,f0a11a37eeb450b630b98a83ee8827e239db7e8e63f4a7a153e12c47501d8e21
p6_C_cached_tempered_s43,43,training_set_metastatic_roi_056,0.18,6,f0a11a37eeb450b630b98a83ee8827e239db7e8e63f4a7a153e12c47501d8e21
p6_C_cached_tempered_s43,43,training_set_metastatic_roi_061,0.24,6,f0a11a37eeb450b630b98a83ee8827e239db7e8e63f4a7a153e12c47501d8e21
p6_C_cached_tempered_s43,43,training_set_metastatic_roi_067,0.06666666666666667,5,f0a11a37eeb450b630b98a83ee8827e239db7e8e63f4a7a153e12c47501d8e21
p6_C_cached_tempered_s43,43,training_set_metastatic_roi_076,0.0,3,f0a11a37eeb450b630b98a83ee8827e239db7e8e63f4a7a153e12c47501d8e21
p6_C_cached_tempered_s43,43,training_set_metastatic_roi_080,0.11666666666666665,7,f0a11a37eeb450b630b98a83ee8827e239db7e8e63f4a7a153e12c47501d8e21
p6_C_cached_tempered_s43,43,training_set_metastatic_roi_081,0.2,3,f0a11a37eeb450b630b98a83ee8827e239db7e8e63f4a7a153e12c47501d8e21
p6_C_cached_tempered_s43,43,training_set_metastatic_roi_085,0.2,2,f0a11a37eeb450b630b98a83ee8827e239db7e8e63f4a7a153e12c47501d8e21
p6_C_cached_tempered_s43,43,training_set_metastatic_roi_087,0.2,4,f0a11a37eeb450b630b98a83ee8827e239db7e8e63f4a7a153e12c47501d8e21
p6_C_cached_tempered_s43,43,training_set_metastatic_roi_093,0.1,2,f0a11a37eeb450b630b98a83ee8827e239db7e8e63f4a7a153e12c47501d8e21
p6_C_cached_tempered_s43,43,training_set_metastatic_roi_097,0.1,1,f0a11a37eeb450b630b98a83ee8827e239db7e8e63f4a7a153e12c47501d8e21
p6_C_cached_tempered_s43,43,training_set_metastatic_roi_102,0.1,3,f0a11a37eeb450b630b98a83ee8827e239db7e8e63f4a7a153e12c47501d8e21
p6_C_cached_tempered_s43,43,training_set_primary_roi_002,0.0,1,f0a11a37eeb450b630b98a83ee8827e239db7e8e63f4a7a153e12c47501d8e21
p6_C_cached_tempered_s43,43,training_set_primary_roi_006,0.16666666666666666,3,f0a11a37eeb450b630b98a83ee8827e239db7e8e63f4a7a153e12c47501d8e21
p6_C_cached_tempered_s43,43,training_set_primary_roi_009,0.0,2,f0a11a37eeb450b630b98a83ee8827e239db7e8e63f4a7a153e12c47501d8e21
p6_C_cached_tempered_s43,43,training_set_primary_roi_010,0.15,6,f0a11a37eeb450b630b98a83ee8827e239db7e8e63f4a7a153e12c47501d8e21
p6_C_cached_tempered_s43,43,training_set_primary_roi_012,0.04,5,f0a11a37eeb450b630b98a83ee8827e239db7e8e63f4a7a153e12c47501d8e21
p6_C_cached_tempered_s43,43,training_set_primary_roi_014,0.25,5,f0a11a37eeb450b630b98a83ee8827e239db7e8e63f4a7a153e12c47501d8e21
p6_C_cached_tempered_s43,43,training_set_primary_roi_016,0.35,6,f0a11a37eeb450b630b98a83ee8827e239db7e8e63f4a7a153e12c47501d8e21
p6_C_cached_tempered_s43,43,training_set_primary_roi_020,0.26666666666666666,4,f0a11a37eeb450b630b98a83ee8827e239db7e8e63f4a7a153e12c47501d8e21
p6_C_cached_tempered_s43,43,training_set_primary_roi_022,0.16666666666666666,5,f0a11a37eeb450b630b98a83ee8827e239db7e8e63f4a7a153e12c47501d8e21
p6_C_cached_tempered_s43,43,training_set_primary_roi_024,0.06666666666666667,3,f0a11a37eeb450b630b98a83ee8827e239db7e8e63f4a7a153e12c47501d8e21
p6_C_cached_tempered_s43,43,training_set_primary_roi_029,0.16666666666666666,5,f0a11a37eeb450b630b98a83ee8827e239db7e8e63f4a7a153e12c47501d8e21
p6_C_cached_tempered_s43,43,training_set_primary_roi_032,0.27999999999999997,5,f0a11a37eeb450b630b98a83ee8827e239db7e8e63f4a7a153e12c47501d8e21
p6_C_cached_tempered_s43,43,training_set_primary_roi_034,0.2,6,f0a11a37eeb450b630b98a83ee8827e239db7e8e63f4a7a153e12c47501d8e21
p6_C_cached_tempered_s43,43,training_set_primary_roi_036,0.16666666666666666,4,f0a11a37eeb450b630b98a83ee8827e239db7e8e63f4a7a153e12c47501d8e21
p6_C_cached_tempered_s43,43,training_set_primary_roi_037,0.2,4,f0a11a37eeb450b630b98a83ee8827e239db7e8e63f4a7a153e12c47501d8e21
p6_C_cached_tempered_s43,43,training_set_primary_roi_040,0.2833333333333333,7,f0a11a37eeb450b630b98a83ee8827e239db7e8e63f4a7a153e12c47501d8e21
p6_C_cached_tempered_s43,43,training_set_primary_roi_052,0.13333333333333333,9,f0a11a37eeb450b630b98a83ee8827e239db7e8e63f4a7a153e12c47501d8e21
p6_C_cached_tempered_s43,43,training_set_primary_roi_057,0.21666666666666665,6,f0a11a37eeb450b630b98a83ee8827e239db7e8e63f4a7a153e12c47501d8e21
p6_C_cached_tempered_s43,43,training_set_primary_roi_058,0.13333333333333333,7,f0a11a37eeb450b630b98a83ee8827e239db7e8e63f4a7a153e12c47501d8e21
p6_C_cached_tempered_s43,43,training_set_primary_roi_062,0.2,3,f0a11a37eeb450b630b98a83ee8827e239db7e8e63f4a7a153e12c47501d8e21
p6_C_cached_tempered_s43,43,training_set_primary_roi_064,0.3,5,f0a11a37eeb450b630b98a83ee8827e239db7e8e63f4a7a153e12c47501d8e21
p6_C_cached_tempered_s43,43,training_set_primary_roi_067,0.3,6,f0a11a37eeb450b630b98a83ee8827e239db7e8e63f4a7a153e12c47501d8e21
p6_C_cached_tempered_s43,43,training_set_primary_roi_068,0.06666666666666667,6,f0a11a37eeb450b630b98a83ee8827e239db7e8e63f4a7a153e12c47501d8e21
p6_C_cached_tempered_s43,43,training_set_primary_roi_075,0.2,3,f0a11a37eeb450b630b98a83ee8827e239db7e8e63f4a7a153e12c47501d8e21
p6_C_cached_tempered_s43,43,training_set_primary_roi_082,0.26666666666666666,5,f0a11a37eeb450b630b98a83ee8827e239db7e8e63f4a7a153e12c47501d8e21
p6_C_cached_tempered_s43,43,training_set_primary_roi_083,0.1,5,f0a11a37eeb450b630b98a83ee8827e239db7e8e63f4a7a153e12c47501d8e21
p6_C_cached_tempered_s43,43,training_set_primary_roi_086,0.06666666666666667,5,f0a11a37eeb450b630b98a83ee8827e239db7e8e63f4a7a153e12c47501d8e21
p6_C_cached_tempered_s43,43,training_set_primary_roi_091,0.06666666666666667,2,f0a11a37eeb450b630b98a83ee8827e239db7e8e63f4a7a153e12c47501d8e21
p6_C_cached_tempered_s43,43,training_set_primary_roi_096,0.1,3,f0a11a37eeb450b630b98a83ee8827e239db7e8e63f4a7a153e12c47501d8e21
p6_C_cached_tempered_s43,43,training_set_primary_roi_098,0.06666666666666667,3,f0a11a37eeb450b630b98a83ee8827e239db7e8e63f4a7a153e12c47501d8e21
